time,l_q0,l_q1,l_q2,l_q3,l_q4,l_q5,l_q6,r_q0,r_q1,r_q2,r_q3,r_q4,r_q5,r_q6,l_pose,l_real_pose,r_pose,r_real_pose
0.0,3.4583091918850464,-2.4703863614661707,16.676818688840328,-49.130489850912596,-15.64325568061378,41.785109757089536,7.086782728544028,3.4522437704586633,2.4905909148047147,-16.72316664500074,-49.13047277543967,15.639044868990469,41.80049475819499,-7.053134655371607,"[[1.0, 0.0, 0.0, 0.2], [0.0, 1.0, 0.0, 0.33], [0.0, 0.0, 1.0, -0.55], [0.0, 0.0, 0.0, 1.0]]","[[0.9930487924155205, -0.04276468627276878, -0.10965982623581294, 0.2109658463545639], [0.03894406347846369, 0.9985653759366427, -0.036749828575071, 0.3336748869362769], [0.1110741004999024, 0.03222377365398685, 0.9932895713786764, -0.5493292906819186], [0.0, 0.0, 0.0, 1.0]]","[[1.0, 0.0, 0.0, 0.2], [0.0, 1.0, 0.0, -0.33], [0.0, 0.0, 1.0, -0.55], [0.0, 0.0, 0.0, 1.0]]","[[0.9930527069134796, 0.042915116980970974, -0.10956556952948594, 0.2109564216571568], [-0.0391142483793631, 0.9985639333397216, 0.03660801287726181, -0.33366071037729506], [0.11097926322303879, -0.03206811138208566, 0.9933052095740049, -0.5493308424062611], [0.0, 0.0, 0.0, 1.0]]"
0.008333333333333333,3.7591038927432376,-2.557878523413095,16.770383742733042,-49.8583045635854,-15.64325568061378,41.785109757089536,7.086782728544028,3.756882373715691,2.57441355762005,-16.80704819819767,-49.86492301689114,15.639044868990469,41.80049475819499,-7.053134655371607,"[[0.9999785816641292, -0.0, -0.006544937967351858, 0.2004166666666667], [0.0, 1.0, -0.0, 0.33006250000000004], [0.006544937967351858, 0.0, 0.9999785816641292, -0.5479166666666667], [0.0, 0.0, 0.0, 1.0]]","[[0.9921492091903815, -0.043241656553686544, -0.11734609427413463, 0.21150333664670756], [0.039049528293276056, 0.9985223391690212, -0.037792492911941526, 0.3338154018721215], [0.11880690654576319, 0.03291348232745262, 0.9923717154565154, -0.5475696786114309], [0.0, 0.0, 0.0, 1.0]]","[[0.9999785816641292, -0.0, -0.006544937967351858, 0.2004166666666667], [0.0, 1.0, -0.0, -0.33006250000000004], [0.006544937967351858, 0.0, 0.9999785816641292, -0.5479166666666667], [0.0, 0.0, 0.0, 1.0]]","[[0.9922535523612643, 0.043166273649806346, -0.11648845713478176, 0.21143157086263592], [-0.03902389546996791, 0.9985301999189572, 0.037610841949584646, -0.3337909546378326], [0.11794076228683989, -0.03277365815708786, 0.9924796541603267, -0.5477378254200469], [0.0, 0.0, 0.0, 1.0]]"
0.016666666666666666,4.08892092115846,-2.664029694955437,16.89915329915529,-50.676670509179644,-15.64325568061378,41.785109757089536,7.086782728544028,4.085808062444227,2.677693274946636,-16.929327367361115,-50.67943332069892,15.639044868990469,41.80049475819499,-7.053134655371607,"[[0.9999143275740071, -0.0, -0.01308959557134444, 0.20083333333333334], [0.0, 1.0, -0.0, 0.330125], [0.01308959557134444, 0.0, 0.9999143275740071, -0.5458333333333334], [0.0, 0.0, 0.0, 1.0]]","[[0.9910014711700005, -0.04418932408137186, -0.12634630099898497, 0.21216876979687088], [0.03955789000707984, 0.9984584365823912, -0.03893486555306033, 0.33398541362232276], [0.12787203555540355, 0.03358651596516972, 0.9912218159767464, -0.5454921964540017], [0.0, 0.0, 0.0, 1.0]]","[[0.9999143275740071, -0.0, -0.01308959557134444, 0.20083333333333334], [0.0, 1.0, -0.0, -0.330125], [0.01308959557134444, 0.0, 0.9999143275740071, -0.5458333333333334], [0.0, 0.0, 0.0, 1.0]]","[[0.9912062278409003, 0.04400603564038173, -0.12479456204751392, 0.21204535321459567], [-0.03945927442233181, 0.9984724060023311, 0.038675833720544756, -0.33394860059691145], [0.12630589674071618, -0.03341142438049549, 0.9914285133933712, -0.5458229399372316], [0.0, 0.0, 0.0, 1.0]]"
0.025,4.444607291055105,-2.780961252885586,17.043046601947243,-51.56763112036737,-15.64325568061378,41.785109757089536,7.086782728544028,4.458584846304713,2.8009609005490295,-17.081208576387397,-51.61431204824983,15.639044868990469,41.80049475819499,-7.053134655371607,"[[0.9998072404820648, -0.0, -0.0196336924606283, 0.20125], [0.0, 1.0, -0.0, 0.3301875], [0.0196336924606283, 0.0, 0.9998072404820648, -0.5437500000000001], [0.0, 0.0, 0.0, 1.0]]","[[0.989791180998937, -0.045165147411841154, -0.13517961190947533, 0.21282161130562804], [0.04008233287640898, 0.9983917994009072, -0.040090166876726195, 0.3341575953480198], [0.13677289427337, 0.03426257941669992, 0.9900097227016512, -0.5434179261154003], [0.0, 0.0, 0.0, 1.0]]","[[0.9998072404820648, -0.0, -0.0196336924606283, 0.20125], [0.0, 1.0, -0.0, -0.3301875], [0.0196336924606283, 0.0, 0.9998072404820648, -0.5437500000000001], [0.0, 0.0, 0.0, 1.0]]","[[0.9899557431323812, 0.04503207300687979, -0.1340139509152618, 0.21272880877296194], [-0.04001798342466218, 0.9984029040034591, 0.03987734043392934, -0.3341283533089614], [0.13559567707651526, -0.03411383411701303, 0.9901767815294391, -0.5436637635236404], [0.0, 0.0, 0.0, 1.0]]"
0.03333333333333333,4.808909944589721,-2.904426313643675,17.196906858285534,-52.48821426198545,-15.64325568061378,41.785109757089536,7.086782728544028,4.805240852344955,2.9167945055700986,-17.223285048860124,-52.48862407333565,15.639044868990469,41.80049475819499,-7.053134655371607,"[[0.9996573249755573, -0.0, -0.02617694830787315, 0.2016666666666667], [0.0, 0.9999999999999999, -0.0, 0.33025], [0.02617694830787315, 0.0, 0.9996573249755573, -0.5416666666666667], [0.0, 0.0, 0.0, 1.0]]","[[0.988313567485188, -0.04652792441268902, -0.14516006535734308, 0.21356713496326338], [0.040921898553456224, 0.9983054843087823, -0.04137098279940158, 0.33435430444669], [0.1468389953094261, 0.03494727813227865, 0.9885428656399599, -0.5410441131993097], [0.0, 0.0, 0.0, 1.0]]","[[0.9996573249755573, -0.0, -0.02617694830787315, 0.2016666666666667], [0.0, 0.9999999999999999, -0.0, -0.33025], [0.02617694830787315, 0.0, 0.9996573249755573, -0.5416666666666667], [0.0, 0.0, 0.0, 1.0]]","[[0.9885519600317592, 0.046122074216572, -0.14365854164416528, 0.21344189900874352], [-0.04059274554962992, 0.9983265332355821, 0.041186915963292735, -0.3343236116352444], [0.1453177598441097, -0.03488391187618387, 0.9887698728046402, -0.5413623148598744], [0.0, 0.0, 0.0, 1.0]]"
0.041666666666666664,5.1476198793043,-3.0217008751362053,17.343399048056675,-53.35012266353853,-15.64325568061378,41.785109757089536,7.086782728544028,5.146054058437074,3.0427184344293927,-17.386810022873984,-53.36307953239404,15.639044868990469,41.80049475819499,-7.053134655371607,"[[0.9994645874763657, -0.0, -0.03271908282177614, 0.20208333333333334], [0.0, 1.0, -0.0, 0.3303125], [0.03271908282177614, 0.0, 0.9994645874763657, -0.5395833333333334], [0.0, 0.0, 0.0, 1.0]]","[[0.9870433489431782, -0.04740011971427478, -0.1532927133235882, 0.2141572969139378], [0.04133151748031477, 0.9982395872604642, -0.04253741986571951, 0.33452363390781537], [0.1550391336721468, 0.03565045689932309, 0.9872648641337641, -0.539061270216011], [0.0, 0.0, 0.0, 1.0]]","[[0.9994645874763657, -0.0, -0.03271908282177614, 0.20208333333333334], [0.0, 1.0, -0.0, -0.3303125], [0.03271908282177614, 0.0, 0.9994645874763657, -0.5395833333333334], [0.0, 0.0, 0.0, 1.0]]","[[0.9871236755671555, 0.04739549341351146, -0.1527760332607148, 0.21411769663375357], [-0.041367392948329515, 0.9982439948316497, 0.042398886579814145, -0.3345074851081793], [0.1545172739063427, -0.035532998559638033, 0.9873509092910753, -0.5391601294066921], [0.0, 0.0, 0.0, 1.0]]"
0.05,5.478338492689963,-3.1433316032153233,17.49961401211133,-54.20212046060592,-15.64325568061378,41.785109757089536,7.086782728544028,5.474105482951848,3.1530509624042513,-17.5197101361968,-54.19886246037182,15.639044868990469,41.80049475819499,-7.053134655371607,"[[0.9992290362407229, -0.0, -0.0392598157590686, 0.2025], [0.0, 0.9999999999999999, -0.0, 0.33037500000000003], [0.0392598157590686, 0.0, 0.9992290362407229, -0.5375000000000001], [0.0, 0.0, 0.0, 1.0]]","[[0.9855435779269744, -0.048735767484469845, -0.16226115054010126, 0.21481810045064664], [0.04215554533813607, 0.9981525344985278, -0.043754175474002344, 0.3347076540415253], [0.16409377198462488, 0.03628143935768158, 0.9857773030223372, -0.5368599796569357], [0.0, 0.0, 0.0, 1.0]]","[[0.9992290362407229, -0.0, -0.0392598157590686, 0.2025], [0.0, 0.9999999999999999, -0.0, -0.33037500000000003], [0.0392598157590686, 0.0, 0.9992290362407229, -0.5375000000000001], [0.0, 0.0, 0.0, 1.0]]","[[0.9858665832567577, 0.048362041517308225, -0.16040010273663938, 0.21467253217211], [-0.041890932237144275, 0.9981754556630034, 0.043484589319188645, -0.33466704911936057], [0.16221044915155527, -0.036150693661860266, 0.9860937569692939, -0.5372827408388838], [0.0, 0.0, 0.0, 1.0]]"
0.058333333333333334,5.800607308298675,-3.2572948036208667,17.640754748667764,-55.031967954194954,-15.64325568061378,41.785109757089536,7.086782728544028,5.810383016548256,3.2741468012939925,-17.67125666595375,-55.06741663598732,15.639044868990469,41.80049475819499,-7.053134655371607,"[[0.9989506813588601, -0.0, -0.04579886693652077, 0.2029166666666667], [0.0, 1.0, -0.0, 0.3304375], [0.04579886693652077, 0.0, 0.9989506813588601, -0.5354166666666668], [0.0, 0.0, 0.0, 1.0]]","[[0.9839279259103285, -0.050015221786605994, -0.1714185351805223, 0.21548800120461203], [0.042879792922375405, 0.9980626420593319, -0.04508088158499379, 0.3349051369129895], [0.17334116641102182, 0.037005947024534344, 0.9841663476831973, -0.5345678516255044], [0.0, 0.0, 0.0, 1.0]]","[[0.9989506813588601, -0.0, -0.04579886693652077, 0.2029166666666667], [0.0, 1.0, -0.0, -0.3304375], [0.04579886693652077, 0.0, 0.9989506813588601, -0.5354166666666668], [0.0, 0.0, 0.0, 1.0]]","[[0.9841314994335388, 0.049723831365991795, -0.1703312432203233, 0.2153976576006656], [-0.04265284415421295, 0.9980793449368827, 0.04492611819331461, -0.33488084537278145], [0.1722379943805981, -0.0369480960896453, 0.9843621851163825, -0.5348016203979846], [0.0, 0.0, 0.0, 1.0]]"
0.06666666666666667,6.115284795531741,-3.3706296266227693,17.781424202171472,-55.84798089962013,-15.64325568061378,41.785109757089536,7.086782728544028,6.138514695785777,3.3982658526651104,-17.829769988664115,-55.92523716932215,15.639044868990469,41.80049475819499,-7.053134655371607,"[[0.9986295347545738, -0.0, -0.05233595624294383, 0.20333333333333334], [0.0, 0.9999999999999999, -0.0, 0.3305], [0.05233595624294383, 0.0, 0.9986295347545738, -0.5333333333333333], [0.0, 0.0, 0.0, 1.0]]","[[0.9824313031077003, -0.051011133184340224, -0.17951768426914286, 0.21606776342299067], [0.04335102500230402, 0.9979845970764434, -0.046340399538835106, 0.3350864872669327], [0.18151976009612772, 0.03774398348636192, 0.9826626930972936, -0.5324991479710233], [0.0, 0.0, 0.0, 1.0]]","[[0.9986295347545738, -0.0, -0.05233595624294383, 0.20333333333333334], [0.0, 0.9999999999999999, -0.0, -0.3305], [0.05233595624294383, 0.0, 0.9986295347545738, -0.5333333333333333], [0.0, 0.0, 0.0, 1.0]]","[[0.9823571764753727, 0.051155674244657987, -0.17988183571419272, 0.216095254354201], [-0.043484077783958575, 0.9979789138311769, 0.04633813254354394, -0.33509130245301105], [0.18188873743751158, -0.0376986013125002, 0.9825962052910998, -0.5323787579743104], [0.0, 0.0, 0.0, 1.0]]"
0.075,6.408603854343354,-3.4788949551566413,17.91669951377816,-56.61487795472375,-15.64325568061378,41.785109757089536,7.086782728544028,6.42086190946941,3.502175014612395,-17.958367082809822,-56.662617561927554,15.639044868990469,41.80049475819499,-7.053134655371607,"[[0.9982656101847157, -0.0, -0.058870803651189026, 0.20375000000000001], [0.0, 0.9999999999999999, -0.0, 0.33056250000000004], [0.058870803651189026, 0.0, 0.9982656101847157, -0.53125], [0.0, 0.0, 0.0, 1.0]]","[[0.9807679276261012, -0.05223140680441009, -0.18805890641826847, 0.21668512627305203], [0.044003638039227105, 0.9978935942353794, -0.04766607203566299, 0.3352808825241593], [0.1901524440529638, 0.038474078640411274, 0.9810004043288953, -0.5302938826647352], [0.0, 0.0, 0.0, 1.0]]","[[0.9982656101847157, -0.0, -0.058870803651189026, 0.20375000000000001], [0.0, 0.9999999999999999, -0.0, -0.33056250000000004], [0.058870803651189026, 0.0, 0.9982656101847157, -0.53125], [0.0, 0.0, 0.0, 1.0]]","[[0.9808867790845344, 0.05213445871148524, -0.18746499628471577, 0.21663695780318384], [-0.043951365763202535, 0.9979014914242351, 0.04754882607211865, -0.33526527152970165], [0.189550531691993, -0.03840067223562424, 0.981119760430466, -0.5304144882450669], [0.0, 0.0, 0.0, 1.0]]"
0.08333333333333333,6.725755577603256,-3.602205482884759,18.074147326978,-57.4546770339335,-15.64325568061378,41.785109757089536,7.086782728544028,6.721533666922542,3.615477821102563,-18.09982883825725,-57.45497073206781,15.639044868990469,41.80049475819499,-7.053134655371607,"[[0.9978589232386036, -0.0, -0.06540312923014306, 0.2041666666666667], [0.0, 1.0, -0.0, 0.330625], [0.06540312923014306, 0.0, 0.9978589232386036, -0.5291666666666667], [0.0, 0.0, 0.0, 1.0]]","[[0.9788548526641605, -0.053868182043232536, -0.1973357453153937, 0.21736094227623542], [0.04501690619942334, 0.9977802617766133, -0.04907165541558151, 0.33549156207889885], [0.19954111248576592, 0.03915058329514912, 0.9791070300307279, -0.5278789087082485], [0.0, 0.0, 0.0, 1.0]]","[[0.9978589232386036, -0.0, -0.06540312923014306, 0.2041666666666667], [0.0, 1.0, -0.0, -0.330625], [0.06540312923014306, 0.0, 0.9978589232386036, -0.5291666666666667], [0.0, 0.0, 0.0, 1.0]]","[[0.9792772411967994, 0.05336856580763499, -0.19536601817517263, 0.21720475312268522], [-0.04464537853585149, 0.9978108609109507, 0.048788072554036575, -0.3354464203614967], [0.19754208424884123, -0.03905485925955359, 0.9795161269314765, -0.5283519765200398], [0.0, 0.0, 0.0, 1.0]]"
0.09166666666666666,7.021409280450544,-3.71652748166514,18.218406044890546,-58.24115282629296,-15.64325568061378,41.785109757089536,7.086782728544028,7.016437329621597,3.727804977758477,-18.239914310586915,-58.23748501470866,15.639044868990469,41.80049475819499,-7.053134655371607,"[[0.997409491337352, -0.0, -0.07193265315671939, 0.20458333333333334], [0.0, 1.0, -0.0, 0.3306875], [0.07193265315671939, 0.0, 0.997409491337352, -0.5270833333333333], [0.0, 0.0, 0.0, 1.0]]","[[0.9771736173860578, -0.05493480890754246, -0.205216686102612, 0.21792007608339986], [0.0455023810373851, 0.9976916896941468, -0.05040660309093197, 0.33568252029275464], [0.20751205941962703, 0.039918154836238735, 0.9774176620615648, -0.5257746804420009], [0.0, 0.0, 0.0, 1.0]]","[[0.997409491337352, -0.0, -0.07193265315671939, 0.20458333333333334], [0.0, 1.0, -0.0, -0.3306875], [0.07193265315671939, 0.0, 0.997409491337352, -0.5270833333333333], [0.0, 0.0, 0.0, 1.0]]","[[0.9774105737600605, 0.05466358482440831, -0.20415793591279846, 0.21783329908689722], [-0.04530430357022662, 0.997708971739846, 0.05024268889934475, -0.33565706835726344], [0.2064366497985432, -0.03985850227949248, 0.9776477941549245, -0.5260168117802883], [0.0, 0.0, 0.0, 1.0]]"
0.1,7.309106666688413,-3.827418591048059,18.356742988792693,-59.00931005129844,-15.64325568061378,41.785109757089536,7.086782728544028,7.304600449383496,3.841057198160105,-18.38235790572753,-59.009289560730934,15.639044868990469,41.80049475819499,-7.053134655371607,"[[0.996917333733128, -0.0, -0.07845909572784494, 0.20500000000000002], [0.0, 0.9999999999999999, -0.0, 0.33075], [0.07845909572784494, 0.0, 0.996917333733128, -0.525], [0.0, 0.0, 0.0, 1.0]]","[[0.9754525357944371, -0.05609176555127023, -0.2129461534039628, 0.21846494175559045], [0.04607360520846401, 0.9975980422112449, -0.051723970065976135, 0.3358706572013138], [0.21533595453453033, 0.040643080759616784, 0.9756938898399796, -0.5236889691934654], [0.0, 0.0, 0.0, 1.0]]","[[0.996917333733128, -0.0, -0.07845909572784494, 0.20500000000000002], [0.0, 0.9999999999999999, -0.0, -0.33075], [0.07845909572784494, 0.0, 0.996917333733128, -0.525], [0.0, 0.0, 0.0, 1.0]]","[[0.9754883074847137, 0.056034975704001455, -0.21279718855863838, 0.2184498294893862], [-0.04602801467346122, 0.9976015899160344, 0.05169612811632886, -0.33586777430552256], [0.21518360491874927, -0.04063433640226226, 0.9757278651751827, -0.5236924882768462], [0.0, 0.0, 0.0, 1.0]]"
0.10833333333333334,7.590417399165497,-3.942242608732436,18.50296026344974,-59.7704116908913,-15.64325568061378,41.785109757089536,7.086782728544028,7.586452474352304,3.96049970438388,-18.536580162091834,-59.77601927619988,15.639044868990469,41.80049475819499,-7.053134655371607,"[[0.9963824715083255, -0.0, -0.08498217737244167, 0.2054166666666667], [0.0, 1.0, -0.0, 0.3308125], [0.08498217737244167, 0.0, 0.9963824715083255, -0.5229166666666667], [0.0, 0.0, 0.0, 1.0]]","[[0.9734493982231956, -0.057662776231182246, -0.22152036776831854, 0.21907724442101054], [0.046989757756531324, 0.9974799834498492, -0.053156799027700756, 0.33608016686123376], [0.22402730138284707, 0.041336265605415624, 0.9737058495156111, -0.5213604673259509], [0.0, 0.0, 0.0, 1.0]]","[[0.9963824715083255, -0.0, -0.08498217737244167, 0.2054166666666667], [0.0, 1.0, -0.0, -0.3308125], [0.08498217737244167, 0.0, 0.9963824715083255, -0.5229166666666667], [0.0, 0.0, 0.0, 1.0]]","[[0.973679129524457, 0.05748419900319007, -0.22055502622578702, 0.21900056007698945], [-0.04688843138739332, 0.9974939533218625, 0.05298384742873791, -0.33605494716057477], [0.22304803906451556, -0.04124778722893761, 0.9739343880971607, -0.5215890972538906], [0.0, 0.0, 0.0, 1.0]]"
0.11666666666666667,7.865688536868997,-4.056607723081952,18.64872333052698,-60.52124072597246,-15.64325568061378,41.785109757089536,7.086782728544028,7.872275400549827,4.077104693894338,-18.683343851882483,-60.55328114336899,15.639044868990469,41.80049475819499,-7.053134655371607,"[[0.9958049275746617, -0.0, -0.0915016186634024, 0.20583333333333334], [0.0, 1.0, -0.0, 0.33087500000000003], [0.0915016186634024, 0.0, 0.9958049275746617, -0.5208333333333334], [0.0, 0.0, 0.0, 1.0]]","[[0.9715355513367483, -0.058945139671192956, -0.2294431149499677, 0.21963439599469942], [0.047624179857150145, 0.997373334979628, -0.0545744277528282, 0.33628256098808607], [0.23205734201212927, 0.042093956582369446, 0.9717908668214099, -0.5191665096747596], [0.0, 0.0, 0.0, 1.0]]","[[0.9958049275746617, -0.0, -0.0915016186634024, 0.20583333333333334], [0.0, 1.0, -0.0, -0.33087500000000003], [0.0915016186634024, 0.0, 0.9958049275746617, -0.5208333333333334], [0.0, 0.0, 0.0, 1.0]]","[[0.9717140639705577, 0.05867360585635724, -0.22875573404318386, 0.21957276970077885], [-0.04739662573319958, 0.9973889016001507, 0.054487969625891114, -0.3362671243419479], [0.23135543596581, -0.04210447649191083, 0.971957753870204, -0.519311674844769], [0.0, 0.0, 0.0, 1.0]]"
0.125,8.135145476041524,-4.164396219034393,18.782844340163937,-61.255923193855715,-15.64325568061378,41.785109757089536,7.086782728544028,8.13099186725251,4.180985467867885,-18.812753738539424,-61.26012376019527,15.639044868990469,41.80049475819499,-7.053134655371607,"[[0.9951847266721969, -0.0, -0.0980171403295606, 0.20625000000000002], [0.0, 1.0, -0.0, 0.3309375], [0.0980171403295606, 0.0, 0.9951847266721969, -0.51875], [0.0, 0.0, 0.0, 1.0]]","[[0.9695669764980271, -0.06023203280209165, -0.23730145450250018, 0.22018462550227771], [0.04824141961462655, 0.9972634497073161, -0.05602122197372365, 0.3364882808717385], [0.24002633921726158, 0.042868567766971746, 0.9698193864733623, -0.516961422638909], [0.0, 0.0, 0.0, 1.0]]","[[0.9951847266721969, -0.0, -0.0980171403295606, 0.20625000000000002], [0.0, 1.0, -0.0, -0.3309375], [0.0980171403295606, 0.0, 0.9951847266721969, -0.51875], [0.0, 0.0, 0.0, 1.0]]","[[0.9697043521099726, 0.06012683839412464, -0.2367661986088918, 0.22013963964800654], [-0.04818099419623448, 0.9972716945894639, 0.05592637096148541, -0.3364745396321684], [0.2394829039769662, -0.042824414478029676, 0.9699556733311957, -0.5170751291849783], [0.0, 0.0, 0.0, 1.0]]"
0.13333333333333333,8.388081895159083,-4.272792174936142,18.921661104855275,-61.958066640533026,-15.64325568061378,41.785109757089536,7.086782728544028,8.395217735294453,4.292159603214536,-18.953264390144927,-61.99066030325233,15.639044868990469,41.80049475819499,-7.053134655371607,"[[0.9945218953682732, -0.0, -0.10452846326765346, 0.20666666666666667], [0.0, 0.9999999999999999, -0.0, 0.331], [0.10452846326765346, 0.0, 0.9945218953682732, -0.5166666666666667], [0.0, 0.0, 0.0, 1.0]]","[[0.9674377440857084, -0.0616959589024359, -0.24547468295827238, 0.22076061607924158], [0.04898950737128885, 0.9971403544977377, -0.05754251992782506, 0.3367065858296187], [0.2483228533298412, 0.043643121877732914, 0.9676936697255446, -0.5146447622176333], [0.0, 0.0, 0.0, 1.0]]","[[0.9945218953682732, -0.0, -0.10452846326765346, 0.20666666666666667], [0.0, 0.9999999999999999, -0.0, -0.331], [0.10452846326765346, 0.0, 0.9945218953682732, -0.5166666666666667], [0.0, 0.0, 0.0, 1.0]]","[[0.9676818740349102, 0.06148702079528677, -0.24456315531576733, 0.22068491128295717], [-0.048856695422735755, 0.9971559126760683, 0.05738561777594959, -0.3366820324940654], [0.24739606701937322, -0.04358247456119629, 0.9679337549308158, -0.5148648212834538], [0.0, 0.0, 0.0, 1.0]]"
0.14166666666666666,8.670722806977025,-4.394507853493061,19.07645709710986,-62.74652318775179,-15.64325568061378,41.785109757089536,7.086782728544028,8.65341596139386,4.408347097411976,-19.1031426461971,-62.71614250632357,15.639044868990469,41.80049475819499,-7.053134655371607,"[[0.9938164620563782, -0.0, -0.11103530855427768, 0.20708333333333334], [0.0, 1.0000000000000002, -0.0, 0.33106250000000004], [0.11103530855427768, 0.0, 0.9938164620563782, -0.5145833333333334], [0.0, 0.0, 0.0, 1.0]]","[[0.965464410501641, -0.06300527136821439, -0.25280191422245274, 0.2212656386817324], [0.04963033165908204, 0.9970266894642148, -0.05894582831242342, 0.3369036769439165], [0.25576415353627685, 0.04436345653627368, 0.9657207575122458, -0.5125400421478169], [0.0, 0.0, 0.0, 1.0]]","[[0.9938164620563782, -0.0, -0.11103530855427768, 0.20708333333333334], [0.0, 1.0000000000000002, -0.0, -0.33106250000000004], [0.11103530855427768, 0.0, 0.9938164620563782, -0.5145833333333334], [0.0, 0.0, 0.0, 1.0]]","[[0.9659674149434446, 0.06278738698431699, -0.2509276734502614, 0.22113098909294038], [-0.049595611571313494, 0.9970511144087469, 0.05856065717820619, -0.3368502736344942], [0.2538645870938812, -0.04412277520688854, 0.9662328664083497, -0.5130517407606029], [0.0, 0.0, 0.0, 1.0]]"
0.15,8.912321112072362,-4.5009725734069885,19.212060257796708,-63.42645485924822,-15.64325568061378,41.785109757089536,7.086782728544028,8.917015159579455,4.528333884335237,-19.25740417614913,-63.46207429576983,15.639044868990469,41.80049475819499,-7.053134655371607,"[[0.9930684569549264, -0.0, -0.11753739745783764, 0.20750000000000002], [0.0, 1.0, -0.0, 0.331125], [0.11753739745783764, 0.0, 0.9930684569549264, -0.5125000000000001], [0.0, 0.0, 0.0, 1.0]]","[[0.9634371328568883, -0.06437080392507234, -0.26008708279062726, 0.2217700299332], [0.050310763744282304, 0.9969075892292698, -0.06036626200579638, 0.3371041462103439], [0.2631686115097424, 0.045073918612933334, 0.963696333798624, -0.5104259469599322], [0.0, 0.0, 0.0, 1.0]]","[[0.9930684569549264, -0.0, -0.11753739745783764, 0.20750000000000002], [0.0, 1.0, -0.0, -0.331125], [0.11753739745783764, 0.0, 0.9930684569549264, -0.5125000000000001], [0.0, 0.0, 0.0, 1.0]]","[[0.9637409093639397, 0.06418621846170132, -0.25900499797871285, 0.22168695884711603], [-0.05022817982568406, 0.9969241982061948, 0.06016039380135682, -0.3370742574331996], [0.2620698181206013, -0.044969683015586626, 0.9640005902693797, -0.5107050994720896], [0.0, 0.0, 0.0, 1.0]]"
0.15833333333333333,9.15973873834055,-4.612127071959776,19.3540769661142,-64.12924034370751,-15.64325568061378,41.785109757089536,7.086782728544028,9.175143376239868,4.643808477538057,-19.40484405466761,-64.1968660466798,15.639044868990469,41.80049475819499,-7.053134655371607,"[[0.9922779121059669, -0.0, -0.12403445145048533, 0.20791666666666667], [0.0, 0.9999999999999999, -0.0, 0.3311875], [0.12403445145048533, 0.0, 0.9922779121059669, -0.5104166666666667], [0.0, 0.0, 0.0, 1.0]]","[[0.9611328963694431, -0.0660229876411427, -0.2680755875111031, 0.2223263534076209], [0.051196203882491395, 0.9967663033946891, -0.06193452288432609, 0.33732746521610535], [0.27129781463275365, 0.04580285493093479, 0.9614050105214077, -0.5080887321826927], [0.0, 0.0, 0.0, 1.0]]","[[0.9922779121059669, -0.0, -0.12403445145048533, 0.20791666666666667], [0.0, 0.9999999999999999, -0.0, -0.3311875], [0.12403445145048533, 0.0, 0.9922779121059669, -0.5104166666666667], [0.0, 0.0, 0.0, 1.0]]","[[0.9613887717558727, 0.06591962286639287, -0.26718202196795954, 0.22225728801068245], [-0.05118400878101745, 0.9967781419037051, 0.061753810150484326, -0.33730158936264587], [0.27039198728298036, -0.04569397273328142, 0.9616653441135388, -0.5083190244536143], [0.0, 0.0, 0.0, 1.0]]"
0.16666666666666666,9.401029684923238,-4.725559438600763,19.500333514358974,-64.82343345019092,-15.64325568061378,41.785109757089536,7.086782728544028,9.395971929842844,4.746174230176331,-19.535642177273356,-64.83081005449453,15.639044868990469,41.80049475819499,-7.053134655371607,"[[0.9914448613738104, -0.0, -0.13052619222005157, 0.20833333333333334], [0.0, 0.9999999999999999, -0.0, 0.33125], [0.13052619222005157, 0.0, 0.9914448613738104, -0.5083333333333334], [0.0, 0.0, 0.0, 1.0]]","[[0.9590614664911097, -0.06728755506193655, -0.2750881466470507, 0.2228042059996881], [0.051741011179145646, 0.9966463763234594, -0.06339454490314714, 0.33753018054184414], [0.27843126845611643, 0.04656592633143328, 0.9593266613885042, -0.5059983540955214], [0.0, 0.0, 0.0, 1.0]]","[[0.9914448613738104, -0.0, -0.13052619222005157, 0.20833333333333334], [0.0, 0.9999999999999999, -0.0, -0.33125], [0.13052619222005157, 0.0, 0.9914448613738104, -0.5083333333333334], [0.0, 0.0, 0.0, 1.0]]","[[0.9591922615819767, 0.06731449182630225, -0.27462513452235127, 0.22277073456369112], [-0.051821561681136906, 0.996648597912072, 0.06329374396280348, -0.33751773548679564], [0.27796534148375573, -0.046479366067831505, 0.9594659647239977, -0.5061061463677013], [0.0, 0.0, 0.0, 1.0]]"
0.175,9.637074192449708,-4.830727703232857,19.63263257103483,-65.49973146104891,-15.64325568061378,41.785109757089536,7.086782728544028,9.643263197611386,4.854804973830799,-19.671477564391985,-65.53859523742628,15.639044868990469,41.80049475819499,-7.053134655371607,"[[0.9905693404435773, -0.0, -0.13701234168196805, 0.20875000000000002], [0.0, 1.0, -0.0, 0.3313125], [0.13701234168196805, 0.0, 0.9905693404435773, -0.5062500000000001], [0.0, 0.0, 0.0, 1.0]]","[[0.9569786252579205, -0.06861741957164931, -0.2819282896957822, 0.22326569492170628], [0.052353512079087505, 0.996522004166815, -0.06483058679619814, 0.3377283514885967], [0.28539625185423423, 0.04728154970686538, 0.9572426204912065, -0.5039425239743657], [0.0, 0.0, 0.0, 1.0]]","[[0.9905693404435773, -0.0, -0.13701234168196805, 0.20875000000000002], [0.0, 1.0, -0.0, -0.3313125], [0.13701234168196805, 0.0, 0.9905693404435773, -0.5062500000000001], [0.0, 0.0, 0.0, 1.0]]","[[0.9568282629857908, 0.06890091633258062, -0.28236915355634234, 0.22329929152454342], [-0.05260292638465436, 0.9965038203949989, 0.06490815105934518, -0.3377430783174877], [0.2858541713660396, -0.04725250963391112, 0.9571074093569291, -0.503784023146066], [0.0, 0.0, 0.0, 1.0]]"
0.18333333333333332,9.869157190257571,-4.940382548376005,19.773126147167407,-66.17624803796033,-15.64325568061378,41.785109757089536,7.086782728544028,9.863421538902054,4.960900863529545,-19.807398328875237,-66.18163705721547,15.639044868990469,41.80049475819499,-7.053134655371607,"[[0.9896513868196701, -0.0, -0.1434926219911793, 0.20916666666666667], [0.0, 1.0, -0.0, 0.33137500000000003], [0.1434926219911793, 0.0, 0.9896513868196701, -0.5041666666666668], [0.0, 0.0, 0.0, 1.0]]","[[0.9545416002960453, -0.07021825201417052, -0.2896890235896754, 0.22379845330636555], [0.053117508329663866, 0.9963724012274261, -0.06648735504696639, 0.33796071401151206], [0.2933067738957168, 0.04807738716244586, 0.9548087249446977, -0.5015888129621595], [0.0, 0.0, 0.0, 1.0]]","[[0.9896513868196701, -0.0, -0.1434926219911793, 0.20916666666666667], [0.0, 1.0, -0.0, -0.33137500000000003], [0.1434926219911793, 0.0, 0.9896513868196701, -0.5041666666666668], [0.0, 0.0, 0.0, 1.0]]","[[0.9548406590216146, 0.07013790643232024, -0.28872130153568454, 0.22372808449964662], [-0.053147686543077, 0.9963845365901547, 0.06628105807198284, -0.3379322965359585], [0.2923262548836273, -0.04794297993777422, 0.955116135022542, -0.5018526458440594], [0.0, 0.0, 0.0, 1.0]]"
0.19166666666666665,10.096407829227651,-5.0498589548270845,19.91373242142129,-66.8451899350822,-15.64325568061378,41.785109757089536,7.086782728544028,10.090076243867049,5.067491941943119,-19.942721451806115,-66.84552461435155,15.639044868990469,41.80049475819499,-7.053134655371607,"[[0.9886910398241674, -0.0, -0.149966755554045, 0.20958333333333334], [0.0, 1.0, -0.0, 0.3314375], [0.149966755554045, 0.0, 0.9886910398241674, -0.5020833333333333], [0.0, 0.0, 0.0, 1.0]]","[[0.9521044442579103, -0.07179365465660303, -0.2972251644383164, 0.22431091602834186], [0.053849701789583225, 0.9962216819341975, -0.06813640775218267, 0.33819012651048763], [0.3009939149576097, 0.04886749016725908, 0.9523731577292821, -0.4992760033152564], [0.0, 0.0, 0.0, 1.0]]","[[0.9886910398241674, -0.0, -0.149966755554045, 0.20958333333333334], [0.0, 1.0, -0.0, -0.3314375], [0.149966755554045, 0.0, 0.9886910398241674, -0.5020833333333333], [0.0, 0.0, 0.0, 1.0]]","[[0.9522288195828397, 0.07187167182203023, -0.2968075773045193, 0.22427841559506861], [-0.05398357815519088, 0.9962208978161217, 0.0680418697862055, -0.33817754212656315], [0.30057619407636765, -0.04876869430225637, 0.952510139584151, -0.49937629762648655], [0.0, 0.0, 0.0, 1.0]]"
0.2,10.329520478052894,-5.164250109272811,20.061162054656013,-67.53868636227028,-15.64325568061378,41.785109757089536,7.086782728544028,10.321521472761162,5.190844731466726,-20.104559369094982,-67.54432126833555,15.639044868990469,41.80049475819499,-7.053134655371607,"[[0.9876883405951378, -0.0, -0.15643446504023087, 0.21000000000000002], [0.0, 1.0, -0.0, 0.3315], [0.15643446504023087, 0.0, 0.9876883405951378, -0.5], [0.0, 0.0, 0.0, 1.0]]","[[0.9497364795987019, -0.07330431079878026, -0.3043470015258579, 0.2247916067636647], [0.05453519702129904, 0.9960740355999689, -0.06973111134522603, 0.3384105289753665], [0.30826373709100596, 0.049628556516465805, 0.9500055130223084, -0.4970658088504294], [0.0, 0.0, 0.0, 1.0]]","[[0.9876883405951378, -0.0, -0.15643446504023087, 0.21000000000000002], [0.0, 1.0, -0.0, -0.3315], [0.15643446504023087, 0.0, 0.9876883405951378, -0.5], [0.0, 0.0, 0.0, 1.0]]","[[0.9499706682974887, 0.07344081372523761, -0.303582239687696, 0.22473657138271566], [-0.05478499581656917, 0.9960743183261606, 0.06953097586294266, -0.3383838500682413], [0.3074968838993352, -0.04942063587662106, 0.9502648405269708, -0.49728487898311974], [0.0, 0.0, 0.0, 1.0]]"
0.20833333333333334,10.548454507934837,-5.2760632941936825,20.206781687760685,-68.20053852303369,-15.64325568061378,41.785109757089536,7.086782728544028,10.54034024320086,5.298675062327833,-20.243254897928555,-68.2016313533009,15.639044868990469,41.80049475819499,-7.053134655371607,"[[0.9866433320848791, -0.0, -0.16289547339458874, 0.21041666666666667], [0.0, 1.0, -0.0, 0.33156250000000004], [0.16289547339458874, 0.0, 0.9866433320848791, -0.49791666666666673], [0.0, 0.0, 0.0, 1.0]]","[[0.9471666438014961, -0.07500634548357116, -0.31184835578692605, 0.22530681174347025], [0.05534659985645918, 0.9959085004524155, -0.07143537366704407, 0.3386495475063774], [0.3159305346973271, 0.05040145696128619, 0.9474426580970696, -0.494718850327296], [0.0, 0.0, 0.0, 1.0]]","[[0.9866433320848791, -0.0, -0.16289547339458874, 0.21041666666666667], [0.0, 1.0, -0.0, -0.33156250000000004], [0.16289547339458874, 0.0, 0.9866433320848791, -0.49791666666666673], [0.0, 0.0, 0.0, 1.0]]","[[0.9475475504200538, 0.07493764614373682, -0.31070563059492834, 0.22522131380211763], [-0.05542541610317983, 0.9959228912333551, 0.07117315482107384, -0.3386117992166895], [0.31477239863549883, -0.050218959645050965, 0.9478377462147325, -0.49505045399123254], [0.0, 0.0, 0.0, 1.0]]"
0.21666666666666667,10.749634314842977,-5.387502099370671,20.353326811497894,-68.82024158642895,-15.64325568061378,41.785109757089536,7.086782728544028,10.742024630333937,5.40828636501502,-20.386470304445382,-68.82084947326508,15.639044868990469,41.80049475819499,-7.053134655371607,"[[0.9855560590580776, -0.0, -0.1693495038490246, 0.21083333333333334], [0.0, 1.0, -0.0, 0.331625], [0.1693495038490246, 0.0, 0.9855560590580776, -0.49583333333333335], [0.0, 0.0, 0.0, 1.0]]","[[0.9447994570027136, -0.07659541666232227, -0.31857044463305617, 0.22575832522166983], [0.05611680086796132, 0.9957529991615599, -0.07298540484990376, 0.3388629753665174], [0.3228078231823439, 0.05107941666742118, 0.9450851826609032, -0.49259586484975176], [0.0, 0.0, 0.0, 1.0]]","[[0.9855560590580776, -0.0, -0.1693495038490246, 0.21083333333333334], [0.0, 1.0, -0.0, -0.331625], [0.1693495038490246, 0.0, 0.9855560590580776, -0.49583333333333335], [0.0, 0.0, 0.0, 1.0]]","[[0.9451783260220067, 0.07661276116547987, -0.31744041463688655, 0.22568257479312454], [-0.0562931509669631, 0.9957631912367758, 0.07271002772770081, -0.3388267695159927], [0.32166599629498926, -0.05085422110851233, 0.9454865599377913, -0.49293335336309957], [0.0, 0.0, 0.0, 1.0]]"
0.225,10.957934593960855,-5.490348953458608,20.48444766054192,-69.45171306576414,-15.64325568061378,41.785109757089536,7.086782728544028,10.949562489585713,5.5166135921382455,-20.525930814465994,-69.45633710383224,15.639044868990469,41.80049475819499,-7.053134655371607,"[[0.9844265680898915, -0.0, -0.17579627993435448, 0.21125000000000002], [0.0, 0.9999999999999999, -0.0, 0.3316875], [0.17579627993435448, 0.0, 0.9844265680898915, -0.49375], [0.0, 0.0, 0.0, 1.0]]","[[0.94241750715225, -0.07816121788847168, -0.32517697678514945, 0.22620049402943013], [0.05685011828938706, 0.9955958281070107, -0.07454536274241481, 0.33907702718465776], [0.3295713978236301, 0.05176650533024577, 0.9427104129383912, -0.49048741846424304], [0.0, 0.0, 0.0, 1.0]]","[[0.9844265680898915, -0.0, -0.17579627993435448, 0.21125000000000002], [0.0, 0.9999999999999999, -0.0, -0.3316875], [0.17579627993435448, 0.0, 0.9844265680898915, -0.49375], [0.0, 0.0, 0.0, 1.0]]","[[0.9427874356819986, 0.07793127488660326, -0.3241582445576699, 0.22612358234186078], [-0.056734929652230155, 0.9956171072638916, 0.07434866159412079, -0.33904775644167096], [0.32853157972639085, -0.05170388880954002, 0.9430767248768537, -0.49077235277821574], [0.0, 0.0, 0.0, 1.0]]"
0.23333333333333334,11.163223613428405,-5.598068293745702,20.624210406433306,-70.08716654538544,-15.64325568061378,41.785109757089536,7.086782728544028,11.154855777921494,5.613624476467229,-20.647979464744953,-70.07866295986878,15.639044868990469,41.80049475819499,-7.053134655371607,"[[0.9832549075639546, -0.0, -0.18223552549214744, 0.21166666666666667], [0.0, 1.0, -0.0, 0.33175], [0.18223552549214744, 0.0, 0.9832549075639546, -0.4916666666666667], [0.0, 0.0, 0.0, 1.0]]","[[0.9397858002197585, -0.07971643714710243, -0.3323370869371644, 0.2266785050269687], [0.05745163474979721, 0.9954278045355932, -0.07630724488556144, 0.339318227493051], [0.3369005185064045, 0.052619156264816856, 0.9400687554770102, -0.48816687120374647], [0.0, 0.0, 0.0, 1.0]]","[[0.9832549075639546, -0.0, -0.18223552549214744, 0.21166666666666667], [0.0, 1.0, -0.0, -0.33175], [0.18223552549214744, 0.0, 0.9832549075639546, -0.4916666666666667], [0.0, 0.0, 0.0, 1.0]]","[[0.9401513283645346, 0.07950492352457104, -0.3313524511901993, 0.22659895513685663], [-0.05735548942167654, 0.9954482279020456, 0.07611289903740012, -0.3392873335298829], [0.33589556056548475, -0.05255276112660135, 0.9404320175804147, -0.4884443398756471], [0.0, 0.0, 0.0, 1.0]]"
0.24166666666666667,11.362366316416589,-5.704666202348445,20.76235268994411,-70.70894598628838,-15.64325568061378,41.785109757089536,7.086782728544028,11.344714546280338,5.716166533363454,-20.78122279507356,-70.67348364411768,15.639044868990469,41.80049475819499,-7.053134655371607,"[[0.9820411276703037, -0.0, -0.18866696468655522, 0.21208333333333335], [0.0, 0.9999999999999999, -0.0, 0.3318125], [0.18866696468655522, 0.0, 0.9820411276703037, -0.48958333333333337], [0.0, 0.0, 0.0, 1.0]]","[[0.9374938913314, -0.08123293488074168, -0.3383879637442362, 0.22707678080059573], [0.05816205402256383, 0.9952719769394437, -0.07778732153074916, 0.3395186216599834], [0.3431069500726933, 0.05324379973023119, 0.9377860729409995, -0.48619980524106066], [0.0, 0.0, 0.0, 1.0]]","[[0.9820411276703037, -0.0, -0.18866696468655522, 0.21208333333333335], [0.0, 0.9999999999999999, -0.0, -0.3318125], [0.18866696468655522, 0.0, 0.9820411276703037, -0.48958333333333337], [0.0, 0.0, 0.0, 1.0]]","[[0.9377309342564553, 0.08102450681801819, -0.33778058593325444, 0.227029189131826], [-0.05800741188859675, 0.9952874123716328, 0.07770525683997329, -0.3395055671523892], [0.342484795435509, -0.05327284551698411, 0.9380118169970042, -0.486350523967151], [0.0, 0.0, 0.0, 1.0]]"
0.25,11.557001094552565,-5.817392498183981,20.910772700608486,-71.33181142726936,-15.64325568061378,41.785109757089536,7.086782728544028,11.549510938354,5.83410298287524,-20.936030740159193,-71.32789089868577,15.639044868990469,41.80049475819499,-7.053134655371607,"[[0.9807852804032305, -0.0, -0.19509032201612828, 0.21250000000000002], [0.0, 1.0, -0.0, 0.33187500000000003], [0.19509032201612828, 0.0, 0.9807852804032305, -0.48750000000000004], [0.0, 0.0, 0.0, 1.0]]","[[0.9347270987760532, -0.08296384232036606, -0.34554630902549643, 0.227555639733956], [0.058896377864895, 0.9950857731248289, -0.07959598481680494, 0.33976663833197623], [0.3504518048007428, 0.05404909797584945, 0.9350199075527211, -0.4838442761214649], [0.0, 0.0, 0.0, 1.0]]","[[0.9807852804032305, -0.0, -0.19509032201612828, 0.21250000000000002], [0.0, 1.0, -0.0, -0.33187500000000003], [0.19509032201612828, 0.0, 0.9807852804032305, -0.48750000000000004], [0.0, 0.0, 0.0, 1.0]]","[[0.9347966403484655, 0.08295995214888133, -0.345359070436375, 0.22753583490943668], [-0.05890151366609536, 0.9950849895214252, 0.07960198060970579, -0.3397656833286247], [0.3502654034886467, -0.05406949203201854, 0.9350885718210522, -0.4838651330107855], [0.0, 0.0, 0.0, 1.0]]"
0.2583333333333333,11.748400070569248,-5.921277967912583,21.045522087649083,-71.94014222569655,-15.64325568061378,41.785109757089536,7.086782728544028,11.730491314565475,5.937776289852748,-21.0716885423594,-71.90985033672753,15.639044868990469,41.80049475819499,-7.053134655371607,"[[0.9794874195590513, -0.0, -0.2015053223256171, 0.21291666666666667], [0.0, 1.0, -0.0, 0.3319375], [0.2015053223256171, 0.0, 0.9794874195590513, -0.4854166666666667], [0.0, 0.0, 0.0, 1.0]]","[[0.9321232929083615, -0.08450697949655178, -0.3521430635892784, 0.22798913774609494], [0.059482171744353496, 0.9949124341843715, -0.08130879134450565, 0.33999818824775313], [0.3572226729397904, 0.05484358414343923, 0.9324077129754201, -0.4816457749036432], [0.0, 0.0, 0.0, 1.0]]","[[0.9794874195590513, -0.0, -0.2015053223256171, 0.21291666666666667], [0.0, 1.0, -0.0, -0.3319375], [0.2015053223256171, 0.0, 0.9794874195590513, -0.4854166666666667], [0.0, 0.0, 0.0, 1.0]]","[[0.932834461746334, 0.08425940450736427, -0.3503144583520525, 0.22786818190307562], [-0.059502654073273875, 0.9949475221385872, 0.08086323236503745, -0.3399386345160764], [0.35535799011231456, -0.05458736980611995, 0.9331349944788194, -0.4822267213332587], [0.0, 0.0, 0.0, 1.0]]"
0.26666666666666666,11.93585631988754,-6.029933471002792,21.188442088484305,-72.54973660912017,-15.64325568061378,41.785109757089536,7.086782728544028,11.917038294950508,6.039798398598406,-21.203538514097325,-72.50710939851012,15.639044868990469,41.80049475819499,-7.053134655371607,"[[0.9781476007338056, -0.0, -0.2079116908177593, 0.21333333333333335], [0.0, 0.9999999999999999, -0.0, 0.332], [0.2079116908177593, 0.0, 0.9781476007338056, -0.4833333333333334], [0.0, 0.0, 0.0, 1.0]]","[[0.9292908957726691, -0.08628749009359274, -0.359127971741799, 0.2284546699744691], [0.06023259308617759, 0.9947159175579205, -0.08314011117997877, 0.3402484931073504], [0.36440426145168114, 0.05563013940529371, 0.9295777653459674, -0.4793044197591152], [0.0, 0.0, 0.0, 1.0]]","[[0.9781476007338056, -0.0, -0.2079116908177593, 0.21333333333333335], [0.0, 0.9999999999999999, -0.0, -0.332], [0.2079116908177593, 0.0, 0.9781476007338056, -0.4833333333333334], [0.0, 0.0, 0.0, 1.0]]","[[0.9300436277394069, 0.08586123113844427, -0.35727678274513525, 0.22831898731934216], [-0.0600638190863434, 0.9947621715257581, 0.08270767641592565, -0.34018507208391735], [0.3625068111609587, -0.05546233937320984, 0.9303293721973762, -0.4798854733368153], [0.0, 0.0, 0.0, 1.0]]"
0.275,12.10857643607153,-6.128732584233849,21.317338003406203,-73.11219585708156,-15.64325568061378,41.785109757089536,7.086782728544028,12.108989662516315,6.158726506200314,-21.36076946879102,-73.14416797258639,15.639044868990469,41.80049475819499,-7.053134655371607,"[[0.9767658813208724, -0.0, -0.21430915306505074, 0.21375000000000002], [0.0, 1.0, -0.0, 0.33206250000000004], [0.21430915306505074, 0.0, 0.9767658813208724, -0.48125000000000007], [0.0, 0.0, 0.0, 1.0]]","[[0.9266052021899689, -0.08790521779856231, -0.36561656411912524, 0.2288791927669258], [0.06085613228773198, 0.9945307010808881, -0.08488354240095969, 0.3404833747650049], [0.37107860412244886, 0.05640352197642252, 0.926886892922319, -0.4771032949375743], [0.0, 0.0, 0.0, 1.0]]","[[0.9767658813208724, -0.0, -0.21430915306505074, 0.21375000000000002], [0.0, 1.0, -0.0, -0.33206250000000004], [0.21430915306505074, 0.0, 0.9767658813208724, -0.48125000000000007], [0.0, 0.0, 0.0, 1.0]]","[[0.9267769211036174, 0.08799643328948456, -0.3651590971590719, 0.22884036407934039], [-0.061018964116822304, 0.9945282066861424, 0.0847958260986677, -0.34046894032360736], [0.3706227523072608, -0.056305184787680373, 0.9270752405485846, -0.47722854685083277], [0.0, 0.0, 0.0, 1.0]]"
0.2833333333333333,12.28851691598187,-6.236117245251613,21.459194202278198,-73.71026771137538,-15.64325568061378,41.785109757089536,7.086782728544028,12.288124180104594,6.2704329694154035,-21.509187771908106,-73.74672043097574,15.639044868990469,41.80049475819499,-7.053134655371607,"[[0.9753423205085128, -0.0, -0.22069743502150108, 0.21416666666666667], [0.0, 1.0, -0.0, 0.332125], [0.22069743502150108, 0.0, 0.9753423205085128, -0.47916666666666674], [0.0, 0.0, 0.0, 1.0]]","[[0.9241398734387938, -0.0894121278092092, -0.3714444315387698, 0.22926020097410038], [0.06144980944718316, 0.9943573731765464, -0.08647158682679178, 0.34069690124477425], [0.37708011779916895, 0.05708665176788834, 0.9244196552164481, -0.47511141557251985], [0.0, 0.0, 0.0, 1.0]]","[[0.9753423205085128, -0.0, -0.22069743502150108, 0.21416666666666667], [0.0, 1.0, -0.0, -0.332125], [0.22069743502150108, 0.0, 0.9753423205085128, -0.47916666666666674], [0.0, 0.0, 0.0, 1.0]]","[[0.923969454864102, 0.08980908459226637, -0.37177247719920525, 0.2292811825716159], [-0.06180726732529389, 0.9943250042620033, 0.08658895775528669, -0.340713562681569], [0.37743914500739595, -0.05702731121196499, 0.9242767862453432, -0.47497612600305683], [0.0, 0.0, 0.0, 1.0]]"
0.2916666666666667,12.462972753988689,-6.341304292903925,21.597703608456886,-74.29438548919488,-15.64325568061378,41.785109757089536,7.086782728544028,12.464617975805016,6.3672342523142325,-21.635051082838515,-74.32753922742612,15.639044868990469,41.80049475819499,-7.053134655371607,"[[0.9738769792773336, -0.0, -0.2270762630343732, 0.21458333333333335], [0.0, 1.0, -0.0, 0.3321875], [0.2270762630343732, 0.0, 0.9738769792773336, -0.47708333333333336], [0.0, 0.0, 0.0, 1.0]]","[[0.9212303841853183, -0.09117898282192664, -0.3781811369507075, 0.22970030022180976], [0.06213016500612538, 0.9941506198286156, -0.088342445577939, 0.34094861990165143], [0.3840239860348343, 0.057887288638683754, 0.9215067226906047, -0.47278807819178637], [0.0, 0.0, 0.0, 1.0]]","[[0.9738769792773336, -0.0, -0.2270762630343732, 0.21458333333333335], [0.0, 1.0, -0.0, -0.3321875], [0.2270762630343732, 0.0, 0.9738769792773336, -0.47708333333333336], [0.0, 0.0, 0.0, 1.0]]","[[0.9215463652288886, 0.09127432660185719, -0.37738745876989843, 0.22964510998060594], [-0.062366524683141, 0.9941528365036474, 0.08815074741997167, -0.3409220368869561], [0.3832267127072061, -0.05769865661460399, 0.9218503955048774, -0.4730393029762514], [0.0, 0.0, 0.0, 1.0]]"
0.3,12.642976413148851,-6.451602029602699,21.74341374156806,-74.90449896699543,-15.64325568061378,41.785109757089536,7.086782728544028,12.635094374846657,6.471336580548981,-21.772028819095826,-74.90463557077884,15.639044868990469,41.80049475819499,-7.053134655371607,"[[0.9723699203976766, -0.0, -0.23344536385590542, 0.21500000000000002], [0.0, 1.0, -0.0, 0.33225], [0.23344536385590542, 0.0, 0.9723699203976766, -0.47500000000000003], [0.0, 0.0, 0.0, 1.0]]","[[0.9183060389473753, -0.092939744226757, -0.38480673431717255, 0.2301315302210845], [0.06278928264451682, 0.9939406763068166, -0.09021883377507908, 0.34120040473101226], [0.39085998109012005, 0.058686761077890094, 0.9185773452771508, -0.4704808838130533], [0.0, 0.0, 0.0, 1.0]]","[[0.9723699203976766, -0.0, -0.23344536385590542, 0.21500000000000002], [0.0, 1.0, -0.0, -0.33225], [0.23344536385590542, 0.0, 0.9723699203976766, -0.47500000000000003], [0.0, 0.0, 0.0, 1.0]]","[[0.9186662025103012, 0.09280377770815097, -0.38397899318634415, 0.23006897615501054], [-0.06277086580618056, 0.9939571044173088, 0.0900505024100455, -0.3411746961302969], [0.3900156750327413, -0.058623659229488895, 0.9189401720500089, -0.4707293916349169], [0.0, 0.0, 0.0, 1.0]]"
0.30833333333333335,12.818712911625049,-6.563747332471961,21.893321025924205,-75.51363572774468,-15.64325568061378,41.785109757089536,7.086782728544028,12.803258754854248,6.579455486902521,-21.916451461548455,-75.48878749954417,15.639044868990469,41.80049475819499,-7.053134655371607,"[[0.970821208426928, -0.0, -0.23980446465501654, 0.21541666666666667], [0.0, 0.9999999999999999, -0.0, 0.3323125], [0.23980446465501654, 0.0, 0.970821208426928, -0.4729166666666667], [0.0, 0.0, 0.0, 1.0]]","[[0.915442627532693, -0.09468182086653021, -0.39115233412755895, 0.2305467687836654], [0.06344950343267478, 0.9937312234102402, -0.09204572849260466, 0.3414461936332184], [0.39741534470901624, 0.059444162177505575, 0.9157114367380307, -0.4682533895320462], [0.0, 0.0, 0.0, 1.0]]","[[0.970821208426928, -0.0, -0.23980446465501654, 0.21541666666666667], [0.0, 0.9999999999999999, -0.0, -0.3323125], [0.23980446465501654, 0.0, 0.970821208426928, -0.4729166666666667], [0.0, 0.0, 0.0, 1.0]]","[[0.9158029947195259, 0.09454725226631402, -0.39034048208152605, 0.23048553376296585], [-0.06343175906717169, 0.9937475458864915, 0.09188159220551094, -0.3414210740224015], [0.3965870482055516, -0.05938545388784615, 0.9160742770442483, -0.46849841545412474], [0.0, 0.0, 0.0, 1.0]]"
0.31666666666666665,12.974443786022277,-6.665376705340344,22.02906420548904,-76.05980497453558,-15.64325568061378,41.785109757089536,7.086782728544028,12.96581298823232,6.684446593503019,-22.05596149044055,-76.05651965354481,15.639044868990469,41.80049475819499,-7.053134655371607,"[[0.9692309097067545, -0.0, -0.24615329302899303, 0.21583333333333335], [0.0, 1.0000000000000002, -0.0, 0.33237500000000003], [0.24615329302899303, 0.0, 0.9692309097067545, -0.4708333333333334], [0.0, 0.0, 0.0, 1.0]]","[[0.9128491209265397, -0.09626051440142973, -0.3967875953086436, 0.23091290385734783], [0.06404380512027645, 0.9935391264401261, -0.09369309077145141, 0.3416662830992387], [0.40324294593874777, 0.06011586811952002, 0.9131162078020939, -0.4662591486295278], [0.0, 0.0, 0.0, 1.0]]","[[0.9692309097067545, -0.0, -0.24615329302899303, 0.21583333333333335], [0.0, 1.0000000000000002, -0.0, -0.33237500000000003], [0.24615329302899303, 0.0, 0.9692309097067545, -0.4708333333333334], [0.0, 0.0, 0.0, 1.0]]","[[0.9126896244187083, 0.09664718208919211, -0.3970604131270905, 0.23092854131488144], [-0.06438893418345605, 0.9935048141698667, 0.0938203036448788, -0.34168290125583883], [0.4035488999280704, -0.0600625208887975, 0.9129845447494317, -0.4661374374756045], [0.0, 0.0, 0.0, 1.0]]"
0.325,13.140884397038088,-6.775144675491618,22.17599181981977,-76.65004260185141,-15.64325568061378,41.785109757089536,7.086782728544028,13.125196306288213,6.78960077086995,-22.19631504769514,-76.62139678847237,15.639044868990469,41.80049475819499,-7.053134655371607,"[[0.9675990923602598, -0.0, -0.25249157701515795, 0.21625], [0.0, 1.0, -0.0, 0.3324375], [0.25249157701515795, 0.0, 0.9675990923602598, -0.46875000000000006], [0.0, 0.0, 0.0, 1.0]]","[[0.9096492595292691, -0.09818761095621624, -0.40360552237619773, 0.23135667560749662], [0.0647439714266617, 0.9932999535939799, -0.09572575595993597, 0.3419386883761671], [0.41030042993123506, 0.06094583861846785, 0.9099116231554225, -0.46382418975142736], [0.0, 0.0, 0.0, 1.0]]","[[0.9675990923602598, -0.0, -0.25249157701515795, 0.21625], [0.0, 1.0, -0.0, -0.3324375], [0.25249157701515795, 0.0, 0.9675990923602598, -0.46875000000000006], [0.0, 0.0, 0.0, 1.0]]","[[0.9102061772152094, 0.09794043116641937, -0.4024082341381836, 0.23126976766441415], [-0.06468851295269296, 0.9933307031157598, 0.09544375589591952, -0.34189726045396857], [0.40907225676064196, -0.060842305926768314, 0.9104713628435929, -0.46421160474717993], [0.0, 0.0, 0.0, 1.0]]"
0.3333333333333333,13.294970049618989,-6.887383893461968,22.32764080241427,-77.21569154815518,-15.64325568061378,41.785109757089536,7.086782728544028,13.288337082161261,6.899507906125564,-22.34388469980785,-77.2088750193635,15.639044868990469,41.80049475819499,-7.053134655371607,"[[0.9659258262890682, -0.0, -0.25881904510252074, 0.21666666666666667], [0.0, 1.0, -0.0, 0.3325], [0.25881904510252074, 0.0, 0.9659258262890682, -0.46666666666666673], [0.0, 0.0, 0.0, 1.0]]","[[0.9066883708387445, -0.09997384730967004, -0.4097821714519633, 0.231758518353269], [0.06538871518293604, 0.993075388656798, -0.09759912074847149, 0.3421892830871626], [0.4167019487745508, 0.06169685809060802, 0.9069470676887595, -0.4615991623240239], [0.0, 0.0, 0.0, 1.0]]","[[0.9659258262890682, -0.0, -0.25881904510252074, 0.21666666666666667], [0.0, 1.0, -0.0, -0.3325], [0.25881904510252074, 0.0, 0.9659258262890682, -0.46666666666666673], [0.0, 0.0, 0.0, 1.0]]","[[0.906866866268543, 0.10008649525825422, -0.4093594756826721, 0.2317230649922989], [-0.06557355937395432, 0.9930696217161885, 0.0975337620288326, -0.34217732761966824], [0.4162842720729469, -0.06160697924250072, 0.9071449635715952, -0.4617202439834285], [0.0, 0.0, 0.0, 1.0]]"
0.3416666666666667,13.432475417989686,-6.9715971377204635,22.438808961345398,-77.7003139603351,-15.64325568061378,41.785109757089536,7.086782728544028,13.432571894411712,6.997475443825173,-22.47473063373779,-77.7315415852204,15.639044868990469,41.80049475819499,-7.053134655371607,"[[0.9642111831703293, -0.0, -0.2651354262434081, 0.21708333333333335], [0.0, 1.0, -0.0, 0.33256250000000004], [0.2651354262434081, 0.0, 0.9642111831703293, -0.46458333333333335], [0.0, 0.0, 0.0, 1.0]]","[[0.9039255080062659, -0.10158243343628821, -0.41545118268308756, 0.23211688051064505], [0.06591543311050686, 0.9928668975156792, -0.099350286841277, 0.3424188201964898], [0.422579970719707, 0.06242061386074152, 0.9041735648158377, -0.45953495550481094], [0.0, 0.0, 0.0, 1.0]]","[[0.9642111831703293, -0.0, -0.2651354262434081, 0.21708333333333335], [0.0, 1.0, -0.0, -0.33256250000000004], [0.2651354262434081, 0.0, 0.9642111831703293, -0.46458333333333335], [0.0, 0.0, 0.0, 1.0]]","[[0.9045645327707174, 0.10129817889916914, -0.4141276192250473, 0.23202406423254776], [-0.06585574532023053, 0.992903461432741, 0.0990239217724605, -0.3423723713160512], [0.42121968954645367, -0.062300844509471674, 0.9048163227483221, -0.4599754282478725], [0.0, 0.0, 0.0, 1.0]]"
0.35,13.589685028342224,-7.082756758915129,22.589778340117483,-78.28490302120731,-15.64325568061378,41.785109757089536,7.086782728544028,13.580181673885797,7.10761651305986,-22.624673776587077,-78.2890967573577,15.639044868990469,41.80049475819499,-7.053134655371607,"[[0.9624552364536474, -0.0, -0.2714404498650742, 0.2175], [0.0, 1.0, -0.0, 0.332625], [0.2714404498650742, 0.0, 0.9624552364536474, -0.4625], [0.0, 0.0, 0.0, 1.0]]","[[0.9004219723502288, -0.10387481667874138, -0.42243377489126227, 0.2325805804329072], [0.06687810477301712, 0.9925829074273117, -0.10152088940269505, 0.3427130522244308], [0.4298460082528313, 0.06316006921388514, 0.9006904100999433, -0.45699295103203197], [0.0, 0.0, 0.0, 1.0]]","[[0.9624552364536474, -0.0, -0.2714404498650742, 0.2175], [0.0, 1.0, -0.0, -0.332625], [0.2714404498650742, 0.0, 0.9624552364536474, -0.4625], [0.0, 0.0, 0.0, 1.0]]","[[0.9012955258951999, 0.1033387273529524, -0.42069880250645775, 0.2324521039487227], [-0.06663546625613549, 0.9926451394175373, 0.1010709742090462, -0.3426459123315276], [0.42804916731389964, -0.06306135599406681, 0.9015526472381228, -0.4575788074267174], [0.0, 0.0, 0.0, 1.0]]"
0.35833333333333334,13.740593789185425,-7.192227615837508,22.739142624434614,-78.85604343960378,-15.64325568061378,41.785109757089536,7.086782728544028,13.727847802420534,7.223899203018857,-22.78291218418335,-78.85885747754183,15.639044868990469,41.80049475819499,-7.053134655371607,"[[0.9606580613579354, -0.0, -0.2777338458812922, 0.21791666666666668], [0.0, 1.0, -0.0, 0.3326875], [0.2777338458812922, 0.0, 0.9606580613579354, -0.4604166666666667], [0.0, 0.0, 0.0, 1.0]]","[[0.8978683803261533, -0.10519862005500824, -0.4275109612033499, 0.23289832399114113], [0.06715431562379587, 0.9923950402258106, -0.1031619214066486, 0.3429265058393772], [0.435112249314576, 0.06391662126343939, 0.898104668745618, -0.4550997051314878], [0.0, 0.0, 0.0, 1.0]]","[[0.9606580613579354, -0.0, -0.2777338458812922, 0.21791666666666668], [0.0, 1.0, -0.0, -0.3326875], [0.2777338458812922, 0.0, 0.9606580613579354, -0.4604166666666667], [0.0, 0.0, 0.0, 1.0]]","[[0.8979044720923315, 0.10533070112101423, -0.42740262329324463, 0.2328881423812774], [-0.06728333956824156, 0.9923808315159905, 0.10321452153730994, -0.3429321924085701], [0.4350178286152606, -0.06391970463782425, 0.8981501879674005, -0.4551016733412623], [0.0, 0.0, 0.0, 1.0]]"
0.36666666666666664,13.864932260383629,-7.2895134152805845,22.871557794326357,-79.33849385162763,-15.64325568061378,41.785109757089536,7.086782728544028,13.853742702975856,7.314010742512481,-22.904544192922934,-79.33516754950183,15.639044868990469,41.80049475819499,-7.053134655371607,"[[0.958819734868193, -0.0, -0.2840153447039226, 0.21833333333333335], [0.0, 1.0, -0.0, 0.33275], [0.2840153447039226, 0.0, 0.958819734868193, -0.45833333333333337], [0.0, 0.0, 0.0, 1.0]]","[[0.8947813864558005, -0.10712493735700089, -0.4334633989721557, 0.23328439907707205], [0.06787739388585663, 0.9921446529626508, -0.10507924151270712, 0.34318148437953205], [0.44131500070981033, 0.06460058354132872, 0.8950239297106084, -0.45289067895063884], [0.0, 0.0, 0.0, 1.0]]","[[0.958819734868193, -0.0, -0.2840153447039226, 0.21833333333333335], [0.0, 1.0, -0.0, -0.33275], [0.2840153447039226, 0.0, 0.958819734868193, -0.45833333333333337], [0.0, 0.0, 0.0, 1.0]]","[[0.8953919216158153, 0.10700884096014444, -0.43222958559254676, 0.23320015506737557], [-0.06800703483437025, 0.9921701081981852, 0.10475456844948841, -0.34313594377690537], [0.44005493965887366, -0.06440174185818512, 0.8956584537241064, -0.45332053716723586], [0.0, 0.0, 0.0, 1.0]]"
0.375,14.009424058501603,-7.3906548565101335,23.008388681516514,-79.88606328719838,-15.64325568061378,41.785109757089536,7.086782728544028,13.999602246475124,7.413511230793935,-23.039175759200347,-79.88563298528068,15.639044868990469,41.80049475819499,-7.053134655371607,"[[0.9569403357322089, -0.0, -0.2902846772544624, 0.21875], [0.0, 1.0, -0.0, 0.3328125], [0.2902846772544624, 0.0, 0.9569403357322089, -0.45625000000000004], [0.0, 0.0, 0.0, 1.0]]","[[0.8916330657861324, -0.10888769274333887, -0.4394700744827287, 0.2336644136270355], [0.06836069148045096, 0.9918988775649702, -0.10706742056137877, 0.3434421145036525], [0.44756819799572156, 0.06542237426435071, 0.8918534751227234, -0.45062588132543036], [0.0, 0.0, 0.0, 1.0]]","[[0.9569403357322089, -0.0, -0.2902846772544624, 0.21875], [0.0, 1.0, -0.0, -0.3328125], [0.2902846772544624, 0.0, 0.9569403357322089, -0.45625000000000004], [0.0, 0.0, 0.0, 1.0]]","[[0.8920498935045185, 0.10878739955994916, -0.4386482522426839, 0.2336007726704215], [-0.06840659353210916, 0.991915175708363, 0.10688695973214149, -0.34341317895305906], [0.4467298125935968, -0.06534206835134321, 0.8922796022792735, -0.45089511933744797], [0.0, 0.0, 0.0, 1.0]]"
0.3833333333333333,14.144248577623069,-7.492892543101469,23.14932451239785,-80.41825113675827,-15.64325568061378,41.785109757089536,7.086782728544028,14.14100936040919,7.518482700600568,-23.183480580889793,-80.4404492515608,15.639044868990469,41.80049475819499,-7.053134655371607,"[[0.9550199444571866, -0.0, -0.296541574975571, 0.21916666666666668], [0.0, 1.0, -0.0, 0.33287500000000003], [0.296541574975571, 0.0, 0.9550199444571866, -0.4541666666666667], [0.0, 0.0, 0.0, 1.0]]","[[0.8885356632041317, -0.11066844752713001, -0.44526045179908896, 0.23403474609256456], [0.06888494120948727, 0.9916510118169365, -0.10900979605985735, 0.3436981623002327], [0.45360692244382633, 0.0661873513927025, 0.8887406789534614, -0.44842924957074426], [0.0, 0.0, 0.0, 1.0]]","[[0.9550199444571866, -0.0, -0.296541574975571, 0.21916666666666668], [0.0, 1.0, -0.0, -0.33287500000000003], [0.296541574975571, 0.0, 0.9550199444571866, -0.4541666666666667], [0.0, 0.0, 0.0, 1.0]]","[[0.8887824466089121, 0.11063979791411142, -0.44477477189854286, 0.2339932603204099], [-0.06892572289724232, 0.9916551589667677, 0.10894627307846419, -0.3436851187853358], [0.4531169907683542, -0.06617311245603694, 0.8889916264312685, -0.4485703198252623], [0.0, 0.0, 0.0, 1.0]]"
0.39166666666666666,14.27253745948248,-7.5961573193892455,23.290967267858285,-80.93500275879393,-15.64325568061378,41.785109757089536,7.086782728544028,14.262571359709785,7.644309299264189,-23.356823951835548,-80.97164672369104,15.639044868990469,41.80049475819499,-7.053134655371607,"[[0.9530586433062971, -0.0, -0.30278576984257455, 0.21958333333333335], [0.0, 1.0, -0.0, 0.3329375], [0.30278576984257455, 0.0, 0.9530586433062971, -0.4520833333333334], [0.0, 0.0, 0.0, 1.0]]","[[0.8853973397657153, -0.11255825939667169, -0.4510013181548211, 0.23440176416975492], [0.06951473335757713, 0.9913912255732195, -0.11095557535633324, 0.34395403205643743], [0.4596077159731106, 0.06688853487722363, 0.8855996111787533, -0.4462412539688064], [0.0, 0.0, 0.0, 1.0]]","[[0.9530586433062971, -0.0, -0.30278576984257455, 0.21958333333333335], [0.0, 1.0, -0.0, -0.3329375], [0.30278576984257455, 0.0, 0.9530586433062971, -0.4520833333333334], [0.0, 0.0, 0.0, 1.0]]","[[0.8857901188412752, 0.11246856284945993, -0.45025180480897187, 0.23434581196893023], [-0.06955799392267013, 0.9914055235973849, 0.1108006013614039, -0.34392977082613596], [0.4588437106952793, -0.066827465545029, 0.8860003041783985, -0.4464866351326189], [0.0, 0.0, 0.0, 1.0]]"
0.4,14.397499185442449,-7.701826322264867,23.436907919853947,-81.4524783808816,-15.64325568061378,41.785109757089536,7.086782728544028,14.387489543213794,7.725706371150524,-23.469125922168896,-81.45543585279222,15.639044868990469,41.80049475819499,-7.053134655371607,"[[0.9510565162951536, -0.0, -0.30901699437494745, 0.22000000000000003], [0.0, 1.0, -0.0, 0.333], [0.30901699437494745, 0.0, 0.9510565162951536, -0.45000000000000007], [0.0, 0.0, 0.0, 1.0]]","[[0.8824101189781064, -0.1143708905547556, -0.456367923192194, 0.23474003210040206], [0.07012615761736649, 0.9911401776734369, -0.11279836088920894, 0.3441936977903027], [0.4652254334651841, 0.06753108613949627, 0.8826125132026803, -0.44418110114700426], [0.0, 0.0, 0.0, 1.0]]","[[0.9510565162951536, -0.0, -0.30901699437494745, 0.22000000000000003], [0.0, 1.0, -0.0, -0.333], [0.30901699437494745, 0.0, 0.9510565162951536, -0.45000000000000007], [0.0, 0.0, 0.0, 1.0]]","[[0.8823660405631553, 0.1147354287960188, -0.45636164589050904, 0.23474102817570347], [-0.07049023144576697, 0.991104431753806, 0.11288548457923131, -0.3442051027885322], [0.465254014202589, -0.06743728002343632, 0.8826046201620622, -0.4441583866701032], [0.0, 0.0, 0.0, 1.0]]"
0.4083333333333333,14.523511052987306,-7.796584097941393,23.56910281614496,-81.96508407809105,-15.64325568061378,41.785109757089536,7.086782728544028,14.512622023903013,7.816948306951786,-23.594767251951282,-81.95633460576427,15.639044868990469,41.80049475819499,-7.053134655371607,"[[0.9490136491882138, -0.0, -0.31523498164776964, 0.22041666666666668], [0.0, 0.9999999999999999, -0.0, 0.33306250000000004], [0.31523498164776964, 0.0, 0.9490136491882138, -0.44791666666666674], [0.0, 0.0, 0.0, 1.0]]","[[0.8794692771328904, -0.11587283373912624, -0.46163543731024, 0.23507293636769389], [0.07036896813020793, 0.9909090809398157, -0.11466211944360656, 0.34443740932266886], [0.47072497161680454, 0.06835700192573489, 0.8796279448631017, -0.442121105260073], [0.0, 0.0, 0.0, 1.0]]","[[0.9490136491882138, -0.0, -0.31523498164776964, 0.22041666666666668], [0.0, 0.9999999999999999, -0.0, -0.33306250000000004], [0.31523498164776964, 0.0, 0.9490136491882138, -0.44791666666666674], [0.0, 0.0, 0.0, 1.0]]","[[0.8795231695774596, 0.11606466384217204, -0.46148454793592286, 0.2350578850579308], [-0.07057214564206363, 0.9908889728815897, 0.11471100941559, -0.3444408620894019], [0.470593844451768, -0.06832303585813367, 0.8797007424887361, -0.4421439697978667], [0.0, 0.0, 0.0, 1.0]]"
0.4166666666666667,14.638015759327985,-7.883329207947847,23.689196324774,-82.43265150791345,-15.64325568061378,41.785109757089536,7.086782728544028,14.634998523262132,7.931037225526739,-23.75336082938439,-82.49098132342536,15.639044868990469,41.80049475819499,-7.053134655371607,"[[0.9469301294951056, -0.0, -0.3214394653031616, 0.22083333333333335], [0.0, 1.0, -0.0, 0.333125], [0.3214394653031616, 0.0, 0.9469301294951056, -0.44583333333333336], [0.0, 0.0, 0.0, 1.0]]","[[0.876173222796186, -0.1177099874971674, -0.46740222774219004, 0.23543364361821015], [0.07082500518112506, 0.990636872189332, -0.11671506372371566, 0.3447035054887175], [0.4767644096364985, 0.06915884833016016, 0.8763063114012173, -0.43986054976974004], [0.0, 0.0, 0.0, 1.0]]","[[0.9469301294951056, -0.0, -0.3214394653031616, 0.22083333333333335], [0.0, 1.0, -0.0, -0.333125], [0.3214394653031616, 0.0, 0.9469301294951056, -0.44583333333333336], [0.0, 0.0, 0.0, 1.0]]","[[0.8765777586884114, 0.11778473386684976, -0.46662424866343677, 0.23537979747116913], [-0.07107691230719312, 0.9906400837530285, 0.11653453135731343, -0.3446768580099019], [0.4759826735393601, -0.06898536750433723, 0.8767448394833098, -0.44013658179755055], [0.0, 0.0, 0.0, 1.0]]"
0.425,14.75619510744213,-7.9822670593964204,23.828214580045852,-82.93868656314136,-15.64325568061378,41.785109757089536,7.086782728544028,14.749663739048305,8.01737337795664,-23.87472816829364,-82.96815882940996,15.639044868990469,41.80049475819499,-7.053134655371607,"[[0.944806046466878, -0.0, -0.3276301795616935, 0.22125], [0.0, 1.0, -0.0, 0.3331875], [0.3276301795616935, 0.0, 0.944806046466878, -0.44375000000000003], [0.0, 0.0, 0.0, 1.0]]","[[0.8727626996840342, -0.1196426478932042, -0.47325564639562345, 0.23580722430540813], [0.07132576177946146, 0.9903493194381632, -0.11883122988064483, 0.3449811576099197], [0.48290569032350006, 0.06995614550180636, 0.8728735486653918, -0.43755097013410493], [0.0, 0.0, 0.0, 1.0]]","[[0.944806046466878, -0.0, -0.3276301795616935, 0.22125], [0.0, 1.0, -0.0, -0.3331875], [0.3276301795616935, 0.0, 0.944806046466878, -0.44375000000000003], [0.0, 0.0, 0.0, 1.0]]","[[0.8731289112337383, 0.1197292744847119, -0.4725577268431357, 0.23575751743977524], [-0.07157068970186214, 0.9903497167831319, 0.11868055798305976, -0.34495787456476934], [0.48220694804553255, -0.06980214394225409, 0.8732720767078712, -0.4377963238915618], [0.0, 0.0, 0.0, 1.0]]"
0.43333333333333335,14.882118182527778,-8.08964702465913,23.979781600370313,-83.48741030068184,-15.64325568061378,41.785109757089536,7.086782728544028,14.86446555861788,8.11107332808546,-24.00667717777453,-83.46173561959176,15.639044868990469,41.80049475819499,-7.053134655371607,"[[0.9426414910921784, -0.0, -0.33380685923377096, 0.22166666666666668], [0.0, 1.0, -0.0, 0.33325], [0.33380685923377096, 0.0, 0.9426414910921784, -0.4416666666666667], [0.0, 0.0, 0.0, 1.0]]","[[0.8695581808640525, -0.12142957741815244, -0.47866839024574065, 0.23614681108017477], [0.07175354410827861, 0.9900782159290177, -0.12081620442107352, 0.3452383442084326], [0.48858980648423384, 0.07071056548255172, 0.8696436148956862, -0.43539566683575487], [0.0, 0.0, 0.0, 1.0]]","[[0.9426414910921784, -0.0, -0.33380685923377096, 0.22166666666666668], [0.0, 1.0, -0.0, -0.33325], [0.33380685923377096, 0.0, 0.9426414910921784, -0.4416666666666667], [0.0, 0.0, 0.0, 1.0]]","[[0.8699583229846877, 0.12142755716213384, -0.47794127738803543, 0.23609429106697422], [-0.07190572213313627, 0.9900861313848766, 0.12066076232082013, -0.34521418367938095], [0.4878545719722041, -0.07060312175085437, 0.8700650066545901, -0.4356483896944995], [0.0, 0.0, 0.0, 1.0]]"
0.44166666666666665,14.989358982686149,-8.198391320208549,24.133879205782264,-83.98977071413627,-15.64325568061378,41.785109757089536,7.086782728544028,14.97822065169715,8.221151218070323,-24.162402075756237,-83.98549501571586,15.639044868990469,41.80049475819499,-7.053134655371607,"[[0.940436556093355, -0.0, -0.33996923973099424, 0.22208333333333335], [0.0, 1.0, -0.0, 0.3333125], [0.33996923973099424, 0.0, 0.940436556093355, -0.4395833333333334], [0.0, 0.0, 0.0, 1.0]]","[[0.8658558222030527, -0.1237171339241929, -0.4847553670983528, 0.23654422944391773], [0.07251590786768244, 0.9897447150966323, -0.12307250726466873, 0.34553738255189914], [0.49501024056397186, 0.07141057142937218, 0.8659476843464212, -0.4329724821273374], [0.0, 0.0, 0.0, 1.0]]","[[0.940436556093355, -0.0, -0.33996923973099424, 0.22208333333333335], [0.0, 1.0, -0.0, -0.3333125], [0.33996923973099424, 0.0, 0.940436556093355, -0.4395833333333334], [0.0, 0.0, 0.0, 1.0]]","[[0.8662373361732035, 0.12367034000626549, -0.4840852449954319, 0.2364901265918431], [-0.07260109981339762, 0.9897549112545919, 0.12294021292197349, -0.3455137975755241], [0.4943298066326141, -0.07135028135999039, 0.8663412604882748, -0.43319898149436264], [0.0, 0.0, 0.0, 1.0]]"
0.45,15.087209980283044,-8.281220170499648,24.25225662938234,-84.42660229269362,-15.64325568061378,41.785109757089536,7.086782728544028,15.07479269637196,8.306140969460085,-24.28326739576149,-84.4213225564652,15.639044868990469,41.80049475819499,-7.053134655371607,"[[0.938191335922484, -0.0, -0.34611705707749296, 0.2225], [0.0, 1.0, -0.0, 0.33337500000000003], [0.34611705707749296, 0.0, 0.938191335922484, -0.43750000000000006], [0.0, 0.0, 0.0, 1.0]]","[[0.8630545474842726, -0.1251978518536481, -0.4893489000273218, 0.23682909804437874], [0.07277490058498631, 0.9895081130442205, -0.12480988768728174, 0.3457602020156634], [0.4998406365148428, 0.07210542358864908, 0.8631107379574992, -0.43110819030122316], [0.0, 0.0, 0.0, 1.0]]","[[0.938191335922484, -0.0, -0.34611705707749296, 0.2225], [0.0, 1.0, -0.0, -0.33337500000000003], [0.34611705707749296, 0.0, 0.938191335922484, -0.43750000000000006], [0.0, 0.0, 0.0, 1.0]]","[[0.8637510129751771, 0.12505116247125234, -0.48815611677919585, 0.23674762918190906], [-0.07291361356848927, 0.9895399105779852, 0.12447638462655544, -0.34571298280900953], [0.4986158767435514, -0.07192337685274242, 0.8638340322778202, -0.43155457424305094], [0.0, 0.0, 0.0, 1.0]]"
0.4583333333333333,15.195816818275416,-8.385878305378107,24.401491140105243,-84.93681059350439,-15.64325568061378,41.785109757089536,7.086782728544028,15.181087515330283,8.419882402161015,-24.445035303611366,-84.94066282019628,15.639044868990469,41.80049475819499,-7.053134655371607,"[[0.9359059267573256, -0.0, -0.35225004792123343, 0.22291666666666668], [0.0, 0.9999999999999999, -0.0, 0.3334375], [0.35225004792123343, 0.0, 0.9359059267573256, -0.43541666666666673], [0.0, 0.0, 0.0, 1.0]]","[[0.8597900615350452, -0.12695917586099253, -0.49461340231564804, 0.23715832936779302], [0.07311269249109706, 0.9892268152401, -0.1268260312657922, 0.34602031622860213], [0.5053865691550041, 0.07288124364078179, 0.8598097115310501, -0.42895974991184566], [0.0, 0.0, 0.0, 1.0]]","[[0.9359059267573256, -0.0, -0.35225004792123343, 0.22291666666666668], [0.0, 0.9999999999999999, -0.0, -0.3334375], [0.35225004792123343, 0.0, 0.9359059267573256, -0.43541666666666673], [0.0, 0.0, 0.0, 1.0]]","[[0.8603639441637853, 0.12705307697714305, -0.49359031515374724, 0.23709367383887517], [-0.07348403373679573, 0.9892350425060393, 0.12654693778928122, -0.34598251186633205], [0.5043550142198497, -0.07260541514732155, 0.8604385354704777, -0.4293547324256824], [0.0, 0.0, 0.0, 1.0]]"
0.4666666666666667,15.295725410359777,-8.484711996441836,24.543250008781563,-85.4172665902906,-15.64325568061378,41.785109757089536,7.086782728544028,15.288251475860491,8.514930460877267,-24.58191229457842,-85.4382694219884,15.639044868990469,41.80049475819499,-7.053134655371607,"[[0.9335804264972019, -0.0, -0.3583679495453003, 0.22333333333333336], [0.0, 1.0, -0.0, 0.3335], [0.3583679495453003, 0.0, 0.9335804264972019, -0.43333333333333335], [0.0, 0.0, 0.0, 1.0]]","[[0.8566261321777325, -0.12878711343487007, -0.4996053933689388, 0.23747260241807522], [0.07358619840516525, 0.9889423517382044, -0.128755956533224, 0.3462694289124616], [0.5106630406388285, 0.07353165543916255, 0.8566308157974956, -0.42691798912501305], [0.0, 0.0, 0.0, 1.0]]","[[0.9335804264972019, -0.0, -0.3583679495453003, 0.22333333333333336], [0.0, 1.0, -0.0, -0.3335], [0.3583679495453003, 0.0, 0.9335804264972019, -0.43333333333333335], [0.0, 0.0, 0.0, 1.0]]","[[0.8564992291302544, 0.12907824036003349, -0.49974781476744584, 0.2374758336488205], [-0.07379752755865389, 0.9889024223662131, 0.12894155251301204, -0.34629005212662756], [0.5108453733034192, -0.07355818719757538, 0.8565198174418949, -0.4268192353575371], [0.0, 0.0, 0.0, 1.0]]"
0.475,15.395756945849199,-8.576038455834079,24.67629526362424,-85.89372009622318,-15.64325568061378,41.785109757089536,7.086782728544028,15.38899676611818,8.605941024020394,-24.714810700353944,-85.9180423998576,15.639044868990469,41.80049475819499,-7.053134655371607,"[[0.9312149347588037, -0.0, -0.36447049987914965, 0.22375], [0.0, 1.0, -0.0, 0.3335625], [0.36447049987914965, 0.0, 0.9312149347588037, -0.43125], [0.0, 0.0, 0.0, 1.0]]","[[0.8530410565495493, -0.130798846145222, -0.5051857259344401, 0.23782583305153548], [0.07403745347311991, 0.9886206909707026, -0.13094878719494277, 0.346553715721545], [0.516565011711057, 0.07430202710350065, 0.8530180522382081, -0.424613771924902], [0.0, 0.0, 0.0, 1.0]]","[[0.9312149347588037, -0.0, -0.36447049987914965, 0.22375], [0.0, 1.0, -0.0, -0.3335625], [0.36447049987914965, 0.0, 0.9312149347588037, -0.43125], [0.0, 0.0, 0.0, 1.0]]","[[0.8529065876402487, 0.1310770007297675, -0.5053406500961062, 0.23783173664729923], [-0.07422461800036603, 0.9885804891302364, 0.13114618787338952, -0.3465769104069029], [0.5167601560129869, -0.07434673086767951, 0.8528959518995987, -0.4245075234094606], [0.0, 0.0, 0.0, 1.0]]"
0.48333333333333334,15.492262396179601,-8.669117712522073,24.81316030176025,-86.37041265877671,-15.64325568061378,41.785109757089536,7.086782728544028,15.48505825415253,8.698409832551318,-24.850198710081937,-86.39145647160952,15.639044868990469,41.80049475819499,-7.053134655371607,"[[0.9288095528719243, -0.0, -0.3705574375098362, 0.22416666666666668], [0.0, 1.0, -0.0, 0.333625], [0.3705574375098362, 0.0, 0.9288095528719243, -0.4291666666666667], [0.0, 0.0, 0.0, 1.0]]","[[0.8494512803745822, -0.13272768083017553, -0.5107013657818296, 0.2381771830840241], [0.07436982255939799, 0.9883012800378713, -0.13315295478504643, 0.34684069230493564], [0.5223998964035756, 0.07512617797377967, 0.8493847217960688, -0.42231156235547246], [0.0, 0.0, 0.0, 1.0]]","[[0.9288095528719243, -0.0, -0.3705574375098362, 0.22416666666666668], [0.0, 1.0, -0.0, -0.333625], [0.3705574375098362, 0.0, 0.9288095528719243, -0.4291666666666667], [0.0, 0.0, 0.0, 1.0]]","[[0.8499050245038059, 0.13268783499208606, -0.5099562606423204, 0.2381208927990935], [-0.07450066753792564, 0.9883134720320855, 0.13298921586462484, -0.34681387845511097], [0.521642693670283, -0.07503612093516862, 0.8498579179459436, -0.4225807374113401], [0.0, 0.0, 0.0, 1.0]]"
0.49166666666666664,15.572342949103417,-8.754505322430987,24.938239848483402,-86.7844997073979,-15.64325568061378,41.785109757089536,7.086782728544028,15.571974118888235,8.78965176835258,-24.984176285746322,-86.83982423967501,15.639044868990469,41.80049475819499,-7.053134655371607,"[[0.9263643838751181, -0.0, -0.3766285016932107, 0.22458333333333336], [0.0, 1.0, -0.0, 0.3336875], [0.3766285016932107, 0.0, 0.9263643838751181, -0.42708333333333337], [0.0, 0.0, 0.0, 1.0]]","[[0.8461932809117068, -0.13454479631972385, -0.5156109280486263, 0.23848738434849429], [0.07475054499747148, 0.988003425258049, -0.13513544206071215, 0.3470964120355632], [0.5276071335401584, 0.07580850520652098, 0.8460991568225857, -0.42025239500308864], [0.0, 0.0, 0.0, 1.0]]","[[0.9263643838751181, -0.0, -0.3766285016932107, 0.22458333333333336], [0.0, 1.0, -0.0, -0.3336875], [0.3766285016932107, 0.0, 0.9263643838751181, -0.42708333333333337], [0.0, 0.0, 0.0, 1.0]]","[[0.8466527770799376, 0.13450568053794376, -0.5148662903763019, 0.23843481831539987], [-0.07488359516530152, 0.9880154899537745, 0.1349734743811627, -0.3470718495189893], [0.5268505691730332, -0.07572062806413961, 0.846578327296195, -0.4205236952899636], [0.0, 0.0, 0.0, 1.0]]"
0.5,15.670491059929207,-8.842531946680465,25.06865206540104,-87.26557042120942,-15.64325568061378,41.785109757089536,7.086782728544028,15.657223417466458,8.870677448702795,-25.10363287923526,-87.26673155336832,15.639044868990469,41.80049475819499,-7.053134655371607,"[[0.9238795325112867, -0.0, -0.3826834323650897, 0.225], [0.0, 1.0, -0.0, 0.33375], [0.3826834323650897, 0.0, 0.9238795325112867, -0.42500000000000004], [0.0, 0.0, 0.0, 1.0]]","[[0.8427231745848756, -0.13626631148768356, -0.5208158440093109, 0.2388073920189087], [0.0748734712742333, 0.9876997539287244, -0.13727038787911852, 0.34736833320721267], [0.5331150104029485, 0.07668564691439128, 0.8425602039263339, -0.41803467674261785], [0.0, 0.0, 0.0, 1.0]]","[[0.9238795325112867, -0.0, -0.3826834323650897, 0.225], [0.0, 1.0, -0.0, -0.33375], [0.3826834323650897, 0.0, 0.9238795325112867, -0.42500000000000004], [0.0, 0.0, 0.0, 1.0]]","[[0.8431350875630212, 0.13630363006378943, -0.5201389665767508, 0.2387603488240398], [-0.07507557382656353, 0.9877033672857836, 0.13713393623365794, -0.3473471601968763], [0.5324348620579882, -0.07657270194892163, 0.8430004383044726, -0.41828337778115204], [0.0, 0.0, 0.0, 1.0]]"
0.5083333333333333,15.763209170364838,-8.940148156524641,25.214935934402494,-87.75932479630963,-15.64325568061378,41.785109757089536,7.086782728544028,15.748080301353259,8.971797545591187,-25.253879965502616,-87.7598575510649,15.639044868990469,41.80049475819499,-7.053134655371607,"[[0.9213551052231925, -0.0, -0.38872197015239557, 0.22541666666666668], [0.0, 1.0, -0.0, 0.3338125], [0.38872197015239557, 0.0, 0.9213551052231925, -0.4229166666666667], [0.0, 0.0, 0.0, 1.0]]","[[0.8394259068589729, -0.13802578718786962, -0.5256548572639274, 0.23911240723052554], [0.07513993539011224, 0.987398446052608, -0.13927777583830378, 0.3476268091323205], [0.5382547138702648, 0.07741570127605873, 0.839219084740317, -0.41596888710313656], [0.0, 0.0, 0.0, 1.0]]","[[0.9213551052231925, -0.0, -0.38872197015239557, 0.22541666666666668], [0.0, 1.0, -0.0, -0.3338125], [0.38872197015239557, 0.0, 0.9213551052231925, -0.4229166666666667], [0.0, 0.0, 0.0, 1.0]]","[[0.8394196432412023, 0.13836177066360472, -0.5255765243612432, 0.23910522905888243], [-0.07547128275703444, 0.987357255205842, 0.13939058817364014, -0.34763865227419977], [0.5382181230874897, -0.07734126331537156, 0.8392494152330177, -0.41596900059447617], [0.0, 0.0, 0.0, 1.0]]"
0.5166666666666666,15.842212260947083,-9.026092426850912,25.34415286821538,-88.19108837450283,-15.64325568061378,41.785109757089536,7.086782728544028,15.829055609058345,9.070557812121342,-25.401400098743842,-88.2247133957868,15.639044868990469,41.80049475819499,-7.053134655371607,"[[0.9187912101488983, -0.0, -0.3947438563842673, 0.22583333333333336], [0.0, 1.0, -0.0, 0.33387500000000003], [0.3947438563842673, 0.0, 0.9187912101488983, -0.4208333333333334], [0.0, 0.0, 0.0, 1.0]]","[[0.8359361959219852, -0.1398920390679031, -0.5306984960906754, 0.23943140010248823], [0.07541863226000668, 0.9870760146304599, -0.1413965036670918, 0.34789983045907613], [0.5436200017066243, 0.0781739006745365, 0.8356830350065851, -0.4138007421801794], [0.0, 0.0, 0.0, 1.0]]","[[0.9187912101488983, -0.0, -0.3947438563842673, 0.22583333333333336], [0.0, 1.0, -0.0, -0.33387500000000003], [0.3947438563842673, 0.0, 0.9187912101488983, -0.4208333333333334], [0.0, 0.0, 0.0, 1.0]]","[[0.8362466916610434, 0.14020593691395478, -0.5301261792630508, 0.23939808393958406], [-0.0759140914542556, 0.9870516468058892, 0.1413014410983033, -0.3478865730584246], [0.543073219192988, -0.07791881539052356, 0.8360622804573249, -0.41402632374808], [0.0, 0.0, 0.0, 1.0]]"
0.525,15.92768354067333,-9.12199084411883,25.489596623948927,-88.67222739020603,-15.64325568061378,41.785109757089536,7.086782728544028,15.909235199725126,9.15860492693833,-25.53364792900092,-88.66919478621455,15.639044868990469,41.80049475819499,-7.053134655371607,"[[0.9161879571171359, -0.0, -0.4007488331031409, 0.22625], [0.0, 1.0, -0.0, 0.3339375], [0.4007488331031409, 0.0, 0.9161879571171359, -0.41875000000000007], [0.0, 0.0, 0.0, 1.0]]","[[0.8328629837454375, -0.14153056920101656, -0.5350778899265819, 0.23970776644812308], [0.07565129656910236, 0.986789872262313, -0.14325721387749296, 0.34813874253843025], [0.5482847176732731, 0.07883429445466174, 0.832567728406389, -0.41190482200010736], [0.0, 0.0, 0.0, 1.0]]","[[0.9161879571171359, -0.0, -0.4007488331031409, 0.22625], [0.0, 1.0, -0.0, -0.3339375], [0.4007488331031409, 0.0, 0.9161879571171359, -0.41875000000000007], [0.0, 0.0, 0.0, 1.0]]","[[0.8328474704806073, 0.14199674786330757, -0.5349785178026296, 0.23969914076097149], [-0.07614429625668617, 0.9867364121526623, 0.1433642182682467, -0.3481487189523983], [0.5482400359893722, -0.07866496379161265, 0.8326131673292443, -0.4119236801474344], [0.0, 0.0, 0.0, 1.0]]"
0.5333333333333333,16.003235678177425,-9.216529199968269,25.632521747426026,-89.12300621504853,-15.64325568061378,41.785109757089536,7.086782728544028,15.989614573425127,9.239869663909495,-25.657977862462666,-89.10850572344059,15.639044868990469,41.80049475819499,-7.053134655371607,"[[0.9135454576426011, -0.0, -0.4067366430758002, 0.22666666666666668], [0.0, 1.0000000000000002, -0.0, 0.334], [0.4067366430758002, 0.0, 0.9135454576426011, -0.41666666666666674], [0.0, 0.0, 0.0, 1.0]]","[[0.8288656648328427, -0.14373984220425381, -0.5406667803964899, 0.240062210054333], [0.07604544754149892, 0.9864074605732727, -0.14566197730911426, 0.3484479277552808], [0.5542551755008004, 0.07961896437711305, 0.8285300362341085, -0.4094739470061638], [0.0, 0.0, 0.0, 1.0]]","[[0.9135454576426011, -0.0, -0.4067366430758002, 0.22666666666666668], [0.0, 1.0000000000000002, -0.0, -0.334], [0.4067366430758002, 0.0, 0.9135454576426011, -0.41666666666666674], [0.0, 0.0, 0.0, 1.0]]","[[0.829036595487184, 0.14386230511973472, -0.5403720574832266, 0.24003146364020217], [-0.07620662848389786, 0.9863909939771907, 0.14568924728958874, -0.3484437784811414], [0.5539773218446188, -0.07960178494434736, 0.8287174927051664, -0.40955683541882315], [0.0, 0.0, 0.0, 1.0]]"
0.5416666666666666,16.083073759385705,-9.308084470697704,25.774418927433043,-89.59370870169995,-15.64325568061378,41.785109757089536,7.086782728544028,16.068323965873063,9.338182553049013,-25.810038363954657,-89.59234949405513,15.639044868990469,41.80049475819499,-7.053134655371607,"[[0.9108638249211759, -0.0, -0.4127070298043947, 0.22708333333333336], [0.0, 1.0, -0.0, 0.3340625], [0.4127070298043947, 0.0, 0.9108638249211759, -0.4145833333333334], [0.0, 0.0, 0.0, 1.0]]","[[0.8251368966112025, -0.14566382592266808, -0.5458306987229692, 0.2403889334368485], [0.07622444856712023, 0.9860580770438916, -0.14791653774051625, 0.3487377865823893], [0.559766857978813, 0.08044574888751913, 0.824736046377539, -0.4071987731835528], [0.0, 0.0, 0.0, 1.0]]","[[0.9108638249211759, -0.0, -0.4127070298043947, 0.22708333333333336], [0.0, 1.0, -0.0, -0.3340625], [0.4127070298043947, 0.0, 0.9108638249211759, -0.4145833333333334], [0.0, 0.0, 0.0, 1.0]]","[[0.8257959582196209, 0.14563430993363746, -0.5448409705210239, 0.24031971441674752], [-0.07649088848295016, 0.9860786953564287, 0.14764129010291271, -0.34869702090189303], [0.5587577107899514, -0.08024621071624988, 0.8254394988722409, -0.40759800984603206], [0.0, 0.0, 0.0, 1.0]]"
0.55,16.14644254695779,-9.388123188712852,25.898081209903417,-89.98804967343064,-15.64325568061378,41.785109757089536,7.086782728544028,16.133320046014905,9.442306225624918,-25.96817431871338,-90.0453003190537,15.639044868990469,41.80049475819499,-7.053134655371607,"[[0.9081431738250813, -0.0, -0.41865973753742813, 0.2275], [0.0, 0.9999999999999999, -0.0, 0.334125], [0.41865973753742813, 0.0, 0.9081431738250813, -0.41250000000000003], [0.0, 0.0, 0.0, 1.0]]","[[0.8214938568622907, -0.14769186317883806, -0.5507585284753036, 0.24070388752414307], [0.07658536202108918, 0.9857009893610075, -0.15009411013370927, 0.3490178240858281], [0.5650509051949366, 0.08112134813657075, 0.8210583422722701, -0.4050238162541481], [0.0, 0.0, 0.0, 1.0]]","[[0.9081431738250813, -0.0, -0.41865973753742813, 0.2275], [0.0, 0.9999999999999999, -0.0, -0.334125], [0.41865973753742813, 0.0, 0.9081431738250813, -0.41250000000000003], [0.0, 0.0, 0.0, 1.0]]","[[0.8220488309025002, 0.14780753784771866, -0.5498987646533021, 0.24064897688097736], [-0.07697476372395057, 0.985703628230389, 0.14987742672960772, -0.3489874438185534], [0.5641902209020239, -0.08087823594046895, 0.8216739655055911, -0.4053759173077001], [0.0, 0.0, 0.0, 1.0]]"
0.5583333333333333,16.213344249878066,-9.482528355873477,26.044307022296927,-90.43388344131405,-15.64325568061378,41.785109757089536,7.086782728544028,16.199953664010255,9.50758234352273,-26.073106514932284,-90.4282485352488,15.639044868990469,41.80049475819499,-7.053134655371607,"[[0.9053836208979552, -0.0, -0.4245945112807131, 0.22791666666666668], [0.0, 0.9999999999999999, -0.0, 0.3341875], [0.4245945112807131, 0.0, 0.9053836208979552, -0.4104166666666667], [0.0, 0.0, 0.0, 1.0]]","[[0.8183562289662567, -0.14925521386459073, -0.5549918590811606, 0.2409683776170184], [0.07664997309552313, 0.9854062904211724, -0.15198429005275305, 0.34925808498708905], [0.5695769167869983, 0.08183717940287942, 0.8178537839557862, -0.4031269947285679], [0.0, 0.0, 0.0, 1.0]]","[[0.9053836208979552, -0.0, -0.4245945112807131, 0.22791666666666668], [0.0, 0.9999999999999999, -0.0, -0.3341875], [0.4245945112807131, 0.0, 0.9053836208979552, -0.4104166666666667], [0.0, 0.0, 0.0, 1.0]]","[[0.8183493483754554, 0.14957983271553402, -0.5549146039331282, 0.24096166070449423], [-0.07695586485766637, 0.9853615560987377, 0.15211968520439068, -0.34927275804492997], [0.5695455546990743, -0.08178311199426926, 0.8178810327395156, -0.4031234348143712], [0.0, 0.0, 0.0, 1.0]]"
0.5666666666666667,16.28360982096457,-9.570847824483618,26.183034994529056,-90.88406803969876,-15.64325568061378,41.785109757089536,7.086782728544028,16.272512471110595,9.590793684407348,-26.204679864008824,-90.87503169942684,15.639044868990469,41.80049475819499,-7.053134655371607,"[[0.9025852843498605, -0.0, -0.4305110968082951, 0.22833333333333333], [0.0, 1.0, -0.0, 0.33425], [0.4305110968082951, 0.0, 0.9025852843498605, -0.4083333333333334], [0.0, 0.0, 0.0, 1.0]]","[[0.8145453212243127, -0.1513023944331481, -0.5600209863124574, 0.2412861828137782], [0.07691457563302187, 0.9850323947106095, -0.154257348044994, 0.3495478680338507], [0.5749783193536724, 0.0825758246067112, 0.8139908878259929, -0.40087004559879297], [0.0, 0.0, 0.0, 1.0]]","[[0.9025852843498605, -0.0, -0.4305110968082951, 0.22833333333333333], [0.0, 1.0, -0.0, -0.33425], [0.4305110968082951, 0.0, 0.9025852843498605, -0.4083333333333334], [0.0, 0.0, 0.0, 1.0]]","[[0.8151699468737791, 0.1511221086740251, -0.5591601434148508, 0.24122142401161384], [-0.07695927911205266, 0.9850637568008681, 0.1540346207705053, -0.3495128393663503], [0.5740864282251876, -0.08253183208481663, 0.8146246188400951, -0.40120459235657324], [0.0, 0.0, 0.0, 1.0]]"
0.575,16.347883608601684,-9.658718208155832,26.323880325403888,-91.32660965640224,-15.64325568061378,41.785109757089536,7.086782728544028,16.33705434367263,9.680332341784338,-26.34851340264554,-91.32441033548949,15.639044868990469,41.80049475819499,-7.053134655371607,"[[0.8997482840522215, -0.0, -0.43640924067334197, 0.22875], [0.0, 1.0, -0.0, 0.3343125], [0.43640924067334197, 0.0, 0.8997482840522215, -0.40625000000000006], [0.0, 0.0, 0.0, 1.0]]","[[0.8106163974291407, -0.1533366549249775, -0.5651450490585758, 0.24161564524895895], [0.07707369361997828, 0.9846491402481562, -0.15660688477950344, 0.3498510700665721], [0.580483162521339, 0.08339029239057333, 0.809990961162061, -0.398547019981116], [0.0, 0.0, 0.0, 1.0]]","[[0.8997482840522215, -0.0, -0.43640924067334197, 0.22875], [0.0, 1.0, -0.0, -0.3343125], [0.43640924067334197, 0.0, 0.8997482840522215, -0.40625000000000006], [0.0, 0.0, 0.0, 1.0]]","[[0.8113176629386014, 0.15321624148679153, -0.5641705709699038, 0.2415463464426802], [-0.07724576906215407, 0.9846793110596287, 0.1563321641030135, -0.3498103422862442], [0.5794797157501222, -0.08325525638538603, 0.8107230237993499, -0.3989438973820797], [0.0, 0.0, 0.0, 1.0]]"
0.5833333333333334,16.413835915227327,-9.742892605713424,26.461308854146424,-91.77528478298036,-15.64325568061378,41.785109757089536,7.086782728544028,16.39675019701854,9.76618525833046,-26.48606316724584,-91.75156353599291,15.639044868990469,41.80049475819499,-7.053134655371607,"[[0.8968727415326883, -0.0, -0.4422886902190013, 0.22916666666666669], [0.0, 1.0, -0.0, 0.33437500000000003], [0.4422886902190013, 0.0, 0.8968727415326883, -0.4041666666666667], [0.0, 0.0, 0.0, 1.0]]","[[0.8070386333530069, -0.1550453132771246, -0.569780304245864, 0.2419075130248162], [0.07702114394533757, 0.9843097338101297, -0.15875166554081677, 0.3501243158471315], [0.5854540013195424, 0.08423359637003547, 0.8063177497621563, -0.39641780599555076], [0.0, 0.0, 0.0, 1.0]]","[[0.8968727415326883, -0.0, -0.4422886902190013, 0.22916666666666669], [0.0, 1.0, -0.0, -0.33437500000000003], [0.4422886902190013, 0.0, 0.8968727415326883, -0.4041666666666667], [0.0, 0.0, 0.0, 1.0]]","[[0.8077064542314925, 0.15501572275348025, -0.5688412867329572, 0.24184285095593297], [-0.07729146953901579, 0.9843300975764047, 0.1584938097899263, -0.3500866076776166], [0.5844966317518773, -0.08404989413700706, 0.8070311659200459, -0.39680716310306646], [0.0, 0.0, 0.0, 1.0]]"
0.5916666666666667,16.470898730648198,-9.819792851804952,26.588319636857396,-92.1830334160518,-15.64325568061378,41.785109757089536,7.086782728544028,16.45423989926254,9.852552146611625,-26.62650893205423,-92.18319734059187,15.639044868990469,41.80049475819499,-7.053134655371607,"[[0.8939587799699321, -0.0, -0.4481491935892225, 0.22958333333333336], [0.0, 0.9999999999999999, -0.0, 0.3344375], [0.4481491935892225, 0.0, 0.8939587799699321, -0.40208333333333335], [0.0, 0.0, 0.0, 1.0]]","[[0.8030327293290895, -0.15718350243637433, -0.5748319599570887, 0.24223683869979068], [0.07724882433766178, 0.9839059845150255, -0.1611261393255848, 0.3504316068534042], [0.5909069764055276, 0.08498447033048451, 0.8022509489168116, -0.39409894730615375], [0.0, 0.0, 0.0, 1.0]]","[[0.8939587799699321, -0.0, -0.4481491935892225, 0.22958333333333336], [0.0, 0.9999999999999999, -0.0, -0.3344375], [0.4481491935892225, 0.0, 0.8939587799699321, -0.40208333333333335], [0.0, 0.0, 0.0, 1.0]]","[[0.8037252381517729, 0.15707246337350717, -0.5738937034047807, 0.24216728429668666], [-0.07742803439821999, 0.983934965721703, 0.16086293146483255, -0.35039065952494397], [0.589941218298149, -0.0848541364932176, 0.8029751767476292, -0.3944845954442927], [0.0, 0.0, 0.0, 1.0]]"
0.6,16.526771385606196,-9.900563253834937,26.72125902376794,-92.60081559701396,-15.64325568061378,41.785109757089536,7.086782728544028,16.50857405410999,9.937733143298146,-26.765977979811304,-92.6082331824526,15.639044868990469,41.80049475819499,-7.053134655371607,"[[0.8910065241883678, -0.0, -0.45399049973954675, 0.23], [0.0, 1.0, -0.0, 0.3345], [0.45399049973954675, 0.0, 0.8910065241883678, -0.4], [0.0, 0.0, 0.0, 1.0]]","[[0.7996659625686994, -0.15875148708763842, -0.5790788492567649, 0.2424997706871334], [0.07713158795612413, 0.9835846779121608, -0.16313154053032705, 0.35068348029422824], [0.5954704580820465, 0.08578546918851948, 0.7987839425199178, -0.39211567023218813], [0.0, 0.0, 0.0, 1.0]]","[[0.8910065241883678, -0.0, -0.45399049973954675, 0.23], [0.0, 1.0, -0.0, -0.3345], [0.45399049973954675, 0.0, 0.8910065241883678, -0.4], [0.0, 0.0, 0.0, 1.0]]","[[0.7999326595153005, 0.15912868356317625, -0.5786067769290549, 0.24247129223380903], [-0.07767994596647154, 0.9835464767683672, 0.16310166777558716, -0.3506772627119753], [0.5950408105629602, -0.08552420770742317, 0.7991320564591269, -0.3923095541178958], [0.0, 0.0, 0.0, 1.0]]"
0.6083333333333333,16.5786108138593,-9.982577604067512,26.856493354239603,-93.01421279652898,-15.64325568061378,41.785109757089536,7.086782728544028,16.559011586035947,10.022541040901256,-26.904331999186375,-93.02236804239799,15.639044868990469,41.80049475819499,-7.053134655371607,"[[0.8880161006528073, -0.0, -0.45981235844785984, 0.2304166666666667], [0.0, 1.0, -0.0, 0.3345625], [0.45981235844785984, 0.0, 0.8880161006528073, -0.3979166666666667], [0.0, 0.0, 0.0, 1.0]]","[[0.796199130158746, -0.16051592674682313, -0.5833537369341736, 0.24277033390935382], [0.07720297670094313, 0.9832377132856721, -0.1651765708606286, 0.35094218260353754], [0.6000888646883643, 0.08647679708089985, 0.7952453194100919, -0.3901185049640077], [0.0, 0.0, 0.0, 1.0]]","[[0.8880161006528073, -0.0, -0.45981235844785984, 0.2304166666666667], [0.0, 1.0, -0.0, -0.3345625], [0.45981235844785984, 0.0, 0.8880161006528073, -0.3979166666666667], [0.0, 0.0, 0.0, 1.0]]","[[0.7963401527686272, 0.1608183670171277, -0.58307787980542, 0.2427525280500905], [-0.07756597377575047, 0.9831985719320392, 0.16523948639177727, -0.35094797872093003], [0.5998548831181246, -0.08635983430243004, 0.7954345342129658, -0.3902098343378593], [0.0, 0.0, 0.0, 1.0]]"
0.6166666666666667,16.630129223221413,-10.06390978915673,26.994621977372066,-93.43987701579334,-15.64325568061378,41.785109757089536,7.086782728544028,16.614032174894987,10.092072366651985,-27.024574064429864,-93.42814275079927,15.639044868990469,41.80049475819499,-7.053134655371607,"[[0.8849876374630419, -0.0, -0.4656145203251114, 0.23083333333333333], [0.0, 1.0, -0.0, 0.334625], [0.4656145203251114, 0.0, 0.8849876374630419, -0.39583333333333337], [0.0, 0.0, 0.0, 1.0]]","[[0.792375145249235, -0.16240939987252606, -0.588017700434519, 0.24307078987728514], [0.07719826741320546, 0.9828559264830428, -0.16743552575710685, 0.3512317617616152], [0.60512978500455, 0.08727780135982745, 0.79132833178785, -0.3879201686462961], [0.0, 0.0, 0.0, 1.0]]","[[0.8849876374630419, -0.0, -0.4656145203251114, 0.23083333333333333], [0.0, 1.0, -0.0, -0.334625], [0.4656145203251114, 0.0, 0.8849876374630419, -0.39583333333333337], [0.0, 0.0, 0.0, 1.0]]","[[0.7925097828887513, 0.16263975038387646, -0.5877725373141337, 0.24304675217807797], [-0.07746214050974559, 0.9828228290830081, 0.16750792047220026, -0.351233950930641], [0.6049197143532957, -0.08722154681237253, 0.7914951300913887, -0.3879905123138792], [0.0, 0.0, 0.0, 1.0]]"
0.625,16.67425395280699,-10.140768200339592,27.124750741439147,-93.8302633079946,-15.64325568061378,41.785109757089536,7.086782728544028,16.661358555654004,10.175141981111327,-27.16617413120798,-93.85242727185128,15.639044868990469,41.80049475819499,-7.053134655371607,"[[0.8819212643483549, -0.0, -0.4713967368259976, 0.23125], [0.0, 1.0, -0.0, 0.3346875], [0.4713967368259976, 0.0, 0.8819212643483549, -0.39375000000000004], [0.0, 0.0, 0.0, 1.0]]","[[0.7885879134228215, -0.16431698425139635, -0.5925614157958371, 0.24336300704281272], [0.07722982590526216, 0.9824718066978788, -0.16966055238165598, 0.3515155504169234], [0.6100529950701689, 0.08802884601272523, 0.7874555641276431, -0.38576538433171814], [0.0, 0.0, 0.0, 1.0]]","[[0.8819212643483549, -0.0, -0.4713967368259976, 0.23125], [0.0, 1.0, -0.0, -0.3346875], [0.4713967368259976, 0.0, 0.8819212643483549, -0.39375000000000004], [0.0, 0.0, 0.0, 1.0]]","[[0.7893303354918313, 0.16426715545211484, -0.5915859389066173, 0.2432964054700423], [-0.07752076401507225, 0.9824973790366415, 0.16937954815339926, -0.35147535171806843], [0.6090551310176054, -0.0878362216047626, 0.7882491012080677, -0.3861856911956199], [0.0, 0.0, 0.0, 1.0]]"
0.6333333333333333,16.722937833663547,-10.219344404098711,27.26033682665307,-94.25202065905371,-15.64325568061378,41.785109757089536,7.086782728544028,16.70667686079704,10.259146477713314,-27.308470877281444,-94.275052056935,15.639044868990469,41.80049475819499,-7.053134655371607,"[[0.8788171126619655, -0.0, -0.4771587602596084, 0.2316666666666667], [0.0, 1.0, -0.0, 0.33475], [0.4771587602596084, 0.0, 0.8788171126619655, -0.3916666666666667], [0.0, 0.0, 0.0, 1.0]]","[[0.7845307457216483, -0.16627008499469148, -0.5973824301511491, 0.24366939596536102], [0.07713306314542304, 0.9820652098198612, -0.17204189673238324, 0.35181694830946575], [0.6152739224014282, 0.08889422083200856, 0.7832852723723531, -0.3834543636646036], [0.0, 0.0, 0.0, 1.0]]","[[0.8788171126619655, -0.0, -0.4771587602596084, 0.2316666666666667], [0.0, 1.0, -0.0, -0.33475], [0.4771587602596084, 0.0, 0.8788171126619655, -0.3916666666666667], [0.0, 0.0, 0.0, 1.0]]","[[0.7846703197181829, 0.1666700647017428, -0.5970875805823476, 0.24364728439068425], [-0.07762612598155463, 0.9820153360090739, 0.17210480646420548, -0.35181974058898347], [0.615033880301289, -0.08869593776099713, 0.7834962391142901, -0.3835628347389001], [0.0, 0.0, 0.0, 1.0]]"
0.6416666666666666,16.762127751573786,-10.305642990488176,27.40804137500189,-94.67031510420364,-15.64325568061378,41.785109757089536,7.086782728544028,16.746676156123925,10.334928280328251,-27.441087537753702,-94.66985748152925,15.639044868990469,41.80049475819499,-7.053134655371607,"[[0.8756753153753998, -0.0, -0.4829003438000374, 0.23208333333333336], [0.0, 1.0, -0.0, 0.3348125], [0.4829003438000374, 0.0, 0.8756753153753998, -0.3895833333333334], [0.0, 0.0, 0.0, 1.0]]","[[0.7809772817651605, -0.16813577355205023, -0.6015021587814585, 0.2439378265688208], [0.0772500482054295, 0.9816916417519481, -0.17410901919953384, 0.3520807485723642], [0.6197635963970133, 0.08950911778371248, 0.7796673665189672, -0.3814780210894451], [0.0, 0.0, 0.0, 1.0]]","[[0.8756753153753998, -0.0, -0.4829003438000374, 0.23208333333333336], [0.0, 1.0, -0.0, -0.3348125], [0.4829003438000374, 0.0, 0.8756753153753998, -0.3895833333333334], [0.0, 0.0, 0.0, 1.0]]","[[0.7817619960800544, 0.16798143583493727, -0.6005251191247222, 0.2438706900150199], [-0.07742613893056816, 0.9817289416531845, 0.173820246607875, -0.3520402206662118], [0.6187514642368398, -0.08938972164265294, 0.780484531025065, -0.3818977873543957], [0.0, 0.0, 0.0, 1.0]]"
0.65,16.800755886424795,-10.38405612348086,27.546398809471544,-95.07656109565765,-15.64325568061378,41.785109757089536,7.086782728544028,16.78820712137219,10.406536837360312,-27.56978025454779,-95.06859709508542,15.639044868990469,41.80049475819499,-7.053134655371607,"[[0.8724960070727971, -0.0, -0.4886212414969549, 0.2325], [0.0, 0.9999999999999999, -0.0, 0.33487500000000003], [0.4886212414969549, 0.0, 0.8724960070727971, -0.38750000000000007], [0.0, 0.0, 0.0, 1.0]]","[[0.7768589526404487, -0.17024984320428005, -0.6062220373685726, 0.24424699537845365], [0.07731070312073042, 0.9812593457420236, -0.17650255402377038, 0.35238708345697234], [0.6249105719103841, 0.09025013730102441, 0.7754622426861174, -0.3791936241178303], [0.0, 0.0, 0.0, 1.0]]","[[0.8724960070727971, -0.0, -0.4886212414969549, 0.2325], [0.0, 0.9999999999999999, -0.0, -0.33487500000000003], [0.4886212414969549, 0.0, 0.8724960070727971, -0.38750000000000007], [0.0, 0.0, 0.0, 1.0]]","[[0.7777318989275983, 0.16993950369277033, -0.6051889444422519, 0.24417022976878144], [-0.07733604610533737, 0.9813166293484101, 0.17617266796262235, -0.3523382543357822], [0.623820670836792, -0.09021218348388507, 0.7763436948850713, -0.37963437048617804], [0.0, 0.0, 0.0, 1.0]]"
0.6583333333333333,16.839687964693866,-10.4555553974862,27.677205469813753,-95.47655063383193,-15.64325568061378,41.785109757089536,7.086782728544028,16.824856208911186,10.483539536289388,-27.707888387112742,-95.47452889783762,15.639044868990469,41.80049475819499,-7.053134655371607,"[[0.8692793239451436, -0.0, -0.4943212082861446, 0.2329166666666667], [0.0, 0.9999999999999999, -0.0, 0.3349375], [0.4943212082861446, 0.0, 0.8692793239451436, -0.38541666666666674], [0.0, 0.0, 0.0, 1.0]]","[[0.7730921891870184, -0.17192412357459166, -0.6105493941943861, 0.24452605442520545], [0.07700338156077804, 0.9808851412014804, -0.1787031588930567, 0.35266725728847664], [0.6296022127075386, 0.0911396483604166, 0.7715533800395867, -0.37706296744677303], [0.0, 0.0, 0.0, 1.0]]","[[0.8692793239451436, -0.0, -0.4943212082861446, 0.2329166666666667], [0.0, 0.9999999999999999, -0.0, -0.3349375], [0.4943212082861446, 0.0, 0.8692793239451436, -0.38541666666666674], [0.0, 0.0, 0.0, 1.0]]","[[0.7738209983629397, 0.171849745950304, -0.6096463953058356, 0.24446127520581057], [-0.07725106443656737, 0.9809118850620206, 0.1784492835163268, -0.35262917783510445], [0.6286758588780076, -0.09099196976046317, 0.7723257900025807, -0.3774559482144605], [0.0, 0.0, 0.0, 1.0]]"
0.6666666666666666,16.87593919371371,-10.525593011009157,27.805761582824438,-95.8671418317083,-15.64325568061378,41.785109757089536,7.086782728544028,16.860820569985886,10.553956225311282,-27.83715996243899,-95.86639734108876,15.639044868990469,41.80049475819499,-7.053134655371607,"[[0.8660254037844387, -0.0, -0.49999999999999994, 0.23333333333333334], [0.0, 1.0, -0.0, 0.335], [0.49999999999999994, 0.0, 0.8660254037844387, -0.3833333333333334], [0.0, 0.0, 0.0, 1.0]]","[[0.769080749971739, -0.17386331014659295, -0.6150498755448839, 0.24481692126404248], [0.07688242772198439, 0.9804689721788705, -0.18102399537653327, 0.3529610757267038], [0.6345107503663601, 0.09193554252506983, 0.7674268458231963, -0.37484268077222027], [0.0, 0.0, 0.0, 1.0]]","[[0.8660254037844387, -0.0, -0.49999999999999994, 0.23333333333333334], [0.0, 1.0, -0.0, -0.335], [0.49999999999999994, 0.0, 0.8660254037844387, -0.3833333333333334], [0.0, 0.0, 0.0, 1.0]]","[[0.7700530581778956, 0.1736070117226734, -0.6139046286448685, 0.24473533682197507], [-0.07704907616739054, 0.9805270804901681, 0.18063799236921027, -0.3529060117337455], [0.6333101352833556, -0.09180005395505367, 0.7684341368271109, -0.37535309693570795], [0.0, 0.0, 0.0, 1.0]]"
0.675,16.909564214997683,-10.595916638703608,27.93663825260564,-96.25932446366126,-15.64325568061378,41.785109757089536,7.086782728544028,16.888255732334535,10.636260858583581,-27.98376314278414,-96.26743872839523,15.639044868990469,41.80049475819499,-7.053134655371607,"[[0.8627343859777918, -0.0, -0.5056573733779846, 0.23375], [0.0, 1.0, -0.0, 0.3350625], [0.5056573733779846, 0.0, 0.8627343859777918, -0.38125000000000003], [0.0, 0.0, 0.0, 1.0]]","[[0.7652823095117826, -0.17556208478340163, -0.6192906758016126, 0.2450898186235993], [0.07656963483853108, 0.9800848869827142, -0.1832231026065604, 0.353239177367986], [0.639124461876563, 0.09279853821362624, 0.7634843505510822, -0.3727244606224267], [0.0, 0.0, 0.0, 1.0]]","[[0.8627343859777918, -0.0, -0.5056573733779846, 0.23375], [0.0, 1.0, -0.0, -0.3350625], [0.5056573733779846, 0.0, 0.8627343859777918, -0.38125000000000003], [0.0, 0.0, 0.0, 1.0]]","[[0.7660717235690649, 0.17559391236835353, -0.618304853844038, 0.2450246300556836], [-0.07700393485653406, 0.9801045978789974, 0.18293542913569133, -0.353199031669299], [0.6381257778561628, -0.09252975281294046, 0.7643518407643455, -0.37317462412264796], [0.0, 0.0, 0.0, 1.0]]"
0.6833333333333333,16.938044396289342,-10.670042120444819,28.073617696410246,-96.65094702010228,-15.64325568061378,41.785109757089536,7.086782728544028,16.91547745127162,10.7118078734458,-28.1228718980625,-96.66024973775183,15.639044868990469,41.80049475819499,-7.053134655371607,"[[0.8594064115014526, -0.0, -0.511293086077052, 0.2341666666666667], [0.0, 1.0, -0.0, 0.335125], [0.511293086077052, 0.0, 0.8594064115014526, -0.3791666666666667], [0.0, 0.0, 0.0, 1.0]]","[[0.7616144325196226, -0.17726481986075984, -0.623314238420354, 0.24535035901538454], [0.07634607179932515, 0.9797054423325555, -0.1853335468413212, 0.35350573976244337], [0.6435174694587753, 0.0935651105044197, 0.759691277163079, -0.370705580728037], [0.0, 0.0, 0.0, 1.0]]","[[0.8594064115014526, -0.0, -0.511293086077052, 0.2341666666666667], [0.0, 1.0, -0.0, -0.335125], [0.511293086077052, 0.0, 0.8594064115014526, -0.3791666666666667], [0.0, 0.0, 0.0, 1.0]]","[[0.7618902571475472, 0.1776325184746009, -0.6228723179304206, 0.24532434449954083], [-0.07688197450192188, 0.97966199511265, 0.18534167725740494, -0.35350496193864633], [0.6431270465936961, -0.09332236448072237, 0.7600516681301324, -0.3708924026192717], [0.0, 0.0, 0.0, 1.0]]"
0.6916666666666667,16.964023020797487,-10.7370787196012,28.203995762382032,-97.02936682087766,-15.64325568061378,41.785109757089536,7.086782728544028,16.94547051946444,10.776392434690148,-28.250198577022584,-97.04759659577242,15.639044868990469,41.80049475819499,-7.053134655371607,"[[0.8560416229147716, -0.0, -0.5169068966820275, 0.23458333333333334], [0.0, 1.0, -0.0, 0.3351875], [0.5169068966820275, 0.0, 0.8560416229147716, -0.3770833333333334], [0.0, 0.0, 0.0, 1.0]]","[[0.7579715058592664, -0.17903301650313797, -0.6272370965649461, 0.2456131783599267], [0.07621923024766669, 0.9793178772127061, -0.18742231540575027, 0.35377435777844346], [0.6478192844041382, 0.09425324595676532, 0.7559408048126018, -0.3687302851915881], [0.0, 0.0, 0.0, 1.0]]","[[0.8560416229147716, -0.0, -0.5169068966820275, 0.23458333333333334], [0.0, 1.0, -0.0, -0.3351875], [0.5169068966820275, 0.0, 0.8560416229147716, -0.3770833333333334], [0.0, 0.0, 0.0, 1.0]]","[[0.7577625600312548, 0.1795388267991206, -0.6273449707190412, 0.24561753237945594], [-0.07660489580391426, 0.979231801425251, 0.18771459457466105, -0.35380652956264136], [0.6480182038752852, -0.09418539562508245, 0.7557787498317191, -0.36863210782968514], [0.0, 0.0, 0.0, 1.0]]"
0.7,16.98957988112438,-10.80286112527124,28.33189105459052,-97.4046310742565,-15.64325568061378,41.785109757089536,7.086782728544028,16.968594124899518,10.84146364691286,-28.37611994456094,-97.41066213129362,15.639044868990469,41.80049475819499,-7.053134655371607,"[[0.8526401643540922, -0.0, -0.5224985647159489, 0.23500000000000001], [0.0, 1.0, -0.0, 0.33525], [0.5224985647159489, 0.0, 0.8526401643540922, -0.37500000000000006], [0.0, 0.0, 0.0, 1.0]]","[[0.7539336013680299, -0.18088102553613128, -0.6315585319898942, 0.2458947135483246], [0.07591990714664591, 0.9788967696739374, -0.18972949697075434, 0.35406540255856833], [0.6525490728114458, 0.09509557783056075, 0.7517556375910955, -0.36652978846200385], [0.0, 0.0, 0.0, 1.0]]","[[0.8526401643540922, -0.0, -0.5224985647159489, 0.23500000000000001], [0.0, 1.0, -0.0, -0.33525], [0.5224985647159489, 0.0, 0.8526401643540922, -0.37500000000000006], [0.0, 0.0, 0.0, 1.0]]","[[0.754551159158347, 0.1810532268070606, -0.63077117663662, 0.2458446798362135], [-0.07642589216201623, 0.978891686073867, 0.1895524991729247, -0.35404082446353385], [0.6517757522492187, -0.0948198080477535, 0.7524610108050466, -0.36689141372022593], [0.0, 0.0, 0.0, 1.0]]"
0.7083333333333334,17.015080392390626,-10.870757474489398,28.46594034724119,-97.7991291403381,-15.64325568061378,41.785109757089536,7.086782728544028,16.99525576832466,10.90621640156552,-28.505639114244598,-97.80087766876562,15.639044868990469,41.80049475819499,-7.053134655371607,"[[0.8492021815265788, -0.0, -0.528067850650368, 0.2354166666666667], [0.0, 0.9999999999999999, -0.0, 0.3353125], [0.528067850650368, 0.0, 0.8492021815265788, -0.3729166666666667], [0.0, 0.0, 0.0, 1.0]]","[[0.7499005631905996, -0.18270131096823872, -0.6358218117498868, 0.24617091959304566], [0.07557730524153956, 0.9784756945125586, -0.1920244416229177, 0.3543533203816434], [0.6572193060606548, 0.09594553777353652, 0.7475675471303568, -0.3643404839984322], [0.0, 0.0, 0.0, 1.0]]","[[0.8492021815265788, -0.0, -0.528067850650368, 0.2354166666666667], [0.0, 0.9999999999999999, -0.0, -0.3353125], [0.528067850650368, 0.0, 0.8492021815265788, -0.3729166666666667], [0.0, 0.0, 0.0, 1.0]]","[[0.7502820077565971, 0.18299311018248232, -0.6352876753585509, 0.2461349160301959], [-0.0760832744069943, 0.9784445331004286, 0.19198341334968066, -0.35434385140684976], [0.6567253948129611, -0.09570693429227696, 0.7480320437896589, -0.364574720440369], [0.0, 0.0, 0.0, 1.0]]"
0.7166666666666667,17.036725261870394,-10.934665847005915,28.594855045183305,-98.17484418620217,-15.64325568061378,41.785109757089536,7.086782728544028,17.015734383003654,10.982595845732833,-28.657281266649928,-98.22531928416855,15.639044868990469,41.80049475819499,-7.053134655371607,"[[0.8457278217039732, -0.0, -0.5336145159156115, 0.23583333333333334], [0.0, 1.0, -0.0, 0.33537500000000003], [0.5336145159156115, 0.0, 0.8457278217039732, -0.37083333333333335], [0.0, 0.0, 0.0, 1.0]]","[[0.7455392354752891, -0.18472114621223198, -0.6403509557336201, 0.24647035157570168], [0.07526510085701163, 0.9780113064935196, -0.1944969124788947, 0.354666779836508], [0.6621981674392533, 0.09680900016464464, 0.7430488574294537, -0.3620005062000231], [0.0, 0.0, 0.0, 1.0]]","[[0.8457278217039732, -0.0, -0.5336145159156115, 0.23583333333333334], [0.0, 1.0, -0.0, -0.33537500000000003], [0.5336145159156115, 0.0, 0.8457278217039732, -0.37083333333333335], [0.0, 0.0, 0.0, 1.0]]","[[0.7461006179291508, 0.18483215019383317, -0.6396647123145561, 0.24642245311640865], [-0.07564697222947006, 0.9780084653967794, 0.19436300369347692, -0.3546450923346048], [0.6615220355500285, -0.09662565842963777, 0.7436747129053037, -0.36230761387013327], [0.0, 0.0, 0.0, 1.0]]"
0.725,17.052774498872633,-11.003559403842894,28.735705498700014,-98.56535342180847,-15.64325568061378,41.785109757089536,7.086782728544028,17.033096723873825,11.037715472334837,-28.771987463571122,-98.56062010071365,15.639044868990469,41.80049475819499,-7.053134655371607,"[[0.8422172337162865, -0.0, -0.5391383229110003, 0.23625000000000002], [0.0, 1.0, -0.0, 0.3354375], [0.5391383229110003, 0.0, 0.8422172337162865, -0.36875], [0.0, 0.0, 0.0, 1.0]]","[[0.7420725631663606, -0.18627796301480384, -0.6439167892598884, 0.24670855509886586], [0.07494108347467468, 0.9776443778553152, -0.19645687683442345, 0.3549161963986138], [0.6661172156635421, 0.0975294362895088, 0.7394429417160604, -0.3601417895012961], [0.0, 0.0, 0.0, 1.0]]","[[0.8422172337162865, -0.0, -0.5391383229110003, 0.23625000000000002], [0.0, 1.0, -0.0, -0.3354375], [0.5391383229110003, 0.0, 0.8422172337162865, -0.36875], [0.0, 0.0, 0.0, 1.0]]","[[0.7428636612287877, 0.18632388709637038, -0.6429906608365784, 0.24664474138843184], [-0.07539775730301118, 0.9776618684106886, 0.19619492666579752, -0.3548781294565857], [0.6651832522090714, -0.09726602774360872, 0.7403178782303872, -0.3605784789744533], [0.0, 0.0, 0.0, 1.0]]"
0.7333333333333333,17.06576722622129,-11.070008606730656,28.873214282165296,-98.94327461877444,-15.64325568061378,41.785109757089536,7.086782728544028,17.049600168455868,11.098586971991637,-28.90145028419413,-98.93417680679998,15.639044868990469,41.80049475819499,-7.053134655371607,"[[0.838670567945424, -0.0, -0.5446390350150271, 0.2366666666666667], [0.0, 1.0, -0.0, 0.3355], [0.5446390350150271, 0.0, 0.838670567945424, -0.3666666666666667], [0.0, 0.0, 0.0, 1.0]]","[[0.7379973381016952, -0.18816464731063254, -0.6480385748219605, 0.24698766864747818], [0.07463066332930691, 0.9772044011339761, -0.19875065407543935, 0.3552094667449204], [0.6706639941474718, 0.09831390495170349, 0.7352170992620531, -0.3579826422956748], [0.0, 0.0, 0.0, 1.0]]","[[0.838670567945424, -0.0, -0.5446390350150271, 0.2366666666666667], [0.0, 1.0, -0.0, -0.3355], [0.5446390350150271, 0.0, 0.838670567945424, -0.3666666666666667], [0.0, 0.0, 0.0, 1.0]]","[[0.7384988673827738, 0.18830471856361844, -0.6474262551372449, 0.24694285323496512], [-0.07500895023367829, 0.9771943181459289, 0.19865780117618048, -0.3551920972305503], [0.6700694592795602, -0.09814579741379525, 0.7357814364271557, -0.3582540683538166], [0.0, 0.0, 0.0, 1.0]]"
0.7416666666666667,17.07623278357704,-11.135277040665652,29.01172710343857,-99.32187200446825,-15.64325568061378,41.785109757089536,7.086782728544028,17.0584076973906,11.167382344859297,-29.04530089830377,-99.31930385334033,15.639044868990469,41.80049475819499,-7.053134655371607,"[[0.8350879763187431, -0.0, -0.5501164165954935, 0.23708333333333334], [0.0, 1.0, -0.0, 0.3355625], [0.5501164165954935, 0.0, 0.8350879763187431, -0.36458333333333337], [0.0, 0.0, 0.0, 1.0]]","[[0.7338631715380155, -0.19005990637815615, -0.6521672158639162, 0.24726971182404767], [0.07427999165926638, 0.9767566457149199, -0.20106948523044935, 0.35550688049939355], [0.6752239097508801, 0.09911451477591507, 0.7309233781057153, -0.35580238000705633], [0.0, 0.0, 0.0, 1.0]]","[[0.8350879763187431, -0.0, -0.5501164165954935, 0.23708333333333334], [0.0, 1.0, -0.0, -0.3355625], [0.5501164165954935, 0.0, 0.8350879763187431, -0.36458333333333337], [0.0, 0.0, 0.0, 1.0]]","[[0.734634123823976, 0.19007312267665064, -0.6512947966545765, 0.24720635521014633], [-0.07467557677248929, 0.9767757350250046, 0.2008300816612343, -0.35547054768902925], [0.6743413544689923, -0.09890081648959678, 0.7317666063374414, -0.356212674126932], [0.0, 0.0, 0.0, 1.0]]"
0.75,17.08725500135015,-11.1941558326321,29.140056112659355,-99.68361248329046,-15.64325568061378,41.785109757089536,7.086782728544028,17.060448216405142,11.24071893975137,-29.193440871212175,-99.69290837075086,15.639044868990469,41.80049475819499,-7.053134655371607,"[[0.8314696123025452, -0.0, -0.5555702330196022, 0.23750000000000002], [0.0, 0.9999999999999999, -0.0, 0.335625], [0.5555702330196022, 0.0, 0.8314696123025452, -0.36250000000000004], [0.0, 0.0, 0.0, 1.0]]","[[0.7296907070615626, -0.19189395076825572, -0.656298852419039, 0.24754608524590188], [0.07381022758587841, 0.9763102003857999, -0.2033972539794001, 0.3558007166339836], [0.6797819667597236, 0.09997551840920857, 0.7265682166094883, -0.3535978972352866], [0.0, 0.0, 0.0, 1.0]]","[[0.8314696123025452, -0.0, -0.5555702330196022, 0.23750000000000002], [0.0, 0.9999999999999999, -0.0, -0.335625], [0.5555702330196022, 0.0, 0.8314696123025452, -0.36250000000000004], [0.0, 0.0, 0.0, 1.0]]","[[0.7301166633097156, 0.19235610680731424, -0.6556895501160749, 0.24750908449675424], [-0.07458707198843456, 0.9762615923896125, 0.20334717090997423, -0.35579189088344587], [0.6792395944360721, -0.09956119424168887, 0.7271321351387856, -0.3538916867865122], [0.0, 0.0, 0.0, 1.0]]"
0.7583333333333333,17.094537690552677,-11.254126601092105,29.272787178800215,-100.04893198123777,-15.64325568061378,41.785109757089536,7.086782728544028,17.07115624547643,11.293973070936312,-29.314929445979192,-100.04492949038413,15.639044868990469,41.80049475819499,-7.053134655371607,"[[0.8278156308955021, -0.0, -0.5610002506640098, 0.23791666666666667], [0.0, 1.0, -0.0, 0.3356875], [0.5610002506640098, 0.0, 0.8278156308955021, -0.3604166666666667], [0.0, 0.0, 0.0, 1.0]]","[[0.7259669484860688, -0.19361525912839656, -0.6599129648207174, 0.24779447661601756], [0.07350134214950976, 0.9759002519634501, -0.205465936154622, 0.35606500552004494], [0.6837905691131212, 0.1006569900718194, 0.7227023093512538, -0.35166195940233586], [0.0, 0.0, 0.0, 1.0]]","[[0.8278156308955021, -0.0, -0.5610002506640098, 0.23791666666666667], [0.0, 1.0, -0.0, -0.3356875], [0.5610002506640098, 0.0, 0.8278156308955021, -0.3604166666666667], [0.0, 0.0, 0.0, 1.0]]","[[0.7260718820972065, 0.19399584189629257, -0.6596857095274755, 0.24777349773008195], [-0.073928331437327, 0.975839704732163, 0.20560027353857727, -0.35607419273302293], [0.6836331061605434, -0.10051111378943986, 0.7228715599372362, -0.35173503050857763], [0.0, 0.0, 0.0, 1.0]]"
0.7666666666666666,17.10152668162089,-11.305475109498614,29.39095969672519,-100.38264819389542,-15.64325568061378,41.785109757089536,7.086782728544028,17.07937125550066,11.351085405228668,-29.447691247971314,-100.42293947980933,15.639044868990469,41.80049475819499,-7.053134655371607,"[[0.8241261886220157, -0.0, -0.5664062369248329, 0.23833333333333334], [0.0, 1.0, -0.0, 0.33575], [0.5664062369248329, 0.0, 0.8241261886220157, -0.3583333333333334], [0.0, 0.0, 0.0, 1.0]]","[[0.7221356538407715, -0.19518551832813616, -0.6636435118999795, 0.24804136016147413], [0.07289563281463282, 0.9754971695418654, -0.20758491980961274, 0.3563294572803467], [0.6878999376133972, 0.10152775803092447, 0.7186694582217185, -0.34963525199490403], [0.0, 0.0, 0.0, 1.0]]","[[0.8241261886220157, -0.0, -0.5664062369248329, 0.23833333333333334], [0.0, 1.0, -0.0, -0.33575], [0.5664062369248329, 0.0, 0.8241261886220157, -0.3583333333333334], [0.0, 0.0, 0.0, 1.0]]","[[0.7221231730657088, 0.19562427938836158, -0.6635278925827437, 0.24803012011281872], [-0.07331461217786746, 0.9754222245548705, 0.20778944026498836, -0.35634929988463127], [0.6878685125536141, -0.10140327981979941, 0.7187171100503078, -0.3496481335573423], [0.0, 0.0, 0.0, 1.0]]"
0.775,17.106732993315735,-11.365900939312072,29.53376187679723,-100.78124437347903,-15.64325568061378,41.785109757089536,7.086782728544028,17.08386381242724,11.402206809845273,-29.568254332105795,-100.7607264852123,15.639044868990469,41.80049475819499,-7.053134655371607,"[[0.8204014435255135, -0.0, -0.5717879602276122, 0.23875000000000002], [0.0, 0.9999999999999999, -0.0, 0.3358125], [0.5717879602276122, 0.0, 0.8204014435255135, -0.35625000000000007], [0.0, 0.0, 0.0, 1.0]]","[[0.717635228579286, -0.19710052375493528, -0.6679454036352719, 0.24833303920124253], [0.07227052239581197, 0.9750127469339696, -0.21006454938640032, 0.3566428579059461], [0.6926591155067494, 0.1024769576627115, 0.713948053329934, -0.3472852164469432], [0.0, 0.0, 0.0, 1.0]]","[[0.8204014435255135, -0.0, -0.5717879602276122, 0.23875000000000002], [0.0, 0.9999999999999999, -0.0, -0.3358125], [0.5717879602276122, 0.0, 0.8204014435255135, -0.35625000000000007], [0.0, 0.0, 0.0, 1.0]]","[[0.718194562635531, 0.19727667636199878, -0.6672919025166734, 0.24828182952043848], [-0.07274351547833494, 0.9750012532274006, 0.20995460738181326, -0.35662020804976746], [0.6920295883534254, -0.10224709858260682, 0.7145911975912012, -0.34759121462742587], [0.0, 0.0, 0.0, 1.0]]"
0.7833333333333333,17.107165002780736,-11.418710254427317,29.657965451759328,-101.11729651083282,-15.64325568061378,41.785109757089536,7.086782728544028,17.088474190116997,11.451835818128233,-29.68941505779265,-101.10681217045685,15.639044868990469,41.80049475819499,-7.053134655371607,"[[0.8166415551616788, -0.0, -0.5771451900372336, 0.2391666666666667], [0.0, 1.0, -0.0, 0.33587500000000003], [0.5771451900372336, 0.0, 0.8166415551616788, -0.35416666666666674], [0.0, 0.0, 0.0, 1.0]]","[[0.7135382798710804, -0.1988796976462776, -0.6717960918483711, 0.2485966125190351], [0.0717446812019349, 0.974565234183839, -0.21230945584083602, 0.3569267900984459], [0.6969331559610666, 0.10329312747866806, 0.7096581613268625, -0.3451677807869967], [0.0, 0.0, 0.0, 1.0]]","[[0.8166415551616788, -0.0, -0.5771451900372336, 0.2391666666666667], [0.0, 1.0, -0.0, -0.33587500000000003], [0.5771451900372336, 0.0, 0.8166415551616788, -0.35416666666666674], [0.0, 0.0, 0.0, 1.0]]","[[0.7141538694905849, 0.19899454908666409, -0.6711076069643526, 0.24854023573560075], [-0.07217271923140624, 0.9745635134415701, 0.2121722339684602, -0.3568990836155802], [0.6962581053678077, -0.10308796099553841, 0.7103502819084491, -0.3454921553511893], [0.0, 0.0, 0.0, 1.0]]"
0.7916666666666666,17.10814855002122,-11.468513432534111,29.782015347465098,-101.46308849794306,-15.64325568061378,41.785109757089536,7.086782728544028,17.089256246776962,11.502133331176207,-29.815773557437886,-101.4594548373046,15.639044868990469,41.80049475819499,-7.053134655371607,"[[0.8128466845916152, -0.0, -0.5824776968678022, 0.23958333333333334], [0.0, 1.0, -0.0, 0.3359375], [0.5824776968678022, 0.0, 0.8128466845916152, -0.3520833333333334], [0.0, 0.0, 0.0, 1.0]]","[[0.7093219366695879, -0.20063239557508183, -0.6757285194551944, 0.2488649306712085], [0.07108295752564821, 0.9741099815648758, -0.21460884642783035, 0.3572165325691716], [0.7012913825997807, 0.10419398092731207, 0.705219122705707, -0.3429836404351961], [0.0, 0.0, 0.0, 1.0]]","[[0.8128466845916152, -0.0, -0.5824776968678022, 0.23958333333333334], [0.0, 1.0, -0.0, -0.3359375], [0.5824776968678022, 0.0, 0.8128466845916152, -0.3520833333333334], [0.0, 0.0, 0.0, 1.0]]","[[0.7098410579903252, 0.2007803331012392, -0.6751391932267978, 0.2488159266167117], [-0.07148373914916648, 0.9740980143943857, 0.2145300291105404, -0.357196993855082], [0.7007251582670839, -0.10402074885651816, 0.7058072940816775, -0.343254248190926], [0.0, 0.0, 0.0, 1.0]]"
0.8,17.09996256830096,-11.526862031066237,29.92472190488876,-101.8303819205605,-15.64325568061378,41.785109757089536,7.086782728544028,17.0833942369218,11.556781674725478,-29.95401317114436,-101.82607890138338,15.639044868990469,41.80049475819499,-7.053134655371607,"[[0.8090169943749473, -0.0, -0.587785252292473, 0.24000000000000002], [0.0, 0.9999999999999999, -0.0, 0.336], [0.587785252292473, 0.0, 0.8090169943749473, -0.35000000000000003], [0.0, 0.0, 0.0, 1.0]]","[[0.7054116160519728, -0.20237590285170753, -0.6792926069698542, 0.24911769033811232], [0.07062765090204448, 0.9736723378625819, -0.21673466130103297, 0.3574896241540399], [0.7052702934811614, 0.10491030657743206, 0.7011331119743427, -0.34099762063569544], [0.0, 0.0, 0.0, 1.0]]","[[0.8090169943749473, -0.0, -0.587785252292473, 0.24000000000000002], [0.0, 0.9999999999999999, -0.0, -0.336], [0.587785252292473, 0.0, 0.8090169943749473, -0.35000000000000003], [0.0, 0.0, 0.0, 1.0]]","[[0.7060085515027876, 0.20243737572330467, -0.6786538396820557, 0.24906499644745678], [-0.07095972990431852, 0.9736737771136638, 0.2166196955337113, -0.35746629279744196], [0.7046393701297436, -0.10477826430836303, 0.7017869145201305, -0.3412936568121023], [0.0, 0.0, 0.0, 1.0]]"
0.8083333333333333,17.094592332066036,-11.572902628714,30.046849102343174,-102.16052594428223,-15.64325568061378,41.785109757089536,7.086782728544028,17.076072274131548,11.605227352734733,-30.07989697264228,-102.15910526493487,15.639044868990469,41.80049475819499,-7.053134655371607,"[[0.8051526485628582, -0.0, -0.5930676289532371, 0.24041666666666667], [0.0, 1.0, -0.0, 0.3360625], [0.5930676289532371, 0.0, 0.8051526485628582, -0.3479166666666667], [0.0, 0.0, 0.0, 1.0]]","[[0.7012522121850167, -0.2040993430237843, -0.6830730510588748, 0.24938317909878105], [0.06994735294703223, 0.9732179403070182, -0.21898449369822642, 0.35777665749143833], [0.7094735391269528, 0.10578420884907581, 0.6967474423611839, -0.3388667855367171], [0.0, 0.0, 0.0, 1.0]]","[[0.8051526485628582, -0.0, -0.5930676289532371, 0.24041666666666667], [0.0, 1.0, -0.0, -0.3360625], [0.5930676289532371, 0.0, 0.8051526485628582, -0.3479166666666667], [0.0, 0.0, 0.0, 1.0]]","[[0.7017832266893103, 0.20422986477718702, -0.6824884358512108, 0.2493368033041768], [-0.07032639654274718, 0.9732072026638375, 0.218910800630167, -0.3577603306989055], [0.7089107847161394, -0.10563097564786737, 0.6973432413788974, -0.3391368183029958], [0.0, 0.0, 0.0, 1.0]]"
0.8166666666666667,17.086015322015793,-11.62406928333386,30.18213124413903,-102.52094819659463,-15.64325568061378,41.785109757089536,7.086782728544028,17.062896839222592,11.664037842809481,-30.23091928538043,-102.54684144373815,15.639044868990469,41.80049475819499,-7.053134655371607,"[[0.8012538126910608, -0.0, -0.5983246005706591, 0.24083333333333334], [0.0, 1.0, -0.0, 0.336125], [0.5983246005706591, 0.0, 0.8012538126910608, -0.3458333333333334], [0.0, 0.0, 0.0, 1.0]]","[[0.6969588464976777, -0.20585027639560316, -0.6869308771604902, 0.24965242574734017], [0.06919890649986843, 0.9727494971818105, -0.2212914979653704, 0.3580684530512316], [0.7137645813766954, 0.10669620162118637, 0.692210981516302, -0.336673776735938], [0.0, 0.0, 0.0, 1.0]]","[[0.8012538126910608, -0.0, -0.5983246005706591, 0.24083333333333334], [0.0, 1.0, -0.0, -0.336125], [0.5983246005706591, 0.0, 0.8012538126910608, -0.3458333333333334], [0.0, 0.0, 0.0, 1.0]]","[[0.6973154881283434, 0.20613262082785336, -0.6864841241040982, 0.2496197898146416], [-0.06966174234170144, 0.9727104799639094, 0.221317789213384, -0.35806733028234006], [0.7133711177712825, -0.10650664204180835, 0.6926456406639181, -0.3368721254990967], [0.0, 0.0, 0.0, 1.0]]"
0.825,17.074695991013787,-11.671906220733336,30.314035857390316,-102.86887120272591,-15.64325568061378,41.785109757089536,7.086782728544028,17.0516201969029,11.708858397916751,-30.35632497363645,-102.87785290148447,15.639044868990469,41.80049475819499,-7.053134655371607,"[[0.7973206537727071, -0.0, -0.6035559419535714, 0.24125000000000002], [0.0, 1.0, -0.0, 0.33618750000000003], [0.6035559419535714, 0.0, 0.7973206537727071, -0.34375000000000006], [0.0, 0.0, 0.0, 1.0]]","[[0.6930477896455169, -0.20746522255472377, -0.6903933246329821, 0.2498953193345242], [0.06853985094733674, 0.9723184363850648, -0.22338116997146293, 0.3583322691069448], [0.7176259820404918, 0.10749437053177105, 0.6880827785989111, -0.3346921507302904], [0.0, 0.0, 0.0, 1.0]]","[[0.7973206537727071, -0.0, -0.6035559419535714, 0.24125000000000002], [0.0, 1.0, -0.0, -0.33618750000000003], [0.6035559419535714, 0.0, 0.7973206537727071, -0.34375000000000006], [0.0, 0.0, 0.0, 1.0]]","[[0.6930104661377026, 0.20795432802730476, -0.6902836310375007, 0.2498924000490543], [-0.06899392853149308, 0.9722298642652281, 0.22362676238904716, -0.3583635220374024], [0.7176185140096341, -0.10735030733783796, 0.6881130574731715, -0.33470061927930805], [0.0, 0.0, 0.0, 1.0]]"
0.8333333333333334,17.064706839352645,-11.712989808590963,30.438044771961067,-103.20823598182716,-15.64325568061378,41.785109757089536,7.086782728544028,17.039665658308085,11.754011070972412,-30.48619077542049,-103.22597398310168,15.639044868990469,41.80049475819499,-7.053134655371607,"[[0.7933533402912352, -0.0, -0.6087614290087207, 0.2416666666666667], [0.0, 1.0, -0.0, 0.33625], [0.6087614290087207, 0.0, 0.7933533402912352, -0.3416666666666667], [0.0, 0.0, 0.0, 1.0]]","[[0.6887860020329333, -0.20918936745457095, -0.6941279795163457, 0.25016209506760473], [0.06775684527363841, 0.971849126195552, -0.225650805076131, 0.3586221658555818], [0.7217914195403352, 0.10839319377570872, 0.6835700858149436, -0.3325364024096029], [0.0, 0.0, 0.0, 1.0]]","[[0.7933533402912352, -0.0, -0.6087614290087207, 0.2416666666666667], [0.0, 1.0, -0.0, -0.33625], [0.6087614290087207, 0.0, 0.7933533402912352, -0.3416666666666667], [0.0, 0.0, 0.0, 1.0]]","[[0.6892432840240388, 0.20947951389858976, -0.6935863527237028, 0.2501248199821976], [-0.06830788334275978, 0.9718151392557015, 0.2256310443769951, -0.35861602126117514], [0.7213027994545634, -0.10813726633419281, 0.6841261602429611, -0.33279495892751854], [0.0, 0.0, 0.0, 1.0]]"
0.8416666666666667,17.05226735732676,-11.753557717166254,30.55922257312085,-103.53359204294073,-15.64325568061378,41.785109757089536,7.086782728544028,17.02716982722155,11.794152946498224,-30.60928444464246,-103.5595399315976,15.639044868990469,41.80049475819499,-7.053134655371607,"[[0.7893520421931501, -0.0, -0.6139408387503664, 0.24208333333333334], [0.0, 1.0, -0.0, 0.3363125], [0.6139408387503664, 0.0, 0.7893520421931501, -0.33958333333333335], [0.0, 0.0, 0.0, 1.0]]","[[0.6845247753015116, -0.21088189863577872, -0.6978213645526942, 0.25042253345256066], [0.06692575752412992, 0.9713814499828652, -0.22790134183239785, 0.35890524320460787], [0.7259109965954754, 0.10930189136952405, 0.6790480995959037, -0.33038620929380624], [0.0, 0.0, 0.0, 1.0]]","[[0.7893520421931501, -0.0, -0.6139408387503664, 0.24208333333333334], [0.0, 1.0, -0.0, -0.3363125], [0.6139408387503664, 0.0, 0.7893520421931501, -0.33958333333333335], [0.0, 0.0, 0.0, 1.0]]","[[0.6851425545833699, 0.21108695080717804, -0.6971527659687667, 0.2503761690492778], [-0.06747533678502049, 0.9713667875795949, 0.2278017623133024, -0.3588894273301312], [0.7252770221265267, -0.10903606369557854, 0.6797678853763627, -0.3307189005645649], [0.0, 0.0, 0.0, 1.0]]"
0.85,17.034432025856564,-11.795850248506973,30.691400393938935,-103.87932255834843,-15.64325568061378,41.785109757089536,7.086782728544028,17.011704571393345,11.8329817181561,-30.728659075861355,-103.87451410517274,15.639044868990469,41.80049475819499,-7.053134655371607,"[[0.7853169308807451, -0.0, -0.619093949309834, 0.24250000000000002], [0.0, 1.0, -0.0, 0.33637500000000004], [0.619093949309834, 0.0, 0.7853169308807451, -0.3375], [0.0, 0.0, 0.0, 1.0]]","[[0.6801797207711988, -0.2126202908567837, -0.7015327215230882, 0.25069161856197447], [0.06608145854053386, 0.97089953113296, -0.23018979404603063, 0.3591982288299371], [0.7300608113635259, 0.11021212438645304, 0.6744364309180335, -0.3282090518305359], [0.0, 0.0, 0.0, 1.0]]","[[0.7853169308807451, -0.0, -0.619093949309834, 0.24250000000000002], [0.0, 1.0, -0.0, -0.33637500000000004], [0.619093949309834, 0.0, 0.7853169308807451, -0.3375], [0.0, 0.0, 0.0, 1.0]]","[[0.6809588803035475, 0.21275500737794467, -0.7007355493846089, 0.25063183046711246], [-0.06665836426148362, 0.97090376985901, 0.23000550460270702, -0.35916810957750644], [0.729281609400458, -0.10991440537606169, 0.6753274447859382, -0.3286192049631856], [0.0, 0.0, 0.0, 1.0]]"
0.8583333333333333,17.01837083602328,-11.831455170876602,30.805420156848545,-104.18061586301603,-15.64325568061378,41.785109757089536,7.086782728544028,16.996799391077086,11.868649819775554,-30.845267480466397,-104.19035571277247,15.639044868990469,41.80049475819499,-7.053134655371607,"[[0.7812481792047586, -0.0, -0.6242205399450177, 0.24291666666666667], [0.0, 1.0, -0.0, 0.3364375], [0.6242205399450177, 0.0, 0.7812481792047586, -0.3354166666666667], [0.0, 0.0, 0.0, 1.0]]","[[0.6766070081117267, -0.2140198335409112, -0.7045555105349885, 0.25090717572096694], [0.06534430009439407, 0.9705055378908289, -0.23205413887368306, 0.35943221877181064], [0.7334392128999319, 0.11097076990970853, 0.6706358245772254, -0.3264217356865273], [0.0, 0.0, 0.0, 1.0]]","[[0.7812481792047586, -0.0, -0.6242205399450177, 0.24291666666666667], [0.0, 1.0, -0.0, -0.3364375], [0.6242205399450177, 0.0, 0.7812481792047586, -0.3354166666666667], [0.0, 0.0, 0.0, 1.0]]","[[0.6764794528205296, 0.2144728786012723, -0.7045402289834987, 0.2508999401895383], [-0.06567969613540597, 0.9704133123926877, 0.23234496045021633, -0.359459866650889], [0.7335269098180363, -0.11090260355616441, 0.6705511800729804, -0.3263679760221035], [0.0, 0.0, 0.0, 1.0]]"
0.8666666666666667,16.997514853392644,-11.870711683131251,30.937013996492595,-104.52638735955875,-15.64325568061378,41.785109757089536,7.086782728544028,16.977382870814033,11.905078633713817,-30.970160904534666,-104.5218657743282,15.639044868990469,41.80049475819499,-7.053134655371607,"[[0.7771459614569709, -0.0, -0.6293203910498375, 0.24333333333333335], [0.0, 1.0, -0.0, 0.3365], [0.6293203910498375, 0.0, 0.7771459614569709, -0.33333333333333337], [0.0, 0.0, 0.0, 1.0]]","[[0.6719345321098588, -0.21583855038851382, -0.708461505464122, 0.2511891585333612], [0.06435069149413417, 0.9699882585893148, -0.23448191124923784, 0.35973911704828737], [0.7378095777790717, 0.11196650554989047, 0.6656579666558603, -0.3240936564189504], [0.0, 0.0, 0.0, 1.0]]","[[0.7771459614569709, -0.0, -0.6293203910498375, 0.24333333333333335], [0.0, 1.0, -0.0, -0.3365], [0.6293203910498375, 0.0, 0.7771459614569709, -0.33333333333333337], [0.0, 0.0, 0.0, 1.0]]","[[0.6725147113057912, 0.21599730921270915, -0.7078623633801686, 0.2511389915315574], [-0.0648075359337988, 0.9699758597651343, 0.23440736925079375, -0.3597201839699656], [0.7372407655328603, -0.11176758870870351, 0.6663212886819423, -0.3243871535620684], [0.0, 0.0, 0.0, 1.0]]"
0.875,16.96944960609306,-11.911107129429999,31.075028213956458,-104.87102504469927,-15.64325568061378,41.785109757089536,7.086782728544028,16.948769500833556,11.946372249888421,-31.113909065806755,-104.88507474382197,15.639044868990469,41.80049475819499,-7.053134655371607,"[[0.773010453362737, -0.0, -0.6343932841636455, 0.24375000000000002], [0.0, 1.0, -0.0, 0.3365625], [0.6343932841636455, 0.0, 0.773010453362737, -0.33125000000000004], [0.0, 0.0, 0.0, 1.0]]","[[0.6681715396637935, -0.217362723595996, -0.7115477777171721, 0.25142179927233715], [0.06362397084332426, 0.9695619688410038, -0.23643514736875335, 0.35999280701944575], [0.7412818518737954, 0.11270774138490633, 0.6616631931084497, -0.32224314085821903], [0.0, 0.0, 0.0, 1.0]]","[[0.773010453362737, -0.0, -0.6343932841636455, 0.24375000000000002], [0.0, 1.0, -0.0, -0.3365625], [0.6343932841636455, 0.0, 0.773010453362737, -0.33125000000000004], [0.0, 0.0, 0.0, 1.0]]","[[0.6679908861367188, 0.21779648346339944, -0.7115847580079679, 0.25141675758350196], [-0.06388400062976587, 0.9694664046676164, 0.23675667822551832, -0.3600236413905286], [0.7414222889162541, -0.11269242215793714, 0.6615084334204364, -0.322153412609673], [0.0, 0.0, 0.0, 1.0]]"
0.8833333333333333,16.942922858904026,-11.946873415018771,31.201885317411104,-105.19211906777073,-15.64325568061378,41.785109757089536,7.086782728544028,16.91913843266675,11.984680219622083,-31.242623980715646,-105.19813646442951,15.639044868990469,41.80049475819499,-7.053134655371607,"[[0.7688418320734596, -0.0, -0.6394390019805847, 0.24416666666666667], [0.0, 1.0, -0.0, 0.336625], [0.6394390019805847, 0.0, 0.7688418320734596, -0.3291666666666667], [0.0, 0.0, 0.0, 1.0]]","[[0.6634198744781017, -0.21922357556125782, -0.7154125341826195, 0.25170754314844207], [0.06261262535338963, 0.9690291313343466, -0.2388769594828226, 0.36030352723950093], [0.7456230477217133, 0.1136818654999093, 0.6565993482807035, -0.31990456423501595], [0.0, 0.0, 0.0, 1.0]]","[[0.7688418320734596, -0.0, -0.6394390019805847, 0.24416666666666667], [0.0, 1.0, -0.0, -0.336625], [0.6394390019805847, 0.0, 0.7688418320734596, -0.3291666666666667], [0.0, 0.0, 0.0, 1.0]]","[[0.6638201638893207, 0.21951110016141256, -0.714952912379467, 0.25167143057781016], [-0.06311089050108463, 0.9689886348157104, 0.23891011091652475, -0.3603019706137537], [0.7452246678110673, -0.11347203401681115, 0.6570877353763135, -0.32011960751754787], [0.0, 0.0, 0.0, 1.0]]"
0.8916666666666666,16.91574382864925,-11.978896756942376,31.326669458452653,-105.51274863797863,-15.64325568061378,41.785109757089536,7.086782728544028,16.891235402359953,12.017279004983262,-31.367257857595455,-105.51561731743004,15.639044868990469,41.80049475819499,-7.053134655371607,"[[0.7646402761590002, -0.0, -0.6444573283588975, 0.24458333333333335], [0.0, 0.9999999999999999, -0.0, 0.33668750000000003], [0.6444573283588975, 0.0, 0.7646402761590002, -0.3270833333333334], [0.0, 0.0, 0.0, 1.0]]","[[0.6591650565006992, -0.22084043900097217, -0.7188399883077511, 0.2519621847385418], [0.06162530938064746, 0.9685547357589723, -0.24104780663305525, 0.3605796768052102], [0.7494689783654619, 0.11459155440400136, 0.6520467974977757, -0.3178107088584194], [0.0, 0.0, 0.0, 1.0]]","[[0.7646402761590002, -0.0, -0.6444573283588975, 0.24458333333333335], [0.0, 0.9999999999999999, -0.0, -0.33668750000000003], [0.6444573283588975, 0.0, 0.7646402761590002, -0.3270833333333334], [0.0, 0.0, 0.0, 1.0]]","[[0.6596026997486159, 0.22113288404160478, -0.7183484712030644, 0.25192464280989874], [-0.06215991332259049, 0.9685158815191237, 0.24106665555601675, -0.3605768297573448], [0.7490396676145167, -0.11435573811872041, 0.652581291104225, -0.3180475603878403], [0.0, 0.0, 0.0, 1.0]]"
0.9,16.88110964691541,-12.014026127391043,31.46153495870914,-105.84250334091769,-15.64325568061378,41.785109757089536,7.086782728544028,16.863412626775908,12.04584200231861,-31.491738055218935,-105.84332979380726,15.639044868990469,41.80049475819499,-7.053134655371607,"[[0.760405965600031, -0.0, -0.6494480483301837, 0.24500000000000002], [0.0, 1.0, -0.0, 0.33675], [0.6494480483301837, 0.0, 0.760405965600031, -0.32500000000000007], [0.0, 0.0, 0.0, 1.0]]","[[0.6545663999351758, -0.22261220731923614, -0.7224864242519445, 0.25223817837273077], [0.0605834115464306, 0.9680363682307049, -0.24338290824974293, 0.3608793151570977], [0.7535731406580911, 0.11553958168162284, 0.6471306875303755, -0.31556603899598384], [0.0, 0.0, 0.0, 1.0]]","[[0.760405965600031, -0.0, -0.6494480483301837, 0.24500000000000002], [0.0, 1.0, -0.0, -0.33675], [0.6494480483301837, 0.0, 0.760405965600031, -0.32500000000000007], [0.0, 0.0, 0.0, 1.0]]","[[0.6552352595464238, 0.22272440939192384, -0.7218452688133029, 0.25218269208236216], [-0.06103933923425382, 0.9680338964508846, 0.24327879970923094, -0.3608555039457957], [0.7529548151867923, -0.115343889231884, 0.6478848921713536, -0.31589231495790093], [0.0, 0.0, 0.0, 1.0]]"
0.9083333333333333,16.852607267508947,-12.040003044351895,31.579605023796564,-106.15025800454012,-15.64325568061378,41.785109757089536,7.086782728544028,16.829060190345327,12.077162688531349,-31.618601988862753,-106.154431250123,15.639044868990469,41.80049475819499,-7.053134655371607,"[[0.7561390817803226, -0.0, -0.6544109481086104, 0.24541666666666667], [0.0, 1.0, -0.0, 0.3368125], [0.6544109481086104, 0.0, 0.7561390817803226, -0.32291666666666674], [0.0, 0.0, 0.0, 1.0]]","[[0.6501572675331103, -0.2242958517455138, -0.7259386326430314, 0.2525011939537611], [0.059554499822629794, 0.9675385344286989, -0.2456062823839034, 0.3611645436947253], [0.7574620710139591, 0.11644979727470459, 0.6424100370401479, -0.3134224236972131], [0.0, 0.0, 0.0, 1.0]]","[[0.7561390817803226, -0.0, -0.6544109481086104, 0.24541666666666667], [0.0, 1.0, -0.0, -0.3368125], [0.6544109481086104, 0.0, 0.7561390817803226, -0.32291666666666674], [0.0, 0.0, 0.0, 1.0]]","[[0.651002853130622, 0.22434192237528114, -0.725166178941595, 0.2524362925275019], [-0.060050908961049004, 0.9675552573804467, 0.2454194618370956, -0.3611311609040663], [0.7566962227662709, -0.11622188167647754, 0.6433531694729089, -0.3138324822617499], [0.0, 0.0, 0.0, 1.0]]"
0.9166666666666666,16.816936604568554,-12.067842895408866,31.708183334922055,-106.47169353707008,-15.64325568061378,41.785109757089536,7.086782728544028,16.79590986720867,12.102408775251009,-31.73807224273003,-106.45478198868514,15.639044868990469,41.80049475819499,-7.053134655371607,"[[0.7518398074789775, -0.0, -0.6593458151000688, 0.24583333333333335], [0.0, 1.0, -0.0, 0.33687500000000004], [0.6593458151000688, 0.0, 0.7518398074789775, -0.3208333333333334], [0.0, 0.0, 0.0, 1.0]]","[[0.6456030920029787, -0.2259873796011011, -0.7294699115503132, 0.2527704590319615], [0.05841357267767093, 0.9670270774610326, -0.24788401720200748, 0.36145561785369557], [0.761435816154733, 0.11742374426921716, 0.6375164014820118, -0.31120908782146356], [0.0, 0.0, 0.0, 1.0]]","[[0.7518398074789775, -0.0, -0.6593458151000688, 0.24583333333333335], [0.0, 1.0, -0.0, -0.33687500000000004], [0.6593458151000688, 0.0, 0.7518398074789775, -0.3208333333333334], [0.0, 0.0, 0.0, 1.0]]","[[0.6464310090186748, 0.2260629203822156, -0.7287129109651909, 0.2527066298829859], [-0.05894083535821515, 0.9670392995302004, 0.24771146742009245, -0.36142373287192797], [0.7606924007155416, -0.11717742612126195, 0.6384485275268652, -0.3116137575155578], [0.0, 0.0, 0.0, 1.0]]"
0.9249999999999999,16.776892913012063,-12.097323699413934,31.841529118088214,-106.79741842839883,-15.64325568061378,41.785109757089536,7.086782728544028,16.759603996675466,12.12817395634759,-31.865141082048947,-106.77685955899709,15.639044868990469,41.80049475819499,-7.053134655371607,"[[0.7475083268625969, -0.0, -0.6642524379112817, 0.24625000000000002], [0.0, 1.0, -0.0, 0.3369375], [0.6642524379112817, 0.0, 0.7475083268625969, -0.31875000000000003], [0.0, 0.0, 0.0, 1.0]]","[[0.6415455666283293, -0.2274997998305477, -0.7325729499623889, 0.2530080672470826], [0.05740205128012965, 0.9665692690782303, -0.24989768422778363, 0.3617116412137573], [0.7649341739315673, 0.11826956138684387, 0.6331571845924157, -0.3092492881523352], [0.0, 0.0, 0.0, 1.0]]","[[0.7475083268625969, -0.0, -0.6642524379112817, 0.24625000000000002], [0.0, 1.0, -0.0, -0.3369375], [0.6642524379112817, 0.0, 0.7475083268625969, -0.31875000000000003], [0.0, 0.0, 0.0, 1.0]]","[[0.6418625404868001, 0.22773454442561453, -0.7322222725341595, 0.25297567708117574], [-0.057750329948210485, 0.966526274499157, 0.24998371965720745, -0.361713835779466], [0.7646419936877021, -0.11816910754523896, 0.6335287550784557, -0.30939732732764896], [0.0, 0.0, 0.0, 1.0]]"
0.9333333333333333,16.739565929197944,-12.119577309503482,31.961248673860197,-107.09481169505035,-15.64325568061378,41.785109757089536,7.086782728544028,16.716959710592494,12.154753637502694,-32.00245862021747,-107.11807531936341,15.639044868990469,41.80049475819499,-7.053134655371607,"[[0.7431448254773942, -0.0, -0.6691306063588582, 0.24666666666666667], [0.0, 1.0, -0.0, 0.337], [0.6691306063588582, 0.0, 0.7431448254773942, -0.3166666666666667], [0.0, 0.0, 0.0, 1.0]]","[[0.6368568723741855, -0.22923829428473622, -0.7361135296563941, 0.25328484238063137], [0.0562049961308764, 0.9660377718040478, -0.25221423801561743, 0.3620101880273842], [0.7689306357011005, 0.11925111270464112, 0.6281121313897754, -0.3069938231565505], [0.0, 0.0, 0.0, 1.0]]","[[0.7431448254773942, -0.0, -0.6691306063588582, 0.24666666666666667], [0.0, 1.0, -0.0, -0.337], [0.6691306063588582, 0.0, 0.7431448254773942, -0.3166666666666667], [0.0, 0.0, 0.0, 1.0]]","[[0.6375571822788497, 0.22931338097249687, -0.735483658983404, 0.2532260131498008], [-0.05662986550880568, 0.9660407014538981, 0.25210795597702795, -0.3619833331123503], [0.7683188775873648, -0.11908289735063979, 0.6288921735094728, -0.30732085772551043], [0.0, 0.0, 0.0, 1.0]]"
0.9416666666666667,16.69687553933807,-12.14301510364038,32.08867951320512,-107.40444466069454,-15.64325568061378,41.785109757089536,7.086782728544028,16.678758462564613,12.174550087038329,-32.11696332655815,-107.39956107543797,15.639044868990469,41.80049475819499,-7.053134655371607,"[[0.7387494902412464, -0.0, -0.6739801114782978, 0.24708333333333335], [0.0, 1.0, -0.0, 0.3370625], [0.6739801114782978, 0.0, 0.7387494902412464, -0.3145833333333334], [0.0, 0.0, 0.0, 1.0]]","[[0.6326875091627823, -0.2307493880710616, -0.7392301641939573, 0.25352937022350786], [0.05508289687423691, 0.9655670524133775, -0.2542560555142868, 0.36227235498091337], [0.7724457199190998, 0.12014569155226727, 0.623612558067981, -0.3049906568929389], [0.0, 0.0, 0.0, 1.0]]","[[0.7387494902412464, -0.0, -0.6739801114782978, 0.24708333333333335], [0.0, 1.0, -0.0, -0.3370625], [0.6739801114782978, 0.0, 0.7387494902412464, -0.3145833333333334], [0.0, 0.0, 0.0, 1.0]]","[[0.6333066673014742, 0.2308618865945195, -0.7386646427638995, 0.2534772522928262], [-0.055493052017102085, 0.9655590029520636, 0.2541974291688339, -0.362253726325592], [0.7719087940484467, -0.11999417125942553, 0.6243061849240616, -0.3052783207222017], [0.0, 0.0, 0.0, 1.0]]"
0.95,16.658366932797538,-12.160023128447358,32.20236801193999,-107.68923622832739,-15.64325568061378,41.785109757089536,7.086782728544028,16.635417497186296,12.195333498909031,-32.24065805242708,-107.70085438010558,15.639044868990469,41.80049475819499,-7.053134655371607,"[[0.7343225094356856, -0.0, -0.6788007455329417, 0.2475], [0.0, 1.0, -0.0, 0.337125], [0.6788007455329417, 0.0, 0.7343225094356856, -0.31250000000000006], [0.0, 0.0, 0.0, 1.0]]","[[0.6288568906766872, -0.2320929354108855, -0.742072692113655, 0.2537518084518979], [0.05398040165860611, 0.9651379955480583, -0.2561147512078353, 0.3625092881940244], [0.7756449750273796, 0.12100214412081438, 0.619462148829887, -0.3031481655323], [0.0, 0.0, 0.0, 1.0]]","[[0.7343225094356856, -0.0, -0.6788007455329417, 0.2475], [0.0, 1.0, -0.0, -0.337125], [0.6788007455329417, 0.0, 0.7343225094356856, -0.31250000000000006], [0.0, 0.0, 0.0, 1.0]]","[[0.628702491639629, 0.23253393853833226, -0.742065458321551, 0.2537457448104293], [-0.05425188649328583, 0.9650363523778188, 0.25644019069021584, -0.3625413619776989], [0.7757511906649207, -0.12096613582803135, 0.619336164102172, -0.303076794616563], [0.0, 0.0, 0.0, 1.0]]"
0.9583333333333334,16.61076734447172,-12.18047186104873,32.33258556846628,-108.00454508117186,-15.64325568061378,41.785109757089536,7.086782728544028,16.58866485231756,12.216049462661681,-32.36660674072211,-108.00233209988077,15.639044868990469,41.80049475819499,-7.053134655371607,"[[0.7298640726978356, -0.0, -0.6835923020228712, 0.24791666666666667], [0.0, 1.0, -0.0, 0.33718750000000003], [0.6835923020228712, 0.0, 0.7298640726978356, -0.3104166666666667], [0.0, 0.0, 0.0, 1.0]]","[[0.6242605916868769, -0.23375043814751595, -0.7454256812939803, 0.25401761181793797], [0.05272047724237254, 0.9646162651885669, -0.25833314191755763, 0.36279287810608823], [0.7794352217766958, 0.12196800235924513, 0.6144953551121507, -0.3009595499286316], [0.0, 0.0, 0.0, 1.0]]","[[0.7298640726978356, -0.0, -0.6835923020228712, 0.24791666666666667], [0.0, 1.0, -0.0, -0.33718750000000003], [0.6835923020228712, 0.0, 0.7298640726978356, -0.3104166666666667], [0.0, 0.0, 0.0, 1.0]]","[[0.6251394148010556, 0.23382767180014455, -0.7446645768147682, 0.25395318107478054], [-0.05328571005745916, 0.9646302518722949, 0.2581648897051368, -0.3627631514002499], [0.778692073393499, -0.12170906734223601, 0.6154880646777945, -0.3013813006305154], [0.0, 0.0, 0.0, 1.0]]"
0.9666666666666667,16.5645798977568,-12.19637254143652,32.45438833193512,-108.3021842346335,-15.64325568061378,41.785109757089536,7.086782728544028,16.532616319988435,12.24099245973692,-32.50627044887054,-108.32162295301136,15.639044868990469,41.80049475819499,-7.053134655371607,"[[0.7253743710122877, -0.0, -0.688354575693754, 0.24833333333333335], [0.0, 1.0, -0.0, 0.33725], [0.688354575693754, 0.0, 0.7253743710122877, -0.30833333333333335], [0.0, 0.0, 0.0, 1.0]]","[[0.6196368607471804, -0.23537369395311564, -0.7487652402443938, 0.2542844775459354], [0.05137658620945791, 0.9640935987427928, -0.2605455416095876, 0.36307618545485065], [0.7832053416523932, 0.12297461956857712, 0.6094806278702566, -0.2987587005237021], [0.0, 0.0, 0.0, 1.0]]","[[0.7253743710122877, -0.0, -0.688354575693754, 0.24833333333333335], [0.0, 1.0, -0.0, -0.33725], [0.688354575693754, 0.0, 0.7253743710122877, -0.30833333333333335], [0.0, 0.0, 0.0, 1.0]]","[[0.6204449903881707, 0.23549698245469652, -0.7480569397826313, 0.25422396219804355], [-0.05195447507981671, 0.964097232698616, 0.26041746950243483, -0.3630512800837509], [0.7825271537917413, -0.12270980872612924, 0.6104044203812693, -0.2991497196351314], [0.0, 0.0, 0.0, 1.0]]"
0.975,16.518173884988443,-12.210120004688463,32.57239009513084,-108.59098512330915,-15.64325568061378,41.785109757089536,7.086782728544028,16.48722288276453,12.253451578556671,-32.62022190988844,-108.60015123717531,15.639044868990469,41.80049475819499,-7.053134655371607,"[[0.7208535967029187, -0.0, -0.6930873625456359, 0.24875000000000003], [0.0, 0.9999999999999999, -0.0, 0.3373125], [0.6930873625456359, 0.0, 0.7208535967029187, -0.30625], [0.0, 0.0, 0.0, 1.0]]","[[0.6156128019903554, -0.23676428486095802, -0.75164057330606, 0.25451388598401226], [0.050171795489687074, 0.9636399968605447, -0.2624514191006604, 0.36331784011787016], [0.7864500422550211, 0.1238572963732398, 0.6051080078566031, -0.29684791732061955], [0.0, 0.0, 0.0, 1.0]]","[[0.7208535967029187, -0.0, -0.6930873625456359, 0.24875000000000003], [0.0, 0.9999999999999999, -0.0, -0.3373125], [0.6930873625456359, 0.0, 0.7208535967029187, -0.30625], [0.0, 0.0, 0.0, 1.0]]","[[0.6153771660587652, 0.23738904465828392, -0.7516364712876232, 0.2545148017316518], [-0.05064910755106321, 0.9635097526617105, 0.2628376389143121, -0.3633622627013239], [0.7866038465439663, -0.12367456489511794, 0.6049454443172868, -0.2967767635048078], [0.0, 0.0, 0.0, 1.0]]"
0.9833333333333333,16.46765268324515,-12.222718288612551,32.69225649996998,-108.87581084188785,-15.64325568061378,41.785109757089536,7.086782728544028,16.434645794081064,12.264361098208473,-32.747003881262216,-108.91052869343903,15.639044868990469,41.80049475819499,-7.053134655371607,"[[0.7163019434246543, -0.0, -0.6977904598416801, 0.24916666666666668], [0.0, 1.0, -0.0, 0.337375], [0.6977904598416801, 0.0, 0.7163019434246543, -0.3041666666666667], [0.0, 0.0, 0.0, 1.0]]","[[0.6107895714631362, -0.23845156352146776, -0.7550344040148407, 0.25479317489856523], [0.04874096294683958, 0.9630901372781181, -0.2647294959173049, 0.3636133512305532], [0.7902913500240865, 0.12489291145530626, 0.5998677710506907, -0.2945731852911261], [0.0, 0.0, 0.0, 1.0]]","[[0.7163019434246543, -0.0, -0.6977904598416801, 0.24916666666666668], [0.0, 1.0, -0.0, -0.337375], [0.6977904598416801, 0.0, 0.7163019434246543, -0.3041666666666667], [0.0, 0.0, 0.0, 1.0]]","[[0.611223077852989, 0.2388190821363395, -0.7545672899798107, 0.2547536486968937], [-0.049384138311735756, 0.9630387576174444, 0.2647972020431048, -0.36361407761646525], [0.7899161702251237, -0.1245865054257717, 0.6004253881063557, -0.2948119215423617], [0.0, 0.0, 0.0, 1.0]]"
0.9916666666666667,16.410287631953505,-12.23521668102003,32.82338247165589,-109.18609950569237,-15.64325568061378,41.785109757089536,7.086782728544028,16.38291564885468,12.274261457410407,-32.86311368205785,-109.18353135456444,15.639044868990469,41.80049475819499,-7.053134655371607,"[[0.7117196061551714, -0.0, -0.7024636661168518, 0.24958333333333335], [0.0, 1.0, -0.0, 0.3374375], [0.7024636661168518, 0.0, 0.7117196061551714, -0.30208333333333337], [0.0, 0.0, 0.0, 1.0]]","[[0.606713535302195, -0.23988197545916923, -0.7578623383774384, 0.25502845343151653], [0.04753394320996783, 0.9626232818152543, -0.2666400974162385, 0.363861455524439], [0.793498084637905, 0.12574997080332112, 0.5954391106729051, -0.2926618983942746], [0.0, 0.0, 0.0, 1.0]]","[[0.7117196061551714, -0.0, -0.7024636661168518, 0.24958333333333335], [0.0, 1.0, -0.0, -0.3374375], [0.7024636661168518, 0.0, 0.7117196061551714, -0.30208333333333337], [0.0, 0.0, 0.0, 1.0]]","[[0.6068116086315789, 0.24033010600104096, -0.7576418096828369, 0.2550110536301796], [-0.04801292075387145, 0.9625359114287823, 0.2668695910939389, -0.36388578641058367], [0.7933942469356822, -0.12556296969844288, 0.5956169151139598, -0.2927325782333712], [0.0, 0.0, 0.0, 1.0]]"
1.0,16.351643627739776,-12.24412922411325,32.95240474507743,-109.49261790507502,-15.64325568061378,41.785109757089536,7.086782728544028,16.324734389957218,12.28348989675274,-32.99168516299417,-109.49142262197027,15.639044868990469,41.80049475819499,-7.053134655371607,"[[0.7071067811865475, -0.0, -0.7071067811865476, 0.25], [0.0, 1.0, -0.0, 0.3375], [0.7071067811865476, 0.0, 0.7071067811865475, -0.30000000000000004], [0.0, 0.0, 0.0, 1.0]]","[[0.6018583187525332, -0.24152130910769826, -0.7612056367337791, 0.2553044614492841], [0.04599588365202907, 0.9620729169855761, -0.2688867439832874, 0.36414911958101087], [0.7972772057668797, 0.12681939776614853, 0.5901405743674877, -0.2903812665168961], [0.0, 0.0, 0.0, 1.0]]","[[0.7071067811865475, -0.0, -0.7071067811865476, 0.25], [0.0, 1.0, -0.0, -0.3375], [0.7071067811865476, 0.0, 0.7071067811865475, -0.30000000000000004], [0.0, 0.0, 0.0, 1.0]]","[[0.6018163477765286, 0.24201938855007438, -0.7610806127571303, 0.25529459138163657], [-0.04643555206564526, 0.9619691145866436, 0.26918239557175355, -0.36418106209183665], [0.7972834019677568, -0.12665716776889258, 0.5901670431322672, -0.29038690101787806], [0.0, 0.0, 0.0, 1.0]]"
1.0083333333333333,16.29487109535863,-12.250703281189386,33.07144811212158,-109.77104373640142,-15.64325568061378,41.785109757089536,7.086782728544028,16.264703857341978,12.290486571783772,-33.1174528512762,-109.7865619261957,15.639044868990469,41.80049475819499,-7.053134655371607,"[[0.7024636661168517, -0.0, -0.7117196061551713, 0.2504166666666667], [0.0, 1.0, -0.0, 0.3375625], [0.7117196061551713, 0.0, 0.7024636661168517, -0.2979166666666667], [0.0, 0.0, 0.0, 1.0]]","[[0.5975055841538182, -0.24300030353980953, -0.7641583143462911, 0.25555472755732983], [0.04461825805121941, 0.9615754651921465, -0.27089081894553385, 0.36441012163019737], [0.8006224378278937, 0.12776336415446976, 0.5853889602874769, -0.2883488263886712], [0.0, 0.0, 0.0, 1.0]]","[[0.7024636661168517, -0.0, -0.7117196061551713, 0.2504166666666667], [0.0, 1.0, -0.0, -0.3375625], [0.7117196061551713, 0.0, 0.7024636661168517, -0.2979166666666667], [0.0, 0.0, 0.0, 1.0]]","[[0.5979967969298495, 0.2433211275399552, -0.7636718272624213, 0.25551365202135046], [-0.04523326290344795, 0.9615319696125204, 0.27094321054452547, -0.36440974546935667], [0.8002210836942177, -0.12747980352099847, 0.5859992465059147, -0.28860392225091747], [0.0, 0.0, 0.0, 1.0]]"
1.0166666666666666,16.23630222322577,-12.255880564580256,33.190703215030005,-110.05039164326578,-15.64325568061378,41.785109757089536,7.086782728544028,16.20883120238398,12.295347958925529,-33.230796425457974,-110.05224262453085,15.639044868990469,41.80049475819499,-7.053134655371607,"[[0.6977904598416803, -0.0, -0.7163019434246543, 0.25083333333333335], [0.0, 1.0, -0.0, 0.337625], [0.7163019434246543, 0.0, 0.6977904598416803, -0.2958333333333334], [0.0, 0.0, 0.0, 1.0]]","[[0.5925955988686173, -0.24464878111065974, -0.7674486498148352, 0.2558342376716633], [0.04303147382064132, 0.9610150702825201, -0.27312694292344497, 0.36469919890956704], [0.8043498918147305, 0.1288293778256799, 0.5800208987154515, -0.2860635309881643], [0.0, 0.0, 0.0, 1.0]]","[[0.6977904598416803, -0.0, -0.7163019434246543, 0.25083333333333335], [0.0, 1.0, -0.0, -0.337625], [0.7163019434246543, 0.0, 0.6977904598416803, -0.2958333333333334], [0.0, 0.0, 0.0, 1.0]]","[[0.5935837110923285, 0.24478429030546645, -0.7666413954030321, 0.25576474181771797], [-0.043777996969982594, 0.9610300050484275, 0.2729557040582151, -0.36466931595015756], [0.8035806523972285, -0.12846003509367754, 0.5811679227870168, -0.2865433733625499], [0.0, 0.0, 0.0, 1.0]]"
1.025,16.177272313323936,-12.258971225179687,33.30751652531014,-110.32488328563025,-15.64325568061378,41.785109757089536,7.086782728544028,16.150760934060532,12.29746617134188,-33.34586803749977,-110.32550483284471,15.639044868990469,41.80049475819499,-7.053134655371607,"[[0.693087362545636, -0.0, -0.7208535967029187, 0.25125000000000003], [0.0, 1.0, -0.0, 0.33768750000000003], [0.7208535967029187, 0.0, 0.693087362545636, -0.29375000000000007], [0.0, 0.0, 0.0, 1.0]]","[[0.588741748647389, -0.24591628767059442, -0.7700054109276949, 0.25605042843864684], [0.04174670066702224, 0.9605775489798347, -0.27485993774886797, 0.364919963573487], [0.8072424458507078, 0.12967633498139508, 0.5757982995483405, -0.2842726298711923], [0.0, 0.0, 0.0, 1.0]]","[[0.693087362545636, -0.0, -0.7208535967029187, 0.25125000000000003], [0.0, 1.0, -0.0, -0.33768750000000003], [0.7208535967029187, 0.0, 0.693087362545636, -0.29375000000000007], [0.0, 0.0, 0.0, 1.0]]","[[0.5886878418565475, 0.24640058829763672, -0.7698917943041471, 0.25604005994358736], [-0.0421516466925967, 0.9604726710782479, 0.27516447225780905, -0.3649517925526608], [0.8072607159594619, -0.12953377242400768, 0.5758047744420172, -0.28426790789887646], [0.0, 0.0, 0.0, 1.0]]"
1.0333333333333332,16.1125255350868,-12.260144310169636,33.43036772281658,-110.60929236266958,-15.64325568061378,41.785109757089536,7.086782728544028,16.08916116548348,12.29696927507976,-33.46394834787095,-110.60568602278781,15.639044868990469,41.80049475819499,-7.053134655371607,"[[0.6883545756937541, -0.0, -0.7253743710122876, 0.2516666666666667], [0.0, 1.0, -0.0, 0.33775], [0.7253743710122876, 0.0, 0.6883545756937541, -0.2916666666666667], [0.0, 0.0, 0.0, 1.0]]","[[0.5838921766570072, -0.24751402381429033, -0.7731796259951508, 0.2563252728533577], [0.04011773212077692, 0.9600231103821514, -0.2770310363509205, 0.3652016934469175], [0.8108393759606324, 0.1307380416995695, 0.570479684865582, -0.2820289475006115], [0.0, 0.0, 0.0, 1.0]]","[[0.6883545756937541, -0.0, -0.7253743710122876, 0.2516666666666667], [0.0, 1.0, -0.0, -0.33775], [0.7253743710122876, 0.0, 0.6883545756937541, -0.2916666666666667], [0.0, 0.0, 0.0, 1.0]]","[[0.5847695456685149, 0.24765732963924614, -0.7724703395824312, 0.25626039786134003], [-0.04078500686139806, 0.9600285966826421, 0.27691456582648843, -0.3651761972753015], [0.8101735379990848, -0.13042599674725372, 0.5714961921995027, -0.2824459241271713], [0.0, 0.0, 0.0, 1.0]]"
1.0416666666666667,16.045753605760755,-12.259445923327004,33.5524471089468,-110.88915253372168,-15.64325568061378,41.785109757089536,7.086782728544028,16.02499836842038,12.29573471838728,-33.581857903512876,-110.87959709907284,15.639044868990469,41.80049475819499,-7.053134655371607,"[[0.6835923020228711, -0.0, -0.7298640726978356, 0.2520833333333333], [0.0, 1.0, -0.0, 0.3378125], [0.7298640726978356, 0.0, 0.6835923020228711, -0.28958333333333336], [0.0, 0.0, 0.0, 1.0]]","[[0.5795650479348662, -0.24894682796222845, -0.7759702520456575, 0.2565700946239299], [0.03867086931496229, 0.9595260217044996, -0.27895228541519684, 0.36545157336386497], [0.814007935513335, 0.13166355045904304, 0.5657347350144215, -0.2800388462350536], [0.0, 0.0, 0.0, 1.0]]","[[0.6835923020228711, -0.0, -0.7298640726978356, 0.2520833333333333], [0.0, 1.0, -0.0, -0.3378125], [0.7298640726978356, 0.0, 0.6835923020228711, -0.28958333333333336], [0.0, 0.0, 0.0, 1.0]]","[[0.5800313309451958, 0.24919151312636356, -0.7755431934507182, 0.25652718363483645], [-0.03914766512379646, 0.9594879986752944, 0.2790165599268855, -0.3654474075624244], [0.8136529453257697, -0.13147764138389295, 0.5662883668051363, -0.2802564005646524], [0.0, 0.0, 0.0, 1.0]]"
1.05,15.981126355834094,-12.257146710897647,33.66672300395029,-111.14910953353237,-15.64325568061378,41.785109757089536,7.086782728544028,15.954463004861656,12.293407331427598,-33.7061229501775,-111.16139021366006,15.639044868990469,41.80049475819499,-7.053134655371607,"[[0.6788007455329418, -0.0, -0.7343225094356856, 0.2525], [0.0, 1.0, -0.0, 0.33787500000000004], [0.7343225094356856, 0.0, 0.6788007455329418, -0.28750000000000003], [0.0, 0.0, 0.0, 1.0]]","[[0.5752875220353352, -0.25032220879582745, -0.7787060156272212, 0.25681224722877194], [0.03716969148686983, 0.9590371160984171, -0.28083130876097523, 0.3656963641407369], [0.8171062850236894, 0.13261448536720805, 0.561026485333425, -0.278070164312995], [0.0, 0.0, 0.0, 1.0]]","[[0.6788007455329418, -0.0, -0.7343225094356856, 0.2525], [0.0, 1.0, -0.0, -0.33787500000000004], [0.7343225094356856, 0.0, 0.6788007455329418, -0.28750000000000003], [0.0, 0.0, 0.0, 1.0]]","[[0.5753642363157839, 0.2507171913317199, -0.7785222447300325, 0.25679142754884504], [-0.03754660933552746, 0.9589512477590506, 0.28107429008851953, -0.3657162293054914], [0.8170350345585923, -0.13248922368288574, 0.5611598327675871, -0.2781135795251059], [0.0, 0.0, 0.0, 1.0]]"
1.0583333333333333,15.904703369210822,-12.254114106906162,33.797121560489586,-111.43989800725649,-15.64325568061378,41.785109757089536,7.086782728544028,15.877186244592133,12.289857340606485,-33.83727624262009,-111.45362668748822,15.639044868990469,41.80049475819499,-7.053134655371607,"[[0.6739801114782978, -0.0, -0.7387494902412463, 0.2529166666666667], [0.0, 0.9999999999999999, -0.0, 0.3379375], [0.7387494902412463, 0.0, 0.6739801114782978, -0.2854166666666667], [0.0, 0.0, 0.0, 1.0]]","[[0.570141249159669, -0.2520094360454317, -0.7819400233718159, 0.25710252548566115], [0.035409580400244195, 0.9584436320328782, -0.2830759011846536, 0.36598968071221943], [0.8207832342479537, 0.13370507978266427, 0.5553717980036261, -0.2757216666093869], [0.0, 0.0, 0.0, 1.0]]","[[0.6739801114782978, -0.0, -0.7387494902412463, 0.2529166666666667], [0.0, 0.9999999999999999, -0.0, -0.3379375], [0.7387494902412463, 0.0, 0.6739801114782978, -0.2854166666666667], [0.0, 0.0, 0.0, 1.0]]","[[0.57133608697193, 0.25201821862231577, -0.781064589650586, 0.2570203042325767], [-0.036132803499495936, 0.9584877586500536, 0.2828349996539742, -0.36594773808819975], [0.8199204206719518, -0.13337178862274968, 0.5567247702093903, -0.2762684347607979], [0.0, 0.0, 0.0, 1.0]]"
1.0666666666666667,15.828497241093697,-12.246376356350183,33.92356202240486,-111.72595315988579,-15.64325568061378,41.785109757089536,7.086782728544028,15.807098258424046,12.283019467473656,-33.95357045852331,-111.71790719704352,15.639044868990469,41.80049475819499,-7.053134655371607,"[[0.6691306063588581, -0.0, -0.7431448254773941, 0.25333333333333335], [0.0, 0.9999999999999999, -0.0, 0.338], [0.7431448254773941, 0.0, 0.6691306063588581, -0.2833333333333334], [0.0, 0.0, 0.0, 1.0]]","[[0.5653038154672975, -0.253553910740502, -0.7849471387082788, 0.2573752385534285], [0.03368220353168426, 0.9578879194768557, -0.2851600303085121, 0.3662624259593946], [0.8241948224681871, 0.1347633038645866, 0.5500379500981138, -0.27351507448567514], [0.0, 0.0, 0.0, 1.0]]","[[0.6691306063588581, -0.0, -0.7431448254773941, 0.25333333333333335], [0.0, 0.9999999999999999, -0.0, -0.338], [0.7431448254773941, 0.0, 0.6691306063588581, -0.2833333333333334], [0.0, 0.0, 0.0, 1.0]]","[[0.5659854004413163, 0.25374142650088816, -0.7843951905542113, 0.2573197280433379], [-0.03425215273753558, 0.9578724360296899, 0.28514415008446564, -0.36624699311412046], [0.8237034153869507, -0.1345202020956039, 0.5508330043743117, -0.27382972065140015], [0.0, 0.0, 0.0, 1.0]]"
1.075,15.7579106511162,-12.238605308622,34.036997804140434,-111.97903215920228,-15.64325568061378,41.785109757089536,7.086782728544028,15.734872423045747,12.27536111786678,-34.06930801400918,-111.97522774383458,15.639044868990469,41.80049475819499,-7.053134655371607,"[[0.6642524379112819, -0.0, -0.7475083268625967, 0.25375000000000003], [0.0, 1.0, -0.0, 0.3380625], [0.7475083268625967, 0.0, 0.6642524379112819, -0.28125000000000006], [0.0, 0.0, 0.0, 1.0]]","[[0.5612343632845882, -0.2548310033382475, -0.7874497756721791, 0.2576036116385082], [0.03219232676377315, 0.9574217664770615, -0.28689234073686565, 0.3664881192085998], [0.8270306182760573, 0.1356639996961812, 0.5455415984325642, -0.2716622167168006], [0.0, 0.0, 0.0, 1.0]]","[[0.6642524379112819, -0.0, -0.7475083268625967, 0.25375000000000003], [0.0, 1.0, -0.0, -0.3380625], [0.7475083268625967, 0.0, 0.6642524379112819, -0.28125000000000006], [0.0, 0.0, 0.0, 1.0]]","[[0.5618701220128022, 0.2550573277292803, -0.7869229476644567, 0.2575516219154662], [-0.03278021598070267, 0.9573976676995061, 0.286906192550465, -0.3664782848595213], [0.8265757215340753, -0.13540851322994626, 0.5462939786555204, -0.2719601943153968], [0.0, 0.0, 0.0, 1.0]]"
1.0833333333333333,15.677818145361337,-12.228173902212099,34.16150190742601,-112.25233534865117,-15.64325568061378,41.785109757089536,7.086782728544028,15.651941973690745,12.264637720869858,-34.19813904213396,-112.25905625479446,15.639044868990469,41.80049475819499,-7.053134655371607,"[[0.659345815100069, -0.0, -0.7518398074789773, 0.25416666666666665], [0.0, 0.9999999999999999, -0.0, 0.338125], [0.7518398074789773, 0.0, 0.659345815100069, -0.27916666666666673], [0.0, 0.0, 0.0, 1.0]]","[[0.5564790074992163, -0.2563395027739568, -0.7903297878292884, 0.25787213299508077], [0.03046496520817822, 0.9568725772471665, -0.2889061384035137, 0.3667543535147188], [0.830302956822118, 0.1366928316700124, 0.5402888761232107, -0.26950994535795947], [0.0, 0.0, 0.0, 1.0]]","[[0.659345815100069, -0.0, -0.7518398074789773, 0.25416666666666665], [0.0, 0.9999999999999999, -0.0, -0.338125], [0.7518398074789773, 0.0, 0.659345815100069, -0.27916666666666673], [0.0, 0.0, 0.0, 1.0]]","[[0.5572217370632491, 0.25651858835160596, -0.7897481557903856, 0.2578132503148676], [-0.031072324291756825, 0.9568623329401204, 0.2888753822386021, -0.36673704291186], [0.8297821680461226, -0.13642833148026814, 0.5411551200554114, -0.26985158488331384], [0.0, 0.0, 0.0, 1.0]]"
1.0916666666666666,15.602779979592286,-12.216861401399266,34.27561387788941,-112.50501819699579,-15.64325568061378,41.785109757089536,7.086782728544028,15.57711383623867,12.252892356818375,-34.31122648422186,-112.508160084014,15.639044868990469,41.80049475819499,-7.053134655371607,"[[0.6544109481086104, -0.0, -0.7561390817803227, 0.25458333333333333], [0.0, 1.0, -0.0, 0.33818750000000003], [0.7561390817803227, 0.0, 0.6544109481086104, -0.2770833333333334], [0.0, 0.0, 0.0, 1.0]]","[[0.5517851698735629, -0.25779998900196305, -0.7931407768978916, 0.25813347851334484], [0.028720087793858984, 0.9563335022865574, -0.2908631791090786, 0.36700882601413604], [0.8334916213524383, 0.1377149159492705, 0.5350946823323597, -0.2673899668004771], [0.0, 0.0, 0.0, 1.0]]","[[0.6544109481086104, -0.0, -0.7561390817803227, 0.25458333333333333], [0.0, 1.0, -0.0, -0.33818750000000003], [0.7561390817803227, 0.0, 0.6544109481086104, -0.2770833333333334], [0.0, 0.0, 0.0, 1.0]]","[[0.5525635499358471, 0.25798624067631337, -0.7925380892449259, 0.25807478944017465], [-0.029362328504408758, 0.9563240717197463, 0.29083005950926866, -0.366994270178717], [0.8329534062281598, -0.1374313263818292, 0.536004900706922, -0.2677495618300687], [0.0, 0.0, 0.0, 1.0]]"
1.1,15.523884464489468,-12.203662060828217,34.39167928245544,-112.75633500750641,-15.64325568061378,41.785109757089536,7.086782728544028,15.491212254594712,12.239340407731424,-34.43689171966634,-112.7775632354468,15.639044868990469,41.80049475819499,-7.053134655371607,"[[0.6494480483301835, -0.0, -0.7604059656000309, 0.255], [0.0, 0.9999999999999999, -0.0, 0.33825], [0.7604059656000309, 0.0, 0.6494480483301835, -0.275], [0.0, 0.0, 0.0, 1.0]]","[[0.5470334020608891, -0.2592840044883362, -0.7959436299425873, 0.25840045400465533], [0.026948666640854477, 0.9557840929808052, -0.29283192614730313, 0.3672693388189316], [0.8366768948620309, 0.13873922524416782, 0.529833182221233, -0.26525423732233794], [0.0, 0.0, 0.0, 1.0]]","[[0.6494480483301835, -0.0, -0.7604059656000309, 0.255], [0.0, 0.9999999999999999, -0.0, -0.33825], [0.7604059656000309, 0.0, 0.6494480483301835, -0.275], [0.0, 0.0, 0.0, 1.0]]","[[0.5474677068873298, 0.2595836499083485, -0.7955472573114617, 0.25836169083465454], [-0.02746927142587062, 0.9557335875687799, 0.2929483721071706, -0.3672753104060657], [0.8363758419770748, -0.1385266699706934, 0.5303638493185315, -0.2654587748616465], [0.0, 0.0, 0.0, 1.0]]"
1.1083333333333334,15.435387410960905,-12.187676856849448,34.51867981988266,-113.03036219700732,-15.64325568061378,41.785109757089536,7.086782728544028,15.409045078879458,12.223413260360601,-34.55433682244471,-113.0325751782984,15.639044868990469,41.80049475819499,-7.053134655371607,"[[0.6444573283588975, -0.0, -0.7646402761590003, 0.2554166666666667], [0.0, 1.0, -0.0, 0.3383125], [0.7646402761590003, 0.0, 0.6444573283588975, -0.2729166666666667], [0.0, 0.0, 0.0, 1.0]]","[[0.5429379321099082, -0.26054438779839206, -0.7983326523843166, 0.2586287049809278], [0.025393187849871296, 0.9553120077702097, -0.29450662780465947, 0.36748908919851264], [0.8393888180617122, 0.1396266084842432, 0.5252911786011164, -0.26341757178271197], [0.0, 0.0, 0.0, 1.0]]","[[0.6444573283588975, -0.0, -0.7646402761590003, 0.2554166666666667], [0.0, 1.0, -0.0, -0.3383125], [0.7646402761590003, 0.0, 0.6444573283588975, -0.2729166666666667], [0.0, 0.0, 0.0, 1.0]]","[[0.5428675750999308, 0.26100966846797286, -0.7982285066767286, 0.25861890671129983], [-0.02573553812745473, 0.9552014994596245, 0.2948351700652001, -0.36752397983094554], [0.8394238964804442, -0.13951361365947068, 0.525265146017956, -0.26339760355917374], [0.0, 0.0, 0.0, 1.0]]"
1.1166666666666667,15.355914744873223,-12.17044087447892,34.62979675239501,-113.27111270487192,-15.64325568061378,41.785109757089536,7.086782728544028,15.326966695623415,12.206768943126926,-34.66895081181211,-113.2805725168724,15.639044868990469,41.80049475819499,-7.053134655371607,"[[0.6394390019805846, -0.0, -0.7688418320734595, 0.25583333333333336], [0.0, 0.9999999999999999, -0.0, 0.338375], [0.7688418320734595, 0.0, 0.6394390019805846, -0.27083333333333337], [0.0, 0.0, 0.0, 1.0]]","[[0.5382735942313099, -0.2619703707651767, -0.8010200138538757, 0.25888853690825897], [0.023600881877030355, 0.954773660297943, -0.29639543852072825, 0.36773782429903984], [0.842439633521556, 0.14063705927821504, 0.5201121815816682, -0.2613322157320877], [0.0, 0.0, 0.0, 1.0]]","[[0.6394390019805846, -0.0, -0.7688418320734595, 0.25583333333333336], [0.0, 0.9999999999999999, -0.0, -0.338375], [0.7688418320734595, 0.0, 0.6394390019805846, -0.27083333333333337], [0.0, 0.0, 0.0, 1.0]]","[[0.5380853198247044, 0.2624690292373868, -0.8009832690389542, 0.2588837095661269], [-0.023898224037583196, 0.9546502768200429, 0.29676880539447753, -0.3677762240373284], [0.8425515197760878, -0.1405448599508342, 0.5199558431870974, -0.2612597956374778], [0.0, 0.0, 0.0, 1.0]]"
1.125,15.263252983498244,-12.149613920152259,34.75593327089222,-113.54062513933147,-15.64325568061378,41.785109757089536,7.086782728544028,15.22897909424312,12.18569695576379,-34.80152819869664,-113.55989993316923,15.639044868990469,41.80049475819499,-7.053134655371607,"[[0.6343932841636455, -0.0, -0.773010453362737, 0.25625000000000003], [0.0, 1.0, -0.0, 0.3384375], [0.773010453362737, 0.0, 0.6343932841636455, -0.26875000000000004], [0.0, 0.0, 0.0, 1.0]]","[[0.5333081520140466, -0.2634771916889399, -0.8038421390142918, 0.2591648582487485], [0.021669649008206587, 0.9541999977762495, -0.29838362983861294, 0.36800033829614026], [0.8456434480957229, 0.14171144521002832, 0.5145920957314264, -0.2591197844016969], [0.0, 0.0, 0.0, 1.0]]","[[0.6343932841636455, -0.0, -0.773010453362737, 0.25625000000000003], [0.0, 1.0, -0.0, -0.3384375], [0.773010453362737, 0.0, 0.6343932841636455, -0.26875000000000004], [0.0, 0.0, 0.0, 1.0]]","[[0.5340765789923454, 0.2636916703554131, -0.8032614211805553, 0.25910882077134345], [-0.022340985494968033, 0.9541849911397192, 0.29838210913325186, -0.3679920582216385], [0.8451408688135646, -0.1414132443191456, 0.5154989875762968, -0.25947352448278066], [0.0, 0.0, 0.0, 1.0]]"
1.1333333333333333,15.175428703602927,-12.12861791864364,34.872101128295796,-113.78466096818686,-15.64325568061378,41.785109757089536,7.086782728544028,15.138723267003279,12.16369435512624,-34.920144678917666,-113.80794508306742,15.639044868990469,41.80049475819499,-7.053134655371607,"[[0.6293203910498375, -0.0, -0.7771459614569708, 0.2566666666666667], [0.0, 1.0, -0.0, 0.3385], [0.7771459614569708, 0.0, 0.6293203910498375, -0.2666666666666667], [0.0, 0.0, 0.0, 1.0]]","[[0.5284459206756336, -0.2649611402111852, -0.8065609109665995, 0.2594368069788313], [0.01978254112229283, 0.9536349679682917, -0.3003148330250444, 0.3682585462378002], [0.8487364490747568, 0.142744324041638, 0.5091861132885196, -0.2569651216173268], [0.0, 0.0, 0.0, 1.0]]","[[0.6293203910498375, -0.0, -0.7771459614569708, 0.2566666666666667], [0.0, 1.0, -0.0, -0.3385], [0.7771459614569708, 0.0, 0.6293203910498375, -0.2666666666666667], [0.0, 0.0, 0.0, 1.0]]","[[0.528800785683593, 0.26531422535671634, -0.8062121872582801, 0.259405158525187], [-0.020308418862327232, 0.9535696033216813, 0.30048723724019216, -0.3682752776816392], [0.8485029741749448, -0.1425249923497517, 0.5096364678591754, -0.2571366895813337], [0.0, 0.0, 0.0, 1.0]]"
1.1416666666666666,15.086525253818749,-12.10577691228547,34.987480098850234,-114.03093026890083,-15.64325568061378,41.785109757089536,7.086782728544028,15.046744524545302,12.141061669537757,-35.03867578177407,-114.05710355380032,15.639044868990469,41.80049475819499,-7.053134655371607,"[[0.6242205399450178, -0.0, -0.7812481792047585, 0.25708333333333333], [0.0, 1.0, -0.0, 0.3385625], [0.7812481792047585, 0.0, 0.6242205399450178, -0.2645833333333334], [0.0, 0.0, 0.0, 1.0]]","[[0.524111521215028, -0.2662333516170439, -0.8089665727435372, 0.2596747734978306], [0.018030847871329525, 0.9531377886497134, -0.3019987489592886, 0.3684771405560797], [0.8514587493558982, 0.14369467051595858, 0.5043509093980103, -0.25504232102528646], [0.0, 0.0, 0.0, 1.0]]","[[0.6242205399450178, -0.0, -0.7812481792047585, 0.25708333333333333], [0.0, 1.0, -0.0, -0.3385625], [0.7812481792047585, 0.0, 0.6242205399450178, -0.2645833333333334], [0.0, 0.0, 0.0, 1.0]]","[[0.5238249520585143, 0.2668001451278045, -0.808965451772001, 0.25967986572644713], [-0.01833261524957157, 0.9529950075240944, 0.3024308695425493, -0.36853018875450116], [0.8516286366832707, -0.14359038336160876, 0.5040937085374702, -0.2549348759448424], [0.0, 0.0, 0.0, 1.0]]"
1.15,14.990187143123013,-12.080049297229326,35.10912918306275,-114.28443273994586,-15.64325568061378,41.785109757089536,7.086782728544028,14.959082461642774,12.116845233835477,-35.149007242531866,-114.28937096671577,15.639044868990469,41.80049475819499,-7.053134655371607,"[[0.6190939493098342, -0.0, -0.7853169308807448, 0.2575], [0.0, 1.0, -0.0, 0.338625], [0.7853169308807448, 0.0, 0.6190939493098342, -0.26250000000000007], [0.0, 0.0, 0.0, 1.0]]","[[0.5189816932299758, -0.2677619985954358, -0.8117644450210452, 0.25995903221908073], [0.01597739276534038, 0.9525433339665305, -0.3039834203313546, 0.36874088386744375], [0.8546360190236365, 0.1447919508263661, 0.49863069095606805, -0.2527806697308442], [0.0, 0.0, 0.0, 1.0]]","[[0.6190939493098342, -0.0, -0.7853169308807448, 0.2575], [0.0, 1.0, -0.0, -0.338625], [0.7853169308807448, 0.0, 0.6190939493098342, -0.26250000000000007], [0.0, 0.0, 0.0, 1.0]]","[[0.5199860924287005, 0.2679450302547006, -0.8110609868823297, 0.25989273090540943], [-0.016797922824292322, 0.9525499702099935, 0.3039183838495618, -0.3687276203616983], [0.8540095394487817, -0.1444091929717358, 0.4998136567919408, -0.25324215524647353], [0.0, 0.0, 0.0, 1.0]]"
1.1583333333333332,14.893488739948557,-12.051760361234425,35.2281725501069,-114.531712908657,-15.64325568061378,41.785109757089536,7.086782728544028,14.869320115570467,12.090902467820476,-35.25939334480303,-114.51930245493509,15.639044868990469,41.80049475819499,-7.053134655371607,"[[0.6139408387503665, -0.0, -0.78935204219315, 0.2579166666666667], [0.0, 1.0, -0.0, 0.33868750000000003], [0.78935204219315, 0.0, 0.6139408387503665, -0.2604166666666667], [0.0, 0.0, 0.0, 1.0]]","[[0.5141931647686331, -0.2691678974944822, -0.8143426995212871, 0.26022492653753887], [0.014020163372132466, 0.9519887021521637, -0.30581194547247104, 0.36898513905032093], [0.8575598080158818, 0.14582919437835068, 0.4932798614810107, -0.2506737009314786], [0.0, 0.0, 0.0, 1.0]]","[[0.6139408387503665, -0.0, -0.78935204219315, 0.2579166666666667], [0.0, 1.0, -0.0, -0.33868750000000003], [0.78935204219315, 0.0, 0.6139408387503665, -0.2604166666666667], [0.0, 0.0, 0.0, 1.0]]","[[0.5152569231073548, 0.2693345933104867, -0.8136148843502167, 0.2601543096107367], [-0.014870398263221535, 0.9520026383746008, 0.30572838890638304, -0.3689677250258996], [0.8569067478118229, -0.145429891611299, 0.49453106290757026, -0.2511599489106367], [0.0, 0.0, 0.0, 1.0]]"
1.1666666666666667,14.787292958733198,-12.021622151521743,35.35536091773629,-114.78579594578147,-15.64325568061378,41.785109757089536,7.086782728544028,14.759179900109427,12.058178177733298,-35.391564335431944,-114.79064538009217,15.639044868990469,41.80049475819499,-7.053134655371607,"[[0.6087614290087205, -0.0, -0.7933533402912352, 0.25833333333333336], [0.0, 0.9999999999999999, -0.0, 0.33875], [0.7933533402912352, 0.0, 0.6087614290087205, -0.25833333333333336], [0.0, 0.0, 0.0, 1.0]]","[[0.5089012792225457, -0.27075807032309673, -0.8171349676525719, 0.26052193877728375], [0.011901772213114614, 0.9513687948960625, -0.30782424192418767, 0.36926035199015067], [0.8607426071851234, 0.14692679623855776, 0.4873752976128659, -0.24836400805909456], [0.0, 0.0, 0.0, 1.0]]","[[0.6087614290087205, -0.0, -0.7933533402912352, 0.25833333333333336], [0.0, 0.9999999999999999, -0.0, -0.33875], [0.7933533402912352, 0.0, 0.6087614290087205, -0.25833333333333336], [0.0, 0.0, 0.0, 1.0]]","[[0.5099008588586431, 0.2708967736515068, -0.8164655854109363, 0.2604500523549118], [-0.012665509228038885, 0.9513825466554381, 0.3077512547422156, -0.3692363525472368], [0.8601399299016487, -0.14658167670148237, 0.48854182322926, -0.24881007200575167], [0.0, 0.0, 0.0, 1.0]]"
1.175,14.684688149473974,-11.990157177562788,35.475507360331406,-115.02774856694,-15.64325568061378,41.785109757089536,7.086782728544028,14.660989100601322,12.027436350052717,-35.506403721041956,-115.02340456662787,15.639044868990469,41.80049475819499,-7.053134655371607,"[[0.6035559419535715, -0.0, -0.7973206537727071, 0.25875000000000004], [0.0, 1.0, -0.0, 0.3388125], [0.7973206537727071, 0.0, 0.6035559419535715, -0.25625000000000003], [0.0, 0.0, 0.0, 1.0]]","[[0.504052993762233, -0.2721892642737479, -0.8196606516683879, 0.2607918295333716], [0.009924671203576513, 0.9508035621835438, -0.30963540986228494, 0.3695053315138825], [0.8636157017915037, 0.14793779284956277, 0.481956770951471, -0.24625269158691204], [0.0, 0.0, 0.0, 1.0]]","[[0.6035559419535715, -0.0, -0.7973206537727071, 0.25875000000000004], [0.0, 1.0, -0.0, -0.3388125], [0.7973206537727071, 0.0, 0.6035559419535715, -0.25625000000000003], [0.0, 0.0, 0.0, 1.0]]","[[0.5048401967108131, 0.2723676909206685, -0.819116729610335, 0.2607299460818615], [-0.010567488949288911, 0.950795255143331, 0.3096396469676237, -0.3694889390246778], [0.863148135584092, -0.14766253329626702, 0.48287790620221455, -0.24659881787663374], [0.0, 0.0, 0.0, 1.0]]"
1.1833333333333333,14.57635281150111,-11.95641945815751,35.59941723715919,-115.27266549019832,-15.64325568061378,41.785109757089536,7.086782728544028,14.549595545427584,11.991996205996813,-35.633697956603484,-115.2775422452657,15.639044868990469,41.80049475819499,-7.053134655371607,"[[0.5983246005706591, -0.0, -0.8012538126910607, 0.25916666666666666], [0.0, 1.0, -0.0, 0.338875], [0.8012538126910607, 0.0, 0.5983246005706591, -0.2541666666666667], [0.0, 0.0, 0.0, 1.0]]","[[0.49949528005116806, -0.27351119814254665, -0.82200735379754, 0.2610446937599594], [0.008027604205245092, 0.9502738401849378, -0.31131203997098383, 0.36973133514959283], [0.8662794138021112, 0.1489001448985195, 0.4768529375728651, -0.24427088274525016], [0.0, 0.0, 0.0, 1.0]]","[[0.5983246005706591, -0.0, -0.8012538126910607, 0.25916666666666666], [0.0, 1.0, -0.0, -0.338875], [0.8012538126910607, 0.0, 0.5983246005706591, -0.2541666666666667], [0.0, 0.0, 0.0, 1.0]]","[[0.5000813487444877, 0.2737762168441713, -0.8215626742546106, 0.26099604419877653], [-0.008622706172715794, 0.9502375088344474, 0.3114070097835995, -0.36973101040990347], [0.8659355019723775, -0.1486447439185022, 0.47755674692045746, -0.24453383199135584], [0.0, 0.0, 0.0, 1.0]]"
1.1916666666666667,14.481631748091372,-11.925329290829257,35.70560960327996,-115.48500241111567,-15.64325568061378,41.785109757089536,7.086782728544028,14.455127199017138,11.960698571672523,-35.739296096266465,-115.48737931694684,15.639044868990469,41.80049475819499,-7.053134655371607,"[[0.5930676289532372, -0.0, -0.8051526485628582, 0.25958333333333333], [0.0, 0.9999999999999999, -0.0, 0.3389375], [0.8051526485628582, 0.0, 0.5930676289532372, -0.2520833333333334], [0.0, 0.0, 0.0, 1.0]]","[[0.4949925414337731, -0.2748238714001349, -0.8242901331652447, 0.2612941561400869], [0.006164225535909507, 0.9497492315791125, -0.3129511134960664, 0.3699527566675927], [0.8688753571419073, 0.14982735672609165, 0.4718128621900802, -0.24232313566229163], [0.0, 0.0, 0.0, 1.0]]","[[0.5930676289532372, -0.0, -0.8051526485628582, 0.25958333333333333], [0.0, 0.9999999999999999, -0.0, -0.3389375], [0.8051526485628582, 0.0, 0.5930676289532372, -0.2520833333333334], [0.0, 0.0, 0.0, 1.0]]","[[0.4955099572395749, 0.2751081730017421, -0.8238843216277867, 0.2612499716258997], [-0.006723973622074997, 0.949703839254622, 0.3130773161437297, -0.36995784999107906], [0.868576231804189, -0.14959315108879398, 0.47243752887779883, -0.24255421115091103], [0.0, 0.0, 0.0, 1.0]]"
1.2,14.37054896652487,-11.887755566431371,35.82764459318058,-115.72744680589444,-15.64325568061378,41.785109757089536,7.086782728544028,14.350939493417764,11.92504839929964,-35.853517349756586,-115.7144967672281,15.639044868990469,41.80049475819499,-7.053134655371607,"[[0.5877852522924732, -0.0, -0.8090169943749473, 0.26], [0.0, 1.0, -0.0, 0.339], [0.8090169943749473, 0.0, 0.5877852522924732, -0.25000000000000006], [0.0, 0.0, 0.0, 1.0]]","[[0.4897170768706269, -0.2763363231894399, -0.8269313279271927, 0.26158413444373346], [0.003941483853383304, 0.9491367054838195, -0.31483960838553204, 0.3702058899107373], [0.8718724960258365, 0.1509229962247738, 0.4658976281161076, -0.24004526838380397], [0.0, 0.0, 0.0, 1.0]]","[[0.5877852522924732, -0.0, -0.8090169943749473, 0.26], [0.0, 1.0, -0.0, -0.339], [0.8090169943749473, 0.0, 0.5877852522924732, -0.25000000000000006], [0.0, 0.0, 0.0, 1.0]]","[[0.49082633175726637, 0.27644290170647845, -0.8262377588502042, 0.26150810519439877], [-0.004734813929500453, 0.9491602656520312, 0.31475763953305214, -0.37018333943599147], [0.8712445658887974, -0.1505792555549007, 0.4671817571414502, -0.24052796670456644], [0.0, 0.0, 0.0, 1.0]]"
1.2083333333333333,14.263291090893574,-11.849328068387234,35.94288354485703,-115.95584833173967,-15.64325568061378,41.785109757089536,7.086782728544028,14.236568829539546,11.88496372660813,-35.97627975480381,-115.9562991242249,15.639044868990469,41.80049475819499,-7.053134655371607,"[[0.5824776968678023, -0.0, -0.8128466845916151, 0.2604166666666667], [0.0, 1.0, -0.0, 0.3390625], [0.8128466845916151, 0.0, 0.5824776968678023, -0.24791666666666673], [0.0, 0.0, 0.0, 1.0]]","[[0.48504823963383215, -0.2776668534692295, -0.8292341790547579, 0.2618415866932553], [0.0019543276378190255, 0.9485935450348779, -0.3164908638833786, 0.3704293991436057], [0.8744852118998954, 0.15189274111247264, 0.4606562811530249, -0.2380355196312853], [0.0, 0.0, 0.0, 1.0]]","[[0.5824776968678023, -0.0, -0.8128466845916151, 0.2604166666666667], [0.0, 1.0, -0.0, -0.3390625], [0.8128466845916151, 0.0, 0.5824776968678023, -0.24791666666666673], [0.0, 0.0, 0.0, 1.0]]","[[0.48574898696643154, 0.27788911370111513, -0.8287493964688567, 0.2617869924743631], [-0.0025772138713275328, 0.9485703612179222, 0.3165558841461678, -0.3704246960561978], [0.8740945484498498, -0.15163083560183022, 0.46148327170650916, -0.23834110442579648], [0.0, 0.0, 0.0, 1.0]]"
1.2166666666666666,14.152805950879449,-11.808994947564662,36.05913336453065,-116.18323898958774,-15.64325568061378,41.785109757089536,7.086782728544028,14.130435373800365,11.846013719092484,-36.08779625338261,-116.1765044230661,15.639044868990469,41.80049475819499,-7.053134655371607,"[[0.5771451900372337, -0.0, -0.8166415551616788, 0.26083333333333336], [0.0, 1.0, -0.0, 0.339125], [0.8166415551616788, 0.0, 0.5771451900372337, -0.2458333333333334], [0.0, 0.0, 0.0, 1.0]]","[[0.48064947017373527, -0.2788933175390803, -0.831381142589699, 0.2620817591513318], [4.5202934378429926e-05, 0.9480851873973715, -0.3180164703193621, 0.37063257307388964], [0.8769128148102309, 0.15281686709829084, 0.4557092497984444, -0.23614413950338892], [0.0, 0.0, 0.0, 1.0]]","[[0.5771451900372337, -0.0, -0.8166415551616788, 0.26083333333333336], [0.0, 1.0, -0.0, -0.339125], [0.8166415551616788, 0.0, 0.5771451900372337, -0.2458333333333334], [0.0, 0.0, 0.0, 1.0]]","[[0.48140216726111384, 0.2791088301893133, -0.8308731637660804, 0.26202479175109084], [-0.0007013924908545188, 0.9480668323768806, 0.31807041578154016, -0.37062698570188185], [0.876499550145279, -0.15253701930095895, 0.4565971926522354, -0.2364725335792077], [0.0, 0.0, 0.0, 1.0]]"
1.225,14.039700579544977,-11.766634968105889,36.175673467243996,-116.40882647749491,-15.64325568061378,41.785109757089536,7.086782728544028,14.015563544791798,11.803117569783867,-36.206047318483044,-116.40550700555829,15.639044868990469,41.80049475819499,-7.053134655371607,"[[0.5717879602276122, -0.0, -0.8204014435255137, 0.26125000000000004], [0.0, 1.0, -0.0, 0.33918750000000003], [0.8204014435255137, 0.0, 0.5717879602276122, -0.24375000000000002], [0.0, 0.0, 0.0, 1.0]]","[[0.4754996015043767, -0.2803445552999758, -0.8338507416095748, 0.262364858756692], [-0.0021759527701473436, 0.9474859249352312, -0.3197900675117529, 0.37087338830163563], [0.879713245437808, 0.153874469497991, 0.4499191632260075, -0.23394149533726333], [0.0, 0.0, 0.0, 1.0]]","[[0.5717879602276122, -0.0, -0.8204014435255137, 0.26125000000000004], [0.0, 1.0, -0.0, -0.33918750000000003], [0.8204014435255137, 0.0, 0.5717879602276122, -0.24375000000000002], [0.0, 0.0, 0.0, 1.0]]","[[0.4764680593571108, 0.2804967158866164, -0.833246530619415, 0.2622957206208889], [0.0014308896476729893, 0.9474928363758878, 0.31977379125123984, -0.3708575613949082], [0.8791906169695427, -0.15355428158536685, 0.4510487131558153, -0.2343598818820209], [0.0, 0.0, 0.0, 1.0]]"
1.2333333333333334,13.92301106644354,-11.722832111184951,36.29352496627798,-116.63289766340635,-15.64325568061378,41.785109757089536,7.086782728544028,13.908232244626925,11.761467076225129,-36.31428191116565,-116.61672377545176,15.639044868990469,41.80049475819499,-7.053134655371607,"[[0.5664062369248328, -0.0, -0.8241261886220157, 0.2616666666666667], [0.0, 1.0, -0.0, 0.33925], [0.8241261886220157, 0.0, 0.5664062369248328, -0.2416666666666667], [0.0, 0.0, 0.0, 1.0]]","[[0.47088126774280614, -0.2816427652486164, -0.8360312102260542, 0.2626187388354251], [-0.004173727434823471, 0.9469481335609683, -0.32135931967923215, 0.3710871865989972], [0.8821867215551523, 0.15481145025001167, 0.4447246374817351, -0.23197394561566598], [0.0, 0.0, 0.0, 1.0]]","[[0.5664062369248328, -0.0, -0.8241261886220157, 0.2616666666666667], [0.0, 1.0, -0.0, -0.33925], [0.8241261886220157, 0.0, 0.5664062369248328, -0.2416666666666667], [0.0, 0.0, 0.0, 1.0]]","[[0.47159160210008255, 0.2818420530098432, -0.8355635331821717, 0.2625613248114], [0.0035729055343437233, 0.9469289700246838, 0.32142302355934965, -0.37107759618572195], [0.8818098407109779, -0.15456578820420863, 0.4455567550179119, -0.23227578601000917], [0.0, 0.0, 0.0, 1.0]]"
1.2416666666666667,13.800859109553386,-11.67517617379848,36.414316861749654,-116.8601790382277,-15.64325568061378,41.785109757089536,7.086782728544028,13.781031070392839,11.712112129282616,-36.4400905805827,-116.85295269808583,15.639044868990469,41.80049475819499,-7.053134655371607,"[[0.5610002506640098, -0.0, -0.827815630895502, 0.26208333333333333], [0.0, 0.9999999999999999, -0.0, 0.3393125], [0.827815630895502, 0.0, 0.5610002506640098, -0.23958333333333337], [0.0, 0.0, 0.0, 1.0]]","[[0.46554795201029, -0.2831365328065041, -0.8385098736266235, 0.26291317994743246], [-0.006499258170643979, 0.946325236880307, -0.32315059289232656, 0.3713345578016504], [0.8849987932320903, 0.15589178885926713, 0.43871959854102893, -0.22970880342266922], [0.0, 0.0, 0.0, 1.0]]","[[0.5610002506640098, -0.0, -0.827815630895502, 0.26208333333333333], [0.0, 0.9999999999999999, -0.0, -0.3393125], [0.827815630895502, 0.0, 0.5610002506640098, -0.23958333333333337], [0.0, 0.0, 0.0, 1.0]]","[[0.46683219982810714, 0.283164126088991, -0.8377862346087507, 0.26282292047702965], [0.005663633418966307, 0.9463745481461615, 0.32302188451813085, -0.37129631377135497], [0.8843277788581257, -0.15554193105849984, 0.4401943743648334, -0.23025022628978487], [0.0, 0.0, 0.0, 1.0]]"
1.25,13.67275805789615,-11.625231269266408,36.53848970086049,-117.0881297715877,-15.64325568061378,41.785109757089536,7.086782728544028,13.655235207580482,11.662333710611563,-36.56189675914612,-117.078540185993,15.639044868990469,41.80049475819499,-7.053134655371607,"[[0.5555702330196023, -0.0, -0.8314696123025452, 0.2625], [0.0, 1.0, -0.0, 0.339375], [0.8314696123025452, 0.0, 0.5555702330196023, -0.23750000000000004], [0.0, 0.0, 0.0, 1.0]]","[[0.46065565709253753, -0.2845190623531523, -0.8407409046468035, 0.2631846122632442], [-0.008617410325484992, 0.9457511283706326, -0.32477768307714344, 0.3715625158704173], [0.8875371010993989, 0.15685568635965436, 0.4332137899798632, -0.22764255432446895], [0.0, 0.0, 0.0, 1.0]]","[[0.5555702330196023, -0.0, -0.8314696123025452, 0.2625], [0.0, 1.0, -0.0, -0.339375], [0.8314696123025452, 0.0, 0.5555702330196023, -0.23750000000000004], [0.0, 0.0, 0.0, 1.0]]","[[0.4615101376159556, 0.2846773287277825, -0.8402185497750664, 0.2631190820698358], [0.00795958418906731, 0.9457478351560819, 0.32480405988398875, -0.3715476303161277], [0.8870992266354644, -0.15658815665943146, 0.4342063003881479, -0.22800161639892136], [0.0, 0.0, 0.0, 1.0]]"
1.2583333333333333,13.554182558810144,-11.577606921504847,36.65107853913898,-117.2967237488399,-15.64325568061378,41.785109757089536,7.086782728544028,13.538356156729577,11.614948419470954,-36.67278146522669,-117.28549491784439,15.639044868990469,41.80049475819499,-7.053134655371607,"[[0.5501164165954935, -0.0, -0.8350879763187431, 0.2629166666666667], [0.0, 1.0, -0.0, 0.3394375], [0.8350879763187431, 0.0, 0.5501164165954935, -0.23541666666666672], [0.0, 0.0, 0.0, 1.0]]","[[0.455610020689903, -0.28591595491067645, -0.843013390032722, 0.26346154156710627], [-0.010835709255132914, 0.9451636280743658, -0.3264173763301216, 0.37178778999034995], [0.8901135300914623, 0.15785367557588903, 0.42752791798348977, -0.22551551529659922], [0.0, 0.0, 0.0, 1.0]]","[[0.5501164165954935, -0.0, -0.8350879763187431, 0.2629166666666667], [0.0, 1.0, -0.0, -0.3394375], [0.8350879763187431, 0.0, 0.5501164165954935, -0.23541666666666672], [0.0, 0.0, 0.0, 1.0]]","[[0.4568257446950492, 0.2859654835333834, -0.842338400651028, 0.2633757873080943], [0.010033439404975253, 0.9452031779300847, 0.3263284886806167, -0.37175597595716914], [0.8894996172441675, -0.1575268061581485, 0.4289239282950914, -0.2260229310265885], [0.0, 0.0, 0.0, 1.0]]"
1.2666666666666666,13.431751417937665,-11.52739649336879,36.76518026431862,-117.50699795262791,-15.64325568061378,41.785109757089536,7.086782728544028,13.41239893069808,11.563068010082828,-36.79010703969459,-117.50136987675182,15.639044868990469,41.80049475819499,-7.053134655371607,"[[0.5446390350150272, -0.0, -0.838670567945424, 0.26333333333333336], [0.0, 1.0, -0.0, 0.3395], [0.838670567945424, 0.0, 0.5446390350150272, -0.2333333333333334], [0.0, 0.0, 0.0, 1.0]]","[[0.4513201406545987, -0.28709364977774265, -0.8449185563690789, 0.26369612011364996], [-0.012734960649314203, 0.9446651609948702, -0.32778888690710145, 0.37197556160699596], [0.8922712319786925, 0.15869773111116298, 0.42269028699911637, -0.22371218253359684], [0.0, 0.0, 0.0, 1.0]]","[[0.5446390350150272, -0.0, -0.838670567945424, 0.26333333333333336], [0.0, 1.0, -0.0, -0.3395], [0.838670567945424, 0.0, 0.5446390350150272, -0.2333333333333334], [0.0, 0.0, 0.0, 1.0]]","[[0.4512088038596548, 0.28751221571784036, -0.8448356888369228, 0.2636838088830158], [0.012520292252094861, 0.9445485403044819, 0.32813304815363387, -0.3720047490358113], [0.8923305764129468, -0.15863410989346177, 0.42258888009133344, -0.22366056057603462], [0.0, 0.0, 0.0, 1.0]]"
1.275,13.302950271890504,-11.473414093263596,36.882919065231306,-117.72326906250719,-15.64325568061378,41.785109757089536,7.086782728544028,13.284067360156357,11.509661907188853,-36.90743261416248,-117.71423955242443,15.639044868990469,41.80049475819499,-7.053134655371607,"[[0.5391383229110004, -0.0, -0.8422172337162865, 0.26375000000000004], [0.0, 1.0, -0.0, 0.3395625], [0.8422172337162865, 0.0, 0.5391383229110004, -0.23125000000000007], [0.0, 0.0, 0.0, 1.0]]","[[0.44597486475940273, -0.2885453864240507, -0.8472590984912629, 0.2639870510108488], [-0.015123956357699336, 0.9440455499881475, -0.3294681555046956, 0.37220451172054453], [0.894917697862168, 0.15974842572298203, 0.41665663865118724, -0.22147070733627527], [0.0, 0.0, 0.0, 1.0]]","[[0.5391383229110004, -0.0, -0.8422172337162865, 0.26375000000000004], [0.0, 1.0, -0.0, -0.3395625], [0.8422172337162865, 0.0, 0.5391383229110004, -0.23125000000000007], [0.0, 0.0, 0.0, 1.0]]","[[0.44621458911018147, 0.28888236868145023, -0.8470180148793925, 0.2639577753050144], [0.014741189922387737, 0.943966100493858, 0.3297130546977053, -0.372223873652989], [0.8948045807800183, -0.1596088286512203, 0.41695297580384455, -0.22156786200845688], [0.0, 0.0, 0.0, 1.0]]"
1.2833333333333332,13.175422102349902,-11.419286551638537,36.99747841308535,-117.92876213387619,-15.64325568061378,41.785109757089536,7.086782728544028,13.146278538935105,11.45131928507225,-37.03100098153177,-117.9361387381798,15.639044868990469,41.80049475819499,-7.053134655371607,"[[0.5336145159156114, -0.0, -0.8457278217039733, 0.26416666666666666], [0.0, 1.0, -0.0, 0.339625], [0.8457278217039733, 0.0, 0.5336145159156114, -0.22916666666666669], [0.0, 0.0, 0.0, 1.0]]","[[0.4404858675233271, -0.29005191083053816, -0.8496129057022236, 0.2642885231730474], [-0.017567005494419252, 0.9434042880673318, -0.33117933144163747, 0.3724444522405135], [0.8975876563490505, 0.1608049696984656, 0.4104609127433385, -0.219180523867641], [0.0, 0.0, 0.0, 1.0]]","[[0.5336145159156114, -0.0, -0.8457278217039733, 0.26416666666666666], [0.0, 1.0, -0.0, -0.339625], [0.8457278217039733, 0.0, 0.5336145159156114, -0.22916666666666669], [0.0, 0.0, 0.0, 1.0]]","[[0.4415095665247965, 0.2901697791422322, -0.8490411073320505, 0.2642157894280003], [0.016838563302168735, 0.9434172798063594, 0.3311801608621632, -0.3724281652255193], [0.8970985260566451, -0.1605158416958202, 0.4116417120648456, -0.21960341592146704], [0.0, 0.0, 0.0, 1.0]]"
1.2916666666666667,13.047613895053331,-11.36464845337302,37.11029264760644,-118.12779384629037,-15.64325568061378,41.785109757089536,7.086782728544028,13.016294062614238,11.39600329053161,-37.14550910296703,-118.13762931869519,15.639044868990469,41.80049475819499,-7.053134655371607,"[[0.5280678506503681, -0.0, -0.8492021815265789, 0.26458333333333334], [0.0, 1.0, -0.0, 0.33968750000000003], [0.8492021815265789, 0.0, 0.5280678506503681, -0.22708333333333336], [0.0, 0.0, 0.0, 1.0]]","[[0.4362259562390036, -0.29121634946075065, -0.8514105665952949, 0.26452240211740896], [-0.01946864040050278, 0.9429069897385353, -0.33248666250418224, 0.37262820001561625], [0.8996265264788066, 0.16161511844183388, 0.4056509168567344, -0.2174093489675655], [0.0, 0.0, 0.0, 1.0]]","[[0.5280678506503681, -0.0, -0.8492021815265789, 0.26458333333333334], [0.0, 1.0, -0.0, -0.33968750000000003], [0.8492021815265789, 0.0, 0.5280678506503681, -0.22708333333333336], [0.0, 0.0, 0.0, 1.0]]","[[0.4363130630396264, 0.29159784206940714, -0.8512353432050648, 0.26450171391857663], [0.019149788650554056, 0.9428090793399588, 0.3327827001344552, -0.3726544187950668], [0.8995911274660386, -0.16149841613652047, 0.4057758802218007, -0.21744316807105735], [0.0, 0.0, 0.0, 1.0]]"
1.3,12.899934106140254,-11.30074520349838,37.238150373774495,-118.35228850393035,-15.64325568061378,41.785109757089536,7.086782728544028,12.881472958587356,11.337547116520055,-37.262066281153295,-118.3424393711472,15.639044868990469,41.80049475819499,-7.053134655371607,"[[0.522498564715949, -0.0, -0.8526401643540922, 0.265], [0.0, 1.0, -0.0, 0.33975], [0.8526401643540922, 0.0, 0.522498564715949, -0.22500000000000003], [0.0, 0.0, 0.0, 1.0]]","[[0.43070377964309103, -0.29271719424624043, -0.8537042218437042, 0.2648244332329622], [-0.021940969528339155, 0.9422638205091357, -0.3341518912346358, 0.37286141745065426], [0.902226605713505, 0.1626515808473319, 0.39941408987484617, -0.21512125398946172], [0.0, 0.0, 0.0, 1.0]]","[[0.522498564715949, -0.0, -0.8526401643540922, 0.265], [0.0, 1.0, -0.0, -0.33975], [0.8526401643540922, 0.0, 0.522498564715949, -0.22500000000000003], [0.0, 0.0, 0.0, 1.0]]","[[0.430978907268034, 0.29304755910256003, -0.8534519960689546, 0.2647935986232331], [0.021540694184793485, 0.942187161163916, 0.33439400687201054, -0.37288031436677244], [0.9021048608582534, -0.16250071212740147, 0.3997503453081672, -0.21523223687662832], [0.0, 0.0, 0.0, 1.0]]"
1.3083333333333333,12.754391312663746,-11.237481430084785,37.361971458143074,-118.5640107078224,-15.64325568061378,41.785109757089536,7.086782728544028,12.738166198290381,11.275018442215881,-37.38375293140624,-118.55330097120383,15.639044868990469,41.80049475819499,-7.053134655371607,"[[0.5169068966820276, -0.0, -0.8560416229147715, 0.2654166666666667], [0.0, 1.0, -0.0, 0.3398125], [0.8560416229147715, 0.0, 0.5169068966820276, -0.2229166666666667], [0.0, 0.0, 0.0, 1.0]]","[[0.4253790679004579, -0.2941762221396589, -0.855869732447512, 0.26511748848259264], [-0.024314229828118927, 0.9416403180104557, -0.33574146262419435, 0.3730889573406347], [0.9046886021278278, 0.1636272038042757, 0.3934014124977069, -0.2129258006097037], [0.0, 0.0, 0.0, 1.0]]","[[0.5169068966820276, -0.0, -0.8560416229147715, 0.2654166666666667], [0.0, 1.0, -0.0, -0.3398125], [0.8560416229147715, 0.0, 0.5169068966820276, -0.2229166666666667], [0.0, 0.0, 0.0, 1.0]]","[[0.4262872653351518, 0.2943224952211935, -0.8553674276121627, 0.2650504687457357], [0.02364146890804153, 0.9416401029980169, 0.33579010910649854, -0.3730770652133462], [0.9042788554206872, -0.16336518978244594, 0.39445096831722637, -0.21329565377051204], [0.0, 0.0, 0.0, 1.0]]"
1.3166666666666667,12.622406444689712,-11.179657048571455,37.47221412644166,-118.75159502318763,-15.64325568061378,41.785109757089536,7.086782728544028,12.602402528158036,11.215426749254812,-37.49710333577719,-118.74625381525668,15.639044868990469,41.80049475819499,-7.053134655371607,"[[0.5112930860770519, -0.0, -0.8594064115014527, 0.26583333333333337], [0.0, 1.0, -0.0, 0.339875], [0.8594064115014527, 0.0, 0.5112930860770519, -0.22083333333333338], [0.0, 0.0, 0.0, 1.0]]","[[0.420600769922416, -0.2954759923164125, -0.8577814000695646, 0.2653791148243736], [-0.026449386617258375, 0.9410830553153949, -0.3371396045346975, 0.3732875688475874], [0.9068601999692355, 0.1644889691221657, 0.3880050988696998, -0.21096263288096392], [0.0, 0.0, 0.0, 1.0]]","[[0.5112930860770519, -0.0, -0.8594064115014527, 0.26583333333333337], [0.0, 1.0, -0.0, -0.339875], [0.8594064115014527, 0.0, 0.5112930860770519, -0.22083333333333338], [0.0, 0.0, 0.0, 1.0]]","[[0.42171496552765314, 0.29557075177208814, -0.8572015040507648, 0.2653014438356691], [0.025683525913800437, 0.9411052177201182, 0.33713695388759174, -0.3732695843118572], [0.906364631010415, -0.16419165592944024, 0.38928685538623425, -0.21141574225934776], [0.0, 0.0, 0.0, 1.0]]"
1.325,12.485329670689433,-11.118711270607433,37.58466636093676,-118.94293594259636,-15.64325568061378,41.785109757089536,7.086782728544028,12.468399339284264,11.155597707220085,-37.606871305928465,-118.93424794197212,15.639044868990469,41.80049475819499,-7.053134655371607,"[[0.5056573733779848, -0.0, -0.8627343859777917, 0.26625], [0.0, 1.0, -0.0, 0.3399375], [0.8627343859777917, 0.0, 0.5056573733779848, -0.21875000000000006], [0.0, 0.0, 0.0, 1.0]]","[[0.4153813737481733, -0.29688045602713264, -0.8598373736772567, 0.2656632471036154], [-0.02879692745486634, 0.9404770709761621, -0.3386349301788852, 0.3734982089092694], [0.9091914272100456, 0.16542331696958884, 0.38210741276575544, -0.2088241552490128], [0.0, 0.0, 0.0, 1.0]]","[[0.5056573733779848, -0.0, -0.8627343859777917, 0.26625], [0.0, 1.0, -0.0, -0.3399375], [0.8627343859777917, 0.0, 0.5056573733779848, -0.21875000000000006], [0.0, 0.0, 0.0, 1.0]]","[[0.41659116370444393, 0.2969432527118905, -0.8592301827754074, 0.2655796942206795], [0.027995954578099336, 0.9405113107205364, 0.33860700071616945, -0.37347488325470046], [0.9086627695964211, -0.16511565363593275, 0.3834954915950649, -0.20931350841333574], [0.0, 0.0, 0.0, 1.0]]"
1.3333333333333333,12.344182103943828,-11.05510001131981,37.6984948785496,-119.13504184319214,-15.64325568061378,41.785109757089536,7.086782728544028,12.323749593041734,11.090327565737798,-37.72348654072268,-119.1307251636367,15.639044868990469,41.80049475819499,-7.053134655371607,"[[0.5000000000000002, -0.0, -0.8660254037844386, 0.26666666666666666], [0.0, 1.0, -0.0, 0.34], [0.8660254037844386, 0.0, 0.5000000000000002, -0.21666666666666673], [0.0, 0.0, 0.0, 1.0]]","[[0.41036679934084597, -0.29822037946538366, -0.8617793773758295, 0.2659353525063213], [-0.03106328139861969, 0.9398960975758747, -0.34004470045920737, 0.37369667865355694], [0.9113913333730468, 0.16631275066321433, 0.37643844970902685, -0.20677577898928232], [0.0, 0.0, 0.0, 1.0]]","[[0.5000000000000002, -0.0, -0.8660254037844386, 0.26666666666666666], [0.0, 1.0, -0.0, -0.34], [0.8660254037844386, 0.0, 0.5000000000000002, -0.21666666666666673], [0.0, 0.0, 0.0, 1.0]]","[[0.41113211454552184, 0.2984046057974822, -0.8613507274207048, 0.2658768097994646], [0.03046502078540278, 0.939877391810884, 0.34015051208445257, -0.37369330062889317], [0.9110665545929524, -0.16608786711141665, 0.3773228769906584, -0.20708164270258056], [0.0, 0.0, 0.0, 1.0]]"
1.3416666666666666,12.20259313622311,-10.990891110479813,37.810964188517616,-119.32094593202156,-15.64325568061378,41.785109757089536,7.086782728544028,12.185865149172102,11.027663995197516,-37.83286177499668,-119.31257212009912,15.639044868990469,41.80049475819499,-7.053134655371607,"[[0.49432120828614456, -0.0, -0.8692793239451437, 0.26708333333333334], [0.0, 1.0, -0.0, 0.3400625], [0.8692793239451437, 0.0, 0.49432120828614456, -0.2145833333333334], [0.0, 0.0, 0.0, 1.0]]","[[0.4057121091898854, -0.29947044509673504, -0.8635479934376884, 0.2661890989701576], [-0.03316131217060189, 0.9393549453180656, -0.3413394411456401, 0.37388233196617016], [0.9133991525241407, 0.16712192920157845, 0.37117684322721994, -0.20488188172722072], [0.0, 0.0, 0.0, 1.0]]","[[0.49432120828614456, -0.0, -0.8692793239451437, 0.26708333333333334], [0.0, 1.0, -0.0, -0.3400625], [0.8692793239451437, 0.0, 0.49432120828614456, -0.2145833333333334], [0.0, 0.0, 0.0, 1.0]]","[[0.4060056060629832, 0.29977667992551116, -0.8633037646264886, 0.2661554129211514], [0.03278131044660851, 0.9392821129086936, 0.3415764893185472, -0.3738962049920687], [0.9132824500289235, -0.16698219828058958, 0.37152673110632173, -0.2049941971556769], [0.0, 0.0, 0.0, 1.0]]"
1.35,12.044633058835517,-10.919187784573019,37.93440619738726,-119.52175349361993,-15.64325568061378,41.785109757089536,7.086782728544028,12.029739831350303,10.956421707059699,-37.954695274316784,-119.51206828537686,15.639044868990469,41.80049475819499,-7.053134655371607,"[[0.48862124149695507, -0.0, -0.8724960070727971, 0.2675], [0.0, 1.0, -0.0, 0.340125], [0.8724960070727971, 0.0, 0.48862124149695507, -0.21250000000000002], [0.0, 0.0, 0.0, 1.0]]","[[0.4002720715287713, -0.30093347900702844, -0.865575710129849, 0.266485487582675], [-0.035605265382668116, 0.9387226512149557, -0.34282947535618125, 0.3740972221241876], [0.9157043921654499, 0.1680441171499052, 0.36502964381021574, -0.20267774043742223], [0.0, 0.0, 0.0, 1.0]]","[[0.48862124149695507, -0.0, -0.8724960070727971, 0.2675], [0.0, 1.0, -0.0, -0.340125], [0.8724960070727971, 0.0, 0.48862124149695507, -0.21250000000000002], [0.0, 0.0, 0.0, 1.0]]","[[0.4012507230224571, 0.3010524112827349, -0.8650810961608203, 0.26641450445640696], [0.03492341286262751, 0.938729470834358, 0.34288093534209896, -0.37408389928035884], [0.9153022519954715, -0.16779280749751233, 0.3661521012422583, -0.2030659584453649], [0.0, 0.0, 0.0, 1.0]]"
1.3583333333333334,11.90201187877648,-10.853127048694303,38.0435901863645,-119.7009913178194,-15.64325568061378,41.785109757089536,7.086782728544028,11.87399188148015,10.884029385820378,-38.073868414955164,-119.70719312958578,15.639044868990469,41.80049475819499,-7.053134655371607,"[[0.48290034380003727, -0.0, -0.8756753153753997, 0.2679166666666667], [0.0, 1.0, -0.0, 0.34018750000000003], [0.8756753153753997, 0.0, 0.48290034380003727, -0.2104166666666667], [0.0, 0.0, 0.0, 1.0]]","[[0.3950758720481647, -0.30230412327411604, -0.8674832980391326, 0.2667660085382886], [-0.03796641956951313, 0.9381239267826771, -0.34421221504026034, 0.37429280339011384], [0.9178636098628458, 0.16892517588955994, 0.35915272328109576, -0.20057660446549064], [0.0, 0.0, 0.0, 1.0]]","[[0.48290034380003727, -0.0, -0.8756753153753997, 0.2679166666666667], [0.0, 1.0, -0.0, -0.34018750000000003], [0.8756753153753997, 0.0, 0.48290034380003727, -0.2104166666666667], [0.0, 0.0, 0.0, 1.0]]","[[0.3962429605631792, 0.30237602479163456, -0.866925749897496, 0.2666853322875239], [0.037199439393388545, 0.938151254235868, 0.3442214779534911, -0.3742741432519932], [0.917391801747184, -0.16864448940560428, 0.3604876118262299, -0.20103938738825267], [0.0, 0.0, 0.0, 1.0]]"
1.3666666666666667,11.748078197904611,-10.781192350129375,38.15968974187637,-119.88808385956439,-15.64325568061378,41.785109757089536,7.086782728544028,11.717298804183594,10.810904526792577,-38.19195214042093,-119.89648499224351,15.639044868990469,41.80049475819499,-7.053134655371607,"[[0.4771587602596084, -0.0, -0.8788171126619655, 0.26833333333333337], [0.0, 1.0000000000000002, -0.0, 0.34025], [0.8788171126619655, 0.0, 0.4771587602596084, -0.20833333333333337], [0.0, 0.0, 0.0, 1.0]]","[[0.39048380411464684, -0.3035168163659584, -0.8691374695105644, 0.26701461313543984], [-0.04005288747844246, 0.937593906945688, -0.34541776425505366, 0.3744658640329052], [0.9197380958342399, 0.16969150786469445, 0.35395851060514555, -0.1987259999117988], [0.0, 0.0, 0.0, 1.0]]","[[0.4771587602596084, -0.0, -0.8788171126619655, 0.26833333333333337], [0.0, 1.0000000000000002, -0.0, -0.34025], [0.8788171126619655, 0.0, 0.4771587602596084, -0.20833333333333337], [0.0, 0.0, 0.0, 1.0]]","[[0.3906281057189316, 0.3038642239799251, -0.8689512163565439, 0.26698988236946175], [0.0397479202401784, 0.9375014324031172, 0.34570387194632896, -0.3744880870376689], [0.9196900487985177, -0.1695806522784405, 0.35413643770981684, -0.19877590162572523], [0.0, 0.0, 0.0, 1.0]]"
1.375,11.585833884360127,-10.705412255061729,38.28033820337548,-120.07763526941059,-15.64325568061378,41.785109757089536,7.086782728544028,11.571890053169547,10.743465800248808,-38.30011501611725,-120.06545021193128,15.639044868990469,41.80049475819499,-7.053134655371607,"[[0.47139673682599786, -0.0, -0.8819212643483549, 0.26875000000000004], [0.0, 1.0, -0.0, 0.3403125], [0.8819212643483549, 0.0, 0.47139673682599786, -0.20625000000000004], [0.0, 0.0, 0.0, 1.0]]","[[0.38477969611697155, -0.30503478757457614, -0.8711477279000759, 0.26732446872251], [-0.04262935500427864, 0.9369332551383733, -0.3468988519838764, 0.37468274068913193], [0.922023494032582, 0.1706161006035053, 0.34750945694585694, -0.19643738971367664], [0.0, 0.0, 0.0, 1.0]]","[[0.47139673682599786, -0.0, -0.8819212643483549, 0.26875000000000004], [0.0, 1.0, -0.0, -0.3403125], [0.8819212643483549, 0.0, 0.47139673682599786, -0.20625000000000004], [0.0, 0.0, 0.0, 1.0]]","[[0.38518161930566314, 0.30532110836936954, -0.8708697611773917, 0.2672865498892638], [0.042200632696370394, 0.9368688673815793, 0.3471250955076325, -0.3746975659463219], [0.9218753856943429, -0.17045746130708572, 0.3479799234663548, -0.19659133608141224], [0.0, 0.0, 0.0, 1.0]]"
1.3833333333333333,11.423048278323922,-10.629420424129814,38.39949085344635,-120.261531282624,-15.64325568061378,41.785109757089536,7.086782728544028,11.40440356943708,10.665248181421115,-38.42254615698973,-120.25542509350602,15.639044868990469,41.80049475819499,-7.053134655371607,"[[0.4656145203251116, -0.0, -0.8849876374630419, 0.26916666666666667], [0.0, 1.0, -0.0, 0.340375], [0.8849876374630419, 0.0, 0.4656145203251116, -0.20416666666666672], [0.0, 0.0, 0.0, 1.0]]","[[0.3794466448445291, -0.3064578745522869, -0.8729855753912114, 0.2676143292053144], [-0.04502556491321727, 0.9363159131540761, -0.34826026083762984, 0.37488390016398604], [0.9241173855200838, 0.1714528562005985, 0.3414834928370351, -0.19430752781616792], [0.0, 0.0, 0.0, 1.0]]","[[0.4656145203251116, -0.0, -0.8849876374630419, 0.26916666666666667], [0.0, 1.0, -0.0, -0.340375], [0.8849876374630419, 0.0, 0.4656145203251116, -0.20416666666666672], [0.0, 0.0, 0.0, 1.0]]","[[0.3803202067532161, 0.30661661272346075, -0.8725495935115566, 0.26755064583717597], [0.04438680592449859, 0.9363063630978155, 0.3483679174125581, -0.37488041673865596], [0.9237891273418475, -0.171221047843229, 0.3424864975155296, -0.19464885438620555], [0.0, 0.0, 0.0, 1.0]]"
1.3916666666666666,11.259008478801372,-10.552988045996432,38.517690692128006,-120.44127454082206,-15.64325568061378,41.785109757089536,7.086782728544028,11.227780853916073,10.58265582643003,-38.5496491472545,-120.4485555224773,15.639044868990469,41.80049475819499,-7.053134655371607,"[[0.45981235844786, -0.0, -0.8880161006528074, 0.26958333333333334], [0.0, 1.0000000000000002, -0.0, 0.3404375], [0.8880161006528074, 0.0, 0.45981235844786, -0.2020833333333334], [0.0, 0.0, 0.0, 1.0]]","[[0.3738448380017706, -0.3079535860034216, -0.8748740629182372, 0.267918076200141], [-0.04753003392446814, 0.9356689486260668, -0.3496634302470451, 0.375091835303256], [0.9262726018697569, 0.17230266232599106, 0.3351579621324946, -0.19208036208939375], [0.0, 0.0, 0.0, 1.0]]","[[0.45981235844786, -0.0, -0.8880161006528074, 0.26958333333333334], [0.0, 1.0000000000000002, -0.0, -0.3404375], [0.8880161006528074, 0.0, 0.45981235844786, -0.2020833333333334], [0.0, 0.0, 0.0, 1.0]]","[[0.37459334402705596, 0.30814540765933557, -0.8744862688167777, 0.26786150188789226], [0.046950993203124514, 0.9356442652467973, 0.34980768023018144, -0.3750938473220386], [0.9259996926823831, -0.17209362756721297, 0.3360183811979481, -0.19237022575383636], [0.0, 0.0, 0.0, 1.0]]"
1.4,11.098911405977212,-10.477549460387287,38.630952304039745,-120.61304013806955,-15.64325568061378,41.785109757089536,7.086782728544028,11.075281512769905,10.511094226948513,-38.65747051349232,-120.61155115683049,15.639044868990469,41.80049475819499,-7.053134655371607,"[[0.45399049973954686, -0.0, -0.8910065241883677, 0.27], [0.0, 0.9999999999999999, -0.0, 0.3405], [0.8910065241883677, 0.0, 0.45399049973954686, -0.20000000000000007], [0.0, 0.0, 0.0, 1.0]]","[[0.36840954107216406, -0.3093905139673716, -0.876670930232093, 0.26821167871320933], [-0.04996960058476205, 0.9350447288221041, -0.35099058978752895, 0.3752875156327276], [0.9283196911971634, 0.17311517833224122, 0.3290192790196337, -0.18992591373891976], [0.0, 0.0, 0.0, 1.0]]","[[0.45399049973954686, -0.0, -0.8910065241883677, 0.27], [0.0, 0.9999999999999999, -0.0, -0.3405], [0.8910065241883677, 0.0, 0.45399049973954686, -0.20000000000000007], [0.0, 0.0, 0.0, 1.0]]","[[0.3694068787066974, 0.3095200281210678, -0.8762054040897651, 0.26814228712161386], [0.04927727385618158, 0.9350474413640071, 0.3510812337336284, -0.3752822650674466], [0.9279602945414627, -0.17286883637763378, 0.33016065356726665, -0.1903135072034665], [0.0, 0.0, 0.0, 1.0]]"
1.4083333333333332,10.925438261437227,-10.395846737535596,38.75181933159229,-120.79405381145322,-15.64325568061378,41.785109757089536,7.086782728544028,10.900477335115417,10.42897486255745,-38.77922546563696,-120.79331615102286,15.639044868990469,41.80049475819499,-7.053134655371607,"[[0.44814919358922256, -0.0, -0.8939587799699321, 0.2704166666666667], [0.0, 1.0, -0.0, 0.3405625], [0.8939587799699321, 0.0, 0.44814919358922256, -0.19791666666666669], [0.0, 0.0, 0.0, 1.0]]","[[0.3634941093768805, -0.31068572168555586, -0.8782632946839086, 0.26847581983989643], [-0.052169712554032965, 0.9344827184918698, -0.3521652594054032, 0.37545994808262956], [0.9301345889387935, 0.17382874095146253, 0.3234705786913105, -0.18798499714610817], [0.0, 0.0, 0.0, 1.0]]","[[0.44814919358922256, -0.0, -0.8939587799699321, 0.2704166666666667], [0.0, 1.0, -0.0, -0.3405625], [0.8939587799699321, 0.0, 0.44814919358922256, -0.19791666666666669], [0.0, 0.0, 0.0, 1.0]]","[[0.3646978346431195, 0.31075862223718087, -0.877738325534364, 0.2683953450823886], [0.051389330956558704, 0.9345090510449592, 0.35221012219822345, -0.3754472998038519], [0.9297067419732188, -0.1735566542092217, 0.32484374968474233, -0.18845225289144818], [0.0, 0.0, 0.0, 1.0]]"
1.4166666666666667,10.767601127454695,-10.320899071773045,38.860026603518214,-120.95426272862504,-15.64325568061378,41.785109757089536,7.086782728544028,10.73970748865801,10.352748243872815,-38.889362266003424,-120.95625714386269,15.639044868990469,41.80049475819499,-7.053134655371607,"[[0.4422886902190013, -0.0, -0.8968727415326883, 0.27083333333333337], [0.0, 1.0, -0.0, 0.340625], [0.8968727415326883, 0.0, 0.4422886902190013, -0.19583333333333336], [0.0, 0.0, 0.0, 1.0]]","[[0.3579312044521736, -0.3121501694564436, -0.8800270021923928, 0.26877500811500843], [-0.05465869877334023, 0.933847016375851, -0.3534716065744548, 0.3756540552451561], [0.932146812217808, 0.1746196487060791, 0.31719126526111024, -0.1857955925569815], [0.0, 0.0, 0.0, 1.0]]","[[0.4422886902190013, -0.0, -0.8968727415326883, 0.27083333333333337], [0.0, 1.0, -0.0, -0.340625], [0.8968727415326883, 0.0, 0.4422886902190013, -0.19583333333333336], [0.0, 0.0, 0.0, 1.0]]","[[0.3591513187992334, 0.3122295608702307, -0.8795015813081604, 0.2686943396302411], [0.05386025021389507, 0.9338728168528416, 0.3535260038388066, -0.3756441855697571], [0.9317238880975782, -0.17433950574130408, 0.31858489149080776, -0.18626914947859768], [0.0, 0.0, 0.0, 1.0]]"
1.425,10.590433704347381,-10.23699702800861,38.97998863100573,-121.12759926938163,-15.64325568061378,41.785109757089536,7.086782728544028,10.569192669802288,10.272099077700597,-39.00460121767988,-121.12343285398792,15.639044868990469,41.80049475819499,-7.053134655371607,"[[0.43640924067334197, -0.0, -0.8997482840522215, 0.27125], [0.0, 1.0, -0.0, 0.34068750000000003], [0.8997482840522215, 0.0, 0.43640924067334197, -0.19375000000000003], [0.0, 0.0, 0.0, 1.0]]","[[0.35305170834519417, -0.3134409990087195, -0.8815379920201716, 0.26903775767824467], [-0.0568265427934167, 0.9332894374208779, -0.3546005781619222, 0.3758241697636122], [0.9338764561057786, 0.17528709632781708, 0.3116876619185859, -0.18388348864231976], [0.0, 0.0, 0.0, 1.0]]","[[0.43640924067334197, -0.0, -0.8997482840522215, 0.27125], [0.0, 1.0, -0.0, -0.34068750000000003], [0.8997482840522215, 0.0, 0.43640924067334197, -0.19375000000000003], [0.0, 0.0, 0.0, 1.0]]","[[0.3538685604651011, 0.31362359604594764, -0.8811454374378644, 0.2689788330847828], [0.056214381606425, 0.9332691306691732, 0.35475156524054025, -0.3758281658143487], [0.9336042979844108, -0.17506847158530375, 0.31262444728751043, -0.18419677650447758], [0.0, 0.0, 0.0, 1.0]]"
1.4333333333333333,10.408395502588201,-10.1492393424577,39.100872734031206,-121.30135928186675,-15.64325568061378,41.785109757089536,7.086782728544028,10.391574454209753,10.186644873447275,-39.122346848781724,-121.29398267756314,15.639044868990469,41.80049475819499,-7.053134655371607,"[[0.43051109680829525, -0.0, -0.9025852843498606, 0.27166666666666667], [0.0, 1.0, -0.0, 0.34075], [0.9025852843498606, 0.0, 0.43051109680829525, -0.1916666666666667], [0.0, 0.0, 0.0, 1.0]]","[[0.3474755937263236, -0.31490703892029615, -0.8832294541074761, 0.2693374839123197], [-0.05930681660544926, 0.9326549980231738, -0.35586142832080236, 0.3760144458501674], [0.935811633433068, 0.1760346883453515, 0.3053987151749143, -0.1817049306412447], [0.0, 0.0, 0.0, 1.0]]","[[0.43051109680829525, -0.0, -0.9025852843498606, 0.27166666666666667], [0.0, 1.0, -0.0, -0.34075], [0.9025852843498606, 0.0, 0.43051109680829525, -0.1916666666666667], [0.0, 0.0, 0.0, 1.0]]","[[0.3484140640425638, 0.31504994422974497, -0.8828086840409869, 0.269270838335649], [0.058647371879375826, 0.9326502614735827, 0.3559831113197653, -0.37601127719111765], [0.9355042093699989, -0.17580393173672998, 0.30647161669055223, -0.18206390415525955], [0.0, 0.0, 0.0, 1.0]]"
1.4416666666666667,10.236810051580079,-10.068284525320124,39.21362208175519,-121.45901370828899,-15.64325568061378,41.785109757089536,7.086782728544028,10.212724243245676,10.101459607892522,-39.23948459304744,-121.45964208569262,15.639044868990469,41.80049475819499,-7.053134655371607,"[[0.42459451128071307, -0.0, -0.9053836208979552, 0.27208333333333334], [0.0, 1.0, -0.0, 0.3408125], [0.9053836208979552, 0.0, 0.42459451128071307, -0.18958333333333338], [0.0, 0.0, 0.0, 1.0]]","[[0.3419669491569918, -0.3163580969568651, -0.8848594013593858, 0.26963429557000035], [-0.061747666795382544, 0.9320285364080162, -0.35708547011389025, 0.37620226938721774], [0.9376810925520394, 0.17674943227903817, 0.2991885807637916, -0.1795609770017084], [0.0, 0.0, 0.0, 1.0]]","[[0.42459451128071307, -0.0, -0.9053836208979552, 0.27208333333333334], [0.0, 1.0, -0.0, -0.3408125], [0.9053836208979552, 0.0, 0.42459451128071307, -0.18958333333333338], [0.0, 0.0, 0.0, 1.0]]","[[0.3429753106075332, 0.3164738538811129, -0.8844276319311277, 0.26956281526277676], [0.06106899678358174, 0.9320329727158865, 0.35719058694516975, -0.37619423230456545], [0.9373571965614353, -0.1765186607133195, 0.30033755754894026, -0.17994441922589854], [0.0, 0.0, 0.0, 1.0]]"
1.45,10.0711139311838,-9.989488901733917,39.32070237246807,-121.60787085106024,-15.64325568061378,41.785109757089536,7.086782728544028,10.042322976284906,10.020294762437967,-39.34950186510343,-121.61267930423594,15.639044868990469,41.80049475819499,-7.053134655371607,"[[0.4186597375374282, -0.0, -0.9081431738250811, 0.2725], [0.0, 1.0, -0.0, 0.340875], [0.9081431738250811, 0.0, 0.4186597375374282, -0.18750000000000006], [0.0, 0.0, 0.0, 1.0]]","[[0.33680687001489396, -0.3177279452644235, -0.8863464814105251, 0.2699108548843504], [-0.06399804859748429, 0.9314439155304242, -0.3582129003777872, 0.37637542683795044], [0.9393962859658775, 0.1773730109667195, 0.29338274130240805, -0.17756432768151184], [0.0, 0.0, 0.0, 1.0]]","[[0.4186597375374282, -0.0, -0.9081431738250811, 0.2725], [0.0, 1.0, -0.0, -0.340875], [0.9081431738250811, 0.0, 0.4186597375374282, -0.18750000000000006], [0.0, 0.0, 0.0, 1.0]]","[[0.33789305249845625, 0.3178154728201438, -0.885901580487011, 0.26983464751417335], [0.06329989767715682, 0.9314574111920499, 0.35830184773381485, -0.3763636196414319], [0.9390534638812302, -0.1771451844434751, 0.29461530103025924, -0.17797464243192748], [0.0, 0.0, 0.0, 1.0]]"
1.4583333333333333,9.869624204442072,-9.893689522208964,39.44896990998632,-121.7837892033231,-15.64325568061378,41.785109757089536,7.086782728544028,9.848308037816107,9.927942920896578,-39.47298827020267,-121.78145327862696,15.639044868990469,41.80049475819499,-7.053134655371607,"[[0.41270702980439467, -0.0, -0.9108638249211758, 0.2729166666666667], [0.0, 1.0, -0.0, 0.3409375], [0.9108638249211758, 0.0, 0.41270702980439467, -0.18541666666666673], [0.0, 0.0, 0.0, 1.0]]","[[0.3314500929256974, -0.319131867310427, -0.8878601732066298, 0.27019687643705814], [-0.06634924549696217, 0.9308412070579092, -0.35935000329060596, 0.3765492210654886], [0.9411368728944427, 0.178015444582583, 0.2873532459683289, -0.17549567249812983], [0.0, 0.0, 0.0, 1.0]]","[[0.41270702980439467, -0.0, -0.9108638249211758, 0.2729166666666667], [0.0, 1.0, -0.0, -0.3409375], [0.9108638249211758, 0.0, 0.41270702980439467, -0.18541666666666673], [0.0, 0.0, 0.0, 1.0]]","[[0.3317975086316807, 0.3194179259654316, -0.887627513001795, 0.27016044328810457], [0.0659733717321388, 0.9307698438919967, 0.35960396538909456, -0.3765634054889051], [0.9410408745044514, -0.177875479685116, 0.2877540377452366, -0.17561996922164774], [0.0, 0.0, 0.0, 1.0]]"
1.4666666666666666,9.696511352380806,-9.811219256849292,39.55746404985739,-121.93048800631662,-15.64325568061378,41.785109757089536,7.086782728544028,9.673296393165579,9.844682914914124,-39.58270501393517,-121.92919027037432,15.639044868990469,41.80049475819499,-7.053134655371607,"[[0.40673664307580043, -0.0, -0.9135454576426008, 0.2733333333333333], [0.0, 1.0, -0.0, 0.341], [0.9135454576426008, 0.0, 0.40673664307580043, -0.1833333333333334], [0.0, 0.0, 0.0, 1.0]]","[[0.3257385918743077, -0.3206304114750224, -0.8894326894156189, 0.27050113127431613], [-0.06883920139628175, 0.9302008063639453, -0.3605379649787076, 0.37673205950480415], [0.9429504409643515, 0.17866896506451102, 0.28093035935603544, -0.17329926450253888], [0.0, 0.0, 0.0, 1.0]]","[[0.40673664307580043, -0.0, -0.9135454576426008, 0.2733333333333333], [0.0, 1.0, -0.0, -0.341], [0.9135454576426008, 0.0, 0.40673664307580043, -0.1833333333333334], [0.0, 0.0, 0.0, 1.0]]","[[0.3266726059976347, 0.32076412100527907, -0.8890418365670002, 0.2704344438976376], [0.06821184227970001, 0.93019366743603, 0.36067559611750505, -0.37672952182392827], [0.9426728770170082, -0.17846601843941884, 0.28198887779282644, -0.17364776479225258], [0.0, 0.0, 0.0, 1.0]]"
1.475,9.497684545641734,-9.716976306681456,39.68083092664616,-122.09150288581051,-15.64325568061378,41.785109757089536,7.086782728544028,9.47056271822126,9.748194540056646,-39.70835317390672,-122.09308748969795,15.639044868990469,41.80049475819499,-7.053134655371607,"[[0.4007488331031409, -0.0, -0.9161879571171359, 0.27375000000000005], [0.0, 0.9999999999999999, -0.0, 0.3410625], [0.9161879571171359, 0.0, 0.4007488331031409, -0.18125000000000002], [0.0, 0.0, 0.0, 1.0]]","[[0.32081522908400895, -0.3219325522654887, -0.8907508184557584, 0.27076407477515163], [-0.0709605912965865, 0.9296490479252182, -0.3615483953422758, 0.37689070259864704], [0.9444798479960352, 0.179198436052227, 0.27540104801148135, -0.17141491348576438], [0.0, 0.0, 0.0, 1.0]]","[[0.4007488331031409, -0.0, -0.9161879571171359, 0.27375000000000005], [0.0, 0.9999999999999999, -0.0, -0.3410625], [0.9161879571171359, 0.0, 0.4007488331031409, -0.18125000000000002], [0.0, 0.0, 0.0, 1.0]]","[[0.32081618460623884, 0.32232296002455973, -0.8906092774812655, 0.27074853696956286], [0.0707307243239664, 0.9295340238241528, 0.36188902054343464, -0.3769227151751927], [0.9444967656542307, -0.17909329410752772, 0.27541142255616735, -0.17140610852768295], [0.0, 0.0, 0.0, 1.0]]"
1.4833333333333334,9.311473098299677,-9.629089701309963,39.79433501027343,-122.23940380209797,-15.64325568061378,41.785109757089536,7.086782728544028,9.291465766673417,9.66350446321672,-39.81726737041175,-122.23564719805445,15.639044868990469,41.80049475819499,-7.053134655371607,"[[0.39474385638426723, -0.0, -0.9187912101488984, 0.27416666666666667], [0.0, 1.0, -0.0, 0.341125], [0.9187912101488984, 0.0, 0.39474385638426723, -0.1791666666666667], [0.0, 0.0, 0.0, 1.0]]","[[0.3151437067342588, -0.32342076130005293, -0.8922350896853843, 0.27106545935878634], [-0.07340217977010535, 0.9290183745919556, -0.36268027196901464, 0.37706735210975784], [0.9462011224421523, 0.17978840571798696, 0.26903450533081413, -0.16925089180726768], [0.0, 0.0, 0.0, 1.0]]","[[0.39474385638426723, -0.0, -0.9187912101488984, 0.27416666666666667], [0.0, 1.0, -0.0, -0.341125], [0.9187912101488984, 0.0, 0.39474385638426723, -0.1791666666666667], [0.0, 0.0, 0.0, 1.0]]","[[0.3163680673024012, 0.32349469164294836, -0.8917748765636859, 0.2709848813994489], [0.07263722894676095, 0.9290390324831186, 0.36278135163451675, -0.3770617491406257], [0.9458515099962992, -0.17954849094789083, 0.2704205251752463, -0.16970970056880605], [0.0, 0.0, 0.0, 1.0]]"
1.4916666666666667,9.113621301064626,-9.535657836106067,39.913344226371734,-122.39121158659067,-15.64325568061378,41.785109757089536,7.086782728544028,9.094276497787856,9.569131739454653,-39.93512911472949,-122.38901226567792,15.639044868990469,41.80049475819499,-7.053134655371607,"[[0.3887219701523957, -0.0, -0.9213551052231923, 0.27458333333333335], [0.0, 1.0, -0.0, 0.3411875], [0.9213551052231923, 0.0, 0.3887219701523957, -0.17708333333333337], [0.0, 0.0, 0.0, 1.0]]","[[0.3092096841308859, -0.3249823764554539, -0.8937425950647331, 0.2713810228101179], [-0.07593786022275711, 0.9283599684243485, -0.36384228782802547, 0.37725187359636647], [0.9479571786871319, 0.18037245915191252, 0.2623794263181183, -0.1669960550911962], [0.0, 0.0, 0.0, 1.0]]","[[0.3887219701523957, -0.0, -0.9213551052231923, 0.27458333333333335], [0.0, 1.0, -0.0, -0.3411875], [0.9213551052231923, 0.0, 0.3887219701523957, -0.17708333333333337], [0.0, 0.0, 0.0, 1.0]]","[[0.3107382679213599, 0.3249581338537027, -0.8932211036980441, 0.2712824893910892], [0.07506337731996558, 0.9284177646772935, 0.3638762751498621, -0.37723089619307637], [0.9475268957842587, -0.18011847621478672, 0.26410247308859053, -0.16756656070329673], [0.0, 0.0, 0.0, 1.0]]"
1.5,8.910282300605115,-9.439794423557645,40.03369215954736,-122.54307401259673,-15.64325568061378,41.785109757089536,7.086782728544028,8.895798030696456,9.475452279893343,-40.052546896751174,-122.53755521974736,15.639044868990469,41.80049475819499,-7.053134655371607,"[[0.38268343236508984, -0.0, -0.9238795325112866, 0.275], [0.0, 1.0, -0.0, 0.34125], [0.9238795325112866, 0.0, 0.38268343236508984, -0.17500000000000004], [0.0, 0.0, 0.0, 1.0]]","[[0.30319368522434126, -0.32656396273768895, -0.895225986821842, 0.27169911685622494], [-0.07848433728054649, 0.9276974348663201, -0.3649899699225772, 0.3774338884245207], [0.9496914225377193, 0.18092387234278312, 0.2556418478551112, -0.1647207388850171], [0.0, 0.0, 0.0, 1.0]]","[[0.38268343236508984, -0.0, -0.9238795325112866, 0.275], [0.0, 1.0, -0.0, -0.34125], [0.9238795325112866, 0.0, 0.38268343236508984, -0.17500000000000004], [0.0, 0.0, 0.0, 1.0]]","[[0.3044551636980995, 0.326596581553327, -0.8947858549481235, 0.2716149936054546], [0.07775336363356955, 0.927725355406942, 0.3650754434068783, -0.3774201651724157], [0.949347917120604, -0.18072171383855323, 0.2570567921803015, -0.16518415744270337], [0.0, 0.0, 0.0, 1.0]]"
1.5083333333333333,8.717766588659135,-9.34915952081887,40.14615805442079,-122.68180881501803,-15.64325568061378,41.785109757089536,7.086782728544028,8.699187620343054,9.382720509079373,-40.16746141444206,-122.67899477707998,15.639044868990469,41.80049475819499,-7.053134655371607,"[[0.3766285016932108, -0.0, -0.9263643838751181, 0.2754166666666667], [0.0, 1.0, -0.0, 0.3413125], [0.9263643838751181, 0.0, 0.3766285016932108, -0.17291666666666672], [0.0, 0.0, 0.0, 1.0]]","[[0.2984490296510536, -0.32781262954963675, -0.8963632392105877, 0.27194956654184144], [-0.08047443810854828, 0.9271776530500377, -0.36587629671206834, 0.377575507785898], [0.9510268353266683, 0.18132975374266805, 0.25033473369903225, -0.16293374319658824], [0.0, 0.0, 0.0, 1.0]]","[[0.3766285016932108, -0.0, -0.9263643838751181, 0.2754166666666667], [0.0, 1.0, -0.0, -0.3413125], [0.9263643838751181, 0.0, 0.3766285016932108, -0.17291666666666672], [0.0, 0.0, 0.0, 1.0]]","[[0.2986655682482804, 0.32812348260270446, -0.8961773588456721, 0.27192183522342794], [0.08019084347558751, 0.9270879077709865, 0.3661658639025335, -0.3775966199583466], [0.95098281107789, -0.18122635412513136, 0.25057673795647284, -0.16300114359939102], [0.0, 0.0, 0.0, 1.0]]"
1.5166666666666666,8.512568922971735,-9.253041683723865,40.26446376103458,-122.82488761775146,-15.64325568061378,41.785109757089536,7.086782728544028,8.491076025200996,9.285462030392976,-40.28757029099673,-122.82349425916077,15.639044868990469,41.80049475819499,-7.053134655371607,"[[0.37055743750983633, -0.0, -0.9288095528719242, 0.2758333333333334], [0.0, 1.0, -0.0, 0.341375], [0.9288095528719242, 0.0, 0.37055743750983633, -0.1708333333333334], [0.0, 0.0, 0.0, 1.0]]","[[0.2928013529277055, -0.32930155103062825, -0.8976791499263687, 0.2722477830796234], [-0.08282630862383489, 0.9265609018197433, -0.3669123843899704, 0.37774359076909647], [0.9525792199725199, 0.1817838928722968, 0.24402345372676537, -0.1608142634050767], [0.0, 0.0, 0.0, 1.0]]","[[0.37055743750983633, -0.0, -0.9288095528719242, 0.2758333333333334], [0.0, 1.0, -0.0, -0.341375], [0.9288095528719242, 0.0, 0.37055743750983633, -0.1708333333333334], [0.0, 0.0, 0.0, 1.0]]","[[0.2936114071707235, 0.32946413449603934, -0.8973548493544812, 0.2721895202258999], [0.08228863403415572, 0.9265338005733001, 0.3671017530658073, -0.3777499690341004], [0.9523764603810936, -0.181627367089797, 0.2449297393866407, -0.16110480837232335], [0.0, 0.0, 0.0, 1.0]]"
1.525,8.313038606748151,-9.159702879847408,40.377636580487106,-122.96057615580293,-15.64325568061378,41.785109757089536,7.086782728544028,8.289680213560354,9.191240424566296,-40.40180861995978,-122.95990679726427,15.639044868990469,41.80049475819499,-7.053134655371607,"[[0.36447049987914976, -0.0, -0.9312149347588035, 0.27625], [0.0, 1.0, -0.0, 0.3414375], [0.9312149347588035, 0.0, 0.36447049987914976, -0.16875000000000007], [0.0, 0.0, 0.0, 1.0]]","[[0.2868427720457723, -0.33087320704939016, -0.8990239957765025, 0.2725615899721597], [-0.08528266237845475, 0.9259144012564906, -0.3679801476214137, 0.37791808292435547], [0.9541740363386231, 0.18222360550347555, 0.23737410552664345, -0.15858791403026834], [0.0, 0.0, 0.0, 1.0]]","[[0.36447049987914976, -0.0, -0.9312149347588035, 0.27625], [0.0, 1.0, -0.0, -0.3414375], [0.9312149347588035, 0.0, 0.36447049987914976, -0.16875000000000007], [0.0, 0.0, 0.0, 1.0]]","[[0.2879231096650463, 0.33097141465088076, -0.8986424236618281, 0.27248970724304306], [0.08462784886011673, 0.9259147426233423, 0.36813043420784847, -0.3779188674654403], [0.9539069190010726, -0.1820434345884096, 0.23858285312473004, -0.15897931284692157], [0.0, 0.0, 0.0, 1.0]]"
1.5333333333333332,8.103626714342854,-9.061430971842912,40.49481189079326,-123.09787661849853,-15.64325568061378,41.785109757089536,7.086782728544028,8.088053029261578,9.095274559180325,-40.51365296761874,-123.09477571261534,15.639044868990469,41.80049475819499,-7.053134655371607,"[[0.35836794954530016, -0.0, -0.9335804264972016, 0.27666666666666667], [0.0, 0.9999999999999999, -0.0, 0.3415], [0.9335804264972016, 0.0, 0.35836794954530016, -0.16666666666666669], [0.0, 0.0, 0.0, 1.0]]","[[0.28106158458825903, -0.3323808396444428, -0.9002929318316301, 0.27286518601938636], [-0.08767096051520708, 0.9252930011131241, -0.3689805750624404, 0.37808156348476324], [0.9556768221271655, 0.1826358111880674, 0.23092416963280105, -0.15643307931857015], [0.0, 0.0, 0.0, 1.0]]","[[0.35836794954530016, -0.0, -0.9335804264972016, 0.27666666666666667], [0.0, 0.9999999999999999, -0.0, -0.3415], [0.9335804264972016, 0.0, 0.35836794954530016, -0.16666666666666669], [0.0, 0.0, 0.0, 1.0]]","[[0.28196903840861826, 0.33249170283483065, -0.8999681821736333, 0.2728007207174181], [0.08713441444999818, 0.9252789720141639, 0.3691428148655588, -0.37807906244651585], [0.9554585575509674, -0.18250504512042098, 0.23192855216255276, -0.1567529020197835], [0.0, 0.0, 0.0, 1.0]]"
1.5416666666666667,7.9178848425062345,-8.97421116368914,40.59684808680408,-123.21785572145897,-15.64325568061378,41.785109757089536,7.086782728544028,7.886135561923076,9.000317000470575,-40.624715258617734,-123.22444002381886,15.639044868990469,41.80049475819499,-7.053134655371607,"[[0.35225004792123343, -0.0, -0.9359059267573256, 0.27708333333333335], [0.0, 1.0, -0.0, 0.3415625], [0.9359059267573256, 0.0, 0.35225004792123343, -0.16458333333333336], [0.0, 0.0, 0.0, 1.0]]","[[0.2763531721384392, -0.3335952698542158, -0.9013007933980283, 0.2731104433289482], [-0.08961188188577317, 0.9247930665178614, -0.36976681130866884, 0.37820797707099085], [0.9568691837831923, 0.18295349149820406, 0.22567539758401695, -0.1546832669866259], [0.0, 0.0, 0.0, 1.0]]","[[0.35225004792123343, -0.0, -0.9359059267573256, 0.27708333333333335], [0.0, 1.0, -0.0, -0.3415625], [0.9359059267573256, 0.0, 0.35225004792123343, -0.16458333333333336], [0.0, 0.0, 0.0, 1.0]]","[[0.2776085825143506, 0.3336295176847792, -0.9009022254627829, 0.27302904606194134], [0.08892336725883832, 0.9248121315880415, 0.3698853282071796, -0.37820112696439495], [0.9565699711310841, -0.18279460111558227, 0.22706832481275863, -0.155132481146263], [0.0, 0.0, 0.0, 1.0]]"
1.55,7.691789359279533,-8.867129165428974,40.71931679371699,-123.35903573160313,-15.64325568061378,41.785109757089536,7.086782728544028,7.657790385138502,8.892277068179315,-40.748474871283776,-123.36587958115149,15.639044868990469,41.80049475819499,-7.053134655371607,"[[0.346117057077493, -0.0, -0.938191335922484, 0.2775], [0.0, 1.0, -0.0, 0.341625], [0.938191335922484, 0.0, 0.346117057077493, -0.16250000000000003], [0.0, 0.0, 0.0, 1.0]]","[[0.2703394877115248, -0.33515393159174023, -0.9025455132692587, 0.2734244069859126], [-0.09206993868034595, 0.924155245576771, -0.3707562655766391, 0.3783716542771413], [0.9583525905298466, 0.18332736896474866, 0.21897805372501428, -0.1524560478945868], [0.0, 0.0, 0.0, 1.0]]","[[0.346117057077493, -0.0, -0.938191335922484, 0.2775], [0.0, 1.0, -0.0, -0.341625], [0.938191335922484, 0.0, 0.346117057077493, -0.16250000000000003], [0.0, 0.0, 0.0, 1.0]]","[[0.2708039731838403, 0.3353868520614778, -0.9023197147198649, 0.2733861476918322], [0.09173115212286342, 0.9240878055078852, 0.3710082525252414, -0.37838857068761045], [0.9582539349452515, -0.18324133588225555, 0.2194812269558114, -0.15260728918533367], [0.0, 0.0, 0.0, 1.0]]"
1.5583333333333333,7.475615579595922,-8.766435955363708,40.83516363222958,-123.48883664659006,-15.64325568061378,41.785109757089536,7.086782728544028,7.4114297306443735,8.777342059920924,-40.88077563550692,-123.5106249500424,15.639044868990469,41.80049475819499,-7.053134655371607,"[[0.33996923973099424, -0.0, -0.9404365560933547, 0.2779166666666667], [0.0, 0.9999999999999999, -0.0, 0.34168750000000003], [0.9404365560933547, 0.0, 0.33996923973099424, -0.1604166666666667], [0.0, 0.0, 0.0, 1.0]]","[[0.2653131229041049, -0.33645783877510793, -0.903551365192735, 0.2736865735997494], [-0.09410368898213126, 0.9236254754748001, -0.37156490250547625, 0.37850713554094156], [0.9595589833537207, 0.18360856129476436, 0.21338803547631513, -0.15060180675059462], [0.0, 0.0, 0.0, 1.0]]","[[0.33996923973099424, -0.0, -0.9404365560933547, 0.2779166666666667], [0.0, 0.9999999999999999, -0.0, -0.34168750000000003], [0.9404365560933547, 0.0, 0.33996923973099424, -0.1604166666666667], [0.0, 0.0, 0.0, 1.0]]","[[0.26466548500584536, 0.33700313636461554, -0.9035380828316165, 0.2737091823063768], [0.0941918658125582, 0.9234352093294032, 0.37201519671313243, -0.37856289146524913], [0.9597291667243263, -0.18356552032223786, 0.21265847334977367, -0.15034548527201896], [0.0, 0.0, 0.0, 1.0]]"
1.5666666666666667,7.248002086826186,-8.661969919555654,40.955979433363346,-123.61966208995248,-15.64325568061378,41.785109757089536,7.086782728544028,7.204568913894075,8.683902510754212,-40.990881700022115,-123.62713431690447,15.639044868990469,41.80049475819499,-7.053134655371607,"[[0.3338068592337709, -0.0, -0.9426414910921784, 0.2783333333333333], [0.0, 1.0, -0.0, 0.34175], [0.9426414910921784, 0.0, 0.3338068592337709, -0.15833333333333338], [0.0, 0.0, 0.0, 1.0]]","[[0.2590544359855983, -0.33810186239291795, -0.9047529661971958, 0.274012174733232], [-0.0965745960470821, 0.9229689616829201, -0.372560925444813, 0.37867707682365764], [0.9610224485382881, 0.183889712644272, 0.20644715301761984, -0.14830708992115202], [0.0, 0.0, 0.0, 1.0]]","[[0.3338068592337709, -0.0, -0.9426414910921784, 0.2783333333333333], [0.0, 1.0, -0.0, -0.34175], [0.9426414910921784, 0.0, 0.3338068592337709, -0.15833333333333338], [0.0, 0.0, 0.0, 1.0]]","[[0.2586915592781118, 0.3385974491471124, -0.9046714567119536, 0.27402145067685396], [0.09650700221475533, 0.9228062944210689, 0.37298115435015894, -0.3787307409983102], [0.9611269820797774, -0.18379420667671914, 0.2060451744406917, -0.14816176777482443], [0.0, 0.0, 0.0, 1.0]]"
1.575,7.020004395915636,-8.558396077207934,41.075459932514384,-123.74578836316593,-15.64325568061378,41.785109757089536,7.086782728544028,6.990061700367947,8.58850611239029,-41.103347594895546,-123.74558345749084,15.639044868990469,41.80049475819499,-7.053134655371607,"[[0.3276301795616937, -0.0, -0.9448060464668778, 0.27875], [0.0, 0.9999999999999999, -0.0, 0.3418125], [0.9448060464668778, 0.0, 0.3276301795616937, -0.15625000000000006], [0.0, 0.0, 0.0, 1.0]]","[[0.2531915739276153, -0.33964736001220275, -0.9058331511535657, 0.27431662937007184], [-0.09884939042129809, 0.9223591201461636, -0.3734734950388492, 0.3788347736031879], [0.9623527549217049, 0.18410139684406712, 0.19995962286088803, -0.14616854232058243], [0.0, 0.0, 0.0, 1.0]]","[[0.3276301795616937, -0.0, -0.9448060464668778, 0.27875], [0.0, 0.9999999999999999, -0.0, -0.3418125], [0.9448060464668778, 0.0, 0.3276301795616937, -0.15625000000000006], [0.0, 0.0, 0.0, 1.0]]","[[0.2531847324116753, 0.34005706078209186, -0.9056813383778387, 0.27430555079447605], [0.09860955252058057, 0.9222365074582018, 0.3738395116396724, -0.37887619835409553], [0.9623791599080475, -0.183959288223081, 0.19996332876589684, -0.1461589333492151], [0.0, 0.0, 0.0, 1.0]]"
1.5833333333333333,6.783445489767299,-8.450373220389599,41.19710901672689,-123.87332165534842,-15.64325568061378,41.785109757089536,7.086782728544028,6.748354966019535,8.479546665882015,-41.22792000007282,-123.87483795734416,15.639044868990469,41.80049475819499,-7.053134655371607,"[[0.3214394653031616, -0.0, -0.9469301294951057, 0.2791666666666667], [0.0, 1.0, -0.0, 0.341875], [0.9469301294951057, 0.0, 0.3214394653031616, -0.15416666666666673], [0.0, 0.0, 0.0, 1.0]]","[[0.24714620108059504, -0.34122352020035096, -0.9069097334098423, 0.2746292211294055], [-0.10119165884220802, 0.9217378999842571, -0.3743788080452393, 0.3789910643196217], [0.9636799279180784, 0.18429800051734874, 0.19327504632806336, -0.1439692463302628], [0.0, 0.0, 0.0, 1.0]]","[[0.3214394653031616, -0.0, -0.9469301294951057, 0.2791666666666667], [0.0, 1.0, -0.0, -0.341875], [0.9469301294951057, 0.0, 0.3214394653031616, -0.15416666666666673], [0.0, 0.0, 0.0, 1.0]]","[[0.24702753569944358, 0.3416754117014971, -0.9067719171020202, 0.2746239682043879], [0.10096725635431754, 0.9216035088967438, 0.3747700435380226, -0.37903723960283314], [0.9637338894894908, -0.18413279291810652, 0.19316341481149069, -0.14392321264684554], [0.0, 0.0, 0.0, 1.0]]"
1.5916666666666666,6.563290136684394,-8.351576241592657,41.30926413799309,-123.98690770124573,-15.64325568061378,41.785109757089536,7.086782728544028,6.525629754261413,8.379088243569468,-41.340734234593924,-123.99075992793762,15.639044868990469,41.80049475819499,-7.053134655371607,"[[0.3152349816477698, -0.0, -0.9490136491882138, 0.27958333333333335], [0.0, 1.0, -0.0, 0.3419375], [0.9490136491882138, 0.0, 0.3152349816477698, -0.1520833333333334], [0.0, 0.0, 0.0, 1.0]]","[[0.24158954729745358, -0.3426852120957588, -0.907855349737774, 0.27491613145764576], [-0.10329386678817155, 0.9211710441664214, -0.3751989931666828, 0.3791352730779634], [0.9648652070214568, 0.18442004446434182, 0.18714801489519267, -0.14195943383268864], [0.0, 0.0, 0.0, 1.0]]","[[0.3152349816477698, -0.0, -0.9490136491882138, 0.27958333333333335], [0.0, 1.0, -0.0, -0.3419375], [0.9490136491882138, 0.0, 0.3152349816477698, -0.1520833333333334], [0.0, 0.0, 0.0, 1.0]]","[[0.2424112216120271, 0.3428798960996703, -0.9075627672438111, 0.2748617061794606], [0.10272518888271716, 0.9211342843806434, 0.37544528989930126, -0.3791540451970146], [0.9647198221274274, -0.18424170806101323, 0.1880708850545071, -0.1422520130171916], [0.0, 0.0, 0.0, 1.0]]"
1.6,6.350999319543935,-8.25558390922365,41.41547699468137,-124.0938274825131,-15.64325568061378,41.785109757089536,7.086782728544028,6.325056126642111,8.289556416381648,-41.44114826067686,-124.09199699181553,15.639044868990469,41.80049475819499,-7.053134655371607,"[[0.30901699437494745, -0.0, -0.9510565162951536, 0.28], [0.0, 1.0, -0.0, 0.342], [0.9510565162951536, 0.0, 0.30901699437494745, -0.15000000000000002], [0.0, 0.0, 0.0, 1.0]]","[[0.23591875604466483, -0.34416283594031805, -0.9087872594308614, 0.27520771150907747], [-0.10543125354571056, 0.9205996864949498, -0.37600594144398863, 0.3792770621011342], [0.9660365372604279, 0.18452143393903547, 0.18090121363596245, -0.13991394849794653], [0.0, 0.0, 0.0, 1.0]]","[[0.30901699437494745, -0.0, -0.9510565162951536, 0.28], [0.0, 1.0, -0.0, -0.342], [0.9510565162951536, 0.0, 0.30901699437494745, -0.15000000000000002], [0.0, 0.0, 0.0, 1.0]]","[[0.23707577834905097, 0.3442753477643664, -0.9084434821395972, 0.27513475823984024], [0.10472384857818809, 0.9205967355388296, 0.3762108000233692, -0.3792868829249879], [0.9658302080899959, -0.18432616590428846, 0.18219734823498485, -0.1403289142551532], [0.0, 0.0, 0.0, 1.0]]"
1.6083333333333334,6.129782298931916,-8.155734227520881,41.52437070061889,-124.20278266015315,-15.64325568061378,41.785109757089536,7.086782728544028,6.102991308799364,8.18885210725898,-41.5502195515328,-124.2016761695076,15.639044868990469,41.80049475819499,-7.053134655371607,"[[0.3027857698425746, -0.0, -0.9530586433062971, 0.2804166666666667], [0.0, 1.0, -0.0, 0.3420625], [0.9530586433062971, 0.0, 0.3027857698425746, -0.1479166666666667], [0.0, 0.0, 0.0, 1.0]]","[[0.23004180694076948, -0.34567365372980063, -0.9097200075718438, 0.27550867289949377], [-0.10765018288197331, 0.9200151041180297, -0.3768071739234387, 0.379417794831577], [0.9672084600461802, 0.18461292834409176, 0.1744301049226188, -0.1377980424308939], [0.0, 0.0, 0.0, 1.0]]","[[0.3027857698425746, -0.0, -0.9530586433062971, 0.2804166666666667], [0.0, 1.0, -0.0, -0.3420625], [0.9530586433062971, 0.0, 0.3027857698425746, -0.1479166666666667], [0.0, 0.0, 0.0, 1.0]]","[[0.23117090378694266, 0.3457910968694164, -0.9093890974539853, 0.27543656836247554], [0.10695953773854151, 0.9200089366519146, 0.37701885067907537, -0.3794274768389626], [0.9670158584682496, -0.18442362594434403, 0.17569364150263117, -0.13820142971332036], [0.0, 0.0, 0.0, 1.0]]"
1.6166666666666667,5.877817474223792,-8.041593228753506,41.64663108676211,-124.32222900835833,-15.64325568061378,41.785109757089536,7.086782728544028,5.859914267748719,8.077783839844464,-41.66762025808156,-124.31800795145126,15.639044868990469,41.80049475819499,-7.053134655371607,"[[0.2965415749755708, -0.0, -0.9550199444571866, 0.2808333333333334], [0.0, 1.0, -0.0, 0.342125], [0.9550199444571866, 0.0, 0.2965415749755708, -0.14583333333333337], [0.0, 0.0, 0.0, 1.0]]","[[0.2247223739605136, -0.34703082411011593, -0.9105325154869568, 0.27578040080680394], [-0.10965123983686235, 0.9194914857583261, -0.37750763332704307, 0.3795418923673973], [0.968233680597711, 0.18467543078439008, 0.16857794939080856, -0.13588755863581842], [0.0, 0.0, 0.0, 1.0]]","[[0.2965415749755708, -0.0, -0.9550199444571866, 0.2808333333333334], [0.0, 1.0, -0.0, -0.342125], [0.9550199444571866, 0.0, 0.2965415749755708, -0.14583333333333337], [0.0, 0.0, 0.0, 1.0]]","[[0.22490915971146658, 0.3473991923176313, -0.910345907364305, 0.2757568486377868], [0.10930469619924912, 0.919389966771397, 0.37785522675871475, -0.37957690524352095], [0.9682294941111182, -0.18448818438357328, 0.16880686169756481, -0.13595331555814438], [0.0, 0.0, 0.0, 1.0]]"
1.625,5.634159867093696,-7.932042970882025,41.76329413288052,-124.43335618615444,-15.64325568061378,41.785109757089536,7.086782728544028,5.601520954371144,7.961179704107653,-41.791168134883335,-124.4359379976607,15.639044868990469,41.80049475819499,-7.053134655371607,"[[0.29028467725446244, -0.0, -0.9569403357322089, 0.28125], [0.0, 1.0, -0.0, 0.3421875], [0.9569403357322089, 0.0, 0.29028467725446244, -0.14375000000000004], [0.0, 0.0, 0.0, 1.0]]","[[0.21852988633865034, -0.3486365610878493, -0.9114259361295656, 0.2760967493779998], [-0.11190925168776879, 0.918884619556694, -0.3783217880704643, 0.3796911921320389], [0.9693920817520123, 0.18467161182755737, 0.16178809480772005, -0.1336775075041103], [0.0, 0.0, 0.0, 1.0]]","[[0.29028467725446244, -0.0, -0.9569403357322089, 0.28125], [0.0, 1.0, -0.0, -0.3421875], [0.9569403357322089, 0.0, 0.29028467725446244, -0.14375000000000004], [0.0, 0.0, 0.0, 1.0]]","[[0.21951429817178408, 0.3487715019421934, -0.9111377021785102, 0.2760323031565615], [0.11132095089182728, 0.9188627653241632, 0.37854836466873143, -0.3797019680646026], [0.9692373903181245, -0.18452549399423945, 0.16287793980614268, -0.13402074504202052], [0.0, 0.0, 0.0, 1.0]]"
1.6333333333333333,5.391444826069061,-7.825178684901651,41.87844770719234,-124.53919679753295,-15.64325568061378,41.785109757089536,7.086782728544028,5.369968149997603,7.858429753328566,-41.90069021822449,-124.53724336343033,15.639044868990469,41.80049475819499,-7.053134655371607,"[[0.28401534470392276, -0.0, -0.9588197348681929, 0.2816666666666667], [0.0, 0.9999999999999999, -0.0, 0.34225], [0.9588197348681929, 0.0, 0.28401534470392276, -0.14166666666666672], [0.0, 0.0, 0.0, 1.0]]","[[0.21251897434841183, -0.35017724180839754, -0.912256315331038, 0.2764026571846063], [-0.11409156785485615, 0.9183045524289354, -0.3790776478938233, 0.3798299923708816], [0.9704734925212125, 0.1846419462304159, 0.15520487107666558, -0.13153808478117746], [0.0, 0.0, 0.0, 1.0]]","[[0.28401534470392276, -0.0, -0.9588197348681929, 0.2816666666666667], [0.0, 0.9999999999999999, -0.0, -0.34225], [0.9588197348681929, 0.0, 0.28401534470392276, -0.14166666666666672], [0.0, 0.0, 0.0, 1.0]]","[[0.21341486059722586, 0.3503341960154574, -0.91198686853401, 0.27634202598449653], [0.11353950196785363, 0.9182734645200308, 0.3793186336726305, -0.3798422737902677], [0.9703416299268821, -0.1844987681817485, 0.1561964332827706, -0.1318487840300374], [0.0, 0.0, 0.0, 1.0]]"
1.6416666666666666,5.118579195613875,-7.705471081960715,42.00613467863115,-124.65308337175375,-15.64325568061378,41.785109757089536,7.086782728544028,5.108955032186504,7.744135929078511,-42.02291986851645,-124.6463078240971,15.639044868990469,41.80049475819499,-7.053134655371607,"[[0.2777338458812922, -0.0, -0.9606580613579353, 0.28208333333333335], [0.0, 1.0, -0.0, 0.3423125], [0.9606580613579353, 0.0, 0.2777338458812922, -0.1395833333333334], [0.0, 0.0, 0.0, 1.0]]","[[0.20577106519501903, -0.35193564782803827, -0.9131262609937173, 0.27674683054948607], [-0.11645579653287756, 0.9176573356444067, -0.37992507391840025, 0.37999207787415495], [0.9716461887860212, 0.18451643321359715, 0.14784238124344412, -0.12915268076224506], [0.0, 0.0, 0.0, 1.0]]","[[0.2777338458812922, -0.0, -0.9606580613579353, 0.28208333333333335], [0.0, 1.0, -0.0, -0.3423125], [0.9606580613579353, 0.0, 0.2777338458812922, -0.1395833333333334], [0.0, 0.0, 0.0, 1.0]]","[[0.20727272000967417, 0.3519369840848235, -0.9127860531214694, 0.2766550242893313], [0.11569472885959357, 0.91768260297278, 0.3800965271022719, -0.37999047810059133], [0.9714179065952492, -0.1843881759614257, 0.14949331527436932, -0.12967636062607854], [0.0, 0.0, 0.0, 1.0]]"
1.65,4.8682211729079965,-7.599198461117194,42.12263038511489,-124.75182058639545,-15.64325568061378,41.785109757089536,7.086782728544028,4.84344124659919,7.627054533873445,-42.14527246221348,-124.75175228450375,15.639044868990469,41.80049475819499,-7.053134655371607,"[[0.2714404498650742, -0.0, -0.9624552364536473, 0.28250000000000003], [0.0, 1.0, -0.0, 0.342375], [0.9624552364536473, 0.0, 0.2714404498650742, -0.13750000000000007], [0.0, 0.0, 0.0, 1.0]]","[[0.2001808421844865, -0.3534050385774996, -0.913801132156415, 0.27703037752192133], [-0.11834166038300906, 0.9171293602347219, -0.3806165892512338, 0.38012534493572026], [0.972585668123946, 0.18433289262496239, 0.14176918867092325, -0.1271910000205286], [0.0, 0.0, 0.0, 1.0]]","[[0.2714404498650742, -0.0, -0.9624552364536473, 0.28250000000000003], [0.0, 1.0, -0.0, -0.342375], [0.9624552364536473, 0.0, 0.2714404498650742, -0.13750000000000007], [0.0, 0.0, 0.0, 1.0]]","[[0.20026402256011117, 0.3537476453072925, -0.9136503295613644, 0.2770142709883933], [0.11814919623685163, 0.9170164834319505, 0.38094820716560096, -0.38015768406416617], [0.9725919435696707, -0.1842372724332556, 0.14185040976227442, -0.12720242938725393], [0.0, 0.0, 0.0, 1.0]]"
1.6583333333333332,4.6095345882829335,-7.488734665444224,42.240406752068004,-124.85163697092602,-15.64325568061378,41.785109757089536,7.086782728544028,4.5837723953941145,7.517827002440248,-42.263923093380356,-124.85148670676428,15.639044868990469,41.80049475819499,-7.053134655371607,"[[0.2651354262434081, -0.0, -0.9642111831703293, 0.2829166666666667], [0.0, 1.0, -0.0, 0.3424375], [0.9642111831703293, 0.0, 0.2651354262434081, -0.13541666666666669], [0.0, 0.0, 0.0, 1.0]]","[[0.19442133482326757, -0.3548918462330848, -0.9144682181698889, 0.27732087001304156], [-0.12028967455730755, 0.9165953672637286, -0.3812916559611129, 0.38025456340603586], [0.9735146320217463, 0.18413231706559052, 0.13551587010981753, -0.12517290074035842], [0.0, 0.0, 0.0, 1.0]]","[[0.2651354262434081, -0.0, -0.9642111831703293, 0.2829166666666667], [0.0, 1.0, -0.0, -0.3424375], [0.9642111831703293, 0.0, 0.2651354262434081, -0.13541666666666669], [0.0, 0.0, 0.0, 1.0]]","[[0.19449416512455597, 0.35524522106764866, -0.9143155104454367, 0.2773047258778405], [0.1200817792672308, 0.9164815125588196, 0.38163071604093185, -0.38028796145354216], [0.9735257500551889, -0.18401758080818192, 0.13559182841523387, -0.12518360280849714], [0.0, 0.0, 0.0, 1.0]]"
1.6666666666666667,4.378655411316285,-7.390961361249138,42.34423587273595,-124.93728754311798,-15.64325568061378,41.785109757089536,7.086782728544028,4.347323626046144,7.416713735741025,-42.369674912299665,-124.93989667538092,15.639044868990469,41.80049475819499,-7.053134655371607,"[[0.25881904510252074, -0.0, -0.9659258262890683, 0.2833333333333333], [0.0, 1.0, -0.0, 0.3425], [0.9659258262890683, 0.0, 0.25881904510252074, -0.13333333333333336], [0.0, 0.0, 0.0, 1.0]]","[[0.1883433574842946, -0.3564641206376298, -0.915128466604326, 0.2776257806429612], [-0.12229453431590298, 0.9160397084851193, -0.3819886115513847, 0.3803894389774152], [0.9744592482849141, 0.1838602272829542, 0.12893638065131502, -0.1230540799112487], [0.0, 0.0, 0.0, 1.0]]","[[0.25881904510252074, -0.0, -0.9659258262890683, 0.2833333333333333], [0.0, 1.0, -0.0, -0.3425], [0.9659258262890683, 0.0, 0.25881904510252074, -0.13333333333333336], [0.0, 0.0, 0.0, 1.0]]","[[0.18897266615023606, 0.3566596819918227, -0.914922511849809, 0.27758228352538006], [0.12193301305992527, 0.9159766637652802, 0.38225527041959206, -0.3804085389013215], [0.9743827131954876, -0.18379505618737213, 0.1296059626208656, -0.12325430462105967], [0.0, 0.0, 0.0, 1.0]]"
1.675,4.101328386672611,-7.273755315091719,42.4670836551478,-125.03642090873154,-15.64325568061378,41.785109757089536,7.086782728544028,4.076282936759821,7.301667736908622,-42.48928860013951,-125.03751373899874,15.639044868990469,41.80049475819499,-7.053134655371607,"[[0.25249157701515795, -0.0, -0.9675990923602598, 0.28375], [0.0, 1.0, -0.0, 0.3425625], [0.9675990923602598, 0.0, 0.25249157701515795, -0.13125000000000003], [0.0, 0.0, 0.0, 1.0]]","[[0.18159076289414056, -0.35819885481077224, -0.9158156884678136, 0.2779643535984423], [-0.12449889869695469, 0.9154312218642714, -0.38273450623027533, 0.3805369130444816], [0.9754613365248105, 0.183519095595904, 0.12163849101699675, -0.12070705319805475], [0.0, 0.0, 0.0, 1.0]]","[[0.25249157701515795, -0.0, -0.9675990923602598, 0.28375], [0.0, 1.0, -0.0, -0.3425625], [0.9675990923602598, 0.0, 0.25249157701515795, -0.13125000000000003], [0.0, 0.0, 0.0, 1.0]]","[[0.1830339981493861, 0.3581837888572765, -0.915534231430642, 0.2778781471918807], [0.12386994090034022, 0.9154423319942735, 0.3829119670815116, -0.38053543440887194], [0.9752716510095003, -0.18349307941372722, 0.1231888653428988, -0.12119054244332664], [0.0, 0.0, 0.0, 1.0]]"
1.6833333333333333,3.851450184755926,-7.1709942652552305,42.57683113473156,-125.12185291487006,-15.64325568061378,41.785109757089536,7.086782728544028,3.846706191490529,7.205738583789439,-42.589490890358185,-125.11701714093769,15.639044868990469,41.80049475819499,-7.053134655371607,"[[0.24615329302899303, -0.0, -0.9692309097067543, 0.2841666666666667], [0.0, 0.9999999999999999, -0.0, 0.342625], [0.9692309097067543, 0.0, 0.24615329302899303, -0.1291666666666667], [0.0, 0.0, 0.0, 1.0]]","[[0.17617260312354405, -0.3595936584079081, -0.9163272421692434, 0.27823362215332637], [-0.12621019838631076, 0.9149521435402925, -0.383319137083335, 0.38065250407027656], [0.9762347052486726, 0.18318017322800295, 0.11580511389483844, -0.11883545779505839], [0.0, 0.0, 0.0, 1.0]]","[[0.24615329302899303, -0.0, -0.9692309097067543, 0.2841666666666667], [0.0, 0.9999999999999999, -0.0, -0.342625], [0.9692309097067543, 0.0, 0.24615329302899303, -0.1291666666666667], [0.0, 0.0, 0.0, 1.0]]","[[0.17703605614970724, 0.35970989970851663, -0.9161151799171581, 0.2781769399679762], [0.12581457633236134, 0.9149099276643278, 0.38354988807658785, -0.3806613926285894], [0.9761295647634418, -0.18316280275466293, 0.11671529669152331, -0.11911067098979011], [0.0, 0.0, 0.0, 1.0]]"
1.6916666666666667,3.5787858314378433,-7.056839179222692,42.6938732563489,-125.21254416666949,-15.64325568061378,41.785109757089536,7.086782728544028,3.5668893494509737,7.087826466826571,-42.70950072916989,-125.2103585061351,15.639044868990469,41.80049475819499,-7.053134655371607,"[[0.23980446465501654, -0.0, -0.9708212084269281, 0.28458333333333335], [0.0, 1.0, -0.0, 0.3426875], [0.9708212084269281, 0.0, 0.23980446465501654, -0.12708333333333338], [0.0, 0.0, 0.0, 1.0]]","[[0.1698129135541414, -0.36119235354319246, -0.9168989356151437, 0.2785493161616041], [-0.1282517108478625, 0.9143992399682024, -0.3839603216611976, 0.38078067382919534], [0.9770952221021502, 0.18279527807769952, 0.10895326180361242, -0.11663679217508748], [0.0, 0.0, 0.0, 1.0]]","[[0.23980446465501654, -0.0, -0.9708212084269281, 0.28458333333333335], [0.0, 1.0, -0.0, -0.3426875], [0.9708212084269281, 0.0, 0.23980446465501654, -0.12708333333333338], [0.0, 0.0, 0.0, 1.0]]","[[0.17063150143438655, 0.3613276851620586, -0.916693620929957, 0.278495782025051], [0.12786941273657892, 0.9143499072997892, 0.38420523201444023, -0.3807936725750112], [0.9770027144305433, -0.18277459056525247, 0.10981413861181533, -0.11689592940973415], [0.0, 0.0, 0.0, 1.0]]"
1.7,3.312043679016985,-6.945379029704546,42.80653039651909,-125.29805813507805,-15.64325568061378,41.785109757089536,7.086782728544028,3.278401155373264,6.965414962747956,-42.83071268127552,-125.3030578335505,15.639044868990469,41.80049475819499,-7.053134655371607,"[[0.23344536385590547, -0.0, -0.9723699203976766, 0.28500000000000003], [0.0, 1.0, -0.0, 0.34275], [0.9723699203976766, 0.0, 0.23344536385590547, -0.12500000000000006], [0.0, 0.0, 0.0, 1.0]]","[[0.16387589875866687, -0.3626885809137788, -0.9173885126165406, 0.27884404407750396], [-0.13011012093282143, 0.9138898642812148, -0.38454736040559395, 0.38090170749152663], [0.97786299972792, 0.18237957462065896, 0.10257506775187503, -0.11459351408620343], [0.0, 0.0, 0.0, 1.0]]","[[0.23344536385590547, -0.0, -0.9723699203976766, 0.28500000000000003], [0.0, 1.0, -0.0, -0.34275], [0.9723699203976766, 0.0, 0.23344536385590547, -0.12500000000000006], [0.0, 0.0, 0.0, 1.0]]","[[0.16553688951888046, 0.36259954837838204, -0.9171254580068134, 0.27874889359939514], [0.1294957329416468, 0.9139118808164838, 0.3847023904947598, -0.38089532091020384], [0.9776647653251699, -0.18244627049701606, 0.10433103576314184, -0.11513764899547455], [0.0, 0.0, 0.0, 1.0]]"
1.7083333333333333,3.03430406825876,-6.831443363499095,42.922845102989825,-125.38212410338257,-15.64325568061378,41.785109757089536,7.086782728544028,3.035393483431377,6.865023561666639,-42.932052197991005,-125.37746591436863,15.639044868990469,41.80049475819499,-7.053134655371607,"[[0.22707626303437323, -0.0, -0.9738769792773336, 0.28541666666666665], [0.0, 1.0, -0.0, 0.3428125], [0.9738769792773336, 0.0, 0.22707626303437323, -0.12291666666666673], [0.0, 0.0, 0.0, 1.0]]","[[0.15785569298617158, -0.364200358302116, -0.917845128115014, 0.2791410716777389], [-0.1319514384677406, 0.9133831056288504, -0.3851235129644656, 0.3810213871711057], [0.9786063550162292, 0.18190492396965824, 0.09612596193247297, -0.1125307214060755], [0.0, 0.0, 0.0, 1.0]]","[[0.22707626303437323, -0.0, -0.9738769792773336, 0.28541666666666665], [0.0, 1.0, -0.0, -0.3428125], [0.9738769792773336, 0.0, 0.22707626303437323, -0.12291666666666673], [0.0, 0.0, 0.0, 1.0]]","[[0.15896442700070645, 0.36423948516226146, -0.9176382230471156, 0.27907462716875275], [0.1315487802819869, 0.913355017521209, 0.38532782195833437, -0.38102601309949924], [0.9784810827781285, -0.18196760540701473, 0.09727569700484473, -0.11287843293908867], [0.0, 0.0, 0.0, 1.0]]"
1.7166666666666666,2.7655088036620783,-6.721611787211174,43.03350782792237,-125.46054833543266,-15.64325568061378,41.785109757089536,7.086782728544028,2.7637052068343717,6.754316440504487,-43.04439856455396,-125.45613603322883,15.639044868990469,41.80049475819499,-7.053134655371607,"[[0.2206974350215014, -0.0, -0.9753423205085126, 0.28583333333333333], [0.0, 1.0, -0.0, 0.342875], [0.9753423205085126, 0.0, 0.2206974350215014, -0.1208333333333334], [0.0, 0.0, 0.0, 1.0]]","[[0.15163248792772793, -0.3657672647406292, -0.9182711454951671, 0.2794479606823229], [-0.13379601975660022, 0.9128677820090199, -0.38570848793774826, 0.3811461720122429], [0.9793396824912892, 0.18134696196543007, 0.08948220875553964, -0.11040927917984567], [0.0, 0.0, 0.0, 1.0]]","[[0.2206974350215014, -0.0, -0.9753423205085126, 0.28583333333333333], [0.0, 1.0, -0.0, -0.342875], [0.9753423205085126, 0.0, 0.2206974350215014, -0.1208333333333334], [0.0, 0.0, 0.0, 1.0]]","[[0.15329865518695396, 0.3656703966382026, -0.918033051333301, 0.27935489195834906], [0.13323752802935301, 0.9128822528551527, 0.3858675336779825, -0.3811419034212269], [0.9791564141864666, -0.18146942840203456, 0.09122260198514465, -0.11094484938724525], [0.0, 0.0, 0.0, 1.0]]"
1.7249999999999999,2.4914455422246125,-6.609230415928723,43.14434130758417,-125.53734698246028,-15.64325568061378,41.785109757089536,7.086782728544028,2.482272384725874,6.638087538285204,-43.15798461045127,-125.53531158608762,15.639044868990469,41.80049475819499,-7.053134655371607,"[[0.21430915306505066, -0.0, -0.9767658813208725, 0.28625], [0.0, 1.0, -0.0, 0.3429375], [0.9767658813208725, 0.0, 0.21430915306505066, -0.11875000000000002], [0.0, 0.0, 0.0, 1.0]]","[[0.1455521283606983, -0.36727451802217, -0.9186533657159559, 0.27974665384181163], [-0.13559183060553864, 0.9123747252037341, -0.38624761006697494, 0.38126256679081233], [0.9800150169271438, 0.18078105326884708, 0.0829986588825179, -0.10833993703949754], [0.0, 0.0, 0.0, 1.0]]","[[0.21430915306505066, -0.0, -0.9767658813208725, 0.28625], [0.0, 1.0, -0.0, -0.3429375], [0.9767658813208725, 0.0, 0.21430915306505066, -0.11875000000000002], [0.0, 0.0, 0.0, 1.0]]","[[0.14667175830272677, 0.36731222542267494, -0.9184601920450493, 0.27968057856340434], [0.13520890718814293, 0.9123426268234935, 0.38645760789224487, -0.38126855740737814], [0.9799009882296144, -0.18086641572124423, 0.0841510126544856, -0.10868699665265769], [0.0, 0.0, 0.0, 1.0]]"
1.7333333333333334,2.201685865744223,-6.492819659922787,43.260481844231066,-125.6140773275962,-15.64325568061378,41.785109757089536,7.086782728544028,2.198510681553813,6.523728400351211,-43.27153992049732,-125.61101740284803,15.639044868990469,41.80049475819499,-7.053134655371607,"[[0.2079116908177593, -0.0, -0.9781476007338057, 0.2866666666666667], [0.0, 1.0, -0.0, 0.343], [0.9781476007338057, 0.0, 0.2079116908177593, -0.1166666666666667], [0.0, 0.0, 0.0, 1.0]]","[[0.13919285199501746, -0.3688523790970359, -0.9190066770094492, 0.28005872224608264], [-0.13741246421371284, 0.9118682583601327, -0.38679981136755176, 0.38138510397096814], [0.9806850486431455, 0.1801227410121084, 0.07624062918206204, -0.10618611243893315], [0.0, 0.0, 0.0, 1.0]]","[[0.2079116908177593, -0.0, -0.9781476007338057, 0.2866666666666667], [0.0, 1.0, -0.0, -0.343], [0.9781476007338057, 0.0, 0.2079116908177593, -0.1166666666666667], [0.0, 0.0, 0.0, 1.0]]","[[0.1408168950605364, 0.36876350379169587, -0.9187949065688067, 0.2799676216586076], [0.13689758340836025, 0.9118746423303632, 0.3869672962045032, -0.3813805960454937], [0.9805251928035615, -0.18027233549866875, 0.07792452329911614, -0.10670194859631667], [0.0, 0.0, 0.0, 1.0]]"
1.7416666666666667,1.9275286892056693,-6.385336814935705,43.36938579545233,-125.6828846532949,-15.64325568061378,41.785109757089536,7.086782728544028,1.929263770698264,6.417166350241611,-43.37814892815746,-125.67936027568318,15.639044868990469,41.80049475819499,-7.053134655371607,"[[0.20150532232561713, -0.0, -0.9794874195590514, 0.28708333333333336], [0.0, 1.0, -0.0, 0.3430625], [0.9794874195590514, 0.0, 0.20150532232561713, -0.11458333333333337], [0.0, 0.0, 0.0, 1.0]]","[[0.13394871565458993, -0.3701498381560401, -0.9192642921856278, 0.28031592327572535], [-0.13887553651138296, 0.9114585255695726, -0.3872427423790101, 0.38148568927999904], [0.9812091147829607, 0.1795339897612654, 0.0706839415089488, -0.1044171187595565], [0.0, 0.0, 0.0, 1.0]]","[[0.20150532232561713, -0.0, -0.9794874195590514, 0.28708333333333336], [0.0, 1.0, -0.0, -0.3430625], [0.9794874195590514, 0.0, 0.20150532232561713, -0.11458333333333337], [0.0, 0.0, 0.0, 1.0]]","[[0.13456950524975797, 0.37029963678253175, -0.9191132831460771, 0.28027374895351614], [0.1386717787718844, 0.9113848088665202, 0.3874891842872242, -0.38149826034470835], [0.9811529880854857, -0.17959930168589716, 0.07129449351009642, -0.10458972907504908], [0.0, 0.0, 0.0, 1.0]]"
1.75,1.6466599980339323,-6.274324042808195,43.478634671226686,-125.75087235629321,-15.64325568061378,41.785109757089536,7.086782728544028,1.646160006842346,6.304438346858781,-43.48839501155064,-125.74732065792482,15.639044868990469,41.80049475819499,-7.053134655371607,"[[0.19509032201612836, -0.0, -0.9807852804032304, 0.28750000000000003], [0.0, 1.0, -0.0, 0.343125], [0.9807852804032304, 0.0, 0.19509032201612836, -0.11250000000000004], [0.0, 0.0, 0.0, 1.0]]","[[0.12750057545911475, -0.37172988441616944, -0.9195436347936601, 0.28062941444274797], [-0.1406375775951752, 0.9109670122545092, -0.3877630389197176, 0.38160390348483453], [0.9818170272641211, 0.1787623998944819, 0.06386962782269578, -0.10224983838082849], [0.0, 0.0, 0.0, 1.0]]","[[0.19509032201612836, -0.0, -0.9807852804032304, 0.28750000000000003], [0.0, 1.0, -0.0, -0.343125], [0.9807852804032304, 0.0, 0.19509032201612836, -0.11250000000000004], [0.0, 0.0, 0.0, 1.0]]","[[0.12845582471278527, 0.3718043178575689, -0.9193805796947345, 0.2805734351388848], [0.14034994412244378, 0.9109146045874089, 0.38799030443323107, -0.38161473392132694], [0.9817336676931199, -0.17887462752395128, 0.06482957153940316, -0.10253279836838622], [0.0, 0.0, 0.0, 1.0]]"
1.7583333333333333,1.3547467842525787,-6.158314560415998,43.589802830157815,-125.81911960647999,-15.64325568061378,41.785109757089536,7.086782728544028,1.36460722953655,6.192679803451271,-43.59572460416822,-125.81340956833385,15.639044868990469,41.80049475819499,-7.053134655371607,"[[0.18866696468655514, -0.0, -0.9820411276703038, 0.2879166666666667], [0.0, 1.0, -0.0, 0.3431875], [0.9820411276703038, 0.0, 0.18866696468655514, -0.11041666666666672], [0.0, 0.0, 0.0, 1.0]]","[[0.120842406271913, -0.3733306425838961, -0.9197941857580474, 0.28095242828710343], [-0.14245625730833528, 0.9104715133463338, -0.38826258915653794, 0.3817202642732246], [0.9823967261753856, 0.1779490227360983, 0.05684028243378347, -0.10001395061101151], [0.0, 0.0, 0.0, 1.0]]","[[0.18866696468655514, -0.0, -0.9820411276703038, 0.2879166666666667], [0.0, 1.0, -0.0, -0.3431875], [0.9820411276703038, 0.0, 0.18866696468655514, -0.11041666666666672], [0.0, 0.0, 0.0, 1.0]]","[[0.12239175434037758, 0.3732645582647074, -0.9196161307920482, 0.2808676161322902], [0.1420100198001051, 0.9104617206133916, 0.3884489793706199, -0.3817206866463329], [0.9822695214379088, -0.1781376569991741, 0.058425699935783115, -0.10049574899867908], [0.0, 0.0, 0.0, 1.0]]"
1.7666666666666666,1.0750796727662348,-6.048311375625181,43.69504921507854,-125.8808645165769,-15.64325568061378,41.785109757089536,7.086782728544028,1.077323923517113,6.078428667883529,-43.70338546096054,-125.87761334653197,15.639044868990469,41.80049475819499,-7.053134655371607,"[[0.18223552549214767, -0.0, -0.9832549075639545, 0.28833333333333333], [0.0, 1.0, -0.0, 0.34325], [0.9832549075639545, 0.0, 0.18223552549214767, -0.10833333333333339], [0.0, 0.0, 0.0, 1.0]]","[[0.11523332672179715, -0.3746739220775483, -0.9199677888533135, 0.2812242315816325], [-0.1439484519325807, 0.9100626533742475, -0.38867056760145585, 0.3818182544157034], [0.9828530529020303, 0.17721574153683867, 0.05093581601100888, -0.098137335331691], [0.0, 0.0, 0.0, 1.0]]","[[0.18223552549214767, -0.0, -0.9832549075639545, 0.28833333333333333], [0.0, 1.0, -0.0, -0.34325], [0.9832549075639545, 0.0, 0.18223552549214767, -0.10833333333333339], [0.0, 0.0, 0.0, 1.0]]","[[0.11665316222927391, 0.37463454826160414, -0.9198048678881487, 0.28114620869613216], [0.14355934012820437, 0.9100412355702773, 0.388864584944011, -0.38182010523843046], [0.9827424665719222, -0.17740886339342585, 0.0523768993506446, -0.09857220403368583], [0.0, 0.0, 0.0, 1.0]]"
1.775,0.7601084340380058,-5.926473607436847,43.812176714060506,-125.94642067223069,-15.64325568061378,41.785109757089536,7.086782728544028,0.7664847357933301,5.955676935006883,-43.818142884300514,-125.9433197663475,15.639044868990469,41.80049475819499,-7.053134655371607,"[[0.1757962799343547, -0.0, -0.9844265680898915, 0.28875], [0.0, 1.0, -0.0, 0.3433125], [0.9844265680898915, 0.0, 0.1757962799343547, -0.10625000000000007], [0.0, 0.0, 0.0, 1.0]]","[[0.10856098845104123, -0.37626781951827865, -0.9201288169498296, 0.2815464721390965], [-0.14566024551589357, 0.9095882185640255, -0.38914311702222404, 0.3819340931533787], [0.9833603635813184, 0.17627195081601277, 0.04393853311996998, -0.09591583413800377], [0.0, 0.0, 0.0, 1.0]]","[[0.1757962799343547, -0.0, -0.9844265680898915, 0.28875], [0.0, 1.0, -0.0, -0.3433125], [0.9844265680898915, 0.0, 0.1757962799343547, -0.10625000000000007], [0.0, 0.0, 0.0, 1.0]]","[[0.11044948150426337, 0.37610714810685725, -0.9199697414471663, 0.28144614861426703], [0.1451907048376045, 0.9095970938846731, 0.38929781148282444, -0.38192590016103756], [0.9832194929232226, -0.1765687966190052, 0.04585726546925106, -0.09650054421530456], [0.0, 0.0, 0.0, 1.0]]"
1.7833333333333332,0.45922974319736426,-5.810801792521742,43.92225545781902,-126.00548814817296,-15.64325568061378,41.785109757089536,7.086782728544028,0.45641666575467105,5.83644915285514,-43.93175283585992,-126.00427237450069,15.639044868990469,41.80049475819499,-7.053134655371607,"[[0.16934950384902447, -0.0, -0.9855560590580779, 0.2891666666666667], [0.0, 1.0, -0.0, 0.343375], [0.9855560590580779, 0.0, 0.16934950384902447, -0.10416666666666669], [0.0, 0.0, 0.0, 1.0]]","[[0.10261468086804693, -0.37767557176563377, -0.9202344210916317, 0.2818335035410483], [-0.14715020730727707, 0.909175993401952, -0.3895456706356768, 0.38203586391317745], [0.9837769278448109, 0.175385790510735, 0.03771976573562341, -0.09394232430112943], [0.0, 0.0, 0.0, 1.0]]","[[0.16934950384902447, -0.0, -0.9855560590580779, 0.2891666666666667], [0.0, 1.0, -0.0, -0.343375], [0.9855560590580779, 0.0, 0.16934950384902447, -0.10416666666666669], [0.0, 0.0, 0.0, 1.0]]","[[0.10351130562396793, 0.3777497421327718, -0.9201035495674637, 0.2817812784308771], [0.1469498641164416, 0.9091125954694309, 0.38976919605709526, -0.38204480070423674], [0.9837129393497785, -0.17555460995786865, 0.038593158439803266, -0.0941944238828768], [0.0, 0.0, 0.0, 1.0]]"
1.7916666666666667,0.15497984707321896,-5.696000399838991,44.032265899685825,-126.06175524655552,-15.64325568061378,41.785109757089536,7.086782728544028,0.14580499536740102,5.719515033604052,-44.04432801376007,-126.06142739747536,15.639044868990469,41.80049475819499,-7.053134655371607,"[[0.16289547339458893, -0.0, -0.986643332084879, 0.28958333333333336], [0.0, 1.0, -0.0, 0.3434375], [0.986643332084879, 0.0, 0.16289547339458893, -0.10208333333333336], [0.0, 0.0, 0.0, 1.0]]","[[0.09589145442191732, -0.379259627099894, -0.9203080811450582, 0.28215615236488734], [-0.14877047439432345, 0.9087231658354511, -0.38998660723476564, 0.38214913458662225], [0.9842114482758965, 0.1743110527936905, 0.030716151396585067, -0.09172187651829099], [0.0, 0.0, 0.0, 1.0]]","[[0.16289547339458893, -0.0, -0.986643332084879, 0.28958333333333336], [0.0, 1.0, -0.0, -0.3434375], [0.986643332084879, 0.0, 0.16289547339458893, -0.10208333333333336], [0.0, 0.0, 0.0, 1.0]]","[[0.0970330813365411, 0.37927970552070034, -0.9201801378569673, 0.2820935390403283], [0.14852118063107056, 0.908673070103046, 0.3901982964768784, -0.3821559502307998], [0.9841372058967638, -0.1745283835071987, 0.03184027826629421, -0.09205286707555335], [0.0, 0.0, 0.0, 1.0]]"
1.8,-0.17085309998262282,-5.5738002047378234,44.14812981367134,-126.11836385439659,-15.64325568061378,41.785109757089536,7.086782728544028,-0.17199873081376024,5.600072954267101,-44.157254946402475,-126.11692951467089,15.639044868990469,41.80049475819499,-7.053134655371607,"[[0.1564344650402309, -0.0, -0.9876883405951378, 0.29000000000000004], [0.0, 1.0, -0.0, 0.3435], [0.9876883405951378, 0.0, 0.1564344650402309, -0.10000000000000003], [0.0, 0.0, 0.0, 1.0]]","[[0.08914990528047906, -0.3808350034985748, -0.920335262009841, 0.2824786879000849], [-0.15033894112172716, 0.9082828790148856, -0.3904105716688894, 0.38226099934638946], [0.9846067728646192, 0.1731672942523259, 0.02371900146399286, -0.08950474960993779], [0.0, 0.0, 0.0, 1.0]]","[[0.1564344650402309, -0.0, -0.9876883405951378, 0.29000000000000004], [0.0, 1.0, -0.0, -0.3435], [0.9876883405951378, 0.0, 0.1564344650402309, -0.10000000000000003], [0.0, 0.0, 0.0, 1.0]]","[[0.09044284587329143, 0.3808151963491766, -0.9202172992613635, 0.28240956311263327], [0.15008200898241097, 0.9082399370651523, 0.3906092770271741, -0.3822645946564083], [0.9845280504943186, -0.1734358756123605, 0.024990294924835732, -0.08988115537911512], [0.0, 0.0, 0.0, 1.0]]"
1.8083333333333333,-0.4765739947384067,-5.462946234508516,44.25619023653011,-126.167513895664,-15.64325568061378,41.785109757089536,7.086782728544028,-0.4771466100507771,5.485830783322644,-44.2637546710359,-126.1672406880972,15.639044868990469,41.80049475819499,-7.053134655371607,"[[0.1499667555540451, -0.0, -0.9886910398241674, 0.29041666666666666], [0.0, 1.0, -0.0, 0.3435625], [0.9886910398241674, 0.0, 0.1499667555540451, -0.09791666666666671], [0.0, 0.0, 0.0, 1.0]]","[[0.08251578534522258, -0.382381515923135, -0.9203127302440115, 0.28279534996769506], [-0.1518032368296917, 0.9078632996536282, -0.39081965972818616, 0.3823716947502082], [0.9849603659319952, 0.1719552424974357, 0.016866301336048106, -0.08733548970076233], [0.0, 0.0, 0.0, 1.0]]","[[0.1499667555540451, -0.0, -0.9886910398241674, 0.29041666666666666], [0.0, 1.0, -0.0, -0.3435625], [0.9886910398241674, 0.0, 0.1499667555540451, -0.09791666666666671], [0.0, 0.0, 0.0, 1.0]]","[[0.08377569883636093, 0.38234970488187897, -0.9202121143851669, 0.2827284173386856], [0.15162111556091623, 0.9078151129543662, 0.391002248085244, -0.3823718083767942], [0.9848820587260907, -0.17228007391567798, 0.018080556713384377, -0.08769079908448024], [0.0, 0.0, 0.0, 1.0]]"
1.8166666666666667,-0.7875172361253265,-5.349996249977662,44.36389548955204,-126.21480612547717,-15.64325568061378,41.785109757089536,7.086782728544028,-0.794834876686496,5.371671855308698,-44.37447886767097,-126.2150246915306,15.639044868990469,41.80049475819499,-7.053134655371607,"[[0.1434926219911793, -0.0, -0.9896513868196701, 0.29083333333333333], [0.0, 0.9999999999999999, -0.0, 0.343625], [0.9896513868196701, 0.0, 0.1434926219911793, -0.09583333333333338], [0.0, 0.0, 0.0, 1.0]]","[[0.07617628199444865, -0.3838364430833767, -0.9202536384185634, 0.28309691842049195], [-0.15317167073573593, 0.9074756281580172, -0.3911859194593224, 0.3824736427691903], [0.9852591604981532, 0.17075587621020222, 0.010335250077311453, -0.08526784615033818], [0.0, 0.0, 0.0, 1.0]]","[[0.1434926219911793, -0.0, -0.9896513868196701, 0.29083333333333333], [0.0, 0.9999999999999999, -0.0, -0.343625], [0.9896513868196701, 0.0, 0.1434926219911793, -0.09583333333333338], [0.0, 0.0, 0.0, 1.0]]","[[0.07731497376893248, 0.3838486616458165, -0.9201535740211115, 0.28303594236426943], [0.15299559526654177, 0.9074169863762177, 0.39139080298972284, -0.3824791425060119], [0.9851978190496293, -0.17103981346054767, 0.011429766018393961, -0.08558638798780248], [0.0, 0.0, 0.0, 1.0]]"
1.825,-1.0879840345425045,-5.241202862443584,44.46615366671089,-126.25791827951828,-15.64325568061378,41.785109757089536,7.086782728544028,-1.0998550100416924,5.2623662035868675,-44.47882366762126,-126.25825978897679,15.639044868990469,41.80049475819499,-7.053134655371607,"[[0.13701234168196819, -0.0, -0.9905693404435773, 0.29125], [0.0, 1.0, -0.0, 0.3436875], [0.9905693404435773, 0.0, 0.13701234168196819, -0.09375000000000006], [0.0, 0.0, 0.0, 1.0]]","[[0.06970704794482796, -0.38529974800552524, -0.9201548954679839, 0.2834036183733486], [-0.15453555305214683, 0.9070928275049629, -0.39153718231084883, 0.38257465578431366], [0.9855250835517504, 0.16948954680431044, 0.0036882535684114037, -0.08316310496933112], [0.0, 0.0, 0.0, 1.0]]","[[0.13701234168196819, -0.0, -0.9905693404435773, 0.29125], [0.0, 1.0, -0.0, -0.3436875], [0.9905693404435773, 0.0, 0.13701234168196819, -0.09375000000000006], [0.0, 0.0, 0.0, 1.0]]","[[0.07115521152715404, 0.3852562536122247, -0.9200622560051028, 0.2833283847485537], [0.15427606231981827, 0.9070498981579456, 0.391738916686551, -0.38257827613833056], [0.98546224304517, -0.16981784742580558, 0.005105509577732759, -0.08358492469140213], [0.0, 0.0, 0.0, 1.0]]"
1.8333333333333333,-1.4254062651551243,-5.121692054328109,44.57976361827029,-126.30266967896021,-15.64325568061378,41.785109757089536,7.086782728544028,-1.4656638270100024,5.1332073263819264,-44.60203345005912,-126.30660386792214,15.639044868990469,41.80049475819499,-7.053134655371607,"[[0.13052619222005163, -0.0, -0.9914448613738104, 0.2916666666666667], [0.0, 1.0, -0.0, 0.34375], [0.9914448613738104, 0.0, 0.13052619222005163, -0.09166666666666673], [0.0, 0.0, 0.0, 1.0]]","[[0.06368069701593737, -0.38665498151947725, -0.9200232030192157, 0.28368810770022673], [-0.1557410196685281, 0.9067488945000638, -0.39185606683515734, 0.38266811223316904], [0.9857431225325244, 0.16823901922290446, -0.0024756394615645383, -0.08121255148183133], [0.0, 0.0, 0.0, 1.0]]","[[0.13052619222005163, -0.0, -0.9914448613738104, 0.2916666666666667], [0.0, 1.0, -0.0, -0.34375], [0.9914448613738104, 0.0, 0.13052619222005163, -0.09166666666666673], [0.0, 0.0, 0.0, 1.0]]","[[0.06378929333398564, 0.3869155058382356, -0.9199061459724536, 0.2836760634678498], [0.15575378165835446, 0.9066278088445172, 0.39213106957866944, -0.38269264378596346], [0.9857340846065294, -0.16829262482869517, -0.0024304059734288064, -0.08120019633909199], [0.0, 0.0, 0.0, 1.0]]"
1.8416666666666666,-1.7482493502626457,-5.008278470707339,44.6866321731189,-126.34238039879466,-15.64325568061378,41.785109757089536,7.086782728544028,-1.7763534442631326,5.0247776464211515,-44.705019042364576,-126.34451141781571,15.639044868990469,41.80049475819499,-7.053134655371607,"[[0.12403445145048547, -0.0, -0.9922779121059669, 0.29208333333333336], [0.0, 1.0, -0.0, 0.3438125], [0.9922779121059669, 0.0, 0.12403445145048547, -0.0895833333333334], [0.0, 0.0, 0.0, 1.0]]","[[0.0568616015327853, -0.3881685995241976, -0.9198325372667299, 0.28400926313559455], [-0.15705906425505078, 0.9063736676644543, -0.39219794096835003, 0.3827718372674842], [0.9859509159215051, 0.16676904061578293, -0.009427538683918602, -0.07901227237111087], [0.0, 0.0, 0.0, 1.0]]","[[0.12403445145048547, -0.0, -0.9922779121059669, 0.29208333333333336], [0.0, 1.0, -0.0, -0.3438125], [0.9922779121059669, 0.0, 0.12403445145048547, -0.0895833333333334], [0.0, 0.0, 0.0, 1.0]]","[[0.05799528222651229, 0.3882044508776941, -0.9197466235644549, 0.2839494944543083], [0.15687441627110238, 0.9063077774728874, 0.3924240436208722, -0.382781564720556], [0.9859142786059385, -0.1670434578512529, -0.008337771286658968, -0.0793304863742704], [0.0, 0.0, 0.0, 1.0]]"
1.8499999999999999,-2.075013817727401,-4.89401538230855,44.79288942603679,-126.37952296750119,-15.64325568061378,41.785109757089536,7.086782728544028,-2.102251331476942,4.914211824797454,-44.81225984252294,-126.38052017512001,15.639044868990469,41.80049475819499,-7.053134655371607,"[[0.11753739745783764, -0.0, -0.9930684569549264, 0.29250000000000004], [0.0, 1.0, -0.0, 0.343875], [0.9930684569549264, 0.0, 0.11753739745783764, -0.08750000000000002], [0.0, 0.0, 0.0, 1.0]]","[[0.05001025332660042, -0.38966246025970247, -0.9195989025801221, 0.2843323127084527], [-0.15835013589255237, 0.9060111009393952, -0.3925163938453975, 0.3828738539205071], [0.9861157178673401, 0.16524845548125636, -0.016393258859658866, -0.07680598988973882], [0.0, 0.0, 0.0, 1.0]]","[[0.11753739745783764, -0.0, -0.9930684569549264, 0.29250000000000004], [0.0, 1.0, -0.0, -0.343875], [0.9930684569549264, 0.0, 0.11753739745783764, -0.08750000000000002], [0.0, 0.0, 0.0, 1.0]]","[[0.05117155673461454, 0.3897206944147482, -0.91951033280015, 0.2842698871757745], [0.1580952797205859, 0.9059458204962583, 0.3927697198810406, -0.38288751064070464], [0.9860970308805447, -0.16546888127454007, -0.015254344244389428, -0.07714348513204808], [0.0, 0.0, 0.0, 1.0]]"
1.8583333333333334,-2.399630297419893,-4.784420728207464,44.897893339241975,-126.4127996491375,-15.64325568061378,41.785109757089536,7.086782728544028,-2.446149008309557,4.800161326036581,-44.924114435465654,-126.41513557383364,15.639044868990469,41.80049475819499,-7.053134655371607,"[[0.11103530855427785, -0.0, -0.9938164620563781, 0.2929166666666667], [0.0, 1.0, -0.0, 0.3439375], [0.9938164620563781, 0.0, 0.11103530855427785, -0.0854166666666667], [0.0, 0.0, 0.0, 1.0]]","[[0.044386596017652324, -0.3908922221455916, -0.9193655968982345, 0.2845947112096857], [-0.15930794558870542, 0.9057268731381036, -0.392784686243977, 0.3829584930499114], [0.9862306061800513, 0.1638966196770234, -0.02207010403630566, -0.07501079620398164], [0.0, 0.0, 0.0, 1.0]]","[[0.11103530855427785, -0.0, -0.9938164620563781, 0.2929166666666667], [0.0, 1.0, -0.0, -0.3439375], [0.9938164620563781, 0.0, 0.11103530855427785, -0.0854166666666667], [0.0, 0.0, 0.0, 1.0]]","[[0.044434050159356586, 0.3912078314475911, -0.9192290507814195, 0.28458398303635307], [0.15920925796776284, 0.9056049951312528, 0.3931055901035731, -0.382991325843732], [0.9862444054917577, -0.16381704858590634, -0.022044210777722728, -0.07499810286737695], [0.0, 0.0, 0.0, 1.0]]"
1.8666666666666667,-2.715587804792101,-4.675886460975022,44.997306742611514,-126.44334425510579,-15.64325568061378,41.785109757089536,7.086782728544028,-2.728113091069435,4.703015118584667,-45.012544894649814,-126.44264757581045,15.639044868990469,41.80049475819499,-7.053134655371607,"[[0.10452846326765347, -0.0, -0.9945218953682734, 0.29333333333333333], [0.0, 1.0, -0.0, 0.34400000000000003], [0.9945218953682734, 0.0, 0.10452846326765347, -0.08333333333333337], [0.0, 0.0, 0.0, 1.0]]","[[0.038201124215867965, -0.39220345812880075, -0.9190849370653693, 0.28488397874650595], [-0.16038916435538064, 0.9054249203047747, -0.3930407480764238, 0.38304598227331077], [0.9863143464768351, 0.16242586346669735, -0.028316935057863868, -0.07303115262870634], [0.0, 0.0, 0.0, 1.0]]","[[0.10452846326765347, -0.0, -0.9945218953682734, 0.29333333333333333], [0.0, 1.0, -0.0, -0.34400000000000003], [0.9945218953682734, 0.0, 0.10452846326765347, -0.08333333333333337], [0.0, 0.0, 0.0, 1.0]]","[[0.03893631104417927, 0.39237274721888327, -0.9189818229552625, 0.2848406559190727], [0.1601710206114786, 0.905336616672246, 0.3933330073471183, -0.3830683322304921], [0.9863210470422642, -0.16250919282415136, -0.02759627527574271, -0.0732387666309303], [0.0, 0.0, 0.0, 1.0]]"
1.875,-3.094585610326,-4.547610385720305,45.11484405294368,-126.47617014425687,-15.64325568061378,41.785109757089536,7.086782728544028,-3.082919220336795,4.579032670996949,-45.12106635527756,-126.47469482339615,15.639044868990469,41.80049475819499,-7.053134655371607,"[[0.09801714032956071, -0.0, -0.9951847266721968, 0.29375], [0.0, 1.0, -0.0, 0.3440625], [0.9951847266721968, 0.0, 0.09801714032956071, -0.08125000000000004], [0.0, 0.0, 0.0, 1.0]]","[[0.031617795242962876, -0.39358218341930584, -0.918745546883829, 0.2851913190531741], [-0.16148241885876066, 0.9051174106645674, -0.39330128567218386, 0.38313850842432495], [0.9863689692115714, 0.16079657274569276, -0.03493878603702888, -0.07093204123766926], [0.0, 0.0, 0.0, 1.0]]","[[0.09801714032956071, -0.0, -0.9951847266721968, 0.29375], [0.0, 1.0, -0.0, -0.3440625], [0.9951847266721968, 0.0, 0.09801714032956071, -0.08125000000000004], [0.0, 0.0, 0.0, 1.0]]","[[0.03213645484409172, 0.39378568559972854, -0.9186403442516586, 0.28515820353446697], [0.1613404306711707, 0.9050171910632359, 0.3935900777596558, -0.3831612491220134], [0.9863754425678364, -0.1608624185344808, -0.03444950801307206, -0.0710646199721948], [0.0, 0.0, 0.0, 1.0]]"
1.8833333333333333,-3.4307421215080516,-4.436633045199115,45.21795258865419,-126.5014691649426,-15.64325568061378,41.785109757089536,7.086782728544028,-3.4358596407436837,4.459225176539402,-45.22819104222004,-126.50224780650798,15.639044868990469,41.80049475819499,-7.053134655371607,"[[0.0915016186634024, -0.0, -0.9958049275746617, 0.2941666666666667], [0.0, 1.0, -0.0, 0.344125], [0.9958049275746617, 0.0, 0.0915016186634024, -0.07916666666666672], [0.0, 0.0, 0.0, 1.0]]","[[0.024370680189909233, -0.39508498194996855, -0.9183212547821565, 0.28552950913607467], [-0.16259614827751903, 0.9047962831553917, -0.39358122230805614, 0.38324125896060435], [0.9863916881809155, 0.15890734100658, -0.04218879545355941, -0.06863369542293098], [0.0, 0.0, 0.0, 1.0]]","[[0.0915016186634024, -0.0, -0.9958049275746617, 0.2941666666666667], [0.0, 1.0, -0.0, -0.344125], [0.9958049275746617, 0.0, 0.0915016186634024, -0.07916666666666672], [0.0, 0.0, 0.0, 1.0]]","[[0.02479081353980206, 0.3952785361717006, -0.9182267118778416, 0.28550223280659714], [0.16257391681597666, 0.9046878479451168, 0.39383958581070205, -0.38325970590550323], [0.9863848828602084, -0.15904331681146194, -0.04183403210858688, -0.0687185724146795], [0.0, 0.0, 0.0, 1.0]]"
1.8916666666666666,-3.796097904835319,-4.31679438800348,45.327891313534714,-126.52619444973804,-15.64325568061378,41.785109757089536,7.086782728544028,-3.782735920384659,4.3468587462957595,-45.33333155920863,-126.52529286476761,15.639044868990469,41.80049475819499,-7.053134655371607,"[[0.08498217737244168, -0.0, -0.9963824715083254, 0.29458333333333336], [0.0, 1.0, -0.0, 0.3441875], [0.9963824715083254, 0.0, 0.08498217737244168, -0.07708333333333339], [0.0, 0.0, 0.0, 1.0]]","[[0.01738031217210606, -0.3965040072836038, -0.9178684529696205, 0.2858542943434545], [-0.16362259250117206, 0.9045034559669267, -0.39382882749626336, 0.38333700990824915], [0.9863698961201096, 0.15702888381418897, -0.049156461183392786, -0.06642285980646406], [0.0, 0.0, 0.0, 1.0]]","[[0.08498217737244168, -0.0, -0.9963824715083254, 0.29458333333333336], [0.0, 1.0, -0.0, -0.3441875], [0.9963824715083254, 0.0, 0.08498217737244168, -0.07708333333333339], [0.0, 0.0, 0.0, 1.0]]","[[0.019382990703256775, 0.39639334819423055, -0.9178761426133515, 0.28575379095546444], [0.16333517280936338, 0.9044597179269043, 0.3940485248937251, -0.3833373416411346], [0.9863802111735278, -0.15755929726599072, -0.047213841723739325, -0.06701345781012308], [0.0, 0.0, 0.0, 1.0]]"
1.9,-4.134840282948455,-4.210520486499489,45.42949379253324,-126.54557852660254,-15.64325568061378,41.785109757089536,7.086782728544028,-4.126283763465722,4.239290097057229,-45.43667915154009,-126.54486818692887,15.639044868990469,41.80049475819499,-7.053134655371607,"[[0.0784590957278451, -0.0, -0.9969173337331279, 0.29500000000000004], [0.0, 1.0, -0.0, 0.34425], [0.9969173337331279, 0.0, 0.0784590957278451, -0.07500000000000007], [0.0, 0.0, 0.0, 1.0]]","[[0.010963337388660399, -0.3978047243423016, -0.9174046035006844, 0.286149952929832], [-0.16443925985520452, 0.9042517946362211, -0.39406651940433385, 0.3834266070020489], [0.9863262822471959, 0.15517761819321468, -0.055501096928853244, -0.06441199838022008], [0.0, 0.0, 0.0, 1.0]]","[[0.0784590957278451, -0.0, -0.9969173337331279, 0.29500000000000004], [0.0, 1.0, -0.0, -0.34425], [0.9969173337331279, 0.0, 0.0784590957278451, -0.07500000000000007], [0.0, 0.0, 0.0, 1.0]]","[[0.012060054849749369, 0.39787977836295657, -0.9173582926244607, 0.2860928083682393], [0.16429610372695996, 0.9041678764927804, 0.3943187053877563, -0.3834403596221103], [0.9863373385293498, -0.1554738984150738, -0.05446578315289585, -0.06471418042275756], [0.0, 0.0, 0.0, 1.0]]"
1.9083333333333332,-4.480020541241152,-4.102126238145033,45.53081964887038,-126.56303649012109,-15.64325568061378,41.785109757089536,7.086782728544028,-4.495929332478581,4.124170246804426,-45.54565481974765,-126.56339165995793,15.639044868990469,41.80049475819499,-7.053134655371607,"[[0.07193265315671937, -0.0, -0.9974094913373518, 0.29541666666666666], [0.0, 0.9999999999999999, -0.0, 0.3443125], [0.9974094913373518, 0.0, 0.07193265315671937, -0.07291666666666669], [0.0, 0.0, 0.0, 1.0]]","[[0.004199073881620552, -0.3991483297060428, -0.9168767521708755, 0.2864613038687309], [-0.16524988238230615, 0.9040020596418393, -0.3943003329138165, 0.3835192013701817], [0.9862427916852782, 0.1531694716847607, -0.06216324309944421, -0.06229842644420401], [0.0, 0.0, 0.0, 1.0]]","[[0.07193265315671937, -0.0, -0.9974094913373518, 0.29541666666666666], [0.0, 0.9999999999999999, -0.0, -0.3443125], [0.9974094913373518, 0.0, 0.07193265315671937, -0.07291666666666669], [0.0, 0.0, 0.0, 1.0]]","[[0.005491834126673978, 0.39918211418574995, -0.9168552118367, 0.2863961000674145], [0.16511427872181378, 0.9039221357083197, 0.39454029900465837, -0.38352970032296346], [0.9862591519068912, -0.15355263687317444, -0.06094647642968981, -0.06265710744030079], [0.0, 0.0, 0.0, 1.0]]"
1.9166666666666667,-4.819970582176911,-3.9980986151043307,45.629611505025444,-126.57706569867631,-15.64325568061378,41.785109757089536,7.086782728544028,-4.828016118132362,4.0212922299784015,-45.6416941096672,-126.57751649116152,15.639044868990469,41.80049475819499,-7.053134655371607,"[[0.06540312923014302, -0.0, -0.9978589232386034, 0.29583333333333334], [0.0, 0.9999999999999999, -0.0, 0.344375], [0.9978589232386034, 0.0, 0.06540312923014302, -0.07083333333333336], [0.0, 0.0, 0.0, 1.0]]","[[-0.002418318374412698, -0.4004112315734394, -0.9163323618458978, 0.28676653762300086], [-0.16607483094196063, 0.9037707767008016, -0.3944838826989373, 0.38360338632922647], [0.9861101876889007, 0.15122575445826444, -0.06868383306637393, -0.06022342190933168], [0.0, 0.0, 0.0, 1.0]]","[[0.06540312923014302, -0.0, -0.9978589232386034, 0.29583333333333334], [0.0, 0.9999999999999999, -0.0, -0.344375], [0.9978589232386034, 0.0, 0.06540312923014302, -0.07083333333333336], [0.0, 0.0, 0.0, 1.0]]","[[-0.0015225863170569842, 0.4005443044177953, -0.9162761275561923, 0.2867180809280381], [0.16593112563738763, 0.9036763201911244, 0.39476064883741613, -0.3836224102581977], [0.9861361687290536, -0.15143767207763317, -0.06783869249986069, -0.060467475954527686], [0.0, 0.0, 0.0, 1.0]]"
1.925,-5.1973466446697545,-3.8801117929474147,45.735957550402546,-126.59049385058455,-15.64325568061378,41.785109757089536,7.086782728544028,-5.191200328190389,3.9069642547824968,-45.74380885285347,-126.59067143550297,15.639044868990469,41.80049475819499,-7.053134655371607,"[[0.05887080365118885, -0.0, -0.9982656101847159, 0.29625], [0.0, 1.0, -0.0, 0.3444375], [0.9982656101847159, 0.0, 0.05887080365118885, -0.06875000000000003], [0.0, 0.0, 0.0, 1.0]]","[[-0.009061961948303832, -0.4016537573591112, -0.915746766330603, 0.28707279851694756], [-0.16684849119711448, 0.9035536819860512, -0.39465469052666335, 0.38368699041030396], [0.9859409017942679, 0.14921462049262538, -0.07520329248342705, -0.05814640085218319], [0.0, 0.0, 0.0, 1.0]]","[[0.05887080365118885, -0.0, -0.9982656101847159, 0.29625], [0.0, 1.0, -0.0, -0.3444375], [0.9982656101847159, 0.0, 0.05887080365118885, -0.06875000000000003], [0.0, 0.0, 0.0, 1.0]]","[[-0.007896705866813347, 0.4017361056943874, -0.9157214333070738, 0.2870124858849764], [0.16669218960367432, 0.9034657532479469, 0.39492195005247965, -0.38370223838131723], [0.9859773607753812, -0.14952502830505834, -0.07410067441518858, -0.05847203741288021], [0.0, 0.0, 0.0, 1.0]]"
1.9333333333333333,-5.551048844612511,-3.7718029219575837,45.834312274450724,-126.59960532293734,-15.64325568061378,41.785109757089536,7.086782728544028,-5.549813861033209,3.7982203861199006,-45.84408286005843,-126.60005611542256,15.639044868990469,41.80049475819499,-7.053134655371607,"[[0.052335956242943904, -0.0, -0.9986295347545737, 0.2966666666666667], [0.0, 0.9999999999999998, -0.0, 0.34450000000000003], [0.9986295347545737, 0.0, 0.052335956242943904, -0.06666666666666671], [0.0, 0.0, 0.0, 1.0]]","[[-0.015602849415723874, -0.4028606734057624, -0.9151283128136548, 0.28737395696630796], [-0.16752012219611995, 0.903356238161683, -0.39482213164128754, 0.3837702713746445], [0.9857451799270985, 0.14714205652167833, -0.08158220058973603, -0.05611338041049512], [0.0, 0.0, 0.0, 1.0]]","[[0.052335956242943904, -0.0, -0.9986295347545737, 0.2966666666666667], [0.0, 0.9999999999999998, -0.0, -0.34450000000000003], [0.9986295347545737, 0.0, 0.052335956242943904, -0.06666666666666671], [0.0, 0.0, 0.0, 1.0]]","[[-0.01451684395128433, 0.40296917308970304, -0.9150984137135717, 0.2873162997735665], [0.1673541471896821, 0.9032641790247717, 0.3951030401162706, -0.3837877881157181], [0.9857899627507415, -0.14740986544361978, -0.08055110743984617, -0.05641793772370306], [0.0, 0.0, 0.0, 1.0]]"
1.9416666666666667,-5.916890852031319,-3.659299034156896,45.933609564604374,-126.60695460648428,-15.64325568061378,41.785109757089536,7.086782728544028,-5.955837444452378,3.6747694126269748,-45.95481047178809,-126.60747370086119,15.639044868990469,41.80049475819499,-7.053134655371607,"[[0.045798866936520743, -0.0, -0.9989506813588601, 0.29708333333333337], [0.0, 1.0, -0.0, 0.3445625], [0.9989506813588601, 0.0, 0.045798866936520743, -0.06458333333333338], [0.0, 0.0, 0.0, 1.0]]","[[-0.022594684370745355, -0.4041178328476871, -0.9144278306201509, 0.2876949569820515], [-0.16818873004600718, 0.9031616129163214, -0.3949831034865926, 0.38385683942892646], [0.9854958301909237, 0.1448719369956715, -0.08837471667521463, -0.05394530155643439], [0.0, 0.0, 0.0, 1.0]]","[[0.045798866936520743, -0.0, -0.9989506813588601, 0.29708333333333337], [0.0, 1.0, -0.0, -0.3445625], [0.9989506813588601, 0.0, 0.045798866936520743, -0.06458333333333338], [0.0, 0.0, 0.0, 1.0]]","[[-0.021587686271352158, 0.404246005450125, -0.9143955046253602, 0.28764112019736343], [0.16803236629878127, 0.9030652145119102, 0.3952699611842392, -0.3838759626362245], [0.9855450754163819, -0.1451150764606326, -0.08742150139606897, -0.054225533667096565], [0.0, 0.0, 0.0, 1.0]]"
1.95,-6.292018074739937,-3.5486356688941143,46.034914930374,-126.61062924825774,-15.64325568061378,41.785109757089536,7.086782728544028,-6.322739411853007,3.5650889542744406,-46.05323008263339,-126.61132592755308,15.639044868990469,41.80049475819499,-7.053134655371607,"[[0.03925981575906867, -0.0, -0.9992290362407229, 0.2975], [0.0, 1.0, -0.0, 0.344625], [0.9992290362407229, 0.0, 0.03925981575906867, -0.06250000000000006], [0.0, 0.0, 0.0, 1.0]]","[[-0.028645808855291444, -0.40518871204727125, -0.913784178712074, 0.2879724916542011], [-0.16868080251208292, 0.9030087337390066, -0.39512278301175663, 0.38393248389120954], [0.9852543856785951, 0.14281923687147166, -0.09421497269831741, -0.05208028817551201], [0.0, 0.0, 0.0, 1.0]]","[[0.03925981575906867, -0.0, -0.9992290362407229, 0.2975], [0.0, 1.0, -0.0, -0.344625], [0.9992290362407229, 0.0, 0.03925981575906867, -0.06250000000000006], [0.0, 0.0, 0.0, 1.0]]","[[-0.02868343824734826, 0.4054846455799763, -0.9136517184185624, 0.28796877532144805], [0.16868390404599745, 0.902882625309555, 0.3954095413997074, -0.3839619099812491], [0.985252759897739, -0.1427766336380266, -0.09429651107480824, -0.05202624360281515], [0.0, 0.0, 0.0, 1.0]]"
1.9583333333333333,-6.6729851091889145,-3.438892885065404,46.136496918805015,-126.61168109738992,-15.64325568061378,41.785109757089536,7.086782728544028,-6.7085977155213605,3.4551297388264053,-46.156499127789395,-126.61215921063183,15.639044868990469,41.80049475819499,-7.053134655371607,"[[0.03271908282177616, -0.0, -0.9994645874763657, 0.29791666666666666], [0.0, 1.0, -0.0, 0.3446875], [0.9994645874763657, 0.0, 0.03271908282177616, -0.06041666666666673], [0.0, 0.0, 0.0, 1.0]]","[[-0.03593799755169269, -0.4064418817549086, -0.9129695816879683, 0.28830620372374693], [-0.16922934416112045, 0.902841089791226, -0.3952712937456864, 0.38402102446000597], [0.984921260511099, 0.14029598476122046, -0.10122819396347943, -0.049836550785514536], [0.0, 0.0, 0.0, 1.0]]","[[0.03271908282177616, -0.0, -0.9994645874763657, 0.29791666666666666], [0.0, 1.0, -0.0, -0.3446875], [0.9994645874763657, 0.0, 0.03271908282177616, -0.06041666666666673], [0.0, 0.0, 0.0, 1.0]]","[[-0.03566348199024888, 0.40669611759950547, -0.9128671228507579, 0.2882863392044699], [0.16916447084767722, 0.9027232738574595, 0.3955680379389819, -0.38404838590131457], [0.9849423830129136, -0.140317350194335, -0.1009927887489191, -0.04988626410368986], [0.0, 0.0, 0.0, 1.0]]"
1.9666666666666666,-7.043701310354173,-3.3298087876047764,46.232184453982306,-126.61024675766423,-15.64325568061378,41.785109757089536,7.086782728544028,-7.078755121835147,3.3491252029078074,-46.25309849322089,-126.61046532371766,15.639044868990469,41.80049475819499,-7.053134655371607,"[[0.026176948307873427, -0.0, -0.9996573249755574, 0.29833333333333334], [0.0, 1.0, -0.0, 0.34475], [0.9996573249755574, 0.0, 0.026176948307873427, -0.058333333333333404], [0.0, 0.0, 0.0, 1.0]]","[[-0.043004507820740445, -0.40760776515071107, -0.9121439152326452, 0.2886305484775227], [-0.1697488414647187, 0.9026949690614978, -0.39538225004727734, 0.38410307463619187], [0.9845485986625961, 0.13783215379549396, -0.1080108987631046, -0.04765993080582632], [0.0, 0.0, 0.0, 1.0]]","[[0.026176948307873427, -0.0, -0.9996573249755574, 0.29833333333333334], [0.0, 1.0, -0.0, -0.34475], [0.9996573249755574, 0.0, 0.026176948307873427, -0.058333333333333404], [0.0, 0.0, 0.0, 1.0]]","[[-0.041922290010837915, 0.40773770853847713, -0.9121362193422864, 0.2885733254899627], [0.16959987312882488, 0.9025937361805592, 0.3956771795824294, -0.38412250360965755], [0.9846209446456713, -0.13811049360353272, -0.10699106000809055, -0.04796295849519154], [0.0, 0.0, 0.0, 1.0]]"
1.9749999999999999,-7.414129362913821,-3.2237959273931276,46.3268030645545,-126.60606668189217,-15.64325568061378,41.785109757089536,7.086782728544028,-7.447309568128097,3.24568412236208,-46.347908349089835,-126.6058344554604,15.639044868990469,41.80049475819499,-7.053134655371607,"[[0.019633692460628183, -0.0, -0.9998072404820649, 0.29875], [0.0, 1.0, -0.0, 0.3448125], [0.9998072404820649, 0.0, 0.019633692460628183, -0.05625000000000002], [0.0, 0.0, 0.0, 1.0]]","[[-0.04963538034651421, -0.40867495646503754, -0.9113293087441865, 0.2889337581874607], [-0.1701566050759768, 0.9025747084592777, -0.3954815108177224, 0.38417955069154963], [0.984166174366339, 0.13543882607269572, -0.11433838211718378, -0.04562691691269716], [0.0, 0.0, 0.0, 1.0]]","[[0.019633692460628183, -0.0, -0.9998072404820649, 0.29875], [0.0, 1.0, -0.0, -0.3448125], [0.9998072404820649, 0.0, 0.019633692460628183, -0.05625000000000002], [0.0, 0.0, 0.0, 1.0]]","[[-0.04861622937159005, 0.40882301971528645, -0.9113178374159936, 0.2888788219146761], [0.17000385445870836, 0.902470527908269, 0.3957848351391857, -0.3842004405404568], [0.9842434412841525, -0.1356859786707698, -0.11337620332893567, -0.04591268517957549], [0.0, 0.0, 0.0, 1.0]]"
1.9833333333333334,-7.80060707936253,-3.10985407132874,46.42192027893609,-126.59927747385719,-15.64325568061378,41.785109757089536,7.086782728544028,-7.859249376028967,3.131628500959329,-46.451938960338296,-126.59755626618634,15.639044868990469,41.80049475819499,-7.053134655371607,"[[0.013089595571344315, -0.0, -0.9999143275740069, 0.2991666666666667], [0.0, 0.9999999999999998, -0.0, 0.344875], [0.9999143275740069, 0.0, 0.013089595571344315, -0.054166666666666696], [0.0, 0.0, 0.0, 1.0]]","[[-0.056904299724012175, -0.4097804961834631, -0.9104075162368526, 0.2892706908420861], [-0.17064980747839065, 0.9024577438377264, -0.39553591972779056, 0.3842581701478124], [0.9836872185204546, 0.13285317284489562, -0.12128268872570513, -0.04338489911614157], [0.0, 0.0, 0.0, 1.0]]","[[0.013089595571344315, -0.0, -0.9999143275740069, 0.2991666666666667], [0.0, 0.9999999999999998, -0.0, -0.344875], [0.9999143275740069, 0.0, 0.013089595571344315, -0.054166666666666696], [0.0, 0.0, 0.0, 1.0]]","[[-0.05620930143399705, 0.41002489837568773, -0.9103406489574709, 0.28922635029102456], [0.17033478453441736, 0.902353251227597, 0.3959099281106742, -0.38429041774823613], [0.9837817723509193, -0.13280885780320745, -0.12056214861676845, -0.043603022739528374], [0.0, 0.0, 0.0, 1.0]]"
1.9916666666666667,-8.154759218016862,-3.01123894631845,46.509271568231384,-126.58989279393758,-15.64325568061378,41.785109757089536,7.086782728544028,-8.228509893127367,3.033450934942743,-46.54466219341581,-126.58773445415986,15.639044868990469,41.80049475819499,-7.053134655371607,"[[0.006544937967351894, -0.0, -0.9999785816641292, 0.29958333333333337], [0.0, 1.0, -0.0, 0.3449375], [0.9999785816641292, 0.0, 0.006544937967351894, -0.05208333333333337], [0.0, 0.0, 0.0, 1.0]]","[[-0.06238446077532617, -0.4106147087945893, -0.9096723256070324, 0.28952037518477386], [-0.1708657824623474, 0.9023854213981306, -0.39560767893412807, 0.38432051625124286], [0.9833173767595597, 0.13075210197030487, -0.1264548314341743, -0.041718009508298466], [0.0, 0.0, 0.0, 1.0]]","[[0.006544937967351894, -0.0, -0.9999785816641292, 0.29958333333333337], [0.0, 1.0, -0.0, -0.3449375], [0.9999785816641292, 0.0, 0.006544937967351894, -0.05208333333333337], [0.0, 0.0, 0.0, 1.0]]","[[-0.06270146762593393, 0.41102382190422476, -0.9094657463504594, 0.289520332980838], [0.17053801506148963, 0.9022692012497529, 0.39601398194384524, -0.38436600730320697], [0.9833541129097092, -0.13026782528075437, -0.1266687898425724, -0.041637885133266134], [0.0, 0.0, 0.0, 1.0]]"
2.0,-8.559441096150946,-2.9001203062588052,46.607428216793636,-126.57671052883946,-15.64325568061378,41.785109757089536,7.086782728544028,-8.611774005571585,2.9271550487673617,-46.63701659627814,-126.57545377403218,15.639044868990469,41.80049475819499,-7.053134655371607,"[[2.220446049250313e-16, -0.0, -1.0, 0.30000000000000004], [0.0, 1.0, -0.0, 0.345], [1.0, 0.0, 2.220446049250313e-16, -0.050000000000000044], [0.0, 0.0, 0.0, 1.0]]","[[-0.06987885419931517, -0.41170643113875943, -0.9086334576135621, 0.2898640120056374], [-0.1711426253643777, 0.9023029016614015, -0.3956762255137446, 0.3844029547996754], [0.9827650520440677, 0.12785651415708668, -0.13351241241330175, -0.039436122660755774], [0.0, 0.0, 0.0, 1.0]]","[[2.220446049250313e-16, -0.0, -1.0, 0.30000000000000004], [0.0, 1.0, -0.0, -0.345], [1.0, 0.0, 2.220446049250313e-16, -0.050000000000000044], [0.0, 0.0, 0.0, 1.0]]","[[-0.06902834917938128, 0.4119400683104648, -0.90859257488158, 0.28980979553718644], [0.17079662538351828, 0.9021979149942452, 0.3960649377786922, -0.3844341642514839], [0.9828853441613483, -0.12784483681559797, -0.13263520623281577, -0.03970790748826419], [0.0, 0.0, 0.0, 1.0]]"
2.0083333333333333,-8.962365908121047,-2.792791994301694,46.703983185995526,-126.56046833899318,-15.64325568061378,41.785109757089536,7.086782728544028,-9.015246086448931,2.8189610103329517,-46.7333017730078,-126.55926622569925,15.639044868990469,41.80049475819499,-7.053134655371607,"[[-0.006544937967351894, -0.0, -0.9999785816641292, 0.30041666666666667], [0.0, 1.0, -0.0, 0.3450625], [0.9999785816641292, 0.0, -0.006544937967351894, -0.04791666666666672], [0.0, 0.0, 0.0, 1.0]]","[[-0.07688708813267625, -0.4126950718536927, -0.9076183963242227, 0.29018459319025436], [-0.1712942755904829, 0.9022456230422284, -0.3957412119694801, 0.38448026854749284], [0.9822151733853485, 0.12504244626852398, -0.1400633421091098, -0.03731499211791209], [0.0, 0.0, 0.0, 1.0]]","[[-0.006544937967351894, -0.0, -0.9999785816641292, 0.30041666666666667], [0.0, 1.0, -0.0, -0.3450625], [0.9999785816641292, 0.0, -0.006544937967351894, -0.04791666666666672], [0.0, 0.0, 0.0, 1.0]]","[[-0.0764594568031653, 0.41298540788091626, -0.9075224539055762, 0.2901494179215437], [0.17098765210672212, 0.9021342368304985, 0.39612755718995996, -0.3845151285463976], [0.9823019771396146, -0.1248874357799363, -0.1395920989594927, -0.03745453551407202], [0.0, 0.0, 0.0, 1.0]]"
2.0166666666666666,-9.37152156016149,-2.6842152518303517,46.799790249483294,-126.54134380931714,-15.64325568061378,41.785109757089536,7.086782728544028,-9.379510320169466,2.721539033993298,-46.81830006213403,-126.54236833769264,15.639044868990469,41.80049475819499,-7.053134655371607,"[[-0.013089595571344148, -0.0, -0.999914327574007, 0.30083333333333334], [0.0, 1.0, -0.0, 0.345125], [0.999914327574007, 0.0, -0.013089595571344148, -0.04583333333333339], [0.0, 0.0, 0.0, 1.0]]","[[-0.08357527601518072, -0.41359849966271583, -0.9066153838953631, 0.29048988886403804], [-0.171396087168105, 0.9022061729137307, -0.395787067575259, 0.38455200046180704], [0.9816509331439814, 0.12231231595023345, -0.1462912944246531, -0.03529292369516489], [0.0, 0.0, 0.0, 1.0]]","[[-0.013089595571344148, -0.0, -0.999914327574007, 0.30083333333333334], [0.0, 1.0, -0.0, -0.345125], [0.999914327574007, 0.0, -0.013089595571344148, -0.04583333333333339], [0.0, 0.0, 0.0, 1.0]]","[[-0.08275177996244604, 0.413836007000569, -0.9065825402151046, 0.2904363553847158], [0.17109346799970881, 0.9020953260432675, 0.3961704783785935, -0.38458248696261926], [0.9817734810641809, -0.1223265385789854, -0.1454546315467627, -0.03555117344957894], [0.0, 0.0, 0.0, 1.0]]"
2.025,-9.756715201046237,-2.584656706940953,46.888777369084806,-126.5205800342403,-15.64325568061378,41.785109757089536,7.086782728544028,-9.771128607742256,2.6175374510488063,-46.907823351585385,-126.52165920412915,15.639044868990469,41.80049475819499,-7.053134655371607,"[[-0.019633692460628183, -0.0, -0.9998072404820649, 0.30125], [0.0, 1.0, -0.0, 0.3451875], [0.9998072404820649, 0.0, -0.019633692460628183, -0.04375000000000007], [0.0, 0.0, 0.0, 1.0]]","[[-0.09057934310858046, -0.4145076646951089, -0.9055267961308626, 0.29081005344908134], [-0.1714158323899916, 0.9021833417305902, -0.3958305575746661, 0.38462691565423407], [0.9810259909951744, 0.11936755762279772, -0.15277235083320445, -0.03318433565276413], [0.0, 0.0, 0.0, 1.0]]","[[-0.019633692460628183, -0.0, -0.9998072404820649, 0.30125], [0.0, 1.0, -0.0, -0.3451875], [0.9998072404820649, 0.0, -0.019633692460628183, -0.04375000000000007], [0.0, 0.0, 0.0, 1.0]]","[[-0.08948920823901357, 0.4147031981128274, -0.9055456581993795, 0.2907453983654361], [0.1711778080795855, 0.9020687634656966, 0.3961945279790442, -0.38465268663299373], [0.9811675899813563, -0.11955418626908088, -0.15171340387623916, -0.03351244291712666], [0.0, 0.0, 0.0, 1.0]]"
2.033333333333333,-10.148272870690143,-2.4838591230474325,46.97730686601192,-126.49719346652218,-15.64325568061378,41.785109757089536,7.086782728544028,-10.16700295694161,2.513018054387863,-46.99628796171539,-126.49801308922257,15.639044868990469,41.80049475819499,-7.053134655371607,"[[-0.026176948307873038, -0.0, -0.9996573249755574, 0.3016666666666667], [0.0, 1.0, -0.0, 0.34525], [0.9996573249755574, 0.0, -0.026176948307873038, -0.04166666666666674], [0.0, 0.0, 0.0, 1.0]]","[[-0.0976557551544992, -0.4153738384799056, -0.9043936796504461, 0.29113523934942115], [-0.17141390824390434, 0.9021767218744968, -0.39584647853471855, 0.3846997795965634], [0.9803471964287729, 0.11636896843341141, -0.15930360209357752, -0.031051087247388618], [0.0, 0.0, 0.0, 1.0]]","[[-0.026176948307873038, -0.0, -0.9996573249755574, 0.3016666666666667], [0.0, 1.0, -0.0, -0.34525], [0.9996573249755574, 0.0, -0.026176948307873038, -0.04166666666666674], [0.0, 0.0, 0.0, 1.0]]","[[-0.09626059496743689, 0.41552875578385495, -0.9044720841315319, 0.2910582577151819], [0.17122860760188388, 0.9020582952300902, 0.3961964108183012, -0.384721323329248], [0.9805175479282537, -0.11673339335128347, -0.15798307846557313, -0.0314629746914937], [0.0, 0.0, 0.0, 1.0]]"
2.0416666666666665,-10.561781060779177,-2.3797824080220704,47.069316344321166,-126.46957218151864,-15.64325568061378,41.785109757089536,7.086782728544028,-10.583704260467625,2.4071328333363287,-47.08859455325353,-126.47013225703058,15.639044868990469,41.80049475819499,-7.053134655371607,"[[-0.032719082821775936, -0.0, -0.9994645874763656, 0.30208333333333337], [0.0, 0.9999999999999999, -0.0, 0.3453125], [0.9994645874763656, 0.0, -0.032719082821775936, -0.039583333333333415], [0.0, 0.0, 0.0, 1.0]]","[[-0.10349330193822204, -0.4160607338644391, -0.9034282496081848, 0.2914028846516872], [-0.17133255514253332, 0.9021856802322037, -0.3958612811734523, 0.38476003275212783], [0.9797623650672928, 0.11381767929518113, -0.1646549236360837, -0.02930019792946742], [0.0, 0.0, 0.0, 1.0]]","[[-0.032719082821775936, -0.0, -0.9994645874763656, 0.30208333333333337], [0.0, 0.9999999999999999, -0.0, -0.3453125], [0.9994645874763656, 0.0, -0.032719082821775936, -0.039583333333333415], [0.0, 0.0, 0.0, 1.0]]","[[-0.10333056504359589, 0.416360239959151, -0.9033088867651692, 0.29138341160057357], [0.1711521618396174, 0.9020670364307426, 0.3962095396159495, -0.38479408264735654], [0.979811069454411, -0.11366271317461782, -0.16447205175466123, -0.029339267514182976], [0.0, 0.0, 0.0, 1.0]]"
2.05,-10.924079053792395,-2.283071838573156,47.14587934982242,-126.44348085888919,-15.64325568061378,41.785109757089536,7.086782728544028,-10.923275652791272,2.316073605095365,-47.16020908670111,-126.44569384018027,15.639044868990469,41.80049475819499,-7.053134655371607,"[[-0.039259815759068395, -0.0, -0.9992290362407229, 0.3025], [0.0, 1.0, -0.0, 0.345375], [0.9992290362407229, 0.0, -0.039259815759068395, -0.03750000000000009], [0.0, 0.0, 0.0, 1.0]]","[[-0.11002209466721324, -0.41676907705976207, -0.9023295822989476, 0.2917056656835826], [-0.17132230141377827, 0.9022048826673488, -0.3958219533192699, 0.38482199982364174], [0.9790525050901641, 0.111040020253735, -0.17066430845002367, -0.027321562638619377], [0.0, 0.0, 0.0, 1.0]]","[[-0.039259815759068395, -0.0, -0.9992290362407229, 0.3025], [0.0, 1.0, -0.0, -0.345375], [0.9992290362407229, 0.0, -0.039259815759068395, -0.03750000000000009], [0.0, 0.0, 0.0, 1.0]]","[[-0.10905482524781834, 0.41698194962997615, -0.9023486569907175, 0.2916493233965842], [0.17114679723189272, 0.9020832005116926, 0.3961750536717914, -0.38484849080266004], [0.979191410750438, -0.11122928138473878, -0.1697416509734762, -0.027604318833232826], [0.0, 0.0, 0.0, 1.0]]"
2.058333333333333,-11.335089955966144,-2.1771989972394925,47.23202169563463,-126.41106478108831,-15.64325568061378,41.785109757089536,7.086782728544028,-11.349230155095363,2.2002252724788978,-47.24713007407869,-126.41228055476057,15.639044868990469,41.80049475819499,-7.053134655371607,"[[-0.045798866936520466, -0.0, -0.9989506813588601, 0.30291666666666667], [0.0, 1.0, -0.0, 0.3454375], [0.9989506813588601, 0.0, -0.045798866936520466, -0.03541666666666676], [0.0, 0.0, 0.0, 1.0]]","[[-0.11732503001130196, -0.4175218461869018, -0.9010606779177129, 0.2920450544517768], [-0.17120061778446993, 0.9022465214615296, -0.39577968995488577, 0.38489192613942336], [0.9782255291102676, 0.10782728071898498, -0.17733609821377677, -0.02511983515395589], [0.0, 0.0, 0.0, 1.0]]","[[-0.045798866936520466, -0.0, -0.9989506813588601, 0.30291666666666667], [0.0, 1.0, -0.0, -0.3454375], [0.9989506813588601, 0.0, -0.045798866936520466, -0.03541666666666676], [0.0, 0.0, 0.0, 1.0]]","[[-0.11581148671974945, 0.41766526345924787, -0.9011900061825355, 0.29196628038682565], [0.1711547166339324, 0.9021150967201004, 0.3960989967718199, -0.38490979267797104], [0.9784139014331918, -0.10837010643715797, -0.17596067035868973, -0.025546930819809556], [0.0, 0.0, 0.0, 1.0]]"
2.0666666666666664,-11.748091004509304,-2.073072763342648,47.31708828665255,-126.3756707408093,-15.64325568061378,41.785109757089536,7.086782728544028,-11.749696098964257,2.0958919984728372,-47.32841274029643,-126.37811594853217,15.639044868990469,41.80049475819499,-7.053134655371607,"[[-0.05233595624294374, -0.0, -0.9986295347545739, 0.30333333333333334], [0.0, 1.0, -0.0, 0.34550000000000003], [0.9986295347545739, 0.0, -0.05233595624294374, -0.033333333333333326], [0.0, 0.0, 0.0, 1.0]]","[[-0.12380567315079499, -0.418147676092553, -0.8999025926588256, 0.29234762521708474], [-0.17102497857865084, 0.9023004061624025, -0.3957327807262569, 0.3849531830507143], [0.9774572174769853, 0.10491185832669786, -0.18322360651561337, -0.023170719076543587], [0.0, 0.0, 0.0, 1.0]]","[[-0.05233595624294374, -0.0, -0.9986295347545739, 0.30333333333333334], [0.0, 1.0, -0.0, -0.34550000000000003], [0.9986295347545739, 0.0, -0.05233595624294374, -0.033333333333333326], [0.0, 0.0, 0.0, 1.0]]","[[-0.1220526675578606, 0.41827291330781924, -0.900083838503392, 0.29225750006410406], [0.17103294429688867, 0.9021614302285061, 0.39604606521614877, -0.3849682446345034], [0.9776762645718409, -0.10560551027785497, -0.18164965700987756, -0.02366308476438185], [0.0, 0.0, 0.0, 1.0]]"
2.075,-12.180867158246945,-1.970436151015101,47.40640325533422,-126.33586439832646,-15.64325568061378,41.785109757089536,7.086782728544028,-12.214045655913928,1.985338129680188,-47.42395684150115,-126.3351267378961,15.639044868990469,41.80049475819499,-7.053134655371607,"[[-0.05887080365118913, -0.0, -0.9982656101847159, 0.30375], [0.0, 1.0, -0.0, 0.3455625], [0.9982656101847159, 0.0, -0.05887080365118913, -0.03125], [0.0, 0.0, 0.0, 1.0]]","[[-0.13123214678420808, -0.4188359133039491, -0.8985291321806185, 0.29269175325185337], [-0.17061800275136282, 0.9023855206850473, -0.39571437830221956, 0.38502632224650885], [0.9765590718372056, 0.10137479856859385, -0.18988293611494694, -0.02096586691620803], [0.0, 0.0, 0.0, 1.0]]","[[-0.05887080365118913, -0.0, -0.9982656101847159, 0.30375], [0.0, 1.0, -0.0, -0.3455625], [0.9982656101847159, 0.0, -0.05887080365118913, -0.03125], [0.0, 0.0, 0.0, 1.0]]","[[-0.1294751086624213, 0.41895362466433317, -0.8987291341764054, 0.29260497405516694], [0.17076101239738814, 0.9022381007464761, 0.3959887450501728, -0.38503840624144386], [0.9767685871698952, -0.10219721102852411, -0.1883583212287634, -0.021436770950173406], [0.0, 0.0, 0.0, 1.0]]"
2.0833333333333335,-12.606883132253564,-1.8740214141346125,47.49378528048078,-126.29410462174101,-15.64325568061378,41.785109757089536,7.086782728544028,-12.619006718030338,1.886561641450756,-47.504173998208366,-126.29525209352157,15.639044868990469,41.80049475819499,-7.053134655371607,"[[-0.06540312923014313, -0.0, -0.9978589232386035, 0.3041666666666667], [0.0, 1.0, -0.0, 0.345625], [0.9978589232386035, 0.0, -0.06540312923014313, -0.029166666666666674], [0.0, 0.0, 0.0, 1.0]]","[[-0.13833203306967684, -0.4194379905209372, -0.8971822672871821, 0.29302134459805096], [-0.17019780013714847, 0.9024825840414028, -0.39567397479544714, 0.3850939244310643], [0.9756520678270946, 0.09796406284812331, -0.19622967394103225, -0.018854956584535783], [0.0, 0.0, 0.0, 1.0]]","[[-0.06540312923014313, -0.0, -0.9978589232386035, 0.3041666666666667], [0.0, 1.0, -0.0, -0.345625], [0.9978589232386035, 0.0, -0.06540312923014313, -0.029166666666666674], [0.0, 0.0, 0.0, 1.0]]","[[-0.13684221341140956, 0.41958049308790896, -0.8973440914436187, 0.29294980807802634], [0.17038524191307697, 0.9023345975319486, 0.39593073060205697, -0.3851077086596689], [0.9758294307751169, -0.09871415256670923, -0.1949677873807567, -0.01923687311698782], [0.0, 0.0, 0.0, 1.0]]"
2.091666666666667,-13.020902732756705,-1.7771232279269342,47.575242116522354,-126.25101978845657,-15.64325568061378,41.785109757089536,7.086782728544028,-13.060895197894421,1.7865494225900806,-47.59223904227193,-126.24898439208391,15.639044868990469,41.80049475819499,-7.053134655371607,"[[-0.0719326531567196, -0.0, -0.997409491337352, 0.3045833333333334], [0.0, 1.0, -0.0, 0.3456875], [0.997409491337352, 0.0, -0.0719326531567196, -0.027083333333333348], [0.0, 0.0, 0.0, 1.0]]","[[-0.14547777924279487, -0.41998549996255047, -0.8957948401100506, 0.29335561060005555], [-0.1697419612069732, 0.9025971430705617, -0.3956084730215854, 0.385159772847562], [0.974691685792074, 0.09450173089455363, -0.20259699036693096, -0.016726977086730786], [0.0, 0.0, 0.0, 1.0]]","[[-0.0719326531567196, -0.0, -0.997409491337352, 0.3045833333333334], [0.0, 1.0, -0.0, -0.3456875], [0.997409491337352, 0.0, -0.0719326531567196, -0.027083333333333348], [0.0, 0.0, 0.0, 1.0]]","[[-0.14405313528894087, 0.42014751929287364, -0.8959490812794387, 0.29328728208261634], [0.1698859842111219, 0.9024503294466493, 0.3958814914216783, -0.3851756923626079], [0.9748781701228336, -0.09518122143405316, -0.2013779742282586, -0.017098216202074218], [0.0, 0.0, 0.0, 1.0]]"
2.1,-13.439095578842721,-1.6810713448461028,47.656183273281584,-126.20516189836911,-15.64325568061378,41.785109757089536,7.086782728544028,-13.475250331440538,1.6966060765047677,-47.67426278401461,-126.2033860491849,15.639044868990469,41.80049475819499,-7.053134655371607,"[[-0.07845909572784493, -0.0, -0.9969173337331281, 0.30500000000000005], [0.0, 1.0, -0.0, 0.34575], [0.9969173337331281, 0.0, -0.07845909572784493, -0.025000000000000022], [0.0, 0.0, 0.0, 1.0]]","[[-0.1509475876599174, -0.4203755298917463, -0.8947062309204541, 0.2936106861397725], [-0.1693004590124633, 0.9026980344500064, -0.39556745717799413, 0.3852108052409695], [0.9739364354811975, 0.09176422215835797, -0.20742986085385767, -0.015108744436779203], [0.0, 0.0, 0.0, 1.0]]","[[-0.07845909572784493, -0.0, -0.9969173337331281, 0.30500000000000005], [0.0, 1.0, -0.0, -0.34575], [0.9969173337331281, 0.0, -0.07845909572784493, -0.025000000000000022], [0.0, 0.0, 0.0, 1.0]]","[[-0.1507474247545677, 0.42063125529277956, -0.8946197857194342, 0.2935999177353922], [0.16931862935447292, 0.9025748732474472, 0.3958406244132572, -0.38523885102684274], [0.9739642784432028, -0.09180384116786827, -0.20728154540005783, -0.015123430417530583], [0.0, 0.0, 0.0, 1.0]]"
2.1083333333333334,-13.867707024733946,-1.5901993064770796,47.73973356230377,-126.15565668726485,-15.64325568061378,41.785109757089536,7.086782728544028,-13.895099498400283,1.6048908299383655,-47.755135638882145,-126.15491902683449,15.639044868990469,41.80049475819499,-7.053134655371607,"[[-0.08498217737244168, -0.0, -0.9963824715083254, 0.30541666666666667], [0.0, 1.0, -0.0, 0.3458125], [0.9963824715083254, 0.0, -0.08498217737244168, -0.022916666666666696], [0.0, 0.0, 0.0, 1.0]]","[[-0.15836094756365798, -0.4208502012732742, -0.8932003797440892, 0.2939582774221823], [-0.1686484453030013, 0.9028511042568845, -0.3954966313876832, 0.3852785078195415], [0.9728717860970278, 0.08800563408310277, -0.21395208852920805, -0.012916008117303469], [0.0, 0.0, 0.0, 1.0]]","[[-0.08498217737244168, -0.0, -0.9963824715083254, 0.30541666666666667], [0.0, 1.0, -0.0, -0.3458125], [0.9963824715083254, 0.0, -0.08498217737244168, -0.022916666666666696], [0.0, 0.0, 0.0, 1.0]]","[[-0.1579086533803813, 0.4210935800907894, -0.8931657483322547, 0.29393473724565444], [0.16868492156722342, 0.9027218577703782, 0.3957760032385198, -0.3853046791828546], [0.9729389777490952, -0.08816713849229271, -0.21357973046763257, -0.013006518051455956], [0.0, 0.0, 0.0, 1.0]]"
2.1166666666666667,-14.29228951278851,-1.4937281138142329,47.81797337924626,-126.10411607978794,-15.64325568061378,41.785109757089536,7.086782728544028,-14.275190134201383,1.518819027173686,-47.82533290807695,-126.10882891031525,15.639044868990469,41.80049475819499,-7.053134655371607,"[[-0.0915016186634024, -0.0, -0.9958049275746617, 0.30583333333333335], [0.0, 1.0, -0.0, 0.345875], [0.9958049275746617, 0.0, -0.0915016186634024, -0.02083333333333337], [0.0, 0.0, 0.0, 1.0]]","[[-0.1651611150460962, -0.42122491367830694, -0.8917911068032879, 0.29427972437993066], [-0.16806702011754956, 0.9030040617770624, -0.3953949179781331, 0.38533797439531453], [0.9718411818942113, 0.08457680835093173, -0.21993517377543859, -0.010891573320452742], [0.0, 0.0, 0.0, 1.0]]","[[-0.0915016186634024, -0.0, -0.9958049275746617, 0.30583333333333335], [0.0, 1.0, -0.0, -0.345875], [0.9958049275746617, 0.0, -0.0915016186634024, -0.02083333333333337], [0.0, 0.0, 0.0, 1.0]]","[[-0.16355123218931944, 0.4214125473406817, -0.8919991364307442, 0.2942008563206408], [0.1681830121267803, 0.9028483184104433, 0.3957011351707225, -0.38535470737899163], [0.9720933437079584, -0.08530169334352528, -0.21853638651585816, -0.011331512690219484], [0.0, 0.0, 0.0, 1.0]]"
2.125,-14.699485754310807,-1.4010590953632616,47.89074904485275,-126.05209735906912,-15.64325568061378,41.785109757089536,7.086782728544028,-14.766115957211573,1.4061736263911317,-47.912602235102206,-126.0459775095728,15.639044868990469,41.80049475819499,-7.053134655371607,"[[-0.09801714032956071, -0.0, -0.9951847266721968, 0.30625], [0.0, 1.0, -0.0, 0.3459375], [0.9951847266721968, 0.0, -0.09801714032956071, -0.018750000000000044], [0.0, 0.0, 0.0, 1.0]]","[[-0.1728334429894503, -0.42157849146463827, -0.8901686225198079, 0.2946471918417281], [-0.16735775347063037, 0.9031970974327515, -0.39525483620357715, 0.38540285928088347], [0.9706286536764078, 0.0806633666756652, -0.22665709329043954, -0.008604848295446544], [0.0, 0.0, 0.0, 1.0]]","[[-0.09801714032956071, -0.0, -0.9951847266721968, 0.30625], [0.0, 1.0, -0.0, -0.3459375], [0.9951847266721968, 0.0, -0.09801714032956071, -0.018750000000000044], [0.0, 0.0, 0.0, 1.0]]","[[-0.17181809666182507, 0.42179744957934806, -0.8902614521520437, 0.29459826908584597], [0.1674848423473684, 0.9030516670494699, 0.39553320242812884, -0.3854235325622159], [0.9707869844839213, -0.08114553695386678, -0.22580529796504717, -0.008857239883010341], [0.0, 0.0, 0.0, 1.0]]"
2.1333333333333333,-15.147894503511314,-1.3057191527816983,47.971143786478386,-125.99240150572321,-15.64325568061378,41.785109757089536,7.086782728544028,-15.185253930723992,1.3227363556553735,-47.98979020291252,-125.99022950556714,15.639044868990469,41.80049475819499,-7.053134655371607,"[[-0.10452846326765325, -0.0, -0.9945218953682733, 0.3066666666666667], [0.0, 0.9999999999999998, -0.0, 0.346], [0.9945218953682733, 0.0, -0.10452846326765325, -0.01666666666666672], [0.0, 0.0, 0.0, 1.0]]","[[-0.17989144995477974, -0.4218558905387124, -0.8886375379483791, 0.29498404390881944], [-0.16653489466180135, 0.9033953728954103, -0.39514924913397653, 0.3854638073388684], [0.9694870783528524, 0.0769051873995023, -0.23276682980591917, -0.006521983077479233], [0.0, 0.0, 0.0, 1.0]]","[[-0.10452846326765325, -0.0, -0.9945218953682733, 0.3066666666666667], [0.0, 0.9999999999999998, -0.0, -0.346], [0.9945218953682733, 0.0, -0.10452846326765325, -0.01666666666666672], [0.0, 0.0, 0.0, 1.0]]","[[-0.17881363813432127, 0.4220836062176522, -0.8887469337103053, 0.29493149628710835], [0.16660440867900353, 0.9032504139887649, 0.3954512114507226, -0.38548507561565204], [0.9696745092173391, -0.0773570875319545, -0.23183448229865622, -0.006806536325724907], [0.0, 0.0, 0.0, 1.0]]"
2.1416666666666666,-15.601859611601627,-1.2098792190085488,48.05064377332275,-125.92941350119735,-15.64325568061378,41.785109757089536,7.086782728544028,-15.611082074528436,1.2368944314449475,-48.066117566887414,-125.9315445202184,15.639044868990469,41.80049475819499,-7.053134655371607,"[[-0.11103530855427751, -0.0, -0.9938164620563781, 0.3070833333333334], [0.0, 1.0, -0.0, 0.3460625], [0.9938164620563781, 0.0, -0.11103530855427751, -0.014583333333333393], [0.0, 0.0, 0.0, 1.0]]","[[-0.1866135843060967, -0.4220640672611601, -0.8871512234559555, 0.295306806923781], [-0.16571931519755367, 0.9035978053939271, -0.3950292579768399, 0.3855205522818147], [0.9683555538762019, 0.07330026749095703, -0.23856779343169715, -0.004533548631257794], [0.0, 0.0, 0.0, 1.0]]","[[-0.11103530855427751, -0.0, -0.9938164620563781, 0.3070833333333334], [0.0, 1.0, -0.0, -0.3460625], [0.9938164620563781, 0.0, -0.11103530855427751, -0.014583333333333393], [0.0, 0.0, 0.0, 1.0]]","[[-0.18547872561462403, 0.4223118205991888, -0.8872713049155673, 0.2952463959359723], [0.16571324940951307, 0.903449541382428, 0.39537076921039693, -0.3855442808971791], [0.9685746028647021, -0.07369974462695944, -0.23755333364826808, -0.004853135611086756], [0.0, 0.0, 0.0, 1.0]]"
2.15,-16.053531483678107,-1.1184103928607958,48.12894847706236,-125.86426715689377,-15.64325568061378,41.785109757089536,7.086782728544028,-16.049539238108235,1.1438776069548344,-48.1407373835698,-125.86828330812574,15.639044868990469,41.80049475819499,-7.053134655371607,"[[-0.11753739745783753, -0.0, -0.9930684569549263, 0.3075], [0.0, 1.0, -0.0, 0.346125], [0.9930684569549263, 0.0, -0.11753739745783753, -0.012500000000000067], [0.0, 0.0, 0.0, 1.0]]","[[-0.1935218358608144, -0.42222885167013907, -0.8855913819941879, 0.2956382066217732], [-0.16472502648632353, 0.9038247498875356, -0.3949259261428828, 0.38557948071086273], [0.9671685296235295, 0.0694522735988494, -0.24446148366933085, -0.002508798975473875], [0.0, 0.0, 0.0, 1.0]]","[[-0.11753739745783753, -0.0, -0.9930684569549263, 0.3075], [0.0, 1.0, -0.0, -0.346125], [0.9930684569549263, 0.0, -0.11753739745783753, -0.012500000000000067], [0.0, 0.0, 0.0, 1.0]]","[[-0.19231359236134, 0.4224750083685638, -0.8857371785676937, 0.2955761574756626], [0.16486104369054833, 0.9036662818137295, 0.39523168823642235, -0.3856011127023744], [0.9673863336156552, -0.070015129914408, -0.2434369797642278, -0.00282647318684795], [0.0, 0.0, 0.0, 1.0]]"
2.158333333333333,-16.504404223621695,-1.0296442939119579,48.205890558062556,-125.79679854827238,-15.64325568061378,41.785109757089536,7.086782728544028,-16.567074624351147,1.0468089861830232,-48.230714880600964,-125.79104752899123,15.639044868990469,41.80049475819499,-7.053134655371607,"[[-0.12403445145048497, -0.0, -0.9922779121059672, 0.30791666666666667], [0.0, 1.0, -0.0, 0.3461875], [0.9922779121059672, 0.0, -0.12403445145048497, -0.01041666666666674], [0.0, 0.0, 0.0, 1.0]]","[[-0.20010013457688858, -0.42232911060784606, -0.8840803461651532, 0.295956143935886], [-0.16374930752199904, 0.9040535927365533, -0.3948078846049003, 0.38563429010123085], [0.9659948759845349, 0.06576643363689583, -0.25005734497972043, -0.0005752897000967129], [0.0, 0.0, 0.0, 1.0]]","[[-0.12403445145048497, -0.0, -0.9922779121059672, 0.30791666666666667], [0.0, 1.0, -0.0, -0.3461875], [0.9922779121059672, 0.0, -0.12403445145048497, -0.01041666666666674], [0.0, 0.0, 0.0, 1.0]]","[[-0.20029597096797885, 0.42260342422952535, -0.8839048986420849, 0.29596072153483677], [0.1635962546573773, 0.9039473710276948, 0.3951144338975706, -0.3856684986500738], [0.9659802220936374, -0.06546370171017657, -0.25019335379327706, -0.0004968898289299112], [0.0, 0.0, 0.0, 1.0]]"
2.1666666666666665,-16.936900339603365,-0.9429114569016684,48.277013317889896,-125.72950752456941,-15.64325568061378,41.785109757089536,7.086782728544028,-16.991068862363445,0.966995877853897,-48.30250699896697,-125.72546405258078,15.639044868990469,41.80049475819499,-7.053134655371607,"[[-0.13052619222005124, -0.0, -0.9914448613738104, 0.30833333333333335], [0.0, 0.9999999999999999, -0.0, 0.34625], [0.9914448613738104, 0.0, -0.13052619222005124, -0.008333333333333415], [0.0, 0.0, 0.0, 1.0]]","[[-0.20685882576215298, -0.42236872898957245, -0.8825044379356041, 0.29628746714604404], [-0.1627859786694057, 0.904299553922376, -0.394642929652155, 0.38568831820289956], [0.9647332021615859, 0.062023975586260355, -0.2558180507695421, 0.0014309086057012546], [0.0, 0.0, 0.0, 1.0]]","[[-0.13052619222005124, -0.0, -0.9914448613738104, 0.30833333333333335], [0.0, 0.9999999999999999, -0.0, -0.34625], [0.9914448613738104, 0.0, -0.13052619222005124, -0.008333333333333415], [0.0, 0.0, 0.0, 1.0]]","[[-0.20559642944126166, 0.4226504409475448, -0.8826645529122887, 0.2962152401412506], [0.162696235931188, 0.9041429005361369, 0.39503866927672393, -0.38571381916779246], [0.9650181568316878, -0.06238766045419247, -0.25465218791171773, 0.0010468589756313824], [0.0, 0.0, 0.0, 1.0]]"
2.175,-17.374729125779524,-0.8549467312415435,48.34685200215328,-125.65884238741647,-15.64325568061378,41.785109757089536,7.086782728544028,-17.448539565045266,0.8783525622275608,-48.37689458921758,-125.6519575567331,15.639044868990469,41.80049475819499,-7.053134655371607,"[[-0.13701234168196796, -0.0, -0.9905693404435773, 0.30875], [0.0, 1.0, -0.0, 0.3463125], [0.9905693404435773, 0.0, -0.13701234168196796, -0.006250000000000089], [0.0, 0.0, 0.0, 1.0]]","[[-0.21275491843268446, -0.4223544945231833, -0.8811084074271269, 0.29657902255495955], [-0.16187904598803904, 0.9045278720410286, -0.39449271624572607, 0.3857344783414994], [0.96360288457056, 0.058702722739196134, -0.26081309627835214, 0.0031784629460449854], [0.0, 0.0, 0.0, 1.0]]","[[-0.13701234168196796, -0.0, -0.9905693404435773, 0.30875], [0.0, 1.0, -0.0, -0.3463125], [0.9905693404435773, 0.0, -0.13701234168196796, -0.006250000000000089], [0.0, 0.0, 0.0, 1.0]]","[[-0.21298961415078155, 0.42264294612500963, -0.8809133693812766, 0.2965773169895811], [0.16152046617152116, 0.9044267737555872, 0.3948713080508567, -0.38577341434441786], [0.9636112096025221, -0.05818205053822281, -0.2608989952520554, 0.0032287303918360627], [0.0, 0.0, 0.0, 1.0]]"
2.183333333333333,-17.817096572659153,-0.7660656930155791,48.41512315800214,-125.58478947643519,-15.64325568061378,41.785109757089536,7.086782728544028,-17.8611598305422,0.7969856925839625,-48.441395480644594,-125.58310924989937,15.639044868990469,41.80049475819499,-7.053134655371607,"[[-0.14349262199117918, -0.0, -0.9896513868196702, 0.3091666666666667], [0.0, 1.0, -0.0, 0.346375], [0.9896513868196702, 0.0, -0.14349262199117918, -0.004166666666666763], [0.0, 0.0, 0.0, 1.0]]","[[-0.2198571203238156, -0.42227700637170895, -0.8794003505415876, 0.29693320177962024], [-0.16072754335699366, 0.9048176737487772, -0.3942989146298498, 0.385789226523669], [0.9622003447564053, 0.05465443405250367, -0.2668021540187702, 0.005285165695263456], [0.0, 0.0, 0.0, 1.0]]","[[-0.14349262199117918, -0.0, -0.9896513868196702, 0.3091666666666667], [0.0, 1.0, -0.0, -0.346375], [0.9896513868196702, 0.0, -0.14349262199117918, -0.004166666666666763], [0.0, 0.0, 0.0, 1.0]]","[[-0.21962785167462423, 0.4225714445939046, -0.8793162007961699, 0.2969067714190443], [0.16042676094975403, 0.9046967961898693, 0.39469857022157695, -0.38582524705580956], [0.962302894695823, -0.05437905090756226, -0.26648838189015495, 0.005193795868336754], [0.0, 0.0, 0.0, 1.0]]"
2.1916666666666664,-18.257915274144484,-0.6808520394870885,48.48260201190728,-125.50891973513468,-15.64325568061378,41.785109757089536,7.086782728544028,-18.33040236425854,0.704638173271658,-48.512436278201896,-125.50202124407298,15.639044868990469,41.80049475819499,-7.053134655371607,"[[-0.1499667555540451, -0.0, -0.9886910398241674, 0.3095833333333334], [0.0, 1.0, -0.0, 0.3464375], [0.9886910398241674, 0.0, -0.1499667555540451, -0.002083333333333326], [0.0, 0.0, 0.0, 1.0]]","[[-0.22688605428368425, -0.4221374262258153, -0.8776803015626052, 0.29728546539637146], [-0.1594892169563211, 0.9051206250899163, -0.39410638628611305, 0.385843103282583], [0.9607735987454281, 0.05056330108175003, -0.2726856148341449, 0.007365105362968655], [0.0, 0.0, 0.0, 1.0]]","[[-0.1499667555540451, -0.0, -0.9886910398241674, 0.3095833333333334], [0.0, 1.0, -0.0, -0.3464375], [0.9886910398241674, 0.0, -0.1499667555540451, -0.002083333333333326], [0.0, 0.0, 0.0, 1.0]]","[[-0.22629534189716355, 0.42244171386858365, -0.8776863999284824, 0.2972402472918155], [0.15926983482529208, 0.9049815004236785, 0.39451438960528684, -0.3858768019952769], [0.9609492899994102, -0.05051219926593545, -0.27207532004014706, 0.007169068042092743], [0.0, 0.0, 0.0, 1.0]]"
2.2,-18.7084857782173,-0.5928131956022985,48.54906999781526,-125.42862403125201,-15.64325568061378,41.785109757089536,7.086782728544028,-18.796521793976886,0.6182261417089474,-48.58293407572018,-125.41930765322412,15.639044868990469,41.80049475819499,-7.053134655371607,"[[-0.15643446504023117, -0.0, -0.9876883405951377, 0.31000000000000005], [0.0, 1.0, -0.0, 0.34650000000000003], [0.9876883405951377, 0.0, -0.15643446504023117, 0.0], [0.0, 0.0, 0.0, 1.0]]","[[-0.2332292802621725, -0.4219513710576489, -0.8761056690211289, 0.29760755465235605], [-0.15834813868001452, 0.9054067151879053, -0.39390931325525025, 0.3858904326461245], [0.9594425307463519, 0.046858516357415975, -0.2779825707482717, 0.009250722215567081], [0.0, 0.0, 0.0, 1.0]]","[[-0.15643446504023117, -0.0, -0.9876883405951377, 0.31000000000000005], [0.0, 1.0, -0.0, -0.34650000000000003], [0.9876883405951377, 0.0, -0.15643446504023117, 0.0], [0.0, 0.0, 0.0, 1.0]]","[[-0.23365982493686516, 0.4222265835182764, -0.8758583209520577, 0.2976121427058081], [0.1578796202115172, 0.9053149928965532, 0.39430798769309916, -0.38593242229546537], [0.9594149841087228, -0.046146243695430855, -0.2781967154019998, 0.009344402646129603], [0.0, 0.0, 0.0, 1.0]]"
2.2083333333333335,-19.181158774444278,-0.5058329243171547,48.61857741790389,-125.34219481749467,-15.64325568061378,41.785109757089536,7.086782728544028,-19.268913044900604,0.5287855082187181,-48.65105155231272,-125.33233202433318,15.639044868990469,41.80049475819499,-7.053134655371607,"[[-0.16289547339458865, -0.0, -0.986643332084879, 0.3104166666666667], [0.0, 1.0, -0.0, 0.3465625], [0.986643332084879, 0.0, -0.16289547339458865, 0.002083333333333326], [0.0, 0.0, 0.0, 1.0]]","[[-0.24034824060957477, -0.4216762553018617, -0.8743122205199246, 0.29797221492473747], [-0.15698098740886612, 0.9057438054605866, -0.3936815063752839, 0.38594264314277704], [0.9579090211643376, 0.04262973826302946, -0.28388908500963234, 0.01136496243099135], [0.0, 0.0, 0.0, 1.0]]","[[-0.16289547339458865, -0.0, -0.986643332084879, 0.3104166666666667], [0.0, 1.0, -0.0, -0.3465625], [0.986643332084879, 0.0, -0.16289547339458865, 0.002083333333333326], [0.0, 0.0, 0.0, 1.0]]","[[-0.23988837653098877, 0.4219799819647202, -0.8742919773315897, 0.2979320462389069], [0.15668429080297894, 0.9056109444478011, 0.39410512596505176, -0.3859772097741716], [0.9580728572613327, -0.04244657957263717, -0.2833631734394744, 0.011194113894203502], [0.0, 0.0, 0.0, 1.0]]"
2.216666666666667,-19.631783920030454,-0.4233775733158649,48.68310904518217,-125.25733654724644,-15.64325568061378,41.785109757089536,7.086782728544028,-19.666715214993193,0.4556442140482249,-48.70814168849027,-125.25740484913814,15.639044868990469,41.80049475819499,-7.053134655371607,"[[-0.16934950384902459, -0.0, -0.9855560590580776, 0.31083333333333335], [0.0, 0.9999999999999999, -0.0, 0.346625], [0.9855560590580776, 0.0, -0.16934950384902459, 0.004166666666666652], [0.0, 0.0, 0.0, 1.0]]","[[-0.24726641371670588, -0.42134489257760166, -0.872541003131915, 0.29832688627566184], [-0.1554936934914847, 0.9060879832906169, -0.3934797044584628, 0.3859934346110563], [0.956389581672686, 0.03838030790799318, -0.28956159972073736, 0.013403030284368934], [0.0, 0.0, 0.0, 1.0]]","[[-0.16934950384902459, -0.0, -0.9855560590580776, 0.31083333333333335], [0.0, 0.9999999999999999, -0.0, -0.346625], [0.9855560590580776, 0.0, -0.16934950384902459, 0.004166666666666652], [0.0, 0.0, 0.0, 1.0]]","[[-0.24611001754903666, 0.42169132025823186, -0.8727005727515492, 0.29824972296048435], [0.1553906131503334, 0.905914826498019, 0.3939188805780033, -0.38602421492741157], [0.9567045607745247, -0.038662094484561066, -0.2884815866624603, 0.013033640288193062], [0.0, 0.0, 0.0, 1.0]]"
2.225,-20.06626249841872,-0.34096240303680186,48.74224823811073,-125.17269684305164,-15.64325568061378,41.785109757089536,7.086782728544028,-20.100766906558334,0.3725822568712734,-48.767000843662856,-125.17277880532168,15.639044868990469,41.80049475819499,-7.053134655371607,"[[-0.1757962799343546, -0.0, -0.9844265680898917, 0.31125], [0.0, 1.0, -0.0, 0.3466875], [0.9844265680898917, 0.0, -0.1757962799343546, 0.006249999999999978], [0.0, 0.0, 0.0, 1.0]]","[[-0.25323896911896293, -0.42099945620843815, -0.8709933882595001, 0.29863958393723145], [-0.15426920149345755, 0.9063938709952379, -0.3932571221133052, 0.3860357723288334], [0.9550241033555834, 0.034779426310210554, -0.294481499445036, 0.015188338116924601], [0.0, 0.0, 0.0, 1.0]]","[[-0.1757962799343546, -0.0, -0.9844265680898917, 0.31125], [0.0, 1.0, -0.0, -0.3466875], [0.9844265680898917, 0.0, -0.1757962799343546, 0.006249999999999978], [0.0, 0.0, 0.0, 1.0]]","[[-0.2529753031832984, 0.42129643653740617, -0.8709264082229918, 0.298610891979838], [0.1540553422998872, 0.9062631532833203, 0.39364203092383, -0.38607262932631814], [0.9551284978934419, -0.03458915381815911, -0.29416516270619275, 0.015098895110487898], [0.0, 0.0, 0.0, 1.0]]"
2.2333333333333334,-20.501169671177404,-0.261527569793818,48.80073514797355,-125.08595344059248,-15.64325568061378,41.785109757089536,7.086782728544028,-20.542632334533966,0.2876638756222536,-48.82472618743322,-125.08401366686819,15.639044868990469,41.80049475819499,-7.053134655371607,"[[-0.18223552549214767, -0.0, -0.9832549075639545, 0.3116666666666667], [0.0, 1.0, -0.0, 0.34675], [0.9832549075639545, 0.0, -0.18223552549214767, 0.008333333333333304], [0.0, 0.0, 0.0, 1.0]]","[[-0.2599593685417562, -0.42054797358586005, -0.8692298479804972, 0.2989943211172743], [-0.1527897693230862, 0.9067526571822053, -0.39300751275670087, 0.38608260770357405], [0.9534549874522498, 0.030643443113283292, -0.2999742760581205, 0.017191705964172077], [0.0, 0.0, 0.0, 1.0]]","[[-0.18223552549214767, -0.0, -0.9832549075639545, 0.3116666666666667], [0.0, 1.0, -0.0, -0.34675], [0.9832549075639545, 0.0, -0.18223552549214767, 0.008333333333333304], [0.0, 0.0, 0.0, 1.0]]","[[-0.2591758737158516, 0.4208829197380387, -0.8693016935198095, 0.29893655980990697], [0.15264497616001296, 0.9065943964776453, 0.39342866129508586, -0.3861160882403551], [0.9536914478680902, -0.03072731924717842, -0.2992130580625585, 0.016936402919104244], [0.0, 0.0, 0.0, 1.0]]"
2.2416666666666667,-20.96502830828048,-0.17884791644740208,48.8618346051939,-124.99110943377768,-15.64325568061378,41.785109757089536,7.086782728544028,-21.018696519683857,0.19698168182760248,-48.884842097413085,-124.98557698054996,15.639044868990469,41.80049475819499,-7.053134655371607,"[[-0.18866696468655514, -0.0, -0.9820411276703038, 0.3120833333333334], [0.0, 1.0, -0.0, 0.3468125], [0.9820411276703038, 0.0, -0.18866696468655514, 0.01041666666666663], [0.0, 0.0, 0.0, 1.0]]","[[-0.2666496188061825, -0.4200305804209547, -0.8674516080460934, 0.299351106181842], [-0.1512342216541575, 0.9071240906433966, -0.3927519501861855, 0.3861281615865595], [0.95185408072413, 0.026461210962967163, -0.30540729088087365, 0.019185641069712014], [0.0, 0.0, 0.0, 1.0]]","[[-0.18866696468655514, -0.0, -0.9820411276703038, 0.3120833333333334], [0.0, 1.0, -0.0, -0.3468125], [0.9820411276703038, 0.0, -0.18866696468655514, 0.01041666666666663], [0.0, 0.0, 0.0, 1.0]]","[[-0.2657535537952976, 0.42037651295412803, -0.8675590100976982, 0.2992919693402709], [0.15126720790277035, 0.9069551318981253, 0.3931292669554821, -0.38616042327512845], [0.9520994068155226, -0.026757729354010523, -0.30461573081728327, 0.018926756179515638], [0.0, 0.0, 0.0, 1.0]]"
2.25,-21.45079136205179,-0.09837859635974561,48.926239873972534,-124.8899543321698,-15.64325568061378,41.785109757089536,7.086782728544028,-21.43641381384891,0.12286092252187368,-48.9381824597363,-124.89775440820195,15.639044868990469,41.80049475819499,-7.053134655371607,"[[-0.19509032201612836, -0.0, -0.9807852804032304, 0.3125], [0.0, 1.0, -0.0, 0.346875], [0.9807852804032304, 0.0, -0.19509032201612836, 0.012499999999999956], [0.0, 0.0, 0.0, 1.0]]","[[-0.2737001638559304, -0.4194132391776612, -0.8655522832895417, 0.299730215871701], [-0.14950060698474305, 0.9075293176959587, -0.3924794338987728, 0.38617579662676765], [0.9501251437660359, 0.021978906360639844, -0.31109345679194206, 0.021285771800571174], [0.0, 0.0, 0.0, 1.0]]","[[-0.19509032201612836, -0.0, -0.9807852804032304, 0.3125], [0.0, 1.0, -0.0, -0.346875], [0.9807852804032304, 0.0, -0.19509032201612836, 0.012499999999999956], [0.0, 0.0, 0.0, 1.0]]","[[-0.2725466929300092, 0.41978343750971986, -0.86573677625791, 0.299660505358668], [0.14965900260107773, 0.9073454426555431, 0.3928440283785247, -0.3862049731501608], [0.9504317351148193, -0.022496961677961558, -0.31011837030704015, 0.02096121275523781], [0.0, 0.0, 0.0, 1.0]]"
2.2583333333333333,-21.960328596776616,-0.017280223520153546,48.99287178442059,-124.78142262625829,-15.64325568061378,41.785109757089536,7.086782728544028,-21.958361502295652,0.03696429343207473,-49.00506708718365,-124.78609447565057,15.639044868990469,41.80049475819499,-7.053134655371607,"[[-0.20150532232561713, -0.0, -0.9794874195590514, 0.3129166666666667], [0.0, 1.0, -0.0, 0.3469375], [0.9794874195590514, 0.0, -0.20150532232561713, 0.014583333333333282], [0.0, 0.0, 0.0, 1.0]]","[[-0.2804366156507131, -0.41875451414659765, -0.8637128929709348, 0.3000907648861446], [-0.14762999913184377, 0.9079307201208068, -0.3922590863412156, 0.38622121632586615], [0.94845173201313, 0.01750612300769, -0.31643774695591176, 0.023264673032361745], [0.0, 0.0, 0.0, 1.0]]","[[-0.20150532232561713, -0.0, -0.9794874195590514, 0.3129166666666667], [0.0, 1.0, -0.0, -0.3469375], [0.9794874195590514, 0.0, -0.20150532232561713, 0.014583333333333282], [0.0, 0.0, 0.0, 1.0]]","[[-0.27967061372072227, 0.41908909105764863, -0.8637989821582037, 0.3000485693746035], [0.14784521136682444, 0.9077682029023131, 0.39255405140617805, -0.3862519274867087], [0.9486443702974123, -0.01792271062030562, -0.31583640567079535, 0.023087316317028254], [0.0, 0.0, 0.0, 1.0]]"
2.2666666666666666,-22.40040451518971,0.057199932802480855,49.046960052457926,-124.68446126080079,-15.64325568061378,41.785109757089536,7.086782728544028,-22.405887449545936,-0.03887631617780187,-49.05985544961091,-124.68745288365726,15.639044868990469,41.80049475819499,-7.053134655371607,"[[-0.20791169081775907, -0.0, -0.9781476007338056, 0.31333333333333335], [0.0, 0.9999999999999999, -0.0, 0.347], [0.9781476007338056, 0.0, -0.20791169081775907, 0.016666666666666607], [0.0, 0.0, 0.0, 1.0]]","[[-0.2869242615339887, -0.41805125895827044, -0.8619208855959929, 0.30044528575269813], [-0.14586340646420656, 0.9083268388388022, -0.3920028322598794, 0.38626423430569956], [0.9467831508839991, 0.013247593310279304, -0.32159938817362904, 0.025195797722808243], [0.0, 0.0, 0.0, 1.0]]","[[-0.20791169081775907, -0.0, -0.9781476007338056, 0.31333333333333335], [0.0, 0.9999999999999999, -0.0, -0.347], [0.9781476007338056, 0.0, -0.20791169081775907, 0.016666666666666607], [0.0, 0.0, 0.0, 1.0]]","[[-0.28546580340162053, 0.4184660299367051, -0.8622038371970285, 0.3003654800410331], [0.1462603450033871, 0.9081228359406358, 0.3923274478323272, -0.3862895906741476], [0.9471627033238575, -0.014110160599718952, -0.32044300085989186, 0.024808645730182426], [0.0, 0.0, 0.0, 1.0]]"
2.275,-22.88496887076168,0.13248361852579027,49.10711352847822,-124.57614812094272,-15.64325568061378,41.785109757089536,7.086782728544028,-22.92201069417795,-0.11588657900777663,-49.12492324673904,-124.57256910181763,15.639044868990469,41.80049475819499,-7.053134655371607,"[[-0.21430915306505055, -0.0, -0.9767658813208724, 0.31375000000000003], [0.0, 1.0, -0.0, 0.3470625], [0.9767658813208724, 0.0, -0.21430915306505055, 0.018749999999999933], [0.0, 0.0, 0.0, 1.0]]","[[-0.2938039484599707, -0.4172299829897175, -0.8599990588156078, 0.3008268644181768], [-0.1439407464975487, 0.908759267259538, -0.39171118910191527, 0.386308928233604], [0.944965767299038, 0.008702612499014967, -0.3270534561331414, 0.027252968908839506], [0.0, 0.0, 0.0, 1.0]]","[[-0.21430915306505055, -0.0, -0.9767658813208724, 0.31375000000000003], [0.0, 1.0, -0.0, -0.3470625], [0.9767658813208724, 0.0, -0.21430915306505055, 0.018749999999999933], [0.0, 0.0, 0.0, 1.0]]","[[-0.2931016316067575, 0.4175598934196058, -0.8600785830125433, 0.300786722721367], [0.14404450573840616, 0.9086049803028026, 0.3920308280422885, -0.38633776595741787], [0.9451680347515119, -0.008984719046887635, -0.3264608106765857, 0.027070969702241703], [0.0, 0.0, 0.0, 1.0]]"
2.283333333333333,-23.345253611381544,0.2027858618584456,49.16290592871348,-124.47092222658951,-15.64325568061378,41.785109757089536,7.086782728544028,-23.387477840830563,-0.18662490057046818,-49.18150453382342,-124.46618207530553,15.639044868990469,41.80049475819499,-7.053134655371607,"[[-0.2206974350215009, -0.0, -0.9753423205085128, 0.3141666666666667], [0.0, 1.0, -0.0, 0.347125], [0.9753423205085128, 0.0, -0.2206974350215009, 0.02083333333333326], [0.0, 0.0, 0.0, 1.0]]","[[-0.30056764768728256, -0.41634583729869673, -0.8580881265509861, 0.3012048898982433], [-0.14192556709907583, 0.9091969315564834, -0.39143080238003924, 0.38635209755583955], [0.9431416768266259, 0.004133208478018263, -0.33236530207038456, 0.029268790997989583], [0.0, 0.0, 0.0, 1.0]]","[[-0.2206974350215009, -0.0, -0.9753423205085128, 0.3141666666666667], [0.0, 1.0, -0.0, -0.347125], [0.9753423205085128, 0.0, -0.2206974350215009, 0.02083333333333326], [0.0, 0.0, 0.0, 1.0]]","[[-0.2992795894249993, 0.41676040318069896, -0.8583370513348849, 0.301133452624787], [0.1422619752000915, 0.9090033622256537, 0.3917581114343714, -0.3863772274329933], [0.9435005340569618, -0.004863517566331299, -0.3313353111745103, 0.028922456060847597], [0.0, 0.0, 0.0, 1.0]]"
2.2916666666666665,-23.830632467012038,0.2744878537439172,49.22088398948313,-124.3577459920424,-15.64325568061378,41.785109757089536,7.086782728544028,-23.856564987743283,-0.2585231670130851,-49.23647389626368,-124.35624335042499,15.639044868990469,41.80049475819499,-7.053134655371607,"[[-0.22707626303437323, -0.0, -0.9738769792773336, 0.3145833333333333], [0.0, 1.0, -0.0, 0.3471875], [0.9738769792773336, 0.0, -0.22707626303437323, 0.022916666666666585], [0.0, 0.0, 0.0, 1.0]]","[[-0.3064984322436115, -0.41550715465449706, -0.856395069733083, 0.3015393164763312], [-0.1400769691746877, 0.9095899077761331, -0.391183642780011, 0.3863894358571083], [0.9415079148573536, 6.405255293723267e-05, -0.33699086361239616, 0.031035708190702095], [0.0, 0.0, 0.0, 1.0]]","[[-0.22707626303437323, -0.0, -0.9738769792773336, 0.3145833333333333], [0.0, 1.0, -0.0, -0.3471875], [0.9738769792773336, 0.0, -0.22707626303437323, 0.022916666666666585], [0.0, 0.0, 0.0, 1.0]]","[[-0.30641079251899545, 0.4157590195657176, -0.8563041888707742, 0.3015346596373394], [0.1400391825764908, 0.909474813598389, 0.3914646737235481, -0.38642246997307916], [0.9415420614986828, 3.286227253418428e-05, -0.33689545165953444, 0.03104485239840648], [0.0, 0.0, 0.0, 1.0]]"
2.3,-24.30182160464183,0.3496156924262526,49.2731622573904,-124.24410530463173,-15.64325568061378,41.785109757089536,7.086782728544028,-24.30019260452478,-0.3258886557862597,-49.28710950367557,-124.24997926731794,15.639044868990469,41.80049475819499,-7.053134655371607,"[[-0.23344536385590514, -0.0, -0.9723699203976767, 0.315], [0.0, 1.0, -0.0, 0.34725], [0.9723699203976767, 0.0, -0.23344536385590514, 0.02499999999999991], [0.0, 0.0, 0.0, 1.0]]","[[-0.31321908128402876, -0.41448390336190233, -0.854457079655538, 0.3019254301626797], [-0.13797298372548492, 0.9100453358221745, -0.3908720283036289, 0.3864312967442523], [0.9396048440070306, -0.004536584859448606, -0.342231144866064, 0.033056579080659], [0.0, 0.0, 0.0, 1.0]]","[[-0.23344536385590514, -0.0, -0.9723699203976767, 0.315], [0.0, 1.0, -0.0, -0.34725], [0.9723699203976767, 0.0, -0.23344536385590514, 0.02499999999999991], [0.0, 0.0, 0.0, 1.0]]","[[-0.3120858914286361, 0.41489963807956665, -0.8546699285061097, 0.3018599170654829], [0.13825458136617544, 0.909858703467458, 0.3912068640192553, -0.38645815335395545], [0.939940459339025, 0.003928109718579292, -0.3413158403174129, 0.032748064109665104], [0.0, 0.0, 0.0, 1.0]]"
2.308333333333333,-24.767840289069923,0.41849233387286616,49.32511267621752,-124.13015042851923,-15.64325568061378,41.785109757089536,7.086782728544028,-24.81030357513989,-0.40722631036290036,-49.34144024342844,-124.12394861675286,15.639044868990469,41.80049475819499,-7.053134655371607,"[[-0.23980446465501631, -0.0, -0.9708212084269282, 0.3154166666666667], [0.0, 1.0, -0.0, 0.3473125], [0.9708212084269282, 0.0, -0.23980446465501631, 0.027083333333333237], [0.0, 0.0, 0.0, 1.0]]","[[-0.31964154454141336, -0.41343116060437957, -0.8525866281173399, 0.3023017759728874], [-0.13593199372384204, 0.9104914736722396, -0.3905480373173251, 0.38647075909242884], [0.9377375838076668, -0.008941577683449442, -0.34722942286489755, 0.03500274428651509], [0.0, 0.0, 0.0, 1.0]]","[[-0.23980446465501631, -0.0, -0.9708212084269282, 0.3154166666666667], [0.0, 1.0, -0.0, -0.3473125], [0.9708212084269282, 0.0, -0.23980446465501631, 0.027083333333333237], [0.0, 0.0, 0.0, 1.0]]","[[-0.31901866052073796, 0.41376986593511866, -0.8526556117704194, 0.30226787884402073], [0.13610011483938833, 0.9103405206120487, 0.3908412660818831, -0.3865002354263226], [0.9379252917904812, 0.008639130501268716, -0.3467297397742551, 0.03485719565943371], [0.0, 0.0, 0.0, 1.0]]"
2.3166666666666664,-25.266333107906842,0.4930557748141764,49.37834375551402,-124.00519894784301,-15.64325568061378,41.785109757089536,7.086782728544028,-25.286446307465237,-0.4777062053150421,-49.39273837918982,-124.00470717422277,15.639044868990469,41.80049475819499,-7.053134655371607,"[[-0.24615329302899303, -0.0, -0.9692309097067543, 0.31583333333333335], [0.0, 0.9999999999999999, -0.0, 0.347375], [0.9692309097067543, 0.0, -0.24615329302899303, 0.029166666666666674], [0.0, 0.0, 0.0, 1.0]]","[[-0.32634270269072274, -0.4122511887336631, -0.8506170688319137, 0.30269925303771134], [-0.13369996983111404, 0.910968513747609, -0.3902059520658697, 0.3865104552042221], [0.9357482345522614, -0.013613388562525058, -0.3524058983390773, 0.03703332559463067], [0.0, 0.0, 0.0, 1.0]]","[[-0.24615329302899303, -0.0, -0.9692309097067543, 0.31583333333333335], [0.0, 0.9999999999999999, -0.0, -0.347375], [0.9692309097067543, 0.0, -0.24615329302899303, 0.029166666666666674], [0.0, 0.0, 0.0, 1.0]]","[[-0.3254266735947423, 0.41265071969007183, -0.8507742730315295, 0.30264664277472786], [0.13396362532191686, 0.9107949454597869, 0.390520568492254, -0.386539138450447], [0.9360295012464461, 0.013113003628839937, -0.3516771558292632, 0.036796071934753864], [0.0, 0.0, 0.0, 1.0]]"
2.325,-25.74019967969128,0.5634495186693261,49.427241079782135,-123.88374452402185,-15.64325568061378,41.785109757089536,7.086782728544028,-25.762430237892378,-0.5453186214349686,-49.44307345827823,-123.88337569380667,15.639044868990469,41.80049475819499,-7.053134655371607,"[[-0.25249157701515795, -0.0, -0.9675990923602598, 0.31625000000000003], [0.0, 1.0, -0.0, 0.3474375], [0.9675990923602598, 0.0, -0.25249157701515795, 0.03125], [0.0, 0.0, 0.0, 1.0]]","[[-0.33293354226182575, -0.41100610141003274, -0.8486632082520833, 0.3030949103465671], [-0.13138716184368132, 0.911448955158523, -0.3898694856526974, 0.38654771003008925], [0.9337519317996912, -0.018297178584754326, -0.3574528543964676, 0.03902761533774191], [0.0, 0.0, 0.0, 1.0]]","[[-0.25249157701515795, -0.0, -0.9675990923602598, 0.31625000000000003], [0.0, 1.0, -0.0, -0.3474375], [0.9675990923602598, 0.0, -0.25249157701515795, 0.03125], [0.0, 0.0, 0.0, 1.0]]","[[-0.33177947616551323, 0.4114604927219806, -0.8488949535274213, 0.30302783754494844], [0.13174909355389489, 0.9112573085872762, 0.3901951997321355, -0.38657527255761537], [0.9341116397642548, 0.017617618319712258, -0.3565460194444418, 0.03871855635679185], [0.0, 0.0, 0.0, 1.0]]"
2.3333333333333335,-26.23210648862101,0.630350261094249,49.47872363065111,-123.75632051486609,-15.64325568061378,41.785109757089536,7.086782728544028,-26.240758630752126,-0.6131001380977057,-49.49201176368137,-123.75883402448066,15.639044868990469,41.80049475819499,-7.053134655371607,"[[-0.25881904510252074, -0.0, -0.9659258262890683, 0.3166666666666667], [0.0, 1.0, -0.0, 0.3475], [0.9659258262890683, 0.0, -0.25881904510252074, 0.033333333333333326], [0.0, 0.0, 0.0, 1.0]]","[[-0.33843570300184167, -0.40990712458826983, -0.8470167791404287, 0.30343046240003235], [-0.12942800700864454, 0.9118566482002888, -0.3895713594897664, 0.38657918989234136], [0.932045956986789, -0.02221716329127535, -0.3616583079646718, 0.04070473190094496], [0.0, 0.0, 0.0, 1.0]]","[[-0.25881904510252074, -0.0, -0.9659258262890683, 0.3166666666666667], [0.0, 1.0, -0.0, -0.3475], [0.9659258262890683, 0.0, -0.25881904510252074, 0.033333333333333326], [0.0, 0.0, 0.0, 1.0]]","[[-0.3381130388494012, 0.4101992887033651, -0.8470042009974196, 0.3034138675540791], [0.12948744071230375, 0.9117271687882198, 0.3898545528670855, -0.386610870588169], [0.9321548024109522, 0.022138501319439202, -0.3613824997167519, 0.040645460003023236], [0.0, 0.0, 0.0, 1.0]]"
2.341666666666667,-26.673391350517196,0.691951256970918,49.52276127532477,-123.63923741211373,-15.64325568061378,41.785109757089536,7.086782728544028,-26.74948136541843,-0.6849848375434752,-49.54196776727084,-123.62340503361764,15.639044868990469,41.80049475819499,-7.053134655371607,"[[-0.2651354262434082, -0.0, -0.9642111831703294, 0.3170833333333334], [0.0, 1.0, -0.0, 0.3475625], [0.9642111831703294, 0.0, -0.2651354262434082, 0.03541666666666665], [0.0, 0.0, 0.0, 1.0]]","[[-0.3453446213108492, -0.408441133891966, -0.8449336853722376, 0.30385936848095774], [-0.12689876225083332, 0.91237991738904, -0.38917809610045495, 0.386616932393147], [0.9298568689163256, -0.027179523362516833, -0.3669161714055592, 0.04282019459801914], [0.0, 0.0, 0.0, 1.0]]","[[-0.2651354262434082, -0.0, -0.9642111831703294, 0.3170833333333334], [0.0, 1.0, -0.0, -0.3475625], [0.9642111831703294, 0.0, -0.2651354262434082, 0.03541666666666665], [0.0, 0.0, 0.0, 1.0]]","[[-0.343648790264666, 0.4090316961121177, -0.8453393286280226, 0.3037560126636556], [0.12744219379116545, 0.9121458060082016, 0.3895491186273479, -0.3866407929796893], [0.9304106599729642, 0.026136184826648923, -0.36558569946235686, 0.04233308259739907], [0.0, 0.0, 0.0, 1.0]]"
2.35,-27.18154034929322,0.7659156422972505,49.5700842409892,-123.50068019461085,-15.64325568061378,41.785109757089536,7.086782728544028,-27.203096426313778,-0.747773485922933,-49.58569805343185,-123.50040698704406,15.639044868990469,41.80049475819499,-7.053134655371607,"[[-0.2714404498650742, -0.0, -0.9624552364536473, 0.3175], [0.0, 1.0, -0.0, 0.347625], [0.9624552364536473, 0.0, -0.2714404498650742, 0.03749999999999998], [0.0, 0.0, 0.0, 1.0]]","[[-0.351940917294473, -0.40695468693074976, -0.8429267308129579, 0.304277364487176], [-0.12443241538425362, 0.9128897732318713, -0.3887786464433245, 0.3866526359565316], [0.9277144844916273, -0.03193970434675833, -0.3719216188267041, 0.044855635789262896], [0.0, 0.0, 0.0, 1.0]]","[[-0.2714404498650742, -0.0, -0.9624552364536473, 0.3175], [0.0, 1.0, -0.0, -0.347625], [0.9624552364536473, 0.0, -0.2714404498650742, 0.03749999999999998], [0.0, 0.0, 0.0, 1.0]]","[[-0.3510726980454509, 0.40737154276799786, -0.8430874135164806, 0.3042253934448988], [0.12467229705255384, 0.9127193397248976, 0.3891018186025182, -0.38668003630121406], [0.9280111955330753, 0.03149338081198172, -0.3712187871462112, 0.044619759813205935], [0.0, 0.0, 0.0, 1.0]]"
2.3583333333333334,-27.683528517437892,0.8327089693253044,49.617612112328736,-123.36235520353976,-15.64325568061378,41.785109757089536,7.086782728544028,-27.727842784772935,-0.8115202817768967,-49.637925094920355,-123.35741014658068,15.639044868990469,41.80049475819499,-7.053134655371607,"[[-0.2777338458812922, -0.0, -0.9606580613579353, 0.3179166666666667], [0.0, 1.0, -0.0, 0.3476875], [0.9606580613579353, 0.0, -0.2777338458812922, 0.039583333333333304], [0.0, 0.0, 0.0, 1.0]]","[[-0.35840699453286595, -0.40540783157301563, -0.8409452517073772, 0.30469139259026756], [-0.12187316556370745, 0.9133983362854988, -0.38839465854509936, 0.3866855601356768], [0.9255762301320187, -0.03671470237042096, -0.3767766882975273, 0.04684437647609848], [0.0, 0.0, 0.0, 1.0]]","[[-0.2777338458812922, -0.0, -0.9606580613579353, 0.3179166666666667], [0.0, 1.0, -0.0, -0.3476875], [0.9606580613579353, 0.0, -0.2777338458812922, 0.039583333333333304], [0.0, 0.0, 0.0, 1.0]]","[[-0.3573103148232476, 0.40589396922971765, -0.8411774038000883, 0.3046241612358973], [0.12223569676749077, 0.9132079163372627, 0.38872835756440693, -0.3867133135603613], [0.9259523601982329, 0.036074745763489485, -0.3759133402280662, 0.04654207842879284], [0.0, 0.0, 0.0, 1.0]]"
2.3666666666666667,-28.161254146103385,0.8969935892155536,49.6608950210991,-123.22778681651216,-15.64325568061378,41.785109757089536,7.086782728544028,-28.22990266990389,-0.8752739611808833,-49.685377834179015,-123.21695413648852,15.639044868990469,41.80049475819499,-7.053134655371607,"[[-0.2840153447039226, -0.0, -0.958819734868193, 0.31833333333333336], [0.0, 1.0, -0.0, 0.34775], [0.958819734868193, 0.0, -0.2840153447039226, 0.04166666666666663], [0.0, 0.0, 0.0, 1.0]]","[[-0.3638098997939947, -0.4040518298681536, -0.839276161696542, 0.30504437594751493], [-0.11971397598876479, 0.9138300391154484, -0.3880505425369476, 0.38671327157920604], [0.9237482994651979, -0.04070354272608964, -0.38083106601838623, 0.048522625755034986], [0.0, 0.0, 0.0, 1.0]]","[[-0.2840153447039226, -0.0, -0.958819734868193, 0.31833333333333336], [0.0, 1.0, -0.0, -0.34775], [0.958819734868193, 0.0, -0.2840153447039226, 0.04166666666666663], [0.0, 0.0, 0.0, 1.0]]","[[-0.36391359634617243, 0.4042357700537579, -0.8391426199421884, 0.3050449703488766], [0.11942149483551043, 0.9137298705398362, 0.3883764028033964, -0.38674556492353257], [0.9237453117421744, 0.04112378742649092, -0.38079316320287787, 0.04854774743789682], [0.0, 0.0, 0.0, 1.0]]"
2.375,-28.685640212083822,0.9622649046366053,49.70862779811374,-123.07843790012068,-15.64325568061378,41.785109757089536,7.086782728544028,-28.70104911885137,-0.9332976454797581,-49.728838327867805,-123.08294582497288,15.639044868990469,41.80049475819499,-7.053134655371607,"[[-0.29028467725446205, -0.0, -0.9569403357322089, 0.31875000000000003], [0.0, 1.0, -0.0, 0.34781249999999997], [0.9569403357322089, 0.0, -0.29028467725446205, 0.043749999999999956], [0.0, 0.0, 0.0, 1.0]]","[[-0.37046072996992596, -0.40229110826270653, -0.8372100762430617, 0.30548277190835194], [-0.11690632395666198, 0.9143690292516279, -0.3876366723677932, 0.3867443366537886], [0.9214617512241567, -0.04572901221543266, -0.38576819266589524, 0.05057982296822325], [0.0, 0.0, 0.0, 1.0]]","[[-0.29028467725446205, -0.0, -0.9569403357322089, 0.31875000000000003], [0.0, 1.0, -0.0, -0.34781249999999997], [0.9569403357322089, 0.0, -0.29028467725446205, 0.043749999999999956], [0.0, 0.0, 0.0, 1.0]]","[[-0.36952427368683405, 0.4027554144152721, -0.8374006731042198, 0.3054123974249666], [0.1170354017534467, 0.9141817850354079, 0.3880391457648116, -0.38677260818249126], [0.9218213090901226, 0.04538435929544246, -0.38494900186740977, 0.05027687163771706], [0.0, 0.0, 0.0, 1.0]]"
2.3833333333333333,-29.17768020970237,1.0191666770034526,49.75374461267626,-122.93661585219452,-15.64325568061378,41.785109757089536,7.086782728544028,-29.218121759778015,-0.9915188182951815,-49.77716533134023,-122.93444385203846,15.639044868990469,41.80049475819499,-7.053134655371607,"[[-0.2965415749755708, -0.0, -0.9550199444571866, 0.3191666666666667], [0.0, 1.0, -0.0, 0.347875], [0.9550199444571866, 0.0, -0.2965415749755708, 0.04583333333333328], [0.0, 0.0, 0.0, 1.0]]","[[-0.3769894385268795, -0.40046892395538336, -0.8351668121909575, 0.305917718916341], [-0.11401627889293828, 0.9149032197168219, -0.3872368612350855, 0.3867739381109449], [0.9191731346088159, -0.050761594713035596, -0.3905688276291306, 0.05259696896139145], [0.0, 0.0, 0.0, 1.0]]","[[-0.2965415749755708, -0.0, -0.9550199444571866, 0.3191666666666667], [0.0, 1.0, -0.0, -0.347875], [0.9550199444571866, 0.0, -0.2965415749755708, 0.04583333333333328], [0.0, 0.0, 0.0, 1.0]]","[[-0.3756836778878853, 0.40104821471472335, -0.8354771712277751, 0.3058193692552487], [0.11428931632894695, 0.9146827457415623, 0.387676961935757, -0.3868004895539081], [0.9196737064533778, 0.05015779218436195, -0.3894669042954701, 0.05216965694268366], [0.0, 0.0, 0.0, 1.0]]"
2.3916666666666666,-29.669880716766414,1.076677830310312,49.79717437051379,-122.7918295021686,-15.64325568061378,41.785109757089536,7.086782728544028,-29.73585351395957,-1.0515473231980137,-49.823081278035644,-122.78221259581721,15.639044868990469,41.80049475819499,-7.053134655371607,"[[-0.3027857698425745, -0.0, -0.953058643306297, 0.31958333333333333], [0.0, 1.0, -0.0, 0.3479375], [0.953058643306297, 0.0, -0.3027857698425745, 0.04791666666666661], [0.0, 0.0, 0.0, 1.0]]","[[-0.38311867471053945, -0.3986753799769598, -0.833233474176516, 0.3063340443475352], [-0.11125164033189139, 0.9154107566490819, -0.3868413358660355, 0.38680191854083623], [0.9169750016284542, -0.05550754913867206, -0.39506424588554506, 0.05450676442987346], [0.0, 0.0, 0.0, 1.0]]","[[-0.3027857698425745, -0.0, -0.953058643306297, 0.31958333333333333], [0.0, 1.0, -0.0, -0.3479375], [0.953058643306297, 0.0, -0.3027857698425745, 0.04791666666666661], [0.0, 0.0, 0.0, 1.0]]","[[-0.38215470688513586, 0.3991729788727832, -0.8334378878736941, 0.30625544299853025], [0.11137474042592282, 0.9152140819222534, 0.3872710309928499, -0.386831654856554], [0.917362222462095, 0.05517351891111488, -0.3942111561211461, 0.05418065345192191], [0.0, 0.0, 0.0, 1.0]]"
2.4,-30.161722638899032,1.1338271970345724,49.83934054335486,-122.64443401987972,-15.64325568061378,41.785109757089536,7.086782728544028,-30.226404530339053,-1.108306515365937,-49.865343073525096,-122.63513130223016,15.639044868990469,41.80049475819499,-7.053134655371607,"[[-0.30901699437494745, -0.0, -0.9510565162951536, 0.32], [0.0, 1.0, -0.0, 0.348], [0.9510565162951536, 0.0, -0.30901699437494745, 0.04999999999999993], [0.0, 0.0, 0.0, 1.0]]","[[-0.38918641651865676, -0.39681995991406016, -0.8313049095314967, 0.3067529477861877], [-0.10844688167044611, 0.9159173307866326, -0.38643850354312054, 0.3868303648999522], [0.9147530852931421, -0.06024419124275615, -0.3994964710334539, 0.05640907469524941], [0.0, 0.0, 0.0, 1.0]]","[[-0.30901699437494745, -0.0, -0.9510565162951536, 0.32], [0.0, 1.0, -0.0, -0.348], [0.9510565162951536, 0.0, -0.30901699437494745, 0.04999999999999993], [0.0, 0.0, 0.0, 1.0]]","[[-0.38856873764889, 0.397219511778064, -0.8314030283711655, 0.3066981452459807], [0.10843128084000717, 0.9157493872659623, 0.38684068692086976, -0.3868614538833771], [0.9150174825965589, 0.06016410212752554, -0.3989026038494172, 0.05619274496198933], [0.0, 0.0, 0.0, 1.0]]"
2.408333333333333,-30.661610523873925,1.1963191590719577,49.878388734839824,-122.49030397106921,-15.64325568061378,41.785109757089536,7.086782728544028,-30.669745279175412,-1.163357733354534,-49.90062100058821,-122.4985958207216,15.639044868990469,41.80049475819499,-7.053134655371607,"[[-0.3152349816477694, -0.0, -0.9490136491882141, 0.3204166666666667], [0.0, 1.0, -0.0, 0.3480625], [0.9490136491882141, 0.0, -0.3152349816477694, 0.05208333333333326], [0.0, 0.0, 0.0, 1.0]]","[[-0.3952929665205567, -0.3948632491141732, -0.8293530521547361, 0.30718905709433103], [-0.10562861115065808, 0.9164396645334059, -0.38598048885439984, 0.386857296248815], [0.9124615428201679, -0.06497196140564634, -0.40397101022888027, 0.05835624548969615], [0.0, 0.0, 0.0, 1.0]]","[[-0.3152349816477694, -0.0, -0.9490136491882141, 0.3204166666666667], [0.0, 1.0, -0.0, -0.3480625], [0.9490136491882141, 0.0, -0.3152349816477694, 0.05208333333333326], [0.0, 0.0, 0.0, 1.0]]","[[-0.39432555421897, 0.3953881001689252, -0.8295635042205691, 0.30710646182757784], [0.10577521331471088, 0.9162376812741849, 0.3864196108656146, -0.3868887533330529], [0.9128630573849124, 0.0646278705986324, -0.4031181921022132, 0.058024165149122], [0.0, 0.0, 0.0, 1.0]]"
2.4166666666666665,-31.131455821784517,1.252473772776629,49.914558001589626,-122.34345490391394,-15.64325568061378,41.785109757089536,7.086782728544028,-31.12555795343621,-1.225585239004993,-49.93257604062012,-122.35386411220904,15.639044868990469,41.80049475819499,-7.053134655371607,"[[-0.32143946530316136, -0.0, -0.9469301294951058, 0.32083333333333336], [0.0, 1.0, -0.0, 0.348125], [0.9469301294951058, 0.0, -0.32143946530316136, 0.054166666666666585], [0.0, 0.0, 0.0, 1.0]]","[[-0.4003088173290884, -0.39318911473033447, -0.8277410046784941, 0.3075516936142484], [-0.10322719211332407, 0.9168712817424446, -0.3856049786042264, 0.38687890074288284], [0.9105476360833549, -0.0689156932312435, -0.40761946672045923, 0.05995739129109885], [0.0, 0.0, 0.0, 1.0]]","[[-0.32143946530316136, -0.0, -0.9469301294951058, 0.32083333333333336], [0.0, 1.0, -0.0, -0.348125], [0.9469301294951058, 0.0, -0.32143946530316136, 0.054166666666666585], [0.0, 0.0, 0.0, 1.0]]","[[-0.3998353957531171, 0.39356416123823673, -0.8277915844533523, 0.307510152685376], [0.10325005589497555, 0.9167149078671126, 0.38597046992208606, -0.38691540114195494], [0.9107530303329399, 0.06885512822611492, -0.40717058962593633, 0.059809050230233675], [0.0, 0.0, 0.0, 1.0]]"
2.425,-31.607011157841242,1.3110283442009139,49.94909826822238,-122.19155149677286,-15.64325568061378,41.785109757089536,7.086782728544028,-31.610907780762734,-1.288414868519471,-49.96649817513298,-122.19793089345765,15.639044868990469,41.80049475819499,-7.053134655371607,"[[-0.32763017956169344, -0.0, -0.9448060464668782, 0.32125000000000004], [0.0, 1.0000000000000002, -0.0, 0.3481875], [0.9448060464668782, 0.0, -0.32763017956169344, 0.05624999999999991], [0.0, 0.0, 0.0, 1.0]]","[[-0.4066887111777778, -0.39096902190929816, -0.8256800325234014, 0.3080262041677547], [-0.10014854639021828, 0.9174307293919612, -0.385085867597424, 0.38690503899345274], [0.9080608794879806, -0.07391942014532593, -0.4122637001591268, 0.06202118499514309], [0.0, 0.0, 0.0, 1.0]]","[[-0.32763017956169344, -0.0, -0.9448060464668782, 0.32125000000000004], [0.0, 1.0000000000000002, -0.0, -0.3481875], [0.9448060464668782, 0.0, -0.32763017956169344, 0.05624999999999991], [0.0, 0.0, 0.0, 1.0]]","[[-0.40566425337944895, 0.39154323665434043, -0.8259118641600554, 0.3079472209550601], [0.10049535665382506, 0.9172297023062423, 0.3854741969292146, -0.3869394499749126], [0.9084807080071184, 0.0733727949409422, -0.41143557957648696, 0.06170672695825227], [0.0, 0.0, 0.0, 1.0]]"
2.433333333333333,-32.086937814966774,1.3707050943614902,49.98201978002184,-122.03522212704961,-15.64325568061378,41.785109757089536,7.086782728544028,-32.119166062565476,-1.348964922398457,-50.00197417768203,-122.03321405143362,15.639044868990469,41.80049475819499,-7.053134655371607,"[[-0.3338068592337708, -0.0, -0.9426414910921785, 0.32166666666666666], [0.0, 1.0, -0.0, 0.34825], [0.9426414910921785, 0.0, -0.3338068592337708, 0.05833333333333324], [0.0, 0.0, 0.0, 1.0]]","[[-0.4127169819422365, -0.3887742660693814, -0.8237228070526552, 0.30848604385712597], [-0.09717251034326724, 0.9179678000078146, -0.38456809719788343, 0.3869279160119394], [0.905661192748193, -0.07867457143846984, -0.41663907133020284, 0.06398958295268808], [0.0, 0.0, 0.0, 1.0]]","[[-0.3338068592337708, -0.0, -0.9426414910921785, 0.32166666666666666], [0.0, 1.0, -0.0, -0.34825], [0.9426414910921785, 0.0, -0.3338068592337708, 0.05833333333333324], [0.0, 0.0, 0.0, 1.0]]","[[-0.41170618911850276, 0.3893499215842107, -0.8239567054183666, 0.30840519653991827], [0.09748389377784938, 0.9177667703583039, 0.384968889236517, -0.3869605856177208], [0.9060876912834811, 0.07817156636819866, -0.4158056059219426, 0.0636666249032423], [0.0, 0.0, 0.0, 1.0]]"
2.4416666666666664,-32.57027956667731,1.4309562207425826,50.01315178225876,-121.87483562495936,-15.64325568061378,41.785109757089536,7.086782728544028,-32.60238145577637,-1.4071654979246646,-50.033997519605634,-121.87352422863871,15.639044868990469,41.80049475819499,-7.053134655371607,"[[-0.33996923973099424, -0.0, -0.9404365560933547, 0.3220833333333334], [0.0, 0.9999999999999999, -0.0, 0.3483125], [0.9404365560933547, 0.0, -0.33996923973099424, 0.060416666666666674], [0.0, 0.0, 0.0, 1.0]]","[[-0.41773689634585, -0.3868751705111567, -0.822084842259788, 0.3088777974699645], [-0.09464848260691022, 0.9184206657784649, -0.38411605721611164, 0.3869464120757915], [0.903624673286175, -0.08265036668403333, -0.4202753463093557, 0.06564440172514802], [0.0, 0.0, 0.0, 1.0]]","[[-0.33996923973099424, -0.0, -0.9404365560933547, 0.3220833333333334], [0.0, 0.9999999999999999, -0.0, -0.3483125], [0.9404365560933547, 0.0, -0.33996923973099424, 0.060416666666666674], [0.0, 0.0, 0.0, 1.0]]","[[-0.41772833620747757, 0.38707036844927634, -0.8219973035222647, 0.30887309135340457], [0.09442723245090404, 0.9183095084544226, 0.38443613832971035, -0.38698060807449264], [0.9036517774568895, 0.08297093798878438, -0.4201538867465893, 0.06564134362974636], [0.0, 0.0, 0.0, 1.0]]"
2.45,-33.076447810594026,1.4883730320615312,50.046807539393996,-121.70572014110985,-15.64325568061378,41.785109757089536,7.086782728544028,-33.08770396234621,-1.4647223281215984,-50.06534467280141,-121.7105832357989,15.639044868990469,41.80049475819499,-7.053134655371607,"[[-0.34611705707749313, -0.0, -0.9381913359224842, 0.3225], [0.0, 1.0, -0.0, 0.348375], [0.9381913359224842, 0.0, -0.34611705707749313, 0.0625], [0.0, 0.0, 0.0, 1.0]]","[[-0.42371654973264633, -0.3845230253754732, -0.8201258003737935, 0.3093525569802915], [-0.09154343926934705, 0.9189641101870982, -0.3835684592283032, 0.3869667878239331], [0.9011570807630607, -0.08744716773074088, -0.4245808623177339, 0.06762345154543409], [0.0, 0.0, 0.0, 1.0]]","[[-0.34611705707749313, -0.0, -0.9381913359224842, 0.3225], [0.0, 1.0, -0.0, -0.348375], [0.9381913359224842, 0.0, -0.34611705707749313, 0.0625], [0.0, 0.0, 0.0, 1.0]]","[[-0.42278923383020356, 0.38508828693765745, -0.8203391219615764, 0.30927613164190076], [0.09183808495162932, 0.9187701351485511, 0.3839625045646137, -0.38699957588925227], [0.9015625490833606, 0.0869968391525468, -0.4238118923151864, 0.0673244224853014], [0.0, 0.0, 0.0, 1.0]]"
2.4583333333333335,-33.55844059994349,1.5444603043698546,50.07685695664747,-121.54131748778764,-15.64325568061378,41.785109757089536,7.086782728544028,-33.60877909412648,-1.527000313138892,-50.096971863753154,-121.53217869467817,15.639044868990469,41.80049475819499,-7.053134655371607,"[[-0.35225004792123343, -0.0, -0.9359059267573256, 0.3229166666666667], [0.0, 1.0, -0.0, 0.3484375], [0.9359059267573256, 0.0, -0.35225004792123343, 0.06458333333333333], [0.0, 0.0, 0.0, 1.0]]","[[-0.4295104737066817, -0.3821446206127587, -0.8182213893030376, 0.30981689547134555], [-0.08837732179469959, 0.9194903568225044, -0.3830495172987691, 0.38698310903157834], [0.8987269896740936, -0.09221156460636931, -0.42870365683556666, 0.06953430508129016], [0.0, 0.0, 0.0, 1.0]]","[[-0.35225004792123343, -0.0, -0.9359059267573256, 0.3229166666666667], [0.0, 1.0, -0.0, -0.3484375], [0.9359059267573256, 0.0, -0.35225004792123343, 0.06458333333333333], [0.0, 0.0, 0.0, 1.0]]","[[-0.4283831155880843, 0.38280448095519587, -0.8185039008090734, 0.309725447154497], [0.08881720857492015, 0.9192802640732972, 0.3834518216755378, -0.38701554735001653], [0.8992215576486172, 0.09156705436974819, -0.42780376905076756, 0.06917368444942074], [0.0, 0.0, 0.0, 1.0]]"
2.466666666666667,-34.04305276683965,1.6005886645349037,50.10591941156587,-121.37319921155695,-15.64325568061378,41.785109757089536,7.086782728544028,-34.088333505942245,-1.5776044376475762,-50.12758135651857,-121.36748917341082,15.639044868990469,41.80049475819499,-7.053134655371607,"[[-0.3583679495453004, -0.0, -0.9335804264972017, 0.32333333333333336], [0.0, 1.0, -0.0, 0.3485], [0.9335804264972017, 0.0, -0.3583679495453004, 0.06666666666666665], [0.0, 0.0, 0.0, 1.0]]","[[-0.43405081969434417, -0.38021920108304946, -0.8167210325750377, 0.3101909547453184], [-0.0858839174231587, 0.9199079725298374, -0.3826137410027196, 0.38699681775926636], [0.8967852801260289, -0.09593060618911847, -0.43194152398845426, 0.07105500640127704], [0.0, 0.0, 0.0, 1.0]]","[[-0.3583679495453004, -0.0, -0.9335804264972017, 0.32333333333333336], [0.0, 1.0, -0.0, -0.3485], [0.9335804264972017, 0.0, -0.3583679495453004, 0.06666666666666665], [0.0, 0.0, 0.0, 1.0]]","[[-0.4341974246449495, 0.3803327426089311, -0.816590228530358, 0.3102008914003343], [0.08557175426746133, 0.9198139166864202, 0.3829096937158641, -0.38702894564839574], [0.8967441504148678, 0.09638134451000469, -0.4319265737682286, 0.07110359198191496], [0.0, 0.0, 0.0, 1.0]]"
2.475,-34.52963885840594,1.6562245040277714,50.13401539471672,-121.2017204822546,-15.64325568061378,41.785109757089536,7.086782728544028,-34.59988393892494,-1.6331208555516745,-50.15853918893165,-121.18821036807633,15.639044868990469,41.80049475819499,-7.053134655371607,"[[-0.36447049987914965, -0.0, -0.9312149347588037, 0.32375000000000004], [0.0, 1.0, -0.0, 0.3485625], [0.9312149347588037, 0.0, -0.36447049987914965, 0.06874999999999998], [0.0, 0.0, 0.0, 1.0]]","[[-0.4402084142072534, -0.3775105006821573, -0.8146793074184725, 0.3107118045088261], [-0.08244748209927338, 0.9204822876315053, -0.3819879197725511, 0.3870134388682812], [0.8941023234264774, -0.10098603879436932, -0.43632883839140973, 0.07314160122426411], [0.0, 0.0, 0.0, 1.0]]","[[-0.36447049987914965, -0.0, -0.9312149347588037, 0.32375000000000004], [0.0, 1.0, -0.0, -0.3485625], [0.9312149347588037, 0.0, -0.36447049987914965, 0.06874999999999998], [0.0, 0.0, 0.0, 1.0]]","[[-0.44031429604443534, 0.377634724508633, -0.8145645066808289, 0.3107149233304572], [0.08211285087229428, 0.9203805076406733, 0.3823051148974089, -0.3870445213822538], [0.8940809809075001, 0.10144819367729274, -0.4362653591326005, 0.07316416893316763], [0.0, 0.0, 0.0, 1.0]]"
2.4833333333333334,-34.99094300475943,1.7108205539412105,50.15857675497208,-121.03573322504495,-15.64325568061378,41.785109757089536,7.086782728544028,-35.036022253281516,-1.685022182394132,-50.18192917174436,-121.03106137565267,15.639044868990469,41.80049475819499,-7.053134655371607,"[[-0.3705574375098362, -0.0, -0.9288095528719241, 0.3241666666666667], [0.0, 1.0, -0.0, 0.348625], [0.9288095528719241, 0.0, -0.3705574375098362, 0.0708333333333333], [0.0, 0.0, 0.0, 1.0]]","[[-0.4459986650847612, -0.37486350460118256, -0.8127499884101692, 0.31121411589153725], [-0.07914241126239382, 0.9210267030262536, -0.3813742139318853, 0.3870290102537851], [0.8915277166090716, -0.10576939647510755, -0.4404442817055368, 0.07512603210905039], [0.0, 0.0, 0.0, 1.0]]","[[-0.3705574375098362, -0.0, -0.9288095528719241, 0.3241666666666667], [0.0, 1.0, -0.0, -0.348625], [0.9288095528719241, 0.0, -0.3705574375098362, 0.0708333333333333], [0.0, 0.0, 0.0, 1.0]]","[[-0.44517296958448543, 0.3754214729393552, -0.8129451056543583, 0.31113485087421056], [0.07934561388410916, 0.920834745545803, 0.38179529194707185, -0.3870594680116534], [0.891922250372018, 0.10546131542722656, -0.4397187854068489, 0.07482837962344158], [0.0, 0.0, 0.0, 1.0]]"
2.4916666666666667,-35.487221134757974,1.7688786559901999,50.18363671903686,-120.85432340068942,-15.64325568061378,41.785109757089536,7.086782728544028,-35.51531028771965,-1.7470806408626331,-50.203741380858794,-120.85354475912403,15.639044868990469,41.80049475819499,-7.053134655371607,"[[-0.3766285016932108, -0.0, -0.9263643838751181, 0.32458333333333333], [0.0, 1.0, -0.0, 0.3486875], [0.9263643838751181, 0.0, -0.3766285016932108, 0.07291666666666663], [0.0, 0.0, 0.0, 1.0]]","[[-0.45115704566893294, -0.37241607135041377, -0.8110262572464619, 0.31167366002454955], [-0.07613311795428696, 0.9215172897885631, -0.3808013037941186, 0.387041194824352], [0.8891912440492424, -0.11005523349966356, -0.4441022146820431, 0.07691310872657636], [0.0, 0.0, 0.0, 1.0]]","[[-0.3766285016932108, -0.0, -0.9263643838751181, 0.32458333333333333], [0.0, 1.0, -0.0, -0.3486875], [0.9263643838751181, 0.0, -0.3766285016932108, 0.07291666666666663], [0.0, 0.0, 0.0, 1.0]]","[[-0.4504572293426768, 0.3729348821011278, -0.8111768353726188, 0.31160943628010535], [0.07634985983901074, 0.9213410054422417, 0.3811842738010609, -0.38707631927612196], [0.8895273933024672, 0.10977397416007448, -0.4434982425688075, 0.07667906982450275], [0.0, 0.0, 0.0, 1.0]]"
2.5,-35.98211615144959,1.8237904954310462,50.20850885289946,-120.67146557622983,-15.64325568061378,41.785109757089536,7.086782728544028,-36.011216172408425,-1.8006609135804443,-50.22911211853081,-120.67085085920453,15.639044868990469,41.80049475819499,-7.053134655371607,"[[-0.3826834323650897, -0.0, -0.9238795325112868, 0.325], [0.0, 1.0, -0.0, 0.34875], [0.9238795325112868, 0.0, -0.3826834323650897, 0.07499999999999996], [0.0, 0.0, 0.0, 1.0]]","[[-0.4564819471775368, -0.36978992250282444, -0.8092463439005204, 0.3121526428294392], [-0.07286865015473021, 0.9220214257964596, -0.38021921334526365, 0.3870480880349384], [0.88674370126076, -0.11459451813947572, -0.44783222828057984, 0.07874990076114474], [0.0, 0.0, 0.0, 1.0]]","[[-0.3826834323650897, -0.0, -0.9238795325112868, 0.325], [0.0, 1.0, -0.0, -0.34875], [0.9238795325112868, 0.0, -0.3826834323650897, 0.07499999999999996], [0.0, 0.0, 0.0, 1.0]]","[[-0.45488294424006237, 0.37076197726336807, -0.8097018360206739, 0.31200612780416187], [0.07364063734997545, 0.9217604557046337, 0.38070292726727994, -0.3870809847211009], [0.8875013034188638, 0.11354830916814287, -0.44659625828579697, 0.07820057977354725], [0.0, 0.0, 0.0, 1.0]]"
2.5083333333333333,-36.47606860203574,1.876638016916962,50.2329404395606,-120.48666797804597,-15.64325568061378,41.785109757089536,7.086782728544028,-36.505855057006166,-1.8522053630387687,-50.254349667514,-120.48634012896581,15.639044868990469,41.80049475819499,-7.053134655371607,"[[-0.38872197015239557, -0.0, -0.9213551052231925, 0.3254166666666667], [0.0, 1.0, -0.0, 0.34881249999999997], [0.9213551052231925, 0.0, -0.38872197015239557, 0.07708333333333328], [0.0, 0.0, 0.0, 1.0]]","[[-0.4618944690513227, -0.367037218145322, -0.8074262690524381, 0.3126565951828546], [-0.0695486513886007, 0.9225411019472547, -0.37957989976811446, 0.387058521806213], [0.8842038704675657, -0.11917044815762096, -0.4516435759933801, 0.08065844144983078], [0.0, 0.0, 0.0, 1.0]]","[[-0.38872197015239557, -0.0, -0.9213551052231925, 0.3254166666666667], [0.0, 1.0, -0.0, -0.34881249999999997], [0.9213551052231925, 0.0, -0.38872197015239557, 0.07708333333333328], [0.0, 0.0, 0.0, 1.0]]","[[-0.4602483951871294, 0.3680514857198802, -0.8079043994106364, 0.31249743511566186], [0.0703097340283603, 0.922270021440944, 0.3800980779380265, -0.3870886197887705], [0.885001670071042, 0.11813598694178509, -0.45035089936710143, 0.08006790264250406], [0.0, 0.0, 0.0, 1.0]]"
2.5166666666666666,-36.93992382404423,1.9248698246278304,50.255449327970375,-120.31089988994486,-15.64325568061378,41.785109757089536,7.086782728544028,-36.999817752876076,-1.9034522723813745,-50.2781289711094,-120.29915196457245,15.639044868990469,41.80049475819499,-7.053134655371607,"[[-0.3947438563842669, -0.0, -0.9187912101488984, 0.3258333333333333], [0.0, 1.0, -0.0, 0.348875], [0.9187912101488984, 0.0, -0.3947438563842669, 0.07916666666666661], [0.0, 0.0, 0.0, 1.0]]","[[-0.4669314239084506, -0.3643862844231939, -0.8057280441259854, 0.3131368135333903], [-0.06638513501322915, 0.9230275741101259, -0.3789632057095401, 0.38706676385207067], [0.8817981964237066, -0.12346146425761809, -0.4551804121744068, 0.08245249808772831], [0.0, 0.0, 0.0, 1.0]]","[[-0.3947438563842669, -0.0, -0.9187912101488984, 0.3258333333333333], [0.0, 1.0, -0.0, -0.348875], [0.9187912101488984, 0.0, -0.3947438563842669, 0.07916666666666661], [0.0, 0.0, 0.0, 1.0]]","[[-0.466199731897339, 0.364935543301083, -0.8059031326495714, 0.31305807968305216], [0.06654798804694581, 0.922840048207525, 0.37939110520838093, -0.3870965670368676], [0.8821729848877446, 0.12324079949382241, -0.45451350923198164, 0.08216914416603602], [0.0, 0.0, 0.0, 1.0]]"
2.525,-37.45398776664149,1.9733925557086587,50.28143819776227,-120.1150100645489,-15.64325568061378,41.785109757089536,7.086782728544028,-37.463543201290335,-1.9498034301929619,-50.30068225574878,-120.12134848009867,15.639044868990469,41.80049475819499,-7.053134655371607,"[[-0.40074883310314074, -0.0, -0.9161879571171361, 0.32625000000000004], [0.0, 1.0, -0.0, 0.3489375], [0.9161879571171361, 0.0, -0.40074883310314074, 0.08124999999999993], [0.0, 0.0, 0.0, 1.0]]","[[-0.4724160909460213, -0.3613875305809551, -0.8038794000071651, 0.31366378587452937], [-0.06275368618724145, 0.9235503707808159, -0.37830766249248826, 0.38706933497328255], [0.8791387898876909, -0.1282722314891905, -0.45897845564208106, 0.08439459479130382], [0.0, 0.0, 0.0, 1.0]]","[[-0.40074883310314074, -0.0, -0.9161879571171361, 0.32625000000000004], [0.0, 1.0, -0.0, -0.3489375], [0.9161879571171361, 0.0, -0.40074883310314074, 0.08124999999999993], [0.0, 0.0, 0.0, 1.0]]","[[-0.47173403772835165, 0.3619274431090619, -0.8040370162952964, 0.31359023823619847], [0.06293005651079178, 0.9233686844639084, 0.3787216399137228, -0.3871020056463807], [0.8794923567809186, 0.1280577934993719, -0.45836055228173556, 0.08413635586796311], [0.0, 0.0, 0.0, 1.0]]"
2.533333333333333,-37.94062849972114,2.020839105108387,50.304442274886874,-119.92592310756626,-15.64325568061378,41.785109757089536,7.086782728544028,-37.95618425555585,-1.9987682025791371,-50.3236146158871,-119.92958408896139,15.639044868990469,41.80049475819499,-7.053134655371607,"[[-0.40673664307579993, -0.0, -0.913545457642601, 0.32666666666666666], [0.0, 1.0, -0.0, 0.349], [0.913545457642601, 0.0, -0.40673664307579993, 0.08333333333333326], [0.0, 0.0, 0.0, 1.0]]","[[-0.47707103244453486, -0.3587621289495492, -0.8023047830057431, 0.3141130801052396], [-0.059539299967479004, 0.9239835941248531, -0.3777689631871592, 0.3870710120683667], [0.8768456544692961, -0.1324539641524774, -0.4621662532234543, 0.08603879400122005], [0.0, 0.0, 0.0, 1.0]]","[[-0.40673664307579993, -0.0, -0.913545457642601, 0.32666666666666666], [0.0, 1.0, -0.0, -0.349], [0.913545457642601, 0.0, -0.40673664307579993, 0.08333333333333326], [0.0, 0.0, 0.0, 1.0]]","[[-0.4768831776011951, 0.35903161001139194, -0.8022959166876117, 0.31409631900454527], [0.059469185597732316, 0.9238594311474511, 0.37808354558781215, -0.38710627910577966], [0.8769525932941472, 0.13258979784484376, -0.46192433863364896, 0.08598280289516297], [0.0, 0.0, 0.0, 1.0]]"
2.5416666666666665,-38.46565489593627,2.0776603025873692,50.32508310655866,-119.7160723755068,-15.64325568061378,41.785109757089536,7.086782728544028,-38.45642389527299,-2.052734807871877,-50.343504126750176,-119.72985569725188,15.639044868990469,41.80049475819499,-7.053134655371607,"[[-0.41270702980439467, -0.0, -0.9108638249211758, 0.32708333333333334], [0.0, 1.0, -0.0, 0.3490625], [0.9108638249211758, 0.0, -0.41270702980439467, 0.08541666666666659], [0.0, 0.0, 0.0, 1.0]]","[[-0.4827694818765027, -0.3554446307409742, -0.8003703779164405, 0.31469456387069583], [-0.055672044175164775, 0.9245360617409208, -0.3770062254631174, 0.3870753250358587], [0.8739761157297444, -0.1374488450951878, -0.46612612468724324, 0.08812680310720569], [0.0, 0.0, 0.0, 1.0]]","[[-0.41270702980439467, -0.0, -0.9108638249211758, 0.32708333333333334], [0.0, 1.0, -0.0, -0.3490625], [0.9108638249211758, 0.0, -0.41270702980439467, 0.08541666666666659], [0.0, 0.0, 0.0, 1.0]]","[[-0.4817339374408565, 0.35621664326682745, -0.8006510579381277, 0.31459045321326606], [0.05618874251066286, 0.9243298727104066, 0.3774349104550806, -0.3871105564122787], [0.8745142873234261, 0.13683562940578775, -0.46529643432152207, 0.08775908726015674], [0.0, 0.0, 0.0, 1.0]]"
2.55,-38.95155455349097,2.1231427457138956,50.34640695714744,-119.52175349361993,-15.64325568061378,41.785109757089536,7.086782728544028,-38.95354555363403,-2.102788781987258,-50.36376588292302,-119.52966285267881,15.639044868990469,41.80049475819499,-7.053134655371607,"[[-0.4186597375374277, -0.0, -0.9081431738250815, 0.3275], [0.0, 1.0, -0.0, 0.349125], [0.9081431738250815, 0.0, -0.4186597375374277, 0.08749999999999991], [0.0, 0.0, 0.0, 1.0]]","[[-0.4880041500604855, -0.3522797443353022, -0.7985930949205595, 0.31523481326122355], [-0.05194142091789691, 0.9250343155792049, -0.3763158298476723, 0.38707422379222894], [0.8712944613141838, -0.14216362661372473, -0.46971849543238164, 0.09004053702244436], [0.0, 0.0, 0.0, 1.0]]","[[-0.4186597375374277, -0.0, -0.9081431738250815, 0.3275], [0.0, 1.0, -0.0, -0.349125], [0.9081431738250815, 0.0, -0.4186597375374277, 0.08749999999999991], [0.0, 0.0, 0.0, 1.0]]","[[-0.48710364183024635, 0.35299129902340515, -0.7988286330180461, 0.3151478543345467], [0.05242995804649597, 0.92484753482364, 0.37670696413774807, -0.38711203916850423], [0.8717689726154252, 0.1416127824188372, -0.4690039213488957, 0.0897355873231736], [0.0, 0.0, 0.0, 1.0]]"
2.558333333333333,-39.479408648022485,2.1665633254847245,50.37061314756596,-119.30999030859286,-15.64325568061378,41.785109757089536,7.086782728544028,-39.46960049637434,-2.149686354932446,-50.385420997686545,-119.3207546867248,15.639044868990469,41.80049475819499,-7.053134655371607,"[[-0.42459451128071285, -0.0, -0.9053836208979553, 0.32791666666666663], [0.0, 1.0, -0.0, 0.3491875], [0.9053836208979553, 0.0, -0.42459451128071285, 0.08958333333333324], [0.0, 0.0, 0.0, 1.0]]","[[-0.4930360012600854, -0.34912609584777665, -0.7968854815213752, 0.31576068411510716], [-0.04820269477882344, 0.9255058940621324, -0.3756532181045603, 0.38706698190490796], [0.8686725514700718, -0.14679853287530453, -0.47313654378850667, 0.09187955471084125], [0.0, 0.0, 0.0, 1.0]]","[[-0.42459451128071285, -0.0, -0.9053836208979553, 0.32791666666666663], [0.0, 1.0, -0.0, -0.3491875], [0.9053836208979553, 0.0, -0.42459451128071285, 0.08958333333333324], [0.0, 0.0, 0.0, 1.0]]","[[-0.4923035117448422, 0.3497465903400351, -0.7970662299139363, 0.3156973971684667], [0.048640508289884615, 0.9253454123164888, 0.37599197977899634, -0.38710609622794706], [0.8690634920861638, 0.14633246546937972, -0.4725626479871796, 0.09165432503895327], [0.0, 0.0, 0.0, 1.0]]"
2.5666666666666664,-39.95594753131969,2.2090746363222955,50.39132569622402,-119.11431904925033,-15.64325568061378,41.785109757089536,7.086782728544028,-39.95703353139772,-2.194377136445486,-50.40545394252219,-119.12015203080152,15.639044868990469,41.80049475819499,-7.053134655371607,"[[-0.43051109680829525, -0.0, -0.9025852843498606, 0.32833333333333337], [0.0, 1.0, -0.0, 0.34925], [0.9025852843498606, 0.0, -0.43051109680829525, 0.09166666666666667], [0.0, 0.0, 0.0, 1.0]]","[[-0.497773649591565, -0.34607839828821363, -0.7952679649090353, 0.31627234466717463], [-0.04466289913391122, 0.925951229297014, -0.37499272846856996, 0.38706612003479884], [0.8661562325661856, -0.1511425261189357, -0.4763709873461426, 0.09365111896486525], [0.0, 0.0, 0.0, 1.0]]","[[-0.43051109680829525, -0.0, -0.9025852843498606, 0.32833333333333337], [0.0, 1.0, -0.0, -0.34925], [0.9025852843498606, 0.0, -0.43051109680829525, 0.09166666666666667], [0.0, 0.0, 0.0, 1.0]]","[[-0.49657180934178285, 0.34700962413176195, -0.7956134481813147, 0.3161570929022831], [0.045457289288841185, 0.9257487335806236, 0.375397012673759, -0.3871035612871459], [0.8668045183416725, 0.15024514312883822, -0.4754748405001639, 0.09324542306029442], [0.0, 0.0, 0.0, 1.0]]"
2.575,-40.45609496348304,2.2533803659208758,50.411491829748485,-118.90592997767324,-15.64325568061378,41.785109757089536,7.086782728544028,-40.466357322710984,-2.2526461205850996,-50.41887526424127,-118.90180454341456,15.639044868990469,41.80049475819499,-7.053134655371607,"[[-0.4364092406733424, -0.0, -0.8997482840522213, 0.32875], [0.0, 1.0, -0.0, 0.3493125], [0.8997482840522213, 0.0, -0.4364092406733424, 0.09375], [0.0, 0.0, 0.0, 1.0]]","[[-0.5026774997140011, -0.34281649629332844, -0.7935944689515212, 0.31681569114028113], [-0.04090318702779533, 0.9264122965568364, -0.37428222784318455, 0.3870611444981926], [0.8635057964902434, -0.1556827114918501, -0.47970890420159584, 0.09550440102094448], [0.0, 0.0, 0.0, 1.0]]","[[-0.4364092406733424, -0.0, -0.8997482840522213, 0.32875], [0.0, 1.0, -0.0, -0.3493125], [0.8997482840522213, 0.0, -0.4364092406733424, 0.09375], [0.0, 0.0, 0.0, 1.0]]","[[-0.5012677434379298, 0.34391687018438366, -0.7940099720980988, 0.316693560355123], [0.042031917284999304, 0.9262151625382478, 0.3746448860101983, -0.38710512419601983], [0.8642707719910426, 0.15442363513020063, -0.47873726990404863, 0.09507006454266193], [0.0, 0.0, 0.0, 1.0]]"
2.5833333333333335,-40.904121222090026,2.296271606031029,50.42714662332615,-118.71498520923636,-15.64325568061378,41.785109757089536,7.086782728544028,-40.94725728179324,-2.29153828493621,-50.43844717130794,-118.70002709495404,15.639044868990469,41.80049475819499,-7.053134655371607,"[[-0.4422886902190012, -0.0, -0.8968727415326885, 0.3291666666666667], [0.0, 1.0, -0.0, 0.349375], [0.8968727415326885, 0.0, -0.4422886902190012, 0.09583333333333333], [0.0, 0.0, 0.0, 1.0]]","[[-0.5070827657400697, -0.33980598691567043, -0.7920851974034542, 0.3173264447445745], [-0.037537928457835656, 0.9268367614343781, -0.37358335292264866, 0.3870614231432149], [0.8610795390766732, -0.15970444236182377, -0.4827385612040983, 0.09722185771768821], [0.0, 0.0, 0.0, 1.0]]","[[-0.4422886902190012, -0.0, -0.8968727415326885, 0.3291666666666667], [0.0, 1.0, -0.0, -0.349375], [0.8968727415326885, 0.0, -0.4422886902190012, 0.09583333333333333], [0.0, 0.0, 0.0, 1.0]]","[[-0.50622731718796, 0.34051622307490426, -0.792327334600721, 0.31725595729255257], [0.03813783107656102, 0.9266873805867987, 0.3738930388519608, -0.38709038253760725], [0.8615563876923301, 0.15905722392893765, -0.48210101674085226, 0.09695685596372], [0.0, 0.0, 0.0, 1.0]]"
2.591666666666667,-41.40523854111552,2.354927349632394,50.438457416591696,-118.49299040083261,-15.64325568061378,41.785109757089536,7.086782728544028,-41.40946984330635,-2.3363876549040405,-50.45322087048268,-118.49973862773258,15.639044868990469,41.80049475819499,-7.053134655371607,"[[-0.44814919358922245, -0.0, -0.8939587799699322, 0.32958333333333334], [0.0, 1.0, -0.0, 0.3494375], [0.8939587799699322, 0.0, -0.44814919358922245, 0.09791666666666665], [0.0, 0.0, 0.0, 1.0]]","[[-0.5114957863997518, -0.3366966490060478, -0.7905741123028237, 0.31785707611823544], [-0.03412504862916113, 0.927269869897154, -0.3728351773062357, 0.38705995985982655], [0.8586079090896827, -0.16372524218645415, -0.4857844208284474, 0.09897766930229973], [0.0, 0.0, 0.0, 1.0]]","[[-0.44814919358922245, -0.0, -0.8939587799699322, 0.32958333333333334], [0.0, 1.0, -0.0, -0.3494375], [0.8939587799699322, 0.0, -0.44814919358922245, 0.09791666666666665], [0.0, 0.0, 0.0, 1.0]]","[[-0.5106380401539137, 0.33741998042003973, -0.7908201747307095, 0.3177721243855469], [0.0346497452590632, 0.9271054952511726, 0.37319538559387344, -0.3870859396900972], [0.8590973094482672, 0.16316604269399274, -0.4851068494778548, 0.09867463466668817], [0.0, 0.0, 0.0, 1.0]]"
2.6,-41.85875285672061,2.3974649140095874,50.4521451156884,-118.29420457522856,-15.64325568061378,41.785109757089536,7.086782728544028,-41.8780037448963,-2.385221159592105,-50.46539909777281,-118.29208721658586,15.639044868990469,41.80049475819499,-7.053134655371607,"[[-0.45399049973954675, -0.0, -0.8910065241883679, 0.33], [0.0, 1.0, -0.0, 0.3495], [0.8910065241883679, 0.0, -0.45399049973954675, 0.09999999999999998], [0.0, 0.0, 0.0, 1.0]]","[[-0.5158309620047339, -0.3335412768878716, -0.7890935529132648, 0.3183888829686666], [-0.030658497452785732, 0.9276925593196701, -0.3720840925340103, 0.38705253985525606], [0.8561416209782169, -0.16774007271647595, -0.48875841970636474, 0.10071242362347749], [0.0, 0.0, 0.0, 1.0]]","[[-0.45399049973954675, -0.0, -0.8910065241883679, 0.33], [0.0, 1.0, -0.0, -0.3495], [0.8910065241883679, 0.0, -0.45399049973954675, 0.09999999999999998], [0.0, 0.0, 0.0, 1.0]]","[[-0.5153206875005069, 0.33402605761413684, -0.7892218837999633, 0.3183462832275789], [0.030933777574984195, 0.927564892565128, 0.37237947242777036, -0.38707902408122347], [0.8564389589684408, 0.16748123153177652, -0.48832606590847993, 0.10055096087584549], [0.0, 0.0, 0.0, 1.0]]"
2.6083333333333334,-42.3416506461351,2.443559085953653,50.465481060042855,-118.0791355786432,-15.64325568061378,41.785109757089536,7.086782728544028,-42.39240578185746,-2.430566572048408,-50.48147053288985,-118.06475120025115,15.639044868990469,41.80049475819499,-7.053134655371607,"[[-0.4598123584478598, -0.0, -0.8880161006528073, 0.3304166666666667], [0.0, 1.0, -0.0, 0.3495625], [0.8880161006528073, 0.0, -0.4598123584478598, 0.1020833333333333], [0.0, 0.0, 0.0, 1.0]]","[[-0.5206222049174223, -0.3299391281365981, -0.7874596443446377, 0.318990153421542], [-0.02670813929060048, 0.9281559998934599, -0.3712318886591044, 0.387039589708394], [0.853369319253133, -0.17223998254247863, -0.49203068336355943, 0.10264716918947717], [0.0, 0.0, 0.0, 1.0]]","[[-0.4598123584478598, -0.0, -0.8880161006528073, 0.3304166666666667], [0.0, 1.0, -0.0, -0.3495625], [0.8880161006528073, 0.0, -0.4598123584478598, 0.1020833333333333], [0.0, 0.0, 0.0, 1.0]]","[[-0.520113350702235, 0.33043077430761597, -0.7875897446080437, 0.3189380864631024], [0.026934901601919636, 0.9280182726296146, 0.37155968126431804, -0.38706428926974257], [0.8536724275136155, 0.17203949853454023, -0.49157481368251077, 0.10246189758928281], [0.0, 0.0, 0.0, 1.0]]"
2.6166666666666667,-42.853498192346684,2.4927665434987754,50.478407193047104,-117.84755118464474,-15.64325568061378,41.785109757089536,7.086782728544028,-42.8485531353876,-2.471610886318307,-50.49464255270422,-117.85980454401574,15.639044868990469,41.80049475819499,-7.053134655371607,"[[-0.46561452032511136, -0.0, -0.8849876374630418, 0.3308333333333333], [0.0, 0.9999999999999998, -0.0, 0.349625], [0.8849876374630418, 0.0, -0.46561452032511136, 0.10416666666666663], [0.0, 0.0, 0.0, 1.0]]","[[-0.5253734313016212, -0.32624285025713196, -0.7858424526191387, 0.3195868910031201], [-0.022574613731580095, 0.9285926298989418, -0.37041343727278125, 0.387018117905201], [0.8505722453132541, -0.17686528871847434, -0.495222702578648, 0.10454887457318104], [0.0, 0.0, 0.0, 1.0]]","[[-0.46561452032511136, -0.0, -0.8849876374630418, 0.3308333333333333], [0.0, 0.9999999999999998, -0.0, -0.349625], [0.8849876374630418, 0.0, -0.46561452032511136, 0.10416666666666663], [0.0, 0.0, 0.0, 1.0]]","[[-0.5242944145985309, 0.32720285361240264, -0.7861638883901273, 0.3194666401892387], [0.023358215028225687, 0.9284079848934534, 0.37082746308326786, -0.3870518825856085], [0.851216635534973, 0.17605938252185763, -0.4944019955608425, 0.1041498280314005], [0.0, 0.0, 0.0, 1.0]]"
2.625,-43.33629011382904,2.538980243753316,50.48973506178557,-117.62593886683452,-15.64325568061378,41.785109757089536,7.086782728544028,-43.34127615192315,-2.5210486493045057,-50.505523044052055,-117.63261879184279,15.639044868990469,41.80049475819499,-7.053134655371607,"[[-0.47139673682599786, -0.0, -0.8819212643483549, 0.33125000000000004], [0.0, 1.0, -0.0, 0.3496875], [0.8819212643483549, 0.0, -0.47139673682599786, 0.10624999999999996], [0.0, 0.0, 0.0, 1.0]]","[[-0.5292771842779203, -0.3231284492913876, -0.7845085515540157, 0.3201088699030951], [-0.019233142143700505, 0.9289702366844157, -0.36965441374043023, 0.3870090343266346], [0.8482309523037442, -0.1805610827754533, -0.4978975265462154, 0.10618642116162377], [0.0, 0.0, 0.0, 1.0]]","[[-0.47139673682599786, -0.0, -0.8819212643483549, 0.33125000000000004], [0.0, 1.0, -0.0, -0.3496875], [0.8819212643483549, 0.0, -0.47139673682599786, 0.10624999999999996], [0.0, 0.0, 0.0, 1.0]]","[[-0.5289982291550417, 0.3234615658394915, -0.7845594234826924, 0.3200898077717569], [0.019318908190853162, 0.9288594595568154, 0.3699282148986943, -0.3870393540495858], [0.8484030017256797, 0.18053453912336415, -0.497613933533187, 0.1061088596617234], [0.0, 0.0, 0.0, 1.0]]"
2.6333333333333333,-43.810329147890016,2.5799393941020017,50.50209770418329,-117.40752307755584,-15.64325568061378,41.785109757089536,7.086782728544028,-43.830676281427486,-2.5672128306875637,-50.516813346750084,-117.40513251134634,15.639044868990469,41.80049475819499,-7.053134655371607,"[[-0.4771587602596085, -0.0, -0.8788171126619653, 0.33166666666666667], [0.0, 1.0, -0.0, 0.34975], [0.8788171126619653, 0.0, -0.4771587602596085, 0.10833333333333328], [0.0, 0.0, 0.0, 1.0]]","[[-0.5334962142568498, -0.3196529045616306, -0.7830733107308168, 0.32067533485295185], [-0.015445164249970555, 0.929362218907815, -0.36884592036246483, 0.38698885890740387], [0.8456614194078507, -0.18468320625345286, -0.5007483170745997, 0.10794395005230721], [0.0, 0.0, 0.0, 1.0]]","[[-0.4771587602596085, -0.0, -0.8788171126619653, 0.33166666666666667], [0.0, 1.0, -0.0, -0.34975], [0.8788171126619653, 0.0, -0.4771587602596085, 0.10833333333333328], [0.0, 0.0, 0.0, 1.0]]","[[-0.5325620803118767, 0.3205392687987554, -0.7833467991712519, 0.32056886245032434], [0.016143398895612282, 0.9291926366880827, 0.36924305626070514, -0.3870251603214638], [0.8462369770259295, 0.18399897033029383, -0.5000273568830094, 0.10759712667019275], [0.0, 0.0, 0.0, 1.0]]"
2.6416666666666666,-44.36132733842412,2.628162450632996,50.51443302582433,-117.14957415336114,-15.64325568061378,41.785109757089536,7.086782728544028,-44.36530933871023,-2.613800910685986,-50.52887887591891,-117.15492902167043,15.639044868990469,41.80049475819499,-7.053134655371607,"[[-0.48290034380003716, -0.0, -0.8756753153753999, 0.33208333333333334], [0.0, 1.0, -0.0, 0.34981249999999997], [0.8756753153753999, 0.0, -0.48290034380003716, 0.11041666666666661], [0.0, 0.0, 0.0, 1.0]]","[[-0.5383199114036816, -0.3155436851554867, -0.7814370452856889, 0.32134507186251493], [-0.011017124912125281, 0.929812700660299, -0.367868134865569, 0.3869597456252998], [0.8426685563998477, -0.18942155223019616, -0.5040130748360603, 0.10999137470589795], [0.0, 0.0, 0.0, 1.0]]","[[-0.48290034380003716, -0.0, -0.8756753153753999, 0.33208333333333334], [0.0, 1.0, -0.0, -0.34981249999999997], [0.8756753153753999, 0.0, -0.48290034380003716, 0.11041666666666661], [0.0, 0.0, 0.0, 1.0]]","[[-0.537535168328507, 0.31632454589752845, -0.781661515281881, 0.3212599747668622], [0.0116180127071078, 0.929662729533707, 0.36822850391662443, -0.3869972529479109], [0.8431612921563593, 0.188854417418975, -0.503401474402448, 0.10971154405720823], [0.0, 0.0, 0.0, 1.0]]"
2.65,-44.82475567360948,2.6668360489306657,50.525921404008294,-116.93039338289543,-15.64325568061378,41.785109757089536,7.086782728544028,-44.81637844659246,-2.6528958462780814,-50.54000183898228,-116.94087089308223,15.639044868990469,41.80049475819499,-7.053134655371607,"[[-0.48862124149695463, -0.0, -0.8724960070727973, 0.3325], [0.0, 1.0, -0.0, 0.349875], [0.8724960070727973, 0.0, -0.48862124149695463, 0.11249999999999993], [0.0, 0.0, 0.0, 1.0]]","[[-0.5423177721232498, -0.31203923044010384, -0.7800788118553297, 0.3219115588963437], [-0.0072323633728408054, 0.9301729527208052, -0.3670503656811995, 0.3869370917507274], [0.8401423254183296, -0.19341612314646056, -0.5067061045099764, 0.11170646393178336], [0.0, 0.0, 0.0, 1.0]]","[[-0.48862124149695463, -0.0, -0.8724960070727973, 0.3325], [0.0, 1.0, -0.0, -0.349875], [0.8724960070727973, 0.0, -0.48862124149695463, 0.11249999999999993], [0.0, 0.0, 0.0, 1.0]]","[[-0.5414252255707652, 0.3129367481111726, -0.7803392318711462, 0.32180845199710795], [0.007950707736246232, 0.9300120374325787, 0.36744305201894467, -0.38697878242581857], [0.8407113127359109, 0.1927386881560332, -0.506020045774624, 0.11137630162270604], [0.0, 0.0, 0.0, 1.0]]"
2.658333333333333,-45.292808046862945,2.709883956504906,50.53520704618493,-116.70380868736943,-15.64325568061378,41.785109757089536,7.086782728544028,-45.29528057534249,-2.6963941194507193,-50.54955727363112,-116.70943676324552,15.639044868990469,41.80049475819499,-7.053134655371607,"[[-0.49432120828614434, -0.0, -0.8692793239451438, 0.33291666666666664], [0.0, 1.0, -0.0, 0.3499375], [0.8692793239451438, 0.0, -0.49432120828614434, 0.11458333333333326], [0.0, 0.0, 0.0, 1.0]]","[[-0.5466856520365049, -0.3080962509987769, -0.7785958502187899, 0.3225480049906248], [-0.0029947442997524665, 0.9305601074599206, -0.36612691503187805, 0.3869116815359346], [0.8373325679585147, -0.19782463578806259, -0.5096465285973404, 0.11361051298466054], [0.0, 0.0, 0.0, 1.0]]","[[-0.49432120828614434, -0.0, -0.8692793239451438, 0.33291666666666664], [0.0, 1.0, -0.0, -0.3499375], [0.8692793239451438, 0.0, -0.49432120828614434, 0.11458333333333326], [0.0, 0.0, 0.0, 1.0]]","[[-0.5457388473722136, 0.309062991306299, -0.7788768695202409, 0.32244207653042206], [0.003827538600633784, 0.9304066164204894, 0.3665090422748622, -0.3869562319055008], [0.8379465737247861, 0.19703704099934766, -0.5089419849620513, 0.1132705776937861], [0.0, 0.0, 0.0, 1.0]]"
2.6666666666666665,-45.75511281592984,2.750305229456453,50.54438682042942,-116.47813923719221,-15.64325568061378,41.785109757089536,7.086782728544028,-45.773653364431844,-2.7406550259328712,-50.55777399120265,-116.47457387844545,15.639044868990469,41.80049475819499,-7.053134655371607,"[[-0.4999999999999998, -0.0, -0.8660254037844388, 0.33333333333333337], [0.0, 1.0, -0.0, 0.35], [0.8660254037844388, 0.0, -0.4999999999999998, 0.11666666666666659], [0.0, 0.0, 0.0, 1.0]]","[[-0.5505965400391494, -0.3044555302926676, -0.777271046785565, 0.32314768757351353], [0.0008280614081707383, 0.9309186809143667, -0.36522557938753386, 0.38689019708248623], [0.8347710850354255, -0.20173556850210142, -0.5123084968941197, 0.11537534230341312], [0.0, 0.0, 0.0, 1.0]]","[[-0.4999999999999998, -0.0, -0.8660254037844388, 0.33333333333333337], [0.0, 1.0, -0.0, -0.35], [0.8660254037844388, 0.0, -0.4999999999999998, 0.11666666666666659], [0.0, 0.0, 0.0, 1.0]]","[[-0.5497317557923964, 0.30536347488384313, -0.7775269415784086, 0.3230476929487639], [-8.044147402919144e-05, 0.9307702411669223, 0.3656046384925096, -0.386932473597304], [0.8353412417704388, 0.2010470252576096, -0.5116493950279701, 0.11505668518453557], [0.0, 0.0, 0.0, 1.0]]"
2.675,-46.24102613386289,2.7926647820284027,50.55324899087751,-116.23778488029946,-15.64325568061378,41.785109757089536,7.086782728544028,-46.24254243585863,-2.7809433236390144,-50.56612389746299,-116.24300314482535,15.639044868990469,41.80049475819499,-7.053134655371607,"[[-0.5056573733779843, -0.0, -0.862734385977792, 0.33375], [0.0, 1.0, -0.0, 0.3500625], [0.862734385977792, 0.0, -0.5056573733779843, 0.11874999999999991], [0.0, 0.0, 0.0, 1.0]]","[[-0.554577143783561, -0.3006337944241217, -0.7759275180343991, 0.32376822577681447], [0.004862628106568845, 0.9312701681487373, -0.3642968964513975, 0.3868616200013439], [0.832118108468242, -0.20580377928108598, -0.5149992796042121, 0.11718126566189829], [0.0, 0.0, 0.0, 1.0]]","[[-0.5056573733779843, -0.0, -0.862734385977792, 0.33375], [0.0, 1.0, -0.0, -0.3500625], [0.862734385977792, 0.0, -0.5056573733779843, 0.11874999999999991], [0.0, 0.0, 0.0, 1.0]]","[[-0.5535902408721751, 0.30167310509678746, -0.7762288212069619, 0.3236457043248905], [-0.0039790872022047175, 0.9311144026399734, 0.3647055470670045, -0.3869014402145564], [0.8327796899997768, 0.20498611381668846, -0.5142554628452742, 0.11679849147293261], [0.0, 0.0, 0.0, 1.0]]"
2.683333333333333,-46.70407539354932,2.837190571784304,50.5589248780778,-116.00323618420123,-15.64325568061378,41.785109757089536,7.086782728544028,-46.72128747025775,-2.8304726538487737,-50.569511671291316,-115.99857799518728,15.639044868990469,41.80049475819499,-7.053134655371607,"[[-0.5112930860770519, -0.0, -0.8594064115014527, 0.33416666666666667], [0.0, 1.0, -0.0, 0.350125], [0.8594064115014527, 0.0, -0.5112930860770519, 0.12083333333333324], [0.0, 0.0, 0.0, 1.0]]","[[-0.5579147898101207, -0.297341800738702, -0.7748025173194747, 0.32431862094977354], [0.008244791993700956, 0.9315795148213553, -0.36344412358736666, 0.3868427933712181], [0.8298572833422079, -0.20915893741046412, -0.5172904679048476, 0.11875922751449322], [0.0, 0.0, 0.0, 1.0]]","[[-0.5112930860770519, -0.0, -0.8594064115014527, 0.33416666666666667], [0.0, 1.0, -0.0, -0.350125], [0.8594064115014527, 0.0, -0.5112930860770519, 0.12083333333333324], [0.0, 0.0, 0.0, 1.0]]","[[-0.5569719448972633, 0.2983477283431148, -0.7750941140209122, 0.3241972905428383], [-0.007408507299478118, 0.9314290594843716, 0.36384752461388614, -0.3868761156135513], [0.8304982640661891, 0.20839515383175752, -0.5165695434716265, 0.11838157331256055], [0.0, 0.0, 0.0, 1.0]]"
2.6916666666666664,-47.16993527607921,2.88394300320963,50.56266099155379,-115.76297744995685,-15.64325568061378,41.785109757089536,7.086782728544028,-47.1696415779449,-2.8743152112442623,-50.57349025648285,-115.76801812956433,15.639044868990469,41.80049475819499,-7.053134655371607,"[[-0.5169068966820273, -0.0, -0.8560416229147715, 0.33458333333333334], [0.0, 0.9999999999999999, -0.0, 0.3501875], [0.8560416229147715, 0.0, -0.5169068966820273, 0.12291666666666667], [0.0, 0.0, 0.0, 1.0]]","[[-0.5617592290168165, -0.29343235663645595, -0.7735140727182718, 0.3249587343293413], [0.012303987794751503, 0.9319185925128923, -0.36245875463718147, 0.3868102896560654], [0.82720927249323, -0.21313185826517267, -0.5199034819018391, 0.12057536446295007], [0.0, 0.0, 0.0, 1.0]]","[[-0.5169068966820273, -0.0, -0.8560416229147715, 0.33458333333333334], [0.0, 0.9999999999999999, -0.0, -0.3501875], [0.8560416229147715, 0.0, -0.5169068966820273, 0.12291666666666667], [0.0, 0.0, 0.0, 1.0]]","[[-0.5607559884318489, 0.2945231085037333, -0.7738274096949, 0.3248293878755182], [-0.011353454057467405, 0.9317724729204404, 0.3628652060871812, -0.38684621786861906], [0.82790326760968, 0.21226445125132387, -0.5191531394648299, 0.12017629285159495], [0.0, 0.0, 0.0, 1.0]]"
2.7,-47.664802972014144,2.93529023095567,50.56429682186001,-115.50326633695629,-15.64325568061378,41.785109757089536,7.086782728544028,-47.67316995374741,-2.9231850013122918,-50.577260520904694,-115.50579350694919,15.639044868990469,41.80049475819499,-7.053134655371607,"[[-0.5224985647159488, -0.0, -0.8526401643540922, 0.335], [0.0, 1.0, -0.0, 0.35025], [0.8526401643540922, 0.0, -0.5224985647159488, 0.125], [0.0, 0.0, 0.0, 1.0]]","[[-0.5655846508481691, -0.2894129543466337, -0.7722396937358945, 0.3256285786940889], [0.01639563560668847, 0.9322685717461799, -0.36139520371387146, 0.3867757544643937], [0.8245272499184048, -0.21706094073022733, -0.522531685308462, 0.1224453443977905], [0.0, 0.0, 0.0, 1.0]]","[[-0.5224985647159488, -0.0, -0.8526401643540922, 0.335], [0.0, 1.0, -0.0, -0.35025], [0.8526401643540922, 0.0, -0.5224985647159488, 0.125], [0.0, 0.0, 0.0, 1.0]]","[[-0.5649089907123239, 0.29018808297974635, -0.7724433368920489, 0.3255478618316793], [-0.015794510716829413, 0.9321468648860842, 0.3617357539893729, -0.386810207175616], [0.8250020397814781, 0.21654814425338303, -0.521994765851935, 0.12218880841702587], [0.0, 0.0, 0.0, 1.0]]"
2.7083333333333335,-48.15179204474147,2.9806597625174795,50.567964633444305,-115.24718888459417,-15.64325568061378,41.785109757089536,7.086782728544028,-48.15490661100299,-2.974096591055332,-50.577841086984144,-115.2489374130217,15.639044868990469,41.80049475819499,-7.053134655371607,"[[-0.5280678506503679, -0.0, -0.8492021815265789, 0.3354166666666667], [0.0, 0.9999999999999999, -0.0, 0.35031249999999997], [0.8492021815265789, 0.0, -0.5280678506503679, 0.12708333333333333], [0.0, 0.0, 0.0, 1.0]]","[[-0.5690923267765712, -0.2856153814912749, -0.7710757274481036, 0.32625294520566206], [0.0202889536089495, 0.9325732424638536, -0.3604101910350326, 0.3867385706022884], [0.8220232855372666, -0.22075099387329675, -0.5249254392182469, 0.12417092276829861], [0.0, 0.0, 0.0, 1.0]]","[[-0.5280678506503679, -0.0, -0.8492021815265789, 0.3354166666666667], [0.0, 0.9999999999999999, -0.0, -0.35031249999999997], [0.8492021815265789, 0.0, -0.5280678506503679, 0.12708333333333333], [0.0, 0.0, 0.0, 1.0]]","[[-0.5687868650953368, 0.28600019202071714, -0.771158474153745, 0.3262491034443393], [-0.020032323250260026, 0.9325005436380566, 0.3606125928748554, -0.38677430320761613], [0.8222409671867587, 0.22055980204661513, -0.5246648126193921, 0.12412320843109403], [0.0, 0.0, 0.0, 1.0]]"
2.716666666666667,-48.619540474576866,3.0283342694807573,50.56859642594254,-114.99545543254418,-15.64325568061378,41.785109757089536,7.086782728544028,-48.65128719383908,-3.0190187452265063,-50.58134497402836,-114.98519648841082,15.639044868990469,41.80049475819499,-7.053134655371607,"[[-0.5336145159156114, -0.0, -0.8457278217039732, 0.3358333333333333], [0.0, 1.0, -0.0, 0.350375], [0.8457278217039732, 0.0, -0.5336145159156114, 0.12916666666666665], [0.0, 0.0, 0.0, 1.0]]","[[-0.5725829516171681, -0.28172037302509567, -0.7699236292905761, 0.3269026511570011], [0.024225318987121075, 0.9328828414489545, -0.3593643527815421, 0.3867011398030578], [0.8194888025088224, -0.22441754733693484, -0.5273280449681494, 0.12594181413308658], [0.0, 0.0, 0.0, 1.0]]","[[-0.5336145159156114, -0.0, -0.8457278217039732, 0.3358333333333333], [0.0, 1.0, -0.0, -0.350375], [0.8457278217039732, 0.0, -0.5336145159156114, 0.12916666666666665], [0.0, 0.0, 0.0, 1.0]]","[[-0.5718942311075534, 0.2825451195587647, -0.7701332636884499, 0.3268129245681159], [-0.02358442426683241, 0.9327609309188065, 0.3597232556889857, -0.38673735449436714], [0.8199882702562897, 0.2238868043565871, -0.52677693142078, 0.12566600496291508], [0.0, 0.0, 0.0, 1.0]]"
2.725,-49.11439451013346,3.0699200896857914,50.57305995456514,-114.731099790908,-15.64325568061378,41.785109757089536,7.086782728544028,-49.1123113024366,-3.0572927774577305,-50.586744238567256,-114.73910477261526,15.639044868990469,41.80049475819499,-7.053134655371607,"[[-0.5391383229110004, -0.0, -0.8422172337162865, 0.33625000000000005], [0.0, 1.0000000000000002, -0.0, 0.3504375], [0.8422172337162865, 0.0, -0.5391383229110004, 0.13124999999999998], [0.0, 0.0, 0.0, 1.0]]","[[-0.5764294910739032, -0.2772913281418937, -0.7686602377888334, 0.32762252423749116], [0.02876286349551152, 0.9331954027881046, -0.3582164679334073, 0.38664742834987453], [0.8166405203661031, -0.2285954057990927, -0.5299456584818187, 0.12788837582478568], [0.0, 0.0, 0.0, 1.0]]","[[-0.5391383229110004, -0.0, -0.8422172337162865, 0.33625000000000005], [0.0, 1.0000000000000002, -0.0, -0.3504375], [0.8422172337162865, 0.0, -0.5391383229110004, 0.13124999999999998], [0.0, 0.0, 0.0, 1.0]]","[[-0.5757036077850356, 0.278173869088819, -0.7688853325037815, 0.32753029604309536], [-0.02803105980325102, 0.9330830454784987, 0.35856699503283385, -0.3866852806226511], [0.8171778360122114, 0.2279809834102974, -0.5293817672848898, 0.12760432835362603], [0.0, 0.0, 0.0, 1.0]]"
2.7333333333333334,-49.59405478988136,3.1166592876196004,50.57414595464317,-114.46737935686464,-15.64325568061378,41.785109757089536,7.086782728544028,-49.60085765829469,-3.1048398587043047,-50.587113068782436,-114.47067833823375,15.639044868990469,41.80049475819499,-7.053134655371607,"[[-0.5446390350150272, -0.0, -0.838670567945424, 0.33666666666666667], [0.0, 1.0, -0.0, 0.3505], [0.838670567945424, 0.0, -0.5446390350150272, 0.1333333333333333], [0.0, 0.0, 0.0, 1.0]]","[[-0.5796865953248491, -0.2734262116904315, -0.7675946573298331, 0.32826512963841287], [0.0326597273094147, 0.9334659016327522, -0.3571760808075304, 0.38660778794981626], [0.8141847415745147, -0.23211961840734643, -0.5321876448562748, 0.129601862695242], [0.0, 0.0, 0.0, 1.0]]","[[-0.5446390350150272, -0.0, -0.838670567945424, 0.33666666666666667], [0.0, 1.0, -0.0, -0.3505], [0.838670567945424, 0.0, -0.5446390350150272, 0.1333333333333333], [0.0, 0.0, 0.0, 1.0]]","[[-0.5792414868620968, 0.2739926776777023, -0.7677286711311427, 0.3282205283008836], [-0.0322699277231049, 0.9333722882925801, 0.3574560437483443, -0.3866410313079348], [0.8145170051401832, 0.23182791899699096, -0.5318062281611522, 0.1294487386683538], [0.0, 0.0, 0.0, 1.0]]"
2.7416666666666667,-50.049051256536345,3.1674946780647124,50.56948435053464,-114.20997001761437,-15.64325568061378,41.785109757089536,7.086782728544028,-50.04484044491303,-3.1524277076424876,-50.58561042716504,-114.22072756555714,15.639044868990469,41.80049475819499,-7.053134655371607,"[[-0.5501164165954935, -0.0, -0.8350879763187431, 0.33708333333333335], [0.0, 1.0, -0.0, 0.3505625], [0.8350879763187431, 0.0, -0.5501164165954935, 0.13541666666666663], [0.0, 0.0, 0.0, 1.0]]","[[-0.5828689928500218, -0.2695139834059075, -0.7665676421051713, 0.3289306798417177], [0.03650957270355712, 0.9337518876799659, -0.35605401746800247, 0.38656176646093976], [0.8117455194055618, -0.23551990362341169, -0.534415181972045, 0.13134664321366998], [0.0, 0.0, 0.0, 1.0]]","[[-0.5501164165954935, -0.0, -0.8350879763187431, 0.33708333333333335], [0.0, 1.0, -0.0, -0.3505625], [0.8350879763187431, 0.0, -0.5501164165954935, 0.13541666666666663], [0.0, 0.0, 0.0, 1.0]]","[[-0.581974550650051, 0.27067305942835385, -0.7668387818149042, 0.3287770895850108], [-0.03560200118351177, 0.9335964218027265, 0.35655324806945043, -0.3866107886398672], [0.8124273013060311, 0.2348059115457715, -0.5336928554850241, 0.1309179537607033], [0.0, 0.0, 0.0, 1.0]]"
2.75,-50.461444418243374,3.2148505140145267,50.56573116158572,-113.97288049114489,-15.64325568061378,41.785109757089536,7.086782728544028,-50.48580770301281,-3.198264253388797,-50.58377993646747,-113.97036698153033,15.639044868990469,41.80049475819499,-7.053134655371607,"[[-0.555570233019602, -0.0, -0.8314696123025455, 0.3375], [0.0, 1.0, -0.0, 0.350625], [0.8314696123025455, 0.0, -0.555570233019602, 0.13749999999999996], [0.0, 0.0, 0.0, 1.0]]","[[-0.5860136389935857, -0.26554244123208426, -0.7655555021146412, 0.32960260129677166], [0.04044336376348173, 0.9340163291100971, -0.3549335589701167, 0.3865172796926388], [0.809291263539271, -0.2389575461461799, -0.5366068783558464, 0.1330926952812264], [0.0, 0.0, 0.0, 1.0]]","[[-0.555570233019602, -0.0, -0.8314696123025455, 0.3375], [0.0, 1.0, -0.0, -0.350625], [0.8314696123025455, 0.0, -0.555570233019602, 0.13749999999999996], [0.0, 0.0, 0.0, 1.0]]","[[-0.5852094922391551, 0.2666119779801829, -0.7657988661461212, 0.32946304402671556], [-0.03962645767943533, 0.9338709609929081, 0.3554078953343077, -0.3865640035504342], [0.8099133250200112, 0.2383339703266758, -0.5359452626372891, 0.13270378876029118], [0.0, 0.0, 0.0, 1.0]]"
2.7583333333333333,-50.971065322785535,3.265857299519124,50.56346353878127,-113.68112213055862,-15.64325568061378,41.785109757089536,7.086782728544028,-50.97892004033105,-3.2482245258465015,-50.58165233254101,-113.68769277254017,15.639044868990469,41.80049475819499,-7.053134655371607,"[[-0.5610002506640097, -0.0, -0.8278156308955023, 0.33791666666666664], [0.0, 1.0, -0.0, 0.3506875], [0.8278156308955023, 0.0, -0.5610002506640097, 0.13958333333333328], [0.0, 0.0, 0.0, 1.0]]","[[-0.5889622683941974, -0.26170690260677043, -0.7646129370707326, 0.33025395680841746], [0.04423302224256867, 0.9342580844444451, -0.35384356910008224, 0.38647439476573847], [0.8069491224056509, -0.24222165216628883, -0.538666673435979, 0.13476622502602578], [0.0, 0.0, 0.0, 1.0]]","[[-0.5610002506640097, -0.0, -0.8278156308955023, 0.33791666666666664], [0.0, 1.0, -0.0, -0.3506875], [0.8278156308955023, 0.0, -0.5610002506640097, 0.13958333333333328], [0.0, 0.0, 0.0, 1.0]]","[[-0.5887456225939977, 0.26202814007176206, -0.7646697625033564, 0.33023590476488673], [-0.04417093273935026, 0.9341581135959437, 0.35411516135828475, -0.38650921980287906], [0.8071105999659168, 0.24225992779120792, -0.5384074728393514, 0.13469364454709132], [0.0, 0.0, 0.0, 1.0]]"
2.7666666666666666,-51.40066031591724,3.3119597957562408,50.55914685922582,-113.43005120685812,-15.64325568061378,41.785109757089536,7.086782728544028,-51.457726546432696,-3.299036437516342,-50.574805067898076,-113.40836535624334,15.639044868990469,41.80049475819499,-7.053134655371607,"[[-0.5664062369248325, -0.0, -0.8241261886220158, 0.3383333333333334], [0.0, 0.9999999999999999, -0.0, 0.35075], [0.8241261886220158, 0.0, -0.5664062369248325, 0.1416666666666666], [0.0, 0.0, 0.0, 1.0]]","[[-0.5921479083604451, -0.2574233880240656, -0.7636059546143951, 0.3309815234767094], [0.04844315154716845, 0.9345171161753085, -0.3526060417003135, 0.386418205362446], [0.8043718764927875, -0.24578640904980187, -0.5409019554724086, 0.13661424393742266], [0.0, 0.0, 0.0, 1.0]]","[[-0.5664062369248325, -0.0, -0.8241261886220158, 0.3383333333333334], [0.0, 0.9999999999999999, -0.0, -0.35075], [0.8241261886220158, 0.0, -0.5664062369248325, 0.1416666666666666], [0.0, 0.0, 0.0, 1.0]]","[[-0.5915794788182587, 0.2582269308104357, -0.7637752106774216, 0.3308715101565243], [-0.0479350442506257, 0.9343811653009377, 0.35303550736937506, -0.38645264079826347], [0.8048204469158371, 0.2454601599752676, -0.5403826034312245, 0.13631243088984357], [0.0, 0.0, 0.0, 1.0]]"
2.775,-51.86580644367886,3.3654704859218825,50.55252840592008,-113.15245865861047,-15.64325568061378,41.785109757089536,7.086782728544028,-51.878951142736554,-3.3450076660553476,-50.5727491809579,-113.15835994205337,15.639044868990469,41.80049475819499,-7.053134655371607,"[[-0.571787960227612, -0.0, -0.8204014435255137, 0.33875], [0.0, 0.9999999999999999, -0.0, 0.35081249999999997], [0.8204014435255137, 0.0, -0.571787960227612, 0.14374999999999993], [0.0, 0.0, 0.0, 1.0]]","[[-0.595130547254373, -0.25327982239643676, -0.7626722515547161, 0.33169661412755935], [0.05247668145960768, 0.9347616047265398, -0.35137862802403247, 0.386367621872056], [0.8019138542435201, -0.2491386639923518, -0.5430139008132376, 0.138406823136667], [0.0, 0.0, 0.0, 1.0]]","[[-0.571787960227612, -0.0, -0.8204014435255137, 0.33875], [0.0, 0.9999999999999999, -0.0, -0.35081249999999997], [0.8204014435255137, 0.0, -0.571787960227612, 0.14374999999999993], [0.0, 0.0, 0.0, 1.0]]","[[-0.5944452642832183, 0.2542732071879894, -0.762876113060036, 0.33155588909862677], [-0.05178538233838954, 0.9346161912680053, 0.351867658638521, -0.3864096789090449], [0.8024668852652562, 0.24867189452373128, -0.5424105335690457, 0.1380315222379172], [0.0, 0.0, 0.0, 1.0]]"
2.783333333333333,-52.286460719187026,3.4069184216830473,50.549622160428235,-112.90316358409417,-15.64325568061378,41.785109757089536,7.086782728544028,-52.32671102396591,-3.3894839369397665,-50.567728991917946,-112.89289780977164,15.639044868990469,41.80049475819499,-7.053134655371607,"[[-0.5771451900372336, -0.0, -0.816641555161679, 0.33916666666666667], [0.0, 1.0, -0.0, 0.350875], [0.816641555161679, 0.0, -0.5771451900372336, 0.14583333333333326], [0.0, 0.0, 0.0, 1.0]]","[[-0.5976314622463166, -0.24970845676434944, -0.7618939046571355, 0.33229987729060734], [0.05599448974206034, 0.9349445168540953, -0.3503474953856364, 0.386315979036047], [0.7998132609877481, -0.2520405463905148, -0.5447699611058918, 0.13990987029641083], [0.0, 0.0, 0.0, 1.0]]","[[-0.5771451900372336, -0.0, -0.816641555161679, 0.33916666666666667], [0.0, 1.0, -0.0, -0.350875], [0.816641555161679, 0.0, -0.5771451900372336, 0.14583333333333326], [0.0, 0.0, 0.0, 1.0]]","[[-0.5976407425963882, 0.24970049534134098, -0.7618892343478327, 0.33232980194166206], [-0.05625430800484503, 0.9348649072427136, 0.35051827061790747, -0.38633400267331425], [0.7997880941972904, 0.25234355120026647, -0.5446666288179448, 0.13995734061536289], [0.0, 0.0, 0.0, 1.0]]"
2.7916666666666665,-52.76903407461594,3.459911938462472,50.54276806559613,-112.61003918567391,-15.64325568061378,41.785109757089536,7.086782728544028,-52.81424651182684,-3.4419895220803585,-50.562459500973276,-112.59725307154764,15.639044868990469,41.80049475819499,-7.053134655371607,"[[-0.5824776968678019, -0.0, -0.8128466845916152, 0.33958333333333335], [0.0, 0.9999999999999999, -0.0, 0.3509375], [0.8128466845916152, 0.0, -0.5824776968678019, 0.14791666666666659], [0.0, 0.0, 0.0, 1.0]]","[[-0.6007683874064416, -0.24507371490321034, -0.7609311525733479, 0.3330973753472592], [0.060499670823676924, 0.9351825139936092, -0.34896053552059386, 0.38624950406467384], [0.7971305630342437, -0.2556805424433641, -0.5470012117834626, 0.14187039211267136], [0.0, 0.0, 0.0, 1.0]]","[[-0.5824776968678019, -0.0, -0.8128466845916152, 0.33958333333333335], [0.0, 0.9999999999999999, -0.0, -0.3509375], [0.8128466845916152, 0.0, -0.5824776968678019, 0.14791666666666659], [0.0, 0.0, 0.0, 1.0]]","[[-0.6003170670263368, 0.24576238215441618, -0.7610652209598622, 0.33300546006756837], [-0.06010234314110244, 0.9350602783273584, 0.34935652884025625, -0.3862825031709352], [0.7975005500849804, 0.255466489802773, -0.5465617487548903, 0.1416212382123665], [0.0, 0.0, 0.0, 1.0]]"
2.8,-53.22772908870648,3.5131336262488575,50.533287763028156,-112.3260330897956,-15.64325568061378,41.785109757089536,7.086782728544028,-53.24452110878096,-3.490036701240225,-50.5555302740603,-112.33205048645439,15.639044868990469,41.80049475819499,-7.053134655371607,"[[-0.587785252292473, -0.0, -0.8090169943749473, 0.33999999999999997], [0.0, 0.9999999999999999, -0.0, 0.351], [0.8090169943749473, 0.0, -0.587785252292473, 0.1499999999999999], [0.0, 0.0, 0.0, 1.0]]","[[-0.6035212403353212, -0.24085641501539448, -0.7600988750222224, 0.3338296183171205], [0.06456962292280624, 0.9353907931640792, -0.3476705737612576, 0.38618616217144786], [0.7947281775926425, -0.25890587364872103, -0.5489762037925419, 0.14364781616030847], [0.0, 0.0, 0.0, 1.0]]","[[-0.587785252292473, -0.0, -0.8090169943749473, 0.33999999999999997], [0.0, 0.9999999999999999, -0.0, -0.351], [0.8090169943749473, 0.0, -0.587785252292473, 0.1499999999999999], [0.0, 0.0, 0.0, 1.0]]","[[-0.6030708207667261, 0.24156631557564895, -0.7602310834995853, 0.33373093238353685], [-0.0641647183066499, 0.9352648537889745, 0.3480841021818099, -0.3862206106803432], [0.7951028072295907, 0.25869937851934316, -0.5485309084175021, 0.14338628922509208], [0.0, 0.0, 0.0, 1.0]]"
2.808333333333333,-53.69664889598454,3.5599170069688597,50.52815146077231,-112.03749857849759,-15.64325568061378,41.785109757089536,7.086782728544028,-53.70022108492046,-3.5393948498339105,-50.54909282076756,-112.04893914535737,15.639044868990469,41.80049475819499,-7.053134655371607,"[[-0.5930676289532371, -0.0, -0.8051526485628583, 0.3404166666666667], [0.0, 1.0, -0.0, 0.3510625], [0.8051526485628583, 0.0, -0.5930676289532371, 0.15208333333333324], [0.0, 0.0, 0.0, 1.0]]","[[-0.60597118560166, -0.23699066918918293, -0.7593644348649613, 0.3344912179468569], [0.06832366276189883, 0.9355580117857635, -0.3465012030141713, 0.3861199562287581], [0.7925470328802684, -0.2618523043639923, -0.5507291270415523, 0.14524336410633742], [0.0, 0.0, 0.0, 1.0]]","[[-0.5930676289532371, -0.0, -0.8051526485628583, 0.3404166666666667], [0.0, 1.0, -0.0, -0.3510625], [0.8051526485628583, 0.0, -0.5930676289532371, 0.15208333333333324], [0.0, 0.0, 0.0, 1.0]]","[[-0.605900320042714, 0.23710195179456817, -0.7593862433750976, 0.3345066125748653], [-0.06846775506572404, 0.9354702841074769, 0.34670955289425803, -0.38615102725034745], [0.7925887765344629, 0.2620649003721837, -0.5505679061700932, 0.14525241969536584], [0.0, 0.0, 0.0, 1.0]]"
2.8166666666666664,-54.09640962282163,3.60736654457635,50.51982204507947,-111.7833062583464,-15.64325568061378,41.785109757089536,7.086782728544028,-54.16028555193959,-3.5970751570444333,-50.53638525381675,-111.75424380342798,15.639044868990469,41.80049475819499,-7.053134655371607,"[[-0.5983246005706591, -0.0, -0.8012538126910607, 0.3408333333333333], [0.0, 1.0, -0.0, 0.351125], [0.8012538126910607, 0.0, -0.5983246005706591, 0.15416666666666667], [0.0, 0.0, 0.0, 1.0]]","[[-0.6086881408667786, -0.23254049211908873, -0.758566850510327, 0.3352787140985227], [0.07256431485618231, 0.9357614383451685, -0.3450868741572688, 0.38605112096423166], [0.7900842786548773, -0.26509517164820984, -0.5527127487142021, 0.14711334959104422], [0.0, 0.0, 0.0, 1.0]]","[[-0.5983246005706591, -0.0, -0.8012538126910607, 0.3408333333333333], [0.0, 1.0, -0.0, -0.351125], [0.8012538126910607, 0.0, -0.5983246005706591, 0.15416666666666667], [0.0, 0.0, 0.0, 1.0]]","[[-0.6079094315675588, 0.23383727958399608, -0.7587926262741115, 0.33507755284726715], [-0.07161163621075152, 0.9356089789235742, 0.3456987302794238, -0.38610260046655526], [0.7907704449272407, 0.2644919001299338, -0.5520200523488532, 0.14661259071106536], [0.0, 0.0, 0.0, 1.0]]"
2.825,-54.592192564105346,3.6615670838481633,50.510867667077584,-111.46782665077268,-15.64325568061378,41.785109757089536,7.086782728544028,-54.60882065963974,-3.6437244953019743,-50.529992196753625,-111.47035382076558,15.639044868990469,41.80049475819499,-7.053134655371607,"[[-0.6035559419535715, -0.0, -0.7973206537727071, 0.34125000000000005], [0.0, 1.0, -0.0, 0.3511875], [0.7973206537727071, 0.0, -0.6035559419535715, 0.15625], [0.0, 0.0, 0.0, 1.0]]","[[-0.6112743866225399, -0.22818440762578907, -0.7578096729230273, 0.3360248429579406], [0.07679390971107901, 0.9359130969713962, -0.343757720420497, 0.3859722095235757], [0.7876841497012139, -0.26832545729743507, -0.554576531486501, 0.1488792418573046], [0.0, 0.0, 0.0, 1.0]]","[[-0.6035559419535715, -0.0, -0.7973206537727071, 0.34125000000000005], [0.0, 1.0, -0.0, -0.3511875], [0.7973206537727071, 0.0, -0.6035559419535715, 0.15625], [0.0, 0.0, 0.0, 1.0]]","[[-0.6108864090666568, 0.22882944964117471, -0.7579280164992993, 0.3359524877400756], [-0.07641425521748782, 0.9358095626186551, 0.3441239952561255, -0.38601665661424817], [0.7880219900594155, 0.26813717662494757, -0.554187511312191, 0.1486775563002426], [0.0, 0.0, 0.0, 1.0]]"
2.8333333333333335,-55.02020636844419,3.706783789927294,50.50350130805773,-111.19346478200244,-15.64325568061378,41.785109757089536,7.086782728544028,-55.037360388544684,-3.696990152431142,-50.51821353552994,-111.18977647985062,15.639044868990469,41.80049475819499,-7.053134655371607,"[[-0.6087614290087208, -0.0, -0.7933533402912352, 0.3416666666666667], [0.0, 1.0, -0.0, 0.35125], [0.7933533402912352, 0.0, -0.6087614290087208, 0.15833333333333333], [0.0, 0.0, 0.0, 1.0]]","[[-0.6133698052432383, -0.22453271218420418, -0.7572070675680976, 0.33666320800813254], [0.08030626092792316, 0.9360382216210127, -0.3426125393507199, 0.3859106880808728], [0.7857024796140385, -0.2709566548800335, -0.5561061991243886, 0.15037164989696633], [0.0, 0.0, 0.0, 1.0]]","[[-0.6087614290087208, -0.0, -0.7933533402912352, 0.3416666666666667], [0.0, 1.0, -0.0, -0.35125], [0.7933533402912352, 0.0, -0.6087614290087208, 0.15833333333333333], [0.0, 0.0, 0.0, 1.0]]","[[-0.6131946001596098, 0.2247870397053781, -0.7572735101108381, 0.336674448101636], [-0.0802442201951451, 0.9359718563208697, 0.34280832735004985, -0.385949649612831], [0.7858455620924316, 0.2709750375140829, -0.5558950274861902, 0.1503574759798346], [0.0, 0.0, 0.0, 1.0]]"
2.841666666666667,-55.437995379595534,3.7737290353035275,50.478123740196544,-110.90642608213264,-16.574312917324068,41.682950617673654,7.522582521649869,-55.49688868571397,-3.7561169656418265,-50.50393844016461,-110.88396842014164,15.639044868990469,41.80049475819499,-7.053134655371607,"[[-0.6139408387503666, -0.0, -0.78935204219315, 0.34208333333333335], [0.0, 1.0, -0.0, 0.35131249999999997], [0.78935204219315, 0.0, -0.6139408387503666, 0.16041666666666665], [0.0, 0.0, 0.0, 1.0]]","[[-0.6152296987132146, -0.2127863141795339, -0.7590878752286428, 0.3377556804794341], [0.08119024113025727, 0.9406622625845509, -0.32948847095842976, 0.384671408587153], [0.7841559555129692, -0.2643416203461007, -0.561447188243329, 0.15263452201826394], [0.0, 0.0, 0.0, 1.0]]","[[-0.6139408387503666, -0.0, -0.78935204219315, 0.34208333333333335], [0.0, 1.0, -0.0, -0.35131249999999997], [0.78935204219315, 0.0, -0.6139408387503666, 0.16041666666666665], [0.0, 0.0, 0.0, 1.0]]","[[-0.6151660342278175, 0.22121679797889857, -0.7567257618347504, 0.33731753937785025], [-0.08360802100943529, 0.936110220751614, 0.3416245796590913, -0.38588814249726755], [0.7839518155826325, 0.273424181257489, -0.5573677134068372, 0.15183873113962165], [0.0, 0.0, 0.0, 1.0]]"
2.85,-55.861965711945736,3.854743189709518,50.43768902031007,-110.60287198484977,-16.574312917324068,41.682950617673654,7.522582521649869,-55.89011975170453,-3.8157914746465815,-50.48125879702558,-110.61319923087483,16.570100398153464,41.689845693640784,-7.481444292278882,"[[-0.6190939493098342, -0.0, -0.7853169308807448, 0.3425], [0.0, 1.0, -0.0, 0.351375], [0.7853169308807448, 0.0, -0.6190939493098342, 0.16249999999999998], [0.0, 0.0, 0.0, 1.0]]","[[-0.6172707767616192, -0.2087745226637735, -0.7585446505266654, 0.3385492186394431], [0.08460293726058472, 0.9409435615676907, -0.32782244729608007, 0.3845618708851989], [0.7821886800273888, -0.26653032216020595, -0.563154025295201, 0.15442167394425388], [0.0, 0.0, 0.0, 1.0]]","[[-0.6190939493098342, -0.0, -0.7853169308807448, 0.3425], [0.0, 1.0, -0.0, -0.351375], [0.7853169308807448, 0.0, -0.6190939493098342, 0.16249999999999998], [0.0, 0.0, 0.0, 1.0]]","[[-0.6172112929258977, 0.20922728888163972, -0.7584682995827711, 0.33846180966399186], [-0.084573597554211, 0.9407664980802843, 0.3283377874788351, -0.384629586480724], [0.7822387912149843, 0.26680018305278047, -0.5629566020942671, 0.15424743342882732], [0.0, 0.0, 0.0, 1.0]]"
2.8583333333333334,-56.26760040146904,3.9892001592762734,50.34410518339714,-110.26868448913939,-20.298538449070637,41.13594467270943,9.218905252025786,-56.323174235650846,-3.9719684457739777,-50.36498165659528,-110.24793437444089,20.294325929900033,41.146155805518596,-9.176869706552589,"[[-0.6242205399450178, -0.0, -0.7812481792047584, 0.34291666666666665], [0.0, 1.0, -0.0, 0.3514375], [0.7812481792047584, 0.0, -0.6242205399450178, 0.1645833333333333], [0.0, 0.0, 0.0, 1.0]]","[[-0.6180298746609059, -0.17559112071857416, -0.7662942204867661, 0.3402505209508955], [0.07336270449182902, 0.9576022019303623, -0.2785963683319777, 0.37968642576287615], [0.7827240814081741, -0.2283982950525628, -0.5789449293333633, 0.1577633939085212], [0.0, 0.0, 0.0, 1.0]]","[[-0.6242205399450178, -0.0, -0.7812481792047584, 0.34291666666666665], [0.0, 1.0, -0.0, -0.3514375], [0.7812481792047584, 0.0, -0.6242205399450178, 0.1645833333333333], [0.0, 0.0, 0.0, 1.0]]","[[-0.6181141803786876, 0.17579472510148714, -0.7661795315990084, 0.34019426802762687], [-0.07364301908785353, 0.9574372484120734, 0.2790889125220558, -0.37974429053306463], [0.7826311811794936, 0.22893258828661822, -0.578859485770062, 0.15766823644122818], [0.0, 0.0, 0.0, 1.0]]"
2.8666666666666667,-56.582164763693974,4.205732950778134,50.15691701900377,-109.92722284196294,-21.229593978233634,40.968044962532176,9.641503570126462,-56.6254818234102,-4.181970295768836,-50.18069973769376,-109.91851435077118,21.22538316661032,40.97908254823092,-9.5993689869103,"[[-0.6293203910498372, -0.0, -0.777145961456971, 0.3433333333333334], [0.0, 0.9999999999999999, -0.0, 0.3515], [0.777145961456971, 0.0, -0.6293203910498372, 0.16666666666666663], [0.0, 0.0, 0.0, 1.0]]","[[-0.6188733402399769, -0.1651802026813659, -0.767926617185755, 0.34138282667512465], [0.0701473876428917, 0.9621107812600767, -0.26348090744872404, 0.378184104717745], [0.7823523073060449, -0.21692935537927566, -0.583837753170896, 0.16009571805846254], [0.0, 0.0, 0.0, 1.0]]","[[-0.6293203910498372, -0.0, -0.777145961456971, 0.3433333333333334], [0.0, 0.9999999999999999, -0.0, -0.3515], [0.777145961456971, 0.0, -0.6293203910498372, 0.16666666666666663], [0.0, 0.0, 0.0, 1.0]]","[[-0.6189018886351814, 0.16551120893086418, -0.7678323332356154, 0.3412900635374946], [-0.0703393887134912, 0.9619410586569697, 0.2640488024311426, -0.3782377340815718], [0.7823124840108444, 0.21742915947073893, -0.5837051806970965, 0.159924527747794], [0.0, 0.0, 0.0, 1.0]]"
2.875,-56.89816005055003,4.394514256795408,49.99714864903342,-109.60118376193238,-21.229593978233634,40.968044962532176,9.641503570126462,-56.934759619217544,-4.368960811563098,-50.02200712251768,-109.59768670507734,21.22538316661032,40.97908254823092,-9.5993689869103,"[[-0.6343932841636454, -0.0, -0.7730104533627371, 0.34375], [0.0, 1.0, -0.0, 0.3515625], [0.7730104533627371, 0.0, -0.6343932841636454, 0.16874999999999996], [0.0, 0.0, 0.0, 1.0]]","[[-0.6196983965546751, -0.16236578851897748, -0.7678614771078021, 0.3422819664380726], [0.07080641318327661, 0.9628110817895409, -0.2607321856529669, 0.3779254515805668], [0.781639526354498, -0.21594483439495557, -0.5851559444613473, 0.16194565902618047], [0.0, 0.0, 0.0, 1.0]]","[[-0.6343932841636454, -0.0, -0.7730104533627371, 0.34375], [0.0, 1.0, -0.0, -0.3515625], [0.7730104533627371, 0.0, -0.6343932841636454, 0.16874999999999996], [0.0, 0.0, 0.0, 1.0]]","[[-0.6196503294908817, 0.16286438748818258, -0.7677946733664809, 0.3421572823979212], [-0.07085834203910735, 0.9626317208762365, 0.2613795426698972, -0.37799018953828234], [0.7816729268212574, 0.21636857731878456, -0.5849547625447069, 0.16170144396433778], [0.0, 0.0, 0.0, 1.0]]"
2.8833333333333333,-57.24861022667422,4.550924735015054,49.87504194214652,-109.27352592706853,-21.229593978233634,40.968044962532176,9.641503570126462,-57.27006726595181,-4.519029032251564,-49.90831520868823,-109.28323162587911,21.22538316661032,40.97908254823092,-9.5993689869103,"[[-0.6394390019805846, -0.0, -0.7688418320734596, 0.3441666666666667], [0.0, 0.9999999999999999, -0.0, 0.35162499999999997], [0.7688418320734596, 0.0, -0.6394390019805846, 0.17083333333333328], [0.0, 0.0, 0.0, 1.0]]","[[-0.6206729797847133, -0.1595805466052445, -0.7676581930197429, 0.3430616730001231], [0.072142821725772, 0.963292584872842, -0.25857843916777445, 0.37774699979736903], [0.7807435337155274, -0.2158736785116943, -0.586377088132902, 0.16357892502588156], [0.0, 0.0, 0.0, 1.0]]","[[-0.6394390019805846, -0.0, -0.7688418320734596, 0.3441666666666667], [0.0, 0.9999999999999999, -0.0, -0.35162499999999997], [0.7688418320734596, 0.0, -0.6394390019805846, 0.17083333333333328], [0.0, 0.0, 0.0, 1.0]]","[[-0.6207402023600858, 0.15971374301846378, -0.7675761339860642, 0.34304642034502764], [-0.07231806671688498, 0.9631929224241472, 0.2589005434879646, -0.37778187176855305], [0.7806738745470431, 0.2162195978237481, -0.5863423804541547, 0.1635617107863418], [0.0, 0.0, 0.0, 1.0]]"
2.8916666666666666,-57.579464590069634,4.674246361800573,49.78492101114278,-108.97851639643734,-21.229593978233634,40.968044962532176,9.641503570126462,-57.64919399130629,-4.658356780470185,-49.80580089943551,-108.9466603941484,21.22538316661032,40.97908254823092,-9.5993689869103,"[[-0.6444573283588975, -0.0, -0.7646402761590004, 0.34458333333333335], [0.0, 1.0, -0.0, 0.3516875], [0.7646402761590004, 0.0, -0.6444573283588975, 0.1729166666666666], [0.0, 0.0, 0.0, 1.0]]","[[-0.6220175805298518, -0.15599550836638076, -0.7673066732938687, 0.3439778687249401], [0.07435260744637816, 0.9637576919349284, -0.25620851079186335, 0.37756112585568913], [0.7794650853487373, -0.2164174498643166, -0.5878755549574348, 0.16552173433170525], [0.0, 0.0, 0.0, 1.0]]","[[-0.6444573283588975, -0.0, -0.7646402761590004, 0.34458333333333335], [0.0, 1.0, -0.0, -0.3516875], [0.7646402761590004, 0.0, -0.6444573283588975, 0.1729166666666666], [0.0, 0.0, 0.0, 1.0]]","[[-0.621896107055502, 0.15658288287698943, -0.767285496291402, 0.34386386139063846], [-0.0741931371997866, 0.9636169142263924, 0.2567836073608668, -0.37762276747833445], [0.779577199783104, 0.21662004387114592, -0.5876522323377982, 0.1652859452899012], [0.0, 0.0, 0.0, 1.0]]"
2.9,-57.96349880634277,4.78477120228925,49.71021240200118,-108.65693059974562,-21.229593978233634,40.968044962532176,9.641503570126462,-58.013646055229,-4.764726304622555,-49.73326770554456,-108.64014199476574,21.22538316661032,40.97908254823092,-9.5993689869103,"[[-0.6494480483301835, -0.0, -0.7604059656000309, 0.345], [0.0, 0.9999999999999999, -0.0, 0.35175], [0.7604059656000309, 0.0, -0.6494480483301835, 0.17499999999999993], [0.0, 0.0, 0.0, 1.0]]","[[-0.6234123833857917, -0.15245298995099255, -0.7668866188011428, 0.3448059125957532], [0.07694578649356494, 0.9640845834324238, -0.2542051571640843, 0.3774112546816907], [0.7780979026974263, -0.21748333693166622, -0.5892916527280309, 0.16729955543632885], [0.0, 0.0, 0.0, 1.0]]","[[-0.6494480483301835, -0.0, -0.7604059656000309, 0.345], [0.0, 0.9999999999999999, -0.0, -0.35175], [0.7604059656000309, 0.0, -0.6494480483301835, 0.17499999999999993], [0.0, 0.0, 0.0, 1.0]]","[[-0.6232985517198759, 0.15301240325537077, -0.7668677329721998, 0.344701633584667], [-0.07677186791948995, 0.9639581424041082, 0.25473668755986756, -0.37746594652776266], [0.7782062681063793, 0.21765087673344435, -0.5890866660662974, 0.16708436127070095], [0.0, 0.0, 0.0, 1.0]]"
2.908333333333333,-58.32935105904533,4.879463664281837,49.649433963671825,-108.35530944599786,-21.229593978233634,40.968044962532176,9.641503570126462,-58.420506763708325,-4.878242767967698,-49.65679349250251,-108.29844129096834,21.22538316661032,40.97908254823092,-9.5993689869103,"[[-0.6544109481086102, -0.0, -0.7561390817803227, 0.3454166666666667], [0.0, 1.0, -0.0, 0.3518125], [0.7561390817803227, 0.0, -0.6544109481086102, 0.17708333333333326], [0.0, 0.0, 0.0, 1.0]]","[[-0.6246166729334344, -0.14942475039478464, -0.7665026130829715, 0.34548179086332625], [0.07935597525058435, 0.9642979324839811, -0.25265020601445876, 0.37730346192063047], [0.7768890790103797, -0.21863609349001847, -0.5904588195105804, 0.16875547551716844], [0.0, 0.0, 0.0, 1.0]]","[[-0.6544109481086102, -0.0, -0.7561390817803227, 0.3454166666666667], [0.0, 1.0, -0.0, -0.3518125], [0.7561390817803227, 0.0, -0.6544109481086102, 0.17708333333333326], [0.0, 0.0, 0.0, 1.0]]","[[-0.6247486018304536, 0.14921888653780896, -0.7664351951804601, 0.34558190026282715], [-0.07959398252043469, 0.9642865267460232, 0.2526188676299295, -0.377306271714318], [0.7767586384826565, 0.21882691387603037, -0.5905597339017132, 0.16896643054021226], [0.0, 0.0, 0.0, 1.0]]"
2.9166666666666665,-58.75224905169584,4.986076940810213,49.58065054363521,-108.00550130765566,-21.229593978233634,40.968044962532176,9.641503570126462,-58.77347727963624,-4.9572672028910985,-49.61093218732046,-108.01320576103943,21.22538316661032,40.97908254823092,-9.5993689869103,"[[-0.6593458151000688, -0.0, -0.7518398074789774, 0.3458333333333333], [0.0, 1.0, -0.0, 0.351875], [0.7518398074789774, 0.0, -0.6593458151000688, 0.17916666666666659], [0.0, 0.0, 0.0, 1.0]]","[[-0.6261644438445482, -0.14541415358407142, -0.7660109745964974, 0.34636636879658733], [0.08258044125604669, 0.9645596866191988, -0.2506094205552334, 0.3771536252306451], [0.7753054623738984, -0.22018023273332532, -0.591964614758935, 0.17065721338892859], [0.0, 0.0, 0.0, 1.0]]","[[-0.6593458151000688, -0.0, -0.7518398074789774, 0.3458333333333333], [0.0, 1.0, -0.0, -0.351875], [0.7518398074789774, 0.0, -0.6593458151000688, 0.17916666666666659], [0.0, 0.0, 0.0, 1.0]]","[[-0.6259699862416246, 0.14613577998207136, -0.7660325777234882, 0.3462435898950811], [-0.0821807323451198, 0.9644549276452046, 0.2511434247040986, -0.3772055466213316], [0.7755049345786784, 0.22016136434423528, -0.5917102923679838, 0.17039540836319872], [0.0, 0.0, 0.0, 1.0]]"
2.925,-59.15269621254452,5.099910154178114,49.50463395326755,-107.66065188665088,-22.160651214943922,40.68459552707123,10.009048855969542,-59.197194894987156,-5.0477770277906995,-49.55933010814101,-107.67090400059507,21.22538316661032,40.97908254823092,-9.5993689869103,"[[-0.6642524379112815, -0.0, -0.747508326862597, 0.34625], [0.0, 1.0, -0.0, 0.3519375], [0.747508326862597, 0.0, -0.6642524379112815, 0.1812499999999999], [0.0, 0.0, 0.0, 1.0]]","[[-0.6290392139528038, -0.1342503514692077, -0.7656934833469807, 0.3473019131123958], [0.0806718569147106, 0.9683834515302447, -0.2360625813302544, 0.3757571646060209], [0.77317638273008, -0.21026253573274703, -0.5983209400110148, 0.1731030184265435], [0.0, 0.0, 0.0, 1.0]]","[[-0.6642524379112815, -0.0, -0.747508326862597, 0.34625], [0.0, 1.0, -0.0, -0.3519375], [0.747508326862597, 0.0, -0.6642524379112815, 0.1812499999999999], [0.0, 0.0, 0.0, 1.0]]","[[-0.627544413745462, 0.14206985564629998, -0.7655090887073148, 0.347102898431433], [-0.08567855105977167, 0.9646383368785361, 0.24926304361559468, -0.37708046877139706], [0.7738521788204529, 0.2220113401176869, -0.5931810602117926, 0.17224537343087953], [0.0, 0.0, 0.0, 1.0]]"
2.933333333333333,-59.49367974647907,5.219555004756051,49.41794519232175,-107.34675688296461,-22.160651214943922,40.68459552707123,10.009048855969542,-59.57067646899262,-5.150960695582082,-49.490157367321714,-107.34861469441886,22.156438695773314,40.68054180979883,-9.956237833307004,"[[-0.669130606358858, -0.0, -0.7431448254773945, 0.3466666666666667], [0.0, 1.0, -0.0, 0.352], [0.7431448254773945, 0.0, -0.669130606358858, 0.18333333333333324], [0.0, 0.0, 0.0, 1.0]]","[[-0.6299388668434913, -0.13130115071796736, -0.765465238831964, 0.3480626836154124], [0.0826231690740599, 0.9686822900359124, -0.2341538658722932, 0.37561518981332215], [0.7722372925287262, -0.21074778478294426, -0.5993621069411916, 0.17466910460068855], [0.0, 0.0, 0.0, 1.0]]","[[-0.669130606358858, -0.0, -0.7431448254773945, 0.3466666666666667], [0.0, 1.0, -0.0, -0.352], [0.7431448254773945, 0.0, -0.669130606358858, 0.18333333333333324], [0.0, 0.0, 0.0, 1.0]]","[[-0.6305756655855064, 0.13098788198255146, -0.7649944475256806, 0.34801186128905987], [-0.08358206352370473, 0.9684623089304445, 0.23472280425691944, -0.37568003289471646], [0.771614131952309, 0.21195030303077628, -0.59974052757559, 0.1746976911786112], [0.0, 0.0, 0.0, 1.0]]"
2.9416666666666664,-59.87209954725445,5.3363234919197655,49.335617507161004,-107.00770629256517,-22.160651214943922,40.68459552707123,10.009048855969542,-59.92064170168573,-5.282127648403007,-49.39365703963318,-107.01673580264793,22.156438695773314,40.68054180979883,-9.956237833307004,"[[-0.6739801114782978, -0.0, -0.7387494902412461, 0.34708333333333335], [0.0, 0.9999999999999999, -0.0, 0.3520625], [0.7387494902412461, 0.0, -0.6739801114782978, 0.18541666666666667], [0.0, 0.0, 0.0, 1.0]]","[[-0.6311039484671732, -0.1275711891149192, -0.7651361956782263, 0.3489711245893862], [0.08531997471579955, 0.9689828415932571, -0.2319326510268709, 0.3754447567895289], [0.7709917691802155, -0.21165501271092654, -0.6006445266966967, 0.1765544468797078], [0.0, 0.0, 0.0, 1.0]]","[[-0.6739801114782978, -0.0, -0.7387494902412461, 0.34708333333333335], [0.0, 0.9999999999999999, -0.0, -0.3520625], [0.7387494902412461, 0.0, -0.6739801114782978, 0.18541666666666667], [0.0, 0.0, 0.0, 1.0]]","[[-0.6314338745791558, 0.12795512444197202, -0.764799809206955, 0.34881022491267444], [-0.08554296122651993, 0.9687773537614849, 0.2327076290616478, -0.3755303112538254], [0.7706968689559817, 0.21236272028756556, -0.6007731778412816, 0.1763237236635039], [0.0, 0.0, 0.0, 1.0]]"
2.95,-60.259022933546504,5.436194517963692,49.27106197422063,-106.67248743829012,-22.160651214943922,40.68459552707123,10.009048855969542,-60.324585919389456,-5.399061767654095,-49.31287980741403,-106.65723562587348,22.156438695773314,40.68054180979883,-9.956237833307004,"[[-0.6788007455329419, -0.0, -0.7343225094356854, 0.34750000000000003], [0.0, 1.0, -0.0, 0.352125], [0.7343225094356854, 0.0, -0.6788007455329419, 0.1875], [0.0, 0.0, 0.0, 1.0]]","[[-0.6323200162094, -0.12378458070342205, -0.764754061565561, 0.3498389413821822], [0.08836897531727592, 0.9691844570584978, -0.22994001913020606, 0.375306105474852], [0.7696507787966687, -0.21297620941387524, -0.6018960150402879, 0.1783623663312293], [0.0, 0.0, 0.0, 1.0]]","[[-0.6788007455329419, -0.0, -0.7343225094356854, 0.34750000000000003], [0.0, 1.0, -0.0, -0.352125], [0.7343225094356854, 0.0, -0.6788007455329419, 0.1875], [0.0, 0.0, 0.0, 1.0]]","[[-0.6326529550595317, 0.12394475769422991, -0.7644527032423662, 0.34977033129890867], [-0.08853215772395559, 0.9690632588863899, 0.2303876240713263, -0.3753523763343228], [0.7693583661098276, 0.2134340584738264, -0.6021076375368513, 0.17831148589669882], [0.0, 0.0, 0.0, 1.0]]"
2.9583333333333335,-60.66108884922848,5.536986765771924,49.208596479166275,-106.32255635654286,-22.160651214943922,40.68459552707123,10.009048855969542,-60.7009430030355,-5.500873848082774,-49.246879689464194,-106.32382677172848,22.156438695773314,40.68054180979883,-9.956237833307004,"[[-0.6835923020228715, -0.0, -0.7298640726978355, 0.34791666666666665], [0.0, 1.0, -0.0, 0.3521875], [0.7298640726978355, 0.0, -0.6835923020228715, 0.18958333333333333], [0.0, 0.0, 0.0, 1.0]]","[[-0.6333843904321336, -0.12030370515277854, -0.764428696794821, 0.350639754378962], [0.09117867710528806, 0.9693582584809245, -0.22810308098787035, 0.3751778629884963], [0.7684469160574753, -0.21417652822226496, -0.6030072569715997, 0.18001867736737998], [0.0, 0.0, 0.0, 1.0]]","[[-0.6835923020228715, -0.0, -0.7298640726978355, 0.34791666666666665], [0.0, 1.0, -0.0, -0.3521875], [0.7298640726978355, 0.0, -0.6835923020228715, 0.18958333333333333], [0.0, 0.0, 0.0, 1.0]]","[[-0.6334798709427503, 0.12123964122812533, -0.7642016765914819, 0.3503945762943942], [-0.09070345471239341, 0.9692029643848352, 0.22895086182603616, -0.3752520087115327], [0.768424450686984, 0.21435149456563943, -0.6029737144883542, 0.17960175946951276], [0.0, 0.0, 0.0, 1.0]]"
2.966666666666667,-61.03959744246307,5.620538762341398,49.16000309831622,-105.99911957858608,-22.160651214943922,40.68459552707123,10.009048855969542,-61.050450613054224,-5.5857923093730735,-49.194195025301305,-106.01922082531343,22.156438695773314,40.68054180979883,-9.956237833307004,"[[-0.6883545756937541, -0.0, -0.7253743710122875, 0.3483333333333334], [0.0, 1.0, -0.0, 0.35225], [0.7253743710122875, 0.0, -0.6883545756937541, 0.19166666666666665], [0.0, 0.0, 0.0, 1.0]]","[[-0.6345038244886105, -0.1166655501701053, -0.7640641636098592, 0.35144022084790494], [0.09428635301174804, 0.969476884097191, -0.22632864343018133, 0.3750568699281005], [0.7671473002918482, -0.2156472133015142, -0.6041368214653204, 0.18168067530995458], [0.0, 0.0, 0.0, 1.0]]","[[-0.6883545756937541, -0.0, -0.7253743710122875, 0.3483333333333334], [0.0, 1.0, -0.0, -0.35225], [0.7253743710122875, 0.0, -0.6883545756937541, 0.19166666666666665], [0.0, 0.0, 0.0, 1.0]]","[[-0.6345717294640487, 0.11750830713648094, -0.7638786015584708, 0.3512568519586098], [-0.09369179546680789, 0.9693883150401044, 0.2269540528959854, -0.37510793091325806], [0.7671639770135276, 0.2155877835537681, -0.6041368553193569, 0.18137706923644042], [0.0, 0.0, 0.0, 1.0]]"
2.975,-61.4244307908691,5.712839804350835,49.104661490566194,-105.66107302599464,-22.160651214943922,40.68459552707123,10.009048855969542,-61.4536981514626,-5.6875954251784675,-49.131097737748725,-105.66111400712965,22.156438695773314,40.68054180979883,-9.956237833307004,"[[-0.6930873625456356, -0.0, -0.7208535967029189, 0.34875], [0.0, 0.9999999999999999, -0.0, 0.3523125], [0.7208535967029189, 0.0, -0.6930873625456356, 0.19374999999999998], [0.0, 0.0, 0.0, 1.0]]","[[-0.6356118287025915, -0.11276156404766616, -0.7637292929349193, 0.3523251516187458], [0.09755075054056744, 0.9696147081323326, -0.22434609165845384, 0.37492351178381095], [0.7658207716445928, -0.21709939531692732, -0.6052986025679433, 0.18349197796039168], [0.0, 0.0, 0.0, 1.0]]","[[-0.6930873625456356, -0.0, -0.7208535967029189, 0.34875], [0.0, 0.9999999999999999, -0.0, -0.3523125], [0.7208535967029189, 0.0, -0.6930873625456356, 0.19374999999999998], [0.0, 0.0, 0.0, 1.0]]","[[-0.6356145463565985, 0.11384978897027231, -0.7635655662818487, 0.3520893704107736], [-0.09673251816629791, 0.9695261058493077, 0.22508209614690422, -0.3749819633132275], [0.7659222991851736, 0.21692707444692527, -0.6052319191704911, 0.18308097266657797], [0.0, 0.0, 0.0, 1.0]]"
2.9833333333333334,-61.80798006371116,5.79826583407383,49.057232656969624,-105.32579953020621,-22.160651214943922,40.68459552707123,10.009048855969542,-61.83719278279131,-5.772586457228698,-49.084191413623664,-105.32618202079973,22.156438695773314,40.68054180979883,-9.956237833307004,"[[-0.69779045984168, -0.0, -0.7163019434246544, 0.3491666666666667], [0.0, 1.0, -0.0, 0.352375], [0.7163019434246544, 0.0, -0.69779045984168, 0.1958333333333333], [0.0, 0.0, 0.0, 1.0]]","[[-0.6366498506227407, -0.108980420296907, -0.7634135417281723, 0.3531701332103876], [0.10078586670063178, 0.9697135463831799, -0.2224811161297953, 0.3747999893134439], [0.7645385384501194, -0.21858386480448752, -0.6063842983386765, 0.18521438041703686], [0.0, 0.0, 0.0, 1.0]]","[[-0.69779045984168, -0.0, -0.7163019434246544, 0.3491666666666667], [0.0, 1.0, -0.0, -0.352375], [0.7163019434246544, 0.0, -0.69779045984168, 0.1958333333333333], [0.0, 0.0, 0.0, 1.0]]","[[-0.6367786035675381, 0.10945174851389584, -0.7632387076045262, 0.3531059767863849], [-0.1003568132451708, 0.9696879813203038, 0.22278628530102204, -0.37482777865207684], [0.7644877501136629, 0.21846174408853689, -0.6064923299564015, 0.18513941171764026], [0.0, 0.0, 0.0, 1.0]]"
2.9916666666666667,-62.185634883299514,5.883572335486351,49.0067404835303,-104.99277316665474,-22.160651214943922,40.68459552707123,10.009048855969542,-62.220598621660805,-5.8624452797230315,-49.02846390018553,-104.98593614729555,22.156438695773314,40.68054180979883,-9.956237833307004,"[[-0.7024636661168517, -0.0, -0.7117196061551715, 0.34958333333333336], [0.0, 1.0, -0.0, 0.3524375], [0.7117196061551715, 0.0, -0.7024636661168517, 0.19791666666666663], [0.0, 0.0, 0.0, 1.0]]","[[-0.6376418103320007, -0.10516284686543359, -0.7631210240556123, 0.3540250398229259], [0.10405703964968074, 0.9697997307722088, -0.2205915109279968, 0.374673219702628], [0.7632725949592805, -0.220066485029659, -0.6074419214631284, 0.18694602002676944], [0.0, 0.0, 0.0, 1.0]]","[[-0.7024636661168517, -0.0, -0.7117196061551715, 0.34958333333333336], [0.0, 1.0, -0.0, -0.3524375], [0.7117196061551715, 0.0, -0.7024636661168517, 0.19791666666666663], [0.0, 0.0, 0.0, 1.0]]","[[-0.6377125309562524, 0.10581300950994306, -0.7629720406933792, 0.3539296814130879], [-0.10340733770185963, 0.9697929334699484, 0.2209266591001763, -0.37469565185106274], [0.763301808179952, 0.21978460639953987, -0.6075072644989645, 0.1868094227403725], [0.0, 0.0, 0.0, 1.0]]"
3.0,-62.587905704656585,5.9720279809930705,48.95586923459205,-104.63666759389778,-22.160651214943922,40.68459552707123,10.009048855969542,-62.62955619821532,-5.956925578964526,-48.97352527359653,-104.61961261154026,22.156438695773314,40.68054180979883,-9.956237833307004,"[[-0.7071067811865475, -0.0, -0.7071067811865477, 0.35000000000000003], [0.0, 1.0, -0.0, 0.3525], [0.7071067811865477, 0.0, -0.7071067811865475, 0.19999999999999996], [0.0, 0.0, 0.0, 1.0]]","[[-0.6383979967906193, -0.10204889215681258, -0.7629115422532889, 0.3547317275830119], [0.10671732405107086, 0.9698642145273761, -0.21903154596216176, 0.37457094106509936], [0.7622725302941878, -0.22124517845314298, -0.608268987019833, 0.1883621678942859], [0.0, 0.0, 0.0, 1.0]]","[[-0.7071067811865475, -0.0, -0.7071067811865477, 0.35000000000000003], [0.0, 1.0, -0.0, -0.3525], [0.7071067811865477, 0.0, -0.7071067811865475, 0.19999999999999996], [0.0, 0.0, 0.0, 1.0]]","[[-0.6385597040057958, 0.1023131349574996, -0.7627407992465061, 0.3547269495430815], [-0.1063692898957954, 0.9698758272568464, 0.21914938710822837, -0.37457572711728276], [0.7621857244708108, 0.22107216495528417, -0.6084406456630662, 0.18840883760668928], [0.0, 0.0, 0.0, 1.0]]"
3.0083333333333333,-62.99807222469419,6.066548834482761,48.90071545704419,-104.26630058615385,-22.160651214943922,40.68459552707123,10.009048855969542,-62.999390451204,-6.0465807764442285,-48.922449118983174,-104.28078058719427,22.156438695773314,40.68054180979883,-9.956237833307004,"[[-0.7117196061551714, -0.0, -0.7024636661168518, 0.3504166666666667], [0.0, 1.0, -0.0, 0.3525625], [0.7024636661168518, 0.0, -0.7117196061551714, 0.20208333333333328], [0.0, 0.0, 0.0, 1.0]]","[[-0.6394132102903103, -0.09768598780361014, -0.7626324109904274, 0.3557117472433604], [0.11044924654843451, 0.969938017804524, -0.21684373533564227, 0.37441645277824487], [0.7608887635148271, -0.2228849241296142, -0.6094018379957626, 0.19032854605570565], [0.0, 0.0, 0.0, 1.0]]","[[-0.7117196061551714, -0.0, -0.7024636661168518, 0.3504166666666667], [0.0, 1.0, -0.0, -0.3525625], [0.7024636661168518, 0.0, -0.7117196061551714, 0.20208333333333328], [0.0, 0.0, 0.0, 1.0]]","[[-0.6395023664295881, 0.09820878785057759, -0.7624904965439749, 0.35566022332074954], [-0.10993183694883706, 0.9699333201410055, 0.2171274872173035, -0.3744528966265752], [0.7608887662175146, 0.2226755228334857, -0.6094783810561476, 0.19025829271267494], [0.0, 0.0, 0.0, 1.0]]"
3.0166666666666666,-63.403273197205195,6.1649671646675905,48.842249037748886,-103.89251848382489,-22.160651214943922,40.68459552707123,10.009048855969542,-63.39783636662587,-6.142425832859256,-48.864600831807756,-103.91470976843826,22.156438695773314,40.68054180979883,-9.956237833307004,"[[-0.7163019434246543, -0.0, -0.6977904598416801, 0.35083333333333333], [0.0, 1.0, -0.0, 0.35262499999999997], [0.6977904598416801, 0.0, -0.7163019434246543, 0.2041666666666666], [0.0, 0.0, 0.0, 1.0]]","[[-0.6402231328863491, -0.09374051693075003, -0.7624480674791851, 0.3566311908116171], [0.1137585644453662, 0.9700141605190394, -0.2147824885968892, 0.37427721551038756], [0.7597192436239311, -0.22424371535920273, -0.6103617181552127, 0.19213935645574357], [0.0, 0.0, 0.0, 1.0]]","[[-0.7163019434246543, -0.0, -0.6977904598416801, 0.35083333333333333], [0.0, 1.0, -0.0, -0.35262499999999997], [0.6977904598416801, 0.0, -0.7163019434246543, 0.2041666666666666], [0.0, 0.0, 0.0, 1.0]]","[[-0.6402486653577094, 0.09474707372494041, -0.7623021963291415, 0.356447317816156], [-0.11288235612153606, 0.9699865073509312, 0.21536886783746903, -0.37433028900500237], [0.7598284149623012, 0.22394009819079566, -0.6103372938287274, 0.19182159902628027], [0.0, 0.0, 0.0, 1.0]]"
3.025,-63.767342770534384,6.25678795900101,48.78582484501541,-103.55117294986434,-22.160651214943922,40.68459552707123,10.009048855969542,-63.80173960319457,-6.241892597081682,-48.804662506746304,-103.53794970363118,22.156438695773314,40.68054180979883,-9.956237833307004,"[[-0.7208535967029187, -0.0, -0.6930873625456359, 0.35125], [0.0, 0.9999999999999999, -0.0, 0.3526875], [0.6930873625456359, 0.0, -0.7208535967029187, 0.20624999999999993], [0.0, 0.0, 0.0, 1.0]]","[[-0.6409287619491515, -0.08997241160739865, -0.7623091808812729, 0.35751956796587475], [0.1168747959553031, 0.9700891860036298, -0.21276102384887516, 0.37413414735242434], [0.7586505151759503, -0.2254593895768464, -0.6112425537173451, 0.193879037489243], [0.0, 0.0, 0.0, 1.0]]","[[-0.7208535967029187, -0.0, -0.6930873625456359, 0.35125], [0.0, 0.9999999999999999, -0.0, -0.3526875], [0.6930873625456359, 0.0, -0.7208535967029187, 0.20624999999999993], [0.0, 0.0, 0.0, 1.0]]","[[-0.6410144600755141, 0.09060107193244671, -0.7621626517606256, 0.35743663858040026], [-0.11627867481229567, 0.9700835198093094, 0.21311319616175334, -0.3741732582249861], [0.7586697119023492, 0.22523190351074418, -0.6113025910978402, 0.19375197081306567], [0.0, 0.0, 0.0, 1.0]]"
3.033333333333333,-64.0483162624212,6.535087431827765,48.53045431723239,-103.11650654127389,-29.609102278437057,35.67948071461008,11.521289450477154,-64.0639642258097,-6.513060071754474,-48.554995186920245,-103.12261273039188,29.604891466813744,35.69501939497186,-11.482331758998694,"[[-0.7253743710122873, -0.0, -0.6883545756937542, 0.3516666666666667], [0.0, 1.0, -0.0, 0.35275], [0.6883545756937542, 0.0, -0.7253743710122873, 0.20833333333333326], [0.0, 0.0, 0.0, 1.0]]","[[-0.6925645721955951, -0.030692092955743173, -0.7207026493426595, 0.35447563063639964], [0.04367433352537183, 0.9954774981719436, -0.0843629256512738, 0.36130622222239045], [0.7200325450496295, -0.08990298139285365, -0.6880919909474525, 0.20366934688518573], [0.0, 0.0, 0.0, 1.0]]","[[-0.7253743710122873, -0.0, -0.6883545756937542, 0.3516666666666667], [0.0, 1.0, -0.0, -0.35275], [0.6883545756937542, 0.0, -0.7253743710122873, 0.20833333333333326], [0.0, 0.0, 0.0, 1.0]]","[[-0.6864105450852356, 0.037325973277308175, -0.7262556955471616, 0.35492945154643535], [-0.05207934764422964, 0.9935945190873265, 0.10028795136294091, -0.3629154614695713], [0.7253470239442231, 0.10666163020752029, -0.6800698431019663, 0.20265770043789078], [0.0, 0.0, 0.0, 1.0]]"
3.0416666666666665,-63.859031229952635,7.401386791243516,47.6431512723452,-102.55262661396515,-34.74266562842947,30.64836678707327,12.425355487134844,-63.908276893868425,-7.359802038255539,-47.68704206795171,-102.55016091567478,34.77883489517927,30.675923185279686,-12.375608658088701,"[[-0.7298640726978355, -0.0, -0.6835923020228716, 0.35208333333333336], [0.0, 1.0, -0.0, 0.3528125], [0.6835923020228716, 0.0, -0.7298640726978355, 0.21041666666666659], [0.0, 0.0, 0.0, 1.0]]","[[-0.7297207732499409, -1.4903362166224376e-05, -0.6837452689894082, 0.352073672125005], [2.2816192248264766e-05, 0.9999999986749368, -4.614702730321682e-05, 0.35281548841777194], [0.6837452687711484, -4.927490795299335e-05, -0.7297207719429768, 0.21035583539539773], [0.0, 0.0, 0.0, 1.0]]","[[-0.7298640726978355, -0.0, -0.6835923020228716, 0.35208333333333336], [0.0, 1.0, -0.0, -0.3528125], [0.6835923020228716, 0.0, -0.7298640726978355, 0.21041666666666659], [0.0, 0.0, 0.0, 1.0]]","[[-0.7297587834108128, 2.4629333055812825e-05, -0.6837047004578558, 0.3520794463109716], [-3.873427198207774e-05, 0.9999999962570214, 7.736674638355933e-05, -0.3528194285070329], [0.6837046998042551, 8.294186654027875e-05, -0.729758779725342, 0.21037759329037892], [0.0, 0.0, 0.0, 1.0]]"
3.05,-63.79120062130524,7.906990690780064,47.15360087867912,-102.18566104042787,-34.19896549502353,30.091720030095573,12.614839448862984,-63.80975141509099,-7.88995449144276,-47.171284238440286,-102.18560639891452,34.21451442066906,30.103044483739453,-12.59560051351835,"[[-0.7343225094356852, -0.0, -0.678800745532942, 0.35250000000000004], [0.0, 0.9999999999999999, -0.0, 0.352875], [0.678800745532942, 0.0, -0.7343225094356852, 0.2124999999999999], [0.0, 0.0, 0.0, 1.0]]","[[-0.7342776610115365, -1.1000840899157278e-07, -0.6788492590696517, 0.3524959296288912], [-2.1776520282857825e-07, 0.9999999999999736, 7.349454112902316e-08, 0.35287429971895584], [0.6788492590696257, 2.0179514634866808e-07, -0.7342776610115411, 0.21247890659529067], [0.0, 0.0, 0.0, 1.0]]","[[-0.7343225094356852, -0.0, -0.678800745532942, 0.35250000000000004], [0.0, 0.9999999999999999, -0.0, -0.352875], [0.678800745532942, 0.0, -0.7343225094356852, 0.2124999999999999], [0.0, 0.0, 0.0, 1.0]]","[[-0.7341148882822478, 9.434385256832559e-07, -0.6790252799428406, 0.3524809561342279], [6.567077258901118e-07, 0.9999999999995538, 6.794144790835495e-07, -0.35287211116479966], [0.6790252799431785, 5.284713699660201e-08, -0.7341148882825396, 0.21240254799783564], [0.0, 0.0, 0.0, 1.0]]"
3.058333333333333,-63.71307008738946,8.429548827383876,46.64902406883902,-101.81569018365579,-33.6415503417642,29.525818366792507,12.825283553606601,-63.73336257941357,-8.413656684732548,-46.665577032292546,-101.81314935328454,33.65544977672518,29.534704442902694,-12.804834821005228,"[[-0.7387494902412459, -0.0, -0.6739801114782981, 0.35291666666666666], [0.0, 1.0, -0.0, 0.3529375], [0.6739801114782981, 0.0, -0.7387494902412459, 0.21458333333333324], [0.0, 0.0, 0.0, 1.0]]","[[-0.7387227613797336, -2.5635142345068772e-08, -0.6740094078123102, 0.3529142516429], [-1.317668609241609e-07, 0.9999999999999858, 1.0638432666378195e-07, 0.35293705439552947], [0.6740094078122978, 1.674006274613733e-07, -0.7387227613797263, 0.2145706463859911], [0.0, 0.0, 0.0, 1.0]]","[[-0.7387494902412459, -0.0, -0.6739801114782981, 0.35291666666666666], [0.0, 1.0, -0.0, -0.3529375], [0.6739801114782981, 0.0, -0.7387494902412459, 0.21458333333333324], [0.0, 0.0, 0.0, 1.0]]","[[-0.7386752616583265, 2.7286817577126673e-07, -0.6740614644184375, 0.3529098503316045], [2.886915577374401e-07, 0.9999999999999545, 8.844722175660706e-08, -0.35293640460277154], [0.6740614644184308, -1.2926207949972504e-07, -0.7386752616583716, 0.21454821324539794], [0.0, 0.0, 0.0, 1.0]]"
3.0666666666666664,-63.71464103089857,8.879324468192031,46.22060045314997,-101.44683264771842,-33.153270363283745,29.010412292023343,12.959374681165936,-63.691445708477204,-8.906444588065213,-46.19333433798327,-101.44259793043302,33.12821039921897,28.99030763020141,-12.985935579300824,"[[-0.7431448254773944, -0.0, -0.669130606358858, 0.3533333333333334], [0.0, 0.9999999999999999, -0.0, 0.353], [0.669130606358858, 0.0, -0.7431448254773944, 0.21666666666666667], [0.0, 0.0, 0.0, 1.0]]","[[-0.7431006379050693, -1.4509090659513534e-07, -0.6691796783712562, 0.35332924584590736], [-2.252035562145084e-07, 0.999999999999974, 3.326161927172451e-08, 0.35299931111983884], [0.669179678371234, 1.7541837381426187e-07, -0.7431006379050829, 0.21664558113651128], [0.0, 0.0, 0.0, 1.0]]","[[-0.7431448254773944, -0.0, -0.669130606358858, 0.3533333333333334], [0.0, 0.9999999999999999, -0.0, -0.353], [0.669130606358858, 0.0, -0.7431448254773944, 0.21666666666666667], [0.0, 0.0, 0.0, 1.0]]","[[-0.7430710849285398, 3.1352165390083106e-07, -0.6692124944612321, 0.35332652902754447], [3.210890083761366e-07, 0.9999999999999423, 1.1196697119119446e-07, -0.35299891439666303], [0.6692124944612285, -1.3167735748027434e-07, -0.7430710849285975, 0.2166315241549402], [0.0, 0.0, 0.0, 1.0]]"
3.075,-63.671501556100765,9.388205150982893,45.73405875781328,-101.06652771473212,-32.612749682936446,28.4517489216932,13.153890784765084,-63.66680921614097,-9.392716490929686,-45.729513266920634,-101.06647990340792,32.60889745624456,28.448835846012187,-13.159080020987002,"[[-0.7475083268625969, -0.0, -0.6642524379112816, 0.35375], [0.0, 1.0, -0.0, 0.3530625], [0.6642524379112816, 0.0, -0.7475083268625969, 0.21875], [0.0, 0.0, 0.0, 1.0]]","[[-0.7474820050040292, -3.0233247673886025e-08, -0.6642820577097924, 0.3537475677598292], [-1.3376652346686301e-07, 0.9999999999999856, 1.0500783617434049e-07, 0.3530620521953339], [0.6642820577097795, 1.673501693859836e-07, -0.7474820050040223, 0.2187373338577588], [0.0, 0.0, 0.0, 1.0]]","[[-0.7475083268625969, -0.0, -0.6642524379112816, 0.35375], [0.0, 1.0, -0.0, -0.3530625], [0.6642524379112816, 0.0, -0.7475083268625969, 0.21875], [0.0, 0.0, 0.0, 1.0]]","[[-0.7473051298379738, 9.620759130974984e-07, -0.6644810327743924, 0.3537309457399669], [6.65304472989883e-07, 0.9999999999995339, 6.996294018905464e-07, -0.3530596318143298], [0.6644810327747559, 8.075443769653852e-08, -0.7473051298382658, 0.21865254155631625], [0.0, 0.0, 0.0, 1.0]]"
3.0833333333333335,-63.6365309875503,9.88595347920028,45.25969870486131,-100.69155715948759,-32.086568984751594,27.9057845805774,13.346203298583255,-63.6567346871152,-9.871531534767797,-45.27444166818478,-100.68725414031047,32.098726721474215,27.912117873485293,-13.325856165045787,"[[-0.7518398074789772, -0.0, -0.659345815100069, 0.3541666666666667], [0.0, 1.0, -0.0, 0.353125], [0.659345815100069, 0.0, -0.7518398074789772, 0.22083333333333333], [0.0, 0.0, 0.0, 1.0]]","[[-0.7517187698218823, -5.916678909477677e-07, -0.6594838065465486, 0.35415526623134375], [-4.546287686440626e-07, 0.9999999999998248, -3.789553432185332e-07, 0.35312326844485403], [0.6594838065466574, 1.4952466489291583e-08, -0.7517187698220198, 0.22077481928338427], [0.0, 0.0, 0.0, 1.0]]","[[-0.7518398074789772, -0.0, -0.659345815100069, 0.3541666666666667], [0.0, 1.0, -0.0, -0.353125], [0.659345815100069, 0.0, -0.7518398074789772, 0.22083333333333333], [0.0, 0.0, 0.0, 1.0]]","[[-0.7517671800916189, 3.102945566502982e-07, -0.6594286215633953, 0.3541598431135581], [3.3084422807880117e-07, 0.999999999999941, 9.337890750313962e-08, -0.3531239176478313], [0.6594286215633853, -1.47968955300538e-07, -0.7517671800916771, 0.22079820875896689], [0.0, 0.0, 0.0, 1.0]]"
3.091666666666667,-63.66116747988654,10.337153214450383,44.83318412704528,-100.30925098107446,-31.603322855689434,27.38617110927951,13.48393235564927,-63.7011035959636,-10.303018490299598,-44.86745118611123,-100.30490698076234,31.63304100876816,27.404493091728067,-13.441354663910703,"[[-0.7561390817803226, -0.0, -0.6544109481086106, 0.35458333333333336], [0.0, 1.0, -0.0, 0.3531875], [0.6544109481086106, 0.0, -0.7561390817803226, 0.22291666666666665], [0.0, 0.0, 0.0, 1.0]]","[[-0.7560189911995562, -6.036009709700109e-07, -0.6545496810366968, 0.35457190000169303], [-4.930784241030516e-07, 0.9999999999998165, -3.526459868281612e-07, 0.3531857570876381], [0.6545496810367893, 5.6137262010331095e-08, -0.7560189911997149, 0.222858167767794], [0.0, 0.0, 0.0, 1.0]]","[[-0.7561390817803226, -0.0, -0.6544109481086106, 0.35458333333333336], [0.0, 1.0, -0.0, -0.3531875], [0.6544109481086106, 0.0, -0.7561390817803226, 0.22291666666666665], [0.0, 0.0, 0.0, 1.0]]","[[-0.7559388999467022, 1.0096449689648507e-06, -0.6546421767243161, 0.3545642367112085], [7.031597352835171e-07, 0.9999999999994863, 7.303213712559701e-07, -0.35318464714138564], [0.6546421767247171, 9.17603143039096e-08, -0.7559388999470237, 0.22281919370855996], [0.0, 0.0, 0.0, 1.0]]"
3.1,-63.66344876306932,10.821990777589154,44.374017829902,-99.91947257570935,-31.09139676230239,26.842715155136396,13.65776835398891,-63.69825540707971,-10.787066312815586,-44.4085717569131,-99.91941793419599,31.122648292849785,26.863887034016145,-13.618443539842563,"[[-0.7604059656000309, -0.0, -0.6494480483301838, 0.35500000000000004], [0.0, 1.0, -0.0, 0.35325], [0.6494480483301838, 0.0, -0.7604059656000309, 0.22499999999999998], [0.0, 0.0, 0.0, 1.0]]","[[-0.7603802442084606, -4.795051770007596e-08, -0.6494781630027908, 0.3549975628701628], [-1.2110340048224163e-07, 0.9999999999999905, 6.7953193882666e-08, 0.353249565330052], [0.6494781630027813, 1.3032428023784403e-07, -0.7603802442084591, 0.22498734366708079], [0.0, 0.0, 0.0, 1.0]]","[[-0.7604059656000309, -0.0, -0.6494480483301838, 0.35500000000000004], [0.0, 1.0, -0.0, -0.35325], [0.6494480483301838, 0.0, -0.7604059656000309, 0.22499999999999998], [0.0, 0.0, 0.0, 1.0]]","[[-0.7602868056393408, 6.239399180389814e-07, -0.6495875408059626, 0.3549885654474415], [4.5506245635354834e-07, 0.999999999999805, 4.27905277226458e-07, -0.35324827634491784], [0.6495875408061029, 2.972783440289815e-08, -0.7602868056394765, 0.2249415075698456], [0.0, 0.0, 0.0, 1.0]]"
3.1083333333333334,-63.676494424384046,11.297080807008669,43.924789458001094,-99.53081432136811,-30.59107174522062,26.30770814499659,13.827052031246739,-63.710160426803036,-11.262822285679178,-43.958469120798426,-99.53075967985475,30.62169489836437,26.328157731371608,-13.788486221871908,"[[-0.7646402761590002, -0.0, -0.6444573283588975, 0.3554166666666667], [0.0, 0.9999999999999999, -0.0, 0.3533125], [0.6444573283588975, 0.0, -0.7646402761590002, 0.2270833333333333], [0.0, 0.0, 0.0, 1.0]]","[[-0.7645977217467593, -1.6669802983241692e-07, -0.6445078152355003, 0.3554125792695303], [-1.788115257180283e-07, 0.999999999999983, -4.6514788397706786e-08, 0.3533118435385288], [0.6445078152354969, 7.968032454303366e-08, -0.764597721746776, 0.22706225696348045], [0.0, 0.0, 0.0, 1.0]]","[[-0.7646402761590002, -0.0, -0.6444573283588975, 0.3554166666666667], [0.0, 0.9999999999999999, -0.0, -0.3533125], [0.6444573283588975, 0.0, -0.7646402761590002, 0.2270833333333333], [0.0, 0.0, 0.0, 1.0]]","[[-0.764569319322211, 3.04438258006939e-07, -0.6445415083228377, 0.35540983924969494], [2.8726555914751485e-07, 0.9999999999999503, 1.3157232527267687e-07, -0.35331143524303665], [0.6445415083228455, -8.455841360677148e-08, -0.7645693193222602, 0.22704822759364474], [0.0, 0.0, 0.0, 1.0]]"
3.1166666666666667,-63.69977170907545,11.762496727242508,43.48513018112737,-99.14336501050997,-30.102078011971898,25.78095883356333,13.991871326108315,-63.71828152172618,-11.748983197969638,-43.49851393680601,-99.13891855736028,30.11342295618329,25.786018296191017,-13.972666541709533,"[[-0.7688418320734596, -0.0, -0.6394390019805848, 0.35583333333333333], [0.0, 1.0, -0.0, 0.353375], [0.6394390019805848, 0.0, -0.7688418320734596, 0.22916666666666663], [0.0, 0.0, 0.0, 1.0]]","[[-0.7688164969664206, -6.791190532026233e-08, -0.6394694629083374, 0.35583090257168026], [-9.295723043308692e-08, 0.9999999999999958, 5.559525755671284e-09, 0.3533745896232731], [0.6394694629083343, 6.371756533476243e-08, -0.7688164969664235, 0.22915400701159272], [0.0, 0.0, 0.0, 1.0]]","[[-0.7688418320734596, -0.0, -0.6394390019805848, 0.35583333333333333], [0.0, 1.0, -0.0, -0.353375], [0.6394390019805848, 0.0, -0.7688418320734596, 0.22916666666666663], [0.0, 0.0, 0.0, 1.0]]","[[-0.7687714245074656, 3.2913088724447925e-07, -0.6395236483982855, 0.35582650414393746], [2.7918580522339036e-07, 0.999999999999945, 1.790407881669173e-07, -0.35337394955963236], [0.6395236483983092, -4.090448297345528e-08, -0.7687714245075153, 0.22913155742813252], [0.0, 0.0, 0.0, 1.0]]"
3.125,-63.740964579959794,12.221074774343517,43.05231133870742,-98.74835468024062,-29.620074977338682,25.254873758026854,14.147386195773043,-63.759064581260326,-12.207805424333475,-43.06536041511673,-98.74387407614509,29.631208185685804,25.259622447047303,-14.128476817055864,"[[-0.773010453362737, -0.0, -0.6343932841636455, 0.35625], [0.0, 1.0, -0.0, 0.3534375], [0.6343932841636455, 0.0, -0.773010453362737, 0.23124999999999996], [0.0, 0.0, 0.0, 1.0]]","[[-0.7728940455730091, -6.29843217369277e-07, -0.6345351009340546, 0.3562385609614945], [-4.812343809418186e-07, 0.9999999999998019, -4.064393434414751e-07, 0.3534357868533089], [0.6345351009341847, -8.77444194866513e-09, -0.772894045573159, 0.23119150651976206], [0.0, 0.0, 0.0, 1.0]]","[[-0.773010453362737, -0.0, -0.6343932841636455, 0.35625], [0.0, 1.0, -0.0, -0.3534375], [0.6343932841636455, 0.0, -0.773010453362737, 0.23124999999999996], [0.0, 0.0, 0.0, 1.0]]","[[-0.7728164380382538, 1.010606659698136e-06, -0.6346296188304202, 0.35623092254445743], [7.049508008281569e-07, 0.9999999999994822, 7.33985743791531e-07, -0.3534346614497898], [0.6346296188308335, 1.198535900640567e-07, -0.772816438038566, 0.23115255807134605], [0.0, 0.0, 0.0, 1.0]]"
3.1333333333333333,-63.78297024335537,12.690614421288752,42.60875202381762,-98.3456398965875,-29.12919269678445,24.718919059139708,14.313836198298961,-63.81587126458732,-12.659177621860122,-42.63923857317797,-98.34290782091949,29.156769585558376,24.735075871621373,-14.276031955016588,"[[-0.7771459614569709, -0.0, -0.6293203910498374, 0.3566666666666667], [0.0, 1.0, -0.0, 0.3535], [0.6293203910498374, 0.0, -0.7771459614569709, 0.23333333333333328], [0.0, 0.0, 0.0, 1.0]]","[[-0.7771043995757113, -2.2876658837279541e-07, -0.6293717122337332, 0.3566625658891679], [-2.3525734223378924e-07, 0.9999999999999699, -7.300466766666254e-08, 0.3534993488960265], [0.6293717122337308, 9.133206786391116e-08, -0.7771043995757415, 0.23331224935087533], [0.0, 0.0, 0.0, 1.0]]","[[-0.7771459614569709, -0.0, -0.6293203910498374, 0.3566666666666667], [0.0, 1.0, -0.0, -0.3535], [0.6293203910498374, 0.0, -0.7771459614569709, 0.23333333333333328], [0.0, 0.0, 0.0, 1.0]]","[[-0.7769535493512627, 1.0468038787387154e-06, -0.629557925968198, 0.3566475519310858], [7.19913375901032e-07, 0.9999999999994411, 7.742967024943753e-07, -0.3534971633981492], [0.6295579259686568, 1.4836539944496614e-07, -0.7769535493515822, 0.23323590503629404], [0.0, 0.0, 0.0, 1.0]]"
3.1416666666666666,-63.85396322958849,13.133106519120735,42.19080591831537,-97.9413951505603,-28.664169512427886,24.198815521768868,14.454020708371596,-63.88090832586418,-13.10068702622527,-42.221992562065644,-97.94405209414742,28.69355981642645,24.218851881699102,-14.419852687048607,"[[-0.7812481792047583, -0.0, -0.624220539945018, 0.35708333333333336], [0.0, 1.0, -0.0, 0.3535625], [0.624220539945018, 0.0, -0.7812481792047583, 0.2354166666666666], [0.0, 0.0, 0.0, 1.0]]","[[-0.7812068903925375, -1.7663875036636903e-07, -0.6242722117820002, 0.35707926508177185], [-1.804084563157984e-07, 0.999999999999982, -5.71904700122237e-08, 0.35356185730171213], [0.6242722117819991, 6.794639681010289e-08, -0.7812068903925555, 0.2353955702373], [0.0, 0.0, 0.0, 1.0]]","[[-0.7812481792047583, -0.0, -0.624220539945018, 0.35708333333333336], [0.0, 1.0, -0.0, -0.3535625], [0.624220539945018, 0.0, -0.7812481792047583, 0.2354166666666666], [0.0, 0.0, 0.0, 1.0]]","[[-0.7810573333927306, 1.0322688285155346e-06, -0.6244593196937421, 0.3570642265464321], [6.972373842697352e-07, 0.999999999999452, 7.809739418329226e-07, -0.3535596734456512], [0.624459319694206, 1.7458904181110905e-07, -0.7810573333930224, 0.23531923800080123], [0.0, 0.0, 0.0, 1.0]]"
3.15,-63.96413418090079,13.531689892099646,41.81417562710253,-97.53928142355413,-28.24043311405676,23.705774901436914,14.551982696542504,-63.97692712521623,-13.517787042044084,-41.82754230730824,-97.53922678204077,28.252939190427053,23.71346569444235,-14.53633814824859,"[[-0.7853169308807447, -0.0, -0.6190939493098342, 0.35750000000000004], [0.0, 0.9999999999999999, -0.0, 0.35362499999999997], [0.6190939493098342, 0.0, -0.7853169308807447, 0.23749999999999993], [0.0, 0.0, 0.0, 1.0]]","[[-0.7851275870495626, -1.0203228257520743e-06, -0.6193340552986655, 0.3574809115487821], [-6.908735511569265e-07, 0.9999999999994635, -7.716335594445335e-07, 0.35362218199250917], [0.6193340552991207, -1.7794927647654243e-07, -0.7851275870498464, 0.23740255808088845], [0.0, 0.0, 0.0, 1.0]]","[[-0.7853169308807447, -0.0, -0.6190939493098342, 0.35750000000000004], [0.0, 0.9999999999999999, -0.0, -0.35362499999999997], [0.6190939493098342, 0.0, -0.7853169308807447, 0.23749999999999993], [0.0, 0.0, 0.0, 1.0]]","[[-0.7852033484872807, 6.032641947533557e-07, -0.6192380007105495, 0.3574885565415431], [4.118563385770692e-07, 0.9999999999998133, 4.5196389479598213e-07, -0.3536233016672489], [0.6192380007107064, 9.984646790872676e-08, -0.7852033484873824, 0.23744151972651473], [0.0, 0.0, 0.0, 1.0]]"
3.158333333333333,-64.05680618755953,13.957804903849231,41.4100948056154,-97.13115029988919,-27.79313597814367,23.194183487319204,14.68138404546298,-64.08689317085343,-13.928276288519973,-41.438419600103444,-97.12835675251866,27.819061668685748,23.208489318535793,-14.645665571198398,"[[-0.7893520421931498, -0.0, -0.6139408387503666, 0.35791666666666666], [0.0, 0.9999999999999999, -0.0, 0.3536875], [0.6139408387503666, 0.0, -0.7893520421931498, 0.23958333333333326], [0.0, 0.0, 0.0, 1.0]]","[[-0.7892844529336744, -3.8603655795563293e-07, -0.6140277293062926, 0.3579098167469608], [-3.356759868879117e-07, 0.9999999999999243, -1.972105077707378e-07, 0.35368645407834776], [0.6140277293063221, 5.0459176272834334e-08, -0.7892844529337442, 0.23954822972958822], [0.0, 0.0, 0.0, 1.0]]","[[-0.7893520421931498, -0.0, -0.6139408387503666, 0.35791666666666666], [0.0, 0.9999999999999999, -0.0, -0.3536875], [0.6139408387503666, 0.0, -0.7893520421931498, 0.23958333333333326], [0.0, 0.0, 0.0, 1.0]]","[[-0.7893114602532463, 2.264247859976078e-07, -0.6139930119413712, 0.3579125710035628], [2.2882410845700697e-07, 0.9999999999999711, 7.461207850787117e-08, -0.3536868552379773], [0.6139930119413703, -8.160423491673906e-08, -0.7893114602532751, 0.23956223671123927], [0.0, 0.0, 0.0, 1.0]]"
3.1666666666666665,-64.16417676131212,14.376622712244304,41.011870871341564,-96.71691981729542,-27.35309933331831,22.6834099883546,14.80294945985816,-64.20552672654738,-14.330590652333003,-41.055884610353125,-96.71686517578206,27.394148770230082,22.708312858068467,-14.750806088186991,"[[-0.7933533402912349, -0.0, -0.6087614290087208, 0.35833333333333334], [0.0, 1.0, -0.0, 0.35375], [0.6087614290087208, 0.0, -0.7933533402912349, 0.24166666666666659], [0.0, 0.0, 0.0, 1.0]]","[[-0.7933131824008275, -2.2386591537218308e-07, -0.6088137602165552, 0.3583292111069959], [-1.930269385008687e-07, 0.9999999999999747, -1.1618512117039528e-07, 0.35374936494234943], [0.6088137602165659, 2.534626802849156e-08, -0.7933131824008506, 0.2416456064304238], [0.0, 0.0, 0.0, 1.0]]","[[-0.7933533402912349, -0.0, -0.6087614290087208, 0.35833333333333334], [0.0, 1.0, -0.0, -0.35375], [0.6087614290087208, 0.0, -0.7933533402912349, 0.24166666666666659], [0.0, 0.0, 0.0, 1.0]]","[[-0.7931672523770559, 1.0312819562218605e-06, -0.6090038667821154, 0.3583142057550951], [7.113585680172279e-07, 0.9999999999994531, 7.669173561081743e-07, -0.3537471756233912], [0.609003866782573, 1.7507361355351657e-07, -0.7931672523773556, 0.2415692536665722], [0.0, 0.0, 0.0, 1.0]]"
3.175,-64.29237258184409,14.769981844281801,40.636599787773555,-96.30486133485773,-26.93770601101835,22.18867377356119,14.903086863279716,-64.34665892536735,-14.708870434230404,-40.694946678758384,-96.30481352353354,26.992192137574833,22.221345983455947,-14.833710924332605,"[[-0.7973206537727071, -0.0, -0.6035559419535717, 0.35875], [0.0, 1.0, -0.0, 0.3538125], [0.6035559419535717, 0.0, -0.7973206537727071, 0.2437499999999999], [0.0, 0.0, 0.0, 1.0]]","[[-0.7972807534691488, -2.3292942290507485e-07, -0.6036086481716542, 0.3587459125080339], [-2.1681983172010308e-07, 0.9999999999999716, -9.950676532906398e-08, 0.3538118714697574], [0.6036086481716602, 5.153949668454304e-08, -0.7972807534691768, 0.24372891182779632], [0.0, 0.0, 0.0, 1.0]]","[[-0.7973206537727071, -0.0, -0.6035559419535717, 0.35875], [0.0, 1.0, -0.0, -0.3538125], [0.6035559419535717, 0.0, -0.7973206537727071, 0.2437499999999999], [0.0, 0.0, 0.0, 1.0]]","[[-0.7972542125522559, 3.8878762281114425e-07, -0.603643703327991, 0.35874314546544217], [3.1619801354048667e-07, 0.9999999999999247, 2.2645382327633075e-07, -0.35381146477706393], [0.6036437033280334, -1.0329675322914807e-08, -0.7972542125523185, 0.24371488773858693], [0.0, 0.0, 0.0, 1.0]]"
3.183333333333333,-64.44307387569125,15.140032955776629,40.28205149814736,-95.89133436174848,-26.54439469030504,21.705885267173425,14.980995416047467,-64.48627482219159,-15.09702496212035,-40.323053123734944,-95.88659421046448,26.58213660811124,21.72533764592962,-14.928239034898288,"[[-0.8012538126910604, -0.0, -0.5983246005706592, 0.3591666666666667], [0.0, 1.0, -0.0, 0.353875], [0.5983246005706592, 0.0, -0.8012538126910604, 0.24583333333333324], [0.0, 0.0, 0.0, 1.0]]","[[-0.8011878971972974, -3.7905441014508854e-07, -0.598412861981115, 0.3591598337666459], [-2.8389916203495835e-07, 0.9999999999999276, -2.533331870513542e-07, 0.3538739792915449], [0.5984128619811676, -3.307857335658437e-08, -0.8011878971973472, 0.2457982115154641], [0.0, 0.0, 0.0, 1.0]]","[[-0.8012538126910604, -0.0, -0.5983246005706592, 0.3591666666666667], [0.0, 1.0, -0.0, -0.353875], [0.5983246005706592, 0.0, -0.8012538126910604, 0.24583333333333324], [0.0, 0.0, 0.0, 1.0]]","[[-0.8011879351442351, 3.5752533194994745e-07, -0.5984128111756878, 0.35915982203080954], [2.8605671957844173e-07, 0.9999999999999362, 2.144675666361363e-07, -0.3538739608501577], [0.5984128111757262, 6.488211499839856e-10, -0.8011879351442862, 0.24579823571612242], [0.0, 0.0, 0.0, 1.0]]"
3.1916666666666664,-64.59852215101158,15.521429011482848,39.91496639629961,-95.46500761413462,-26.14063488770891,21.208633835218155,15.066873092029331,-64.6362589461759,-15.477995838550738,-39.956374418142815,-95.46495980281043,26.179508909370035,21.231286157600504,-15.017384956398002,"[[-0.8051526485628582, -0.0, -0.5930676289532372, 0.35958333333333337], [0.0, 1.0, -0.0, 0.3539375], [0.5930676289532372, 0.0, -0.8051526485628582, 0.24791666666666667], [0.0, 0.0, 0.0, 1.0]]","[[-0.8051135375044606, -2.0974157218193564e-07, -0.5931207227259977, 0.35957920366248847], [-1.9989630013501595e-07, 0.9999999999999766, -8.228064368056115e-08, 0.3539368585359762], [0.593120722726001, 5.231737790453297e-08, -0.8051135375044837, 0.2478956182789811], [0.0, 0.0, 0.0, 1.0]]","[[-0.8051526485628582, -0.0, -0.5930676289532372, 0.35958333333333337], [0.0, 1.0, -0.0, -0.3539375], [0.5930676289532372, 0.0, -0.8051526485628582, 0.24791666666666667], [0.0, 0.0, 0.0, 1.0]]","[[-0.8049713796363388, 1.0394890306854025e-06, -0.5933136421533632, 0.3595641867761266], [7.146506155217229e-07, 0.9999999999994388, 7.824120427528377e-07, -0.3539346835268193], [0.5933136421538435, 2.058073419365014e-07, -0.8049713796366297, 0.24781927075448035], [0.0, 0.0, 0.0, 1.0]]"
3.2,-64.71157544215363,15.954408363348296,39.49699638513526,-95.03706211168748,-25.692104902650634,20.684160684325803,15.216141753698082,-64.78619525883602,-15.86747030049779,-39.57977827787582,-95.03701430036328,25.769856361067472,20.728934281882527,-15.116806897504,"[[-0.8090169943749473, -0.0, -0.5877852522924731, 0.36000000000000004], [0.0, 0.9999999999999999, -0.0, 0.354], [0.5877852522924731, 0.0, -0.8090169943749473, 0.25], [0.0, 0.0, 0.0, 1.0]]","[[-0.808993649107083, -1.4876289468987967e-07, -0.5878173829552708, 0.35999756918944537], [-1.6900667985973524e-07, 0.9999999999999856, -2.0478407709139974e-08, 0.3539996158507777], [0.5878173829552652, 8.277816247658908e-08, -0.8089936491070966, 0.24998732591677145], [0.0, 0.0, 0.0, 1.0]]","[[-0.8090169943749473, -0.0, -0.5877852522924731, 0.36000000000000004], [0.0, 0.9999999999999999, -0.0, -0.354], [0.5877852522924731, 0.0, -0.8090169943749473, 0.25], [0.0, 0.0, 0.0, 1.0]]","[[-0.8089091996835056, 6.228091450409908e-07, -0.5879335903543891, 0.35998853081134513], [4.608552246106948e-07, 0.9999999999998033, 4.252506035254167e-07, -0.3539982952739394], [0.5879335903545383, 7.303685852372829e-08, -0.8089091996836335, 0.24994154241205294], [0.0, 0.0, 0.0, 1.0]]"
3.2083333333333335,-64.88177692608117,16.318264493265925,39.143001340831844,-94.61135008109892,-25.30687881836733,20.19763094182016,15.293954683817452,-64.93362489207074,-16.263317328940463,-39.19522155213118,-94.60669189208497,25.3555370860145,20.22229817000766,-15.22741668847048,"[[-0.8128466845916152, -0.0, -0.5824776968678023, 0.3604166666666667], [0.0, 1.0, -0.0, 0.3540625], [0.5824776968678023, 0.0, -0.8128466845916152, 0.2520833333333333], [0.0, 0.0, 0.0, 1.0]]","[[-0.8128082456602596, -2.473423878163857e-07, -0.582531334596372, 0.36041254278837576], [-2.0343372993372655e-07, 0.9999999999999695, -1.407474067255669e-07, 0.35406188442238107], [0.5825313345963891, 4.105869458372606e-09, -0.8128082456602849, 0.25206227482386834], [0.0, 0.0, 0.0, 1.0]]","[[-0.8128466845916152, -0.0, -0.5824776968678023, 0.3604166666666667], [0.0, 1.0, -0.0, -0.3540625], [0.5824776968678023, 0.0, -0.8128466845916152, 0.2520833333333333], [0.0, 0.0, 0.0, 1.0]]","[[-0.8127825383302553, 3.827340377244975e-07, -0.5825672024627552, 0.36040982337501665], [2.894605927344705e-07, 0.9999999999999262, 2.531304917128317e-07, -0.3540614839488741], [0.5825672024628089, 3.710979585060964e-08, -0.8127825383303061, 0.25204821715748316], [0.0, 0.0, 0.0, 1.0]]"
3.216666666666667,-65.04798274934427,16.688756151962217,38.780748597821876,-94.18411491832545,-24.916796469584146,19.707086755629845,15.383746058193731,-65.11034237646648,-16.620949448976916,-38.84521192320846,-94.17921767269056,24.977055813536584,19.73771161632089,-15.302140665537712,"[[-0.8166415551616788, -0.0, -0.5771451900372336, 0.36083333333333334], [0.0, 1.0, -0.0, 0.35412499999999997], [0.5771451900372336, 0.0, -0.8166415551616788, 0.25416666666666665], [0.0, 0.0, 0.0, 1.0]]","[[-0.8165357280702147, -6.243058626097807e-07, -0.5772949027875222, 0.36082185786857585], [-4.681573415783967e-07, 0.9999999999998025, -4.192634746709504e-07, 0.3541232982130705], [0.5772949027876698, -7.207875954792721e-08, -0.8165357280703457, 0.2541082251077622], [0.0, 0.0, 0.0, 1.0]]","[[-0.8166415551616788, -0.0, -0.5771451900372336, 0.36083333333333334], [0.0, 1.0, -0.0, -0.35412499999999997], [0.5771451900372336, 0.0, -0.8166415551616788, 0.25416666666666665], [0.0, 0.0, 0.0, 1.0]]","[[-0.8165780332669634, 3.940640411574758e-07, -0.5772350609463208, 0.3608264739221506], [3.0285706410454524e-07, 0.9999999999999218, 2.5424237943785656e-07, -0.3541239822886965], [0.5772350609463759, 3.278902631806699e-08, -0.8165780332670189, 0.25413158018773513], [0.0, 0.0, 0.0, 1.0]]"
3.225,-65.23307404566243,17.054248112186063,38.42087959083224,-93.74363601875133,-24.530665385235814,19.2100812104847,15.463213601639538,-65.28916355912659,-16.986707786578393,-38.48525412375962,-93.74358820742714,24.59145406884893,19.24361743930946,-15.38547751114833,"[[-0.8204014435255135, -0.0, -0.5717879602276122, 0.36125], [0.0, 0.9999999999999999, -0.0, 0.3541875], [0.5717879602276122, 0.0, -0.8204014435255135, 0.25625], [0.0, 0.0, 0.0, 1.0]]","[[-0.820338513183936, -3.8615856010965035e-07, -0.57187824209968, 0.361243130843392], [-3.1973645046571064e-07, 0.9999999999999254, -2.16595818139696e-07, 0.3541864679597317], [0.571878242099721, 5.168427812945626e-09, -0.8203385131839982, 0.2562149060821918], [0.0, 0.0, 0.0, 1.0]]","[[-0.8204014435255135, -0.0, -0.5717879602276122, 0.36125], [0.0, 0.9999999999999999, -0.0, -0.3541875], [0.5717879602276122, 0.0, -0.8204014435255135, 0.25625], [0.0, 0.0, 0.0, 1.0]]","[[-0.8201100913890503, 1.6010194146769148e-06, -0.5722057654369452, 0.36121807295068625], [1.0834779292287757e-06, 0.9999999999986381, 1.2450909692824701e-06, -0.35418280063809643], [0.5722057654381592, 4.011393507775402e-07, -0.8201100913896681, 0.25608768709516244], [0.0, 0.0, 0.0, 1.0]]"
3.2333333333333334,-65.43470806015038,17.3976478255395,38.07995411350564,-93.30442070417365,-24.165735208071204,18.72525901527156,15.523930568266366,-65.48065474269707,-17.34570765199614,-38.129425173664046,-93.30141542093885,24.21226757933921,18.748618262233002,-15.46175535625174,"[[-0.8241261886220157, -0.0, -0.5664062369248328, 0.3616666666666667], [0.0, 1.0, -0.0, 0.35425], [0.5664062369248328, 0.0, -0.8241261886220157, 0.2583333333333333], [0.0, 0.0, 0.0, 1.0]]","[[-0.8241037245180706, -1.3042773438786874e-07, -0.566438921010401, 0.36166421735864185], [-1.4215670028649724e-07, 0.9999999999999897, -2.343742233122818e-08, 0.3542496115031502], [0.5664389210103982, 6.12082208884143e-08, -0.8241037245180806, 0.2583206754235871], [0.0, 0.0, 0.0, 1.0]]","[[-0.8241261886220157, -0.0, -0.5664062369248328, 0.3616666666666667], [0.0, 1.0, -0.0, -0.35425], [0.5664062369248328, 0.0, -0.8241261886220157, 0.2583333333333333], [0.0, 0.0, 0.0, 1.0]]","[[-0.8240887903307544, 2.3267160578292103e-07, -0.5664606479281151, 0.3616625542478648], [1.8667956256915823e-07, 0.999999999999973, 1.3916424940400548e-07, -0.3542493797964455], [0.5664606479281322, 8.937071980771828e-09, -0.8240887903307755, 0.2583122680026606], [0.0, 0.0, 0.0, 1.0]]"
3.2416666666666667,-65.64529645264022,17.73432151010777,37.74315065534314,-92.86158538933589,-23.807580578563247,18.241340112576157,15.579763949636636,-65.68990441810958,-17.683486119662657,-37.79164499845024,-92.85855961553357,23.85324722335395,18.263857538722394,-15.518693520720259,"[[-0.8278156308955021, -0.0, -0.5610002506640098, 0.36208333333333337], [0.0, 1.0, -0.0, 0.3543125], [0.5610002506640098, 0.0, -0.8278156308955021, 0.26041666666666663], [0.0, 0.0, 0.0, 1.0]]","[[-0.8277785682195797, -2.1871284501549096e-07, -0.5610549367007611, 0.36207923280322546], [-1.9099880075116075e-07, 0.999999999999976, -1.0802530596100696e-07, 0.3543118764437728], [0.5610549367007713, 1.773978696547941e-08, -0.8277785682196015, 0.26039559263276596], [0.0, 0.0, 0.0, 1.0]]","[[-0.8278156308955021, -0.0, -0.5610002506640098, 0.36208333333333337], [0.0, 1.0, -0.0, -0.3543125], [0.5610002506640098, 0.0, -0.8278156308955021, 0.26041666666666663], [0.0, 0.0, 0.0, 1.0]]","[[-0.8276441820657863, 1.0457944897425868e-06, -0.5612531584691188, 0.36206417404700836], [7.160580326125031e-07, 0.9999999999994178, 8.07395411840163e-07, -0.35430969997831374], [0.5612531584696364, 2.663462827851696e-07, -0.8276441820660532, 0.2603192757109598], [0.0, 0.0, 0.0, 1.0]]"
3.25,-65.86459333632182,18.06439381684322,37.410295046520915,-92.41509592329214,-23.456066600475832,17.758153747669237,15.630840104249991,-65.91551922677344,-18.001149680223488,-37.470899315026436,-92.41504811196795,23.513436774409353,17.788541259286625,-15.557371174442748,"[[-0.8314696123025455, -0.0, -0.5555702330196022, 0.36250000000000004], [0.0, 1.0000000000000002, -0.0, 0.354375], [0.5555702330196022, 0.0, -0.8314696123025455, 0.26249999999999996], [0.0, 0.0, 0.0, 1.0]]","[[-0.8314084696713526, -4.216670060290173e-07, -0.555661728535052, 0.36249311478082435], [-3.423333696767299e-07, 0.999999999999911, -2.466395218362913e-07, 0.35437397629588097], [0.5556617285351066, -1.483663548058438e-08, -0.831408469671423, 0.2624649013955569], [0.0, 0.0, 0.0, 1.0]]","[[-0.8314696123025455, -0.0, -0.5555702330196022, 0.36250000000000004], [0.0, 1.0000000000000002, -0.0, -0.354375], [0.5555702330196022, 0.0, -0.8314696123025455, 0.26249999999999996], [0.0, 0.0, 0.0, 1.0]]","[[-0.831408455714909, 4.091946497919643e-07, -0.55566174941738, 0.3624931265670066], [3.055030959161842e-07, 0.9999999999999144, 2.793008386178411e-07, -0.35437398783584423], [0.5556617494174466, 6.245669418592575e-08, -0.8314084557149627, 0.2624648936548324], [0.0, 0.0, 0.0, 1.0]]"
3.2583333333333333,-66.08539969181,18.400901869324116,37.068683135182724,-91.96187189072678,-23.099018461613415,17.267182674655796,15.690138099076748,-66.13189278949027,-18.338438081817056,-37.128805875351766,-91.96485668339407,23.156182022324543,17.299074535437878,-15.619539556268204,"[[-0.835087976318743, -0.0, -0.5501164165954936, 0.36291666666666667], [0.0, 1.0, -0.0, 0.3544375], [0.5501164165954936, 0.0, -0.835087976318743, 0.2645833333333333], [0.0, 0.0, 0.0, 1.0]]","[[-0.8350516595540546, -2.192730815010001e-07, -0.5501715422265778, 0.3629125511998959], [-1.690331813467934e-07, 0.9999999999999757, -1.4199506317882307e-07, 0.3544368830243355], [0.5501715422265956, -2.5575967086928943e-08, -0.8350516595540715, 0.2645622791314609], [0.0, 0.0, 0.0, 1.0]]","[[-0.835087976318743, -0.0, -0.5501164165954936, 0.36291666666666667], [0.0, 1.0, -0.0, -0.3544375], [0.5501164165954936, 0.0, -0.835087976318743, 0.2645833333333333], [0.0, 0.0, 0.0, 1.0]]","[[-0.8348076864693829, 1.6006788012125973e-06, -0.5505416665512923, 0.36288473095762536], [1.0973335062229184e-06, 0.9999999999986248, 1.243532319513044e-06, -0.3544328033191718], [0.5505416665525258, 4.339825214240511e-07, -0.8348076864699913, 0.2644210251001281], [0.0, 0.0, 0.0, 1.0]]"
3.2666666666666666,-66.33380684173419,18.69156910719047,36.76911786837514,-91.51607910397838,-22.78542398625062,16.803484546998213,15.706863524806817,-66.36973363676846,-18.657136416037144,-36.80191643676954,-91.50788287697438,22.81605909222542,16.81369397226009,-15.660761455456523,"[[-0.8386705679454239, -0.0, -0.5446390350150273, 0.36333333333333334], [0.0, 1.0, -0.0, 0.3545], [0.5446390350150273, 0.0, -0.8386705679454239, 0.2666666666666666], [0.0, 0.0, 0.0, 1.0]]","[[-0.8386106518042745, -3.8511548811224837e-07, -0.5447312866728529, 0.36332645146200937], [-2.8984784580230853e-07, 0.9999999999999242, -2.6076342720734594e-07, 0.35449897957568055], [0.5447312866729119, -6.078979767382263e-08, -0.8386106518043225, 0.2666315853637663], [0.0, 0.0, 0.0, 1.0]]","[[-0.8386705679454239, -0.0, -0.5446390350150273, 0.36333333333333334], [0.0, 1.0, -0.0, -0.3545], [0.5446390350150273, 0.0, -0.8386705679454239, 0.2666666666666666], [0.0, 0.0, 0.0, 1.0]]","[[-0.8385040720854948, 1.045662790043248e-06, -0.5448953304029593, 0.3633141909182986], [7.411292064225047e-07, 0.9999999999994225, 7.78540223866779e-07, -0.3544971986042661], [0.5448953304034587, 2.4897130418977313e-07, -0.8385040720857853, 0.26656925609074794], [0.0, 0.0, 0.0, 1.0]]"
3.275,-66.5825281803602,19.003655818293986,36.44584843005302,-91.05328597638584,-22.451591660377076,16.317226304512083,15.741931423552955,-66.61033388047132,-18.968073947812805,-36.480241847618615,-91.05324499525081,22.484245087251615,16.3337809755129,-15.700183599798544,"[[-0.8422172337162865, -0.0, -0.5391383229110005, 0.36375], [0.0, 1.0, -0.0, 0.3545625], [0.5391383229110005, 0.0, -0.8422172337162865, 0.26874999999999993], [0.0, 0.0, 0.0, 1.0]]","[[-0.8421816316360914, -2.5457421582990697e-07, -0.5391939348089019, 0.36374588215225867], [-2.1529487937215502e-07, 0.9999999999999677, -1.3586358879078466e-07, 0.35456188395933524], [0.539193934808919, 1.6638742651221202e-09, -0.8421816316361189, 0.2687289265718281], [0.0, 0.0, 0.0, 1.0]]","[[-0.8422172337162865, -0.0, -0.5391383229110005, 0.36375], [0.0, 1.0, -0.0, -0.3545625], [0.5391383229110005, 0.0, -0.8422172337162865, 0.26874999999999993], [0.0, 0.0, 0.0, 1.0]]","[[-0.8420524854196367, 1.0142876757545002e-06, -0.5393955986079082, 0.3637308263437201], [7.053861534856486e-07, 0.9999999999994476, 7.792342264481166e-07, -0.3545596936792269], [0.5393955986084007, 2.7567393059556337e-07, -0.8420524854198872, 0.2686526221684724], [0.0, 0.0, 0.0, 1.0]]"
3.283333333333333,-66.82137306544638,19.318479727707384,36.11779785931189,-90.59695420774811,-22.116847504249336,15.834560741529376,15.790439427038386,-66.86172582306281,-19.27341926220552,-36.161231032244004,-90.59172911303305,22.157787658134392,15.851499610671008,-15.7337215361706,"[[-0.8457278217039732, -0.0, -0.5336145159156117, 0.3641666666666667], [0.0, 1.0, -0.0, 0.35462499999999997], [0.5336145159156117, 0.0, -0.8457278217039732, 0.27083333333333326], [0.0, 0.0, 0.0, 1.0]]","[[-0.8456925991239134, -2.3575449220443267e-07, -0.5336703362441878, 0.3641625403516258], [-1.8089364677879432e-07, 0.9999999999999717, -1.5510338175736627e-07, 0.3546243932744023], [0.5336703362442091, -3.4632208750419154e-08, -0.845692599123932, 0.27081228052933765], [0.0, 0.0, 0.0, 1.0]]","[[-0.8457278217039732, -0.0, -0.5336145159156117, 0.3641666666666667], [0.0, 1.0, -0.0, -0.35462499999999997], [0.5336145159156117, 0.0, -0.8457278217039732, 0.27083333333333326], [0.0, 0.0, 0.0, 1.0]]","[[-0.8455647357596502, 9.695473832760953e-07, -0.533872904012531, 0.3641475047401065], [6.857706017126419e-07, 0.9999999999994985, 7.299189427256946e-07, -0.35462217728988293], [0.5338729040129708, 2.510793753090664e-07, -0.8455647357598911, 0.2707359451517231], [0.0, 0.0, 0.0, 1.0]]"
3.2916666666666665,-67.07331142317146,19.627665315960936,35.792233477428645,-90.13162024978432,-21.787225989999104,15.34800709336164,15.831634005470026,-67.11528976581036,-19.584338010960963,-35.83394544268992,-90.1232191171052,21.82644493621332,15.3615684339587,-15.774610463636881,"[[-0.8492021815265788, -0.0, -0.5280678506503681, 0.36458333333333337], [0.0, 0.9999999999999999, -0.0, 0.3546875], [0.5280678506503681, 0.0, -0.8492021815265788, 0.2729166666666666], [0.0, 0.0, 0.0, 1.0]]","[[-0.8490407717013098, -1.0065327650858872e-06, -0.5283273303434447, 0.3645641781602218], [-7.124960507692958e-07, 0.9999999999994573, -7.601245387873113e-07, 0.3546846939395099], [0.528327330343923, -2.6894558861789144e-07, -0.849040771701566, 0.2728192636522841], [0.0, 0.0, 0.0, 1.0]]","[[-0.8492021815265788, -0.0, -0.5280678506503681, 0.36458333333333337], [0.0, 0.9999999999999999, -0.0, -0.3546875], [0.5280678506503681, 0.0, -0.8492021815265788, 0.2729166666666666], [0.0, 0.0, 0.0, 1.0]]","[[-0.8490407536422447, 1.0284505363065098e-06, -0.5283273593649599, 0.3645641798010347], [7.430006066396664e-07, 0.9999999999994408, 7.525878307075952e-07, -0.35468468845235074], [0.5283273593654384, 2.464301904534606e-07, -0.8490407536425341, 0.2728192469342665], [0.0, 0.0, 0.0, 1.0]]"
3.3,-67.34639604656691,19.92050113888877,35.47952351156337,-89.65711334776519,-21.472651382490415,14.86218086034051,15.85280417680248,-67.39639986148057,-19.85460347377649,-35.5439526860041,-89.657065536441,21.533641556684042,14.891991220973031,-15.774482397589944,"[[-0.8526401643540922, -0.0, -0.522498564715949, 0.365], [0.0, 1.0, -0.0, 0.35475], [0.522498564715949, 0.0, -0.8526401643540922, 0.2749999999999999], [0.0, 0.0, 0.0, 1.0]]","[[-0.8525826961268173, -4.268147206128025e-07, -0.5225923327651728, 0.36499309378932865], [-3.280684185743922e-07, 0.9999999999999067, -2.814990855532696e-07, 0.3547489944991677], [0.5225923327652441, -6.855520914886741e-08, -0.8525826961268776, 0.27496491437005127], [0.0, 0.0, 0.0, 1.0]]","[[-0.8526401643540922, -0.0, -0.522498564715949, 0.365], [0.0, 1.0, -0.0, -0.35475], [0.522498564715949, 0.0, -0.8526401643540922, 0.2749999999999999], [0.0, 0.0, 0.0, 1.0]]","[[-0.852480431117416, 1.025647538183953e-06, -0.522759136276749, 0.36498083871947296], [7.157556313770599e-07, 0.9999999999994281, 7.947826066350692e-07, -0.3547472040210569], [0.5227591362772652, 3.033688235049965e-07, -0.8524804311176625, 0.27490257472930246], [0.0, 0.0, 0.0, 1.0]]"
3.308333333333333,-67.62249961357551,20.206085008465344,35.171447829049946,-89.18387003074251,-21.165770983081742,14.380580806868327,15.871824546093674,-67.67368505121559,-20.142384956718512,-35.2338211165505,-89.1806393512651,21.224698440146025,14.406748969125937,-15.793635955569952,"[[-0.8560416229147715, -0.0, -0.5169068966820276, 0.36541666666666667], [0.0, 1.0, -0.0, 0.3548125], [0.5169068966820276, 0.0, -0.8560416229147715, 0.27708333333333324], [0.0, 0.0, 0.0, 1.0]]","[[-0.8560074606308278, -2.6343620018469126e-07, -0.5169634680944993, 0.3654125608610114], [-2.041289152736162e-07, 0.9999999999999644, -1.7157948531050586e-07, 0.35481190282732294], [0.5169634680945262, -4.1346127538773705e-08, -0.8560074606308511, 0.277062256316322], [0.0, 0.0, 0.0, 1.0]]","[[-0.8560416229147715, -0.0, -0.5169068966820276, 0.36541666666666667], [0.0, 1.0, -0.0, -0.3548125], [0.5169068966820276, 0.0, -0.8560416229147715, 0.27708333333333324], [0.0, 0.0, 0.0, 1.0]]","[[-0.8559847243460718, 4.0027161917773665e-07, -0.5170011138150667, 0.36540978901905513], [3.1200689850250094e-07, 0.9999999999999182, 2.5763673734871964e-07, -0.3548114799933658], [0.5170011138151276, 5.92251975570876e-08, -0.8559847243461266, 0.2770482316950102], [0.0, 0.0, 0.0, 1.0]]"
3.3166666666666664,-67.90895774736585,20.474379961705324,34.877968260792834,-88.71198592136467,-20.875896047159106,13.907706320060834,15.876540791715566,-67.96054616616695,-20.412529183676273,-34.93868181232508,-88.7065832417312,20.93318596636988,13.931175703822644,-15.798808116318945,"[[-0.8594064115014526, -0.0, -0.511293086077052, 0.36583333333333334], [0.0, 1.0, -0.0, 0.354875], [0.511293086077052, 0.0, -0.8594064115014526, 0.2791666666666667], [0.0, 0.0, 0.0, 1.0]]","[[-0.8593126657846248, -6.253533299501774e-07, -0.5114506255952089, 0.3658218336448762], [-4.535482056011086e-07, 0.9999999999997911, -4.606771417259012e-07, 0.3548733160084505], [0.5114506255953901, -1.6389818923025413e-07, -0.859312665784729, 0.2791082238251757], [0.0, 0.0, 0.0, 1.0]]","[[-0.8594064115014526, -0.0, -0.511293086077052, 0.36583333333333334], [0.0, 1.0, -0.0, -0.354875], [0.511293086077052, 0.0, -0.8594064115014526, 0.2791666666666667], [0.0, 0.0, 0.0, 1.0]]","[[-0.8593126869680379, 6.19470011594136e-07, -0.5114505900039489, 0.3658218203262761], [4.458137292112213e-07, 0.9999999999997939, 4.6216902019107555e-07, -0.35487331546559403], [0.5114505900041296, 1.6913600773683866e-07, -0.8593126869681369, 0.27910822904476856], [0.0, 0.0, 0.0, 1.0]]"
3.3249999999999997,-68.19952082484735,20.74841739648999,34.57575629568187,-88.23073762263475,-20.580755035386392,13.425221757091133,15.887346150982527,-68.2644486030975,-20.667935569952437,-34.655266527809985,-88.22529396186624,20.655731729452917,13.456639773499546,-15.786805766399938,"[[-0.8627343859777918, -0.0, -0.5056573733779846, 0.36625], [0.0, 1.0, -0.0, 0.3549375], [0.5056573733779846, 0.0, -0.8627343859777918, 0.28125], [0.0, 0.0, 0.0, 1.0]]","[[-0.8626787603898838, -3.8191878152827184e-07, -0.5057522677873303, 0.3662431010171979], [-2.910336968570722e-07, 0.9999999999999241, -2.5872388721926856e-07, 0.3549364836961286], [0.5057522677873907, -7.600465012157603e-08, -0.8626787603899295, 0.28121492041262264], [0.0, 0.0, 0.0, 1.0]]","[[-0.8627343859777918, -0.0, -0.5056573733779846, 0.36625], [0.0, 1.0, -0.0, -0.3549375], [0.5056573733779846, 0.0, -0.8627343859777918, 0.28125], [0.0, 0.0, 0.0, 1.0]]","[[-0.8625797914026675, 9.849395405557842e-07, -0.50592104469251, 0.36623084253650245], [6.894367824665841e-07, 0.999999999999465, 7.713561407335588e-07, -0.3549347006124861], [0.5059210446929989, 3.165556417361828e-07, -0.8625797914028851, 0.28115257981500996], [0.0, 0.0, 0.0, 1.0]]"
3.3333333333333335,-68.50202307299806,21.017760783767564,34.27499233067494,-87.73993388925597,-20.290072429594407,12.937602599412875,15.891780651301158,-68.56741530411176,-20.928319456586248,-34.364238997464916,-87.73989290812095,20.374223775263548,12.976703724863906,-15.783462388801217,"[[-0.8660254037844387, -0.0, -0.49999999999999994, 0.3666666666666667], [0.0, 1.0, -0.0, 0.355], [0.49999999999999994, 0.0, -0.8660254037844387, 0.2833333333333333], [0.0, 0.0, 0.0, 1.0]]","[[-0.865992408621568, -2.4208632041470967e-07, -0.5000571449442124, 0.36666252721778], [-1.7602422974964057e-07, 0.9999999999999687, -1.792808574469149e-07, 0.35499940268345404], [0.5000571449442399, -6.723368779058443e-08, -0.8659924086215831, 0.2833122828748603], [0.0, 0.0, 0.0, 1.0]]","[[-0.8660254037844387, -0.0, -0.49999999999999994, 0.3666666666666667], [0.0, 1.0, -0.0, -0.355], [0.49999999999999994, 0.0, -0.8660254037844387, 0.2833333333333333], [0.0, 0.0, 0.0, 1.0]]","[[-0.8658726032995706, 1.0037977608120316e-06, -0.500264564859652, 0.3666474644990477], [7.164301575221967e-07, 0.9999999999994497, 7.665154443689054e-07, -0.3549971920528444], [0.500264564860146, 3.0530010227985774e-07, -0.8658726032998133, 0.28323593925377394], [0.0, 0.0, 0.0, 1.0]]"
3.341666666666667,-68.80691588735826,21.28024324602386,33.97856553579097,-87.25037325030614,-20.006716909234548,12.45388689484528,15.894260009969873,-68.87014294850506,-21.192944890694637,-34.066169542085554,-87.25033226917111,20.08924437742852,12.49172870416809,-15.788014709883031,"[[-0.8692793239451436, -0.0, -0.4943212082861445, 0.3670833333333334], [0.0, 0.9999999999999999, -0.0, 0.3550625], [0.4943212082861445, 0.0, -0.8692793239451436, 0.28541666666666665], [0.0, 0.0, 0.0, 1.0]]","[[-0.8692466650003039, -2.860886104844597e-07, -0.4943786356485967, 0.36707921346989913], [-2.2044864839889985e-07, 0.9999999999999576, -1.910769423438927e-07, 0.3550619063041691], [0.4943786356486303, -5.710789286485876e-08, -0.8692466650003301, 0.2853955885515219], [0.0, 0.0, 0.0, 1.0]]","[[-0.8692793239451436, -0.0, -0.4943212082861445, 0.3670833333333334], [0.0, 0.9999999999999999, -0.0, -0.3550625], [0.4943212082861445, 0.0, -0.8692793239451436, 0.28541666666666665], [0.0, 0.0, 0.0, 1.0]]","[[-0.8691282329815032, 1.0070775397671078e-06, -0.4945868120294311, 0.36706415582641133], [7.409852659564558e-07, 0.9999999999994561, 7.340800766820521e-07, -0.3550596880794548], [0.4945868120299014, 2.7152817946341465e-07, -0.8691282329817768, 0.28531925918890194], [0.0, 0.0, 0.0, 1.0]]"
3.35,-69.11395338111784,21.53603383044084,33.68638711857075,-86.76214449824445,-19.730510889388405,11.974055860368129,15.894876434542466,-69.17988519717596,-21.45191834326484,-33.77090046426591,-86.75655740350338,19.810058687556957,12.006019438136496,-15.788472332557422,"[[-0.8724960070727971, -0.0, -0.4886212414969548, 0.36750000000000005], [0.0, 0.9999999999999999, -0.0, 0.35512499999999997], [0.4886212414969548, 0.0, -0.8724960070727971, 0.2875], [0.0, 0.0, 0.0, 1.0]]","[[-0.8724637914344717, -2.3204548027957268e-07, -0.48867876221065004, 0.3674958463322201], [-1.7013331188750026e-07, 0.9999999999999709, -1.7109465850871765e-07, 0.35512439266529455], [0.48867876221067547, -6.61333581927199e-08, -0.8724637914344857, 0.28747896395314554], [0.0, 0.0, 0.0, 1.0]]","[[-0.8724960070727971, -0.0, -0.4886212414969548, 0.36750000000000005], [0.0, 0.9999999999999999, -0.0, -0.35512499999999997], [0.4886212414969548, 0.0, -0.8724960070727971, 0.2875], [0.0, 0.0, 0.0, 1.0]]","[[-0.8724064373446755, 6.179896955806149e-07, -0.488781145380209, 0.36748848125906947], [4.6927582209606033e-07, 0.9999999999997989, 4.267563294230924e-07, -0.3551233029130491], [0.4887811453803744, 1.429317951429392e-07, -0.8724064373447901, 0.2874415625547948], [0.0, 0.0, 0.0, 1.0]]"
3.3583333333333334,-69.43256121533142,21.7874326032215,33.39536641841485,-86.26414174548049,-19.458551539658714,11.488695787757853,15.889349103956633,-69.49169016297623,-21.704259682150962,-33.47984561316415,-86.26410076434546,19.53796444159116,11.524164106344083,-15.78707897396674,"[[-0.8756753153753998, -0.0, -0.48290034380003716, 0.36791666666666667], [0.0, 1.0, -0.0, 0.3551875], [0.48290034380003716, 0.0, -0.8756753153753998, 0.2895833333333333], [0.0, 0.0, 0.0, 1.0]]","[[-0.8756434144538141, -2.55356462950106e-07, -0.48295818734503404, 0.367912546975147], [-2.0390575816751362e-07, 0.9999999999999667, -1.5903598003739688e-07, 0.35518689729645947], [0.48295818734505847, -4.078085322715757e-08, -0.875643414453837, 0.28956225992706525], [0.0, 0.0, 0.0, 1.0]]","[[-0.8756753153753998, -0.0, -0.48290034380003716, 0.36791666666666667], [0.0, 1.0, -0.0, -0.3551875], [0.48290034380003716, 0.0, -0.8756753153753998, 0.2895833333333333], [0.0, 0.0, 0.0, 1.0]]","[[-0.8755867393058226, 6.369244683216055e-07, -0.4830609298539803, 0.3679051820514522], [4.6837533885954393e-07, 0.9999999999997803, 4.6954994407587734e-07, -0.35518582461243176], [0.48306092985417315, 1.8487787776446441e-07, -0.8755867393059283, 0.2895248635527116], [0.0, 0.0, 0.0, 1.0]]"
3.3666666666666667,-69.75670833296189,22.04305584800381,33.0966583403481,-85.75617374671747,-19.18264604813605,10.993963841832674,15.888336528412179,-69.81990807335201,-21.95331228495172,-33.18840827146888,-85.75613276558245,19.2687764411172,11.031932009655128,-15.777374982703444,"[[-0.8788171126619654, -0.0, -0.4771587602596087, 0.36833333333333335], [0.0, 1.0000000000000002, -0.0, 0.35525], [0.4771587602596087, 0.0, -0.8788171126619654, 0.29166666666666663], [0.0, 0.0, 0.0, 1.0]]","[[-0.878764630525094, -3.9781893593429375e-07, -0.47725540765709157, 0.36832642175959046], [-2.942361970750899e-07, 0.9999999999999141, -2.917820745249974e-07, 0.35524899172304214], [0.4772554076571666, -1.1598195073126047e-07, -0.8787646305251355, 0.2916315867897673], [0.0, 0.0, 0.0, 1.0]]","[[-0.8788171126619654, -0.0, -0.4771587602596087, 0.36833333333333335], [0.0, 1.0000000000000002, -0.0, -0.35525], [0.4771587602596087, 0.0, -0.8788171126619654, 0.29166666666666663], [0.0, 0.0, 0.0, 1.0]]","[[-0.8787646306370429, 3.9353818049261713e-07, -0.477255407450965, 0.36832642177676805], [3.0800689864840816e-07, 0.9999999999999194, 2.5745672034272403e-07, -0.3552489843816702], [0.47725540745102785, 7.924590184484422e-08, -0.8787646306370933, 0.29163158994616145], [0.0, 0.0, 0.0, 1.0]]"
3.375,-70.08609420568575,22.292306526290503,32.80156343235228,-85.24597910628502,-18.913372670297466,10.500264108245812,15.883690292229277,-70.15294809728184,-22.196477264687932,-32.90020160925102,-85.24594495533917,19.005832941091928,10.540495630004479,-15.76453422706382,"[[-0.8819212643483549, -0.0, -0.4713967368259978, 0.36875], [0.0, 1.0, -0.0, 0.3553125], [0.4713967368259978, 0.0, -0.8819212643483549, 0.29374999999999996], [0.0, 0.0, 0.0, 1.0]]","[[-0.8818901034399896, -2.331226306474148e-07, -0.4714550301508617, 0.3687458962584707], [-1.8684843041402082e-07, 0.9999999999999721, -1.4496154384039256e-07, 0.35531188927593077], [0.47145503015088236, -3.974951849774103e-08, -0.8818901034400087, 0.2937289208540296], [0.0, 0.0, 0.0, 1.0]]","[[-0.8819212643483549, -0.0, -0.4713967368259978, 0.36875], [0.0, 1.0, -0.0, -0.3553125], [0.4713967368259978, 0.0, -0.8819212643483549, 0.29374999999999996], [0.0, 0.0, 0.0, 1.0]]","[[-0.8818347951531856, 6.325358788149178e-07, -0.4715584736347543, 0.3687385022059709], [4.6652444818091963e-07, 0.9999999999997812, 4.68952208439134e-07, -0.35531082763105104], [0.4715584736349478, 1.9354481796806723e-07, -0.8818347951532878, 0.2936915209405329], [0.0, 0.0, 0.0, 1.0]]"
3.3833333333333333,-70.42274739968651,22.51746200473268,32.52933258260308,-84.74390556077573,-18.668433548924344,10.022842422998382,15.859376526331324,-70.47833147915208,-22.450071943286748,-32.59844726681444,-84.73467797520703,18.733402308309508,10.043893066020361,-15.76958173686046,"[[-0.8849876374630419, -0.0, -0.4656145203251116, 0.3691666666666667], [0.0, 1.0, -0.0, 0.355375], [0.4656145203251116, 0.0, -0.8849876374630419, 0.2958333333333333], [0.0, 0.0, 0.0, 1.0]]","[[-0.884845327230157, -9.899720081607092e-07, -0.46588490733010085, 0.3691474833989079], [-7.497957525215098e-07, 0.9999999999994734, -7.008570894380942e-07, 0.355372178531905], [0.46588490733054927, -2.708315959654391e-07, -0.8848453272304332, 0.29573592999347875], [0.0, 0.0, 0.0, 1.0]]","[[-0.8849876374630419, -0.0, -0.4656145203251116, 0.3691666666666667], [0.0, 1.0, -0.0, -0.355375], [0.4656145203251116, 0.0, -0.8849876374630419, 0.2958333333333333], [0.0, 0.0, 0.0, 1.0]]","[[-0.8849022203512383, 6.209857103479874e-07, -0.465776835423428, 0.36915517922826224], [4.60710595433429e-07, 0.9999999999997892, 4.5794866830499585e-07, -0.35537332498674207], [0.4657768354236141, 1.9065147020295774e-07, -0.8849022203513378, 0.29577485792095], [0.0, 0.0, 0.0, 1.0]]"
3.3916666666666666,-70.77278093427132,22.74847266284085,32.24698280759851,-84.22240695726691,-18.417574361088118,9.528120722356958,15.835966052951106,-70.8297720327059,-22.665280958750095,-32.33384915346273,-84.2223659761319,18.498776772583106,9.5625499984157,-15.73132072467734,"[[-0.8880161006528073, -0.0, -0.45981235844786, 0.3695833333333334], [0.0, 1.0, -0.0, 0.35543749999999996], [0.45981235844786, 0.0, -0.8880161006528073, 0.2979166666666666], [0.0, 0.0, 0.0, 1.0]]","[[-0.8879655007573228, -3.8465278238185106e-07, -0.4599100667137537, 0.3695764347802732], [-3.007737570662003e-07, 0.9999999999999223, -2.556501174544851e-07, 0.3554364853188723], [0.4599100667138162, -8.867960588607773e-08, -0.8879655007573692, 0.2978815797990473], [0.0, 0.0, 0.0, 1.0]]","[[-0.8880161006528073, -0.0, -0.45981235844786, 0.3695833333333334], [0.0, 1.0, -0.0, -0.35543749999999996], [0.45981235844786, 0.0, -0.8880161006528073, 0.2979166666666666], [0.0, 0.0, 0.0, 1.0]]","[[-0.8879655120475108, 3.6771523174292585e-07, -0.45991004491538034, 0.36957643035142446], [2.6162018782651164e-07, 0.9999999999999226, 2.9441741748101324e-07, -0.3554364932489172], [0.45991004491545295, 1.411107605351724e-07, -0.8879655120475382, 0.2978815877174273], [0.0, 0.0, 0.0, 1.0]]"
3.4,-71.1191329968935,22.980892047465336,31.96061688136197,-83.70205582553866,-18.166056059996983,9.033712356643708,15.820475183913517,-71.1771008123794,-22.90048193791407,-32.04491849119285,-83.69850412717025,18.24486790528247,9.06405974089972,-15.716649478340154,"[[-0.8910065241883678, -0.0, -0.4539904997395469, 0.37], [0.0, 1.0, -0.0, 0.3555], [0.4539904997395469, 0.0, -0.8910065241883678, 0.29999999999999993], [0.0, 0.0, 0.0, 1.0]]","[[-0.8909565812431108, -3.7944698557758525e-07, -0.4540885049629028, 0.3699930943666862], [-3.0895600366353304e-07, 0.9999999999999261, -2.2942796318412175e-07, 0.3554989761530649], [0.4540885049629562, -6.411698391720855e-08, -0.8909565812431621, 0.2999649163228452], [0.0, 0.0, 0.0, 1.0]]","[[-0.8910065241883678, -0.0, -0.4539904997395469, 0.37], [0.0, 1.0, -0.0, -0.3555], [0.4539904997395469, 0.0, -0.8910065241883678, 0.29999999999999993], [0.0, 0.0, 0.0, 1.0]]","[[-0.8909765454266036, 2.0841534651501463e-07, -0.45404933157051547, 0.3699958751072707], [1.3410841787083505e-07, 0.9999999999999718, 1.9585513173256137e-07, -0.3554993989657013], [0.45404933157054345, 1.1361049118291785e-07, -0.8909765454266065, 0.2999789398100769], [0.0, 0.0, 0.0, 1.0]]"
3.408333333333333,-71.46720626718651,23.215199979395333,31.669152218910018,-83.17703284441812,-17.91303682483574,8.53503256137826,15.810132569962825,-71.52817253571806,-23.129580143054635,-31.759611244277664,-83.1734606554822,17.99748186863919,8.56723946463581,-15.699042958207153,"[[-0.893958779969932, -0.0, -0.44814919358922256, 0.37041666666666667], [0.0, 1.0, -0.0, 0.3555625], [0.44814919358922256, 0.0, -0.893958779969932, 0.30208333333333326], [0.0, 0.0, 0.0, 1.0]]","[[-0.8939291669270939, -2.442063419848118e-07, -0.4482082602060926, 0.37041254852949235], [-1.8798607599804614e-07, 0.9999999999999678, -1.6992124517954604e-07, 0.35556190254669573], [0.4482082602061197, -6.764064508051149e-08, -0.893929166927111, 0.3020622557407771], [0.0, 0.0, 0.0, 1.0]]","[[-0.893958779969932, -0.0, -0.44814919358922256, 0.37041666666666667], [0.0, 1.0, -0.0, -0.3555625], [0.44814919358922256, 0.0, -0.893958779969932, 0.30208333333333326], [0.0, 0.0, 0.0, 1.0]]","[[-0.8937304532405314, 1.5131295213443953e-06, -0.4486043657257307, 0.3703846721821159], [1.116591523509455e-06, 0.9999999999987174, 1.148445517507061e-06, -0.35555779200074356], [0.448604365726893, 5.254929007049556e-07, -0.8937304532410745, 0.3019210106476505], [0.0, 0.0, 0.0, 1.0]]"
3.4166666666666665,-71.83158319902836,23.429630353293298,31.39568168982646,-82.64727654220276,-17.680019798658876,8.040878620211592,15.777132510987908,-71.88757708984413,-23.34557633781983,-31.485498677412128,-82.64723556106775,17.763583748059396,8.074945042470677,-15.66940847494576,"[[-0.8968727415326883, -0.0, -0.4422886902190013, 0.37083333333333335], [0.0, 1.0, -0.0, 0.35562499999999997], [0.4422886902190013, 0.0, -0.8968727415326883, 0.3041666666666666], [0.0, 0.0, 0.0, 1.0]]","[[-0.8968435293240254, -2.3479962310670235e-07, -0.44234792178733146, 0.3708292069031254], [-1.7749883779727803e-07, 0.9999999999999697, -1.7093092392106524e-07, 0.3556243983903419], [0.4423479217873582, -7.478205106069204e-08, -0.8968435293240399, 0.3041456004672849], [0.0, 0.0, 0.0, 1.0]]","[[-0.8968727415326883, -0.0, -0.4422886902190013, 0.37083333333333335], [0.0, 1.0, -0.0, -0.35562499999999997], [0.4422886902190013, 0.0, -0.8968727415326883, 0.3041666666666666], [0.0, 0.0, 0.0, 1.0]]","[[-0.8967375809262479, 9.649162851470307e-07, -0.4425626633072543, 0.3708141256840314], [7.145739112346121e-07, 0.9999999999994766, 7.323957293884067e-07, -0.3556221907625091], [0.44256266330772936, 3.4052304136660317e-07, -0.8967375809264679, 0.3040692649873495], [0.0, 0.0, 0.0, 1.0]]"
3.425,-72.20202533885318,23.639274472130378,31.124393406182726,-82.11270495662254,-17.45226031059563,7.54499920250585,15.740498791374545,-72.26067617325607,-23.550425663859556,-31.220128752684207,-82.11266397548752,17.541162052832515,7.580803907908703,-15.625869434081514,"[[-0.8997482840522214, -0.0, -0.43640924067334247, 0.37125], [0.0, 1.0000000000000002, -0.0, 0.3556875], [0.43640924067334247, 0.0, -0.8997482840522214, 0.3062499999999999], [0.0, 0.0, 0.0, 1.0]]","[[-0.8997002861446428, -3.8348946020084443e-07, -0.43650818447206813, 0.37124308113832327], [-3.1434855527638204e-07, 0.9999999999999241, -2.3062563005835488e-07, 0.35568647521933766], [0.4365081844721234, -7.027822820067935e-08, -0.899700286144695, 0.30621492199704087], [0.0, 0.0, 0.0, 1.0]]","[[-0.8997482840522214, -0.0, -0.43640924067334247, 0.37125], [0.0, 1.0000000000000002, -0.0, -0.3556875], [0.43640924067334247, 0.0, -0.8997482840522214, 0.3062499999999999], [0.0, 0.0, 0.0, 1.0]]","[[-0.8997002480726536, 3.883679799709269e-07, -0.4365082629433891, 0.37124310386924614], [3.032594194671178e-07, 0.9999999999999191, 2.6465800273050773e-07, -0.35568649124869567], [0.4365082629434565, 1.0573762829823866e-07, -0.8997002480726987, 0.3062149004295286], [0.0, 0.0, 0.0, 1.0]]"
3.433333333333333,-72.57768574320387,23.836624250461433,30.864023179927255,-81.57929450320123,-17.237520870637724,7.055006554091013,15.693805910661046,-72.63507982279948,-23.757667263656085,-30.949294676620276,-81.57318831408324,17.316906451813487,7.081976836689278,-15.587840648330175,"[[-0.9025852843498605, -0.0, -0.4305110968082955, 0.3716666666666667], [0.0, 1.0, -0.0, 0.35575], [0.4305110968082955, 0.0, -0.9025852843498605, 0.30833333333333324], [0.0, 0.0, 0.0, 1.0]]","[[-0.9025379199118013, -3.4799525952499123e-07, -0.43061038436289245, 0.3716597625481071], [-2.661449519705123e-07, 0.9999999999999334, -2.503175773105306e-07, 0.35574897575219705], [0.43061038436295085, -1.1131632547894196e-07, -0.9025379199118337, 0.30829825229179625], [0.0, 0.0, 0.0, 1.0]]","[[-0.9025852843498605, -0.0, -0.4305110968082955, 0.3716666666666667], [0.0, 1.0, -0.0, -0.35575], [0.4305110968082955, 0.0, -0.9025852843498605, 0.30833333333333324], [0.0, 0.0, 0.0, 1.0]]","[[-0.9025379102163684, 3.7645418240255203e-07, -0.43061040468401246, 0.37165976813620233], [2.7844562871114735e-07, 0.9999999999999192, 2.9062569133347787e-07, -0.35574899834576], [0.43061040468408696, 1.4239911924950304e-07, -0.9025379102164002, 0.308298248325668], [0.0, 0.0, 0.0, 1.0]]"
3.4416666666666664,-72.9649574691436,24.038155812111828,30.595173273817213,-81.02877442590903,-17.018821628508498,6.550232522538622,15.648094869640735,-73.01969460515208,-23.953744919254227,-30.6877189219763,-81.02874027496318,17.10445171013295,6.583879741937397,-15.537679739065602,"[[-0.9053836208979554, -0.0, -0.42459451128071307, 0.3720833333333334], [0.0, 1.0000000000000002, -0.0, 0.3558125], [0.42459451128071307, 0.0, -0.9053836208979554, 0.3104166666666667], [0.0, 0.0, 0.0, 1.0]]","[[-0.9053369086636394, -3.4914771697892026e-07, -0.42469410381031075, 0.37207642836239024], [-2.4262508361782514e-07, 0.9999999999999241, -3.049024524953416e-07, 0.3558114953237698], [0.4246941038103849, -1.7299800133712084e-07, -0.9053369086636553, 0.31038158292771945], [0.0, 0.0, 0.0, 1.0]]","[[-0.9053836208979554, -0.0, -0.42459451128071307, 0.3720833333333334], [0.0, 1.0000000000000002, -0.0, -0.3558125], [0.42459451128071307, 0.0, -0.9053836208979554, 0.3104166666666667], [0.0, 0.0, 0.0, 1.0]]","[[-0.9053057608299722, 5.724549949694409e-07, -0.42476049652449743, 0.37207180658941896], [4.4993579137274304e-07, 0.9999999999998233, 3.887497363504931e-07, -0.35581079457007875], [0.42476049652464487, 1.6082242569160528e-07, -0.9053057608300699, 0.3103582034697826], [0.0, 0.0, 0.0, 1.0]]"
3.4499999999999997,-73.34902583636259,24.240396005888613,30.323092688229753,-80.47925838642482,-16.800081405244256,6.046052717444022,15.60916108382437,-73.40584618006791,-24.151951886326117,-30.4209317329956,-80.4792174052898,16.890432855132477,6.081118054869221,-15.492639764131246,"[[-0.9081431738250815, -0.0, -0.418659737537428, 0.37250000000000005], [0.0, 1.0000000000000002, -0.0, 0.355875], [0.418659737537428, 0.0, -0.9081431738250815, 0.3125], [0.0, 0.0, 0.0, 1.0]]","[[-0.9080971667979059, -3.750139174871096e-07, -0.41875952007503764, 0.3724930523198706], [-2.9262271399981713e-07, 0.9999999999999232, -2.6097092656795085e-07, 0.3558739802248678], [0.41875952007510336, -1.1444841175536207e-07, -0.9080971667979458, 0.3124649464047122], [0.0, 0.0, 0.0, 1.0]]","[[-0.9081431738250815, -0.0, -0.418659737537428, 0.37250000000000005], [0.0, 1.0000000000000002, -0.0, -0.355875], [0.418659737537428, 0.0, -0.9081431738250815, 0.3125], [0.0, 0.0, 0.0, 1.0]]","[[-0.9080151936537816, 9.301460140805331e-07, -0.4189372364603324, 0.37248080689314506], [6.877141335424367e-07, 0.9999999999994974, 7.296824090308145e-07, -0.3558721864920189], [0.41893723646080044, 3.7445365536089257e-07, -0.908015193653965, 0.31240256559256974], [0.0, 0.0, 0.0, 1.0]]"
3.4583333333333335,-73.73853786435006,24.444350577147073,30.045674309805932,-79.92083578026292,-16.57996660640955,5.534490758517108,15.57296620386518,-73.79323401922353,-24.358409721915386,-30.141614561982514,-79.92080162931707,16.66840901842475,5.568365935479433,-15.458912290009723,"[[-0.9108638249211759, -0.0, -0.4127070298043946, 0.3729166666666667], [0.0, 1.0, -0.0, 0.3559375], [0.4127070298043946, 0.0, -0.9108638249211759, 0.3145833333333333], [0.0, 0.0, 0.0, 1.0]]","[[-0.9108474781831511, -1.624298275230023e-07, -0.4127431059234883, 0.3729141768033703], [-1.4289514618509513e-07, 0.9999999999999868, -7.819426542202821e-08, 0.35593712927587245], [0.4127431059234955, -1.224406301021131e-08, -0.9108474781831623, 0.31457068234195695], [0.0, 0.0, 0.0, 1.0]]","[[-0.9108638249211759, -0.0, -0.4127070298043946, 0.3729166666666667], [0.0, 1.0, -0.0, -0.3559375], [0.4127070298043946, 0.0, -0.9108638249211759, 0.3145833333333333], [0.0, 0.0, 0.0, 1.0]]","[[-0.910737693968746, 9.096279306329842e-07, -0.41298529366511744, 0.37289746059228523], [6.782198217180893e-07, 0.9999999999995203, 7.06920025180984e-07, -0.3559346719975901], [0.4129852936655623, 3.6372390131190855e-07, -0.9107376939689261, 0.3144859229078329], [0.0, 0.0, 0.0, 1.0]]"
3.466666666666667,-74.13546064758702,24.630522750901402,29.785765121319436,-79.36465347614879,-16.378752648555558,5.0318165832476724,15.519624133994673,-74.18822385892537,-24.54685634866333,-29.880038807338536,-79.36461249501376,16.465501173656595,5.064641191738285,-15.407759295768203,"[[-0.9135454576426011, -0.0, -0.40673664307580004, 0.37333333333333335], [0.0, 1.0, -0.0, 0.356], [0.40673664307580004, 0.0, -0.9135454576426011, 0.31666666666666665], [0.0, 0.0, 0.0, 1.0]]","[[-0.9135186291405857, -2.4213201297929603e-07, -0.40679689553024706, 0.3733291708681662], [-2.1007736016095107e-07, 0.9999999999999705, -1.2345824529000005e-07, 0.35599938012367455], [0.4067968955302648, -2.732258905875852e-08, -0.9135186291406094, 0.31664561728239554], [0.0, 0.0, 0.0, 1.0]]","[[-0.9135454576426011, -0.0, -0.40673664307580004, 0.37333333333333335], [0.0, 1.0, -0.0, -0.356], [0.40673664307580004, 0.0, -0.9135454576426011, 0.31666666666666665], [0.0, 0.0, 0.0, 1.0]]","[[-0.9135007018362337, 3.620529288856209e-07, -0.4068371513819476, 0.37332643106038016], [2.7518757056670664e-07, 0.9999999999999253, 2.7202257625779336e-07, -0.35599898532243596], [0.40683715138201565, 1.36536287021717e-07, -0.913500701836265, 0.31663157299871325], [0.0, 0.0, 0.0, 1.0]]"
3.475,-74.53769731799824,24.818621038001677,29.5203986116861,-78.79937336006019,-16.176070200030015,4.521551933376237,15.469099517156796,-74.58851392542313,-24.737292268007042,-29.61292376927768,-78.79933920911434,16.261053121230603,4.553308044148565,-15.359519377207697,"[[-0.9161879571171359, -0.0, -0.4007488331031412, 0.37375], [0.0, 1.0, -0.0, 0.3560625], [0.4007488331031412, 0.0, -0.9161879571171359, 0.31875], [0.0, 0.0, 0.0, 1.0]]","[[-0.9161145221005786, -5.899525954599912e-07, -0.40091667762277067, 0.3737384353783723], [-4.5732144674185986e-07, 0.9999999999998046, -4.265070184795423e-07, 0.35606080739405], [0.40091667762294386, -2.0738147837354326e-07, -0.9161145221006692, 0.3186915673841939], [0.0, 0.0, 0.0, 1.0]]","[[-0.9161879571171359, -0.0, -0.4007488331031412, 0.37375], [0.0, 1.0, -0.0, -0.3560625], [0.4007488331031412, 0.0, -0.9161879571171359, 0.31875], [0.0, 0.0, 0.0, 1.0]]","[[-0.9161144944388764, 5.767428726909076e-07, -0.4009167408311473, 0.3737384612557785], [4.5118717757497336e-07, 0.999999999999815, 4.075752967327971e-07, -0.3560608005048952], [0.4009167408313083, 1.9249714417397895e-07, -0.9161144944389672, 0.3186915630546927], [0.0, 0.0, 0.0, 1.0]]"
3.4833333333333334,-74.94916840416732,24.996868484771497,29.26330346113765,-78.2286495832031,-15.984273365494177,4.011126774059307,15.407521946694546,-75.00136470980456,-24.91825983761382,-29.353267297790474,-78.22476320556535,16.067056965782026,4.038724580287567,-15.298732401141876,"[[-0.9187912101488983, -0.0, -0.3947438563842674, 0.3741666666666667], [0.0, 1.0, -0.0, 0.35612499999999997], [0.3947438563842674, 0.0, -0.9187912101488983, 0.3208333333333333], [0.0, 0.0, 0.0, 1.0]]","[[-0.9187477523223859, -3.62695550490262e-07, -0.3948449918669763, 0.37415977371059483], [-2.796016604197509e-07, 0.9999999999999252, -2.6798403326242517e-07, 0.3561239913030155], [0.3948449918670439, -1.3581041288371096e-07, -0.9187477523224183, 0.3207982258183705], [0.0, 0.0, 0.0, 1.0]]","[[-0.9187912101488983, -0.0, -0.3947438563842674, 0.3741666666666667], [0.0, 1.0, -0.0, -0.35612499999999997], [0.3947438563842674, 0.0, -0.9187912101488983, 0.3208333333333333], [0.0, 0.0, 0.0, 1.0]]","[[-0.9187477898324853, 3.384968602460761e-07, -0.39484490458635707, 0.3741597427017429], [2.632737710514709e-07, 0.9999999999999357, 2.446901653014013e-07, -0.3561239768873582], [0.39484490458641436, 1.2085624155349943e-07, -0.918747789832515, 0.32079825566684933], [0.0, 0.0, 0.0, 1.0]]"
3.4916666666666667,-75.36307103768092,25.176249742943543,29.001990668776717,-77.65237286255078,-15.791926700730157,3.496206923381685,15.34964463121515,-75.41672217361138,-25.09456068047019,-29.096438524619654,-77.64844550377802,15.878666688094734,3.5248523098738955,-15.235764887183528,"[[-0.9213551052231925, -0.0, -0.38872197015239573, 0.3745833333333334], [0.0, 1.0, -0.0, 0.3561875], [0.38872197015239573, 0.0, -0.9213551052231925, 0.32291666666666663], [0.0, 0.0, 0.0, 1.0]]","[[-0.9213123518259071, -3.791508518903318e-07, -0.3888232893910453, 0.37457640633570793], [-2.905479607582133e-07, 0.9999999999999168, -2.8667374071265326e-07, 0.35618649561769095], [0.3888232893911216, -1.51144244434836e-07, -0.9213123518259406, 0.32288158416828694], [0.0, 0.0, 0.0, 1.0]]","[[-0.9213551052231925, -0.0, -0.38872197015239573, 0.3745833333333334], [0.0, 1.0, -0.0, -0.3561875], [0.38872197015239573, 0.0, -0.9213551052231925, 0.32291666666666663], [0.0, 0.0, 0.0, 1.0]]","[[-0.9213294169530782, 2.1820073046544371e-07, -0.38878285128957696, 0.3745792081132357], [1.7747298348478079e-07, 0.9999999999999744, 1.406688846616522e-07, -0.3561868884622456], [0.3887828512895977, 6.060392894267874e-08, -0.9213294169530933, 0.32289559504631327], [0.0, 0.0, 0.0, 1.0]]"
3.5,-75.78279299236738,25.35134847250599,28.7426791218426,-77.07042708488736,-15.604747074073249,2.97884207842461,15.288063645658315,-75.83151273171708,-25.277029184147082,-28.82945667524761,-77.06646557516873,15.684349513755162,3.004486023663423,-15.18343197776289,"[[-0.9238795325112867, -0.0, -0.3826834323650899, 0.375], [0.0, 1.0, -0.0, 0.35625], [0.3826834323650899, 0.0, -0.9238795325112867, 0.32499999999999996], [0.0, 0.0, 0.0, 1.0]]","[[-0.9238374413046303, -3.304575531583769e-07, -0.3827850337246796, 0.3749930811268162], [-2.431787912727416e-07, 0.9999999999999319, -2.763950299203425e-07, 0.3562489849587579], [0.382785033724745, -1.622588754124628e-07, -0.9238374413046481, 0.324964927842307], [0.0, 0.0, 0.0, 1.0]]","[[-0.9238795325112867, -0.0, -0.3826834323650899, 0.375], [0.0, 1.0, -0.0, -0.35625], [0.3826834323650899, 0.0, -0.9238795325112867, 0.32499999999999996], [0.0, 0.0, 0.0, 1.0]]","[[-0.9238374223602345, 3.63542171514627e-07, -0.3827850794462419, 0.37499309349941656], [2.876784785142972e-07, 0.9999999999999262, 2.5542800047714266e-07, -0.35624898323822984], [0.3827850794463064, 1.2585491630636295e-07, -0.9238374223602707, 0.32496490340181383], [0.0, 0.0, 0.0, 1.0]]"
3.5083333333333333,-76.20575928690958,25.516587824001522,28.492680537841792,-76.48931459030267,-15.42878091048621,2.4662146099871736,15.218267650077248,-76.25798291330351,-25.439753318480758,-28.583105412263592,-76.48267564642941,15.511810397584178,2.490677572829809,-15.107898623279011,"[[-0.9263643838751181, -0.0, -0.3766285016932108, 0.3754166666666667], [0.0, 1.0, -0.0, 0.3563125], [0.3766285016932108, 0.0, -0.9263643838751181, 0.3270833333333333], [0.0, 0.0, 0.0, 1.0]]","[[-0.9262953058410992, -5.421297199032623e-07, -0.3767983630225194, 0.3754051547202665], [-4.0522036128810006e-07, 0.9999999999998199, -4.4261339161071635e-07, 0.3563108060789437], [0.3767983630226915, -2.5730433815466474e-07, -0.9262953058411523, 0.3270248587777499], [0.0, 0.0, 0.0, 1.0]]","[[-0.9263643838751181, -0.0, -0.3766285016932108, 0.3754166666666667], [0.0, 1.0, -0.0, -0.3563125], [0.3766285016932108, 0.0, -0.9263643838751181, 0.3270833333333333], [0.0, 0.0, 0.0, 1.0]]","[[-0.9263229463261823, 3.9557883035727727e-07, -0.37673040640413435, 0.37540974366705004], [3.264400620873789e-07, 0.9999999999999162, 2.473649821235633e-07, -0.3563114823212582], [0.37673040640420064, 1.0615996180185349e-07, -0.9263229463262338, 0.3270482345588329], [0.0, 0.0, 0.0, 1.0]]"
3.5166666666666666,-76.63957192185377,25.679014845106305,28.242598284023654,-75.89576432123938,-15.256663558496474,1.9453894204418412,15.143074097504577,-76.68754034039478,-25.59866791480486,-28.33883394188184,-75.89573017029353,15.344195847804773,1.9762283648746835,-15.03021375920658,"[[-0.9288095528719243, -0.0, -0.3705574375098363, 0.37583333333333335], [0.0, 1.0000000000000002, -0.0, 0.356375], [0.3705574375098363, 0.0, -0.9288095528719243, 0.3291666666666666], [0.0, 0.0, 0.0, 1.0]]","[[-0.9287687797273334, -3.62447300927937e-07, -0.3706596198720182, 0.3758264138109765], [-2.962205943339106e-07, 0.9999999999999287, -2.3559852845166107e-07, 0.35637397869333937], [0.370659619872077, -1.0901954488153407e-07, -0.9287687797273743, 0.3291315659043623], [0.0, 0.0, 0.0, 1.0]]","[[-0.9288095528719243, -0.0, -0.3705574375098363, 0.37583333333333335], [0.0, 1.0000000000000002, -0.0, -0.356375], [0.3705574375098363, 0.0, -0.9288095528719243, 0.3291666666666666], [0.0, 0.0, 0.0, 1.0]]","[[-0.9286207453305212, 1.36211397624031e-06, -0.37103033749268016, 0.37580127622158954], [1.0287336787875128e-06, 0.9999999999988699, 1.0964347105565916e-06, -0.3563702633896257], [0.3710303374937543, 6.364806140926989e-07, -0.9286207453308729, 0.32900431657474616], [0.0, 0.0, 0.0, 1.0]]"
3.525,-77.08500270857616,25.84360874372527,27.98602052030483,-75.28539812643953,-15.083116989422914,1.4111344781626767,15.067426337352101,-77.12844954188661,-25.770144936559905,-28.07499739462259,-75.28536397549368,15.163901051831239,1.4392494577771533,-14.963291565718794,"[[-0.9312149347588037, -0.0, -0.36447049987914965, 0.37625000000000003], [0.0, 1.0, -0.0, 0.35643749999999996], [0.36447049987914965, 0.0, -0.9312149347588037, 0.33124999999999993], [0.0, 0.0, 0.0, 1.0]]","[[-0.9312062555369324, -1.1821857296474296e-07, -0.3644926743418469, 0.3762485193521948], [-9.27842812135206e-08, 0.9999999999999919, -8.729193238427967e-08, 0.3564372876884582], [0.36449267434185423, -4.746760269774605e-08, -0.9312062555369357, 0.3312423956356795], [0.0, 0.0, 0.0, 1.0]]","[[-0.9312149347588037, -0.0, -0.36447049987914965, 0.37625000000000003], [0.0, 1.0, -0.0, -0.35643749999999996], [0.36447049987914965, 0.0, -0.9312149347588037, 0.33124999999999993], [0.0, 0.0, 0.0, 1.0]]","[[-0.931174840137812, 3.6941976266370846e-07, -0.3645729242472402, 0.37624306984434497], [3.057470091464724e-07, 0.9999999999999264, 2.323700819911945e-07, -0.3564364785062327], [0.36457292424729915, 1.0491009274658369e-07, -0.9311748401378565, 0.3312149044657694], [0.0, 0.0, 0.0, 1.0]]"
3.533333333333333,-77.52913575935624,25.99380289602656,27.745505653966585,-74.68365163037224,-14.92605678945847,0.8894383327764617,14.980570236771634,-77.57361395123137,-25.917931447178766,-27.838433792719194,-74.68361747942639,15.010257653999094,0.918436327784574,-14.872026578029084,"[[-0.9335804264972015, -0.0, -0.35836794954530066, 0.3766666666666667], [0.0, 0.9999999999999999, -0.0, 0.3565], [0.35836794954530066, 0.0, -0.9335804264972015, 0.33333333333333326], [0.0, 0.0, 0.0, 1.0]]","[[-0.9335409888779596, -3.592461910152863e-07, -0.35847067116381004, 0.376659750010125], [-2.820419514512123e-07, 0.9999999999999245, -2.6766058277771754e-07, 0.3564989862516759], [0.3584706711638791, -1.4876835749689454e-07, -0.9335409888779902, 0.3332982279438338], [0.0, 0.0, 0.0, 1.0]]","[[-0.9335804264972015, -0.0, -0.35836794954530066, 0.3766666666666667], [0.0, 0.9999999999999999, -0.0, -0.3565], [0.35836794954530066, 0.0, -0.9335804264972015, 0.33333333333333326], [0.0, 0.0, 0.0, 1.0]]","[[-0.9335410043083674, 3.4033405710105487e-07, -0.358470630979456, 0.3766597320112248], [2.6732645589427124e-07, 0.9999999999999325, 2.5322534440066786e-07, -0.35649898161829624], [0.3584706309795178, 1.4056755900621058e-07, -0.9335410043083952, 0.3332982471888184], [0.0, 0.0, 0.0, 1.0]]"
3.5416666666666665,-77.98035171630562,26.150091284614792,27.493994183064622,-74.0674319634537,-14.763318994746454,0.35471389503313827,14.900052551740938,-78.02311553069907,-26.07645843026747,-27.585219897166606,-74.06739781250785,14.845824264825623,0.3828014204888025,-14.793704798816547,"[[-0.9359059267573255, -0.0, -0.3522500479212338, 0.3770833333333333], [0.0, 1.0, -0.0, 0.3565625], [0.3522500479212338, 0.0, -0.9359059267573255, 0.3354166666666666], [0.0, 0.0, 0.0, 1.0]]","[[-0.9358919779429999, -1.1903060208769082e-07, -0.3522871068062601, 0.3770808395264833], [-9.108033397734694e-08, 0.9999999999999913, -9.591395063034172e-08, 0.3565621288580203], [0.3522871068062684, -5.7678669623930306e-08, -0.9358919779430026, 0.33540402996526836], [0.0, 0.0, 0.0, 1.0]]","[[-0.9359059267573255, -0.0, -0.3522500479212338, 0.3770833333333333], [0.0, 1.0, -0.0, -0.3565625], [0.3522500479212338, 0.0, -0.9359059267573255, 0.3354166666666666], [0.0, 0.0, 0.0, 1.0]]","[[-0.9357982631106063, 8.527277318986948e-07, -0.3525359708716905, 0.3770640905895184], [6.617499057472375e-07, 0.9999999999995617, 6.622397110546786e-07, -0.35655965203037643], [0.3525359708721007, 3.8643212587098585e-07, -0.9357982631107604, 0.33531922213009624], [0.0, 0.0, 0.0, 1.0]]"
3.55,-78.43054997506867,26.301680503054055,27.24624443884804,-73.45304961742188,-14.606535417443396,-0.17631451657492236,14.818525706260374,-78.4773504312616,-26.2266884410619,-27.339843643686603,-73.44883539070398,14.6914927254346,-0.15095767940508806,-14.707118490708297,"[[-0.938191335922484, -0.0, -0.3461170570774933, 0.3775], [0.0, 1.0, -0.0, 0.35662499999999997], [0.3461170570774933, 0.0, -0.938191335922484, 0.3374999999999999], [0.0, 0.0, 0.0, 1.0]]","[[-0.938168488068877, -2.0809896431719218e-07, -0.3461789826007845, 0.3774958500276836], [-1.5472589174606345e-07, 0.9999999999999716, -1.8181348827076524e-07, 0.356624390138849], [0.3461789826008125, -1.1700883361486094e-07, -0.9381684880688823, 0.33747894390616906], [0.0, 0.0, 0.0, 1.0]]","[[-0.938191335922484, -0.0, -0.3461170570774933, 0.3775], [0.0, 1.0, -0.0, -0.35662499999999997], [0.3461170570774933, 0.0, -0.938191335922484, 0.3374999999999999], [0.0, 0.0, 0.0, 1.0]]","[[-0.9380150009826499, 1.3396333633198488e-06, -0.34659465940739037, 0.3774678911328103], [1.035599673140285e-06, 0.9999999999988994, 1.062409142511463e-06, -0.3566202469432242], [0.3465946594084322, 6.376223968624042e-07, -0.9380150009830049, 0.33733763454912735], [0.0, 0.0, 0.0, 1.0]]"
3.558333333333333,-78.88622604554607,26.445628447359365,27.005598091368274,-72.83498579942743,-14.459259463464996,-0.7067363220073213,14.72876677528265,-78.93708363410599,-26.373598979919702,-27.095886362006674,-72.82369549672939,14.541920120347783,-0.6879674957766552,-14.617222955947174,"[[-0.9404365560933546, -0.0, -0.3399692397309945, 0.3779166666666667], [0.0, 0.9999999999999999, -0.0, 0.3566875], [0.3399692397309945, 0.0, -0.9404365560933546, 0.33958333333333324], [0.0, 0.0, 0.0, 1.0]]","[[-0.940414106628582, -2.3984338914642015e-07, -0.3400313339295493, 0.3779125149232289], [-1.9970622043509468e-07, 0.9999999999999687, -1.5303543254797158e-07, 0.3566868926810761], [0.3400313339295753, -7.601030705354546e-08, -0.9404141066286003, 0.33956226197626505], [0.0, 0.0, 0.0, 1.0]]","[[-0.9404365560933546, -0.0, -0.3399692397309945, 0.3779166666666667], [0.0, 0.9999999999999999, -0.0, -0.3566875], [0.3399692397309945, 0.0, -0.9404365560933546, 0.33958333333333324], [0.0, 0.0, 0.0, 1.0]]","[[-0.9403742168798468, 5.166948939541645e-07, -0.3401416355392966, 0.3779051171596032], [4.019570709856893e-07, 0.9999999999998359, 4.0778550349085535e-07, -0.35668579590588856], [0.3401416355394516, 2.467486379585096e-07, -0.9403742168799003, 0.339524862496068], [0.0, 0.0, 0.0, 1.0]]"
3.5666666666666664,-79.35791890962714,26.59588919400506,26.752384195815686,-72.19184835698985,-14.306337504363935,-1.2582346104547117,14.640990306711526,-79.40230830904306,-26.517287377036553,-26.85329682570804,-72.191814206044,14.39708425145037,-1.2283325758769248,-14.524018194533179,"[[-0.9426414910921785, -0.0, -0.3338068592337708, 0.37833333333333335], [0.0, 1.0, -0.0, 0.35675], [0.3338068592337708, 0.0, -0.9426414910921785, 0.3416666666666667], [0.0, 0.0, 0.0, 1.0]]","[[-0.942539442937325, -8.467588230813721e-07, -0.334094894463654, 0.37831409905692076], [-6.621344429034831e-07, 0.9999999999995587, -6.66490263117019e-07, 0.35674715432797893], [0.33409489446407087, -4.069776244988767e-07, -0.9425394429374697, 0.34156921162471876], [0.0, 0.0, 0.0, 1.0]]","[[-0.9426414910921785, -0.0, -0.3338068592337708, 0.37833333333333335], [0.0, 1.0, -0.0, -0.35675], [0.3338068592337708, 0.0, -0.9426414910921785, 0.3416666666666667], [0.0, 0.0, 0.0, 1.0]]","[[-0.9425802798992401, 5.262379198491901e-07, -0.3339796639689217, 0.3783217853395835], [4.038024703701057e-07, 0.9999999999998236, 4.360195844654457e-07, -0.35674829845093176], [0.3339796639690921, 2.7612164860296174e-07, -0.942580279899286, 0.3416081949761776], [0.0, 0.0, 0.0, 1.0]]"
3.5749999999999997,-79.82689335841856,26.73368313786819,26.513862037167794,-71.55738525479819,-14.168325848221011,-1.7977030147830058,14.543600346883606,-79.87161060691464,-26.65378358495738,-26.617708233308665,-71.55735110385234,14.26154085491876,-1.767299921796575,-14.423448781646618,"[[-0.9448060464668782, -0.0, -0.32763017956169327, 0.37875000000000003], [0.0, 1.0, -0.0, 0.3568125], [0.32763017956169327, 0.0, -0.9448060464668782, 0.34375], [0.0, 0.0, 0.0, 1.0]]","[[-0.9447700148960179, -3.50683478697924e-07, -0.32773406742854083, 0.3787430537169842], [-2.8196672577352775e-07, 0.9999999999999274, -2.571895306765442e-07, 0.3568114790330633], [0.3277340674286071, -1.5057485481111227e-07, -0.9447700148960481, 0.34371490690784995], [0.0, 0.0, 0.0, 1.0]]","[[-0.9448060464668782, -0.0, -0.32763017956169327, 0.37875000000000003], [0.0, 1.0, -0.0, -0.3568125], [0.32763017956169327, 0.0, -0.9448060464668782, 0.34375], [0.0, 0.0, 0.0, 1.0]]","[[-0.9447059244081059, 8.180684588565069e-07, -0.3279187649213706, 0.37873072557244536], [6.291491588227491e-07, 0.9999999999995693, 6.822040856172675e-07, -0.3568096480834995], [0.3279187649217875, 4.381724262255721e-07, -0.9447059244082138, 0.3436525651310327], [0.0, 0.0, 0.0, 1.0]]"
3.5833333333333335,-80.30635897777512,26.872843119565324,26.27004135927126,-70.90721271751552,-14.030214300561475,-2.349036951803493,14.445431745490305,-80.34739475430855,-26.798815821793433,-26.367479130423373,-70.90717856656967,14.11753570777915,-2.320868824779537,-14.33290096381976,"[[-0.9469301294951056, -0.0, -0.32143946530316175, 0.3791666666666667], [0.0, 1.0, -0.0, 0.356875], [0.32143946530316175, 0.0, -0.9469301294951056, 0.3458333333333333], [0.0, 0.0, 0.0, 1.0]]","[[-0.9469173859543629, -1.5995609003080287e-07, -0.3214770041190047, 0.3791641799522523], [-1.3816081095544159e-07, 0.9999999999999865, -9.061057464861758e-08, 0.3568746286609975], [0.3214770041190148, -4.13852048934841e-08, -0.946917385954372, 0.3458206731338779], [0.0, 0.0, 0.0, 1.0]]","[[-0.9469301294951056, -0.0, -0.32143946530316175, 0.3791666666666667], [0.0, 1.0, -0.0, -0.356875], [0.32143946530316175, 0.0, -0.9469301294951056, 0.3458333333333333], [0.0, 0.0, 0.0, 1.0]]","[[-0.9468712214188945, 5.25970329047679e-07, -0.32161295068515855, 0.37915507871613985], [4.1820587532639176e-07, 0.9999999999998309, 4.041604070850308e-07, -0.3568732853370705], [0.32161295068531676, 2.481874327481704e-07, -0.9468712214189544, 0.34577487847863053], [0.0, 0.0, 0.0, 1.0]]"
3.591666666666667,-80.78807855955777,27.00149485522439,26.038255474692296,-70.25852233128272,-13.905382348195737,-2.894507171421524,14.336514133890697,-80.82360920362018,-26.925435576174422,-26.14032923674355,-70.26584429407298,13.995739774499482,-2.859908848180824,-14.223076644607833,"[[-0.9490136491882138, -0.0, -0.31523498164776975, 0.3795833333333334], [0.0, 0.9999999999999999, -0.0, 0.3569375], [0.31523498164776975, 0.0, -0.9490136491882138, 0.34791666666666665], [0.0, 0.0, 0.0, 1.0]]","[[-0.9489558343549963, -5.040985123003891e-07, -0.31540897964921494, 0.37957178847703], [-3.8449553294491134e-07, 0.9999999999998287, -4.4142444258765416e-07, 0.3569357939217974], [0.31540897964938347, -2.9761895649462093e-07, -0.9489558343550274, 0.3478581785103473], [0.0, 0.0, 0.0, 1.0]]","[[-0.9490136491882138, -0.0, -0.31523498164776975, 0.3795833333333334], [0.0, 0.9999999999999999, -0.0, -0.3569375], [0.31523498164776975, 0.0, -0.9490136491882138, 0.34791666666666665], [0.0, 0.0, 0.0, 1.0]]","[[-0.9489173106566654, 8.12482119263922e-07, -0.31552486040795813, 0.3795640526005783], [6.370701990519373e-07, 0.99999999999958, 6.590770027148858e-07, -0.35693463933830955], [0.31552486040836103, 4.2439809130593266e-07, -0.9489173106567844, 0.3478192192377866], [0.0, 0.0, 0.0, 1.0]]"
3.6,-81.27695617959061,27.13117965699542,25.80213925017954,-69.59802254797498,-13.780897027930378,-3.4485915402434104,14.228059267607357,-81.31837444671757,-27.055079396810434,-25.904925059451767,-69.5979952272183,13.872693916601703,-3.4195455204676968,-14.109764660050967,"[[-0.9510565162951536, -0.0, -0.30901699437494756, 0.38], [0.0, 1.0, -0.0, 0.357], [0.30901699437494756, 0.0, -0.9510565162951536, 0.35], [0.0, 0.0, 0.0, 1.0]]","[[-0.9510361338284105, -2.164069500004047e-07, -0.3090797181192307, 0.37999581338329697], [-1.7559430899832532e-07, 0.9999999999999719, -1.5986302028818163e-07, 0.3569993829316842], [0.30907971811925655, -9.776286922846149e-08, -0.9510361338284218, 0.3499789410861797], [0.0, 0.0, 0.0, 1.0]]","[[-0.9510565162951536, -0.0, -0.30901699437494756, 0.38], [0.0, 1.0, -0.0, -0.357], [0.30901699437494756, 0.0, -0.9510565162951536, 0.35], [0.0, 0.0, 0.0, 1.0]]","[[-0.9509620613102108, 8.219700801858879e-07, -0.3093075458956012, 0.37998071425675944], [6.517649887423255e-07, 0.9999999999995741, 6.536093466971077e-07, -0.3569971411642043], [0.3093075458960067, 4.199618624581389e-07, -0.9509620613103413, 0.3499025351459757], [0.0, 0.0, 0.0, 1.0]]"
3.6083333333333334,-81.77142772455369,27.25814092083491,25.56711927102857,-68.92988661317516,-13.661112585361279,-4.006603481281466,14.116251632215187,-81.8095538405007,-27.1874211421686,-25.663913296851405,-68.9298524622293,13.747431662318252,-3.9795683118860863,-14.005039077054454,"[[-0.9530586433062971, -0.0, -0.30278576984257466, 0.3804166666666667], [0.0, 1.0, -0.0, 0.3570625], [0.30278576984257466, 0.0, -0.9530586433062971, 0.3520833333333333], [0.0, 0.0, 0.0, 1.0]]","[[-0.9530386863982193, -1.9026424443362372e-07, -0.3028485797033241, 0.38041247056563665], [-1.5020760215734598e-07, 0.9999999999999768, -1.5555822857979503e-07, 0.35706187403343953], [0.3028485797033466, -1.027628508501276e-07, -0.9530386863982258, 0.35206229188043164], [0.0, 0.0, 0.0, 1.0]]","[[-0.9530586433062971, -0.0, -0.30278576984257466, 0.3804166666666667], [0.0, 1.0, -0.0, -0.3570625], [0.30278576984257466, 0.0, -0.9530586433062971, 0.3520833333333333], [0.0, 0.0, 0.0, 1.0]]","[[-0.9529043642914288, 1.27225655073938e-06, -0.30327095560361406, 0.380384519973322], [1.0058454359524546e-06, 0.9999999999989588, 1.0346590704401994e-06, -0.357057721590545], [0.3032709556046147, 6.808874372253441e-07, -0.9529043642917163, 0.35192092300504596], [0.0, 0.0, 0.0, 1.0]]"
3.6166666666666667,-82.26406194863003,27.38454210916246,25.33097231066455,-68.26151845194356,-13.543032274990098,-4.563667733572182,14.007856530087084,-82.30812349896577,-27.31398113239435,-25.428164195006538,-68.25386864007315,13.630648234115728,-4.542415173082865,-13.892060064219628,"[[-0.9550199444571866, -0.0, -0.296541574975571, 0.38083333333333336], [0.0, 1.0, -0.0, 0.35712499999999997], [0.296541574975571, 0.0, -0.9550199444571866, 0.35416666666666663], [0.0, 0.0, 0.0, 1.0]]","[[-0.9550003815461056, -2.0272747547985172e-07, -0.2966045705088715, 0.3808291544500079], [-1.7238009763803796e-07, 0.999999999999977, -1.2846874341549015e-07, 0.35712436961063276], [0.2966045705088907, -7.155897415433423e-08, -0.9550003815461184, 0.3541456037667317], [0.0, 0.0, 0.0, 1.0]]","[[-0.9550199444571866, -0.0, -0.296541574975571, 0.38083333333333336], [0.0, 1.0, -0.0, -0.35712499999999997], [0.296541574975571, 0.0, -0.9550199444571866, 0.35416666666666663], [0.0, 0.0, 0.0, 1.0]]","[[-0.9549293139864479, 7.725314769201258e-07, -0.2968332954518001, 0.3808140440118638], [5.948032190521653e-07, 0.9999999999995859, 6.89061672418091e-07, -0.35712214118018004], [0.29683329545220943, 4.814477904799688e-07, -0.9549293139865118, 0.3540692102241936], [0.0, 0.0, 0.0, 1.0]]"
3.625,-82.76978964534528,27.50644220282697,25.097794775042193,-67.57755696883683,-13.432469441574163,-5.129875901614253,13.889485082902532,-82.81096202566212,-27.440763103768127,-25.18947298917669,-67.5698183645072,13.515108754115793,-5.1104862752210565,-13.780150829763553,"[[-0.9569403357322089, -0.0, -0.2902846772544624, 0.38125000000000003], [0.0, 1.0, -0.0, 0.3571875], [0.2902846772544624, 0.0, -0.9569403357322089, 0.35624999999999996], [0.0, 0.0, 0.0, 1.0]]","[[-0.9568871040285108, -5.109210025588084e-07, -0.29046010077748924, 0.3812384279647753], [-4.048226456892507e-07, 0.9999999999998278, -4.25364561773741e-07, 0.3571857903453065], [0.29046010077765644, -2.89441037208122e-07, -0.9568871040285526, 0.35619149795692606], [0.0, 0.0, 0.0, 1.0]]","[[-0.9569403357322089, -0.0, -0.2902846772544624, 0.38125000000000003], [0.0, 1.0, -0.0, -0.3571875], [0.2902846772544624, 0.0, -0.9569403357322089, 0.35624999999999996], [0.0, 0.0, 0.0, 1.0]]","[[-0.9569084338763185, 3.006889737979338e-07, -0.29038982278358305, 0.3812430199463056], [2.4227101497381746e-07, 0.9999999999999425, 2.371219336326808e-07, -0.357186458010457], [0.2903898227836377, 1.5655094104632728e-07, -0.9569084338763365, 0.356214925691051], [0.0, 0.0, 0.0, 1.0]]"
3.6333333333333333,-83.28332424828186,27.634390429001527,24.85271904988567,-66.8774898996672,-13.316429650217524,-5.70954381118948,13.77797882960749,-83.31972232636886,-27.564908622122278,-24.95183363247902,-66.87746257891052,13.404432368804907,-5.682772457850792,-13.664618179952788,"[[-0.958819734868193, -0.0, -0.2840153447039226, 0.3816666666666667], [0.0, 1.0, -0.0, 0.35725], [0.2840153447039226, 0.0, -0.958819734868193, 0.3583333333333333], [0.0, 0.0, 0.0, 1.0]]","[[-0.9588010010937487, -1.898847817170893e-07, -0.28407858120877266, 0.3816624835656856], [-1.511772685097026e-07, 0.999999999999976, -1.5818111008636568e-07, 0.35724937787089484], [0.28407858120879587, -1.0871798275567393e-07, -0.9588010010937544, 0.35831227630528417], [0.0, 0.0, 0.0, 1.0]]","[[-0.958819734868193, -0.0, -0.2840153447039226, 0.3816666666666667], [0.0, 1.0, -0.0, -0.35725], [0.2840153447039226, 0.0, -0.958819734868193, 0.3583333333333333], [0.0, 0.0, 0.0, 1.0]]","[[-0.9587676452008638, 4.7520298993701856e-07, -0.2841911372927819, 0.38165510217002874], [3.6856664914514623e-07, 0.9999999999998401, 4.287016576134874e-07, -0.3572482881056853], [0.2841911372929402, 3.0628190357504144e-07, -0.9587676452008855, 0.3582748348112986], [0.0, 0.0, 0.0, 1.0]]"
3.6416666666666666,-83.79600507757219,27.74813527679704,24.626718335533706,-66.18449207628854,-13.218980780008012,-6.2772840760397495,13.650828028018532,-83.83099613669016,-27.680712771952553,-24.72426880480712,-66.18446475553186,13.305482564525285,-6.251200437373117,-13.53941227472999,"[[-0.9606580613579351, -0.0, -0.2777338458812926, 0.38208333333333333], [0.0, 0.9999999999999999, -0.0, 0.3573125], [0.2777338458812926, 0.0, -0.9606580613579351, 0.3604166666666666], [0.0, 0.0, 0.0, 1.0]]","[[-0.9606397198603212, -1.7651423657984185e-07, -0.2777972797322765, 0.38207917396493557], [-1.332268546070908e-07, 0.9999999999999758, -1.7470015667173382e-07, 0.35731188386531443], [0.2777972797323006, -1.3081385176755125e-07, -0.9606397198603214, 0.36039559523918563], [0.0, 0.0, 0.0, 1.0]]","[[-0.9606580613579351, -0.0, -0.2777338458812926, 0.38208333333333333], [0.0, 0.9999999999999999, -0.0, -0.3573125], [0.2777338458812926, 0.0, -0.9606580613579351, 0.3604166666666666], [0.0, 0.0, 0.0, 1.0]]","[[-0.960573171668374, 7.307422025816232e-07, -0.27802730418149013, 0.38206403338121353], [5.641336976821117e-07, 0.9999999999996102, 6.79251658069336e-07, -0.35730963097759577], [0.27802730418187815, 4.956263483881705e-07, -0.9605731716684117, 0.36031920064854084], [0.0, 0.0, 0.0, 1.0]]"
3.65,-84.31809790753879,27.865397672015114,24.392470167758947,-65.47489006303758,-13.119449555875294,-6.857712697933787,13.52612243415244,-84.35778130661656,-27.80093776172312,-24.48641088205601,-65.46685776057363,13.203894599678748,-6.838683790906131,-13.41456751575956,"[[-0.9624552364536473, -0.0, -0.2714404498650746, 0.3825], [0.0, 1.0, -0.0, 0.357375], [0.2714404498650746, 0.0, -0.9624552364536473, 0.36249999999999993], [0.0, 0.0, 0.0, 1.0]]","[[-0.9624054674423312, -4.4811719505190407e-07, -0.27161685558320414, 0.382488412249655], [-3.4349708811045796e-07, 0.9999999999998475, -4.327187985128809e-07, 0.35737328124215356], [0.2716168555833566, -3.2315133857932375e-07, -0.9624054674423383, 0.3624415070134437], [0.0, 0.0, 0.0, 1.0]]","[[-0.9624552364536473, -0.0, -0.2714404498650746, 0.3825], [0.0, 1.0, -0.0, -0.357375], [0.2714404498650746, 0.0, -0.9624552364536473, 0.36249999999999993], [0.0, 0.0, 0.0, 1.0]]","[[-0.9624253642090419, 2.9222716999660914e-07, -0.27154634655433574, 0.38249306083489], [2.3205962990056676e-07, 0.9999999999999409, 2.536844890216163e-07, -0.3573739635256725], [0.2715463465543938, 1.8113744205856357e-07, -0.962425364209053, 0.36246488196492566], [0.0, 0.0, 0.0, 1.0]]"
3.658333333333333,-84.85256021009229,27.981097661460545,24.157243575385586,-64.74810329383486,-13.024505657543886,-7.449163110714109,13.395317481357525,-84.88954568444791,-27.916212571892714,-24.25353387475713,-64.74321287838913,13.110456758059327,-7.427470429910149,-13.2829642846054,"[[-0.9642111831703293, -0.0, -0.26513542624340836, 0.3829166666666667], [0.0, 1.0, -0.0, 0.35743749999999996], [0.26513542624340836, 0.0, -0.9642111831703293, 0.36458333333333326], [0.0, 0.0, 0.0, 1.0]]","[[-0.9641820147454919, -2.678619574248231e-07, -0.26524147948850807, 0.3829097173747579], [-2.0518975534536827e-07, 0.9999999999999444, -2.6399221511584966e-07, 0.35743646252885697], [0.2652414794885639, -2.0011171156383473e-07, -0.964182014745493, 0.36454823119026347], [0.0, 0.0, 0.0, 1.0]]","[[-0.9642111831703293, -0.0, -0.26513542624340836, 0.3829166666666667], [0.0, 1.0, -0.0, -0.35743749999999996], [0.26513542624340836, 0.0, -0.9642111831703293, 0.36458333333333326], [0.0, 0.0, 0.0, 1.0]]","[[-0.9641625669237502, 4.595551932401877e-07, -0.26531216433249677, 0.382905069023897], [3.564678366484546e-07, 0.9999999999998411, 4.3670160817120584e-07, -0.3574357809501634], [0.2653121643326553, 3.264760902579552e-07, -0.9641625669237609, 0.36452483149005227], [0.0, 0.0, 0.0, 1.0]]"
3.6666666666666665,-85.38810168253465,28.091825273190207,23.9276484739829,-64.0199573169873,-12.937550519220453,-8.038318153046484,13.259577716887277,-85.42109832641498,-28.026349372259173,-24.026725490535814,-64.01992316604145,13.025096468907092,-8.012601637047739,-13.146834345578814,"[[-0.9659258262890682, -0.0, -0.258819045102521, 0.38333333333333336], [0.0, 1.0, -0.0, 0.3575], [0.258819045102521, 0.0, -0.9659258262890682, 0.3666666666666666], [0.0, 0.0, 0.0, 1.0]]","[[-0.9659087354713299, -1.892863497606747e-07, -0.25888282048089034, 0.38332916500041553], [-1.510296717276213e-07, 0.9999999999999748, -1.6766454584728672e-07, 0.35749937884109656], [0.25888282048091543, -1.2284966206957794e-07, -0.9659087354713339, 0.36664558179388707], [0.0, 0.0, 0.0, 1.0]]","[[-0.9659258262890682, -0.0, -0.258819045102521, 0.38333333333333336], [0.0, 1.0, -0.0, -0.3575], [0.258819045102521, 0.0, -0.9659258262890682, 0.3666666666666666], [0.0, 0.0, 0.0, 1.0]]","[[-0.9658973511857654, 2.989478937145475e-07, -0.2589252922605921, 0.38332637237859535], [2.2963031316363988e-07, 0.9999999999999292, 2.979569195587258e-07, -0.35749897975270767], [0.2589252922606628, 2.2833870342145665e-07, -0.9658973511857656, 0.3666315566463361], [0.0, 0.0, 0.0, 1.0]]"
3.675,-85.92887507988124,28.202679243419514,23.695408381824127,-63.28212613189668,-12.852624800854162,-8.633307030703696,13.123772211846266,-85.9632309314064,-28.141902512637447,-23.78839457718468,-63.27709911266755,12.935545858699054,-8.613015392453235,-13.015375402170871,"[[-0.9675990923602598, -0.0, -0.2524915770151582, 0.38375000000000004], [0.0, 1.0, -0.0, 0.3575625], [0.2524915770151582, 0.0, -0.9675990923602598, 0.3687499999999999], [0.0, 0.0, 0.0, 1.0]]","[[-0.9675713238813896, -2.8720238883980925e-07, -0.25259796753404984, 0.38374302874066224], [-2.2503744063101656e-07, 0.999999999999937, -2.7499276880046714e-07, 0.35756146745334855], [0.2525979675341129, -2.0923111724361764e-07, -0.9675713238813931, 0.3687148957959582], [0.0, 0.0, 0.0, 1.0]]","[[-0.9675990923602598, -0.0, -0.2524915770151582, 0.38375000000000004], [0.0, 1.0, -0.0, -0.3575625], [0.2524915770151582, 0.0, -0.9675990923602598, 0.3687499999999999], [0.0, 0.0, 0.0, 1.0]]","[[-0.9675824247634801, 1.69302520406147e-07, -0.2525554420098603, 0.383745824202841], [1.3051990383257812e-07, 0.9999999999999771, 1.7031411017562463e-07, -0.35756187344646956], [0.2525554420098833, 1.3182942769164414e-07, -0.9675824247634799, 0.36872893040935323], [0.0, 0.0, 0.0, 1.0]]"
3.683333333333333,-86.47700459096393,28.30976807186885,23.466525327642415,-62.534295549861156,-12.775133743399428,-9.232721870943076,12.980905998750757,-86.50917478195468,-28.252877718724523,-23.554933588711766,-62.52920022874032,12.853980593404408,-9.21385261958727,-12.877789779077427,"[[-0.9692309097067545, -0.0, -0.24615329302899325, 0.38416666666666666], [0.0, 1.0000000000000002, -0.0, 0.35762499999999997], [0.24615329302899325, 0.0, -0.9692309097067545, 0.37083333333333324], [0.0, 0.0, 0.0, 1.0]]","[[-0.969214640343081, -1.7653036069227954e-07, -0.24621734493045194, 0.3841625140528016], [-1.3348930659581762e-07, 0.9999999999999729, -1.914997922818173e-07, 0.3576243862653824], [0.24621734493047903, -1.52737019655567e-07, -0.9692146403430781, 0.3708122385908499], [0.0, 0.0, 0.0, 1.0]]","[[-0.9692309097067545, -0.0, -0.24615329302899325, 0.38416666666666666], [0.0, 1.0000000000000002, -0.0, -0.35762499999999997], [0.24615329302899325, 0.0, -0.9692309097067545, 0.37083333333333324], [0.0, 0.0, 0.0, 1.0]]","[[-0.9691556765463273, 7.467747131441409e-07, -0.24644933478805178, 0.3841473275277737], [5.925736785795879e-07, 0.9999999999995796, 6.998540650345579e-07, -0.357622132240509], [0.24644933478847078, 5.322281509834161e-07, -0.9691556765463624, 0.3707358271128432], [0.0, 0.0, 0.0, 1.0]]"
3.6916666666666664,-87.03076217792271,28.41700204183805,23.235005820441078,-61.77611040104389,-12.699922261580186,-9.838245461621387,12.837611191284827,-87.05877961389811,-28.359712122627275,-23.325907100557483,-61.77608308028721,12.780041234318082,-9.815286634500035,-12.734468504628465,"[[-0.970821208426928, -0.0, -0.23980446465501665, 0.3845833333333334], [0.0, 0.9999999999999999, -0.0, 0.3576875], [0.23980446465501665, 0.0, -0.970821208426928, 0.3729166666666667], [0.0, 0.0, 0.0, 1.0]]","[[-0.9707948238334541, -2.490754248459411e-07, -0.2399112544632096, 0.3845763755792865], [-1.8776339067521554e-07, 0.9999999999999436, -2.784183560811328e-07, 0.35768646277863947], [0.23991125446326544, -2.2524054834462647e-07, -0.9707948238334461, 0.37288155340721896], [0.0, 0.0, 0.0, 1.0]]","[[-0.970821208426928, -0.0, -0.23980446465501665, 0.3845833333333334], [0.0, 0.9999999999999999, -0.0, -0.3576875], [0.23980446465501665, 0.0, -0.970821208426928, 0.3729166666666667], [0.0, 0.0, 0.0, 1.0]]","[[-0.9707479195109372, 7.354837282442911e-07, -0.24010097201937008, 0.3845639796396737], [5.878375857244103e-07, 0.9999999999995917, 6.865512184531633e-07, -0.3576846239054639], [0.24010097201977698, 5.253277912291563e-07, -0.970747919510973, 0.3728191647475888], [0.0, 0.0, 0.0, 1.0]]"
3.6999999999999997,-87.59205346353602,28.52090629458687,23.006384020995117,-61.00721551560804,-12.631995176510763,-10.448630439441454,12.687406793699784,-87.61887561640665,-28.46550833777619,-23.095743385906395,-61.007181364662195,12.710702007637758,-10.426247909531321,-12.586090328872753,"[[-0.9723699203976766, -0.0, -0.23344536385590553, 0.385], [0.0, 1.0, -0.0, 0.35775], [0.23344536385590553, 0.0, -0.9723699203976766, 0.375], [0.0, 0.0, 0.0, 1.0]]","[[-0.9723442605072941, -2.8110428588701844e-07, -0.23355221912549745, 0.3849929973215835], [-2.234446033896097e-07, 0.9999999999999378, -2.733401912378395e-07, 0.3577489606650066], [0.23355221912555973, -2.135947831428194e-07, -0.9723442605072963, 0.37496489965418456], [0.0, 0.0, 0.0, 1.0]]","[[-0.9723699203976766, -0.0, -0.23344536385590553, 0.385], [0.0, 1.0, -0.0, -0.35775], [0.23344536385590553, 0.0, -0.9723699203976766, 0.375], [0.0, 0.0, 0.0, 1.0]]","[[-0.9722985437716373, 7.127534881657014e-07, -0.233742468924767, 0.3849806765358533], [5.612459645915341e-07, 0.9999999999995871, 7.146961990425426e-07, -0.3577471261635781], [0.23374246892517989, 5.637110561305008e-07, -0.9722985437716359, 0.3749024602039586], [0.0, 0.0, 0.0, 1.0]]"
3.7083333333333335,-88.16013395718433,28.623454754785442,22.77762220267117,-60.227201082203415,-12.568826171971901,-11.064815955414154,12.533534584530445,-88.18660777040729,-28.568225845156718,-22.868224662011393,-60.227166931257564,12.648576314494616,-11.042296821720623,-12.430872572436922,"[[-0.9738769792773336, -0.0, -0.22707626303437328, 0.3854166666666667], [0.0, 1.0, -0.0, 0.3578125], [0.22707626303437328, 0.0, -0.9738769792773336, 0.3770833333333333], [0.0, 0.0, 0.0, 1.0]]","[[-0.9738679828336506, -1.1286635579373635e-07, -0.22711484322145029, 0.38541414980730576], [-9.199843956331143e-08, 0.9999999999999906, -1.0246807607232481e-07, 0.35781212083678304], [0.22711484322145972, -7.889616737136046e-08, -0.9738679828336517, 0.3770706780369985], [0.0, 0.0, 0.0, 1.0]]","[[-0.9738769792773336, -0.0, -0.22707626303437328, 0.3854166666666667], [0.0, 1.0, -0.0, -0.3578125], [0.22707626303437328, 0.0, -0.9738769792773336, 0.3770833333333333], [0.0, 0.0, 0.0, 1.0]]","[[-0.973835324322678, 4.552994427827652e-07, -0.22725483735475738, 0.38540506203792874], [3.594566978597464e-07, 0.9999999999998284, 4.631268318314576e-07, -0.3578107824443968], [0.22725483735492918, 3.69320995070927e-07, -0.9738353243226745, 0.3770247905163383], [0.0, 0.0, 0.0, 1.0]]"
3.716666666666667,-88.73454603619322,28.726180799902433,22.546222223780312,-59.43564362910147,-12.508384120459166,-11.687593457709562,12.378590035661412,-88.75982456631144,-28.672878003619655,-22.635178607530555,-59.43561630834479,12.586649550611048,-11.665654890095482,-12.277846452951017,"[[-0.9753423205085128, -0.0, -0.22069743502150113, 0.38583333333333336], [0.0, 1.0, -0.0, 0.357875], [0.22069743502150113, 0.0, -0.9753423205085128, 0.37916666666666665], [0.0, 0.0, 0.0, 1.0]]","[[-0.9753180463122474, -2.8767631952641333e-07, -0.22080468413867155, 0.38582634403528865], [-2.2930035996784407e-07, 0.9999999999999319, -2.900098821438265e-07, 0.3578739728154107], [0.22080468413873988, -2.3222127810817842e-07, -0.9753180463122467, 0.37913155397378384], [0.0, 0.0, 0.0, 1.0]]","[[-0.9753423205085128, -0.0, -0.22069743502150113, 0.38583333333333336], [0.0, 1.0, -0.0, -0.357875], [0.22069743502150113, 0.0, -0.9753423205085128, 0.37916666666666665], [0.0, 0.0, 0.0, 1.0]]","[[-0.9753180353621184, 2.6805930360085975e-07, -0.22080473250658778, 0.38582636792540936], [2.1257155120740175e-07, 0.9999999999999397, 2.750594845223733e-07, -0.3578739592984121], [0.22080473250664817, 2.2133367154921737e-07, -0.9753180353621166, 0.3791315289398082], [0.0, 0.0, 0.0, 1.0]]"
3.725,-89.31689479501769,28.826212335391855,22.316982292214465,-58.632106024195316,-12.455056564740644,-12.315959762293335,12.216893844797823,-89.34509664610066,-28.77521131285937,-22.40321684558046,-58.626628212480966,12.531924367433614,-12.298710973318114,-12.11642517720152,"[[-0.9767658813208724, -0.0, -0.21430915306505074, 0.38625000000000004], [0.0, 1.0, -0.0, 0.35793749999999996], [0.21430915306505074, 0.0, -0.9767658813208724, 0.38125], [0.0, 0.0, 0.0, 1.0]]","[[-0.976742288576144, -2.8821663663658496e-07, -0.21441665445331914, 0.38624304026747963], [-2.3239271166061758e-07, 0.9999999999999324, -2.855601294445537e-07, 0.3579364686700696], [0.21441665445338692, -2.290897866061688e-07, -0.9767422885761446, 0.38121485165176283], [0.0, 0.0, 0.0, 1.0]]","[[-0.9767658813208724, -0.0, -0.21430915306505074, 0.38625000000000004], [0.0, 1.0, -0.0, -0.35793749999999996], [0.21430915306505074, 0.0, -0.9767658813208724, 0.38125], [0.0, 0.0, 0.0, 1.0]]","[[-0.9767265677857838, 4.206553723197396e-07, -0.21448825557877532, 0.38623838752364936], [3.275254104305183e-07, 0.999999999999836, 4.697348209363234e-07, -0.3579357699259601], [0.21448825557893775, 3.8855212548164046e-07, -0.9767265677857614, 0.3811914378576798], [0.0, 0.0, 0.0, 1.0]]"
3.7333333333333334,-89.91017185651415,28.92700885206832,22.083714256585605,-57.81056404063701,-12.404661721496998,-12.955544652588852,12.052304215047087,-89.93044385797076,-28.874095376568228,-22.175634942435636,-57.81606917310805,12.484417840435237,-12.92927659881463,-11.951152528533784,"[[-0.9781476007338056, -0.0, -0.2079116908177593, 0.3866666666666667], [0.0, 0.9999999999999999, -0.0, 0.358], [0.2079116908177593, 0.0, -0.9781476007338056, 0.3833333333333333], [0.0, 0.0, 0.0, 1.0]]","[[-0.9781338808221165, -1.6360661067234675e-07, -0.20797622745842548, 0.3866624633973496], [-1.28522807804954e-07, 0.9999999999999751, -1.8220398726822306e-07, 0.3579993715017645], [0.20797622745845012, -1.514902044582919e-07, -0.9781338808221134, 0.38331225591513846], [0.0, 0.0, 0.0, 1.0]]","[[-0.9781476007338056, -0.0, -0.2079116908177593, 0.3866666666666667], [0.0, 0.9999999999999999, -0.0, -0.358], [0.2079116908177593, 0.0, -0.9781476007338056, 0.3833333333333333], [0.0, 0.0, 0.0, 1.0]]","[[-0.9780840246552484, 6.906957342306825e-07, -0.20821056820852052, 0.38664730950688947], [5.408567236740531e-07, 0.9999999999995525, 7.765812012744278e-07, -0.35799713102708547], [0.20821056820896366, 6.469495810585263e-07, -0.978084024655184, 0.38323575572029356], [0.0, 0.0, 0.0, 1.0]]"
3.7416666666666667,-90.50362650292905,29.024540538321514,21.85459726842482,-56.98710277392194,-12.3614078410306,-13.592832038002307,11.883911877475947,-90.52686280648544,-28.973973232801324,-21.94368684086388,-56.987075453165254,12.43972876646949,-13.571304135512072,-11.783097431552912,"[[-0.9794874195590514, -0.0, -0.20150532232561705, 0.38708333333333333], [0.0, 0.9999999999999999, -0.0, 0.3580625], [0.20150532232561705, 0.0, -0.9794874195590514, 0.38541666666666663], [0.0, 0.0, 0.0, 1.0]]","[[-0.9794741212366846, -1.6064653118303544e-07, -0.20156995269037137, 0.38707913012462103], [-1.289063102905935e-07, 0.9999999999999771, -1.7059157741684527e-07, 0.35806186908200527], [0.20156995269039418, -1.4110639651397912e-07, -0.9794741212366831, 0.3853955831800369], [0.0, 0.0, 0.0, 1.0]]","[[-0.9794874195590514, -0.0, -0.20150532232561705, 0.38708333333333333], [0.0, 0.9999999999999999, -0.0, -0.3580625], [0.20150532232561705, 0.0, -0.9794874195590514, 0.38541666666666663], [0.0, 0.0, 0.0, 1.0]]","[[-0.979425807336005, 6.49570899512255e-07, -0.20180457855012354, 0.3870639594197666], [5.049762974648566e-07, 0.9999999999995778, 7.679909088059786e-07, -0.358059616531466], [0.20180457855053716, 6.502835869963104e-07, -0.9794258073359193, 0.38531908457222536], [0.0, 0.0, 0.0, 1.0]]"
3.75,-91.10859684828459,29.122966979355983,21.621237025242163,-56.14456137376043,-12.321335121170135,-14.241821245011286,11.71226153967071,-91.13129356689655,-29.073034881428605,-21.710891795835042,-56.144534053003746,12.40015123532385,-14.220288219879174,-11.61080590973934,"[[-0.9807852804032303, -0.0, -0.19509032201612858, 0.3875], [0.0, 0.9999999999999999, -0.0, 0.35812499999999997], [0.19509032201612858, 0.0, -0.9807852804032303, 0.38749999999999996], [0.0, 0.0, 0.0, 1.0]]","[[-0.9807256394254408, -6.73260563049915e-07, -0.19538991829955596, 0.3874806009476633], [-5.298285232556494e-07, 0.9999999999995505, -7.863463331732597e-07, 0.35812212542598226], [0.19538991829999755, -6.676668585395e-07, -0.9807256394253566, 0.3874024148620328], [0.0, 0.0, 0.0, 1.0]]","[[-0.9807852804032303, -0.0, -0.19509032201612858, 0.3875], [0.0, 0.9999999999999999, -0.0, -0.35812499999999997], [0.19509032201612858, 0.0, -0.9807852804032303, 0.38749999999999996], [0.0, 0.0, 0.0, 1.0]]","[[-0.9807494976515598, 4.006401123437285e-07, -0.19527012791528645, 0.38748835499014883], [3.094847947374289e-07, 0.9999999999998284, 4.973267361009798e-07, -0.35812326968042757], [0.1952701279154522, 4.2731981114351194e-07, -0.9807494976515156, 0.38744142872223813], [0.0, 0.0, 0.0, 1.0]]"
3.7583333333333333,-91.72190685461672,29.220631854297995,21.386939338595923,-55.287867821638656,-12.28653274602798,-14.89804106103037,11.536149380790162,-91.74353123352898,-29.17254390744652,-21.474971939260925,-55.28784050088198,12.363935011023504,-14.877021153859655,-11.436513142498955,"[[-0.9820411276703037, -0.0, -0.18866696468655553, 0.3879166666666667], [0.0, 0.9999999999999999, -0.0, 0.3581875], [0.18866696468655553, 0.0, -0.9820411276703037, 0.3895833333333333], [0.0, 0.0, 0.0, 1.0]]","[[-0.9820203669240357, -2.7802219866517675e-07, -0.18877499555371532, 0.38790966819319483], [-2.2046752817069354e-07, 0.9999999999999227, -3.258831794734736e-07, 0.3581864767636821], [0.18877499555379132, -2.784051628307507e-07, -0.9820203669240211, 0.3895481844927945], [0.0, 0.0, 0.0, 1.0]]","[[-0.9820411276703037, -0.0, -0.18866696468655553, 0.3879166666666667], [0.0, 0.9999999999999999, -0.0, -0.3581875], [0.18866696468655553, 0.0, -0.9820411276703037, 0.3895833333333333], [0.0, 0.0, 0.0, 1.0]]","[[-0.9820203748618629, 2.502266726726508e-07, -0.18877495426063295, 0.3879096599837875], [1.9256817884645007e-07, 0.9999999999999293, 3.2377598890046237e-07, -0.35818646292329603], [0.18877495426070057, 2.816025688375103e-07, -0.9820203748618413, 0.3895481976823794], [0.0, 0.0, 0.0, 1.0]]"
3.7666666666666666,-92.34818055999354,29.318173785834947,21.15017595365931,-54.41045489066965,-12.257156956181403,-15.566231637343547,11.35389773561942,-92.36923120301552,-29.27083374469759,-21.238601290201586,-54.41042756991297,12.334923782523875,-15.545228805645758,-11.253788506728188,"[[-0.9832549075639546, -0.0, -0.18223552549214772, 0.38833333333333336], [0.0, 1.0, -0.0, 0.35825], [0.18223552549214772, 0.0, -0.9832549075639546, 0.3916666666666666], [0.0, 0.0, 0.0, 1.0]]","[[-0.9832428707416975, -1.8224170034296776e-07, -0.1823004584075217, 0.38832913887318043], [-1.5180277514062735e-07, 0.9999999999999724, -1.8092496428837823e-07, 0.35824937583008687], [0.18230045840754958, -1.502194657800738e-07, -0.9832428707416977, 0.3916455527341998], [0.0, 0.0, 0.0, 1.0]]","[[-0.9832549075639546, -0.0, -0.18223552549214772, 0.38833333333333336], [0.0, 1.0, -0.0, -0.35825], [0.18223552549214772, 0.0, -0.9832549075639546, 0.3916666666666666], [0.0, 0.0, 0.0, 1.0]]","[[-0.9831991930792305, 6.451811841513179e-07, -0.18253587791974943, 0.3883138899206423], [5.012504979319235e-07, 0.9999999999995262, 8.346419388344191e-07, -0.35824712720281127], [0.1825358779202014, 7.291230810743701e-07, -0.983199193079088, 0.3915690559138376], [0.0, 0.0, 0.0, 1.0]]"
3.775,-92.95688018863589,29.40905969802572,20.926108182842455,-53.55616215004113,-12.237490280239998,-16.212246296968985,11.170698401701339,-92.99930249357085,-29.369167978178265,-21.000200367411463,-53.52332260051171,12.309625615611795,-16.217408212434222,-11.070026535977227,"[[-0.9844265680898915, -0.0, -0.1757962799343547, 0.38875000000000004], [0.0, 0.9999999999999999, -0.0, 0.3583125], [0.1757962799343547, 0.0, -0.9844265680898915, 0.39374999999999993], [0.0, 0.0, 0.0, 1.0]]","[[-0.9844149515084947, -1.6632532092110365e-07, -0.175861318221207, 0.3887458155608941], [-1.3586107979465296e-07, 0.9999999999999737, -1.8526895495103418e-07, 0.3583118735269583], [0.17586131822123321, -1.584888207165075e-07, -0.9844149515084913, 0.39372887733672995], [0.0, 0.0, 0.0, 1.0]]","[[-0.9844265680898915, -0.0, -0.1757962799343547, 0.38875000000000004], [0.0, 0.9999999999999999, -0.0, -0.3583125], [0.1757962799343547, 0.0, -0.9844265680898915, 0.39374999999999993], [0.0, 0.0, 0.0, 1.0]]","[[-0.9843943222091622, 3.959314991453442e-07, -0.1759767552894625, 0.38873834380907196], [3.0683715121269585e-07, 0.9999999999998106, 5.334951738042359e-07, -0.35831077652024146], [0.1759767552896404, 4.711734137462076e-07, -0.9843943222090972, 0.3936914058507912], [0.0, 0.0, 0.0, 1.0]]"
3.783333333333333,-93.61653302848656,29.507813988140352,20.681322740725662,-52.62610895113883,-12.219148660997574,-16.91215456424041,10.973833566801353,-93.63563706759508,-29.46386172083132,-20.766894765742165,-52.62608504547674,12.294484793769168,-16.892014043925336,-10.876846588134464,"[[-0.9855560590580776, -0.0, -0.16934950384902478, 0.38916666666666666], [0.0, 1.0, -0.0, 0.358375], [0.16934950384902478, 0.0, -0.9855560590580776, 0.39583333333333326], [0.0, 0.0, 0.0, 1.0]]","[[-0.9855374270221249, -2.141135861105683e-07, -0.16945790019519397, 0.38915964631430017], [-1.572141833026872e-07, 0.9999999999999267, -3.491907095442446e-07, 0.35837395474634726], [0.1694579001952563, -3.174993280408892e-07, -0.9855374270220862, 0.3957981766140246], [0.0, 0.0, 0.0, 1.0]]","[[-0.9855560590580776, -0.0, -0.16934950384902478, 0.38916666666666666], [0.0, 1.0, -0.0, -0.358375], [0.16934950384902478, 0.0, -0.9855560590580776, 0.39583333333333326], [0.0, 0.0, 0.0, 1.0]]","[[-0.9855374368752247, 2.152602490650115e-07, -0.16945784289128266, 0.38915962780866753], [1.606960546323682e-07, 0.9999999999999308, 3.3570751460083564e-07, -0.35837395115188614], [0.16945784289134316, 3.0362111670031873e-07, -0.9855374368751909, 0.39579818529060606], [0.0, 0.0, 0.0, 1.0]]"
3.7916666666666665,-94.26005979170682,29.601486617512492,20.446336912520543,-51.71616724424764,-12.208834221577208,-17.59232016971591,10.777583448926668,-94.28569349166187,-29.560047859818024,-20.5282291731217,-51.705706809533766,12.28327816088847,-17.5802512254525,-10.679395210739504,"[[-0.9866433320848791, -0.0, -0.1628954733945889, 0.38958333333333334], [0.0, 1.0, -0.0, 0.35843749999999996], [0.1628954733945889, 0.0, -0.9866433320848791, 0.3979166666666666], [0.0, 0.0, 0.0, 1.0]]","[[-0.9866325859124734, -1.430885993113809e-07, -0.16296054864796342, 0.38957909733428875], [-1.0843783247508406e-07, 0.9999999999999696, -2.2152785165031993e-07, 0.3584368748697968], [0.16296054864799017, -2.008955084510543e-07, -0.986632585912459, 0.39789557224258176], [0.0, 0.0, 0.0, 1.0]]","[[-0.9866433320848791, -0.0, -0.1628954733945889, 0.38958333333333334], [0.0, 1.0, -0.0, -0.35843749999999996], [0.1628954733945889, 0.0, -0.9866433320848791, 0.3979166666666666], [0.0, 0.0, 0.0, 1.0]]","[[-0.9865935295990208, 6.111945076750933e-07, -0.16319683622231318, 0.38956383338131834], [4.726044749907026e-07, 0.9999999999994941, 8.880441186493997e-07, -0.35843462091651507], [0.16319683622277337, 7.990110263549728e-07, -0.9865935295988105, 0.3978190301271364], [0.0, 0.0, 0.0, 1.0]]"
3.8,-94.92812059442576,29.698639228266753,20.20111604584416,-50.76733444022239,-12.201854622019102,-18.297718201532735,10.574559490942624,-94.94992938844561,-29.65849137632542,-20.28249604225757,-50.760917477497166,12.275052905580482,-18.28304866274284,-10.478920620863168,"[[-0.9876883405951378, -0.0, -0.15643446504023098, 0.39], [0.0, 1.0, -0.0, 0.3585], [0.15643446504023098, 0.0, -0.9876883405951378, 0.3999999999999999], [0.0, 0.0, 0.0, 1.0]]","[[-0.9876780120969897, -1.4974388371691987e-07, -0.15649966268371432, 0.3899957810528001], [-1.161047760433531e-07, 0.9999999999999682, -2.240883380708996e-07, 0.35849937534812026], [0.1564996626837429, -2.0315676599323133e-07, -0.9876780120969757, 0.3999788782242917], [0.0, 0.0, 0.0, 1.0]]","[[-0.9876883405951378, -0.0, -0.15643446504023098, 0.39], [0.0, 1.0, -0.0, -0.3585], [0.15643446504023098, 0.0, -0.9876883405951378, 0.3999999999999999], [0.0, 0.0, 0.0, 1.0]]","[[-0.987671137946563, 2.339883401362142e-07, -0.15654303966413424, 0.3899929487697932], [1.761938057299039e-07, 0.9999999999999112, 3.8306911415840243e-07, -0.35849897268640996], [0.15654303966420996, 3.5076439397406004e-07, -0.9876711379465164, 0.3999648438279654], [0.0, 0.0, 0.0, 1.0]]"
3.808333333333333,-95.60428883168952,29.79556302768382,19.95429179226012,-49.80339325775308,-12.200853145532049,-19.009727856466128,10.36698065055583,-95.62066762531921,-29.756494345631346,-20.035656420747895,-49.8033659369964,12.272687952580364,-18.99077920416122,-10.274482813720931,"[[-0.9886910398241674, -0.0, -0.1499667555540451, 0.3904166666666667], [0.0, 1.0, -0.0, 0.3585625], [0.1499667555540451, 0.0, -0.9886910398241674, 0.40208333333333324], [0.0, 0.0, 0.0, 1.0]]","[[-0.9886745402172868, -2.1798932643553486e-07, -0.15007549275644272, 0.390409630010447], [-1.6453174370509063e-07, 0.9999999999999186, -3.686210144018552e-07, 0.35856145928754457], [0.15007549275651083, -3.397540294175658e-07, -0.9886745402172422, 0.40204815628037255], [0.0, 0.0, 0.0, 1.0]]","[[-0.9886910398241674, -0.0, -0.1499667555540451, 0.3904166666666667], [0.0, 1.0, -0.0, -0.3585625], [0.1499667555540451, 0.0, -0.9886910398241674, 0.40208333333333324], [0.0, 0.0, 0.0, 1.0]]","[[-0.9886811426861343, 1.1840590687741727e-07, -0.15003199024483407, 0.39041243282712385], [8.448293878926857e-08, 0.9999999999999697, 2.3247854248176156e-07, -0.3585618690285815], [0.150031990244857, 2.1717200758258858e-07, -0.9886811426861141, 0.4020622314740789], [0.0, 0.0, 0.0, 1.0]]"
3.8166666666666664,-96.28327110689132,29.89045826091739,19.71011935962133,-48.83237941439822,-12.207899339434563,-19.721718728379305,10.153937658833023,-96.29882344763143,-29.852899050671493,-19.79021698801807,-48.83235550873612,12.278704495465501,-19.7031115855329,-10.062756340960645,"[[-0.9896513868196701, -0.0, -0.14349262199117935, 0.39083333333333337], [0.0, 1.0, -0.0, 0.35862499999999997], [0.14349262199117935, 0.0, -0.9896513868196701, 0.4041666666666667], [0.0, 0.0, 0.0, 1.0]]","[[-0.9896419196662881, -1.489085283500265e-07, -0.14355790065058158, 0.39082907900612207], [-1.1480222558893954e-07, 0.9999999999999635, -2.4586200603566483e-07, 0.3586243771837482], [0.14355790065061289, -2.2683458113057716e-07, -0.9896419196662688, 0.4041455641109011], [0.0, 0.0, 0.0, 1.0]]","[[-0.9896513868196701, -0.0, -0.14349262199117935, 0.39083333333333337], [0.0, 1.0, -0.0, -0.35862499999999997], [0.14349262199117935, 0.0, -0.9896513868196701, 0.4041666666666667], [0.0, 0.0, 0.0, 1.0]]","[[-0.9896075025658715, 5.747921650901996e-07, -0.14379496119478047, 0.3908138204296163], [4.3677502914422477e-07, 0.9999999999994131, 9.913860550524282e-07, -0.35862212524233184], [0.1437949611952659, 9.182770296524222e-07, -0.9896075025655418, 0.4040689576072025], [0.0, 0.0, 0.0, 1.0]]"
3.8249999999999997,-96.97852289269609,29.987744060360466,19.458380784929464,-47.83350864451346,-12.218998396835834,-20.449769082578474,9.936426869619382,-96.99348100697841,-29.951144491692954,-19.538386205772408,-47.83348473885136,12.289824043434281,-20.431219996340012,-9.845204570611983,"[[-0.9905693404435773, -0.0, -0.13701234168196805, 0.39125000000000004], [0.0, 1.0, -0.0, 0.3586875], [0.13701234168196805, 0.0, -0.9905693404435773, 0.40625], [0.0, 0.0, 0.0, 1.0]]","[[-0.9905603002600314, -1.5247389822615281e-07, -0.1370776843572051, 0.39124574823628444], [-1.211893410809171e-07, 0.9999999999999647, -2.3657058615182514e-07, 0.3586868747989336], [0.13707768435723636, -2.1772507660709587e-07, -0.9905603002600147, 0.40622888433404747], [0.0, 0.0, 0.0, 1.0]]","[[-0.9905693404435773, -0.0, -0.13701234168196805, 0.39125000000000004], [0.0, 1.0, -0.0, -0.3586875], [0.13701234168196805, 0.0, -0.9905693404435773, 0.40625], [0.0, 0.0, 0.0, 1.0]]","[[-0.9905274492256201, 5.589560708867717e-07, -0.13731486565654188, 0.3912304422786833], [4.2072104511361026e-07, 0.9999999999993753, 1.035724184373663e-06, -0.358684630234677], [0.137314865657035, 9.68141980660275e-07, -0.9905274492252364, 0.40615229335583136], [0.0, 0.0, 0.0, 1.0]]"
3.8333333333333335,-97.6869296228423,30.08522452019489,19.20399038929234,-46.81195823148967,-12.23759870949307,-21.18886043757097,9.71134737703172,-97.70571264305983,-30.05128872530368,-19.27986696078201,-46.804960702684994,12.306582766336554,-21.175915521546504,-9.621152167720762,"[[-0.9914448613738104, -0.0, -0.13052619222005155, 0.3916666666666667], [0.0, 0.9999999999999999, -0.0, 0.35875], [0.13052619222005155, 0.0, -0.9914448613738104, 0.4083333333333333], [0.0, 0.0, 0.0, 1.0]]","[[-0.9914396837114252, -1.1405512986908382e-07, -0.1305655144445743, 0.39166412521264715], [-9.414587485252934e-08, 0.9999999999999831, -1.5865731139403195e-07, 0.3587496279544993], [0.13056551444459016, -1.450069500440491e-07, -0.9914396837114192, 0.408320633773127], [0.0, 0.0, 0.0, 1.0]]","[[-0.9914448613738104, -0.0, -0.13052619222005155, 0.3916666666666667], [0.0, 0.9999999999999999, -0.0, -0.35875], [0.13052619222005155, 0.0, -0.9914448613738104, 0.4083333333333333], [0.0, 0.0, 0.0, 1.0]]","[[-0.9914305044286852, 2.0747132533395548e-07, -0.13063519773874066, 0.39165958992222333], [1.5372054373863442e-07, 0.9999999999998993, 4.2154097875076527e-07, -0.3587489651521814], [0.130635197738815, 3.9784727157242966e-07, -0.9914305044286172, 0.40829814291737176], [0.0, 0.0, 0.0, 1.0]]"
3.841666666666667,-98.41369590147751,30.185221904738462,18.941432794955173,-45.75908115583762,-12.26127129138269,-21.945563435338343,9.480486129311643,-98.42719918546662,-30.151269034374327,-19.019657243972034,-45.75906066527011,12.330769319961215,-21.927475386868856,-9.390943203066422,"[[-0.9922779121059669, -0.0, -0.12403445145048526, 0.39208333333333334], [0.0, 0.9999999999999999, -0.0, 0.3588125], [0.12403445145048526, 0.0, -0.9922779121059669, 0.41041666666666665], [0.0, 0.0, 0.0, 1.0]]","[[-0.9922697240755006, -1.4379000273290913e-07, -0.12409993828809676, 0.39207908041836703], [-1.1186694964434501e-07, 0.999999999999959, -2.64204929739969e-07, 0.35881188134051456], [0.12409993828812965, -2.482798711851252e-07, -0.992269724075476, 0.41039552946114416], [0.0, 0.0, 0.0, 1.0]]","[[-0.9922779121059669, -0.0, -0.12403445145048526, 0.39208333333333334], [0.0, 0.9999999999999999, -0.0, -0.3588125], [0.12403445145048526, 0.0, -0.9922779121059669, 0.41041666666666665], [0.0, 0.0, 0.0, 1.0]]","[[-0.9922146321921822, 8.831721175301699e-07, -0.12453964695209611, 0.3920506950783098], [6.64459364262925e-07, 0.9999999999981634, 1.7977071502047514e-06, -0.35880774423008793], [0.12453964695345505, 1.7009598041903444e-06, -0.9922146321909467, 0.41025374694455075], [0.0, 0.0, 0.0, 1.0]]"
3.85,-99.13757984028297,30.28236768530355,18.684066144387213,-44.70685294815672,-12.294227807901647,-22.695410630726315,9.24451504631875,-99.16346625723732,-30.25237290956344,-18.754603215493226,-44.68728787127922,12.361984992015465,-22.691845271979567,-9.153715365266246,"[[-0.9930684569549264, -0.0, -0.11753739745783755, 0.3925], [0.0, 1.0, -0.0, 0.358875], [0.11753739745783755, 0.0, -0.9930684569549264, 0.4125], [0.0, 0.0, 0.0, 1.0]]","[[-0.9930555285408383, -2.040044148149014e-07, -0.1176465776571286, 0.3924928998852841], [-1.5245362788635292e-07, 0.9999999999998884, -4.471825517063e-07, 0.35887396390810894], [0.11764657765720671, -4.2614145766669764e-07, -0.9930555285407586, 0.4124647905976477], [0.0, 0.0, 0.0, 1.0]]","[[-0.9930684569549264, -0.0, -0.11753739745783755, 0.3925], [0.0, 1.0, -0.0, -0.358875], [0.11753739745783755, 0.0, -0.9930684569549264, 0.4125], [0.0, 0.0, 0.0, 1.0]]","[[-0.993046893403524, 3.4571343691449236e-07, -0.11771944402472564, 0.392488223590043], [2.6200926069256777e-07, 0.9999999999997017, 7.26523602360176e-07, -0.3588732835291105], [0.1177194440249417, 6.906284218100516e-07, -0.9930468934033184, 0.41244129435287114], [0.0, 0.0, 0.0, 1.0]]"
3.8583333333333334,-99.89869514025416,30.384540485097773,18.411801143692166,-43.595311377723434,-12.334081961708671,-23.481753234396958,8.99598580676314,-99.91071627319339,-30.353442633806704,-18.487623073668477,-43.59528747206134,12.40175035336328,-23.464228676533995,-8.908766852383017,"[[-0.9938164620563782, -0.0, -0.11103530855427755, 0.3929166666666667], [0.0, 1.0, -0.0, 0.35893749999999996], [0.11103530855427755, 0.0, -0.9938164620563782, 0.4145833333333333], [0.0, 0.0, 0.0, 1.0]]","[[-0.9937960901801779, -3.326346005727494e-07, -0.11121749476804996, 0.392904870083161], [-2.4929238286836827e-07, 0.9999999999996776, -7.632684528940161e-07, 0.35893579292434635], [0.111217494768268, -7.30807529956569e-07, -0.9937960901799403, 0.41452461317396516], [0.0, 0.0, 0.0, 1.0]]","[[-0.9938164620563782, -0.0, -0.11103530855427755, 0.3929166666666667], [0.0, 1.0, -0.0, -0.35893749999999996], [0.11103530855427755, 0.0, -0.9938164620563782, 0.4145833333333333], [0.0, 0.0, 0.0, 1.0]]","[[-0.9937960986485627, 3.2027314282087663e-07, -0.11121741909788266, 0.39290484435620815], [2.3542703574249664e-07, 0.9999999999996715, 7.760175868451312e-07, -0.358935791761891], [0.11121741909809463, 7.45019662988218e-07, -0.9937960986483113, 0.4145246378478958], [0.0, 0.0, 0.0, 1.0]]"
3.8666666666666667,-100.66843013895793,30.487368983052317,18.135945171040984,-42.466100107907316,-12.380824361293653,-24.27425666869895,8.742738614038348,-100.67974093222347,-30.4576713205411,-18.210575233007127,-42.466076202245226,12.447605682129806,-24.256998488213622,-8.656640664455752,"[[-0.9945218953682732, -0.0, -0.10452846326765373, 0.39333333333333337], [0.0, 0.9999999999999999, -0.0, 0.359], [0.10452846326765373, 0.0, -0.9945218953682732, 0.41666666666666663], [0.0, 0.0, 0.0, 1.0]]","[[-0.9945177514747938, -6.314653151137364e-08, -0.10456788226561997, 0.3933307683809642], [-4.327472744646379e-08, 0.9999999999999807, -1.9230615022450544e-07, 0.35899961969160815], [0.10456788226563007, -1.8672673351135041e-07, -0.9945177514747772, 0.4166539521479725], [0.0, 0.0, 0.0, 1.0]]","[[-0.9945218953682732, -0.0, -0.10452846326765373, 0.39333333333333337], [0.0, 0.9999999999999999, -0.0, -0.359], [0.10452846326765373, 0.0, -0.9945218953682732, 0.41666666666666663], [0.0, 0.0, 0.0, 1.0]]","[[-0.9944899243673102, 5.215900240839609e-07, -0.10483220083366557, 0.3933136318791294], [3.8764967948368335e-07, 0.9999999999990825, 1.2980393673948597e-06, -0.3589971588044619], [0.10483220083424641, 1.2502489032535654e-06, -0.9944899243665999, 0.4165688210719882], [0.0, 0.0, 0.0, 1.0]]"
3.875,-101.45639491255645,30.59271782081059,17.851443886447857,-41.30458204331705,-12.434165577390514,-25.0830108305837,8.482931878389403,-101.46709781898585,-30.564164214985354,-17.92552241063852,-41.30455813765495,12.500646369903187,-25.065858518030506,-8.39719763638011,"[[-0.9951847266721969, -0.0, -0.09801714032956083, 0.39375000000000004], [0.0, 1.0, -0.0, 0.3590625], [0.09801714032956083, 0.0, -0.9951847266721969, 0.41874999999999996], [0.0, 0.0, 0.0, 1.0]]","[[-0.995178254239948, -1.554720113770578e-07, -0.09808283380849846, 0.3937457197127728], [-1.2492769240411821e-07, 0.9999999999999419, -3.175549414172252e-07, 0.3590618839358918], [0.09808283380854212, -3.037705101327107e-07, -0.9951782542399094, 0.41872882468938566], [0.0, 0.0, 0.0, 1.0]]","[[-0.9951847266721969, -0.0, -0.09801714032956083, 0.39375000000000004], [0.0, 1.0, -0.0, -0.3590625], [0.09801714032956083, 0.0, -0.9951847266721969, 0.41874999999999996], [0.0, 0.0, 0.0, 1.0]]","[[-0.9951667430208849, 3.5140850764263027e-07, -0.09819956000451702, 0.39373815274047597], [2.6788468528069337e-07, 0.9999999999995913, 8.637368424321121e-07, -0.3590608180539388], [0.09819956000478039, 8.332560220837955e-07, -0.9951667430205721, 0.418691237807313], [0.0, 0.0, 0.0, 1.0]]"
3.8833333333333333,-102.25539727185371,30.698555017094524,17.563517261985968,-40.121675241340874,-12.496303223364706,-25.89929356848109,8.215785250703632,-102.26541715936611,-30.671384524576215,-17.636374889862495,-40.12165475077337,12.561896091285277,-25.88239568047448,-8.131171159718223,"[[-0.9958049275746617, -0.0, -0.09150161866340259, 0.39416666666666667], [0.0, 1.0, -0.0, 0.35912499999999997], [0.09150161866340259, 0.0, -0.9958049275746617, 0.4208333333333333], [0.0, 0.0, 0.0, 1.0]]","[[-0.9958013072895869, -1.0004129948747127e-07, -0.09154100939109176, 0.39416405519632164], [-7.895238883654935e-08, 0.9999999999999697, -2.3399793833255595e-07, 0.3591246385463218], [0.09154100939111239, -2.2578807152669163e-07, -0.9958013072895645, 0.42082063258542096], [0.0, 0.0, 0.0, 1.0]]","[[-0.9958049275746617, -0.0, -0.09150161866340259, 0.39416666666666667], [0.0, 1.0, -0.0, -0.35912499999999997], [0.09150161866340259, 0.0, -0.9958049275746617, 0.4208333333333333], [0.0, 0.0, 0.0, 1.0]]","[[-0.995776940388211, 5.188478137043875e-07, -0.09180569149472512, 0.39414686440956054], [3.8557040894731146e-07, 0.9999999999988461, 1.469469804993028e-06, -0.35912219111085025], [0.09180569149538159, 1.427866588395506e-06, -0.9957769403872617, 0.4207354254124384], [0.0, 0.0, 0.0, 1.0]]"
3.8916666666666666,-103.10040778540018,30.810460836456013,17.25680249466467,-38.86455843403252,-12.56868273799933,-26.759069243465834,7.9318781925682975,-103.10973099361725,-30.784738344041745,-17.328309452632823,-38.86453794346501,12.633292912453065,-26.742442855478732,-7.848504634690891,"[[-0.9963824715083255, -0.0, -0.08498217737244182, 0.39458333333333334], [0.0, 1.0, -0.0, 0.3591875], [0.08498217737244182, 0.0, -0.9963824715083255, 0.4229166666666666], [0.0, 0.0, 0.0, 1.0]]","[[-0.9963731211189311, -1.9893867891892545e-07, -0.08509173586007238, 0.39457616339839985], [-1.4850114251160115e-07, 0.9999999999998095, -5.990726543492208e-07, 0.3591864870905386], [0.08509173586017535, -5.842636703974195e-07, -0.9963731211187707, 0.4228813708562217], [0.0, 0.0, 0.0, 1.0]]","[[-0.9963824715083255, -0.0, -0.08498217737244182, 0.39458333333333334], [0.0, 1.0, -0.0, -0.3591875], [0.08498217737244182, 0.0, -0.9963824715083255, 0.4229166666666666], [0.0, 0.0, 0.0, 1.0]]","[[-0.9963731190301038, 2.120634571390919e-07, -0.08509176031895141, 0.394576168260468], [1.606706926652472e-07, 0.9999999999998007, 6.108170492257899e-07, -0.3591864980886956], [0.08509176031906396, 5.949299364233135e-07, -0.9963731190299391, 0.4228813672795675], [0.0, 0.0, 0.0, 1.0]]"
3.9,-103.34623312381811,30.792575986114336,17.193778631645667,-38.619071189978506,-12.543111363520449,-27.15447230961246,7.837641218815985,-103.35528995465754,-30.767498946576634,-17.263996391407986,-38.61904728431641,12.606972778486421,-27.13819084617844,-7.755533807255969,"[[-0.996917333733128, -0.0, -0.07845909572784505, 0.395], [0.0, 0.9999999999999999, -0.0, 0.35924999999999996], [0.07845909572784505, 0.0, -0.996917333733128, 0.42499999999999993], [0.0, 0.0, 0.0, 1.0]]","[[-0.99690869581491, -5.825868981126038e-08, -0.07856877375020936, 0.3939130680636157], [-5.034514493573602e-08, 0.9999999999999933, -1.0270208694381292e-07, 0.35881353033739066], [0.07856877375021483, -9.842904725074871e-08, -0.9969086958149065, 0.4238030112650726], [0.0, 0.0, 0.0, 1.0]]","[[-0.996917333733128, -0.0, -0.07845909572784505, 0.395], [0.0, 0.9999999999999999, -0.0, -0.35924999999999996], [0.07845909572784505, 0.0, -0.996917333733128, 0.42499999999999993], [0.0, 0.0, 0.0, 1.0]]","[[-0.9968933168031666, 1.71545032863156e-07, -0.07876366492966208, 0.39393350908239677], [1.5037134212246454e-07, 0.9999999999999512, 2.7475672801495505e-07, -0.35882490604338346], [0.07876366492970535, 2.6205934789885667e-07, -0.9968933168031435, 0.4237761393825129], [0.0, 0.0, 0.0, 1.0]]"
3.908333333333333,-103.5571493653881,30.76707547484809,17.144457835649007,-38.432344063354115,-12.511432092376284,-27.526164374055384,7.755101797790966,-103.5680571774926,-30.74274292592992,-17.21166006689276,-38.43032915754896,12.573123214733485,-27.514501826047585,-7.674787310888079,"[[-0.9974094913373518, -0.0, -0.07193265315671947, 0.3954166666666667], [0.0, 0.9999999999999999, -0.0, 0.3593125], [0.07193265315671947, 0.0, -0.9974094913373518, 0.42708333333333326], [0.0, 0.0, 0.0, 1.0]]","[[-0.9974047360939875, -5.740890002686546e-08, -0.07199855843890089, 0.39317259876016686], [-5.2985194102402515e-08, 0.9999999999999967, -6.335149737949964e-08, 0.35840941186903774], [0.07199855843890428, -5.937222593098045e-08, -0.9974047360939873, 0.4246430912198842], [0.0, 0.0, 0.0, 1.0]]","[[-0.9974094913373518, -0.0, -0.07193265315671947, 0.3954166666666667], [0.0, 0.9999999999999999, -0.0, -0.3593125], [0.07193265315671947, 0.0, -0.9974094913373518, 0.42708333333333326], [0.0, 0.0, 0.0, 1.0]]","[[-0.9973962859864214, 9.647446609549186e-08, -0.07211552329757759, 0.3931858465894255], [8.607342080372772e-08, 0.9999999999999853, 1.4733521130897693e-07, -0.3584166153261111], [0.07211552329759074, 1.4074436277132477e-07, -0.9973962859864152, 0.42462820063803636], [0.0, 0.0, 0.0, 1.0]]"
3.9166666666666665,-103.76819538055231,30.741660340946474,17.095364143442247,-38.24396061585599,-12.481076170383808,-27.899362495210294,7.672009131443176,-103.7766033434206,-30.718202056242067,-17.161770657647697,-38.24393671019389,12.542301132330156,-27.884062871469464,-7.593900795642203,"[[-0.9978589232386036, -0.0, -0.06540312923014312, 0.39583333333333337], [0.0, 1.0, -0.0, 0.359375], [0.06540312923014312, 0.0, -0.9978589232386036, 0.4291666666666666], [0.0, 0.0, 0.0, 1.0]]","[[-0.9978546026946445, -3.3564571134371793e-08, -0.06546901466428344, 0.39243890384580715], [-2.8205770369325798e-08, 0.9999999999999963, -8.277676663657191e-08, 0.35800934071385127], [0.06546901466428597, -8.075257359055698e-08, -0.9978546026946417, 0.4254700246284402], [0.0, 0.0, 0.0, 1.0]]","[[-0.9978589232386036, -0.0, -0.06540312923014312, 0.39583333333333337], [0.0, 1.0, -0.0, -0.359375], [0.06540312923014312, 0.0, -0.9978589232386036, 0.4291666666666666], [0.0, 0.0, 0.0, 1.0]]","[[-0.9978388968460076, 1.2285177080901134e-07, -0.06570795949599777, 0.3924658530073291], [1.072598953564476e-07, 0.9999999999999653, 2.4081823986141284e-07, -0.3580239749169364], [0.06570795949602508, 2.33249977944083e-07, -0.997838896845986, 0.42543986580862575], [0.0, 0.0, 0.0, 1.0]]"
3.925,-103.97973316933678,30.717020433515653,17.044653403949486,-38.05297828137868,-12.450663045557034,-28.27485555992633,7.590079304801581,-103.98566860372553,-30.694053922431486,-17.11138947478239,-38.055092224926796,12.512413932069473,-28.25544928494703,-7.512932318126286,"[[-0.9982656101847157, -0.0, -0.058870803651189484, 0.39625], [0.0, 0.9999999999999999, -0.0, 0.35943749999999997], [0.058870803651189484, 0.0, -0.9982656101847157, 0.4312499999999999], [0.0, 0.0, 0.0, 1.0]]","[[-0.9982591277584679, -5.3394819156822725e-08, -0.05898062263913494, 0.39171292839573635], [-4.741319879204286e-08, 0.9999999999999937, -1.0281615240892916e-07, 0.35761366816403223], [0.05898062263914005, -9.984070263715154e-08, -0.9982591277584641, 0.4262850240172535], [0.0, 0.0, 0.0, 1.0]]","[[-0.9982656101847157, -0.0, -0.058870803651189484, 0.39625], [0.0, 0.9999999999999999, -0.0, -0.35943749999999997], [0.058870803651189484, 0.0, -0.9982656101847157, 0.4312499999999999], [0.0, 0.0, 0.0, 1.0]]","[[-0.9982355099263405, 1.8222371308604798e-07, -0.05937900910309657, 0.39175766401703754], [1.62020601229337e-07, 0.9999999999999274, 3.450545219392477e-07, -0.3576379485763121], [0.059379009103155134, 3.348250539051286e-07, -0.9982355099262976, 0.4262351355830025], [0.0, 0.0, 0.0, 1.0]]"
3.933333333333333,-104.18967952404464,30.692715205354165,16.99492621169721,-37.86152807894322,-12.422405699187044,-28.647954643338277,7.507813945117008,-104.19993163798883,-30.670312184876522,-17.05773321621006,-37.859342418408815,12.481328033609453,-28.63766325580636,-7.431889562303147,"[[-0.9986295347545738, -0.0, -0.05233595624294425, 0.39666666666666667], [0.0, 0.9999999999999999, -0.0, 0.3595], [0.05233595624294425, 0.0, -0.9986295347545738, 0.43333333333333324], [0.0, 0.0, 0.0, 1.0]]","[[-0.9986237693915213, -8.213730707860698e-08, -0.05244585022919451, 0.3909847913759974], [-7.72484403300972e-08, 0.9999999999999926, -9.524449302888949e-08, 0.3572170368407978], [0.05244585022920194, -9.106205451030294e-08, -0.99862376939152, 0.4270991683517506], [0.0, 0.0, 0.0, 1.0]]","[[-0.9986295347545738, -0.0, -0.05233595624294425, 0.39666666666666667], [0.0, 0.9999999999999999, -0.0, -0.3595], [0.05233595624294425, 0.0, -0.9986295347545738, 0.43333333333333324], [0.0, 0.0, 0.0, 1.0]]","[[-0.9986027654971267, 1.621197801513529e-07, -0.052844268766487415, 0.39102932448041217], [1.4306882696029036e-07, 0.9999999999999237, 3.642940727864347e-07, -0.35724120891068634], [0.05284426876654243, 3.562247009947495e-07, -0.9986027654970734, 0.4270497070114848], [0.0, 0.0, 0.0, 1.0]]"
3.9416666666666664,-104.4063194641391,30.668587562111092,16.941789047501803,-37.66176553628786,-12.393009418772955,-29.034423822050524,7.424631632536362,-104.41402391752288,-30.646881220928794,-17.004314306711393,-37.66174504572035,12.451862597530017,-29.02014531159061,-7.350399429089371,"[[-0.9989506813588601, -0.0, -0.0457988669365207, 0.39708333333333334], [0.0, 1.0, -0.0, 0.3595625], [0.0457988669365207, 0.0, -0.9989506813588601, 0.4354166666666667], [0.0, 0.0, 0.0, 1.0]]","[[-0.9989488660537122, -8.787617854489707e-09, -0.04583844467259257, 0.3902515676815408], [-6.0088368431855376e-09, 0.9999999999999982, -6.075897914034106e-08, 0.3568178643264806], [0.045838444672593015, -6.041967757964187e-08, -0.9989488660537105, 0.42791569541391694], [0.0, 0.0, 0.0, 1.0]]","[[-0.9989506813588601, -0.0, -0.0457988669365207, 0.39708333333333334], [0.0, 1.0, -0.0, -0.3595625], [0.0457988669365207, 0.0, -0.9989506813588601, 0.4354166666666667], [0.0, 0.0, 0.0, 1.0]]","[[-0.998945635943835, 4.743511212012059e-08, -0.045908783786600696, 0.3902594199270838], [4.268349380066714e-08, 0.9999999999999937, 1.0448157989556879e-07, -0.35682211486275395], [0.04590878378660536, 1.0241187098504403e-07, -0.9989456359438308, 0.42790701474156373], [0.0, 0.0, 0.0, 1.0]]"
3.9499999999999997,-104.61621800752276,30.64528978685218,16.89117734575201,-37.46631625809336,-12.366744780093319,-29.409076773498647,7.3427607162763575,-104.62603981954925,-30.624010332493004,-16.951498161406978,-37.464069125856426,12.42417215686114,-29.39948035771478,-7.269296909110993,"[[-0.9992290362407229, -0.0, -0.039259815759068506, 0.3975], [0.0, 0.9999999999999999, -0.0, 0.359625], [0.039259815759068506, 0.0, -0.9992290362407229, 0.4375], [0.0, 0.0, 0.0, 1.0]]","[[-0.9992247109602013, -5.027585511346426e-08, -0.03936974735122914, 0.38953680201598084], [-4.6660635906525924e-08, 0.9999999999999947, -9.274620570894867e-08, 0.35642890162915786], [0.039369747351233594, -9.0837283145292e-08, -0.9992247109601982, 0.42870861790727044], [0.0, 0.0, 0.0, 1.0]]","[[-0.9992290362407229, -0.0, -0.039259815759068506, 0.3975], [0.0, 0.9999999999999999, -0.0, -0.359625], [0.039259815759068506, 0.0, -0.9992290362407229, 0.4375], [0.0, 0.0, 0.0, 1.0]]","[[-0.9992089214000934, 2.088347682617769e-07, -0.0397684723671666, 0.38958100373709525], [1.943086019115467e-07, 0.999999999999913, 3.691336089409843e-07, -0.35645289246873585], [0.039768472367240223, 3.6111423897662274e-07, -0.9992089214000472, 0.4286598927964872], [0.0, 0.0, 0.0, 1.0]]"
3.9583333333333335,-104.83436058923463,30.62201591725536,16.836807332411414,-37.26100418673736,-12.339270344156942,-29.799773839307132,7.259324832922775,-104.84168938221406,-30.601200915759748,-16.897493563186977,-37.26098028107526,12.397193763413235,-29.785990517562045,-7.1868010305419325,"[[-0.9994645874763657, -0.0, -0.032719082821776005, 0.3979166666666667], [0.0, 1.0, -0.0, 0.3596875], [0.032719082821776005, 0.0, -0.9994645874763657, 0.4395833333333333], [0.0, 0.0, 0.0, 1.0]]","[[-0.9994624262567255, -2.0470147950224034e-08, -0.03278503471126758, 0.38881206808453994], [-1.7496404991931124e-08, 0.9999999999999956, -9.099116692998142e-08, 0.35603477698995245], [0.0327850347112693, -9.03686322227871e-08, -0.9994624262567215, 0.4295093792465428], [0.0, 0.0, 0.0, 1.0]]","[[-0.9994645874763657, -0.0, -0.032719082821776005, 0.3979166666666667], [0.0, 1.0, -0.0, -0.3596875], [0.032719082821776005, 0.0, -0.9994645874763657, 0.4395833333333333], [0.0, 0.0, 0.0, 1.0]]","[[-0.9994545452118823, 1.2006067460358727e-07, -0.03302441604776196, 0.38883851730157115], [1.1179933636980391e-07, 0.9999999999999621, 2.5200505302119085e-07, -0.3560491135215793], [0.033024416047790967, 2.481754878602504e-07, -0.9994545452118576, 0.4294803496638785], [0.0, 0.0, 0.0, 1.0]]"
3.966666666666667,-105.0481728310127,30.599281632602974,16.784445394686806,-37.05783679478075,-12.314684224465834,-30.182831338528956,7.176165572230577,-105.0552352466145,-30.579166725497288,-16.843458229115715,-37.05781288911865,12.371408091749144,-30.169461243228657,-7.105402251108306,"[[-0.9996573249755573, -0.0, -0.026176948307872976, 0.3983333333333334], [0.0, 0.9999999999999999, -0.0, 0.35975], [0.026176948307872976, 0.0, -0.9996573249755573, 0.44166666666666665], [0.0, 0.0, 0.0, 1.0]]","[[-0.9996555940728021, -6.94460219015978e-08, -0.026242965513606806, 0.3880950269306256], [-6.738113956481336e-08, 0.9999999999999946, -7.956756257401099e-08, 0.3556449993798736], [0.02624296551361219, -7.777187811198089e-08, -0.9996555940728015, 0.4302985752680679], [0.0, 0.0, 0.0, 1.0]]","[[-0.9996573249755573, -0.0, -0.026176948307872976, 0.3983333333333334], [0.0, 0.9999999999999999, -0.0, -0.35975], [0.026176948307872976, 0.0, -0.9996573249755573, 0.44166666666666665], [0.0, 0.0, 0.0, 1.0]]","[[-0.9996438719813112, 1.8789218347248903e-07, -0.026685749196470633, 0.38814371331960384], [1.7803324917460898e-07, 0.9999999999999152, 3.718215611299262e-07, -0.3556713789900779], [0.026685749196538225, 3.6693819441794876e-07, -0.9996438719812597, 0.4302453308471973], [0.0, 0.0, 0.0, 1.0]]"
3.975,-105.261752846359,30.577281593286365,16.731099909721713,-36.85280476118072,-12.290606953867893,-30.566356705708927,7.093919849339868,-105.27097360173853,-30.55758674281463,-16.787903177954124,-36.85046542138999,12.345916118219364,-30.557730176787203,-7.023913398554999,"[[-0.9998072404820648, -0.0, -0.019633692460628533, 0.39875000000000005], [0.0, 1.0, -0.0, 0.3598125], [0.019633692460628533, 0.0, -0.9998072404820648, 0.44375], [0.0, 0.0, 0.0, 1.0]]","[[-0.9998050750606847, -4.9246318468136044e-08, -0.01974365424373779, 0.38738551584449243], [-4.658391606719673e-08, 0.9999999999999899, -1.3530842542983705e-07, 0.3552595090363081], [0.01974365424374425, -1.3436231371107126e-07, -0.9998050750606767, 0.4310765017386147], [0.0, 0.0, 0.0, 1.0]]","[[-0.9998072404820648, -0.0, -0.019633692460628533, 0.39875000000000005], [0.0, 1.0, -0.0, -0.3598125], [0.019633692460628533, 0.0, -0.9998072404820648, 0.44375], [0.0, 0.0, 0.0, 1.0]]","[[-0.9998011960468938, 1.2843450297259313e-07, -0.019939116910843945, 0.38740694261084274], [1.2388489347580256e-07, 0.999999999999966, 2.2941027547973522e-07, -0.3552710861357935], [0.019939116910872735, 2.2689451243558518e-07, -0.9998011960468758, 0.4310531665328893], [0.0, 0.0, 0.0, 1.0]]"
3.9833333333333334,-105.47859769212857,30.555448893604417,16.676562556746454,-36.64261934985192,-12.267304055967102,-30.956299035614126,7.010490369288632,-105.48525712656934,-30.53633119411755,-16.733358994789693,-36.642598859284405,12.322672984473812,-30.943499261109523,-6.941909720493003,"[[-0.9999143275740071, -0.0, -0.013089595571344636, 0.39916666666666667], [0.0, 1.0, -0.0, 0.359875], [0.013089595571344636, 0.0, -0.9999143275740071, 0.4458333333333333], [0.0, 0.0, 0.0, 1.0]]","[[-0.9999134602781833, -2.027167087039038e-08, -0.013155681453636362, 0.38666916608746005], [-1.937260115639252e-08, 0.9999999999999974, -6.84682292351927e-08, 0.3548704756254915], [0.013155681453637715, -6.820744424393957e-08, -0.9999134602781811, 0.4318588560805291], [0.0, 0.0, 0.0, 1.0]]","[[-0.9999143275740071, -0.0, -0.013089595571344636, 0.39916666666666667], [0.0, 1.0, -0.0, -0.359875], [0.013089595571344636, 0.0, -0.9999143275740071, 0.4458333333333333], [0.0, 0.0, 0.0, 1.0]]","[[-0.9999102825395805, 1.2313927461461596e-07, -0.013395031601354229, 0.38669525350918676], [1.1980934490986986e-07, 0.9999999999999618, 2.49396850587759e-07, -0.3548846222336478], [0.013395031601384427, 2.477696253744824e-07, -0.9999102825395569, 0.43183054148411226], [0.0, 0.0, 0.0, 1.0]]"
3.9916666666666667,-105.69865272680805,30.534152363772318,16.61975245832487,-36.42713712682177,-12.243803936354027,-31.352975932040955,6.927115957637579,-105.70279182144508,-30.515444475635654,-16.67702530206272,-36.429500372274596,12.2996706148965,-31.33584923269715,-6.859392497582787,"[[-0.9999785816641292, -0.0, -0.006544937967352018, 0.39958333333333335], [0.0, 1.0, -0.0, 0.35993749999999997], [0.006544937967352018, 0.0, -0.9999785816641292, 0.44791666666666663], [0.0, 0.0, 0.0, 1.0]]","[[-0.9999781475130506, -1.92256529123622e-08, -0.006610937631476682, 0.38596031929139146], [-1.8666883660323205e-08, 0.9999999999999963, -8.458364017958418e-08, 0.35448575330179877], [0.006610937631478283, -8.445838621303859e-08, -0.9999781475130473, 0.43263005307160624], [0.0, 0.0, 0.0, 1.0]]","[[-0.9999785816641292, -0.0, -0.006544937967352018, 0.39958333333333335], [0.0, 1.0, -0.0, -0.35993749999999997], [0.006544937967352018, 0.0, -0.9999785816641292, 0.44791666666666663], [0.0, 0.0, 0.0, 1.0]]","[[-0.9999773655589126, 4.816739797663939e-08, -0.006728177305534678, 0.38597305640119256], [4.7018989433389184e-08, 0.9999999999999842, 1.708446046524676e-07, -0.3544926460243549], [0.006728177305542802, 1.705243855826936e-07, -0.999977365558899, 0.4326162832297042], [0.0, 0.0, 0.0, 1.0]]"
