time,l_q0,l_q1,l_q2,l_q3,l_q4,l_q5,l_q6,r_q0,r_q1,r_q2,r_q3,r_q4,r_q5,r_q6,l_pose,l_real_pose,r_pose,r_real_pose
0.0,-54.13755468238179,-2.2051033082067564,9.243254022643235,3.437746693945311,-6.255645609862326,7.478847112846984,7.165483156368677,-54.144886890455794,2.2503584340999683,-9.138438793413867,3.437746693945311,6.315331644811305,7.467356173342084,-7.270813211106736,"[[1.0, 0.0, 0.0, 0.3], [0.0, 1.0, 0.0, 0.22], [0.0, 0.0, 1.0, -0.6], [0.0, 0.0, 0.0, 1.0]]","[[0.7266420405230999, 0.10465588630483845, -0.6789981519902502, 0.5157253566847965], [-0.04455192875202223, 0.9934269910149687, 0.10544163867951026, 0.17632705352730008], [0.6855701791858371, -0.046367650195954346, 0.7265284374519728, -0.40820875457508504], [0.0, 0.0, 0.0, 1.0]]","[[1.0, 0.0, 0.0, 0.3], [0.0, 1.0, 0.0, -0.22], [0.0, 0.0, 1.0, -0.6], [0.0, 0.0, 0.0, 1.0]]","[[0.7267456634243596, -0.10581783413166923, -0.6787070993245689, 0.5156501768943339], [0.04480865258859992, 0.9932617080436433, -0.10688013841410704, -0.17577171393585767], [0.6854435974951417, 0.04726272647559662, 0.7265901935334742, -0.40826006492848366], [0.0, 0.0, 0.0, 1.0]]"
0.008333333333333333,-54.1382342862042,-2.2090272518849288,9.23413742764856,3.437746693945311,-6.260804110232978,7.4778533203227475,7.174633048535555,-54.14555624899446,2.2542979591471846,-9.129291462567927,3.437746693945311,6.320510635749468,7.466344451571276,-7.279995546672172,"[[0.9999785816641292, -0.0, -0.006544937967351858, 0.3], [0.0, 1.0, -0.0, 0.22], [0.006544937967351858, 0.0, 0.9999785816641292, -0.5977083333333333], [0.0, 0.0, 0.0, 1.0]]","[[0.7266504890433844, 0.10475698088510536, -0.6789735206389483, 0.5157191433964997], [-0.04457442257281448, 0.9934127162121646, 0.10556654830138978, 0.17627872967635638], [0.6855597622565891, -0.04644513132511487, 0.726533317990911, -0.40821284357027143], [0.0, 0.0, 0.0, 1.0]]","[[0.9999785816641292, -0.0, -0.006544937967351858, 0.3], [0.0, 1.0, -0.0, -0.22], [0.006544937967351858, 0.0, 0.9999785816641292, -0.5977083333333333], [0.0, 0.0, 0.0, 1.0]]","[[0.7267542925085837, -0.10591922691649402, -0.678682043146686, 0.5156438153002769], [0.04483119614750771, 0.9932471933304564, -0.10700549889213397, -0.17572324027875075], [0.6854329742376943, 0.04734057784378047, 0.726595146912698, -0.40826425322716414], [0.0, 0.0, 0.0, 1.0]]"
0.016666666666666666,-54.21526515966361,-2.1785494537044507,9.223116917422745,3.437746693945311,-6.224800902457371,7.132423333238522,7.177032152481522,-54.22259395264303,2.2238222954008227,-9.118160815541744,3.437746693945311,6.283882038777982,7.120952884301133,-7.282427947790342,"[[0.9999143275740071, -0.0, -0.01308959557134444, 0.3], [0.0, 1.0, -0.0, 0.22], [0.01308959557134444, 0.0, 0.9999143275740071, -0.5954166666666666], [0.0, 0.0, 0.0, 1.0]]","[[0.7215338834196389, 0.10486940965014266, -0.6843911615421446, 0.5167458775661551], [-0.04399404354389786, 0.9934096276813817, 0.10583872525024227, 0.17630615002464237], [0.6909800136111267, -0.04625709188404754, 0.721392335861976, -0.407052694047708], [0.0, 0.0, 0.0, 1.0]]","[[0.9999143275740071, -0.0, -0.01308959557134444, 0.3], [0.0, 1.0, -0.0, -0.22], [0.01308959557134444, 0.0, 0.9999143275740071, -0.5954166666666666], [0.0, 0.0, 0.0, 1.0]]","[[0.7267542925085837, -0.10591922691649402, -0.678682043146686, 0.5156438153002769], [0.04483119614750771, 0.9932471933304564, -0.10700549889213397, -0.17572324027875075], [0.6854329742376943, 0.04734057784378047, 0.726595146912698, -0.40826425322716414], [0.0, 0.0, 0.0, 1.0]]"
0.025,-54.30310480748456,-2.1495710954902023,9.212778572340286,3.437746693945311,-6.190375041493215,6.766302995611037,7.176375600547555,-54.22259395264303,2.2238222954008227,-9.118160815541744,3.437746693945311,6.283882038777982,7.120952884301133,-7.282427947790342,"[[0.9998072404820648, -0.0, -0.0196336924606283, 0.3], [0.0, 1.0, -0.0, 0.22], [0.0196336924606283, 0.0, 0.9998072404820648, -0.593125], [0.0, 0.0, 0.0, 1.0]]","[[0.716003738142874, 0.10514521592204219, -0.6901326905270737, 0.517860423109286], [-0.04344062912515871, 0.9933870344001909, 0.1062784626667327, 0.17627018331428482], [0.696743538690271, -0.04611597829712395, 0.7158364043823546, -0.40577283910009776], [0.0, 0.0, 0.0, 1.0]]","[[0.9998072404820648, -0.0, -0.0196336924606283, 0.3], [0.0, 1.0, -0.0, -0.22], [0.0196336924606283, 0.0, 0.9998072404820648, -0.593125], [0.0, 0.0, 0.0, 1.0]]","[[0.7216393891845669, -0.10603291042718188, -0.6841005875481079, 0.5166707764908873], [0.044242036157716054, 0.993244086316286, -0.10727920224510278, -0.17575049658538905], [0.6908539890700094, 0.047150895050545386, 0.7214551676174951, -0.4071042418552693], [0.0, 0.0, 0.0, 1.0]]"
0.03333333333333333,-54.39745021048994,-2.1215030734262696,9.203031038621031,3.437746693945311,-6.156914798522968,6.387673593405496,7.173740855075223,-54.310443845747734,2.194908823983689,-9.10773026290549,3.437746693945311,6.248855121166864,6.754875662242783,-7.281786763782008,"[[0.9996573249755573, -0.0, -0.02617694830787315, 0.3], [0.0, 0.9999999999999999, -0.0, 0.22], [0.02617694830787315, 0.0, 0.9996573249755573, -0.5908333333333333], [0.0, 0.0, 0.0, 1.0]]","[[0.7102003489219757, 0.1055208564853268, -0.6960465596766549, 0.5190248544545547], [-0.04290122620723699, 0.9933525070189385, 0.10681891962150357, 0.1761959356125281], [0.7026912189440105, -0.04600158307920306, 0.7100062712210279, -0.4044179986246782], [0.0, 0.0, 0.0, 1.0]]","[[0.9996573249755573, -0.0, -0.02617694830787315, 0.3], [0.0, 0.9999999999999999, -0.0, -0.22], [0.02617694830787315, 0.0, 0.9996573249755573, -0.5908333333333333], [0.0, 0.0, 0.0, 1.0]]","[[0.7161112935175272, -0.10631181515310079, -0.6898423104271781, 0.5177853507585511], [0.043679678051700165, 0.9932209848571819, -0.10772261120410047, -0.17571355450711285], [0.6966180452887752, 0.047009288424553916, 0.7159004300738081, -0.4058246515609565], [0.0, 0.0, 0.0, 1.0]]"
0.041666666666666664,-54.49576736849769,-2.093934082058571,9.193823943619854,3.437746693945311,-6.124031279650765,6.001560438303736,7.169791298187662,-54.404806324226044,2.1669443219743645,-9.097903328237134,3.437746693945311,6.214807908814819,6.376292790700962,-7.279154579630614,"[[0.9994645874763657, -0.0, -0.03271908282177614, 0.3], [0.0, 1.0, -0.0, 0.22], [0.03271908282177614, 0.0, 0.9994645874763657, -0.5885416666666666], [0.0, 0.0, 0.0, 1.0]]","[[0.704209270020596, 0.1059568917867208, -0.7020416234810843, 0.5202167830092163], [-0.042367846505760316, 0.9933107380189397, 0.10741854271369469, 0.1760990085725929], [0.7087272180462126, -0.045901141806785783, 0.7039877950513842, -0.4030146663669152], [0.0, 0.0, 0.0, 1.0]]","[[0.9994645874763657, -0.0, -0.03271908282177614, 0.3], [0.0, 1.0, -0.0, -0.22], [0.03271908282177614, 0.0, 0.9994645874763657, -0.5885416666666666], [0.0, 0.0, 0.0, 1.0]]","[[0.7103101155934097, -0.10669172780695108, -0.6957560024198459, 0.5189497218268768], [0.04313123577575939, 0.9931856461657296, -0.1082680412255541, -0.1756378191109264], [0.702566179221668, 0.04689506869522518, 0.7100715572010594, -0.40447011350845646], [0.0, 0.0, 0.0, 1.0]]"
0.05,-54.58863062045318,-2.067790252349878,9.18497372600281,3.437746693945311,-6.091489270237062,5.619036974497641,7.165656472418866,-54.50313714261213,2.139502115993134,-9.08862707757061,3.437746693945311,6.181346385184104,5.990228727583862,-7.275200753874823,"[[0.9992290362407229, -0.0, -0.0392598157590686, 0.3], [0.0, 0.9999999999999999, -0.0, 0.22], [0.0392598157590686, 0.0, 0.9992290362407229, -0.5862499999999999], [0.0, 0.0, 0.0, 1.0]]","[[0.6982815665016429, 0.10638398442122385, -0.7078737894163597, 0.5213584619392595], [-0.041835884025124705, 0.9932695620793648, 0.10800618433452466, 0.1760063108431167], [0.7145996170526879, -0.04580420183052871, 0.6980324938015565, -0.40166088736666955], [0.0, 0.0, 0.0, 1.0]]","[[0.9992290362407229, -0.0, -0.0392598157590686, 0.3], [0.0, 0.9999999999999999, -0.0, -0.22], [0.0392598157590686, 0.0, 0.9992290362407229, -0.5862499999999999], [0.0, 0.0, 0.0, 1.0]]","[[0.7043214455519864, -0.10713270028396502, -0.7017505866512876, 0.5201414878279609], [0.04258869093410287, 0.993142886419792, -0.10887336937141011, -0.17553912291302404], [0.708602501223415, 0.046795210050069855, 0.7040544748641898, -0.4030671727038366], [0.0, 0.0, 0.0, 1.0]]"
0.058333333333333334,-54.68736100490572,-2.041011855378608,9.176710904654387,3.437746693945311,-6.059099232532393,5.2297307059589,7.1604774814807035,-54.59601405494597,2.113483150680205,-9.079711973156451,3.437746693945311,6.148231066766943,5.607755209536073,-7.271062513011442,"[[0.9989506813588601, -0.0, -0.04579886693652077, 0.3], [0.0, 1.0, -0.0, 0.22], [0.04579886693652077, 0.0, 0.9989506813588601, -0.5839583333333334], [0.0, 0.0, 0.0, 1.0]]","[[0.6921462605853261, 0.1068554518450287, -0.7138035208436175, 0.5225417520389746], [-0.04130235631570395, 0.9932233129668544, 0.108635012504794, 0.1758975431089915], [0.720574541127093, -0.04570955031654621, 0.6918691839425561, -0.4002397405906081], [0.0, 0.0, 0.0, 1.0]]","[[0.9989506813588601, -0.0, -0.04579886693652077, 0.3], [0.0, 1.0, -0.0, -0.22], [0.04579886693652077, 0.0, 0.9989506813588601, -0.5839583333333334], [0.0, 0.0, 0.0, 1.0]]","[[0.6983961292082936, -0.10756461008131404, -0.707582292998438, 0.5212830080323537], [0.04204758700715835, 0.9931007330531916, -0.10946659050180099, -0.17544468512388398], [0.714475224996464, 0.04669891505451074, 0.698100540179553, -0.40171377503365574], [0.0, 0.0, 0.0, 1.0]]"
0.06666666666666667,-54.78794237062333,-2.013996322777092,9.168952663530899,3.437746693945311,-6.026776216058954,4.838336533968252,7.154735853709662,-54.69476492996601,2.086846266690802,-9.071393656521021,3.437746693945311,6.115270708266578,5.218501021189754,-7.26587413056317,"[[0.9986295347545738, -0.0, -0.05233595624294383, 0.3], [0.0, 0.9999999999999999, -0.0, 0.22], [0.05233595624294383, 0.0, 0.9986295347545738, -0.5816666666666667], [0.0, 0.0, 0.0, 1.0]]","[[0.6859096741703047, 0.10734196749010372, -0.7197260735133474, 0.5237333780134106], [-0.04076537813725809, 0.9931752974711069, 0.10927493966369851, 0.17578412234707713], [0.7265439441801943, -0.04561283271769152, 0.6856043805771336, -0.3987928937465138], [0.0, 0.0, 0.0, 1.0]]","[[0.9986295347545738, -0.0, -0.05233595624294383, 0.3], [0.0, 0.9999999999999999, -0.0, -0.22], [0.05233595624294383, 0.0, 0.9986295347545738, -0.5816666666666667], [0.0, 0.0, 0.0, 1.0]]","[[0.6922632553400856, -0.10804146869574889, -0.7135114759749929, 0.5224661322744291], [0.04150476873180549, 0.9930533737406588, -0.11010154892105123, -0.17533394472007252], [0.720450511470751, 0.04660512787624135, 0.6919385974038248, -0.4002929971193311], [0.0, 0.0, 0.0, 1.0]]"
0.075,-54.889510698676,-1.9867381050166288,9.161684488480358,3.437746693945311,-5.994458322227392,4.446158170883521,7.148577584399249,-54.90623100176419,2.034927010601773,-9.056797542264704,3.437746693945311,6.051206095172796,4.41527290923037,-7.250885280429578,"[[0.9982656101847157, -0.0, -0.058870803651189026, 0.3], [0.0, 0.9999999999999999, -0.0, 0.22], [0.058870803651189026, 0.0, 0.9982656101847157, -0.579375], [0.0, 0.0, 0.0, 1.0]]","[[0.6795982562445373, 0.10783429370765368, -0.7256155836322397, 0.5249260102460852], [-0.04022395638163115, 0.993126599163385, 0.10991629254654721, 0.17566966971266906], [0.7324808826463617, -0.045511791161642876, 0.6792646269480446, -0.3973294553477223], [0.0, 0.0, 0.0, 1.0]]","[[0.9982656101847157, -0.0, -0.058870803651189026, 0.3], [0.0, 0.9999999999999999, -0.0, -0.22], [0.058870803651189026, 0.0, 0.9982656101847157, -0.579375], [0.0, 0.0, 0.0, 1.0]]","[[0.6806664430936143, -0.10852449144393678, -0.7245106127608641, 0.5246497306509492], [0.04034064251474215, 0.9930186483105818, -0.11084492171012245, -0.17530946993894814], [0.7314819381281986, 0.04622119496789639, 0.6802924189846263, -0.3976488574192894], [0.0, 0.0, 0.0, 1.0]]"
0.08333333333333333,-54.99149908336263,-1.9592327197855761,9.15489869553995,3.437746693945311,-5.962106277449981,4.054038291293558,7.142096588650554,-55.00471891450119,2.006789405985671,-9.049926371959671,3.437746693945311,6.017590465398933,4.030506155168749,-7.245364780032915,"[[0.9978589232386036, -0.0, -0.06540312923014306, 0.3], [0.0, 1.0, -0.0, 0.22], [0.06540312923014306, 0.0, 0.9978589232386036, -0.5770833333333333], [0.0, 0.0, 0.0, 1.0]]","[[0.6732297399742007, 0.1083263454484021, -0.7314554805974619, 0.526114896331714], [-0.03967754780684023, 0.9930779358474838, 0.11055272738805187, 0.17555656889137], [0.7383680717733577, -0.04540502411291576, 0.6728677242749866, -0.3958554510678563], [0.0, 0.0, 0.0, 1.0]]","[[0.9978589232386036, -0.0, -0.06540312923014306, 0.3], [0.0, 1.0, -0.0, -0.22], [0.06540312923014306, 0.0, 0.9978589232386036, -0.5770833333333333], [0.0, 0.0, 0.0, 1.0]]","[[0.6793615120619787, -0.10919383789385932, -0.7256339584769114, 0.5249272776036985], [0.04043011298049541, 0.9929343212519411, -0.11156540523088487, -0.17503781018521078], [0.732689116810975, 0.04645577946775569, 0.6789760810667758, -0.3972821467803657], [0.0, 0.0, 0.0, 1.0]]"
0.09166666666666666,-55.085735203341294,-1.9326728888677467,9.148439897906057,3.437746693945311,-5.929691480309569,3.670392968916289,7.136047602366861,-55.09692988339095,1.9798297955579842,-9.043406956396893,3.437746693945311,5.984165227148183,3.651376441606504,-7.2399091664333675,"[[0.997409491337352, -0.0, -0.07193265315671939, 0.3], [0.0, 1.0, -0.0, 0.22], [0.07193265315671939, 0.0, 0.997409491337352, -0.5747916666666666], [0.0, 0.0, 0.0, 1.0]]","[[0.6670197116847428, 0.10877013670197308, -0.7370575022247835, 0.5272348916874544], [-0.039127968993091206, 0.9930346728708348, 0.11113568517262999, 0.17546323373881817], [0.7440118992774768, -0.04529012958855742, 0.6666296557275062, -0.39445708609200386], [0.0, 0.0, 0.0, 1.0]]","[[0.997409491337352, -0.0, -0.07193265315671939, 0.3], [0.0, 1.0, -0.0, -0.22], [0.07193265315671939, 0.0, 0.997409491337352, -0.5747916666666666], [0.0, 0.0, 0.0, 1.0]]","[[0.6731270716318425, -0.10963043189670174, -0.7313556684941215, 0.5260866436396566], [0.03986512896904981, 0.9928920265095735, -0.11214363640436181, -0.17494694998332125], [0.7384515670838688, 0.04633132952825036, 0.6727129335574895, -0.3958464971983653], [0.0, 0.0, 0.0, 1.0]]"
0.1,-55.18446558779383,-1.9051480802862417,9.142548859746922,3.437746693945311,-5.897200697314641,3.2830262606584206,7.1293476136779015,-55.09692988339095,1.9798297955579842,-9.043406956396893,3.437746693945311,5.984165227148183,3.651376441606504,-7.2399091664333675,"[[0.996917333733128, -0.0, -0.07845909572784494, 0.3], [0.0, 0.9999999999999999, -0.0, 0.22], [0.07845909572784494, 0.0, 0.996917333733128, -0.5725], [0.0, 0.0, 0.0, 1.0]]","[[0.6606533451047802, 0.10923349751236017, -0.7427012862672864, 0.5283837304463939], [-0.0385725708700864, 0.9929893184408841, 0.11173347859429167, 0.1753636624808564], [0.7496994827117973, -0.04516919839366291, 0.6602351317054687, -0.3930058282810711], [0.0, 0.0, 0.0, 1.0]]","[[0.996917333733128, -0.0, -0.07845909572784494, 0.3], [0.0, 0.9999999999999999, -0.0, -0.22], [0.07845909572784494, 0.0, 0.996917333733128, -0.5725], [0.0, 0.0, 0.0, 1.0]]","[[0.6669989344638874, -0.11004145000692729, -0.7368875767065232, 0.5271895057338408], [0.03930054443164159, 0.9928524211476304, -0.1126922225739879, -0.1748668708135618], [0.7440214302232265, 0.04620550942973773, 0.6665561958806796, -0.39447068235422533], [0.0, 0.0, 0.0, 1.0]]"
0.10833333333333334,-55.28413512325724,-1.8771703447854,9.137153010302612,3.437746693945311,-5.864633074691551,2.895584847206505,7.1223283136452435,-55.19435228661742,1.9521056308300793,-9.037471522008152,3.437746693945311,5.95082280494112,3.2669381769552785,-7.233584411261935,"[[0.9963824715083255, -0.0, -0.08498217737244167, 0.3], [0.0, 1.0, -0.0, 0.22], [0.08498217737244167, 0.0, 0.9963824715083255, -0.5702083333333333], [0.0, 0.0, 0.0, 1.0]]","[[0.6542234879719904, 0.1096955409822074, -0.748303759227751, 0.5295328828457604], [-0.03801202575630357, 0.9929442022583621, 0.11232496204943589, 0.17526593117921518], [0.7553454267311515, -0.045041086688999324, 0.6537771690921983, -0.39153900765149685], [0.0, 0.0, 0.0, 1.0]]","[[0.9963824715083255, -0.0, -0.08498217737244167, 0.3], [0.0, 1.0, -0.0, -0.22], [0.08498217737244167, 0.0, 0.9963824715083255, -0.5702083333333333], [0.0, 0.0, 0.0, 1.0]]","[[0.6606867380235971, -0.11048581904841462, -0.7424863082838227, 0.528327223344036], [0.03873214552278845, 0.9928089971181496, -0.11327010260636197, -0.1747750879272391], [0.7496618271613811, 0.04607796686546845, 0.6602150906080567, -0.3930342487655199], [0.0, 0.0, 0.0, 1.0]]"
0.11666666666666667,-55.384234960638366,-1.848800727180929,9.132242958063019,3.437746693945311,-5.831985624232537,2.50865014841364,7.1150405018008405,-55.3927453763442,1.895681864983427,-9.027102441074428,3.437746693945311,5.884173392133312,2.4957129163519896,-7.219663631959803,"[[0.9958049275746617, -0.0, -0.0915016186634024, 0.3], [0.0, 1.0, -0.0, 0.22], [0.0915016186634024, 0.0, 0.9958049275746617, -0.5679166666666666], [0.0, 0.0, 0.0, 1.0]]","[[0.647744675290707, 0.11015279028416135, -0.7538522391192788, 0.5306781994050459], [-0.03744656409476167, 0.992899724879703, 0.11290655946979819, 0.17517136491172167], [0.7609366533884627, -0.04490544651179565, 0.6472703534100281, -0.39006206178563474], [0.0, 0.0, 0.0, 1.0]]","[[0.9958049275746617, -0.0, -0.0915016186634024, 0.3], [0.0, 1.0, -0.0, -0.22], [0.0915016186634024, 0.0, 0.9958049275746617, -0.5679166666666666], [0.0, 0.0, 0.0, 1.0]]","[[0.6542929446247963, -0.1109376070025257, -0.7480598839443049, 0.5294691707063207], [0.03815985540834708, 0.992764735303475, -0.11385080488532175, -0.17468168264487863], [0.755277808524405, 0.04594592136822072, 0.6537923250239313, -0.3915771897995362], [0.0, 0.0, 0.0, 1.0]]"
0.125,-55.48443042066786,-1.820077006956675,9.127814434159912,3.437746693945311,-5.799257919050775,2.122601026335349,7.107514060222309,-55.492599326915204,1.8670061695267748,-9.022651719056517,3.437746693945311,5.850802368509099,2.1104861917384508,-7.212231532369183,"[[0.9951847266721969, -0.0, -0.0980171403295606, 0.3], [0.0, 1.0, -0.0, 0.22], [0.0980171403295606, 0.0, 0.9951847266721969, -0.5656249999999999], [0.0, 0.0, 0.0, 1.0]]","[[0.6412268400650545, 0.11060292067030167, -0.7593386158489399, 0.5318169892150251], [-0.03687645626828126, 0.9928561586149894, 0.1134758796986411, 0.17508086118530097], [0.7664647849401032, -0.04476206250259125, 0.6407246609950608, -0.3885786090223191], [0.0, 0.0, 0.0, 1.0]]","[[0.9951847266721969, -0.0, -0.0980171403295606, 0.3], [0.0, 1.0, -0.0, -0.22], [0.0980171403295606, 0.0, 0.9951847266721969, -0.5656249999999999], [0.0, 0.0, 0.0, 1.0]]","[[0.6478384036336811, -0.11139020610129187, -0.7535898252777008, 0.5306098156453277], [0.03758343443790911, 0.9927204291863554, -0.11442742211511191, -0.17458923278245453], [0.7608501089131915, 0.045807984683571626, 0.6473088446066643, -0.3901067056383653], [0.0, 0.0, 0.0, 1.0]]"
0.13333333333333333,-55.57659699332802,-1.7922375827865262,9.123718028205197,3.437746693945311,-5.766426907257816,1.7456536649346293,7.100465304998856,-55.492599326915204,1.8670061695267748,-9.022651719056517,3.437746693945311,5.850802368509099,2.1104861917384508,-7.212231532369183,"[[0.9945218953682732, -0.0, -0.10452846326765346, 0.3], [0.0, 0.9999999999999999, -0.0, 0.22], [0.10452846326765346, 0.0, 0.9945218953682732, -0.5633333333333334], [0.0, 0.0, 0.0, 1.0]]","[[0.6348906493590448, 0.11099974937914307, -0.7645867635489237, 0.5328860775159656], [-0.036305574556511636, 0.9928187077261473, 0.11398648536166231, 0.17501206245506845], [0.7717485138389136, -0.04461019196047366, 0.6343612237209, -0.38717553693081214], [0.0, 0.0, 0.0, 1.0]]","[[0.9945218953682732, -0.0, -0.10452846326765346, 0.3], [0.0, 0.9999999999999999, -0.0, -0.22], [0.10452846326765346, 0.0, 0.9945218953682732, -0.5633333333333334], [0.0, 0.0, 0.0, 1.0]]","[[0.6413372024696284, -0.11183921566546356, -0.7590642809194519, 0.5317455561453417], [0.03700278067299526, 0.9926766081254478, -0.11499541687833609, -0.17449944880690094], [0.7663663529610998, 0.04566334985401343, 0.6407788007801234, -0.38862758790678653], [0.0, 0.0, 0.0, 1.0]]"
0.14166666666666666,-55.67325441536745,-1.7633569816547734,9.120188527951592,3.437746693945311,-5.733526312912687,1.3652379548177183,7.092786891711293,-55.5845507486165,1.8392277901723328,-9.018533114987,3.437746693945311,5.817352797709431,1.7340883404007994,-7.205245956395553,"[[0.9938164620563782, -0.0, -0.11103530855427768, 0.3], [0.0, 1.0000000000000002, -0.0, 0.22], [0.11103530855427768, 0.0, 0.9938164620563782, -0.5610416666666667], [0.0, 0.0, 0.0, 1.0]]","[[0.6284010574254024, 0.11141367272372682, -0.769869537361264, 0.5339831371139805], [-0.03572895279607119, 0.992779481762628, 0.11450913729141501, 0.17493802459065136], [0.7770685638724116, -0.044451030599281995, 0.6278443699834614, -0.3857195345390524], [0.0, 0.0, 0.0, 1.0]]","[[0.9938164620563782, -0.0, -0.11103530855427768, 0.3], [0.0, 1.0000000000000002, -0.0, -0.22], [0.11103530855427768, 0.0, 0.9938164620563782, -0.5610416666666667], [0.0, 0.0, 0.0, 1.0]]","[[0.635012543091141, -0.11223662774632154, -0.7643049191972111, 0.532812696186221], [0.03642179869606097, 0.9926387653314765, -0.1155064246738921, -0.17443069573612732], [0.7716427429171258, 0.04551066856612357, 0.6344259266060925, -0.3872274170938125], [0.0, 0.0, 0.0, 1.0]]"
0.15,-55.770823667661084,-1.7339729742368497,9.117153362639169,3.437746693945311,-5.7005582704495055,0.984964398012908,7.084796851042847,-55.7785656870853,1.7811516521550665,-9.011941128664292,3.437746693945311,5.7502931466646,0.9740372692796512,-7.189640681689366,"[[0.9930684569549264, -0.0, -0.11753739745783764, 0.3], [0.0, 1.0, -0.0, 0.22], [0.11753739745783764, 0.0, 0.9930684569549264, -0.55875], [0.0, 0.0, 0.0, 1.0]]","[[0.6218543802527763, 0.11182433892397452, -0.775108022784342, 0.5350801299056975], [-0.03514821562192692, 0.9927407696551582, 0.11502333329841835, 0.1748665972289442], [0.782343743311743, -0.04428409972778696, 0.6212706220418517, -0.3842487072492789], [0.0, 0.0, 0.0, 1.0]]","[[0.9930684569549264, -0.0, -0.11753739745783764, 0.3], [0.0, 1.0, -0.0, -0.22], [0.11753739745783764, 0.0, 0.9930684569549264, -0.55875], [0.0, 0.0, 0.0, 1.0]]","[[0.6285313634606311, -0.11265287124989988, -0.7695827803072739, 0.5339084380618133], [0.03583512585132993, 0.9925989136070299, -0.11603120468806509, -0.17435604130078716], [0.7769582800263728, 0.045351155501241566, 0.6279164783577215, -0.3857734706864251], [0.0, 0.0, 0.0, 1.0]]"
0.15833333333333333,-55.86883688225077,-1.7041537557027493,9.114604848305106,3.437746693945311,-5.667524914302385,0.6053349600633418,7.07653488346807,-55.87653450544537,1.751439368770159,-9.009384076593768,3.437746693945311,5.716676236230266,0.5945988098225808,-7.181395789587514,"[[0.9922779121059669, -0.0, -0.12403445145048533, 0.3], [0.0, 0.9999999999999999, -0.0, 0.22], [0.12403445145048533, 0.0, 0.9922779121059669, -0.5564583333333333], [0.0, 0.0, 0.0, 1.0]]","[[0.6152641246792865, 0.1122288914237548, -0.7802914409452577, 0.5361733354058744], [-0.034563772762781685, 0.9927028987954049, 0.11552618895991928, 0.17479884673871163], [0.7875629514489837, -0.04410930347438322, 0.6146535339945346, -0.38276811921941023], [0.0, 0.0, 0.0, 1.0]]","[[0.9922779121059669, -0.0, -0.12403445145048533, 0.3], [0.0, 0.9999999999999999, -0.0, -0.22], [0.12403445145048533, 0.0, 0.9922779121059669, -0.5564583333333333], [0.0, 0.0, 0.0, 1.0]]","[[0.6219908932830208, -0.11306685356837787, -0.7748181820899254, 0.5350046038020408], [0.03524438334164819, 0.9925594605629449, -0.11654849072323005, -0.17428360170910312], [0.7822308879837567, 0.04518411082607342, 0.6213479170424573, -0.3843040411353583], [0.0, 0.0, 0.0, 1.0]]"
0.16666666666666666,-55.96698670062385,-1.6739420147347845,9.112537862307532,3.437746693945311,-5.634429659565911,0.22667770349259153,7.068024467762235,-55.97465700306178,1.721337657880855,-9.007311967954315,3.437746693945311,5.683002122961634,0.21608621452401738,-7.172897326712726,"[[0.9914448613738104, -0.0, -0.13052619222005157, 0.3], [0.0, 0.9999999999999999, -0.0, 0.22], [0.13052619222005157, 0.0, 0.9914448613738104, -0.5541666666666667], [0.0, 0.0, 0.0, 1.0]]","[[0.6086395236462259, 0.11262542967103427, -0.7854129123251735, 0.5372603423161332], [-0.033976027934515415, 0.9926660910596633, 0.11601577990136358, 0.17473549675558395], [0.792719092605627, -0.0439265779653221, 0.6080023815469543, -0.3812811369503431], [0.0, 0.0, 0.0, 1.0]]","[[0.9914448613738104, -0.0, -0.13052619222005157, 0.3], [0.0, 0.9999999999999999, -0.0, -0.22], [0.13052619222005157, 0.0, 0.9914448613738104, -0.5541666666666667], [0.0, 0.0, 0.0, 1.0]]","[[0.608784983938703, -0.11387605160477704, -0.7851197922620852, 0.5371838477474513], [0.03405222087109536, 0.992483157427369, -0.11754840907790602, -0.1741499569016434], [0.7926041190812092, 0.04482663375613606, 0.608086575515028, -0.38133836613434824], [0.0, 0.0, 0.0, 1.0]]"
0.175,-56.06507846238899,-1.64336293765552,9.11094813577821,3.437746693945311,-5.6012772019951385,-0.15079670305212994,7.059280118077326,-56.07274193463775,1.6908694646538975,-9.005720533877703,3.437746693945311,5.649272941292819,-0.16127311934144525,-7.164162368537926,"[[0.9905693404435773, -0.0, -0.13701234168196805, 0.3], [0.0, 1.0, -0.0, 0.22], [0.13701234168196805, 0.0, 0.9905693404435773, -0.551875], [0.0, 0.0, 0.0, 1.0]]","[[0.6019868370495514, 0.1130127092809779, -0.7904682002206351, 0.5383396455968066], [-0.03338535738861787, 0.9926304946023382, 0.11649085413693103, 0.17467702688598266], [0.797807787584899, -0.043735897458388295, 0.6013234614933947, -0.37978993641948966], [0.0, 0.0, 0.0, 1.0]]","[[0.9905693404435773, -0.0, -0.13701234168196805, 0.3], [0.0, 1.0, -0.0, -0.22], [0.13701234168196805, 0.0, 0.9905693404435773, -0.551875], [0.0, 0.0, 0.0, 1.0]]","[[0.6021356828627114, -0.11426777313051806, -0.7901743449690385, 0.5382629111716861], [0.03345155568374713, 0.9924467254382063, -0.11802749929282977, -0.17409007554260772], [0.7976926807021573, 0.044636007782666, 0.6014100215023294, -0.37984779213471553], [0.0, 0.0, 0.0, 1.0]]"
0.18333333333333332,-56.155035468852645,-1.6136614331628965,9.109697357386453,3.437746693945311,-5.568025279794578,-0.5189244759653651,7.050999367482332,-56.162695526006814,1.6612623021491848,-9.004466340391359,3.437746693945311,5.615444721881038,-0.5293049761216092,-7.1558944245476255,"[[0.9896513868196701, -0.0, -0.1434926219911793, 0.3], [0.0, 1.0, -0.0, 0.22], [0.1434926219911793, 0.0, 0.9896513868196701, -0.5495833333333333], [0.0, 0.0, 0.0, 1.0]]","[[0.5955341332189878, 0.1133450939187835, -0.7952936475639995, 0.539350246050425], [-0.03279752867726221, 0.9926013076185947, 0.11690580065386069, 0.17464079883904102], [0.8026602134675501, -0.043537728447843975, 0.594845398332902, -0.37838229111111876], [0.0, 0.0, 0.0, 1.0]]","[[0.9896513868196701, -0.0, -0.1434926219911793, 0.3], [0.0, 1.0, -0.0, -0.22], [0.1434926219911793, 0.0, 0.9896513868196701, -0.5495833333333333], [0.0, 0.0, 0.0, 1.0]]","[[0.5956859197915048, -0.11460411462055628, -0.7949994854552972, 0.5392733691253024], [0.03285391455393105, 0.9924168409656096, -0.11844591198654054, -0.17405263440901397], [0.8025452667984728, 0.044437716861678536, 0.5949339325164513, -0.37844066987315506], [0.0, 0.0, 0.0, 1.0]]"
0.19166666666666665,-56.24953455111435,-1.582881612555057,9.109006654506635,3.437746693945311,-5.534747317497806,-0.8904618472957587,7.042078713539471,-56.25720143845769,1.6305849343788956,-9.003777345058834,3.437746693945311,5.581591743033516,-0.9007583041087001,-7.146984442775343,"[[0.9886910398241674, -0.0, -0.149966755554045, 0.3], [0.0, 1.0, -0.0, 0.22], [0.149966755554045, 0.0, 0.9886910398241674, -0.5472916666666666], [0.0, 0.0, 0.0, 1.0]]","[[0.5889281039781126, 0.11369389321437937, -0.8001483531136604, 0.5403882646588654], [-0.03220459820356885, 0.9925704339707402, 0.11733199675145589, 0.17459960500811406], [0.8075435296002886, -0.04333165416752821, 0.5882140898922888, -0.37692102101318953], [0.0, 0.0, 0.0, 1.0]]","[[0.9886910398241674, -0.0, -0.149966755554045, 0.3], [0.0, 1.0, -0.0, -0.22], [0.149966755554045, 0.0, 0.9886910398241674, -0.5472916666666666], [0.0, 0.0, 0.0, 1.0]]","[[0.5890825869470464, -0.11495725395132916, -0.7998540713903662, 0.5403113043433225], [0.03225104461589653, 0.9923852061710268, -0.11887587094979332, -0.17401009022041744], [0.8074289912289246, 0.044231576242070324, 0.5883043360253117, -0.3769798397615858], [0.0, 0.0, 0.0, 1.0]]"
0.2,-56.34497619948153,-1.5515712783477782,9.10880516392612,3.437746693945311,-5.501435631142008,-1.2617685930199587,7.032833198724213,-56.352649917014034,1.5993773731742842,-9.00358012334655,3.437746693945311,5.547706320787436,-1.2719886904524134,-7.137749600130663,"[[0.9876883405951378, -0.0, -0.15643446504023087, 0.3], [0.0, 1.0, -0.0, 0.22], [0.15643446504023087, 0.0, 0.9876883405951378, -0.5449999999999999], [0.0, 0.0, 0.0, 1.0]]","[[0.5822696757892152, 0.11403873006772001, -0.8049578825633452, 0.5414262855490504], [-0.03160908572121722, 0.9925401912978642, 0.11774903124131446, 0.1745612584879445], [0.81238100073561, -0.043117707533460045, 0.5815307153890222, -0.37544509166045675], [0.0, 0.0, 0.0, 1.0]]","[[0.9876883405951378, -0.0, -0.15643446504023087, 0.3], [0.0, 1.0, -0.0, -0.22], [0.15643446504023087, 0.0, 0.9876883405951378, -0.5449999999999999], [0.0, 0.0, 0.0, 1.0]]","[[0.5824267447680106, -0.11530650490035271, -0.804663592382931, 0.541349255344705], [0.031645562932968684, 0.9923542044632094, -0.1192966522197765, -0.17397039114345603], [0.812266979093447, 0.0440175284614632, 0.5816225682197607, -0.37550434266537314], [0.0, 0.0, 0.0, 1.0]]"
0.20833333333333334,-56.45830269819038,-1.526626253560128,9.110429041401291,3.437746693945311,-5.473338367330691,-1.677998720214949,7.016046728178437,-56.44859699937979,1.5677046120541716,-9.003867845065336,3.437746693945311,5.513791016463738,-1.642523144552726,-7.12822618199355,"[[0.9866433320848791, -0.0, -0.16289547339458874, 0.3], [0.0, 1.0, -0.0, 0.22], [0.16289547339458874, 0.0, 0.9866433320848791, -0.5427083333333333], [0.0, 0.0, 0.0, 1.0]]","[[0.5747164171356836, 0.11477201253780456, -0.8102644167262593, 0.5425933185180685], [-0.031028241549586784, 0.9924606034754624, 0.1185714922545113, 0.17436888212541124], [0.8177642007944977, -0.043003903161726774, 0.5739445759058912, -0.37375524187562537], [0.0, 0.0, 0.0, 1.0]]","[[0.9866433320848791, -0.0, -0.16289547339458874, 0.3], [0.0, 1.0, -0.0, -0.22], [0.16289547339458874, 0.0, 0.9866433320848791, -0.5427083333333333], [0.0, 0.0, 0.0, 1.0]]","[[0.5757316596981636, -0.11564916360313204, -0.8094185116360348, 0.5423837939227254], [0.031037985805147404, 0.9923241502527078, -0.11970557323032598, -0.17393454143358686], [0.8170493861807604, 0.04379556807643285, 0.5749019470818526, -0.37401905437666305], [0.0, 0.0, 0.0, 1.0]]"
0.21666666666666667,-56.548034308411424,-1.491752268153395,9.111208536740317,3.437746693945311,-5.437862364781645,-2.0310141659810017,7.008355935173003,-56.54475240251523,1.5356073119884601,-9.00463453379967,3.437746693945311,5.479848818270183,-2.0120520667411657,-7.118435959591983,"[[0.9855560590580776, -0.0, -0.1693495038490246, 0.3], [0.0, 1.0, -0.0, 0.22], [0.1693495038490246, 0.0, 0.9855560590580776, -0.5404166666666667], [0.0, 0.0, 0.0, 1.0]]","[[0.5682962362528436, 0.11495257133868508, -0.8147547448180199, 0.5435735317632925], [-0.030421611980669117, 0.9924515420175455, 0.11880430241154502, 0.17439892287356185], [0.8222614629090614, -0.04272988520486278, 0.5675035185133477, -0.3723370739298875], [0.0, 0.0, 0.0, 1.0]]","[[0.9855560590580776, -0.0, -0.1693495038490246, 0.3], [0.0, 1.0, -0.0, -0.22], [0.1693495038490246, 0.0, 0.9855560590580776, -0.5404166666666667], [0.0, 0.0, 0.0, 1.0]]","[[0.5690063579032162, -0.11598343334278358, -0.8141127734262232, 0.5434127065359977], [0.030428797657363983, 0.9922952562075887, -0.12010084421453102, -0.1739032192360049], [0.8217699513482128, 0.04356567109474988, 0.5681515461241128, -0.3725272009313837], [0.0, 0.0, 0.0, 1.0]]"
0.225,-56.6402862584362,-1.457412424884098,9.1124652915476,3.437746693945311,-5.403129145304837,-2.388976696418554,6.999624392092788,-56.64093512640735,1.5031099122477742,-9.005876774454967,3.437746693945311,5.445884421961825,-2.38037642103645,-7.108392166417479,"[[0.9844265680898915, -0.0, -0.17579627993435448, 0.3], [0.0, 0.9999999999999999, -0.0, 0.22], [0.17579627993435448, 0.0, 0.9844265680898915, -0.538125], [0.0, 0.0, 0.0, 1.0]]","[[0.5617370155166398, 0.11517840799034401, -0.8192590919429996, 0.5445658429167264], [-0.02981692561217083, 0.9924367575969368, 0.11908078399774327, 0.1744119002226923], [0.8267783719628234, -0.0424642968067149, 0.5609227283246906, -0.37088585374994903], [0.0, 0.0, 0.0, 1.0]]","[[0.9844265680898915, -0.0, -0.17579627993435448, 0.3], [0.0, 0.9999999999999999, -0.0, -0.22], [0.17579627993435448, 0.0, 0.9844265680898915, -0.538125], [0.0, 0.0, 0.0, 1.0]]","[[0.5622569010396251, -0.11630814919388911, -0.8187426895334147, 0.5444346276376407], [0.029818399581312285, 0.9922676606635094, -0.12048133734224571, -0.17387685744157164], [0.8264248545873525, 0.04332786669637505, 0.5613774627537292, -0.37103084001047526], [0.0, 0.0, 0.0, 1.0]]"
0.23333333333333334,-56.73383594440328,-1.4233180415380986,9.11418735299209,3.437746693945311,-5.36886294001253,-2.7493312871694915,6.990163299431851,-56.65783642950855,1.5097454410264417,-9.008169156695152,3.437746693945311,5.450870033169111,-2.4252768039796444,-7.100271071494334,"[[0.9832549075639546, -0.0, -0.18223552549214744, 0.3], [0.0, 1.0, -0.0, 0.22], [0.18223552549214744, 0.0, 0.9832549075639546, -0.5358333333333333], [0.0, 0.0, 0.0, 1.0]]","[[0.5550899752980433, 0.11542779537492687, -0.8237424011051645, 0.5455608996751795], [-0.0292134217857453, 0.9924190074963135, 0.11937792738861026, 0.17441648034611856], [0.8312771471123129, -0.042201156558987526, 0.5542538832285238, -0.3694154556570566], [0.0, 0.0, 0.0, 1.0]]","[[0.9832549075639546, -0.0, -0.18223552549214744, 0.3], [0.0, 1.0, -0.0, -0.22], [0.18223552549214744, 0.0, 0.9832549075639546, -0.5358333333333333], [0.0, 0.0, 0.0, 1.0]]","[[0.561406838599896, -0.11669346918672246, -0.819271014879959, 0.5445620876920183], [0.029829159164944392, 0.9922180192173614, -0.12088682146490778, -0.1737231515336324], [0.8270021661620862, 0.0434285227649241, 0.56051884943655, -0.3708302470626851], [0.0, 0.0, 0.0, 1.0]]"
0.24166666666666667,-56.8201319694718,-1.3904955674816022,9.11625092389508,3.437746693945311,-5.334825119170595,-3.1025969953356016,6.98082728461009,-56.73958696368443,1.4753360152049753,-9.009783642660214,3.437746693945311,5.414668323020751,-2.7677582837765393,-7.092747618123565,"[[0.9820411276703037, -0.0, -0.18866696468655522, 0.3], [0.0, 0.9999999999999999, -0.0, 0.22], [0.18866696468655522, 0.0, 0.9820411276703037, -0.5335416666666666], [0.0, 0.0, 0.0, 1.0]]","[[0.5486159042541163, 0.11564339568011546, -0.8280381601321344, 0.5464961355371101], [-0.028618039067529064, 0.9924050441740871, 0.11963793770270931, 0.1744347035302547], [0.8355845842518682, -0.0419384469598032, 0.5477586779113884, -0.3680206311709832], [0.0, 0.0, 0.0, 1.0]]","[[0.9820411276703037, -0.0, -0.18866696468655522, 0.3], [0.0, 0.9999999999999999, -0.0, -0.22], [0.18866696468655522, 0.0, 0.9820411276703037, -0.5335416666666666], [0.0, 0.0, 0.0, 1.0]]","[[0.5551776519937635, -0.1168118979716941, -0.8234881633751288, 0.5454703685406196], [0.029220324211732, 0.9922166859064616, -0.12104635831680338, -0.17377997626185424], [0.8312183512048164, 0.04313964187437366, 0.5542698114811033, -0.3694923174895505], [0.0, 0.0, 0.0, 1.0]]"
0.25,-56.91166333453915,-1.356811635816038,9.118853225968854,3.437746693945311,-5.301018670986793,-3.460800076497985,6.970641765010308,-56.91980833512439,1.4062977437349558,-9.014593803383196,3.437746693945311,5.344385249574496,-3.4752828523027626,-7.074022227627152,"[[0.9807852804032305, -0.0, -0.19509032201612828, 0.3], [0.0, 1.0, -0.0, 0.22], [0.19509032201612828, 0.0, 0.9807852804032305, -0.53125], [0.0, 0.0, 0.0, 1.0]]","[[0.5419586674510524, 0.11588908138399986, -0.8323764314243, 0.5474628606531508], [-0.02801899034574095, 0.9923876334162098, 0.11992381424295859, 0.17444240753402404], [0.8399379375612731, -0.04167140336666159, 0.5410801744536275, -0.3665640660702422], [0.0, 0.0, 0.0, 1.0]]","[[0.9807852804032305, -0.0, -0.19509032201612828, 0.3], [0.0, 1.0, -0.0, -0.22], [0.19509032201612828, 0.0, 0.9807852804032305, -0.53125], [0.0, 0.0, 0.0, 1.0]]","[[0.5420594845930341, -0.11722281997778544, -0.8321239845354719, 0.5473898450711813], [0.02799824494356582, 0.9921923834354123, -0.12153342146436996, -0.17382803218040985], [0.839873569915624, 0.04258033265736424, 0.5411093252088471, -0.3666179371916694], [0.0, 0.0, 0.0, 1.0]]"
0.2583333333333333,-57.004570982724246,-1.3227323002305538,9.121930226189946,3.437746693945311,-5.267354376115093,-3.8197026117200603,6.959987096791911,-57.01257937952609,1.3717416822897455,-9.017705808323782,3.437746693945311,5.3098219310532935,-3.832420423954624,-7.063641620749202,"[[0.9794874195590513, -0.0, -0.2015053223256171, 0.3], [0.0, 1.0, -0.0, 0.22], [0.2015053223256171, 0.0, 0.9794874195590513, -0.5289583333333333], [0.0, 0.0, 0.0, 1.0]]","[[0.5352348905268428, 0.11613932121270619, -0.8366811041436102, 0.548432647727725], [-0.027419500054731663, 0.9923697757809236, 0.1202098129657814, 0.1744494808462394], [0.8442581258000821, -0.041399108502133596, 0.5343354104265985, -0.36508836020433144], [0.0, 0.0, 0.0, 1.0]]","[[0.9794874195590513, -0.0, -0.2015053223256171, 0.3], [0.0, 1.0, -0.0, -0.22], [0.2015053223256171, 0.0, 0.9794874195590513, -0.5289583333333333], [0.0, 0.0, 0.0, 1.0]]","[[0.5353617814940903, -0.11745834995170149, -0.8364157452739025, 0.5483586504985709], [0.027387715134363312, 0.9921764940697025, -0.12180196088434961, -0.17384167518378324], [0.8441786990769153, 0.04230059860306107, 0.5343902912503462, -0.36514482470947907], [0.0, 0.0, 0.0, 1.0]]"
0.26666666666666666,-57.09830166870433,-1.2882625766453208,9.125475948142828,3.437746693945311,-5.2337874114390655,-4.178500986557292,6.9489409733567085,-57.106224688141545,1.3369964032601849,-9.02128226612793,3.437746693945311,5.275475471038238,-4.190062362388009,-7.052781193082058,"[[0.9781476007338056, -0.0, -0.2079116908177593, 0.3], [0.0, 0.9999999999999999, -0.0, 0.22], [0.2079116908177593, 0.0, 0.9781476007338056, -0.5266666666666666], [0.0, 0.0, 0.0, 1.0]]","[[0.5284641790055209, 0.11638840695383337, -0.8409395639609125, 0.549401343223231], [-0.02682002507129181, 0.9923521701695943, 0.12049006853210725, 0.17445813208926447], [0.848531848408294, -0.04112066495626613, 0.5275441148855312, -0.36359975616920603], [0.0, 0.0, 0.0, 1.0]]","[[0.9781476007338056, -0.0, -0.2079116908177593, 0.3], [0.0, 0.9999999999999999, -0.0, -0.22], [0.2079116908177593, 0.0, 0.9781476007338056, -0.5266666666666666], [0.0, 0.0, 0.0, 1.0]]","[[0.5286086607297262, -0.117699441866578, -0.8406662388759413, 0.5493267448522259], [0.026777670314407323, 0.9921599648280927, -0.12207194831266831, -0.17385415641611432], [0.8484431861792857, 0.04201720572115521, 0.5276160670879233, -0.3636580294836003], [0.0, 0.0, 0.0, 1.0]]"
0.275,-57.192489977358804,-1.2534052398246895,9.129486122959273,3.437746693945311,-5.200293017522969,-4.536671410877707,6.9375520598025355,-57.20036177037724,1.3019911501553407,-9.025321469248347,3.437746693945311,5.241277994524453,-4.5474673786345585,-7.041522906895762,"[[0.9767658813208724, -0.0, -0.21430915306505074, 0.3], [0.0, 1.0, -0.0, 0.22], [0.21430915306505074, 0.0, 0.9767658813208724, -0.5243749999999999], [0.0, 0.0, 0.0, 1.0]]","[[0.5216597273504832, 0.11663261573539688, -0.8451437521554183, 0.5503662375108885], [-0.02622099114206558, 0.9923352721258115, 0.120760785516323, 0.17446981770668776], [0.8527506015736063, -0.040835531608035935, 0.5207195702814921, -0.3621024060700037], [0.0, 0.0, 0.0, 1.0]]","[[0.9767658813208724, -0.0, -0.21430915306505074, 0.3], [0.0, 1.0, -0.0, -0.22], [0.21430915306505074, 0.0, 0.9767658813208724, -0.5243749999999999], [0.0, 0.0, 0.0, 1.0]]","[[0.5218162906662808, -0.11793992651646687, -0.8448656298658231, 0.5502912923284139], [0.02616832200287813, 0.9921435831150429, -0.1223369502938407, -0.17386792936756662], [0.8526564241937297, 0.04172869776226381, 0.5208029743235232, -0.36216196580707616], [0.0, 0.0, 0.0, 1.0]]"
0.2833333333333333,-57.28691392753964,-1.2181602897686603,9.133957335544691,3.437746693945311,-5.166857107101641,-4.8938766440910335,6.925851091980657,-57.29475498470682,1.266679392311492,-9.029820002590446,3.437746693945311,5.2071872397164505,-4.904159066999664,-7.029917561722264,"[[0.9753423205085128, -0.0, -0.22069743502150108, 0.3], [0.0, 1.0, -0.0, 0.22], [0.22069743502150108, 0.0, 0.9753423205085128, -0.5220833333333333], [0.0, 0.0, 0.0, 1.0]]","[[0.5148301555361681, 0.11686957547048865, -0.8492887690767805, 0.551325688926346], [-0.025622773289981644, 0.9923193717442318, 0.12101957672237769, 0.174485446949428], [0.8569092043148652, -0.040543393919121, 0.513870459133412, -0.3605988921744366], [0.0, 0.0, 0.0, 1.0]]","[[0.9753423205085128, -0.0, -0.22069743502150108, 0.3], [0.0, 1.0, -0.0, -0.22], [0.22069743502150108, 0.0, 0.9753423205085128, -0.5220833333333333], [0.0, 0.0, 0.0, 1.0]]","[[0.5149952393191164, -0.11817587793076822, -0.8490078711966917, 0.5512505545437655], [0.025559968513145022, 0.9921278518597625, -0.12259287733689973, -0.17388454658784355], [0.8568118763697508, 0.04143413374773604, 0.513961692222603, -0.3606594112674981], [0.0, 0.0, 0.0, 1.0]]"
0.2916666666666667,-57.30041038133959,-1.223573428129307,9.139227680263003,3.437746693945311,-5.170734520116093,-4.93439759511578,6.915093544037887,-57.389257482063115,1.2310297535471395,-9.03477786615423,3.437746693945311,5.17318015472578,-5.259829215197032,-7.017996747186476,"[[0.9738769792773336, -0.0, -0.2270762630343732, 0.3], [0.0, 1.0, -0.0, 0.22], [0.2270762630343732, 0.0, 0.9738769792773336, -0.5197916666666667], [0.0, 0.0, 0.0, 1.0]]","[[0.5140522267550963, 0.11718879854449596, -0.8497158899678319, 0.5514266557161789], [-0.025624300464070278, 0.992279159111511, 0.12134852952829596, 0.17436011979995256], [0.8573760571615316, -0.040606106543846485, 0.5130861922888743, -0.36042855519946315], [0.0, 0.0, 0.0, 1.0]]","[[0.9738769792773336, -0.0, -0.2270762630343732, 0.3], [0.0, 1.0, -0.0, -0.22], [0.2270762630343732, 0.0, 0.9738769792773336, -0.5197916666666667], [0.0, 0.0, 0.0, 1.0]]","[[0.5081525693200698, -0.11840476180183535, -0.8530892559844264, 0.5522034596519492], [0.024952862947229267, 0.9921130929350365, -0.12283715015260022, -0.17390500058211647], [0.8609055238085933, 0.04113299417166582, 0.5070993550245605, -0.35915214123763634], [0.0, 0.0, 0.0, 1.0]]"
0.3,-57.47106265775236,-1.1438496458679197,9.143905506070816,3.437746693945311,-5.0980946045193605,-5.589952321464434,6.903810498415849,-57.475618393928755,1.19628874338581,-9.040080654271097,3.437746693945311,5.139146175865252,-5.60605321177227,-7.006458850131032,"[[0.9723699203976766, -0.0, -0.23344536385590542, 0.3], [0.0, 1.0, -0.0, 0.22], [0.23344536385590542, 0.0, 0.9723699203976766, -0.5175], [0.0, 0.0, 0.0, 1.0]]","[[0.5013943566362176, 0.1171830953853139, -0.8572466513724449, 0.553190362254165], [-0.024433749303863328, 0.992308445518752, 0.12135460785283067, 0.1745842868776097], [0.8648738006370119, -0.03990076575799987, 0.5004010770008552, -0.35763937096311055], [0.0, 0.0, 0.0, 1.0]]","[[0.9723699203976766, -0.0, -0.23344536385590542, 0.3], [0.0, 1.0, -0.0, -0.22], [0.23344536385590542, 0.0, 0.9723699203976766, -0.5175], [0.0, 0.0, 0.0, 1.0]]","[[0.5015398498232629, -0.11857916036687616, -0.8569695220752868, 0.5530920357838363], [0.024356976335262077, 0.9921048720660115, -0.12302300811915762, -0.17394728153645875], [0.8647916030715505, 0.04082775464765976, 0.5004683583478262, -0.3577327367927863], [0.0, 0.0, 0.0, 1.0]]"
0.30833333333333335,-57.72323324190923,-1.081816373721983,9.150707520710501,3.437746693945311,-5.069466293500075,-6.089124317236946,6.878171675818914,-57.7307327896179,1.1328329776235124,-9.047072206660252,3.437746693945311,5.109233362395182,-6.1044546768290395,-6.981088539345842,"[[0.970821208426928, -0.0, -0.23980446465501654, 0.3], [0.0, 0.9999999999999999, -0.0, 0.22], [0.23980446465501654, 0.0, 0.970821208426928, -0.5152083333333333], [0.0, 0.0, 0.0, 1.0]]","[[0.48705445779870266, 0.1189705019735127, -0.8652305905355997, 0.5557831605579033], [-0.023611836035430794, 0.9921102214452313, 0.12312509777835945, 0.1740252666200552], [0.8730523674656911, -0.03953894490328556, 0.48602081796820934, -0.35343999056794934], [0.0, 0.0, 0.0, 1.0]]","[[0.970821208426928, -0.0, -0.23980446465501654, 0.3], [0.0, 0.9999999999999999, -0.0, -0.22], [0.23980446465501654, 0.0, 0.970821208426928, -0.5152083333333333], [0.0, 0.0, 0.0, 1.0]]","[[0.49002458114331304, -0.11966248019621079, -0.8634563108279494, 0.55514039746866], [0.023598619232540446, 0.9919911904678776, -0.12408296903459701, -0.17365993864658397], [0.8713891295200087, 0.040427328225034205, 0.48892393691344993, -0.3544332661364399], [0.0, 0.0, 0.0, 1.0]]"
0.31666666666666665,-57.80375434203451,-1.0766025915077362,9.158317205219543,3.437746693945311,-5.0743178622449,-6.1986498156726855,6.859905615544184,-58.110115647066266,1.0485538860725498,-9.055640678974033,3.437746693945311,5.081812287311696,-6.721005181035512,-6.944907319764993,"[[0.9692309097067545, -0.0, -0.24615329302899303, 0.3], [0.0, 1.0000000000000002, -0.0, 0.22], [0.24615329302899303, 0.0, 0.9692309097067545, -0.5129166666666667], [0.0, 0.0, 0.0, 1.0]]","[[0.48705445779870266, 0.1189705019735127, -0.8652305905355997, 0.5557831605579033], [-0.023611836035430794, 0.9921102214452313, 0.12312509777835945, 0.1740252666200552], [0.8730523674656911, -0.03953894490328556, 0.48602081796820934, -0.35343999056794934], [0.0, 0.0, 0.0, 1.0]]","[[0.9692309097067545, -0.0, -0.24615329302899303, 0.3], [0.0, 1.0000000000000002, -0.0, -0.22], [0.24615329302899303, 0.0, 0.9692309097067545, -0.5129166666666667], [0.0, 0.0, 0.0, 1.0]]","[[0.4747061267257971, -0.12141517900574042, -0.8717295724913751, 0.5580125631326344], [0.02268504571621472, 0.9917981097811785, -0.12578512684468982, -0.17312693240966545], [0.8798519659294083, 0.03993574516001263, 0.4735669480745777, -0.34972002429435306], [0.0, 0.0, 0.0, 1.0]]"
0.325,-58.578700775074985,-0.8979064866868082,9.176284871604906,3.437746693945311,-5.017906476116118,-7.433781524703241,6.787012982948162,-58.553715943091085,0.9532457465593093,-9.065405288166213,3.437746693945311,5.055533134480072,-7.400630347792937,-6.902432080863976,"[[0.9675990923602598, -0.0, -0.25249157701515795, 0.3], [0.0, 1.0, -0.0, 0.22], [0.25249157701515795, 0.0, 0.9675990923602598, -0.510625], [0.0, 0.0, 0.0, 1.0]]","[[0.4558905085186365, 0.1223267202405712, -0.8815894836928377, 0.5615752792732391], [-0.021757770920705598, 0.991745780136156, 0.12636022707596548, 0.17302139995680174], [0.889769882411841, -0.03842500614590039, 0.4547890447839596, -0.343789343364604], [0.0, 0.0, 0.0, 1.0]]","[[0.9675990923602598, -0.0, -0.25249157701515795, 0.3], [0.0, 1.0, -0.0, -0.22], [0.25249157701515795, 0.0, 0.9675990923602598, -0.510625], [0.0, 0.0, 0.0, 1.0]]","[[0.4572673492793832, -0.12350063857271215, -0.8807123046461537, 0.5612684612355618], [0.021658381958192925, 0.9915634472877749, -0.12780001758113085, -0.17247134106809192], [0.8890655126445745, 0.03936397178787549, 0.45608441318589665, -0.3442465328109443], [0.0, 0.0, 0.0, 1.0]]"
0.3333333333333333,-59.047736695568936,-0.7953178991268629,9.186844344061747,3.437746693945311,-4.9919363893444375,-8.13465626374222,6.741679309879494,-59.03490277011848,0.8509412521801543,-9.076176496487323,3.437746693945311,5.030015547740905,-8.116784220005236,-6.855639735520688,"[[0.9659258262890682, -0.0, -0.25881904510252074, 0.3], [0.0, 1.0, -0.0, 0.22], [0.25881904510252074, 0.0, 0.9659258262890682, -0.5083333333333333], [0.0, 0.0, 0.0, 1.0]]","[[0.43750991592303184, 0.1244483365865284, -0.8905603208036321, 0.5649336960017219], [-0.020677936763060366, 0.9915073457672097, 0.12839628585315974, 0.17235463862582323], [0.898975804123918, -0.03775969823117722, 0.43636763031788456, -0.3379819500077097], [0.0, 0.0, 0.0, 1.0]]","[[0.9659258262890682, -0.0, -0.25881904510252074, 0.3], [0.0, 1.0, -0.0, -0.22], [0.25881904510252074, 0.0, 0.9659258262890682, -0.5083333333333333], [0.0, 0.0, 0.0, 1.0]]","[[0.43848531195380674, -0.12576248656597336, -0.889895740058079, 0.5647086913841884], [0.020540705237827202, 0.9913047842209863, -0.12997270563051394, -0.1717516095175184], [0.8985035952232497, 0.038712036284945114, 0.43725583771696824, -0.3383042260575844], [0.0, 0.0, 0.0, 1.0]]"
0.3416666666666667,-59.54167548577674,-0.6880177617000782,9.198319061867368,3.437746693945311,-4.966793182349151,-8.86063621684923,6.6927294785321285,-59.751034444215975,0.7142484628772775,-9.101582238878832,3.437746693945311,5.010289107644262,-9.093934988329355,-6.771102057276617,"[[0.9642111831703293, -0.0, -0.2651354262434081, 0.3], [0.0, 1.0, -0.0, 0.22], [0.2651354262434081, 0.0, 0.9642111831703293, -0.5060416666666666], [0.0, 0.0, 0.0, 1.0]]","[[0.41814884379359074, 0.12668183195376392, -0.8995016719756123, 0.5683824016266561], [-0.01952209611958037, 0.9912523504711359, 0.13052840858811804, 0.17164707278914204], [0.9081687245204942, -0.0370201450333078, 0.41696411915719045, -0.33184526036103623], [0.0, 0.0, 0.0, 1.0]]","[[0.9642111831703293, -0.0, -0.2651354262434081, 0.3], [0.0, 1.0, -0.0, -0.22], [0.2651354262434081, 0.0, 0.9642111831703293, -0.5060416666666666], [0.0, 0.0, 0.0, 1.0]]","[[0.4188661554494925, -0.12809976671311657, -0.8989669591186354, 0.5682086023007216], [0.019348997941864295, 0.9910337326933782, -0.13220346796690002, -0.17100540404367354], [0.9078418144685819, 0.037981448522595065, 0.41758909165652086, -0.3320807048689803], [0.0, 0.0, 0.0, 1.0]]"
0.35,-60.03954163475731,-0.5790847288139844,9.21065950615029,3.437746693945311,-4.942031185286916,-9.590260929652088,6.641822797987555,-60.17938292782416,0.6136158707408946,-9.114329933191014,3.437746693945311,4.981833258901519,-9.745457341746762,-6.7266580163473435,"[[0.9624552364536474, -0.0, -0.2714404498650742, 0.3], [0.0, 1.0, -0.0, 0.22], [0.2714404498650742, 0.0, 0.9624552364536474, -0.5037499999999999], [0.0, 0.0, 0.0, 1.0]]","[[0.3782603155389914, 0.13113619807553648, -0.9163637003082544, 0.5751614165287313], [-0.017057415723795648, 0.9907344338903075, 0.13473799045880755, 0.17024008947388072], [0.9255420996676317, -0.03533523819568458, 0.37699236422570415, -0.3192239099712169], [0.0, 0.0, 0.0, 1.0]]","[[0.9624552364536474, -0.0, -0.2714404498650742, 0.3], [0.0, 1.0, -0.0, -0.22], [0.2714404498650742, 0.0, 0.9624552364536474, -0.5037499999999999], [0.0, 0.0, 0.0, 1.0]]","[[0.3942550969971073, -0.1311826687280203, -0.9095900317820089, 0.5725240705402463], [0.017883590571815614, 0.9906672560478662, -0.13512425756632773, -0.1699834574536622], [0.9188270216314174, 0.03700669155688045, 0.3929216322626597, -0.3241439699937151], [0.0, 0.0, 0.0, 1.0]]"
0.35833333333333334,-60.773240555400086,-0.4324719968761633,9.240496333765844,3.437746693945311,-4.92225522631879,-10.582467142454208,6.549161036612577,-60.640857828906896,0.507744470150259,-9.128048368138984,3.437746693945311,4.9549342664027165,-10.43267597131395,-6.677387592995811,"[[0.9606580613579354, -0.0, -0.2777338458812922, 0.3], [0.0, 1.0, -0.0, 0.22], [0.2777338458812922, 0.0, 0.9606580613579354, -0.5014583333333333], [0.0, 0.0, 0.0, 1.0]]","[[0.37052612107786403, 0.13242462810730876, -0.9193335148190961, 0.5765511336406586], [-0.016669785399652956, 0.9905730160909942, 0.13596770957517892, 0.16975749854867195], [0.9286724459429824, -0.035054495617989595, 0.3692406674287744, -0.3165423327855978], [0.0, 0.0, 0.0, 1.0]]","[[0.9606580613579354, -0.0, -0.2777338458812922, 0.3], [0.0, 1.0, -0.0, -0.22], [0.2777338458812922, 0.0, 0.9606580613579354, -0.5014583333333333], [0.0, 0.0, 0.0, 1.0]]","[[0.3756069530376496, -0.1331191086618681, -0.9171688610822123, 0.5756004948376385], [0.01667209682731162, 0.9904409387703159, -0.13692621368881833, -0.1693938376961459], [0.9266290832998679, 0.0361393098556814, 0.37423587784444373, -0.31829444268147683], [0.0, 0.0, 0.0, 1.0]]"
0.36666666666666664,-61.20186907676423,-0.3279111655129504,9.255332358416757,3.437746693945311,-4.89432402148167,-11.232063382525672,6.5011038256123665,-61.120501033181874,0.398386257988332,-9.142787062594225,3.437746693945311,4.929012417842048,-11.139383691904122,-6.624544980708361,"[[0.958819734868193, -0.0, -0.2840153447039226, 0.3], [0.0, 1.0, -0.0, 0.22], [0.2840153447039226, 0.0, 0.958819734868193, -0.49916666666666665], [0.0, 0.0, 0.0, 1.0]]","[[0.35280632096979614, 0.13404694751343843, -0.9260448778250904, 0.5793474338833812], [-0.015506373360814535, 0.9903869143614228, 0.13745294557358448, 0.16928665415417563], [0.9355678768902619, -0.03413467040985224, 0.3514933456085031, -0.3110319898471512], [0.0, 0.0, 0.0, 1.0]]","[[0.958819734868193, -0.0, -0.2840153447039226, 0.3], [0.0, 1.0, -0.0, -0.22], [0.2840153447039226, 0.0, 0.958819734868193, -0.49916666666666665], [0.0, 0.0, 0.0, 1.0]]","[[0.3561881971909585, -0.13513169977923686, -0.9245914729742154, 0.5787163546605758], [0.015396248716625233, 0.990202193303542, -0.13878966785143215, -0.168776154942187], [0.9342873881773802, 0.03520000130155166, 0.354778855346623, -0.3121924230660432], [0.0, 0.0, 0.0, 1.0]]"
0.375,-61.657579298187486,-0.21883527228345495,9.271162175591908,3.437746693945311,-4.867881797883611,-11.911526332290308,6.448448616640269,-61.81935232867924,0.2515746234713607,-9.178656654794194,3.437746693945311,4.907054640320927,-12.092338515093472,-6.526719596320853,"[[0.9569403357322089, -0.0, -0.2902846772544624, 0.3], [0.0, 1.0, -0.0, 0.22], [0.2902846772544624, 0.0, 0.9569403357322089, -0.49687499999999996], [0.0, 0.0, 0.0, 1.0]]","[[0.33402195121344985, 0.13580612097523112, -0.9327304185096683, 0.5822401787867798], [-0.014269214338159135, 0.9901810096366397, 0.1390609854601098, 0.16876445259136907], [0.9424572805330391, -0.03314009143961573, 0.3326800395419636, -0.30516629197480954], [0.0, 0.0, 0.0, 1.0]]","[[0.9569403357322089, -0.0, -0.2902846772544624, 0.3], [0.0, 1.0, -0.0, -0.22], [0.2902846772544624, 0.0, 0.9569403357322089, -0.49687499999999996], [0.0, 0.0, 0.0, 1.0]]","[[0.3363094468628089, -0.13715357029301567, -0.9317107137447281, 0.581809368239356], [0.014071752964466347, 0.9899595407503377, -0.14064883023291808, -0.16815548824037999], [0.941646399514881, 0.03419072729937135, 0.3348627367256642, -0.30594608985978833], [0.0, 0.0, 0.0, 1.0]]"
0.3833333333333333,-62.325585459393075,-0.07111275466742577,9.309819338746887,3.437746693945311,-4.844666838668385,-12.83063586059495,6.349025394873801,-62.23468247172937,0.14601741158254575,-9.196369896632977,3.437746693945311,4.878266673629793,-12.725730131359079,-6.475652406330783,"[[0.9550199444571866, -0.0, -0.296541574975571, 0.3], [0.0, 1.0, -0.0, 0.22], [0.296541574975571, 0.0, 0.9550199444571866, -0.49458333333333326], [0.0, 0.0, 0.0, 1.0]]","[[0.30755617267276636, 0.13858903865501665, -0.9413831733229344, 0.5862856241940411], [-0.012605620191194586, 0.9898429955425901, 0.14160488167738908, 0.16786438250201607], [0.9514464246558895, -0.03168473670318731, 0.30617932403997306, -0.2966738906154734], [0.0, 0.0, 0.0, 1.0]]","[[0.9550199444571866, -0.0, -0.296541574975571, 0.3], [0.0, 1.0, -0.0, -0.22], [0.296541574975571, 0.0, 0.9550199444571866, -0.49458333333333326], [0.0, 0.0, 0.0, 1.0]]","[[0.31137912231555975, -0.13972602118351968, -0.9399572762579235, 0.5856245730801716], [0.01246589682536739, 0.989646657227493, -0.14298284951275836, -0.1673370812041233], [0.950204001045213, 0.03280446376137582, 0.30989711769391726, -0.2979759854666264], [0.0, 0.0, 0.0, 1.0]]"
0.39166666666666666,-62.740225753337036,0.0372258883432649,9.32883970803808,3.437746693945311,-4.8162259309644515,-13.461928047464427,6.295682044342825,-62.68587793811125,0.034471864689455185,-9.215158039492389,3.437746693945311,4.851271204708963,-13.39815200986308,-6.418946468294045,"[[0.9530586433062971, -0.0, -0.30278576984257455, 0.3], [0.0, 1.0, -0.0, 0.22], [0.30278576984257455, 0.0, 0.9530586433062971, -0.4922916666666666], [0.0, 0.0, 0.0, 1.0]]","[[0.2899103163575029, 0.13992832525413088, -0.9467692814308388, 0.5887909741657051], [-0.011411326054085874, 0.9896890380553638, 0.14277741274703037, 0.16750341249548664], [0.9569857836494646, -0.030588751929797445, 0.2885178298618603, -0.291220289077777], [0.0, 0.0, 0.0, 1.0]]","[[0.9530586433062971, -0.0, -0.30278576984257455, 0.3], [0.0, 1.0, -0.0, -0.22], [0.30278576984257455, 0.0, 0.9530586433062971, -0.4922916666666666], [0.0, 0.0, 0.0, 1.0]]","[[0.292480718230685, -0.14135172853234818, -0.9457667356722692, 0.5883411490955963], [0.011167613312118227, 0.9894523999788559, -0.14442725708464121, -0.16686887417218094], [0.956206208867195, 0.03168023069675141, 0.2909743100461396, -0.2920902792171639], [0.0, 0.0, 0.0, 1.0]]"
0.4,-63.17642895449073,0.14930005119046413,9.348941808539074,3.437746693945311,-4.78931754695554,-14.118110297443076,6.237814120373538,-63.334144852615495,-0.11635870249394055,-9.261076547508738,3.437746693945311,4.826325219425962,-14.295450182826933,-6.311428618587466,"[[0.9510565162951536, -0.0, -0.30901699437494745, 0.3], [0.0, 1.0, -0.0, 0.22], [0.30901699437494745, 0.0, 0.9510565162951536, -0.49], [0.0, 0.0, 0.0, 1.0]]","[[0.2713831046449757, 0.1413668007337604, -0.9520328976267342, 0.5913533515694609], [-0.010156872548353874, 0.989520036916804, 0.1440379619413004, 0.1671042782376394], [0.9624178138694707, -0.029419792495330187, 0.2699748643045147, -0.28547575375537815], [0.0, 0.0, 0.0, 1.0]]","[[0.9510565162951536, -0.0, -0.30901699437494745, 0.3], [0.0, 1.0, -0.0, -0.22], [0.30901699437494745, 0.0, 0.9510565162951536, -0.49], [0.0, 0.0, 0.0, 1.0]]","[[0.2731512479941763, -0.14298570222297957, -0.9512851752650335, 0.5910352614936356], [0.009832231974364836, 0.9892549593298603, -0.14586964268030228, -0.16639705768504587], [0.9619208506595678, 0.030491218425609007, 0.27162209531865317, -0.28606903770125125], [0.0, 0.0, 0.0, 1.0]]"
0.4083333333333333,-63.62677747741552,0.2646167096089414,9.37032798460403,3.437746693945311,-4.763396125281695,-14.790240185360059,6.176054696124637,-63.73094469244739,-0.2253614246539096,-9.283581167050283,3.437746693945311,4.796945587597975,-14.90647975974992,-6.254695359794048,"[[0.9490136491882138, -0.0, -0.31523498164776964, 0.3], [0.0, 0.9999999999999999, -0.0, 0.22], [0.31523498164776964, 0.0, 0.9490136491882138, -0.4877083333333333], [0.0, 0.0, 0.0, 1.0]]","[[0.25223925804292063, 0.142839729415639, -0.9570643491439979, 0.5939256972588262], [-0.008857684986337794, 0.9893446151092125, 0.14532299876856186, 0.16669115023412848], [0.9676243579605879, -0.028178790869582367, 0.25081678099060406, -0.27952785634187477], [0.0, 0.0, 0.0, 1.0]]","[[0.9490136491882138, -0.0, -0.31523498164776964, 0.3], [0.0, 0.9999999999999999, -0.0, -0.22], [0.31523498164776964, 0.0, 0.9490136491882138, -0.4877083333333333], [0.0, 0.0, 0.0, 1.0]]","[[0.24904295062616266, -0.14494054377409105, -0.9575854257004363, 0.5943462369022778], [0.008260318386186696, 0.9890200715724707, -0.14755021235817928, -0.1658172647562461], [0.9684572142761775, 0.02883637975294011, 0.24750573189154768, -0.2784250236170841], [0.0, 0.0, 0.0, 1.0]]"
0.4166666666666667,-64.19937955629437,0.41395511391242074,9.42228694116761,3.437746693945311,-4.734721710485513,-15.602597272031987,6.067502072758801,-64.15378804358454,-0.33895902317587245,-9.307253748939901,3.437746693945311,4.769258562023682,-15.547020022755595,-6.192820249216079,"[[0.9469301294951056, -0.0, -0.3214394653031616, 0.3], [0.0, 1.0, -0.0, 0.22], [0.3214394653031616, 0.0, 0.9469301294951056, -0.4854166666666666], [0.0, 0.0, 0.0, 1.0]]","[[0.22839999517754395, 0.14453977911403065, -0.962778112784335, 0.5970842856893253], [-0.0073508951322482086, 0.9891456430097288, 0.1467544249950411, 0.1662059987903449], [0.9735396276185438, -0.02644142901844914, 0.2269833568520162, -0.271987737214056], [0.0, 0.0, 0.0, 1.0]]","[[0.9469301294951056, -0.0, -0.3214394653031616, 0.3], [0.0, 1.0, -0.0, -0.22], [0.3214394653031616, 0.0, 0.9469301294951056, -0.4854166666666666], [0.0, 0.0, 0.0, 1.0]]","[[0.23076509114236204, -0.1461777536994467, -0.9619664947561538, 0.596699799525831], [0.006994436203256363, 0.9888743467176462, -0.14858870840661892, -0.16549595443624623], [0.9729843526862373, 0.027560673560937193, 0.22922010972122736, -0.27277900149557277], [0.0, 0.0, 0.0, 1.0]]"
0.425,-64.61600060509764,0.5296171904718728,9.447568886380413,3.437746693945311,-4.707352288707625,-16.2360682892467,6.003261155407069,-64.69450679941777,-0.48770939088049603,-9.364099705854626,3.437746693945311,4.738142354599219,-16.323440069109502,-6.081540672824116,"[[0.944806046466878, -0.0, -0.3276301795616935, 0.3], [0.0, 1.0, -0.0, 0.22], [0.3276301795616935, 0.0, 0.944806046466878, -0.48312499999999997], [0.0, 0.0, 0.0, 1.0]]","[[0.2042488741170987, 0.14606960402415833, -0.9679597451351598, 0.6001555623158579], [-0.005851478709049285, 0.9889692544140927, 0.14800531754147045, 0.16578620605583608], [0.9789015055759265, -0.02456592363131386, 0.20285057992849154, -0.2643549259120518], [0.0, 0.0, 0.0, 1.0]]","[[0.944806046466878, -0.0, -0.3276301795616935, 0.3], [0.0, 1.0, -0.0, -0.22], [0.3276301795616935, 0.0, 0.944806046466878, -0.48312499999999997], [0.0, 0.0, 0.0, 1.0]]","[[0.20791839387037364, -0.14756371739219926, -0.9669513383825264, 0.5996099352298284], [0.005543771833814395, 0.9887169439685488, -0.14969325737436615, -0.1651338640201173], [0.9781304657785784, 0.02576342405210849, 0.20639049856253672, -0.2655853119281401], [0.0, 0.0, 0.0, 1.0]]"
0.43333333333333335,-65.15729992701031,0.6842059291738293,9.508338786973308,3.437746693945311,-4.676063619006619,-17.012720562032385,5.885909967729788,-65.11049947081739,-0.6055292469287168,-9.39151096254118,3.437746693945311,4.710167180419316,-16.954452218223008,-6.014448578380727,"[[0.9426414910921784, -0.0, -0.33380685923377096, 0.3], [0.0, 1.0, -0.0, 0.22], [0.33380685923377096, 0.0, 0.9426414910921784, -0.4808333333333333], [0.0, 0.0, 0.0, 1.0]]","[[0.18722233457012266, 0.14681744601368782, -0.9712839105967579, 0.6021756972955756], [-0.004729822230824798, 0.9888910042227215, 0.14856719203458812, 0.1656476048134414], [0.9823061774313433, -0.023221096300460334, 0.18583690286599935, -0.25913511282729984], [0.0, 0.0, 0.0, 1.0]]","[[0.9426414910921784, -0.0, -0.33380685923377096, 0.3], [0.0, 1.0, -0.0, -0.22], [0.33380685923377096, 0.0, 0.9426414910921784, -0.4808333333333333], [0.0, 0.0, 0.0, 1.0]]","[[0.18970394417201647, -0.148572998956317, -0.9705351500830388, 0.6017967142509849], [0.004304175399045568, 0.9886010527894205, -0.15049728402128684, -0.16489746362269736], [0.9818319039630534, 0.024372574849117895, 0.18818100317383107, -0.25996129332314843], [0.0, 0.0, 0.0, 1.0]]"
0.44166666666666665,-65.70999200445858,0.846151475302977,9.575502598402982,3.437746693945311,-4.6449077111076065,-17.805008845375525,5.757945519855952,-65.69814162624861,-0.7697746991783077,-9.458107014496095,3.437746693945311,4.680825114631765,-17.78664246669736,-5.883429755287427,"[[0.940436556093355, -0.0, -0.33996923973099424, 0.3], [0.0, 1.0, -0.0, 0.22], [0.33996923973099424, 0.0, 0.940436556093355, -0.47854166666666664], [0.0, 0.0, 0.0, 1.0]]","[[0.16359526963320548, 0.14787442918604382, -0.9753818436625425, 0.6049719034335933], [-0.003337623165591233, 0.9887793970465731, 0.14934578751280456, 0.16540624012126925], [0.9865218943466199, -0.02117680734003549, 0.16225318118804244, -0.2516873896893954], [0.0, 0.0, 0.0, 1.0]]","[[0.940436556093355, -0.0, -0.33996923973099424, 0.3], [0.0, 1.0, -0.0, -0.22], [0.33996923973099424, 0.0, 0.940436556093355, -0.47854166666666664], [0.0, 0.0, 0.0, 1.0]]","[[0.1648261401399571, -0.14992066726481507, -0.9748621118155305, 0.6047590356689374], [0.0027685509520622015, 0.9884469818396928, -0.15154174084267308, -0.1645465408606383], [0.9863187510395355, 0.022279084785391243, 0.1633369637557167, -0.25208795909913656], [0.0, 0.0, 0.0, 1.0]]"
0.45,-66.08385606905757,0.9653024178265569,9.607879402616135,3.437746693945311,-4.615073017926168,-18.386718981512587,5.688087625685531,-66.20149924732186,-0.9304470019966298,-9.531755236769051,3.437746693945311,4.645654336161253,-18.521878179903382,-5.753476014817825,"[[0.938191335922484, -0.0, -0.34611705707749296, 0.3], [0.0, 1.0, -0.0, 0.22], [0.34611705707749296, 0.0, 0.938191335922484, -0.47624999999999995], [0.0, 0.0, 0.0, 1.0]]","[[0.14674323451662302, 0.14837478048873753, -0.9779833064211877, 0.6068323164438393], [-0.0022759247181610293, 0.988734240521965, 0.1496643637815318, 0.1653582958932966], [0.9891719988405844, -0.019736416452141664, 0.1454277503619959, -0.24652366850078405], [0.0, 0.0, 0.0, 1.0]]","[[0.938191335922484, -0.0, -0.34611705707749296, 0.3], [0.0, 1.0, -0.0, -0.22], [0.34611705707749296, 0.0, 0.938191335922484, -0.47624999999999995], [0.0, 0.0, 0.0, 1.0]]","[[0.14766151519638604, -0.15050971466980695, -0.9775187480145437, 0.6066608082175025], [0.0016509863128276875, 0.9883892523051836, -0.1519340652118385, -0.16446709495051778], [0.9890365772680516, 0.02082094420562211, 0.1461955440780739, -0.24681743149083174], [0.0, 0.0, 0.0, 1.0]]"
0.4583333333333333,-66.61900822071723,1.1354718852423702,9.685002483629335,3.437746693945311,-4.582126319804142,-19.159997140848287,5.547938120332393,-66.56038470707102,-1.050131553049117,-9.566939248731078,3.437746693945311,4.614534713642206,-19.085718833624398,-5.681667247865719,"[[0.9359059267573256, -0.0, -0.35225004792123343, 0.3], [0.0, 0.9999999999999999, -0.0, 0.22], [0.35225004792123343, 0.0, 0.9359059267573256, -0.4739583333333333], [0.0, 0.0, 0.0, 1.0]]","[[0.12350113691802034, 0.14895777698536738, -0.9811009376488914, 0.6093917324676963], [-0.0010169180448849485, 0.9886882458751493, 0.14998172670699114, 0.1652932529083618], [0.9923439096692469, -0.017525214517892518, 0.12225560027440652, -0.23920685398250383], [0.0, 0.0, 0.0, 1.0]]","[[0.9359059267573256, -0.0, -0.35225004792123343, 0.3], [0.0, 0.9999999999999999, -0.0, -0.22], [0.35225004792123343, 0.0, 0.9359059267573256, -0.4739583333333333], [0.0, 0.0, 0.0, 1.0]]","[[0.12652508441923715, -0.150827060773645, -0.9804298040915974, 0.6089828280155938], [0.0005027473313444913, 0.9883825774464585, -0.15198561723208026, -0.16450846934279165], [0.9919632807003623, 0.018737084583221167, 0.12513101695221485, -0.24021140950790196], [0.0, 0.0, 0.0, 1.0]]"
0.4666666666666667,-66.9758173029587,1.2576510561674987,9.722293608950311,3.437746693945311,-4.5517998530024615,-19.72249224730281,5.4724790441557385,-67.07536731011164,-1.2224675778139995,-9.649976419791862,3.437746693945311,4.579602991792645,-19.836160255470162,-5.536260204398964,"[[0.9335804264972019, -0.0, -0.3583679495453003, 0.3], [0.0, 1.0, -0.0, 0.22], [0.3583679495453003, 0.0, 0.9335804264972019, -0.4716666666666666], [0.0, 0.0, 0.0, 1.0]]","[[0.10713492464447799, 0.14915805607485433, -0.9829923612263693, 0.611065515221154], [-5.762030048304945e-05, 0.9886836633844303, 0.15001536733496357, 0.16535437442211876], [0.9942444893492361, -0.01601524475971862, 0.10593114430592793, -0.23420595523997395], [0.0, 0.0, 0.0, 1.0]]","[[0.9335804264972019, -0.0, -0.3583679495453003, 0.3], [0.0, 1.0, -0.0, -0.22], [0.3583679495453003, 0.0, 0.9335804264972019, -0.4716666666666666], [0.0, 0.0, 0.0, 1.0]]","[[0.10391965749107418, -0.15112585240957843, -0.983036968542087, 0.6113795253650142], [-0.0006763927823515564, 0.9883774375314904, -0.15201836557300819, -0.16455255899000099], [0.9945854650454842, 0.016462615593006547, 0.10260962434438153, -0.23310880637302533], [0.0, 0.0, 0.0, 1.0]]"
0.475,-67.50348356728804,1.4388408203657161,9.81005385582216,3.437746693945311,-4.51739106751123,-20.487275358858305,5.3179315000322145,-67.43595348696412,-1.3482430567805515,-9.689809229257731,3.437746693945311,4.54889061930286,-20.40094518284393,-5.456780281235288,"[[0.9312149347588037, -0.0, -0.36447049987914965, 0.3], [0.0, 1.0, -0.0, 0.22], [0.36447049987914965, 0.0, 0.9312149347588037, -0.469375], [0.0, 0.0, 0.0, 1.0]]","[[0.08395870485085771, 0.1492764203564197, -0.9852245866833308, 0.6134434270350544], [0.0010528385471006846, 0.9887016681780869, 0.14989297139246444, 0.16545960716523123], [0.9964686785899296, -0.01362210216676954, 0.08285294757459022, -0.22689911126047047], [0.0, 0.0, 0.0, 1.0]]","[[0.9312149347588037, -0.0, -0.36447049987914965, 0.3], [0.0, 1.0, -0.0, -0.22], [0.36447049987914965, 0.0, 0.9312149347588037, -0.469375], [0.0, 0.0, 0.0, 1.0]]","[[0.08738875785803585, -0.15124057949727077, -0.9846265749579173, 0.613014628590365], [-0.0016298070532942688, 0.9883849132686844, -0.15196251824652018, -0.1646457115783329], [0.9961729512132913, 0.014884567047269884, 0.08612723689296381, -0.2280387350399015], [0.0, 0.0, 0.0, 1.0]]"
0.48333333333333334,-67.8542820830599,1.5665458277727966,9.852549585290685,3.437746693945311,-4.486955744569653,-21.041828662855398,5.235110760590755,-67.94498699523767,-1.5318413164348443,-9.783785802047936,3.437746693945311,4.512826793598369,-21.145710717489415,-5.296209790924281,"[[0.9288095528719243, -0.0, -0.3705574375098362, 0.3], [0.0, 1.0, -0.0, 0.22], [0.3705574375098362, 0.0, 0.9288095528719243, -0.4670833333333333], [0.0, 0.0, 0.0, 1.0]]","[[0.0501259701383176, 0.14923587172591726, -0.9875302738184275, 0.6166172026776555], [0.002839446589987832, 0.9887479670381025, 0.14956401713340844, 0.16573011152741124], [0.9987388671022848, -0.010301080925099529, 0.0491382037829981, -0.21648304058274725], [0.0, 0.0, 0.0, 1.0]]","[[0.9288095528719243, -0.0, -0.3705574375098362, 0.3], [0.0, 1.0, -0.0, -0.22], [0.3705574375098362, 0.0, 0.9288095528719243, -0.4670833333333333], [0.0, 0.0, 0.0, 1.0]]","[[0.06479492183142405, -0.15108019659388555, -0.9863956570778343, 0.6152441797982715], [-0.0026480911406964736, 0.9884433203281691, -0.1515677739888503, -0.16485644258376314], [0.9978950875308337, 0.012432887668499787, 0.063646033545322, -0.22092940286480373], [0.0, 0.0, 0.0, 1.0]]"
0.49166666666666664,-68.36811721431995,1.7588746700119526,9.952021045268166,3.437746693945311,-4.450888503770578,-21.79190808467515,5.065272130462864,-68.40995895317545,-1.7184466735929413,-9.885763087677166,3.437746693945311,4.472741267133211,-21.837458616249965,-5.131098505475685,"[[0.9263643838751181, -0.0, -0.3766285016932107, 0.3], [0.0, 1.0, -0.0, 0.22], [0.3766285016932107, 0.0, 0.9263643838751181, -0.4647916666666666], [0.0, 0.0, 0.0, 1.0]]","[[0.0448552760559619, 0.14878757654743058, -0.9878513356143657, 0.6171636879444262], [0.0028158050111884575, 0.9888238557194351, 0.1490619119771691, 0.1659174038946519], [0.9989895271984, -0.00946780995229754, 0.043935010215370995, -0.21471180647365273], [0.0, 0.0, 0.0, 1.0]]","[[0.9263643838751181, -0.0, -0.3766285016932107, 0.3], [0.0, 1.0, -0.0, -0.22], [0.3766285016932107, 0.0, 0.9263643838751181, -0.4647916666666666], [0.0, 0.0, 0.0, 1.0]]","[[0.043773928415008156, -0.15036098981966473, -0.987661589782436, 0.6172317699794793], [-0.0034170181422332885, 0.9885808928567047, -0.15065238884815746, -0.1652781083844912], [0.9990356185732988, 0.009969504455662762, 0.04276028300625623, -0.21433525349020016], [0.0, 0.0, 0.0, 1.0]]"
0.5,-68.81677185033058,1.9505220941596941,10.060534821933098,3.437746693945311,-4.4099854890391335,-22.46731134075186,4.892496092105045,-68.74248671291753,-1.8506997332136041,-9.93462796854673,3.437746693945311,4.440997962965576,-22.36944326768204,-5.041406168842371,"[[0.9238795325112867, -0.0, -0.3826834323650897, 0.3], [0.0, 1.0, -0.0, 0.22], [0.3826834323650897, 0.0, 0.9238795325112867, -0.46249999999999997], [0.0, 0.0, 0.0, 1.0]]","[[0.024322391964080092, 0.14771530735561764, -0.9887308072584677, 0.6190272823374672], [0.0034028749992056073, 0.989005430464658, 0.14784004516083155, 0.1664654105639445], [0.9996983753567301, -0.0069603508713532575, 0.023552321007964727, -0.20828209255640637], [0.0, 0.0, 0.0, 1.0]]","[[0.9238795325112867, -0.0, -0.3826834323650897, 0.3], [0.0, 1.0, -0.0, -0.22], [0.3826834323650897, 0.0, 0.9238795325112867, -0.46249999999999997], [0.0, 0.0, 0.0, 1.0]]","[[0.028144408910309948, -0.1499319438225173, -0.988295656404849, 0.618600671477137], [-0.004131093369784386, 0.988661418275508, -0.15010507679965937, -0.16556637107736813], [0.9995953312789431, 0.008307360294523863, 0.02720590837074882, -0.20955045274875128], [0.0, 0.0, 0.0, 1.0]]"
0.5083333333333333,-69.15567217656827,2.088336528590334,10.112138608659837,3.437746693945311,-4.379060526911431,-23.00512897373513,4.797197877710442,-69.23008025738639,-2.0535715060452038,-10.047589905908632,3.437746693945311,4.402075276206612,-23.089915526997082,-4.856052337127973,"[[0.9213551052231925, -0.0, -0.38872197015239557, 0.3], [0.0, 1.0, -0.0, 0.22], [0.38872197015239557, 0.0, 0.9213551052231925, -0.46020833333333333], [0.0, 0.0, 0.0, 1.0]]","[[0.008437498526408072, 0.14714676872937904, -0.9890786809304503, 0.620369625888872], [0.004043588379127286, 0.9891007821569843, 0.14718455125950555, 0.1667984618382101], [0.9999562280478266, -0.005241296494615022, 0.007750535427858418, -0.2033925763257247], [0.0, 0.0, 0.0, 1.0]]","[[0.9213551052231925, -0.0, -0.38872197015239557, 0.3], [0.0, 1.0, -0.0, -0.22], [0.38872197015239557, 0.0, 0.9213551052231925, -0.46020833333333333], [0.0, 0.0, 0.0, 1.0]]","[[0.006094855612683359, -0.1488737065443166, -0.9888374346852054, 0.6205435905850307], [-0.0047620243639446835, 0.9888402678909185, -0.14890348458439212, -0.1661027442905866], [0.9999700874821298, 0.005616413194718797, 0.005317898439087532, -0.2025901805999739], [0.0, 0.0, 0.0, 1.0]]"
0.5166666666666666,-69.5727371876676,2.2882550983795493,10.231887192735792,3.437746693945311,-4.335745174742503,-23.6432547648692,4.6127101993601665,-69.66187115633626,-2.2574686610259516,-10.170054343953314,3.437746693945311,4.358855973572887,-23.746535762856258,-4.666044158381034,"[[0.9187912101488983, -0.0, -0.3947438563842673, 0.3], [0.0, 1.0, -0.0, 0.22], [0.3947438563842673, 0.0, 0.9187912101488983, -0.45791666666666664], [0.0, 0.0, 0.0, 1.0]]","[[-0.011016223896689492, 0.1454534135036144, -0.9893037689765488, 0.6220108825986199], [0.004319903191171634, 0.9893614941274267, 0.14541379705641705, 0.16757268624243377], [0.9999299881729106, -0.002671785562598658, -0.011527372399232128, -0.19730312094216598], [0.0, 0.0, 0.0, 1.0]]","[[0.9187912101488983, -0.0, -0.3947438563842673, 0.3], [0.0, 1.0, -0.0, -0.22], [0.3947438563842673, 0.0, 0.9187912101488983, -0.45791666666666664], [0.0, 0.0, 0.0, 1.0]]","[[-0.00970674360409568, -0.14818672174052777, -0.988911762812234, 0.6218259048170814], [-0.005355983431540506, 0.9889518726532753, -0.14814016004129854, -0.1664775830980078], [0.9999385443966474, 0.003858636465887244, -0.010393187891052202, -0.197724655121014], [0.0, 0.0, 0.0, 1.0]]"
0.525,-70.04225805159261,2.506175698943391,10.358988475453268,3.437746693945311,-4.295280145891586,-24.344792032257672,4.408361611563963,-69.99435793494331,-2.4021779579803075,-10.228282560401318,3.437746693945311,4.327652254349684,-24.27581224428242,-4.561435969260881,"[[0.9161879571171359, -0.0, -0.4007488331031409, 0.3], [0.0, 1.0, -0.0, 0.22], [0.4007488331031409, 0.0, 0.9161879571171359, -0.45562499999999995], [0.0, 0.0, 0.0, 1.0]]","[[-0.032560180399341776, 0.14367622029162067, -0.9890889638324131, 0.6237619318901432], [0.004573405147267506, 0.9896247372324092, 0.14360349377032644, 0.16836467931355223], [0.9994593131377193, 0.0001522511048409475, -0.03287944953736005, -0.190486966219289], [0.0, 0.0, 0.0, 1.0]]","[[0.9161879571171359, -0.0, -0.4007488331031409, 0.3], [0.0, 1.0, -0.0, -0.22], [0.4007488331031409, 0.0, 0.9161879571171359, -0.45562499999999995], [0.0, 0.0, 0.0, 1.0]]","[[-0.029645287860970926, -0.14631234016901007, -0.9887941423885501, 0.6234503046935325], [-0.005567412865786728, 0.9892377514594324, -0.14621106319792665, -0.16731474282723127], [0.9995449768877948, 0.0011705561729874053, -0.03014081911003491, -0.19145164579551013], [0.0, 0.0, 0.0, 1.0]]"
0.5333333333333333,-70.38094664196603,2.656441781674376,10.420140866639684,3.437746693945311,-4.265348122514474,-24.88139559911597,4.2973159691510725,-70.46396759132753,-2.6276589376251187,-10.362522244575104,3.437746693945311,4.286509329223643,-24.977631256974156,-4.346835267520488,"[[0.9135454576426011, -0.0, -0.4067366430758002, 0.3], [0.0, 1.0000000000000002, -0.0, 0.22], [0.4067366430758002, 0.0, 0.9135454576426011, -0.4533333333333333], [0.0, 0.0, 0.0, 1.0]]","[[-0.06511883641219379, 0.14156968908933992, -0.9877841668479351, 0.6261528747216077], [0.005352389721261855, 0.9899204955934355, 0.1415230169559657, 0.16934940007358323], [0.9978631614948982, 0.0039288083682535585, -0.0652202069623507, -0.18035183212277783], [0.0, 0.0, 0.0, 1.0]]","[[0.9135454576426011, -0.0, -0.4067366430758002, 0.3], [0.0, 1.0000000000000002, -0.0, -0.22], [0.4067366430758002, 0.0, 0.9135454576426011, -0.4533333333333333], [0.0, 0.0, 0.0, 1.0]]","[[-0.05124889835466284, -0.14427242418968367, -0.9882100070510647, 0.6251384216603404], [-0.005707639523212821, 0.9895364628835313, -0.14417007829304423, -0.16820058914018524], [0.9986696016543741, -0.001748211194744928, -0.05153610859496549, -0.18459800675932164], [0.0, 0.0, 0.0, 1.0]]"
0.5416666666666666,-70.84138335429493,2.889800317309739,10.562048291930454,3.437746693945311,-4.224025478035897,-25.576046328273776,4.071822823231802,-70.79162542619139,-2.7797659697808337,-10.427660904915868,3.437746693945311,4.255937402498666,-25.502217105987818,-4.231569421974176,"[[0.9108638249211759, -0.0, -0.4127070298043947, 0.3], [0.0, 1.0, -0.0, 0.22], [0.4127070298043947, 0.0, 0.9108638249211759, -0.4510416666666667], [0.0, 0.0, 0.0, 1.0]]","[[-0.06987717663252485, 0.14021902954325177, -0.9876516612347777, 0.6265522256660144], [0.004886435860200725, 0.9901080247837044, 0.14022204535484417, 0.1698725572590647], [0.9975436345997359, 0.004972224136189932, -0.06987112462733408, -0.17875273456809498], [0.0, 0.0, 0.0, 1.0]]","[[0.9108638249211759, -0.0, -0.4127070298043947, 0.3], [0.0, 1.0, -0.0, -0.22], [0.4127070298043947, 0.0, 0.9108638249211759, -0.4510416666666667], [0.0, 0.0, 0.0, 1.0]]","[[-0.06681425522351292, -0.14304901736077716, -0.98745776311245, 0.6262501330647765], [-0.0060147559039353815, 0.9897090102163204, -0.14296817061167055, -0.168758148671929], [0.9977473016803119, -0.00361299442951947, -0.0669870753273265, -0.17976810278923946], [0.0, 0.0, 0.0, 1.0]]"
0.55,-71.17733303881118,3.0488995421848424,10.630476542130227,3.437746693945311,-4.194634747150509,-26.108995743926116,3.949271300275202,-71.25654957280499,-3.022681647612337,-10.57710032131387,3.437746693945311,4.2141020669455145,-26.201259646781942,-3.994390249271837,"[[0.9081431738250813, -0.0, -0.41865973753742813, 0.3], [0.0, 0.9999999999999999, -0.0, 0.22], [0.41865973753742813, 0.0, 0.9081431738250813, -0.44875], [0.0, 0.0, 0.0, 1.0]]","[[-0.1021927918644292, 0.13735978167296797, -0.9852354661042749, 0.6287215842341383], [0.005243177818805386, 0.9904813213762074, 0.13754730492162429, 0.1711100211706735], [0.9947507941074055, 0.008890578361190421, -0.10194025328146727, -0.16863218873546854], [0.0, 0.0, 0.0, 1.0]]","[[0.9081431738250813, -0.0, -0.41865973753742813, 0.3], [0.0, 0.9999999999999999, -0.0, -0.22], [0.41865973753742813, 0.0, 0.9081431738250813, -0.44875], [0.0, 0.0, 0.0, 1.0]]","[[-0.0883834135015229, -0.14034333713783256, -0.9861501508080985, 0.627798932022676], [-0.005795849002982939, 0.9900802822353434, -0.1403832000743586, -0.16987589147621285], [0.9960696664150321, -0.006691969052486452, -0.08832008377513634, -0.17289163181699888], [0.0, 0.0, 0.0, 1.0]]"
0.5583333333333333,-71.95875449118482,3.4687937457044273,10.86534284202487,3.437746693945311,-4.12327762645727,-27.32121942536727,3.5653282243388027,-71.66399767755293,-3.268291621627999,-10.739029592382886,3.437746693945311,4.167516761711442,-26.833957145073146,-3.7498827104768973,"[[0.9053836208979552, -0.0, -0.4245945112807131, 0.3], [0.0, 0.9999999999999999, -0.0, 0.22], [0.4245945112807131, 0.0, 0.9053836208979552, -0.4464583333333333], [0.0, 0.0, 0.0, 1.0]]","[[-0.12257444384671395, 0.13386042022235842, -0.9833905092147079, 0.6300641487367715], [0.004546859880918269, 0.9909276261429703, 0.13431964045470574, 0.17250677274520068], [0.9924489063830402, 0.011992816372801987, -0.12207104724117096, -0.16211601735540268], [0.0, 0.0, 0.0, 1.0]]","[[0.9053836208979552, -0.0, -0.4245945112807131, 0.3], [0.0, 0.9999999999999999, -0.0, -0.22], [0.4245945112807131, 0.0, 0.9053836208979552, -0.4464583333333333], [0.0, 0.0, 0.0, 1.0]]","[[-0.1078573067407404, -0.13695981989141015, -0.9846871630715751, 0.6291255354031081], [-0.005181667435722195, 0.9905291470018864, -0.13720480772298524, -0.17124567354238496], [0.9941528814549702, -0.009696219625620672, -0.10754548628255994, -0.16671425368814793], [0.0, 0.0, 0.0, 1.0]]"
0.5666666666666667,-72.04131098768278,3.5589430646818982,10.959297216700273,3.437746693945311,-4.1058294813356495,-27.434300037266002,3.4412926293416057,-72.06050381925051,-3.524587640043557,-10.910960821717739,3.437746693945311,4.11943180306773,-27.452622019714564,-3.4926658971838567,"[[0.9025852843498605, -0.0, -0.4305110968082951, 0.3], [0.0, 1.0, -0.0, 0.22], [0.4305110968082951, 0.0, 0.9025852843498605, -0.4441666666666666], [0.0, 0.0, 0.0, 1.0]]","[[-0.12661700517715885, 0.13188267585650418, -0.9831455099876601, 0.6303720834795832], [0.0037280840315398744, 0.9911786489867707, 0.13248013882169124, 0.17326334367312868], [0.991944673552624, 0.013108989346591667, -0.1259917418281446, -0.1607521693562904], [0.0, 0.0, 0.0, 1.0]]","[[0.9025852843498605, -0.0, -0.4305110968082951, 0.3], [0.0, 1.0, -0.0, -0.22], [0.4305110968082951, 0.0, 0.9025852843498605, -0.4441666666666666], [0.0, 0.0, 0.0, 1.0]]","[[-0.1269452223309277, -0.13309721180291664, -0.9829394908831575, 0.6303680846791732], [-0.004283864139473403, 0.9910209224776656, -0.1336382419801723, -0.17278582719054855], [0.9919004783925582, -0.012753957103820664, -0.1263755417112346, -0.16063429599917173], [0.0, 0.0, 0.0, 1.0]]"
0.575,-72.43375316682419,3.8269754825256546,11.141029767494095,3.437746693945311,-4.057529371733081,-28.04984180790943,3.1695426675986584,-72.37519795506968,-3.6969551477116456,-10.9932517946117,3.437746693945311,4.089542041486108,-27.959191537245022,-3.35186517598204,"[[0.8997482840522215, -0.0, -0.43640924067334197, 0.3], [0.0, 1.0, -0.0, 0.22], [0.43640924067334197, 0.0, 0.8997482840522215, -0.441875], [0.0, 0.0, 0.0, 1.0]]","[[-0.16023633485646632, 0.12517248097066375, -0.9791098850483613, 0.6323586377159869], [0.002120084272789882, 0.9919682471032332, 0.12646937171353062, 0.1759102157512627], [0.9870764014170548, 0.018189193126352074, -0.15921473241810763, -0.15006834911622854], [0.0, 0.0, 0.0, 1.0]]","[[0.8997482840522215, -0.0, -0.43640924067334197, 0.3], [0.0, 1.0, -0.0, -0.22], [0.43640924067334197, 0.0, 0.8997482840522215, -0.441875], [0.0, 0.0, 0.0, 1.0]]","[[-0.1420230900612004, -0.1309866680568552, -0.9811584656317406, 0.6312563077908455], [-0.004058260120620993, 0.9912746987270603, -0.1317497711131567, -0.1736424133539668], [0.989855025957974, -0.014729713335263399, -0.14131547378401066, -0.15588409719385538], [0.0, 0.0, 0.0, 1.0]]"
0.5833333333333334,-72.80177058949366,4.102947141505904,11.334456455920625,3.437746693945311,-4.007547328047397,-28.63994112389456,2.885008939606975,-72.79237907938489,-3.97723622917135,-11.180865138280902,3.437746693945311,4.043891191507858,-28.60916941413636,-3.0644713062754136,"[[0.8968727415326883, -0.0, -0.4422886902190013, 0.3], [0.0, 1.0, -0.0, 0.22], [0.4422886902190013, 0.0, 0.8968727415326883, -0.4395833333333333], [0.0, 0.0, 0.0, 1.0]]","[[-0.16377372214564306, 0.12272195598911512, -0.9788347610566187, 0.6326110581460179], [0.0010164104093121282, 0.9922524100409018, 0.1242341405488136, 0.17684217125606327], [0.986497407419017, 0.019351389775109668, -0.16262960637390173, -0.14887042471659853], [0.0, 0.0, 0.0, 1.0]]","[[0.8968727415326883, -0.0, -0.4422886902190013, 0.3], [0.0, 1.0, -0.0, -0.22], [0.4422886902190013, 0.0, 0.8968727415326883, -0.4395833333333333], [0.0, 0.0, 0.0, 1.0]]","[[-0.16205717806602404, -0.12648442370355556, -0.9786414877766303, 0.6324388997674253], [-0.0027543372630849175, 0.9918051958611316, -0.12772966409218958, -0.17539246500750283], [0.9867775254146793, -0.018004000201117372, -0.16107753199388197, -0.1494447478446823], [0.0, 0.0, 0.0, 1.0]]"
0.5916666666666667,-73.17206246515673,4.393167855755269,11.538326503588104,3.437746693945311,-3.9574897253940198,-29.232810081588127,2.5839124297648333,-73.18338008861143,-4.268048608557568,-11.38176063856484,3.437746693945311,3.9953520252843395,-29.226546798119227,-2.7633572940735243,"[[0.8939587799699321, -0.0, -0.4481491935892225, 0.3], [0.0, 0.9999999999999999, -0.0, 0.22], [0.4481491935892225, 0.0, 0.8939587799699321, -0.43729166666666663], [0.0, 0.0, 0.0, 1.0]]","[[-0.18204728142436066, 0.11740640672223554, -0.9762553574688196, 0.6336262452627924], [-0.0008108615689905938, 0.9928277726218807, 0.1195506437213581, 0.1788860950884397], [0.983289443566601, 0.022555477632898197, -0.1806463965852524, -0.14298567741316962], [0.0, 0.0, 0.0, 1.0]]","[[0.8939587799699321, -0.0, -0.4481491935892225, 0.3], [0.0, 0.9999999999999999, -0.0, -0.22], [0.4481491935892225, 0.0, 0.8939587799699321, -0.43729166666666663], [0.0, 0.0, 0.0, 1.0]]","[[-0.18110981335660914, -0.12135396942304852, -0.975946950203342, 0.6335040864243828], [-0.0010625108623193921, 0.9923812538907355, -0.12320031654553255, -0.17736708578912283], [0.983462305620608, -0.021275832099398026, -0.17985892358144628, -0.14329839296041239], [0.0, 0.0, 0.0, 1.0]]"
0.6,-73.47629275116743,4.583911987385277,11.636265439870563,3.437746693945311,-3.929511563006355,-29.727517268077566,2.4188265440822136,-73.55673871921184,-4.5703890666022975,-11.595389319008977,3.437746693945311,3.945287165554969,-29.82435910522459,-2.4467124989160833,"[[0.8910065241883678, -0.0, -0.45399049973954675, 0.3], [0.0, 1.0, -0.0, 0.22], [0.45399049973954675, 0.0, 0.8910065241883678, -0.43499999999999994], [0.0, 0.0, 0.0, 1.0]]","[[-0.21204660562875777, 0.11146765569596778, -0.9708816605410607, 0.6350650891997162], [-0.002448181213967289, 0.9934099870388577, 0.11458884788756801, 0.18115260962225713], [0.9772564880572888, 0.026675070479790834, -0.21037632272865814, -0.1333776834104809], [0.0, 0.0, 0.0, 1.0]]","[[0.8910065241883678, -0.0, -0.45399049973954675, 0.3], [0.0, 1.0, -0.0, -0.22], [0.45399049973954675, 0.0, 0.8910065241883678, -0.43499999999999994], [0.0, 0.0, 0.0, 1.0]]","[[-0.19954226560239174, -0.11564587972549671, -0.9730410652900426, 0.6344748442600172], [0.0010046295080963774, 0.9929866302977337, -0.11822242921503523, -0.17954466339801592], [0.9798887053935342, -0.02456791713736642, -0.19802662065923227, -0.13733078527700465], [0.0, 0.0, 0.0, 1.0]]"
0.6083333333333333,-73.87070202478982,4.903088007960442,11.857878611454444,3.437746693945311,-3.8828152671982705,-30.357872011483458,2.0819219137426344,-73.90686104625587,-4.882733190460158,-11.822611783448728,3.437746693945311,3.8937555227013383,-30.398812165368515,-2.1144237957949628,"[[0.8880161006528073, -0.0, -0.45981235844785984, 0.3], [0.0, 1.0, -0.0, 0.22], [0.45981235844785984, 0.0, 0.8880161006528073, -0.4327083333333333], [0.0, 0.0, 0.0, 1.0]]","[[-0.21607286222973016, 0.10840405858335825, -0.9703407021714117, 0.6353057211010705], [-0.003941473795103949, 0.9937124697348441, 0.11189277133845459, 0.18230046414349457], [0.976369286178224, 0.028001563815847993, -0.21428702581279274, -0.13199585849996184], [0.0, 0.0, 0.0, 1.0]]","[[0.8880161006528073, -0.0, -0.45981235844785984, 0.3], [0.0, 1.0, -0.0, -0.22], [0.45981235844785984, 0.0, 0.8880161006528073, -0.4327083333333333], [0.0, 0.0, 0.0, 1.0]]","[[-0.21381945239231964, -0.11249269378506976, -0.9703744821581137, 0.6351336721150465], [0.001930071978221308, 0.9932968459347153, -0.1155753030638707, -0.1807463963219893], [0.9768712896798675, -0.02658514060758759, -0.21216906866474977, -0.13276710641347528], [0.0, 0.0, 0.0, 1.0]]"
0.6166666666666667,-74.24154714577566,5.235236692203578,12.095078274724292,3.437746693945311,-3.8335772872452947,-30.959225771673477,1.727800617661274,-74.20574329414646,-5.086347532920585,-11.931840168655572,3.437746693945311,3.8667199264191354,-30.887563426901703,-1.931888484330253,"[[0.8849876374630419, -0.0, -0.4656145203251114, 0.3], [0.0, 1.0, -0.0, 0.22], [0.4656145203251114, 0.0, 0.8849876374630419, -0.4304166666666666], [0.0, 0.0, 0.0, 1.0]]","[[-0.2345285607533964, 0.10162287159395389, -0.9667828847057334, 0.6361565670137443], [-0.006747590428554204, 0.9943266998224929, 0.10615500008722355, 0.18483880800004765], [0.9720858111372417, 0.03141983432656363, -0.2325123003123541, -0.12594787585230827], [0.0, 0.0, 0.0, 1.0]]","[[0.8849876374630419, -0.0, -0.4656145203251114, 0.3], [0.0, 1.0, -0.0, -0.22], [0.4656145203251114, 0.0, 0.8849876374630419, -0.4304166666666666], [0.0, 0.0, 0.0, 1.0]]","[[-0.23163675254869848, -0.10591552691745904, -0.9670192945471614, 0.635967557869381], [0.004590607424824263, 0.9939251808357925, -0.10996208994016095, -0.18321889865321977], [0.9727915199014452, -0.02991046737070331, -0.22974338456090942, -0.1269488722925488], [0.0, 0.0, 0.0, 1.0]]"
0.625,-74.59522117118809,5.581423976512027,12.347455472103556,3.437746693945311,-3.7830479746523635,-31.542394153198334,1.3545578868333454,-74.55557192305616,-5.423244052410525,-12.177733808965202,3.437746693945311,3.816365210536863,-31.462982958813182,-1.5695114105330514,"[[0.8819212643483549, -0.0, -0.4713967368259976, 0.3], [0.0, 1.0, -0.0, 0.22], [0.4713967368259976, 0.0, 0.8819212643483549, -0.428125], [0.0, 0.0, 0.0, 1.0]]","[[-0.2523760668808308, 0.09418319383110844, -0.9630347069890755, 0.6369174035088302], [-0.010001009102448652, 0.9949447253645036, 0.09992483818493471, 0.18760569750848352], [0.9675775424650446, 0.03484995651538898, -0.25015830957251906, -0.12006571998712717], [0.0, 0.0, 0.0, 1.0]]","[[0.8819212643483549, -0.0, -0.4713967368259976, 0.3], [0.0, 1.0, -0.0, -0.22], [0.4713967368259976, 0.0, 0.8819212643483549, -0.428125], [0.0, 0.0, 0.0, 1.0]]","[[-0.2492711825700104, -0.09874848840717523, -0.9633860148338498, 0.6367335847351296], [0.007657104548939003, 0.9945556963396069, -0.10392466323431643, -0.18589208326072734], [0.968403452229532, -0.033282171139176635, -0.24715794705853072, -0.1211516438146174], [0.0, 0.0, 0.0, 1.0]]"
0.6333333333333333,-74.93748195049743,5.9434688256391315,12.615124609260832,3.437746693945311,-3.7319803577754707,-32.11523187360355,0.9602352712360537,-74.94151176210774,-5.789452755610398,-12.436971077592096,3.437746693945311,3.76976752558492,-32.089618664216005,-1.1740224334132743,"[[0.8788171126619655, -0.0, -0.4771587602596084, 0.3], [0.0, 1.0, -0.0, 0.22], [0.4771587602596084, 0.0, 0.8788171126619655, -0.4258333333333333], [0.0, 0.0, 0.0, 1.0]]","[[-0.26983871384705543, 0.08607958608656113, -0.9590502454869262, 0.6375990130194247], [-0.013716631076637613, 0.9955515074456236, 0.09321507418145422, 0.1906001171494958], [0.9628078326131723, 0.03830797412958437, -0.2674576164120454, -0.1142700750208812], [0.0, 0.0, 0.0, 1.0]]","[[0.8788171126619655, -0.0, -0.4771587602596084, 0.3], [0.0, 1.0, -0.0, -0.22], [0.4771587602596084, 0.0, 0.8788171126619655, -0.4258333333333333], [0.0, 0.0, 0.0, 1.0]]","[[-0.2684008796562889, -0.09093319801424138, -0.9590057983654914, 0.6374926120351238], [0.011189603247450476, 0.9951731800421846, -0.09749427933930542, -0.18877434683273844], [0.9632423166466968, -0.036898444731839855, -0.2660878505258675, -0.11479044960309676], [0.0, 0.0, 0.0, 1.0]]"
0.6416666666666666,-75.52916074772813,6.410019411048839,12.878956887651853,3.437746693945311,-3.6873826375898724,-33.09555526479714,0.5160475789426144,-75.2815117488018,-6.165361181205335,-12.716945654312797,3.437746693945311,3.7193116375255664,-32.665342139545544,-0.7601818585715835,"[[0.8756753153753998, -0.0, -0.4829003438000374, 0.3], [0.0, 1.0, -0.0, 0.22], [0.4829003438000374, 0.0, 0.8756753153753998, -0.4235416666666666], [0.0, 0.0, 0.0, 1.0]]","[[-0.2984492184003989, 0.07694178258513154, -0.9513190979523188, 0.638497491178279], [-0.017656037035732902, 0.9961295988297891, 0.08610509097258184, 0.19390449771534476], [0.9542621905914453, 0.042494522327308444, -0.2959356132333351, -0.10481391301846832], [0.0, 0.0, 0.0, 1.0]]","[[0.8756753153753998, -0.0, -0.4829003438000374, 0.3], [0.0, 1.0, -0.0, -0.22], [0.4829003438000374, 0.0, 0.8756753153753998, -0.4235416666666666], [0.0, 0.0, 0.0, 1.0]]","[[-0.28586279352078636, -0.08232232292555602, -0.9547279709051333, 0.6381170289676685], [0.015258790544773339, 0.9957857921739598, -0.09043132983424632, -0.19193938707141728], [0.9581490659556076, -0.04041894670349516, -0.2834019692164772, -0.10897012474878037], [0.0, 0.0, 0.0, 1.0]]"
0.65,-75.58507950646302,6.571502158500865,13.037027101839811,3.437746693945311,-3.661179470612765,-33.199961536449955,0.3031345208965969,-75.6137116594637,-6.560762539804666,-13.013971798296433,3.437746693945311,3.668472831985869,-33.23346361432887,-0.3219328823593381,"[[0.8724960070727971, -0.0, -0.4886212414969549, 0.3], [0.0, 0.9999999999999999, -0.0, 0.22], [0.4886212414969549, 0.0, 0.8724960070727971, -0.42124999999999996], [0.0, 0.0, 0.0, 1.0]]","[[-0.30449193739076624, 0.06764367377113381, -0.950109990192063, 0.6387473536900948], [-0.02273305463626423, 0.9966749829204753, 0.07824440329745547, 0.19734569691726192], [0.9522435971383175, 0.04542369226752331, -0.3019417491667274, -0.10262862322515454], [0.0, 0.0, 0.0, 1.0]]","[[0.8724960070727971, -0.0, -0.4886212414969549, 0.3], [0.0, 0.9999999999999999, -0.0, -0.22], [0.4886212414969549, 0.0, 0.8724960070727971, -0.42124999999999996], [0.0, 0.0, 0.0, 1.0]]","[[-0.3030331677527219, -0.0729606736084159, -0.9501829504618347, 0.6386670570964802], [0.019856588381230795, 0.9963650610181161, -0.08283948985975834, -0.19535995710291915], [0.9527731183968247, -0.0439705047614061, -0.3004829106145939, -0.1031830778915574], [0.0, 0.0, 0.0, 1.0]]"
0.6583333333333333,-75.9076966617194,7.142587935383971,13.52392396701334,3.437746693945311,-3.577541883235255,-33.79704642840871,-0.3738381579049095,-75.93417047494236,-6.975447656865058,-13.329335292654262,3.437746693945311,3.617424425016017,-33.79211844692255,0.142055101451145,"[[0.8692793239451436, -0.0, -0.4943212082861446, 0.3], [0.0, 0.9999999999999999, -0.0, 0.22], [0.4943212082861446, 0.0, 0.8692793239451436, -0.4189583333333333], [0.0, 0.0, 0.0, 1.0]]","[[-0.3204689444079945, 0.05730768257821309, -0.9455239210022877, 0.6391781490861544], [-0.028025604836278833, 0.9971577233916784, 0.06993597181626648, 0.20110326436340345], [0.9468443489526599, 0.048911186837365214, -0.31795200055759026, -0.09718183295100255], [0.0, 0.0, 0.0, 1.0]]","[[0.8692793239451436, -0.0, -0.4943212082861446, 0.3], [0.0, 0.9999999999999999, -0.0, -0.22], [0.4943212082861446, 0.0, 0.8692793239451436, -0.4189583333333333], [0.0, 0.0, 0.0, 1.0]]","[[-0.3197982948556472, -0.06281774926569475, -0.9454009630757801, 0.6391345040149761], [0.025016756406677866, 0.9968920972283053, -0.07470146171688856, -0.19904657387352628], [0.9471553264941867, -0.047540265680190825, -0.31723289651728653, -0.09747545527295916], [0.0, 0.0, 0.0, 1.0]]"
0.6666666666666666,-76.20812253236241,7.580209681450913,13.863030906473426,3.437746693945311,-3.5260510080732326,-34.33894339187377,-0.8692016562044775,-76.24432936515265,-7.411051508919084,-13.66402992991052,3.437746693945311,3.5665316182931943,-34.34402846771084,0.6339026531537432,"[[0.8660254037844387, -0.0, -0.49999999999999994, 0.3], [0.0, 1.0, -0.0, 0.22], [0.49999999999999994, 0.0, 0.8660254037844387, -0.41666666666666663], [0.0, 0.0, 0.0, 1.0]]","[[-0.33651893625555457, 0.04617906411610649, -0.9405437255007291, 0.6395385960325457], [-0.033912215026734055, 0.9975546699344613, 0.06111171871195112, 0.2051257637658018], [0.9410658676274529, 0.052461171634920714, -0.33413000203106696, -0.09164115829022819], [0.0, 0.0, 0.0, 1.0]]","[[0.8660254037844387, -0.0, -0.49999999999999994, 0.3], [0.0, 1.0, -0.0, -0.22], [0.49999999999999994, 0.0, 0.8660254037844387, -0.41666666666666663], [0.0, 0.0, 0.0, 1.0]]","[[-0.3362130687923077, -0.051853159495074984, -0.940357390689113, 0.6395186766782641], [0.030776198510759016, 0.9973449401658059, -0.06599921159295209, -0.20301175777365635], [0.9412829531965854, -0.0511304231944468, -0.33372455984759575, -0.0918227223429248], [0.0, 0.0, 0.0, 1.0]]"
0.675,-76.49118606213524,8.037609520920094,14.223710998426997,3.437746693945311,-3.4745400692305237,-34.86919829789854,-1.393552504022006,-76.53269995191059,-7.86538715477187,-14.020862917814082,3.437746693945311,3.5150435178955224,-34.878381487237625,1.1539177715913418,"[[0.8627343859777918, -0.0, -0.5056573733779846, 0.3], [0.0, 1.0, -0.0, 0.22], [0.5056573733779846, 0.0, 0.8627343859777918, -0.41437499999999994], [0.0, 0.0, 0.0, 1.0]]","[[-0.35199585404997186, 0.03420187943568778, -0.9353764751022433, 0.6398053304076919], [-0.04042431482433001, 0.9978442585080887, 0.05169826431734463, 0.20943751423520668], [0.9351282230275237, 0.05600952781009008, -0.3498544544405235, -0.08624200000542465], [0.0, 0.0, 0.0, 1.0]]","[[0.8627343859777918, -0.0, -0.5056573733779846, 0.3], [0.0, 1.0, -0.0, -0.22], [0.5056573733779846, 0.0, 0.8627343859777918, -0.41437499999999994], [0.0, 0.0, 0.0, 1.0]]","[[-0.35188741694026404, -0.04003162222841217, -0.9351859253757355, 0.6398053902945798], [0.03716183942148367, 0.997699936820906, -0.0566906849347623, -0.20727066876682737], [0.9353043587463499, -0.05470196787431253, -0.3495904049323394, -0.08637170624694857], [0.0, 0.0, 0.0, 1.0]]"
0.6833333333333333,-77.04686976243998,8.61597542568479,14.58121761373745,3.437746693945311,-3.4458265942900246,-35.82531891376819,-1.989534213708103,-76.82153499153209,-8.34698379314947,-14.398305147764509,3.437746693945311,3.46501665109341,-35.418707507193574,1.7075687435660498,"[[0.8594064115014526, -0.0, -0.511293086077052, 0.3], [0.0, 1.0, -0.0, 0.22], [0.511293086077052, 0.0, 0.8594064115014526, -0.4120833333333333], [0.0, 0.0, 0.0, 1.0]]","[[-0.3788822354266606, 0.020645658294806194, -0.9252145742862414, 0.6401066921983536], [-0.04776880722035255, 0.9979821138254124, 0.0418311073401946, 0.21416242807845173], [0.9242112273365011, 0.060045460095965536, -0.37713147573097433, -0.07688048724339541], [0.0, 0.0, 0.0, 1.0]]","[[0.8594064115014526, -0.0, -0.511293086077052, 0.3], [0.0, 1.0, -0.0, -0.22], [0.511293086077052, 0.0, 0.8594064115014526, -0.4120833333333333], [0.0, 0.0, 0.0, 1.0]]","[[-0.36756625733326476, -0.0272822179275247, -0.9295970778003615, 0.6400125056027767], [0.0442403796569679, 0.997925040974625, -0.04678035275198799, -0.21183987449078512], [0.9289444737323236, -0.05832060682767403, -0.36559659673119005, -0.08082111983962134], [0.0, 0.0, 0.0, 1.0]]"
0.6916666666666667,-77.0746071606594,9.049652310619225,15.012487710763104,3.437746693945311,-3.3779180787974075,-35.9758494528861,-2.5604268243037445,-77.10002912475018,-8.854763107936666,-14.799604374712146,3.437746693945311,3.415795533169948,-35.95490467779626,2.296250902020107,"[[0.8560416229147716, -0.0, -0.5169068966820275, 0.3], [0.0, 1.0, -0.0, 0.22], [0.5169068966820275, 0.0, 0.8560416229147716, -0.40979166666666667], [0.0, 0.0, 0.0, 1.0]]","[[-0.3836683025130493, 0.007126258200614327, -0.9234434742261238, 0.6400913668570213], [-0.05580317013760337, 0.9979639517962172, 0.030886196235073878, 0.21910755342973917], [0.9217834018083365, 0.06338112778529566, -0.38248946755605584, -0.07488098664128706], [0.0, 0.0, 0.0, 1.0]]","[[0.8560416229147716, -0.0, -0.5169068966820275, 0.3], [0.0, 1.0, -0.0, -0.22], [0.5169068966820275, 0.0, 0.8560416229147716, -0.40979166666666667], [0.0, 0.0, 0.0, 1.0]]","[[-0.38287525932240707, -0.01354186064408875, -0.9237007923614097, 0.640122892117084], [0.05205994986794491, 0.9979872784981042, -0.03620985467652284, -0.2167444362445314], [0.9223319887212776, -0.06195167444261632, -0.3813996494691748, -0.07530587221291332], [0.0, 0.0, 0.0, 1.0]]"
0.7,-77.32333532947459,9.58607402369087,15.448598704363002,3.437746693945311,-3.327600288625335,-36.487543319841365,-3.191297460435384,-77.3666523891908,-9.390524853979759,-15.22689759409356,3.437746693945311,3.3674828304060975,-36.48642316881748,2.922733355053425,"[[0.8526401643540922, -0.0, -0.5224985647159489, 0.3], [0.0, 1.0, -0.0, 0.22], [0.5224985647159489, 0.0, 0.8526401643540922, -0.4075], [0.0, 0.0, 0.0, 1.0]]","[[-0.3978604083948674, -0.007872940981393246, -0.91741218229985, 0.6400645179465514], [-0.06454235054186275, 0.997725826074086, 0.01942835482778832, 0.2244434813765387], [0.9151728691446228, 0.06694171184759645, -0.3974637427445587, -0.06962990493305025], [0.0, 0.0, 0.0, 1.0]]","[[0.8526401643540922, -0.0, -0.5224985647159489, 0.3], [0.0, 1.0, -0.0, -0.22], [0.5224985647159489, 0.0, 0.8526401643540922, -0.4075], [0.0, 0.0, 0.0, 1.0]]","[[-0.3977511763211144, 0.0012591544101943873, -0.91749246114905, 0.6401283624566498], [0.060676510111295184, 0.9978459825580457, -0.024935039873290432, -0.2220088257842037], [0.9154847693194483, -0.0655881820371626, -0.3969708144450626, -0.06983753878888765], [0.0, 0.0, 0.0, 1.0]]"
0.7083333333333334,-77.55546613860663,10.150753083132503,15.9130447377347,3.437746693945311,-3.2784639077362634,-36.993841337352315,-3.8624920393228974,-77.60815421786411,-9.951857974501733,-15.684494655275026,3.437746693945311,3.318987420081949,-37.00087643219742,3.587894955913113,"[[0.8492021815265788, -0.0, -0.528067850650368, 0.3], [0.0, 0.9999999999999999, -0.0, 0.22], [0.528067850650368, 0.0, 0.8492021815265788, -0.4052083333333333], [0.0, 0.0, 0.0, 1.0]]","[[-0.411491869910295, -0.02397027990618866, -0.9110981652264193, 0.6399216082408338], [-0.07411927227513385, 0.9972231070579185, 0.007239352675184614, 0.23015592138916424], [0.9083946138518949, 0.07050886774704368, -0.4121258607438952, -0.06447516562235667], [0.0, 0.0, 0.0, 1.0]]","[[0.8492021815265788, -0.0, -0.528067850650368, 0.3], [0.0, 0.9999999999999999, -0.0, -0.22], [0.528067850650368, 0.0, 0.8492021815265788, -0.4052083333333333], [0.0, 0.0, 0.0, 1.0]]","[[-0.4117433824441526, 0.01715937294861249, -0.9111382677362742, 0.6400147636578782], [0.07011012508307655, 0.9974558724980653, -0.01289778197825851, -0.22765143208104863], [0.9085988979600864, -0.06919059429672328, -0.41189890056491124, -0.06458354855713183], [0.0, 0.0, 0.0, 1.0]]"
0.7166666666666667,-77.78744668357695,10.752800961296924,16.405737018418986,3.437746693945311,-3.232235906773148,-37.511241827359115,-4.580449081476081,-77.84624095195242,-10.549167408929456,-16.170853643051416,3.437746693945311,3.272857389644741,-37.521678356410895,4.298787874917211,"[[0.8457278217039732, -0.0, -0.5336145159156115, 0.3], [0.0, 1.0, -0.0, 0.22], [0.5336145159156115, 0.0, 0.8457278217039732, -0.4029166666666666], [0.0, 0.0, 0.0, 1.0]]","[[-0.4250544669809206, -0.04130957544489476, -0.9042246507788475, 0.6396589767797646], [-0.08465602487915526, 0.9963937853771052, -0.005725549191417871, 0.2362878911639856], [0.901200342627113, 0.07411439427294841, -0.4270187337931774, -0.05918786140537761], [0.0, 0.0, 0.0, 1.0]]","[[0.8457278217039732, -0.0, -0.5336145159156115, 0.3], [0.0, 1.0, -0.0, -0.22], [0.5336145159156115, 0.0, 0.8457278217039732, -0.4029166666666666], [0.0, 0.0, 0.0, 1.0]]","[[-0.42554668534983364, 0.034291245130516165, -0.9042865304178586, 0.6397827041032061], [0.08048703443333793, 0.9967556526671054, -7.85130525793945e-05, -0.2337104894466034], [0.9013500185143929, -0.07281675208062774, -0.4269260647237786, -0.05924390617384241], [0.0, 0.0, 0.0, 1.0]]"
0.725,-78.00497454826352,11.390722700529544,16.932242150589417,3.437746693945311,-3.1877525922561474,-38.02612539265677,-5.347402058753526,-78.06878900567894,-11.181563525123536,-16.69084277475366,3.437746693945311,3.2282596694591428,-38.03802016709635,5.057858813892461,"[[0.8422172337162865, -0.0, -0.5391383229110003, 0.3], [0.0, 1.0, -0.0, 0.22], [0.5391383229110003, 0.0, 0.8422172337162865, -0.400625], [0.0, 0.0, 0.0, 1.0]]","[[-0.4380429253848137, -0.059963340129990786, -0.8969519459596317, 0.6392560978817277], [-0.09619425039507869, 0.9951705454318833, -0.01955125816250828, 0.24287119867624035], [0.8937925160300034, 0.07771732976153503, -0.44169554553277224, -0.05394536577681692], [0.0, 0.0, 0.0, 1.0]]","[[0.8422172337162865, -0.0, -0.5391383229110003, 0.3], [0.0, 1.0, -0.0, -0.22], [0.5391383229110003, 0.0, 0.8422172337162865, -0.400625], [0.0, 0.0, 0.0, 1.0]]","[[-0.4387392903257003, 0.052726527546754526, -0.8970661895408625, 0.639413325957664], [0.09185480951090738, 0.9956795594768959, 0.013598117870125596, -0.2402166592066337], [0.8939074499601265, -0.07643381537484731, -0.44168692846067786, -0.05396659269643995], [0.0, 0.0, 0.0, 1.0]]"
0.7333333333333333,-78.20468244940551,12.06694728685395,17.496325276025967,3.437746693945311,-3.1450239960256052,-38.53666154254772,-6.167480674282155,-78.22252973370676,-12.146454957661128,-17.556167978439035,3.437746693945311,3.1407698553897454,-38.58543592341078,6.263752190633484,"[[0.838670567945424, -0.0, -0.5446390350150271, 0.3], [0.0, 1.0, -0.0, 0.22], [0.5446390350150271, 0.0, 0.838670567945424, -0.3983333333333333], [0.0, 0.0, 0.0, 1.0]]","[[-0.46103394814042714, -0.09103860377680459, -0.8827002159761942, 0.6382995144271514], [-0.11580619324373562, 0.9923891187820348, -0.041866006848166326, 0.25369287407560975], [0.8797935122904944, 0.08292050135754203, -0.46806790766529743, -0.04448688292213219], [0.0, 0.0, 0.0, 1.0]]","[[0.838670567945424, -0.0, -0.5446390350150271, 0.3], [0.0, 1.0, -0.0, -0.22], [0.5446390350150271, 0.0, 0.838670567945424, -0.3983333333333333], [0.0, 0.0, 0.0, 1.0]]","[[-0.45146103293220763, 0.0823730388277785, -0.8884805108825188, 0.6386258962840723], [0.11040499292991335, 0.993235015489261, 0.03598529619432689, -0.25078567110903255], [0.8854341721889495, -0.08184672553208802, -0.4575013008066152, -0.048247461820379124], [0.0, 0.0, 0.0, 1.0]]"
0.7416666666666667,-78.38370170755155,12.78440572519772,18.101994008224143,3.437746693945311,-3.1041999553564392,-39.04197942791277,-7.045381963776819,-78.37702861273245,-12.85751777762083,-18.173425834111427,3.437746693945311,3.095464356851404,-39.05961156125516,7.141232142833723,"[[0.8350879763187431, -0.0, -0.5501164165954935, 0.3], [0.0, 1.0, -0.0, 0.22], [0.5501164165954935, 0.0, 0.8350879763187431, -0.3960416666666666], [0.0, 0.0, 0.0, 1.0]]","[[-0.47158924211668657, -0.11337682509746501, -0.8744994466840036, 0.637456311696014], [-0.13014642035420962, 0.9897886860991585, -0.058140056235672644, 0.26155209705841687], [0.8721613933147895, 0.08639474753085766, -0.4815292842707333, -0.03962013276431657], [0.0, 0.0, 0.0, 1.0]]","[[0.8350879763187431, -0.0, -0.5501164165954935, 0.3], [0.0, 1.0, -0.0, -0.22], [0.5501164165954935, 0.0, 0.8350879763187431, -0.3960416666666666], [0.0, 0.0, 0.0, 1.0]]","[[-0.46196817564877174, 0.10398045404349669, -0.8807800348921708, 0.6378812218980879], [0.12408874809209393, 0.9909130146193619, 0.051897784682054915, -0.2584034708807081], [0.8781727548066396, -0.08531976696449861, -0.4706730819586363, -0.04350076953243852], [0.0, 0.0, 0.0, 1.0]]"
0.75,-78.52736107636443,13.540811609736197,18.75645931940018,3.437746693945311,-3.0638196635399124,-39.529634444084174,-7.983587847227172,-78.5095342826307,-13.612675445088486,-18.834367872167928,3.437746693945311,3.0532734245745896,-39.53447021801654,8.081300533493375,"[[0.8314696123025452, -0.0, -0.5555702330196022, 0.3], [0.0, 0.9999999999999999, -0.0, 0.22], [0.5555702330196022, 0.0, 0.8314696123025452, -0.39374999999999993], [0.0, 0.0, 0.0, 1.0]]","[[-0.4813972892228181, -0.13741564836251255, -0.8656636699746807, 0.6364034686007992], [-0.145795183723796, 0.9864289936963525, -0.0755089716401045, 0.27000835432461145], [0.8642918571477272, 0.08985977954742513, -0.4948987832757533, -0.03474833482649142], [0.0, 0.0, 0.0, 1.0]]","[[0.8314696123025452, -0.0, -0.5555702330196022, 0.3], [0.0, 0.9999999999999999, -0.0, -0.22], [0.5555702330196022, 0.0, 0.8314696123025452, -0.39374999999999993], [0.0, 0.0, 0.0, 1.0]]","[[-0.47162740672187875, 0.1271587363195386, -0.8725813687023197, 0.6369402262280913], [0.1389914781763828, 0.9878980481174057, 0.06883905519517464, -0.26657797514116494], [0.8707749182326853, -0.08881498918222222, -0.4835937752633114, -0.038841949841620406], [0.0, 0.0, 0.0, 1.0]]"
0.7583333333333333,-78.83631102309161,14.814586394656569,19.819496301442623,3.437746693945311,-3.0384670685578827,-40.451962699035185,-9.551354464592402,-78.63190395180064,-14.422769177824202,-19.54139661164909,3.437746693945311,3.0160783487888154,-40.02224476249842,9.093085483551336,"[[0.8278156308955021, -0.0, -0.5610002506640098, 0.3], [0.0, 1.0, -0.0, 0.22], [0.5610002506640098, 0.0, 0.8278156308955021, -0.3914583333333333], [0.0, 0.0, 0.0, 1.0]]","[[-0.49001591461669436, -0.16324393597594852, -0.8562919016255176, 0.6351127401941674], [-0.16279876368817028, 0.982163873529163, -0.09407809562163652, 0.27910619323824587], [0.8563766495905688, 0.09330349886939354, -0.5078518397473434, -0.030009693917837477], [0.0, 0.0, 0.0, 1.0]]","[[0.8278156308955021, -0.0, -0.5610002506640098, 0.3], [0.0, 1.0, -0.0, -0.22], [0.5610002506640098, 0.0, 0.8278156308955021, -0.3914583333333333], [0.0, 0.0, 0.0, 1.0]]","[[-0.48070315564764576, 0.15212473775306223, -0.863587019537671, 0.6357716026495878], [0.1552930469960076, 0.9840387416471565, 0.08690123412344132, -0.27538327350629765], [0.8630229114601139, -0.09233536213739253, -0.496654442438468, -0.0340921891677808], [0.0, 0.0, 0.0, 1.0]]"
0.7666666666666666,-78.64490180179118,15.604349215554096,20.636277643149427,3.437746693945311,-2.9425073930308465,-40.53971355439692,-10.60723426215832,-78.72631765669773,-15.286277551190357,-20.304410704209555,3.437746693945311,2.982151518520893,-40.507358948298574,10.180995453230027,"[[0.8241261886220157, -0.0, -0.5664062369248329, 0.3], [0.0, 1.0, -0.0, 0.22], [0.5664062369248329, 0.0, 0.8241261886220157, -0.3891666666666666], [0.0, 0.0, 0.0, 1.0]]","[[-0.4872605041550606, -0.18956581213821613, -0.8524329908907414, 0.633795945232039], [-0.17987156239974825, 0.9770091151181075, -0.11445265403653193, 0.28876035850190557], [0.8545311124414544, 0.09756019600488275, -0.5101554528034167, -0.029173103808176816], [0.0, 0.0, 0.0, 1.0]]","[[0.8241261886220157, -0.0, -0.5664062369248329, 0.3], [0.0, 1.0, -0.0, -0.22], [0.5664062369248329, 0.0, 0.8241261886220157, -0.3891666666666666], [0.0, 0.0, 0.0, 1.0]]","[[-0.4885571020945282, 0.17894631233810146, -0.8539848800146238, 0.6343453672204804], [0.17300046577348646, 0.979178613369368, 0.10620773023748696, -0.2848595470479883], [0.8552092123189236, -0.09585124110118086, -0.509342461163616, -0.02946339799827577], [0.0, 0.0, 0.0, 1.0]]"
0.775,-78.67408720011464,16.525167998698535,21.48929996859232,3.437746693945311,-2.906573767807409,-40.990301133942666,-11.791044356652222,-78.93058129401614,-16.730379324764275,-21.55899692643042,3.437746693945311,2.971647754794471,-41.406969994070124,12.001981088789726,"[[0.8204014435255135, -0.0, -0.5717879602276122, 0.3], [0.0, 0.9999999999999999, -0.0, 0.22], [0.5717879602276122, 0.0, 0.8204014435255135, -0.38687499999999997], [0.0, 0.0, 0.0, 1.0]]","[[-0.49241781107795213, -0.21860041938408514, -0.8424598245485065, 0.632006267173671], [-0.19906812034689103, 0.9705744952982484, -0.13548812692670237, 0.29907107500465097], [0.8472877803879589, 0.10099012685234424, -0.5214445430566835, -0.02507252376458756], [0.0, 0.0, 0.0, 1.0]]","[[0.8204014435255135, -0.0, -0.5717879602276122, 0.3], [0.0, 0.9999999999999999, -0.0, -0.22], [0.5717879602276122, 0.0, 0.8204014435255135, -0.38687499999999997], [0.0, 0.0, 0.0, 1.0]]","[[-0.49491272041906076, 0.207738848013367, -0.8437452045454742, 0.6326245623439244], [0.19218196923995906, 0.9731244261451063, 0.1268658422854997, -0.2950620642834516], [0.847424031914635, -0.09936509581254908, -0.5215353179485614, -0.02500879637782396], [0.0, 0.0, 0.0, 1.0]]"
0.7833333333333333,-78.67362274725109,17.514592616961167,22.408764666733806,3.437746693945311,-2.8772206029624563,-41.45125011045931,-13.069873481558403,-78.65387667036057,-17.643848824361783,-22.52245658056325,3.437746693945311,2.8695786884982697,-41.48617286768559,13.233833026358205,"[[0.8166415551616788, -0.0, -0.5771451900372336, 0.3], [0.0, 1.0, -0.0, 0.22], [0.5771451900372336, 0.0, 0.8166415551616788, -0.3845833333333333], [0.0, 0.0, 0.0, 1.0]]","[[-0.5018578336092061, -0.26680732106398464, -0.82277127336322, 0.6285015559019327], [-0.23161351218718756, 0.9579507420543611, -0.16936811025046694, 0.3160733535687126], [0.8333630036289048, 0.10556623145759547, -0.542551264820617, -0.017359592678071842], [0.0, 0.0, 0.0, 1.0]]","[[0.8166415551616788, -0.0, -0.5771451900372336, 0.3], [0.0, 1.0, -0.0, -0.22], [0.5771451900372336, 0.0, 0.8166415551616788, -0.3845833333333333], [0.0, 0.0, 0.0, 1.0]]","[[-0.4959246613464393, 0.2538603098201261, -0.8304298124263417, 0.6295665974133059], [0.22277010207989958, 0.9615024740443091, 0.16089274074980442, -0.3117075383503663], [0.8393046001826338, -0.1052042561149608, -0.5333852759568519, -0.020735338769311204], [0.0, 0.0, 0.0, 1.0]]"
0.7916666666666666,-78.44268722122378,19.067883502154203,23.956424060956163,3.437746693945311,-2.7952036914089433,-41.93414106968463,-15.130298228662069,-78.66942901110069,-19.293219980609386,-24.069076078484475,3.437746693945311,2.8705291520099596,-42.32343453161867,15.389421945394012,"[[0.8128466845916152, -0.0, -0.5824776968678022, 0.3], [0.0, 1.0, -0.0, 0.22], [0.5824776968678022, 0.0, 0.8128466845916152, -0.38229166666666664], [0.0, 0.0, 0.0, 1.0]]","[[-0.4930161594355829, -0.2996721162500082, -0.8167812983153017, 0.6260397125988535], [-0.2530738071004186, 0.947608592372621, -0.19491434996243998, 0.32837332602706604], [0.8323993721135837, 0.11061002849571075, -0.5430255122009371, -0.017342751047808372], [0.0, 0.0, 0.0, 1.0]]","[[0.8128466845916152, -0.0, -0.5824776968678022, 0.3], [0.0, 1.0, -0.0, -0.22], [0.5824776968678022, 0.0, 0.8128466845916152, -0.38229166666666664], [0.0, 0.0, 0.0, 1.0]]","[[-0.496912992434933, 0.28727131829834085, -0.8188728030851271, 0.6269912513152567], [0.24510278571621816, 0.9516592107595703, 0.18511988280738823, -0.32371408445076394], [0.832467478273782, -0.10871953025838943, -0.5433028265680984, -0.017168200040970805], [0.0, 0.0, 0.0, 1.0]]"
0.8,-78.30188287148397,20.20520220651512,25.092549189759623,3.437746693945311,-2.76910489826009,-42.36044391163639,-16.649211064215137,-78.51884383046942,-20.458959102106725,-25.226613850335923,3.437746693945311,2.8531187863721854,-42.756120185349815,16.948769500833556,"[[0.8090169943749473, -0.0, -0.587785252292473, 0.3], [0.0, 0.9999999999999999, -0.0, 0.22], [0.587785252292473, 0.0, 0.8090169943749473, -0.37999999999999995], [0.0, 0.0, 0.0, 1.0]]","[[-0.49073201830569524, -0.33569370347104416, -0.8040471526344172, 0.6228567337411949], [-0.2771605319377824, 0.935011601816352, -0.2212133449970541, 0.341476969255247], [0.8260533431598619, 0.1142936652606559, -0.5518811759207781, -0.014222892450320851], [0.0, 0.0, 0.0, 1.0]]","[[0.8090169943749473, -0.0, -0.587785252292473, 0.3], [0.0, 0.9999999999999999, -0.0, -0.22], [0.587785252292473, 0.0, 0.8090169943749473, -0.37999999999999995], [0.0, 0.0, 0.0, 1.0]]","[[-0.49578881043440987, 0.3230488658746435, -0.8061221282815274, 0.623927555694429], [0.2692093344405489, 0.9396833827370823, 0.21100112430475476, -0.3366804608487929], [0.8256632423077277, -0.1124036052130914, -0.5528522766860873, -0.013761674127315285], [0.0, 0.0, 0.0, 1.0]]"
0.8083333333333333,-78.09253074323391,21.42090074669652,26.333265005323486,3.437746693945311,-2.7489850819559365,-42.7843664326624,-18.291531757691995,-78.03206990870096,-21.60615938264936,-26.515146112731756,3.437746693945311,2.7380108889504298,-42.816420510437275,18.5355402657907,"[[0.8051526485628582, -0.0, -0.5930676289532371, 0.3], [0.0, 1.0, -0.0, 0.22], [0.5930676289532371, 0.0, 0.8051526485628582, -0.3777083333333333], [0.0, 0.0, 0.0, 1.0]]","[[-0.4861426549471346, -0.3947814541996279, -0.7796235774147536, 0.6168279133416595], [-0.31719414338157353, 0.911012210728344, -0.263523485306879, 0.36301124628181575], [0.814280783541759, 0.11918202601014229, -0.5681042600005186, -0.008505013861321672], [0.0, 0.0, 0.0, 1.0]]","[[0.8051526485628582, -0.0, -0.5930676289532371, 0.3], [0.0, 1.0, -0.0, -0.22], [0.5930676289532371, 0.0, 0.8051526485628582, -0.3777083333333333], [0.0, 0.0, 0.0, 1.0]]","[[-0.4837268801385813, 0.3797725686795039, -0.7885309768867461, 0.6185117912616289], [0.30678872452878997, 0.9173642604835366, 0.2536207643105991, -0.3578026075712418], [0.8196883456127657, -0.11922923159219707, -0.5602636936305452, -0.011396577217034076], [0.0, 0.0, 0.0, 1.0]]"
0.8166666666666667,-77.502129191378,23.3487028569124,28.432025042917495,3.437746693945311,-2.672704462088176,-43.23137157798847,-20.951926297905104,-77.73128203803194,-22.907223334624874,-27.898360164949594,3.437746693945311,2.7202754489968455,-43.22423403030581,20.323810148999684,"[[0.8012538126910608, -0.0, -0.5983246005706591, 0.3], [0.0, 1.0, -0.0, 0.22], [0.5983246005706591, 0.0, 0.8012538126910608, -0.3754166666666666], [0.0, 0.0, 0.0, 1.0]]","[[-0.4671793957200651, -0.43463325959218146, -0.7699593118281711, 0.6124201651805536], [-0.3427281733499673, 0.8917692565876831, -0.29544033610400294, 0.37861017825099635], [0.8150342394076644, 0.12586311080426588, -0.565577285551536, -0.009910474848862524], [0.0, 0.0, 0.0, 1.0]]","[[0.8012538126910608, -0.0, -0.5983246005706591, 0.3], [0.0, 1.0, -0.0, -0.22], [0.5983246005706591, 0.0, 0.8012538126910608, -0.3754166666666666], [0.0, 0.0, 0.0, 1.0]]","[[-0.47454246515984755, 0.42044783171316386, -0.7733259788522003, 0.6140384802981115], [0.3338163828873097, 0.8988802949357955, 0.283867641502462, -0.37301957669696206], [0.8144790183154186, -0.12344163067553951, -0.5669092454177438, -0.00923326686978368], [0.0, 0.0, 0.0, 1.0]]"
0.825,-77.07685429289633,24.749764193431485,29.993867324951385,3.437746693945311,-2.659910663999096,-43.62825679518499,-22.917374703278803,-77.34487774611681,-24.304546850120666,-29.41334905682449,3.437746693945311,2.7127519956260766,-43.63882651292558,22.263474590256585,"[[0.7973206537727071, -0.0, -0.6035559419535714, 0.3], [0.0, 1.0, -0.0, 0.22], [0.6035559419535714, 0.0, 0.7973206537727071, -0.373125], [0.0, 0.0, 0.0, 1.0]]","[[-0.452794723637695, -0.4776657119640517, -0.7528694480849512, 0.6069569670098004], [-0.37094141752737675, 0.8687641071576426, -0.3281027139134394, 0.39512726351557426], [0.8107893703105904, 0.130707282614472, -0.5705578001069627, -0.008503577123382608], [0.0, 0.0, 0.0, 1.0]]","[[0.7973206537727071, -0.0, -0.6035559419535714, 0.3], [0.0, 1.0, -0.0, -0.22], [0.6035559419535714, 0.0, 0.7973206537727071, -0.373125], [0.0, 0.0, 0.0, 1.0]]","[[-0.46163702955929353, 0.46343685514417987, -0.7563845148029834, 0.6087666939671793], [0.36234619738398666, 0.876813056411309, 0.3160760942368533, -0.38940309468368745], [0.8096891293459715, -0.1281606234407885, -0.5726939570296088, -0.007481787545177157], [0.0, 0.0, 0.0, 1.0]]"
0.8333333333333334,-76.54446836785051,26.249250263437744,31.709423014256412,3.437746693945311,-2.6582086662352933,-44.0304729750287,-25.04661787513858,-76.84899918218471,-25.794918032679544,-31.084781724091236,3.437746693945311,2.7132725841068783,-44.04887008955813,24.363675797765467,"[[0.7933533402912352, -0.0, -0.6087614290087207, 0.3], [0.0, 1.0, -0.0, 0.22], [0.6087614290087207, 0.0, 0.7933533402912352, -0.3708333333333333], [0.0, 0.0, 0.0, 1.0]]","[[-0.43396051790580126, -0.5227067761425104, -0.7337955403745872, 0.6005474236445332], [-0.40026116351100316, 0.8415477477872448, -0.36275113945931825, 0.41284224683954585], [0.8071364629873606, 0.13629018441883228, -0.5744177188660999, -0.007642269362660034], [0.0, 0.0, 0.0, 1.0]]","[[0.7933533402912352, -0.0, -0.6087614290087207, 0.3], [0.0, 1.0, -0.0, -0.22], [0.6087614290087207, 0.0, 0.7933533402912352, -0.3708333333333333], [0.0, 0.0, 0.0, 1.0]]","[[-0.4441847847814926, 0.5084598497704937, -0.7376777468108865, 0.6025927882415447], [0.3919409215830677, 0.8506724680354707, 0.3503407856859616, -0.40695693724160725], [0.8056563727528226, -0.1335100494262818, -0.577141989240912, -0.006352092454149125], [0.0, 0.0, 0.0, 1.0]]"
0.8416666666666667,-75.87871616907104,27.84030697209907,33.60535375425772,3.437746693945311,-2.665371613683933,-44.42688007898332,-27.346637974363475,-76.2214277408656,-27.376149514219808,-32.93552734763833,3.437746693945311,2.7213672120469896,-44.44908502397502,26.633552564635803,"[[0.7893520421931501, -0.0, -0.6139408387503664, 0.3], [0.0, 1.0, -0.0, 0.22], [0.6139408387503664, 0.0, 0.7893520421931501, -0.36854166666666666], [0.0, 0.0, 0.0, 1.0]]","[[-0.4098654802622764, -0.5692794174006072, -0.712692944411125, 0.5930809846672427], [-0.4300521636399844, 0.8096487557345663, -0.3994045929706327, 0.43171577177716347], [0.8044037696567201, 0.14279298743808802, -0.5766669212817436, -0.007545552772504599], [0.0, 0.0, 0.0, 1.0]]","[[0.7893520421931501, -0.0, -0.6139408387503664, 0.3], [0.0, 1.0, -0.0, -0.22], [0.6139408387503664, 0.0, 0.7893520421931501, -0.36854166666666666], [0.0, 0.0, 0.0, 1.0]]","[[-0.4214851364724193, 0.5551346874836331, -0.7170604984834089, 0.595395369972566], [0.4221033802387002, 0.8199454987356414, 0.3866757239525435, -0.42567538173600517], [0.8026076352265091, -0.13969558996478498, -0.5799190685091338, -0.006003635135934687], [0.0, 0.0, 0.0, 1.0]]"
0.85,-75.05529588349097,29.515873611360966,35.705169056078496,3.437746693945311,-2.6810025015995067,-44.81226667271211,-29.82271985982379,-75.4394257224125,-29.043900709523914,-34.987917230957116,3.437746693945311,2.7373282969202517,-44.83663678767072,29.080121202692492,"[[0.7853169308807451, -0.0, -0.619093949309834, 0.3], [0.0, 1.0, -0.0, 0.22], [0.619093949309834, 0.0, 0.7853169308807451, -0.36624999999999996], [0.0, 0.0, 0.0, 1.0]]","[[-0.37987516824128714, -0.6167643238303844, -0.6894175987046623, 0.5844364522302687], [-0.4595953190800986, 0.7726301822776356, -0.4379666015957042, 0.45168435208812746], [0.8027870198460588, 0.1504804647908717, -0.5769650166890599, -0.00837752444362174], [0.0, 0.0, 0.0, 1.0]]","[[0.7853169308807451, -0.0, -0.619093949309834, 0.3], [0.0, 1.0, -0.0, -0.22], [0.619093949309834, 0.0, 0.7853169308807451, -0.36624999999999996], [0.0, 0.0, 0.0, 1.0]]","[[-0.39292128940635773, 0.602911916406585, -0.6943414731860573, 0.587045506383167], [0.45219666079635834, 0.7841505524783553, 0.42500128354219524, -0.4455182605412103], [0.8007065881431652, -0.14698684329840286, -0.5807442015218941, -0.0065782929695354375], [0.0, 0.0, 0.0, 1.0]]"
0.8583333333333333,-74.25455865614454,31.05624177864434,37.67677829208355,3.437746693945311,-2.6755413384712585,-44.972192137033375,-31.253986000399962,-73.97378323974365,-31.423279069167897,-38.175925101533494,3.437746693945311,2.822269169768765,-45.18572775615007,30.43380322448649,"[[0.7812481792047586, -0.0, -0.6242205399450177, 0.3], [0.0, 1.0, -0.0, 0.22], [0.6242205399450177, 0.0, 0.7812481792047586, -0.3639583333333333], [0.0, 0.0, 0.0, 1.0]]","[[-0.3549236755002986, -0.6649367952648553, -0.657182046979574, 0.5717380213195751], [-0.46859706950268043, 0.7347990394978902, -0.49039490006165287, 0.47892448940754284], [0.8089783501570725, 0.1339008209679178, -0.5723850095182951, -0.009204551464974321], [0.0, 0.0, 0.0, 1.0]]","[[0.7812481792047586, -0.0, -0.6242205399450177, 0.3], [0.0, 1.0, -0.0, -0.22], [0.6242205399450177, 0.0, 0.7812481792047586, -0.3639583333333333], [0.0, 0.0, 0.0, 1.0]]","[[-0.367443970493495, 0.6527669097546627, -0.6624804073158113, 0.5736961150017376], [0.4609526825360726, 0.7464869386979852, 0.47987485328584234, -0.47429714606417006], [0.8077793962529458, -0.12904499944848, -0.5751867827989162, -0.010291674876134187], [0.0, 0.0, 0.0, 1.0]]"
0.8666666666666667,-73.53257350992834,32.41515914043715,39.43430207874372,3.437746693945311,-2.6755413384712585,-44.972192137033375,-31.253986000399962,-73.56833638042252,-32.41855032936006,-39.383594754345545,3.437746693945311,2.822269169768765,-45.18572775615007,30.43380322448649,"[[0.7771459614569709, -0.0, -0.6293203910498375, 0.3], [0.0, 1.0, -0.0, 0.22], [0.6293203910498375, 0.0, 0.7771459614569709, -0.3616666666666666], [0.0, 0.0, 0.0, 1.0]]","[[-0.3504121602404832, -0.6740178284334123, -0.6503162960510104, 0.5683189469977572], [-0.4662794869712553, 0.7277209778745342, -0.502996638548564, 0.4857751779649021], [0.8122775129137955, 0.12697301018420828, -0.5692829671607433, -0.010680913622317816], [0.0, 0.0, 0.0, 1.0]]","[[0.7771459614569709, -0.0, -0.6293203910498375, 0.3], [0.0, 1.0, -0.0, -0.22], [0.6293203910498375, 0.0, 0.7771459614569709, -0.3616666666666666], [0.0, 0.0, 0.0, 1.0]]","[[-0.3641906649684141, 0.6683803951946059, -0.6485621071796959, 0.5682032743575107], [0.4570603383541849, 0.7350264658993955, 0.5008312505535206, -0.4855116912211728], [0.8114561027273273, -0.11403394997520583, -0.5731799469622345, -0.010009402976796311], [0.0, 0.0, 0.0, 1.0]]"
0.875,-73.0483882298553,33.52779354113764,40.727892096219946,3.437746693945311,-2.6755413384712585,-44.972192137033375,-31.253986000399962,-73.46440139182243,-33.07035186675979,-40.02954623472116,3.437746693945311,2.822269169768765,-45.18572775615007,30.43380322448649,"[[0.773010453362737, -0.0, -0.6343932841636455, 0.3], [0.0, 1.0, -0.0, 0.22], [0.6343932841636455, 0.0, 0.773010453362737, -0.35937499999999994], [0.0, 0.0, 0.0, 1.0]]","[[-0.34627356257349245, -0.6909539145220857, -0.6345685998135018, 0.561907707273637], [-0.4625495871594198, 0.7142283751652212, -0.5252863100514789, 0.49819020990126534], [0.8161755321505981, 0.11162668191545652, -0.5669188518679138, -0.010501777445788466], [0.0, 0.0, 0.0, 1.0]]","[[0.773010453362737, -0.0, -0.6343932841636455, 0.3], [0.0, 1.0, -0.0, -0.22], [0.6343932841636455, 0.0, 0.773010453362737, -0.35937499999999994], [0.0, 0.0, 0.0, 1.0]]","[[-0.36399800695063994, 0.6778891646299692, -0.6387266484289229, 0.5647887672491816], [0.45567024311983256, 0.7277068724514497, 0.5126473810740113, -0.4922596782319654], [0.8123238765856109, -0.10444610219731773, -0.5737777716718493, -0.008366819239003585], [0.0, 0.0, 0.0, 1.0]]"
0.8833333333333333,-73.098112007013,33.999909876947264,41.10305389676123,3.437746693945311,-2.6755413384712585,-44.972192137033375,-31.253986000399962,-73.7946068872467,-33.76143382207627,-40.399786883965454,3.437746693945311,2.822269169768765,-45.18572775615007,30.43380322448649,"[[0.7688418320734596, -0.0, -0.6394390019805847, 0.3], [0.0, 1.0, -0.0, 0.22], [0.6394390019805847, 0.0, 0.7688418320734596, -0.3570833333333333], [0.0, 0.0, 0.0, 1.0]]","[[-0.34765447916958403, -0.6973036187263254, -0.6268205695607771, 0.5595689050169532], [-0.46209682861734735, 0.7091166211136345, -0.5325599859566735, 0.5026273244892022], [0.8158448897278916, 0.10450493276182618, -0.5687493603805905, -0.00820385333247968], [0.0, 0.0, 0.0, 1.0]]","[[0.7688418320734596, -0.0, -0.6394390019805847, 0.3], [0.0, 1.0, -0.0, -0.22], [0.6394390019805847, 0.0, 0.7688418320734596, -0.3570833333333333], [0.0, 0.0, 0.0, 1.0]]","[[-0.36897997159689166, 0.6864804639964803, -0.6265766937187611, 0.5618348182325503], [0.45625743993317264, 0.7211112406655494, 0.5213710071450268, -0.49800298404977034], [0.809742507878884, -0.09350481879009881, -0.5792874241661442, -0.002816597071971072], [0.0, 0.0, 0.0, 1.0]]"
0.8916666666666666,-73.28607198278257,34.35261401549755,41.235938642158416,3.437746693945311,-2.6755413384712585,-44.972192137033375,-31.253986000399962,-73.77095394215095,-33.93898800464533,-40.41906509289782,3.437746693945311,2.822269169768765,-45.18572775615007,30.43380322448649,"[[0.7646402761590002, -0.0, -0.6444573283588975, 0.3], [0.0, 0.9999999999999999, -0.0, 0.22], [0.6444573283588975, 0.0, 0.7646402761590002, -0.3547916666666666], [0.0, 0.0, 0.0, 1.0]]","[[-0.35020760635049086, -0.7014816546123345, -0.620707757883371, 0.558076189253906], [-0.46294772307160204, 0.7057041274747675, -0.5363404610579895, 0.5054373195530352], [0.8142690207524043, 0.09952473414894866, -0.5718922880538801, -0.005193365426367849], [0.0, 0.0, 0.0, 1.0]]","[[0.7646402761590002, -0.0, -0.6444573283588975, 0.3], [0.0, 0.9999999999999999, -0.0, -0.22], [0.6444573283588975, 0.0, 0.7646402761590002, -0.3547916666666666], [0.0, 0.0, 0.0, 1.0]]","[[-0.3681457579406665, 0.6887087261347402, -0.6246190770831098, 0.5609376112122716], [0.45776160774862307, 0.718997340523608, 0.5229695352421351, -0.4996928434591082], [0.8092731376869543, -0.09339761702443156, -0.579960234630332, -0.0022957791606585606], [0.0, 0.0, 0.0, 1.0]]"
0.9,-73.85417979718756,34.7968665945881,41.190753525704196,3.437746693945311,-2.6755413384712585,-44.972192137033375,-31.253986000399962,-74.06823109558658,-34.16229420936973,-40.37296131600023,3.437746693945311,2.822269169768765,-45.18572775615007,30.43380322448649,"[[0.760405965600031, -0.0, -0.6494480483301837, 0.3], [0.0, 1.0, -0.0, 0.22], [0.6494480483301837, 0.0, 0.760405965600031, -0.3524999999999999], [0.0, 0.0, 0.0, 1.0]]","[[-0.3573053732164666, -0.7057764538953473, -0.61172908006531, 0.556700417017625], [-0.465257042116991, 0.7024161386727961, -0.5386533698887885, 0.5079783512540414], [0.8098572436122248, 0.09214751900571322, -0.5793445259169208, 0.0013932236790075714], [0.0, 0.0, 0.0, 1.0]]","[[0.760405965600031, -0.0, -0.6494480483301837, 0.3], [0.0, 1.0, -0.0, -0.22], [0.6494480483301837, 0.0, 0.760405965600031, -0.3524999999999999], [0.0, 0.0, 0.0, 1.0]]","[[-0.37174777223439526, 0.6908217456995998, -0.6201362023840584, 0.5602764385170114], [0.4591775896922712, 0.7174033022332743, 0.5239164466488809, -0.5009337341731098], [0.8068206336994368, -0.08998787481294854, -0.5839029434961674, 0.0011290643222789526], [0.0, 0.0, 0.0, 1.0]]"
0.9083333333333333,-73.91388931091181,34.888688242695174,41.05983245969339,3.437746693945311,-2.6755413384712585,-44.972192137033375,-31.253986000399962,-74.40932391254785,-34.36273294075293,-40.24983349583241,3.437746693945311,2.822269169768765,-45.18572775615007,30.43380322448649,"[[0.7561390817803226, -0.0, -0.6544109481086104, 0.3], [0.0, 1.0, -0.0, 0.22], [0.6544109481086104, 0.0, 0.7561390817803226, -0.3502083333333333], [0.0, 0.0, 0.0, 1.0]]","[[-0.35713772189648035, -0.7065522867511508, -0.6109308583508547, 0.5563752318916669], [-0.46742210919672794, 0.7014677932481612, -0.5380144113958633, 0.5085600192024006], [0.8086836337114006, 0.09341734915032962, -0.5807787697953939, 0.0022969708897263436], [0.0, 0.0, 0.0, 1.0]]","[[0.7561390817803226, -0.0, -0.6544109481086104, 0.3], [0.0, 1.0, -0.0, -0.22], [0.6544109481086104, 0.0, 0.7561390817803226, -0.3502083333333333], [0.0, 0.0, 0.0, 1.0]]","[[-0.3756285957955686, 0.6924447470031195, -0.6159735630434438, 0.5597897530471251], [0.4611241549455501, 0.716175337034075, 0.5238868201719545, -0.501801444630205], [0.803907750768956, -0.0872534181102107, -0.5883189350018264, 0.004836852397730768], [0.0, 0.0, 0.0, 1.0]]"
0.9166666666666666,-74.2651796003039,35.059442971945494,40.92275397814582,3.437746693945311,-2.6755413384712585,-44.972192137033375,-31.253986000399962,-74.77842050510617,-34.54365099148822,-40.07907193639292,3.437746693945311,2.822269169768765,-45.18572775615007,30.43380322448649,"[[0.7518398074789775, -0.0, -0.6593458151000688, 0.3], [0.0, 1.0, -0.0, 0.22], [0.6593458151000688, 0.0, 0.7518398074789775, -0.34791666666666665], [0.0, 0.0, 0.0, 1.0]]","[[-0.36117435232780337, -0.7077801454538061, -0.607124660116834, 0.5560379746378505], [-0.46920687277758655, 0.700586481098218, -0.5376090522309815, 0.5091186414219612], [0.8058523424045311, 0.09069646191448572, -0.5851291772227093, 0.005949490684848277], [0.0, 0.0, 0.0, 1.0]]","[[0.7518398074789775, -0.0, -0.6593458151000688, 0.3], [0.0, 1.0, -0.0, -0.22], [0.6593458151000688, 0.0, 0.7518398074789775, -0.34791666666666665], [0.0, 0.0, 0.0, 1.0]]","[[-0.3796955511049669, 0.69370681114799, -0.6120475052134291, 0.5594253005668369], [0.46334018349952416, 0.7152335218299628, 0.523217816597768, -0.5023899418832227], [0.800716655768895, -0.08492272615498916, -0.5929932274121534, 0.008702351181098134], [0.0, 0.0, 0.0, 1.0]]"
0.9249999999999999,-74.6408400046546,35.227185587771835,40.741829097221355,3.437746693945311,-2.6755413384712585,-44.972192137033375,-31.253986000399962,-75.16574687255925,-34.70954945623866,-39.87830877102415,3.437746693945311,2.822269169768765,-45.18572775615007,30.43380322448649,"[[0.7475083268625969, -0.0, -0.6642524379112817, 0.3], [0.0, 1.0, -0.0, 0.22], [0.6642524379112817, 0.0, 0.7475083268625969, -0.34562499999999996], [0.0, 0.0, 0.0, 1.0]]","[[-0.365303218092494, -0.7088638975833007, -0.6033784331199447, 0.5557371693515797], [-0.47138384945568956, 0.699790196875822, -0.5367410426163013, 0.5095613541460702], [0.8027146599655469, 0.0883496183325666, -0.5897826036912976, 0.009794219104883484], [0.0, 0.0, 0.0, 1.0]]","[[0.7475083268625969, -0.0, -0.6642524379112817, 0.3], [0.0, 1.0, -0.0, -0.22], [0.6642524379112817, 0.0, 0.7475083268625969, -0.34562499999999996], [0.0, 0.0, 0.0, 1.0]]","[[-0.3838823297589594, 0.6947149960647481, -0.6082807173843267, 0.5591393792828159], [0.4656938186059973, 0.7144993158045695, 0.5221302471864344, -0.5027787775500709], [0.7973478690076236, -0.08283599433555261, -0.5978081413224835, 0.012658642692936067], [0.0, 0.0, 0.0, 1.0]]"
0.9333333333333333,-75.03298848566172,35.387131542660605,40.533084855807424,3.437746693945311,-2.6755413384712585,-44.972192137033375,-31.253986000399962,-75.90779228436777,-34.98518515528911,-39.55504957798579,3.437746693945311,2.822269169768765,-45.18572775615007,30.43380322448649,"[[0.7431448254773942, -0.0, -0.6691306063588582, 0.3], [0.0, 1.0, -0.0, 0.22], [0.6691306063588582, 0.0, 0.7431448254773942, -0.34333333333333327], [0.0, 0.0, 0.0, 1.0]]","[[-0.3736825174097186, -0.7105405088794977, -0.5962328080738261, 0.5552663340600177], [-0.4746762438503557, 0.6987414695958983, -0.5352035334254456, 0.5100894448827806], [0.7968963795290157, 0.0830213460998368, -0.5983841712356018, 0.017081992312547464], [0.0, 0.0, 0.0, 1.0]]","[[0.7431448254773942, -0.0, -0.6691306063588582, 0.3], [0.0, 1.0, -0.0, -0.22], [0.6691306063588582, 0.0, 0.7431448254773942, -0.34333333333333327], [0.0, 0.0, 0.0, 1.0]]","[[-0.3881448376154371, 0.6955454378066609, -0.6046156870102083, 0.5589006878911436], [0.46811634829637494, 0.7139131283786162, 0.5207639864529078, -0.5030251460151405], [0.7938580915315739, -0.08089863456819124, -0.6026978857063041, 0.01666903862233951], [0.0, 0.0, 0.0, 1.0]]"
0.9416666666666667,-75.48811131081635,35.546233969186886,40.2065369266837,3.437746693945311,-2.6755413384712585,-44.972192137033375,-31.253986000399962,-76.02635070798085,-35.01548387444729,-39.323943297229235,3.437746693945311,2.822269169768765,-45.18572775615007,30.43380322448649,"[[0.7387494902412464, -0.0, -0.6739801114782978, 0.3], [0.0, 1.0, -0.0, 0.22], [0.6739801114782978, 0.0, 0.7387494902412464, -0.34104166666666663], [0.0, 0.0, 0.0, 1.0]]","[[-0.37393203389018176, -0.7104567892965956, -0.5961761355280207, 0.5553079178126319], [-0.47724739595898047, 0.6985684878249456, -0.5331388101314153, 0.5099495855876955], [0.7952419487685017, 0.08516582859540447, -0.6002807880971488, 0.018229941853947336], [0.0, 0.0, 0.0, 1.0]]","[[0.7387494902412464, -0.0, -0.6739801114782978, 0.3], [0.0, 1.0, -0.0, -0.22], [0.6739801114782978, 0.0, 0.7387494902412464, -0.34104166666666663], [0.0, 0.0, 0.0, 1.0]]","[[-0.39263797031382636, 0.6960949230404466, -0.6010717780641126, 0.5587548892387434], [0.4716087302522506, 0.7134781835388893, 0.5182027471597458, -0.503010947613572], [0.7895699017931845, -0.08000462318742721, -0.6084230686380481, 0.021199395183829593], [0.0, 0.0, 0.0, 1.0]]"
0.95,-75.88118869755058,35.675304053932614,40.007003195365535,3.437746693945311,-2.6755413384712585,-44.972192137033375,-31.253986000399962,-76.42151813260112,-35.13959524185559,-39.12168773552682,3.437746693945311,2.822269169768765,-45.18572775615007,30.43380322448649,"[[0.7343225094356856, -0.0, -0.6788007455329417, 0.3], [0.0, 1.0, -0.0, 0.22], [0.6788007455329417, 0.0, 0.7343225094356856, -0.33875], [0.0, 0.0, 0.0, 1.0]]","[[-0.3782484786600802, -0.7110496367393292, -0.5927364528052946, 0.55513996590475], [-0.4791988861118684, 0.6982401867533476, -0.5318167627593129, 0.5100025050761873], [0.7920205274741811, 0.08287976650255838, -0.6048424822745191, 0.022045975191722945], [0.0, 0.0, 0.0, 1.0]]","[[0.7343225094356856, -0.0, -0.6788007455329417, 0.3], [0.0, 1.0, -0.0, -0.22], [0.6788007455329417, 0.0, 0.7343225094356856, -0.33875], [0.0, 0.0, 0.0, 1.0]]","[[-0.3969746998517818, 0.6966111935171281, -0.5976152045791928, 0.5585935350560918], [0.47353507380286375, 0.7132145257396025, 0.5168070956871149, -0.5030158212041727], [0.7862414524534461, -0.07783241831445806, -0.6129979552194438, 0.025034970026290723], [0.0, 0.0, 0.0, 1.0]]"
0.9583333333333334,-76.28707268897858,35.81183953544117,39.78254610376599,3.437746693945311,-2.6755413384712585,-44.972192137033375,-31.253986000399962,-76.8803429202859,-35.27348060996618,-38.797397183923785,3.437746693945311,2.822269169768765,-45.18572775615007,30.43380322448649,"[[0.7298640726978356, -0.0, -0.6835923020228712, 0.3], [0.0, 1.0, -0.0, 0.22], [0.6835923020228712, 0.0, 0.7298640726978356, -0.3364583333333333], [0.0, 0.0, 0.0, 1.0]]","[[-0.38675590296755513, -0.7122877845327554, -0.5857183482913697, 0.5547001491456925], [-0.4823141565666405, 0.6975873049273633, -0.5298537594276256, 0.5101845051157455], [0.7859980444601382, 0.07757618197357274, -0.6133424900455224, 0.029347523910279505], [0.0, 0.0, 0.0, 1.0]]","[[0.7298640726978356, -0.0, -0.6835923020228712, 0.3], [0.0, 1.0, -0.0, -0.22], [0.6835923020228712, 0.0, 0.7298640726978356, -0.3364583333333333], [0.0, 0.0, 0.0, 1.0]]","[[-0.4014711662467727, 0.6970064369271927, -0.5941404964774879, 0.5584575037236265], [0.4767345901665207, 0.7129406733092356, 0.5142370337501313, -0.5028684038479347], [0.7820134482291312, -0.07679598442258215, -0.6185122016301301, 0.029462206313167157], [0.0, 0.0, 0.0, 1.0]]"
0.9666666666666667,-76.75705800576716,35.94883946981329,39.43652189022397,3.437746693945311,-2.6755413384712585,-44.972192137033375,-31.253986000399962,-77.27777113752143,-35.3906627504615,-38.595807565665446,3.437746693945311,2.822269169768765,-45.18572775615007,30.43380322448649,"[[0.7253743710122877, -0.0, -0.688354575693754, 0.3], [0.0, 1.0, -0.0, 0.22], [0.688354575693754, 0.0, 0.7253743710122877, -0.3341666666666666], [0.0, 0.0, 0.0, 1.0]]","[[-0.3870277174744041, -0.7120959978721544, -0.5857719997755212, 0.5547862317896256], [-0.4848890376466861, 0.6975268795381728, -0.5275783102931825, 0.5099191664603455], [0.7842781184481836, 0.0798469920297541, -0.6152497791849882, 0.030500935249319013], [0.0, 0.0, 0.0, 1.0]]","[[0.7253743710122877, -0.0, -0.688354575693754, 0.3], [0.0, 1.0, -0.0, -0.22], [0.688354575693754, 0.0, 0.7253743710122877, -0.3341666666666666], [0.0, 0.0, 0.0, 1.0]]","[[-0.4058019365018315, 0.6974544679788034, -0.5906623853164921, 0.5582715241959212], [0.47856192778412476, 0.7127391684865949, 0.5128170814048414, -0.5028161431940531], [0.7786547820484415, -0.07456636508132783, -0.6230060895301526, 0.03327707711546453], [0.0, 0.0, 0.0, 1.0]]"
0.975,-77.16034652531057,36.065581063107146,39.22607010151754,3.437746693945311,-2.6755413384712585,-44.972192137033375,-31.253986000399962,-77.74098090665335,-35.51601379720417,-38.267463296790005,3.437746693945311,2.822269169768765,-45.18572775615007,30.43380322448649,"[[0.7208535967029187, -0.0, -0.6930873625456359, 0.3], [0.0, 0.9999999999999999, -0.0, 0.22], [0.6930873625456359, 0.0, 0.7208535967029187, -0.331875], [0.0, 0.0, 0.0, 1.0]]","[[-0.39137494982229604, -0.7125383280864723, -0.5823356245837361, 0.5546038998865674], [-0.48679029842725874, 0.6973310594508606, -0.5260842127285714, 0.509844305433688], [0.7809358834172595, 0.07757915011699418, -0.6197746537721831, 0.03433628314925574], [0.0, 0.0, 0.0, 1.0]]","[[0.7208535967029187, -0.0, -0.6930873625456359, 0.3], [0.0, 0.9999999999999999, -0.0, -0.22], [0.6930873625456359, 0.0, 0.7208535967029187, -0.331875], [0.0, 0.0, 0.0, 1.0]]","[[-0.41011420457805364, 0.6979527632662517, -0.5870845590307364, 0.558037316304776], [0.4807132702408576, 0.7124572520599386, 0.5111941077531524, -0.5027869160189566], [0.775061991725598, -0.07257137339340511, -0.6277039945277905, 0.03723590105558827], [0.0, 0.0, 0.0, 1.0]]"
0.9833333333333333,-77.6300244835865,36.189733411650465,38.886623360146245,3.437746693945311,-2.6755413384712585,-44.972192137033375,-31.253986000399962,-78.49414586643066,-35.72993532200896,-37.95988280299141,3.437746693945311,2.822269169768765,-45.18572775615007,30.43380322448649,"[[0.7163019434246543, -0.0, -0.6977904598416801, 0.3], [0.0, 1.0, -0.0, 0.22], [0.6977904598416801, 0.0, 0.7163019434246543, -0.3295833333333333], [0.0, 0.0, 0.0, 1.0]]","[[-0.39585781558298005, -0.7128448503475436, -0.5789203824144211, 0.5544545853969589], [-0.4900103131106515, 0.697136277606787, -0.5233458736722342, 0.509587910271093], [0.7766508114249755, 0.07650640350677171, -0.6252681723351879, 0.038773678932307085], [0.0, 0.0, 0.0, 1.0]]","[[0.7163019434246543, -0.0, -0.6977904598416801, 0.3], [0.0, 1.0, -0.0, -0.22], [0.6977904598416801, 0.0, 0.7163019434246543, -0.3295833333333333], [0.0, 0.0, 0.0, 1.0]]","[[-0.41462243866672505, 0.6981498436491154, -0.5836737352038155, 0.5579037645965222], [0.4834729409589196, 0.712394209305973, 0.5086731818248835, -0.5024762996181208], [0.7709358914427262, -0.07128314218687062, -0.6329111824935434, 0.04151569495157443], [0.0, 0.0, 0.0, 1.0]]"
0.9916666666666667,-78.03646855052644,36.30009219316495,38.67559442045495,3.437746693945311,-2.6755413384712585,-44.972192137033375,-31.253986000399962,-78.61320972404232,-35.74291609652657,-37.725306786136485,3.437746693945311,2.822269169768765,-45.18572775615007,30.43380322448649,"[[0.7117196061551714, -0.0, -0.7024636661168518, 0.3], [0.0, 1.0, -0.0, 0.22], [0.7024636661168518, 0.0, 0.7117196061551714, -0.3272916666666666], [0.0, 0.0, 0.0, 1.0]]","[[-0.40020423723481185, -0.713223949503311, -0.5754547474425775, 0.5542459779285036], [-0.49183016653077555, 0.6969987202081238, -0.5218197689993616, 0.5094587674088775], [0.7732655790797958, 0.07419152163917303, -0.6297268950324832, 0.04259843659932103], [0.0, 0.0, 0.0, 1.0]]","[[0.7117196061551714, -0.0, -0.7024636661168518, 0.3], [0.0, 1.0, -0.0, -0.22], [0.7024636661168518, 0.0, 0.7117196061551714, -0.3272916666666666], [0.0, 0.0, 0.0, 1.0]]","[[-0.4191145396510446, 0.6983758561930236, -0.5801845966067648, 0.5577299778040975], [0.48656303729144734, 0.7122732161014723, 0.5058886007474246, -0.502156426384748], [0.766550333242909, -0.07027111149773263, -0.63832793883243, 0.045943892423436425], [0.0, 0.0, 0.0, 1.0]]"
1.0,-78.45719454302089,36.41774903180759,38.436274837221454,3.437746693945311,-2.6755413384712585,-44.972192137033375,-31.253986000399962,-79.02132035713976,-35.846775953045785,-37.513864620000405,3.437746693945311,2.822269169768765,-45.18572775615007,30.43380322448649,"[[0.7071067811865475, -0.0, -0.7071067811865476, 0.3], [0.0, 1.0, -0.0, 0.22], [0.7071067811865476, 0.0, 0.7071067811865475, -0.32499999999999996], [0.0, 0.0, 0.0, 1.0]]","[[-0.4087628818376355, -0.7140830784684213, -0.5683293617937168, 0.5537023352981157], [-0.49474637238205443, 0.6966693134807744, -0.5194977330739989, 0.5093336757043514], [0.7669021668026428, 0.0688274995862031, -0.6380625689179098, 0.049943572614720086], [0.0, 0.0, 0.0, 1.0]]","[[0.7071067811865475, -0.0, -0.7071067811865476, 0.3], [0.0, 1.0, -0.0, -0.22], [0.7071067811865476, 0.0, 0.7071067811865475, -0.32499999999999996], [0.0, 0.0, 0.0, 1.0]]","[[-0.42345876977783253, 0.6986718982409408, -0.5766630289056559, 0.5575006712348347], [0.488307611176688, 0.7121999683426148, 0.5043083203355814, -0.5019725377060654], [0.7630454423985255, -0.06803516518080382, -0.6427541280564906, 0.049776133821205854], [0.0, 0.0, 0.0, 1.0]]"
1.0083333333333333,-78.88875321553897,36.532967492916534,38.17837713944553,3.437746693945311,-2.6755413384712585,-44.972192137033375,-31.253986000399962,-79.44445057622204,-35.95693665907434,-37.27322339516251,3.437746693945311,2.822269169768765,-45.18572775615007,30.43380322448649,"[[0.7024636661168517, -0.0, -0.7117196061551713, 0.3], [0.0, 1.0, -0.0, 0.22], [0.7117196061551713, 0.0, 0.7024636661168517, -0.3227083333333333], [0.0, 0.0, 0.0, 1.0]]","[[-0.4131194272160918, -0.7144065762413299, -0.5647615272659685, 0.5534355291832719], [-0.49707043714440774, 0.696520832074897, -0.5174743578214871, 0.5091261924348428], [0.7630552531591115, 0.0669475489382107, -0.6428566763419745, 0.05401917811246355], [0.0, 0.0, 0.0, 1.0]]","[[0.7024636661168517, -0.0, -0.7117196061551713, 0.3], [0.0, 1.0, -0.0, -0.22], [0.7117196061551713, 0.0, 0.7024636661168517, -0.3227083333333333], [0.0, 0.0, 0.0, 1.0]]","[[-0.42778611932921473, 0.6990051877105127, -0.5730539099099158, 0.5572276221237817], [0.4903839092510477, 0.7120590084360325, 0.5024893929753684, -0.5017941591716795], [0.7592908913301352, -0.06605842912819662, -0.6473898564885026, 0.05375628475179063], [0.0, 0.0, 0.0, 1.0]]"
1.0166666666666666,-79.32863788865531,36.642814010243264,37.90772064830002,3.437746693945311,-2.6755413384712585,-44.972192137033375,-31.253986000399962,-79.8787276640298,-36.06398621393595,-37.01353960291863,3.437746693945311,2.822269169768765,-45.18572775615007,30.43380322448649,"[[0.6977904598416803, -0.0, -0.7163019434246543, 0.3], [0.0, 1.0, -0.0, 0.22], [0.7163019434246543, 0.0, 0.6977904598416803, -0.3204166666666666], [0.0, 0.0, 0.0, 1.0]]","[[-0.41750481531808253, -0.7146539966633414, -0.5612124323634738, 0.5531746424804389], [-0.4994314803881456, 0.6964380608393423, -0.5153078922466083, 0.5088471444122642], [0.7591165428203493, 0.06514362952315117, -0.6476869474900906, 0.058131021393486165], [0.0, 0.0, 0.0, 1.0]]","[[0.6977904598416803, -0.0, -0.7163019434246543, 0.3], [0.0, 1.0, -0.0, -0.22], [0.7163019434246543, 0.0, 0.6977904598416803, -0.3204166666666666], [0.0, 0.0, 0.0, 1.0]]","[[-0.4321380472950099, 0.6992798541956228, -0.5694421775704752, 0.556951716420639], [0.4926026739332915, 0.7119556675435543, 0.5004615200855941, -0.5015528966524451], [0.7553802444556168, -0.0642402752855313, -0.6521302579373327, 0.0578161887721294], [0.0, 0.0, 0.0, 1.0]]"
1.025,-79.77514784526655,36.746721678086665,37.62777851497788,3.437746693945311,-2.6755413384712585,-44.972192137033375,-31.253986000399962,-80.321419544895,-36.16521303253012,-36.74086820596796,3.437746693945311,2.822269169768765,-45.18572775615007,30.43380322448649,"[[0.693087362545636, -0.0, -0.7208535967029187, 0.3], [0.0, 1.0, -0.0, 0.22], [0.7208535967029187, 0.0, 0.693087362545636, -0.318125], [0.0, 0.0, 0.0, 1.0]]","[[-0.42191564235817536, -0.7148296897150959, -0.557678855108662, 0.5529176474512804], [-0.5018023433692105, 0.6964194460579534, -0.5130247200101593, 0.5085009258022776], [0.7551037007740442, 0.06339140205227559, -0.6525334713431867, 0.06226727217863892], [0.0, 0.0, 0.0, 1.0]]","[[0.693087362545636, -0.0, -0.7208535967029187, 0.3], [0.0, 1.0, -0.0, -0.22], [0.7208535967029187, 0.0, 0.693087362545636, -0.318125], [0.0, 0.0, 0.0, 1.0]]","[[-0.4365215647274072, 0.6994745188495375, -0.5658483197890969, 0.5566820819599352], [0.4948791057389259, 0.71191732743243, 0.49826538070039245, -0.5012353378632131], [0.7513611609811734, -0.06252292684826949, -0.6569225901027829, 0.06192258479517651], [0.0, 0.0, 0.0, 1.0]]"
1.0333333333333332,-80.29069052381911,36.83473208063687,37.21837697612731,3.437746693945311,-2.6755413384712585,-44.972192137033375,-31.253986000399962,-80.77074353944428,-36.26016632237164,-36.458822374381455,3.437746693945311,2.822269169768765,-45.18572775615007,30.43380322448649,"[[0.6883545756937541, -0.0, -0.7253743710122876, 0.3], [0.0, 1.0, -0.0, 0.22], [0.7253743710122876, 0.0, 0.6883545756937541, -0.31583333333333324], [0.0, 0.0, 0.0, 1.0]]","[[-0.42225166549674753, -0.7144195619372032, -0.5579500161364614, 0.5530974357803894], [-0.5044901913070784, 0.6965913227158446, -0.5101472101187439, 0.5079277320774136], [0.7531222861263438, 0.06606980125931222, -0.6545545076625666, 0.06349564981357086], [0.0, 0.0, 0.0, 1.0]]","[[0.6883545756937541, -0.0, -0.7253743710122876, 0.3], [0.0, 1.0, -0.0, -0.22], [0.7253743710122876, 0.0, 0.6883545756937541, -0.31583333333333324], [0.0, 0.0, 0.0, 1.0]]","[[-0.44093397395133543, 0.6995908399118783, -0.5622720758910904, 0.5564179383653], [0.4971738693455826, 0.711946050070934, 0.49593443662276265, -0.5008444616802313], [0.7472585725539889, -0.06087264163635514, -0.6617394859344476, 0.06605878804468163], [0.0, 0.0, 0.0, 1.0]]"
1.0416666666666667,-80.72453047951998,36.91773936962003,36.974259185001884,3.437746693945311,-2.6755413384712585,-44.972192137033375,-31.253986000399962,-81.2891002559349,-36.336449290116924,-36.04760742030626,3.437746693945311,2.822269169768765,-45.18572775615007,30.43380322448649,"[[0.6835923020228711, -0.0, -0.7298640726978356, 0.3], [0.0, 1.0, -0.0, 0.22], [0.7298640726978356, 0.0, 0.6835923020228711, -0.3135416666666666], [0.0, 0.0, 0.0, 1.0]]","[[-0.4309977133570295, -0.714690014983904, -0.5508712676872143, 0.5525374970488321], [-0.5068988647527203, 0.6968173572354561, -0.5074437028555955, 0.5073380264370841], [0.7465216085241035, 0.06052894462735514, -0.6626022448414157, 0.07080685672332529], [0.0, 0.0, 0.0, 1.0]]","[[0.6835923020228711, -0.0, -0.7298640726978356, 0.3], [0.0, 1.0, -0.0, -0.22], [0.7298640726978356, 0.0, 0.6835923020228711, -0.3135416666666666], [0.0, 0.0, 0.0, 1.0]]","[[-0.44559787315390664, 0.6993363801552909, -0.5589017470289475, 0.5562814184065099], [0.5005298797555316, 0.7122317310847702, 0.4921339255811419, -0.500033082478561], [0.7422347168602585, -0.06045319368971577, -0.6674076988318952, 0.07073336413059686], [0.0, 0.0, 0.0, 1.0]]"
1.05,-81.23112561025982,36.99566841295529,36.588831610138065,3.437746693945311,-2.6755413384712585,-44.972192137033375,-31.253986000399962,-81.72524198538606,-36.411181804920616,-35.80151911960528,3.437746693945311,2.822269169768765,-45.18572775615007,30.43380322448649,"[[0.6788007455329418, -0.0, -0.7343225094356856, 0.3], [0.0, 1.0, -0.0, 0.22], [0.7343225094356856, 0.0, 0.6788007455329418, -0.3112499999999999], [0.0, 0.0, 0.0, 1.0]]","[[-0.4313099659135613, -0.7142939344703629, -0.5511405342401261, 0.5527106955453013], [-0.5094164787882953, 0.6969961856363414, -0.5046693653743265, 0.506757878181398], [0.7446251167148319, 0.06309114349288561, -0.6644945019864221, 0.07196144961488364], [0.0, 0.0, 0.0, 1.0]]","[[0.6788007455329418, -0.0, -0.7343225094356856, 0.3], [0.0, 1.0, -0.0, -0.22], [0.7343225094356856, 0.0, 0.6788007455329418, -0.3112499999999999], [0.0, 0.0, 0.0, 1.0]]","[[-0.4500560136754733, 0.6992742143328897, -0.5553963969307527, 0.5560384016437331], [0.5022591055199662, 0.7124631629320936, 0.49003268501915354, -0.4995282854906747], [0.7383666944525775, -0.05841074074104291, -0.6718651724038515, 0.07467381068537239], [0.0, 0.0, 0.0, 1.0]]"
1.0583333333333333,-81.674097528881,37.081247268160965,36.33517204474213,3.437746693945311,-2.6755413384712585,-44.972192137033375,-31.253986000399962,-82.24479398498141,-36.48420677243181,-35.39638644898597,3.437746693945311,2.822269169768765,-45.18572775615007,30.43380322448649,"[[0.6739801114782978, -0.0, -0.7387494902412463, 0.3], [0.0, 0.9999999999999999, -0.0, 0.22], [0.7387494902412463, 0.0, 0.6739801114782978, -0.3089583333333333], [0.0, 0.0, 0.0, 1.0]]","[[-0.43574726914439355, -0.7143749367177159, -0.5475333480462748, 0.5524086846354703], [-0.511302486310323, 0.6971041428196183, -0.5026087758451969, 0.5063368602663396], [0.7407388776931353, 0.060944760671324566, -0.6690229078444399, 0.07596270230154195], [0.0, 0.0, 0.0, 1.0]]","[[0.6739801114782978, -0.0, -0.7387494902412463, 0.3], [0.0, 0.9999999999999999, -0.0, -0.22], [0.7387494902412463, 0.0, 0.6739801114782978, -0.3089583333333333], [0.0, 0.0, 0.0, 1.0]]","[[-0.4544816712738809, 0.6993332152972204, -0.5517059583312034, 0.5557112745401929], [0.5044723612982988, 0.7125435603222003, 0.4876364540613035, -0.499067384424002], [0.7341348971151138, -0.0566985769258328, -0.6766322666059952, 0.07884005906966904], [0.0, 0.0, 0.0, 1.0]]"
1.0666666666666667,-82.12585990096399,37.16296023629641,36.06011691177113,3.437746693945311,-2.6755413384712585,-44.972192137033375,-31.253986000399962,-82.68308039383197,-36.55246085280775,-35.15081724266192,3.437746693945311,2.822269169768765,-45.18572775615007,30.43380322448649,"[[0.6691306063588581, -0.0, -0.7431448254773941, 0.3], [0.0, 0.9999999999999999, -0.0, 0.22], [0.7431448254773941, 0.0, 0.6691306063588581, -0.30666666666666664], [0.0, 0.0, 0.0, 1.0]]","[[-0.4444651805760287, -0.7145316515644031, -0.5402732847070684, 0.5517271083422928], [-0.5139934250995082, 0.6973822245355197, -0.49946850937408105, 0.5056126977034646], [0.7336630440536, 0.05570055488535705, -0.6772266872882882, 0.08346278076633529], [0.0, 0.0, 0.0, 1.0]]","[[0.6691306063588581, -0.0, -0.7431448254773941, 0.3], [0.0, 0.9999999999999999, -0.0, -0.22], [0.7431448254773941, 0.0, 0.6691306063588581, -0.30666666666666664], [0.0, 0.0, 0.0, 1.0]]","[[-0.45914799761662073, 0.6989169009813476, -0.548359628170489, 0.555560044445257], [0.5071295193135028, 0.7130239354226898, 0.4841657961434239, -0.49814804106946015], [0.7293851979067736, -0.0557855988313212, -0.6818249042368044, 0.08326378992787642], [0.0, 0.0, 0.0, 1.0]]"
1.075,-82.65329393886154,37.22447975015072,35.64212641003928,3.437746693945311,-2.6755413384712585,-44.972192137033375,-31.253986000399962,-83.13628393582982,-36.62520236746838,-34.87622997764907,3.437746693945311,2.822269169768765,-45.18572775615007,30.43380322448649,"[[0.6642524379112819, -0.0, -0.7475083268625967, 0.3], [0.0, 1.0, -0.0, 0.22], [0.7475083268625967, 0.0, 0.6642524379112819, -0.30437499999999995], [0.0, 0.0, 0.0, 1.0]]","[[-0.4448068749327617, -0.7140676064067354, -0.5406054915491576, 0.551930282877484], [-0.5166064494864123, 0.697630710747997, -0.49641632504409816, 0.504911862354259], [0.7316178103091762, 0.058470889353595595, -0.6792028671439824, 0.08467395001965476], [0.0, 0.0, 0.0, 1.0]]","[[0.6642524379112819, -0.0, -0.7475083268625967, 0.3], [0.0, 1.0, -0.0, -0.22], [0.7475083268625967, 0.0, 0.6642524379112819, -0.30437499999999995], [0.0, 0.0, 0.0, 1.0]]","[[-0.4635709654017792, 0.6988375134832258, -0.5447275372009799, 0.5552378258362717], [0.5090811126178859, 0.7132417434074712, 0.4817910711468265, -0.4975840936828135], [0.725216092493953, -0.05396614873838404, -0.6864031424594068, 0.08733120927453367], [0.0, 0.0, 0.0, 1.0]]"
1.0833333333333333,-83.10074646157825,37.28836250945785,35.38686858037756,3.437746693945311,-2.6755413384712585,-44.972192137033375,-31.253986000399962,-83.60062751636397,-36.69353157992519,-34.5828084659999,3.437746693945311,2.822269169768765,-45.18572775615007,30.43380322448649,"[[0.659345815100069, -0.0, -0.7518398074789773, 0.3], [0.0, 0.9999999999999999, -0.0, 0.22], [0.7518398074789773, 0.0, 0.659345815100069, -0.3020833333333333], [0.0, 0.0, 0.0, 1.0]]","[[-0.4492941489938843, -0.7139189412510955, -0.5370796151435804, 0.551646035619128], [-0.5182829196014255, 0.697959942726131, -0.4942011064325518, 0.5043018975883641], [0.7276795880944331, 0.05631752544857538, -0.6836013117293337, 0.08862824163017652], [0.0, 0.0, 0.0, 1.0]]","[[0.659345815100069, -0.0, -0.7518398074789773, 0.3], [0.0, 0.9999999999999999, -0.0, -0.22], [0.7518398074789773, 0.0, 0.659345815100069, -0.3020833333333333], [0.0, 0.0, 0.0, 1.0]]","[[-0.46801901498196685, 0.6986987091750178, -0.54108993283231, 0.554911322018375], [0.511160897823968, 0.7135010550433217, 0.4791980602922575, -0.4969469410791856], [0.7208833041145457, -0.052310211710822674, -0.691079520460319, 0.0914768556833959], [0.0, 0.0, 0.0, 1.0]]"
1.0916666666666666,-83.48415230044775,37.36118257129394,35.26071498640743,3.437746693945311,-2.6755413384712585,-44.972192137033375,-31.253986000399962,-84.07343370127977,-36.755003282455306,-34.27659401003531,3.437746693945311,2.822269169768765,-45.18572775615007,30.43380322448649,"[[0.6544109481086104, -0.0, -0.7561390817803227, 0.3], [0.0, 1.0, -0.0, 0.22], [0.7561390817803227, 0.0, 0.6544109481086104, -0.2997916666666666], [0.0, 0.0, 0.0, 1.0]]","[[-0.45374943672543594, -0.7138035361972304, -0.5334753606153513, 0.5513169900520901], [-0.5202652820391898, 0.6982280640266221, -0.49173326805323836, 0.5036789057970791], [0.7234884138505828, 0.05442501555318949, -0.6881877888381944, 0.0927181604729046], [0.0, 0.0, 0.0, 1.0]]","[[0.6544109481086104, -0.0, -0.7561390817803227, 0.3], [0.0, 1.0, -0.0, -0.22], [0.7561390817803227, 0.0, 0.6544109481086104, -0.2997916666666666], [0.0, 0.0, 0.0, 1.0]]","[[-0.4725026938887229, 0.6984780557867234, -0.5374659150609449, 0.5545900007071983], [0.5132877907213449, 0.7138289168482717, 0.4764282961449958, -0.4962249438351079], [0.7164334220039574, -0.05076103875633367, -0.6958063443085851, 0.09567021530159325], [0.0, 0.0, 0.0, 1.0]]"
1.1,-84.03648237786999,37.41910940564482,34.79902151927124,3.437746693945311,-2.6755413384712585,-44.972192137033375,-31.253986000399962,-84.552926641393,-36.809323776924415,-33.96119636473163,3.437746693945311,2.822269169768765,-45.18572775615007,30.43380322448649,"[[0.6494480483301835, -0.0, -0.7604059656000309, 0.3], [0.0, 0.9999999999999999, -0.0, 0.22], [0.7604059656000309, 0.0, 0.6494480483301835, -0.29749999999999993], [0.0, 0.0, 0.0, 1.0]]","[[-0.4582293611545645, -0.713627678607972, -0.5298692186761532, 0.5509847232413262], [-0.5223749314315089, 0.6985404365735413, -0.489045692633698, 0.5029800583379169], [0.7191316177083348, 0.052695301462691746, -0.6928729476721904, 0.09688589964271395], [0.0, 0.0, 0.0, 1.0]]","[[0.6494480483301835, -0.0, -0.7604059656000309, 0.3], [0.0, 0.9999999999999999, -0.0, -0.22], [0.7604059656000309, 0.0, 0.6494480483301835, -0.29749999999999993], [0.0, 0.0, 0.0, 1.0]]","[[-0.477020338864956, 0.6981767259598708, -0.5338547139785488, 0.5542730983514256], [0.5154244814115974, 0.7142270251371904, 0.4735159559352415, -0.4954222051081721], [0.7118912840249898, -0.04928504734333766, -0.7005581944689653, 0.09989559344786753], [0.0, 0.0, 0.0, 1.0]]"
1.1083333333333334,-84.52638452627833,37.47987418359583,34.465889287787626,3.437746693945311,-2.6755413384712585,-44.972192137033375,-31.253986000399962,-85.0458204126578,-36.86140055425118,-33.621858906387054,3.437746693945311,2.822269169768765,-45.18572775615007,30.43380322448649,"[[0.6444573283588975, -0.0, -0.7646402761590003, 0.3], [0.0, 1.0, -0.0, 0.22], [0.7646402761590003, 0.0, 0.6444573283588975, -0.2952083333333333], [0.0, 0.0, 0.0, 1.0]]","[[-0.4627211174817142, -0.7134207310251264, -0.5262319146346486, 0.5506351991959664], [-0.5247368023383072, 0.6988609251137575, -0.4860500957935422, 0.5022095607245377], [0.7145211373418159, 0.05122760869606843, -0.6977358213529249, 0.10118407615696864], [0.0, 0.0, 0.0, 1.0]]","[[0.6444573283588975, -0.0, -0.7646402761590003, 0.3], [0.0, 1.0, -0.0, -0.22], [0.7646402761590003, 0.0, 0.6444573283588975, -0.2952083333333333], [0.0, 0.0, 0.0, 1.0]]","[[-0.48154597561125567, 0.6978510095736087, -0.530205094100103, 0.5539353549111652], [0.5177576283617936, 0.7146312373789747, 0.4703501172906903, -0.49455809600560385], [0.7071354266657658, -0.04802252595699688, -0.7054454800726524, 0.10422680638041988], [0.0, 0.0, 0.0, 1.0]]"
1.1166666666666667,-85.01831524087015,37.526234092587295,34.132958546884524,3.437746693945311,-2.6755413384712585,-44.972192137033375,-31.253986000399962,-85.53857074995003,-36.90005259476428,-33.2864351464369,3.437746693945311,2.822269169768765,-45.18572775615007,30.43380322448649,"[[0.6394390019805846, -0.0, -0.7688418320734595, 0.3], [0.0, 0.9999999999999999, -0.0, 0.22], [0.7688418320734595, 0.0, 0.6394390019805846, -0.2929166666666666], [0.0, 0.0, 0.0, 1.0]]","[[-0.46727926462817426, -0.7130561422927595, -0.5226863560368884, 0.5503270416240125], [-0.5269586411703033, 0.6993387488052405, -0.4829491742569486, 0.5013101143814876], [0.7099046973675414, 0.04976195693588514, -0.7025375920884311, 0.10545293069635747], [0.0, 0.0, 0.0, 1.0]]","[[0.6394390019805846, -0.0, -0.7688418320734595, 0.3], [0.0, 0.9999999999999999, -0.0, -0.22], [0.7688418320734595, 0.0, 0.6394390019805846, -0.2929166666666666], [0.0, 0.0, 0.0, 1.0]]","[[-0.48612453617673057, 0.6973802568596372, -0.5266343253808522, 0.5536309703304327], [0.5199223891791938, 0.7151763130254387, 0.46712262899322177, -0.49358052411829756], [0.7023984941307589, -0.046729205318800676, -0.710248362766938, 0.10851405970566814], [0.0, 0.0, 0.0, 1.0]]"
1.125,-85.51525931431277,37.56561013315242,33.79501786222522,3.437746693945311,-2.6755413384712585,-44.972192137033375,-31.253986000399962,-86.03499572901572,-36.932536974456866,-32.94822125421079,3.437746693945311,2.822269169768765,-45.18572775615007,30.43380322448649,"[[0.6343932841636455, -0.0, -0.773010453362737, 0.3], [0.0, 1.0, -0.0, 0.22], [0.773010453362737, 0.0, 0.6343932841636455, -0.29062499999999997], [0.0, 0.0, 0.0, 1.0]]","[[-0.4718729262486959, -0.7126193991205488, -0.5191430761076958, 0.5500194213888474], [-0.529151741491248, 0.6998845213144015, -0.47975003001697747, 0.500339053118324], [0.7052193814340844, 0.04832441227349982, -0.7073403531738794, 0.10974081983514047], [0.0, 0.0, 0.0, 1.0]]","[[0.6343932841636455, -0.0, -0.773010453362737, 0.3], [0.0, 1.0, -0.0, -0.22], [0.773010453362737, 0.0, 0.6343932841636455, -0.29062499999999997], [0.0, 0.0, 0.0, 1.0]]","[[-0.4907292979859661, 0.6968485036514854, -0.5230553690164041, 0.5533210639024125], [0.522044018939075, 0.7157770995649624, 0.46382452072773017, -0.4925428008056493], [0.6976064781724289, -0.0454456455235884, -0.7150383870218471, 0.11281217415376316], [0.0, 0.0, 0.0, 1.0]]"
1.1333333333333333,-86.0166430107159,37.59861360722192,33.45257608290287,3.437746693945311,-2.6755413384712585,-44.972192137033375,-31.253986000399962,-86.60858135513506,-36.92654348346018,-32.466433370536436,3.437746693945311,2.822269169768765,-45.18572775615007,30.43380322448649,"[[0.6293203910498375, -0.0, -0.7771459614569708, 0.3], [0.0, 1.0, -0.0, 0.22], [0.7771459614569708, 0.0, 0.6293203910498375, -0.2883333333333333], [0.0, 0.0, 0.0, 1.0]]","[[-0.47649394244188736, -0.7121195694132516, -0.5155960062635013, 0.549708077097777], [-0.5313180008311322, 0.7004889683302175, -0.47646236707685163, 0.49930358293174226], [0.7004674901870865, 0.04691400757079667, -0.7121406961300912, 0.11404540058459993], [0.0, 0.0, 0.0, 1.0]]","[[0.6293203910498375, -0.0, -0.7771459614569708, 0.3], [0.0, 1.0, -0.0, -0.22], [0.7771459614569708, 0.0, 0.6293203910498375, -0.2883333333333333], [0.0, 0.0, 0.0, 1.0]]","[[-0.49535410885074294, 0.6962616831915961, -0.5194650857987396, 0.5530029369342812], [0.5241306379264393, 0.7164271612225452, 0.4604554235204847, -0.4914486463317704], [0.6927563649880889, -0.04417908081672489, -0.719817218178809, 0.11712179595379454], [0.0, 0.0, 0.0, 1.0]]"
1.1416666666666666,-86.5290096513044,37.62849909993531,33.088356245411944,3.437746693945311,-2.6755413384712585,-44.972192137033375,-31.253986000399962,-87.00846844047179,-36.973494203814845,-32.32507577547385,3.437746693945311,2.822269169768765,-45.18572775615007,30.43380322448649,"[[0.6242205399450178, -0.0, -0.7812481792047585, 0.3], [0.0, 1.0, -0.0, 0.22], [0.7812481792047585, 0.0, 0.6242205399450178, -0.28604166666666664], [0.0, 0.0, 0.0, 1.0]]","[[-0.48110132245407145, -0.7115980669766506, -0.5120251054470256, 0.5493761694916323], [-0.5336585581393725, 0.7010979115408367, -0.4729379047588415, 0.4982066511088631], [0.6955214309117653, 0.04571552808588358, -0.7170495308096081, 0.11843384526985341], [0.0, 0.0, 0.0, 1.0]]","[[0.6242205399450178, -0.0, -0.7812481792047585, 0.3], [0.0, 1.0, -0.0, -0.22], [0.7812481792047585, 0.0, 0.6242205399450178, -0.28604166666666664], [0.0, 0.0, 0.0, 1.0]]","[[-0.5000240313501783, 0.6955439463529155, -0.5159404876186096, 0.5527112256000685], [0.5255224045755728, 0.7172357229036033, 0.4576014860990441, -0.49034782402445154], [0.6883328921106588, -0.042326545840148666, -0.7241590247699863, 0.1211631918238294], [0.0, 0.0, 0.0, 1.0]]"
1.15,-87.04159485794635,37.64672545973549,32.729791804553784,3.437746693945311,-2.6755413384712585,-44.972192137033375,-31.253986000399962,-87.5314491950305,-37.00323967765025,-31.936356049430085,3.437746693945311,2.822269169768765,-45.18572775615007,30.43380322448649,"[[0.6190939493098342, -0.0, -0.7853169308807448, 0.3], [0.0, 1.0, -0.0, 0.22], [0.7853169308807448, 0.0, 0.6190939493098342, -0.28375], [0.0, 0.0, 0.0, 1.0]]","[[-0.4857732657415284, -0.7109536827311633, -0.5084969963547545, 0.5490663064744112], [-0.5358282113816266, 0.7018323998667035, -0.46938194509898956, 0.4970132992305929], [0.6905884897523109, 0.04445383569885053, -0.7218804570794823, 0.12278945048998344], [0.0, 0.0, 0.0, 1.0]]","[[0.6190939493098342, -0.0, -0.7853169308807448, 0.3], [0.0, 1.0, -0.0, -0.22], [0.7853169308807448, 0.0, 0.6190939493098342, -0.28375], [0.0, 0.0, 0.0, 1.0]]","[[-0.5045636867257833, 0.6950309924518202, -0.5121985997336618, 0.5522996311591659], [0.5280763777693883, 0.7177803076474428, 0.4537915481754868, -0.4892102431968002], [0.6830452585880735, -0.04151324469348039, -0.7291953272171808, 0.12567668691450085], [0.0, 0.0, 0.0, 1.0]]"
1.1583333333333332,-87.55729463084982,37.659074441754875,32.36972813717281,3.437746693945311,-2.6755413384712585,-44.972192137033375,-31.253986000399962,-88.13276538918008,-36.97271556224946,-31.407815520886988,3.437746693945311,2.822269169768765,-45.18572775615007,30.43380322448649,"[[0.6139408387503665, -0.0, -0.78935204219315, 0.3], [0.0, 1.0, -0.0, 0.22], [0.78935204219315, 0.0, 0.6139408387503665, -0.28145833333333325], [0.0, 0.0, 0.0, 1.0]]","[[-0.4904707708876821, -0.7102554168020487, -0.504951151903024, 0.5487466583066634], [-0.5379466527384229, 0.7026178494531441, -0.4657698535085387, 0.49576501537167184], [0.685603253866527, 0.043190282856066964, -0.7266930423187246, 0.12715391679492], [0.0, 0.0, 0.0, 1.0]]","[[0.6139408387503665, -0.0, -0.78935204219315, 0.3], [0.0, 1.0, -0.0, -0.22], [0.78935204219315, 0.0, 0.6139408387503665, -0.28145833333333325], [0.0, 0.0, 0.0, 1.0]]","[[-0.5095810599044968, 0.6937902089531929, -0.5089030254845165, 0.5521543442717898], [0.5314075274536749, 0.7189438055463, 0.44802437906008596, -0.48724543610179505], [0.6767076053600857, -0.04213016054192878, -0.7350454859534408, 0.1307199933906175], [0.0, 0.0, 0.0, 1.0]]"
1.1666666666666667,-88.08229712140286,37.66734580083976,31.9896281098616,3.437746693945311,-2.6755413384712585,-44.972192137033375,-31.253986000399962,-88.63029002870215,-36.97439920387987,-31.08122319553366,3.437746693945311,2.822269169768765,-45.18572775615007,30.43380322448649,"[[0.6087614290087205, -0.0, -0.7933533402912352, 0.3], [0.0, 0.9999999999999999, -0.0, 0.22], [0.7933533402912352, 0.0, 0.6087614290087205, -0.2791666666666666], [0.0, 0.0, 0.0, 1.0]]","[[-0.4996102269389217, -0.7091003127360209, -0.49756041604584705, 0.5479111072826762], [-0.5407283214640708, 0.7040266100228364, -0.46039050245025864, 0.4937365147850358], [0.6767588222584819, 0.03902920518573766, -0.7351695162599453, 0.13520442344817185], [0.0, 0.0, 0.0, 1.0]]","[[0.6087614290087205, -0.0, -0.7933533402912352, 0.3], [0.0, 0.9999999999999999, -0.0, -0.22], [0.7933533402912352, 0.0, 0.6087614290087205, -0.2791666666666666], [0.0, 0.0, 0.0, 1.0]]","[[-0.5142426980132759, 0.6929816127212998, -0.5053028121534786, 0.5518059839461025], [0.533094130245463, 0.7198039464743347, 0.4446267276466932, -0.4859626772254613], [0.6718371051362528, -0.04072791512169577, -0.7395783535853249, 0.13493546805591697], [0.0, 0.0, 0.0, 1.0]]"
1.175,-88.68791633472955,37.62231777873645,31.463590845649314,3.437746693945311,-2.6755413384712585,-44.972192137033375,-31.253986000399962,-89.13670757452357,-36.97388010950295,-30.74119247298833,3.437746693945311,2.822269169768765,-45.18572775615007,30.43380322448649,"[[0.6035559419535715, -0.0, -0.7973206537727071, 0.3], [0.0, 1.0, -0.0, 0.22], [0.7973206537727071, 0.0, 0.6035559419535715, -0.2768749999999999], [0.0, 0.0, 0.0, 1.0]]","[[-0.5002383517591589, -0.7081982722352342, -0.49821360743390875, 0.5482975114576809], [-0.5434016937589423, 0.7047303508110496, -0.4561466122483511, 0.49237144002452493], [0.6741484930259747, 0.042548088661699346, -0.7373692897741562, 0.1365896687553685], [0.0, 0.0, 0.0, 1.0]]","[[0.6035559419535715, -0.0, -0.7973206537727071, 0.3], [0.0, 1.0, -0.0, -0.22], [0.7973206537727071, 0.0, 0.6035559419535715, -0.2768749999999999], [0.0, 0.0, 0.0, 1.0]]","[[-0.5189117874052436, 0.6921616535051356, -0.5016401123404425, 0.5514266508189689], [0.5348750298404341, 0.7206644610345228, 0.4410798533769318, -0.484636966314688], [0.6668127618343024, -0.03943323495298642, -0.7441812686678244, 0.1392211316380432], [0.0, 0.0, 0.0, 1.0]]"
1.1833333333333333,-89.18585078560182,37.616877533062535,31.1511848232021,3.437746693945311,-2.6755413384712585,-44.972192137033375,-31.253986000399962,-89.65136232848404,-36.96816324116765,-30.388816183518202,3.437746693945311,2.822269169768765,-45.18572775615007,30.43380322448649,"[[0.5983246005706591, -0.0, -0.8012538126910607, 0.3], [0.0, 1.0, -0.0, 0.22], [0.8012538126910607, 0.0, 0.5983246005706591, -0.2745833333333333], [0.0, 0.0, 0.0, 1.0]]","[[-0.5049857535140994, -0.7073422559647774, -0.49462745746112496, 0.547946601881529], [-0.5448757829133423, 0.7056923200198175, -0.4528893139163477, 0.4910522075064351], [0.6694025470091743, 0.040807871688036096, -0.7417782334808181, 0.14075187930416272], [0.0, 0.0, 0.0, 1.0]]","[[0.5983246005706591, -0.0, -0.8012538126910607, 0.3], [0.0, 1.0, -0.0, -0.22], [0.8012538126910607, 0.0, 0.5983246005706591, -0.2745833333333333], [0.0, 0.0, 0.0, 1.0]]","[[-0.5236024125210954, 0.6912966764531009, -0.49794519650960134, 0.5510307647753301], [0.5367149779938875, 0.7215580565524649, 0.43736826979246113, -0.48324269577276713], [0.6616475995566746, -0.03824756396330267, -0.7488388196746771, 0.1435644419200671], [0.0, 0.0, 0.0, 1.0]]"
1.1916666666666667,-89.60785402347105,37.649218478782544,30.9826123393916,3.437746693945311,-2.6755413384712585,-44.972192137033375,-31.253986000399962,-90.17794259273533,-36.95539420251431,-30.009713363825814,3.437746693945311,2.822269169768765,-45.18572775615007,30.43380322448649,"[[0.5930676289532372, -0.0, -0.8051526485628582, 0.3], [0.0, 0.9999999999999999, -0.0, 0.22], [0.8051526485628582, 0.0, 0.5930676289532372, -0.2722916666666666], [0.0, 0.0, 0.0, 1.0]]","[[-0.5137696650202668, -0.706522639843733, -0.4866893163951778, 0.546771309148867], [-0.5461602377547237, 0.7068321275130258, -0.44955237538146053, 0.48959651905953516], [0.6616265759479939, 0.03484397944627601, -0.7490234783340779, 0.14813152624609813], [0.0, 0.0, 0.0, 1.0]]","[[0.5930676289532372, -0.0, -0.8051526485628582, 0.3], [0.0, 0.9999999999999999, -0.0, -0.22], [0.8051526485628582, 0.0, 0.5930676289532372, -0.2722916666666666], [0.0, 0.0, 0.0, 1.0]]","[[-0.5282809235860924, 0.6903816811220541, -0.4942594461880434, 0.5506267722577383], [0.5387496958955277, 0.7224797982455085, 0.43332632772496715, -0.48174382796543724], [0.6562530235720834, -0.03736409370258492, -0.7536152158457807, 0.1479954411669512], [0.0, 0.0, 0.0, 1.0]]"
1.2,-90.16784074295289,37.64450906334982,30.541785100169808,3.437746693945311,-2.6755413384712585,-44.972192137033375,-31.253986000399962,-90.70712515906041,-36.93174467251314,-29.633960751921318,3.437746693945311,2.822269169768765,-45.18572775615007,30.43380322448649,"[[0.5877852522924732, -0.0, -0.8090169943749473, 0.3], [0.0, 1.0, -0.0, 0.22], [0.8090169943749473, 0.0, 0.5877852522924732, -0.26999999999999996], [0.0, 0.0, 0.0, 1.0]]","[[-0.5140382020418909, -0.7061486103247573, -0.48694852600449884, 0.5469283870700618], [-0.5480015585325168, 0.7070896932540497, -0.4468987106043454, 0.4888330237394135], [0.6598931873322171, 0.0371255414816801, -0.7504416536162019, 0.14903952891069264], [0.0, 0.0, 0.0, 1.0]]","[[0.5877852522924732, -0.0, -0.8090169943749473, 0.3], [0.0, 1.0, -0.0, -0.22], [0.8090169943749473, 0.0, 0.5877852522924732, -0.26999999999999996], [0.0, 0.0, 0.0, 1.0]]","[[-0.5330390985130535, 0.68934692133639, -0.49058143207874505, 0.5502337337754677], [0.5406377160700072, 0.7235147498214238, 0.4292286881761852, -0.4801467326693684], [0.6508303768409996, -0.03643115198403177, -0.758348595136906, 0.15242284614791335], [0.0, 0.0, 0.0, 1.0]]"
1.2083333333333333,-90.72747912278706,37.6152007216213,30.105643370718642,3.437746693945311,-2.6755413384712585,-44.972192137033375,-31.253986000399962,-91.24493425430722,-36.90035312308776,-29.238168364992003,3.437746693945311,2.822269169768765,-45.18572775615007,30.43380322448649,"[[0.5824776968678023, -0.0, -0.8128466845916151, 0.3], [0.0, 1.0, -0.0, 0.22], [0.8128466845916151, 0.0, 0.5824776968678023, -0.2677083333333333], [0.0, 0.0, 0.0, 1.0]]","[[-0.5233496766325723, -0.7044286715328683, -0.4794636197784147, 0.5460040747466512], [-0.5509300817578855, 0.7089724953402246, -0.4402658808780267, 0.48613513957407795], [0.6500624285273157, 0.03373792485458382, -0.7591314717778963, 0.15739818755000312], [0.0, 0.0, 0.0, 1.0]]","[[0.5824776968678023, -0.0, -0.8128466845916151, 0.3], [0.0, 1.0, -0.0, -0.22], [0.8128466845916151, 0.0, 0.5824776968678023, -0.2677083333333333], [0.0, 0.0, 0.0, 1.0]]","[[-0.5377867116330575, 0.6882583937522337, -0.48691460875650294, 0.5498335081385912], [0.5426513581156966, 0.7245847084598447, 0.4248605698359781, -0.47845025769028454], [0.6452247331946389, -0.03574050497345185, -0.7631563797663949, 0.15690967169629944], [0.0, 0.0, 0.0, 1.0]]"
1.2166666666666666,-91.28218610604047,37.57285354876722,29.69056935976238,3.437746693945311,-2.6755413384712585,-44.972192137033375,-31.253986000399962,-92.14260552635449,-36.92057389812558,-28.806975107594514,3.437746693945311,2.822269169768765,-45.18572775615007,30.43380322448649,"[[0.5771451900372337, -0.0, -0.8166415551616788, 0.3], [0.0, 1.0, -0.0, 0.22], [0.8166415551616788, 0.0, 0.5771451900372337, -0.26541666666666663], [0.0, 0.0, 0.0, 1.0]]","[[-0.5237179767545753, -0.7039171477401518, -0.4798125987731706, 0.5462164540509962], [-0.5525399289289215, 0.7093723069019725, -0.437596340409511, 0.48525954284241163], [0.648397337874946, 0.03593854919085332, -0.760453360120619, 0.1582483354186937], [0.0, 0.0, 0.0, 1.0]]","[[0.5771451900372337, -0.0, -0.8166415551616788, 0.3], [0.0, 1.0, -0.0, -0.22], [0.8166415551616788, 0.0, 0.5771451900372337, -0.26541666666666663], [0.0, 0.0, 0.0, 1.0]]","[[-0.5466274415952885, 0.6869279535041853, -0.4788824770124098, 0.5485984412908593], [0.5439411540051823, 0.726082914554318, 0.42063240741984875, -0.47650118599791613], [0.6366525434446171, -0.03055467045901139, -0.770545229716362, 0.16449596417903567], [0.0, 0.0, 0.0, 1.0]]"
1.225,-91.8398505612045,37.523683016932296,29.26653755570965,3.437746693945311,-2.6755413384712585,-44.972192137033375,-31.253986000399962,-92.36001044763599,-36.800762134799804,-28.387135332144876,3.437746693945311,2.822269169768765,-45.18572775615007,30.43380322448649,"[[0.5717879602276122, -0.0, -0.8204014435255137, 0.3], [0.0, 1.0, -0.0, 0.22], [0.8204014435255137, 0.0, 0.5717879602276122, -0.26312499999999994], [0.0, 0.0, 0.0, 1.0]]","[[-0.5285918036234294, -0.7026859349359027, -0.4762595741666367, 0.5458592646785095], [-0.5546721877881251, 0.7106205530522209, -0.43284777194077195, 0.4833578334672972], [0.6425958833018344, 0.03536815549349373, -0.7653885446885937, 0.16283107313308204], [0.0, 0.0, 0.0, 1.0]]","[[0.5717879602276122, -0.0, -0.8204014435255137, 0.3], [0.0, 1.0, -0.0, -0.22], [0.8204014435255137, 0.0, 0.5717879602276122, -0.26312499999999994], [0.0, 0.0, 0.0, 1.0]]","[[-0.5475130045405128, 0.6857357798228741, -0.4795789300310589, 0.5490527638699736], [0.5468758397727943, 0.7270110177022111, 0.41518886788110826, -0.47460332864168236], [0.6333690280806457, -0.03494882559271395, -0.7730603170890797, 0.16615099272523748], [0.0, 0.0, 0.0, 1.0]]"
1.2333333333333334,-92.39573916718433,37.46774035253531,28.85528162049943,3.437746693945311,-2.6755413384712585,-44.972192137033375,-31.253986000399962,-92.79505934681995,-36.79892822900766,-28.204673658657157,3.437746693945311,2.822269169768765,-45.18572775615007,30.43380322448649,"[[0.5664062369248328, -0.0, -0.8241261886220157, 0.3], [0.0, 1.0, -0.0, 0.22], [0.8241261886220157, 0.0, 0.5664062369248328, -0.26083333333333325], [0.0, 0.0, 0.0, 1.0]]","[[-0.5335261034636362, -0.7013839734649321, -0.47266311331587196, 0.5454881844451186], [-0.5566043965546388, 0.7119411625194606, -0.42817207621058795, 0.481412088751115], [0.6368213585134813, 0.034645387528247695, -0.7702325976379224, 0.1673852855476904], [0.0, 0.0, 0.0, 1.0]]","[[0.5664062369248328, -0.0, -0.8241261886220157, 0.3], [0.0, 1.0, -0.0, -0.22], [0.8241261886220157, 0.0, 0.5664062369248328, -0.26083333333333325], [0.0, 0.0, 0.0, 1.0]]","[[-0.5519813380980716, 0.6849201525812417, -0.4756059156271621, 0.548447851839333], [0.5470911240074018, 0.7279127095207159, 0.41332116973429733, -0.4735788505020341], [0.6292915893477207, -0.03205420263083594, -0.7765079675508302, 0.169798835160215], [0.0, 0.0, 0.0, 1.0]]"
1.2416666666666667,-92.84511780324698,37.4659645033511,28.648463492431443,3.437746693945311,-2.6755413384712585,-44.972192137033375,-31.253986000399962,-93.37890391707265,-36.73501473384926,-27.724233029796583,3.437746693945311,2.822269169768765,-45.18572775615007,30.43380322448649,"[[0.5610002506640098, -0.0, -0.827815630895502, 0.3], [0.0, 0.9999999999999999, -0.0, 0.22], [0.827815630895502, 0.0, 0.5610002506640098, -0.2585416666666666], [0.0, 0.0, 0.0, 1.0]]","[[-0.5425256188631098, -0.6998481954141564, -0.4646272228924478, 0.5442104792775772], [-0.5578921532058894, 0.7136856529212319, -0.42356715430459346, 0.4792076457668676], [0.6280304915117546, 0.029415849298354557, -0.7776325671816737, 0.1750599941187897], [0.0, 0.0, 0.0, 1.0]]","[[0.5610002506640098, -0.0, -0.827815630895502, 0.3], [0.0, 0.9999999999999999, -0.0, -0.22], [0.827815630895502, 0.0, 0.5610002506640098, -0.2585416666666666], [0.0, 0.0, 0.0, 1.0]]","[[-0.5568087498661568, 0.6836056749259397, -0.47185516557683055, 0.5479941022884599], [0.5495970953289403, 0.7291380759552607, 0.40779982711895824, -0.4714426496958327], [0.6228218436105781, -0.03226371648324028, -0.7816981538421398, 0.17462368102328246], [0.0, 0.0, 0.0, 1.0]]"
1.25,-93.44734924274535,37.39735183804374,28.145274918540142,3.437746693945311,-2.6755413384712585,-44.972192137033375,-31.253986000399962,-93.95147184500564,-36.653274444957134,-27.279514290295175,3.437746693945311,2.822269169768765,-45.18572775615007,30.43380322448649,"[[0.5555702330196023, -0.0, -0.8314696123025452, 0.3], [0.0, 1.0, -0.0, 0.22], [0.8314696123025452, 0.0, 0.5555702330196023, -0.25625], [0.0, 0.0, 0.0, 1.0]]","[[-0.5474967821146214, -0.6983693724035671, -0.46100704253057, 0.543808733510871], [-0.5603661651450706, 0.7151264130197167, -0.4178324716464258, 0.4768883233658958], [0.62147971369526, 0.029570814838309117, -0.7828719770020233, 0.1799246351937803], [0.0, 0.0, 0.0, 1.0]]","[[0.5555702330196023, -0.0, -0.8314696123025452, 0.3], [0.0, 1.0, -0.0, -0.22], [0.8314696123025452, 0.0, 0.5555702330196023, -0.25625], [0.0, 0.0, 0.0, 1.0]]","[[-0.5617903723888519, 0.6820616568910709, -0.46817034687195064, 0.5475877219386587], [0.5515857116972682, 0.7305887441518207, 0.40248389976505117, -0.4691930288655268], [0.6165588213160311, -0.0321244940453963, -0.7866531870778343, 0.17931781370859068], [0.0, 0.0, 0.0, 1.0]]"
1.2583333333333333,-94.03905536073272,37.3072104164725,27.66393099716183,3.437746693945311,-2.6755413384712585,-44.972192137033375,-31.253986000399962,-94.40763968910329,-36.63476121721182,-27.059358510325445,3.437746693945311,2.822269169768765,-45.18572775615007,30.43380322448649,"[[0.5501164165954935, -0.0, -0.8350879763187431, 0.3], [0.0, 1.0, -0.0, 0.22], [0.8350879763187431, 0.0, 0.5501164165954935, -0.2539583333333333], [0.0, 0.0, 0.0, 1.0]]","[[-0.5479721603299089, -0.6977188075429188, -0.4614271091995572, 0.5440691599372598], [-0.5620437722180736, 0.7156514897335705, -0.4146682328717737, 0.4757627988745456], [0.6195428230673414, 0.032115585671268404, -0.7843056034115404, 0.18086344158110834], [0.0, 0.0, 0.0, 1.0]]","[[0.5501164165954935, -0.0, -0.8350879763187431, 0.3], [0.0, 1.0, -0.0, -0.22], [0.8350879763187431, 0.0, 0.5501164165954935, -0.2539583333333333], [0.0, 0.0, 0.0, 1.0]]","[[-0.566279496298466, 0.6811025665778849, -0.4641409547464798, 0.5469369391859116], [0.5519981754001675, 0.73158789649121, 0.400096443451392, -0.46795713642280845], [0.6120666192718256, -0.029638547680086724, -0.7902505995344601, 0.18311481638460803], [0.0, 0.0, 0.0, 1.0]]"
1.2666666666666666,-94.50187580908195,37.285029377142884,27.443653981334336,3.437746693945311,-2.6755413384712585,-44.972192137033375,-31.253986000399962,-95.0183542235508,-36.53564151197659,-26.54070126551136,3.437746693945311,2.822269169768765,-45.18572775615007,30.43380322448649,"[[0.5446390350150272, -0.0, -0.838670567945424, 0.3], [0.0, 1.0, -0.0, 0.22], [0.838670567945424, 0.0, 0.5446390350150272, -0.25166666666666665], [0.0, 0.0, 0.0, 1.0]]","[[-0.5525752102109482, -0.696727295963317, -0.4574185305821913, 0.543430830852398], [-0.562421859513668, 0.7167315322931409, -0.4122833522686969, 0.47449145028589035], [0.6150953495203116, 0.02944462049969604, -0.7879027384913155, 0.1846762905020893], [0.0, 0.0, 0.0, 1.0]]","[[0.5446390350150272, -0.0, -0.838670567945424, 0.3], [0.0, 1.0, -0.0, -0.22], [0.838670567945424, 0.0, 0.5446390350150272, -0.25166666666666665], [0.0, 0.0, 0.0, 1.0]]","[[-0.571288391049613, 0.6794875802938339, -0.4603544313660672, 0.5464764037307908], [0.5545245776197733, 0.7330622032587683, 0.39385568292080353, -0.46542155130740814], [0.6050884787099788, -0.030272667207086934, -0.7955824900993061, 0.18811437692272892], [0.0, 0.0, 0.0, 1.0]]"
1.275,-95.12820415597211,37.17780906755202,26.89617846086467,3.437746693945311,-2.6755413384712585,-44.972192137033375,-31.253986000399962,-95.48975338949758,-36.50217016994895,-26.29443537989196,3.437746693945311,2.822269169768765,-45.18572775615007,30.43380322448649,"[[0.5391383229110004, -0.0, -0.8422172337162865, 0.3], [0.0, 1.0, -0.0, 0.22], [0.8422172337162865, 0.0, 0.5391383229110004, -0.24937499999999996], [0.0, 0.0, 0.0, 1.0]]","[[-0.5576210676070856, -0.6950979690032528, -0.4537593618299102, 0.5430082281988035], [-0.5651901441890401, 0.718280210601719, -0.4057507116069209, 0.47184868972775995], [0.6079628655372847, 0.030205174151187758, -0.7933906992032302, 0.18975855795439323], [0.0, 0.0, 0.0, 1.0]]","[[0.5391383229110004, -0.0, -0.8422172337162865, 0.3], [0.0, 1.0, -0.0, -0.22], [0.8422172337162865, 0.0, 0.5391383229110004, -0.24937499999999996], [0.0, 0.0, 0.0, 1.0]]","[[-0.5758200585923476, 0.6783960625594125, -0.4563003861784374, 0.5458052003312659], [0.5550432952757909, 0.734159590003741, 0.39107114029921775, -0.4640047365298725], [0.6002984261949191, -0.028079863059224025, -0.7992830041971859, 0.19201630397372055], [0.0, 0.0, 0.0, 1.0]]"
1.2833333333333332,-95.60529286949752,37.14177298949103,26.652209226353694,3.437746693945311,-2.6755413384712585,-44.972192137033375,-31.253986000399962,-96.12198301983064,-36.37325717955412,-25.738662887128026,3.437746693945311,2.822269169768765,-45.18572775615007,30.43380322448649,"[[0.5336145159156114, -0.0, -0.8457278217039733, 0.3], [0.0, 1.0, -0.0, 0.22], [0.8457278217039733, 0.0, 0.5336145159156114, -0.24708333333333327], [0.0, 0.0, 0.0, 1.0]]","[[-0.5668425756460721, -0.6929026691115536, -0.4456179816535824, 0.5416363573819448], [-0.5665995170162235, 0.7205648635509224, -0.3996889599836646, 0.4688514381600804], [0.598042207333153, 0.025926213644223844, -0.8010451608331234, 0.1977799704685561], [0.0, 0.0, 0.0, 1.0]]","[[0.5336145159156114, -0.0, -0.8457278217039733, 0.3], [0.0, 1.0, -0.0, -0.22], [0.8457278217039733, 0.0, 0.5336145159156114, -0.24708333333333327], [0.0, 0.0, 0.0, 1.0]]","[[-0.5809581172948879, 0.6765369819084108, -0.4525321845564556, 0.5453568098974964], [0.5576507247572573, 0.7358305480744416, 0.3841602187866058, -0.46112456356503445], [0.5928856003706662, -0.029173903248033678, -0.8047580681437059, 0.1971598107533111], [0.0, 0.0, 0.0, 1.0]]"
1.2916666666666667,-96.25156536876412,37.005507300454695,26.07090719401954,3.437746693945311,-2.6755413384712585,-44.972192137033375,-31.253986000399962,-96.60258928077859,-36.324141289232564,-25.478454877865342,3.437746693945311,2.822269169768765,-45.18572775615007,30.43380322448649,"[[0.5280678506503681, -0.0, -0.8492021815265789, 0.3], [0.0, 1.0, -0.0, 0.22], [0.8492021815265789, 0.0, 0.5280678506503681, -0.24479166666666657], [0.0, 0.0, 0.0, 1.0]]","[[-0.5674308018070733, -0.6921290565740061, -0.4460713555100325, 0.5419304567188946], [-0.568494048699179, 0.7211920661274696, -0.3958491131080213, 0.4674391782622561], [0.5956817957216732, 0.028971931257125855, -0.8026978419337099, 0.19888595245681354], [0.0, 0.0, 0.0, 1.0]]","[[0.5280678506503681, -0.0, -0.8492021815265789, 0.3], [0.0, 1.0, -0.0, -0.22], [0.8492021815265789, 0.0, 0.5280678506503681, -0.24479166666666657], [0.0, 0.0, 0.0, 1.0]]","[[-0.5855357112528715, 0.6753012127869833, -0.44845981186280653, 0.5446675314727489], [0.5581558223512755, 0.7370415393453175, 0.38109296405845183, -0.4595406216642831], [0.5878860508831331, -0.027166915318352497, -0.8084874457214039, 0.2011169428902677], [0.0, 0.0, 0.0, 1.0]]"
1.3,-96.87385024366564,36.85264766682981,25.540599354028704,3.437746693945311,-2.6755413384712585,-44.972192137033375,-31.253986000399962,-97.2510679311471,-36.16313323992785,-24.885826684340017,3.437746693945311,2.822269169768765,-45.18572775615007,30.43380322448649,"[[0.522498564715949, -0.0, -0.8526401643540922, 0.3], [0.0, 1.0, -0.0, 0.22], [0.8526401643540922, 0.0, 0.522498564715949, -0.24249999999999994], [0.0, 0.0, 0.0, 1.0]]","[[-0.5727047973784815, -0.6900530229361262, -0.44253366041058023, 0.5415684626461684], [-0.5707036272483149, 0.7231472058196972, -0.3890443272440574, 0.4643960928235605], [0.5884781940779871, 0.02974801257023657, -0.8079656371670966, 0.20387805738870649], [0.0, 0.0, 0.0, 1.0]]","[[0.522498564715949, -0.0, -0.8526401643540922, 0.3], [0.0, 1.0, -0.0, -0.22], [0.8526401643540922, 0.0, 0.522498564715949, -0.24249999999999994], [0.0, 0.0, 0.0, 1.0]]","[[-0.5907518904199149, 0.6732037958214279, -0.44475707218313876, 0.5442384749553943], [0.5608451735187585, 0.7388956677269283, 0.3734780897925475, -0.4563013850571818], [0.5800559415315131, -0.028806969746881295, -0.814067112213724, 0.20636414762315114], [0.0, 0.0, 0.0, 1.0]]"
1.3083333333333333,-97.35261235353768,36.79877796484592,25.2992324215915,3.437746693945311,-2.6755413384712585,-44.972192137033375,-31.253986000399962,-97.86870827741302,-35.99455392592818,-24.367843920706466,3.437746693945311,2.822269169768765,-45.18572775615007,30.43380322448649,"[[0.5169068966820276, -0.0, -0.8560416229147715, 0.3], [0.0, 1.0, -0.0, 0.22], [0.8560416229147715, 0.0, 0.5169068966820276, -0.2402083333333333], [0.0, 0.0, 0.0, 1.0]]","[[-0.5773765344922597, -0.6887721876733528, -0.438439517955866, 0.5408591079122728], [-0.5709883031064651, 0.724460744503955, -0.38617222503486015, 0.4628045406404229], [0.5836169078542088, 0.027377055364643826, -0.8115674967039113, 0.20778150700641979], [0.0, 0.0, 0.0, 1.0]]","[[0.5169068966820276, -0.0, -0.8560416229147715, 0.3], [0.0, 1.0, -0.0, -0.22], [0.8560416229147715, 0.0, 0.5169068966820276, -0.2402083333333333], [0.0, 0.0, 0.0, 1.0]]","[[-0.5953955146319314, 0.6718251739223272, -0.44063036304868086, 0.5435200954066816], [0.5612231355794163, 0.7402234385559385, 0.37026727252463276, -0.45458092519727483], [0.5749197972296533, -0.026836480705511895, -0.8177695458115062, 0.21034860950597029], [0.0, 0.0, 0.0, 1.0]]"
1.3166666666666667,-97.85635246520447,36.73969682852531,25.00298833426783,3.437746693945311,-2.6755413384712585,-44.972192137033375,-31.253986000399962,-98.3467532174222,-35.930032543933656,-24.11781801594898,3.437746693945311,2.822269169768765,-45.18572775615007,30.43380322448649,"[[0.5112930860770519, -0.0, -0.8594064115014527, 0.3], [0.0, 1.0, -0.0, 0.22], [0.8594064115014527, 0.0, 0.5112930860770519, -0.2379166666666666], [0.0, 0.0, 0.0, 1.0]]","[[-0.5826386156879679, -0.686691710099583, -0.4347260502773199, 0.5404031053828666], [-0.5735298200007978, 0.7263831898517381, -0.37872286314753484, 0.45955347775187316], [0.5758435456606777, 0.028669788651545625, -0.8170570690836809, 0.21298927568081422], [0.0, 0.0, 0.0, 1.0]]","[[0.5112930860770519, -0.0, -0.8594064115014527, 0.3], [0.0, 1.0, -0.0, -0.22], [0.8594064115014527, 0.0, 0.5112930860770519, -0.2379166666666666], [0.0, 0.0, 0.0, 1.0]]","[[-0.6006594537060141, 0.6695576817693888, -0.43692188255704767, 0.5430755460677655], [0.5630047105132575, 0.7422442399479485, 0.36345451462868833, -0.4514051806830739], [0.5676565128785857, -0.027676687802085653, -0.8228001484800729, 0.21525906635151956], [0.0, 0.0, 0.0, 1.0]]"
1.325,-98.49180594482577,36.56374091022202,24.450699237980597,3.437746693945311,-2.6755413384712585,-44.972192137033375,-31.253986000399962,-98.84904532898494,-35.85866731239078,-23.818585720863428,3.437746693945311,2.822269169768765,-45.18572775615007,30.43380322448649,"[[0.5056573733779848, -0.0, -0.8627343859777917, 0.3], [0.0, 1.0, -0.0, 0.22], [0.8627343859777917, 0.0, 0.5056573733779848, -0.23562499999999997], [0.0, 0.0, 0.0, 1.0]]","[[-0.5872907404159701, -0.6853215156661254, -0.4306088786668787, 0.5396596125838017], [-0.5739626000624598, 0.72775211311628, -0.37542482014956136, 0.4577866086876901], [0.5706632281400326, 0.02666987101345364, -0.8207509963618219, 0.21698277010602643], [0.0, 0.0, 0.0, 1.0]]","[[0.5056573733779848, -0.0, -0.8627343859777917, 0.3], [0.0, 1.0, -0.0, -0.22], [0.8627343859777917, 0.0, 0.5056573733779848, -0.23562499999999997], [0.0, 0.0, 0.0, 1.0]]","[[-0.605224961973275, 0.6681933063298372, -0.43268978585176743, 0.5422793082909629], [0.5636710580142049, 0.7435280859250919, 0.3597789929911366, -0.4495568527919068], [0.5621189231484693, -0.0261474820311616, -0.8266429854670247, 0.21937777547275286], [0.0, 0.0, 0.0, 1.0]]"
1.3333333333333333,-99.00431601938685,36.49001584832091,24.145126819797984,3.437746693945311,-2.6755413384712585,-44.972192137033375,-31.253986000399962,-99.52334209441612,-35.65281565609035,-23.18838294916657,3.437746693945311,2.822269169768765,-45.18572775615007,30.43380322448649,"[[0.5000000000000002, -0.0, -0.8660254037844386, 0.3], [0.0, 1.0, -0.0, 0.22], [0.8660254037844386, 0.0, 0.5000000000000002, -0.23333333333333328], [0.0, 0.0, 0.0, 1.0]]","[[-0.5919570019633933, -0.683954938457823, -0.42637137566406447, 0.5388605415971309], [-0.5746733920955129, 0.7290962076339622, -0.3717111949231702, 0.4559081386849667], [0.5650994604881056, 0.02498724020234791, -0.824644309737915, 0.22115220272330338], [0.0, 0.0, 0.0, 1.0]]","[[0.5000000000000002, -0.0, -0.8660254037844386, 0.3], [0.0, 1.0, -0.0, -0.22], [0.8660254037844386, 0.0, 0.5000000000000002, -0.23333333333333328], [0.0, 0.0, 0.0, 1.0]]","[[-0.6106059510041104, 0.6658060695599247, -0.4287920828741256, 0.5417590191050095], [0.5662941598820982, 0.7455872799111094, 0.35129835256969555, -0.4458217657392887], [0.5535984980848438, -0.02831758767830181, -0.8323021189125299, 0.22481304286878476], [0.0, 0.0, 0.0, 1.0]]"
1.3416666666666666,-99.69800369187168,36.27171275716354,23.479453168193956,3.437746693945311,-2.6755413384712585,-44.972192137033375,-31.253986000399962,-100.02258111141985,-35.56195023446708,-22.899870635983355,3.437746693945311,2.822269169768765,-45.18572775615007,30.43380322448649,"[[0.49432120828614456, -0.0, -0.8692793239451437, 0.3], [0.0, 1.0, -0.0, 0.22], [0.8692793239451437, 0.0, 0.49432120828614456, -0.23104166666666665], [0.0, 0.0, 0.0, 1.0]]","[[-0.5974019151417423, -0.6815492612470383, -0.42261277344466885, 0.5383866226613784], [-0.5775884000699135, 0.7312613806862421, -0.3628338920518984, 0.45201731073572554], [0.5563295712881495, 0.027338573672878758, -0.8305118966636641, 0.22670481895055847], [0.0, 0.0, 0.0, 1.0]]","[[0.49432120828614456, -0.0, -0.8692793239451437, 0.3], [0.0, 1.0, -0.0, -0.22], [0.8692793239451437, 0.0, 0.49432120828614456, -0.23104166666666665], [0.0, 0.0, 0.0, 1.0]]","[[-0.615247693137096, 0.6642295950746897, -0.424581348055229, 0.5409636469434949], [0.566685032355482, 0.7470488185926383, 0.347542999848378, -0.44380747461348846], [0.5480313405214597, -0.02677886603755089, -0.8360290318762829, 0.2288849659367721], [0.0, 0.0, 0.0, 1.0]]"
1.35,-100.20662738879503,36.17478554265189,23.179423448522805,3.437746693945311,-2.6755413384712585,-44.972192137033375,-31.253986000399962,-100.69476051820833,-35.324905104227206,-22.268189128331187,3.437746693945311,2.822269169768765,-45.18572775615007,30.43380322448649,"[[0.48862124149695507, -0.0, -0.8724960070727971, 0.3], [0.0, 1.0, -0.0, 0.22], [0.8724960070727971, 0.0, 0.48862124149695507, -0.2287499999999999], [0.0, 0.0, 0.0, 1.0]]","[[-0.6021300247582905, -0.679951941657825, -0.4184552429117534, 0.5376084982960283], [-0.5780623105950429, 0.7328040162018489, -0.35894601113253916, 0.44993462328258693], [0.5507117198263543, 0.025761034028052687, -0.834297890906902, 0.23081971722844163], [0.0, 0.0, 0.0, 1.0]]","[[0.48862124149695507, -0.0, -0.8724960070727971, 0.3], [0.0, 1.0, -0.0, -0.22], [0.8724960070727971, 0.0, 0.48862124149695507, -0.2287499999999999], [0.0, 0.0, 0.0, 1.0]]","[[-0.6198847170604548, 0.6626430760112052, -0.4202940534545883, 0.5401262044095305], [0.5673833971845863, 0.7484948635129639, 0.3432659608728889, -0.44163823471972835], [0.5420507523785555, -0.025682544833368515, -0.839953206278019, 0.23312384381479906], [0.0, 0.0, 0.0, 1.0]]"
1.3583333333333334,-100.73550942679663,36.06897225203006,22.838848018391168,3.437746693945311,-2.6755413384712585,-44.972192137033375,-31.253986000399962,-101.19450496921064,-35.220505662763564,-21.979142352845418,3.437746693945311,2.822269169768765,-45.18572775615007,30.43380322448649,"[[0.48290034380003727, -0.0, -0.8756753153753997, 0.3], [0.0, 1.0, -0.0, 0.22], [0.8756753153753997, 0.0, 0.48290034380003727, -0.22645833333333326], [0.0, 0.0, 0.0, 1.0]]","[[-0.6076916943866695, -0.6772801199440953, -0.4147317732004275, 0.5371452620075048], [-0.5806101479684841, 0.7351847424965299, -0.3498503258199511, 0.44576975470677377], [0.5418511425193029, 0.0281963389258775, -0.8400013725117974, 0.2363052056034869], [0.0, 0.0, 0.0, 1.0]]","[[0.48290034380003727, -0.0, -0.8756753153753997, 0.3], [0.0, 1.0, -0.0, -0.22], [0.8756753153753997, 0.0, 0.48290034380003727, -0.22645833333333326], [0.0, 0.0, 0.0, 1.0]]","[[-0.6253491876197745, 0.6599075129696952, -0.41648585554546713, 0.5396204472656143], [0.5693462950883637, 0.7508339947880929, 0.33480308920275526, -0.4376361137306445], [0.5336508126223009, -0.027755838965985297, -0.8452493262883161, 0.23835043580003867], [0.0, 0.0, 0.0, 1.0]]"
1.3666666666666667,-101.40193781430393,35.81613572442911,22.228550125483018,3.437746693945311,-2.6755413384712585,-44.972192137033375,-31.253986000399962,-101.71525908209993,-35.10672154138032,-21.648340923416068,3.437746693945311,2.822269169768765,-45.18572775615007,30.43380322448649,"[[0.4771587602596084, -0.0, -0.8788171126619655, 0.3], [0.0, 1.0000000000000002, -0.0, 0.22], [0.8788171126619655, 0.0, 0.4771587602596084, -0.22416666666666663], [0.0, 0.0, 0.0, 1.0]]","[[-0.6124234987565029, -0.6755799319757435, -0.410523097623622, 0.5363243035167855], [-0.5809488293190012, 0.7368038403584423, -0.34585915998558403, 0.4435750612422522], [0.5361305026611769, 0.026680636137496744, -0.8437133564022634, 0.24040670941087736], [0.0, 0.0, 0.0, 1.0]]","[[0.4771587602596084, -0.0, -0.8788171126619655, 0.3], [0.0, 1.0000000000000002, -0.0, -0.22], [0.8788171126619655, 0.0, 0.4771587602596084, -0.22416666666666663], [0.0, 0.0, 0.0, 1.0]]","[[-0.6299893795531356, 0.6582200015661325, -0.4121405235942422, 0.5387374701708246], [0.5699326153785728, 0.7523498500065059, 0.33037329965196655, -0.4353389580654559], [0.5275321749220566, -0.026760656446896236, -0.8491134621995674, 0.24258935065919002], [0.0, 0.0, 0.0, 1.0]]"
1.375,-101.92932404087729,35.70105045200898,21.899201818799586,3.437746693945311,-2.6755413384712585,-44.972192137033375,-31.253986000399962,-102.4120818114138,-34.82758878547482,-20.976851365733772,3.437746693945311,2.822269169768765,-45.18572775615007,30.43380322448649,"[[0.47139673682599786, -0.0, -0.8819212643483549, 0.3], [0.0, 1.0, -0.0, 0.22], [0.8819212643483549, 0.0, 0.47139673682599786, -0.22187499999999993], [0.0, 0.0, 0.0, 1.0]]","[[-0.617163354028855, -0.6738951079614003, -0.4061708727980713, 0.5354359865268158], [-0.5815239680339196, 0.7383887055551732, -0.34148498372643077, 0.44127277506297075], [0.5300370449751028, 0.02544607974224186, -0.8475926073178155, 0.24467060955087694], [0.0, 0.0, 0.0, 1.0]]","[[0.47139673682599786, -0.0, -0.8819212643483549, 0.3], [0.0, 1.0, -0.0, -0.22], [0.8819212643483549, 0.0, 0.47139673682599786, -0.22187499999999993], [0.0, 0.0, 0.0, 1.0]]","[[-0.6356010577526225, 0.6553289234288387, -0.4081118688562571, 0.5381444779687973], [0.5723031808999824, 0.7547569979360245, 0.3206414558324642, -0.4308242632666579], [0.5181509090173534, -0.029763672223017373, -0.8547711736484165, 0.24817888815562061], [0.0, 0.0, 0.0, 1.0]]"
1.3833333333333333,-102.63976616739617,35.410931336823516,21.204479372655495,3.437746693945311,-2.6755413384712585,-44.972192137033375,-31.253986000399962,-102.92101969703896,-34.700789738628124,-20.672609126892016,3.437746693945311,2.822269169768765,-45.18572775615007,30.43380322448649,"[[0.4656145203251116, -0.0, -0.8849876374630419, 0.3], [0.0, 1.0, -0.0, 0.22], [0.8849876374630419, 0.0, 0.4656145203251116, -0.2195833333333333], [0.0, 0.0, 0.0, 1.0]]","[[-0.6228423825521906, -0.6710037497311676, -0.40227022552436476, 0.5348841679524807], [-0.5840987995131588, 0.7409060715060914, -0.3314917579860732, 0.43663772574319426], [0.5204766650907583, 0.028498439468209097, -0.8534001875110407, 0.25033870705827244], [0.0, 0.0, 0.0, 1.0]]","[[0.4656145203251116, -0.0, -0.8849876374630419, 0.3], [0.0, 1.0, -0.0, -0.22], [0.8849876374630419, 0.0, 0.4656145203251116, -0.2195833333333333], [0.0, 0.0, 0.0, 1.0]]","[[-0.6402686866537557, 0.6534838392062532, -0.4037510133571561, 0.5372361762050887], [0.5725227059898168, 0.7563996782014102, 0.3163499295762542, -0.4284485956562069], [0.5121267030889646, -0.02860766878057322, -0.8584333644903188, 0.2523105436147502], [0.0, 0.0, 0.0, 1.0]]"
1.3916666666666666,-103.15612846864914,35.27909161036935,20.892449010612633,3.437746693945311,-2.6755413384712585,-44.972192137033375,-31.253986000399962,-103.44915724442103,-34.563605389148414,-20.329791687165322,3.437746693945311,2.822269169768765,-45.18572775615007,30.43380322448649,"[[0.45981235844786, -0.0, -0.8880161006528074, 0.3], [0.0, 1.0000000000000002, -0.0, 0.22], [0.8880161006528074, 0.0, 0.45981235844786, -0.2172916666666666], [0.0, 0.0, 0.0, 1.0]]","[[-0.6275904415810794, -0.6691517810787281, -0.3979524236830727, 0.5339866176932139], [-0.5843831738613493, 0.7426254939170736, -0.3271141725638902, 0.4342107959714629], [0.51441864638036, 0.027262972390929147, -0.8571057032785452, 0.254502553431636], [0.0, 0.0, 0.0, 1.0]]","[[0.45981235844786, -0.0, -0.8880161006528074, 0.3], [0.0, 1.0000000000000002, -0.0, -0.22], [0.8880161006528074, 0.0, 0.45981235844786, -0.2172916666666666], [0.0, 0.0, 0.0, 1.0]]","[[-0.644930869578916, 0.6516337978798846, -0.39929633973381345, 0.5362776940675333], [0.5730123279003968, 0.7580213041618291, 0.3115454613872076, -0.4259104309595453], [0.505688684408057, -0.02787643982716373, -0.8622655383141618, 0.25659850434877063], [0.0, 0.0, 0.0, 1.0]]"
1.4,-103.6918065448749,35.13705099638976,20.54178880617147,3.437746693945311,-2.6755413384712585,-44.972192137033375,-31.253986000399962,-104.15540563478952,-34.237706327995845,-19.630240297278032,3.437746693945311,2.822269169768765,-45.18572775615007,30.43380322448649,"[[0.45399049973954686, -0.0, -0.8910065241883677, 0.3], [0.0, 0.9999999999999999, -0.0, 0.22], [0.8910065241883677, 0.0, 0.45399049973954686, -0.21499999999999997], [0.0, 0.0, 0.0, 1.0]]","[[-0.6323277642596425, -0.6672992208818341, -0.3935395130821034, 0.5330370572589881], [-0.5849412180152632, 0.7443201576145155, -0.3222286058616194, 0.4316239024465336], [0.5079422900421092, 0.02644338819439984, -0.8609851202010277, 0.25882391277853223], [0.0, 0.0, 0.0, 1.0]]","[[0.45399049973954686, -0.0, -0.8910065241883677, 0.3], [0.0, 0.9999999999999999, -0.0, -0.22], [0.8910065241883677, 0.0, 0.45399049973954686, -0.21499999999999997], [0.0, 0.0, 0.0, 1.0]]","[[-0.650623850405327, 0.6484656695533528, -0.3951972680756642, 0.5356297893886633], [0.5752576139996359, 0.7605908592058144, 0.3009654837817899, -0.42089570276109156], [0.49574921363446717, -0.03152491559517093, -0.8678933672275211, 0.2622554057409248], [0.0, 0.0, 0.0, 1.0]]"
1.4083333333333332,-104.24210122592449,34.98113826820588,20.161970524163525,3.437746693945311,-2.6755413384712585,-44.972192137033375,-31.253986000399962,-104.6682777093766,-34.08868184558992,-19.31687292570514,3.437746693945311,2.822269169768765,-45.18572775615007,30.43380322448649,"[[0.44814919358922256, -0.0, -0.8939587799699321, 0.3], [0.0, 1.0, -0.0, 0.22], [0.8939587799699321, 0.0, 0.44814919358922256, -0.21270833333333328], [0.0, 0.0, 0.0, 1.0]]","[[-0.6381165549509122, -0.6641281173611018, -0.3895396077781803, 0.5324229663191266], [-0.5873352118584783, 0.7470148696125718, -0.3114580766152473, 0.42650159425429546], [0.49783994537274356, 0.0300437732003071, -0.8667483836057341, 0.2645576816880657], [0.0, 0.0, 0.0, 1.0]]","[[0.44814919358922256, -0.0, -0.8939587799699321, 0.3], [0.0, 1.0, -0.0, -0.22], [0.8939587799699321, 0.0, 0.44814919358922256, -0.21270833333333328], [0.0, 0.0, 0.0, 1.0]]","[[-0.6552840692607402, 0.6464724077804775, -0.3907380382706524, 0.534643825057722], [0.5753708373617092, 0.7623219948436846, 0.29633355478452206, -0.4182960053644113], [0.4894396674634896, -0.03063661463115472, -0.871498829464028, 0.26641117672705045], [0.0, 0.0, 0.0, 1.0]]"
1.4166666666666667,-104.93072772823434,34.64681758380668,19.505452741141898,3.437746693945311,-2.6755413384712585,-44.972192137033375,-31.253986000399962,-105.19949567207435,-33.92894762656542,-18.96727140058533,3.437746693945311,2.822269169768765,-45.18572775615007,30.43380322448649,"[[0.4422886902190013, -0.0, -0.8968727415326883, 0.3], [0.0, 1.0, -0.0, 0.22], [0.8968727415326883, 0.0, 0.4422886902190013, -0.21041666666666659], [0.0, 0.0, 0.0, 1.0]]","[[-0.6428591671150135, -0.6621307329447109, -0.38511684427754006, 0.531444658067913], [-0.5875073837446078, 0.7488246563126064, -0.3067518673844922, 0.42385375601473246], [0.49149482733977706, 0.029060739639707317, -0.8703954894815551, 0.26874527983862123], [0.0, 0.0, 0.0, 1.0]]","[[0.4422886902190013, -0.0, -0.8968727415326883, 0.3], [0.0, 1.0, -0.0, -0.22], [0.8968727415326883, 0.0, 0.4422886902190013, -0.21041666666666659], [0.0, 0.0, 0.0, 1.0]]","[[-0.6599395724099673, 0.6444785206665467, -0.38616990712225263, 0.5336010450263059], [0.5757266847674885, 0.7640277352602358, 0.291205089584217, -0.41553335768981803], [0.48271994491007564, -0.030150558080649092, -0.875255619024202, 0.27071641489370674], [0.0, 0.0, 0.0, 1.0]]"
1.425,-105.46910372918225,34.48231589274151,19.148951017413083,3.437746693945311,-2.6755413384712585,-44.972192137033375,-31.253986000399962,-105.74424423951788,-33.75545740655251,-18.590673552771044,3.437746693945311,2.822269169768765,-45.18572775615007,30.43380322448649,"[[0.43640924067334197, -0.0, -0.8997482840522215, 0.3], [0.0, 1.0, -0.0, 0.22], [0.8997482840522215, 0.0, 0.43640924067334197, -0.20812499999999995], [0.0, 0.0, 0.0, 1.0]]","[[-0.6475909900192949, -0.6601373758775353, -0.3805844907709076, 0.5304077909758113], [-0.5879279452831399, 0.7506049814978442, -0.3015508131406157, 0.421044824828652], [0.48473357713384657, 0.028474668042715007, -0.8741982340858865, 0.27308371369615053], [0.0, 0.0, 0.0, 1.0]]","[[0.43640924067334197, -0.0, -0.8997482840522215, 0.3], [0.0, 1.0, -0.0, -0.22], [0.8997482840522215, 0.0, 0.43640924067334197, -0.20812499999999995], [0.0, 0.0, 0.0, 1.0]]","[[-0.6646163612852315, 0.6424286519020631, -0.38153704869550564, 0.5325233069503079], [0.5762148901897074, 0.7657578749484454, 0.2856418689164892, -0.4125923861687594], [0.47566952039797783, -0.030005069067395695, -0.8791121675842161, 0.27512812621942784], [0.0, 0.0, 0.0, 1.0]]"
1.4333333333333333,-106.02112644809186,34.30401380445833,18.76520708417967,3.437746693945311,-2.6755413384712585,-44.972192137033375,-31.253986000399962,-106.41971579748629,-33.39916400359338,-17.947764921670668,3.437746693945311,2.822269169768765,-45.18572775615007,30.43380322448649,"[[0.43051109680829525, -0.0, -0.9025852843498606, 0.3], [0.0, 1.0, -0.0, 0.22], [0.9025852843498606, 0.0, 0.43051109680829525, -0.20583333333333326], [0.0, 0.0, 0.0, 1.0]]","[[-0.6523414092529907, -0.6580910423925471, -0.3759878531236256, 0.5293353108484448], [-0.5884856972671001, 0.7524090950008084, -0.295914071771046, 0.41805748566221446], [0.47763508025047463, 0.028226471312502055, -0.8781047753152054, 0.2775302064923041], [0.0, 0.0, 0.0, 1.0]]","[[0.43051109680829525, -0.0, -0.9025852843498606, 0.3], [0.0, 1.0, -0.0, -0.22], [0.9025852843498606, 0.0, 0.43051109680829525, -0.20583333333333326], [0.0, 0.0, 0.0, 1.0]]","[[-0.6703058265847025, 0.6390117007531814, -0.3772984828317305, 0.5317610719572251], [0.5776614998660642, 0.7684693610855112, 0.2752490375011607, -0.4073720479117306], [0.4658296796245255, -0.03344977389090867, -0.884241947776489, 0.28053355812401043], [0.0, 0.0, 0.0, 1.0]]"
1.4416666666666667,-106.58316905451386,34.11096533775709,18.361297017421798,3.437746693945311,-2.6755413384712585,-44.972192137033375,-31.253986000399962,-106.95081081677897,-33.221104387025726,-17.597371094607137,3.437746693945311,2.822269169768765,-45.18572775615007,30.43380322448649,"[[0.42459451128071307, -0.0, -0.9053836208979552, 0.3], [0.0, 1.0, -0.0, 0.22], [0.9053836208979552, 0.0, 0.42459451128071307, -0.20354166666666662], [0.0, 0.0, 0.0, 1.0]]","[[-0.6571219633734048, -0.6559664638287975, -0.37134717392788213, 0.5282369626133799], [-0.5891072756542307, 0.7542607311369557, -0.2899023408598065, 0.4148933170180698], [0.4702588043019846, 0.02826212654221036, -0.8820759089668985, 0.2820541213776674], [0.0, 0.0, 0.0, 1.0]]","[[0.42459451128071307, -0.0, -0.9053836208979552, 0.3], [0.0, 1.0, -0.0, -0.22], [0.9053836208979552, 0.0, 0.42459451128071307, -0.20354166666666662], [0.0, 0.0, 0.0, 1.0]]","[[-0.6749186043792184, 0.6369208382361319, -0.37258116335020397, 0.5306114843708845], [0.5778601643798361, 0.7702165148755824, 0.2698965554352639, -0.4044346998990893], [0.4588709054687571, -0.03314160577725275, -0.8878846355697276, 0.2848332624138873], [0.0, 0.0, 0.0, 1.0]]"
1.45,-107.15243117088858,33.90343003982625,17.94258251563792,3.437746693945311,-2.6755413384712585,-44.972192137033375,-31.253986000399962,-107.49478757284629,-33.02916582606461,-17.221157444933663,3.437746693945311,2.822269169768765,-45.18572775615007,30.43380322448649,"[[0.4186597375374282, -0.0, -0.9081431738250811, 0.3], [0.0, 1.0, -0.0, 0.22], [0.9081431738250811, 0.0, 0.4186597375374282, -0.20124999999999998], [0.0, 0.0, 0.0, 1.0]]","[[-0.663144350819552, -0.6523037636819585, -0.36706861737618857, 0.5274744578426879], [-0.5913144508342668, 0.7572343252635576, -0.2773867280120201, 0.40877288715702886], [0.45889736348194954, 0.033105536228803856, -0.8878723068439061, 0.2880148111271693], [0.0, 0.0, 0.0, 1.0]]","[[0.4186597375374282, -0.0, -0.9081431738250811, 0.3], [0.0, 1.0, -0.0, -0.22], [0.9081431738250811, 0.0, 0.4186597375374282, -0.20124999999999998], [0.0, 0.0, 0.0, 1.0]]","[[-0.6795483379011892, 0.6347805561897217, -0.3677875771953139, 0.5294207287115231], [0.5781775319336717, 0.7719803048703727, 0.2641157898712883, -0.40131891080349963], [0.45158033396375824, -0.03316706763815763, -0.8916137883643719, 0.28923428138205415], [0.0, 0.0, 0.0, 1.0]]"
1.4583333333333333,-107.85890495749967,33.48931908554296,17.242739135163614,3.437746693945311,-2.6755413384712585,-44.972192137033375,-31.253986000399962,-108.0479509333473,-32.82282239614395,-16.826131746738685,3.437746693945311,2.822269169768765,-45.18572775615007,30.43380322448649,"[[0.41270702980439467, -0.0, -0.9108638249211758, 0.3], [0.0, 1.0, -0.0, 0.22], [0.9108638249211758, 0.0, 0.41270702980439467, -0.1989583333333333], [0.0, 0.0, 0.0, 1.0]]","[[-0.6678813778869076, -0.6500547460812026, -0.36244074297626777, 0.5263458018250228], [-0.5913222426799659, 0.7591849685576862, -0.27198564084892485, 0.4056916522065105], [0.45196512076024337, 0.032665128399686244, -0.8914373331888287, 0.2922652810817149], [0.0, 0.0, 0.0, 1.0]]","[[0.41270702980439467, -0.0, -0.9108638249211758, 0.3], [0.0, 1.0, -0.0, -0.22], [0.9108638249211758, 0.0, 0.41270702980439467, -0.1989583333333333], [0.0, 0.0, 0.0, 1.0]]","[[-0.68420207791275, 0.6325686348665415, -0.3629386156954857, 0.5281980067433711], [0.5785444692843386, 0.7737807284313307, 0.257972249222242, -0.3980305030035735], [0.44402005995267646, -0.033470979838653506, -0.8953914673863395, 0.29370540859567124], [0.0, 0.0, 0.0, 1.0]]"
1.4666666666666666,-108.40283390224282,33.28410263683534,16.872414816101983,3.437746693945311,-2.6755413384712585,-44.972192137033375,-31.253986000399962,-108.60754150185727,-32.60262734258649,-16.417565198514154,3.437746693945311,2.822269169768765,-45.18572775615007,30.43380322448649,"[[0.40673664307580043, -0.0, -0.9135454576426008, 0.3], [0.0, 1.0, -0.0, 0.22], [0.9135454576426008, 0.0, 0.40673664307580043, -0.19666666666666666], [0.0, 0.0, 0.0, 1.0]]","[[-0.6725959375960764, -0.6478258088289736, -0.35768201820100093, 0.5251466520804988], [-0.5915208045165993, 0.7610924432371511, -0.26616053552572216, 0.4024680173611879], [0.4446547453398986, 0.032557860224380064, -0.8951101290815113, 0.29664060587220187], [0.0, 0.0, 0.0, 1.0]]","[[0.40673664307580043, -0.0, -0.9135454576426008, 0.3], [0.0, 1.0, -0.0, -0.22], [0.9135454576426008, 0.0, 0.40673664307580043, -0.19666666666666666], [0.0, 0.0, 0.0, 1.0]]","[[-0.6888781281095997, 0.6302799496765036, -0.3580420501114339, 0.5269457861822202], [0.5789164520225619, 0.7756228247714521, 0.2515252974775353, -0.3945832535712316], [0.43623693813090064, -0.03400615722686083, -0.8991890318953182, 0.29822403905024497], [0.0, 0.0, 0.0, 1.0]]"
1.475,-108.95753405530706,33.06674552687802,16.48031243887177,3.437746693945311,-2.6755413384712585,-44.972192137033375,-31.253986000399962,-109.17144191973351,-32.36966666547028,-15.999456876019115,3.437746693945311,2.822269169768765,-45.18572775615007,30.43380322448649,"[[0.4007488331031409, -0.0, -0.9161879571171359, 0.3], [0.0, 0.9999999999999999, -0.0, 0.22], [0.9161879571171359, 0.0, 0.4007488331031409, -0.1943749999999999], [0.0, 0.0, 0.0, 1.0]]","[[-0.6773106873747585, -0.6455674132583034, -0.3528355816905595, 0.5238978775014747], [-0.5918160593377408, 0.7630013740778836, -0.25996664221628457, 0.39909003705094115], [0.43704002640247985, 0.03273557841622682, -0.8988461476959644, 0.30110151821779374], [0.0, 0.0, 0.0, 1.0]]","[[0.4007488331031409, -0.0, -0.9161879571171359, 0.3], [0.0, 0.9999999999999999, -0.0, -0.22], [0.9161879571171359, 0.0, 0.4007488331031409, -0.1943749999999999], [0.0, 0.0, 0.0, 1.0]]","[[-0.693569831319433, 0.6279187822166248, -0.3530989833221334, 0.5256630568375535], [0.5792651015041586, 0.777503445828696, 0.24482715107577593, -0.3909943042674726], [0.4282672428086348, -0.03473319254106752, -0.9029843708907674, 0.3027731959023181], [0.0, 0.0, 0.0, 1.0]]"
1.4833333333333334,-109.51969277494496,32.83669792544283,16.072623569955585,3.437746693945311,-2.6755413384712585,-44.972192137033375,-31.253986000399962,-109.90981951995775,-31.884781291007318,-15.220941669137307,3.437746693945311,2.822269169768765,-45.18572775615007,30.43380322448649,"[[0.39474385638426723, -0.0, -0.9187912101488984, 0.3], [0.0, 1.0, -0.0, 0.22], [0.9187912101488984, 0.0, 0.39474385638426723, -0.19208333333333327], [0.0, 0.0, 0.0, 1.0]]","[[-0.6820335536082109, -0.6432577737461143, -0.34792192840887265, 0.5226087335941341], [-0.5921465323522657, 0.7649316043611214, -0.2534603023605637, 0.39556182179126853], [0.4291767887196874, 0.03315233271904025, -0.9026118805220453, 0.30562008847449373], [0.0, 0.0, 0.0, 1.0]]","[[0.39474385638426723, -0.0, -0.9187912101488984, 0.3], [0.0, 1.0, -0.0, -0.22], [0.9187912101488984, 0.0, 0.39474385638426723, -0.19208333333333327], [0.0, 0.0, 0.0, 1.0]]","[[-0.6982686267201645, 0.6254938469434044, -0.348106840458898, 0.5243470488877265], [0.5795723126171561, 0.77941563037766, 0.23792269662770005, -0.3872812919572574], [0.4201390952838561, -0.035619131922832434, -0.9067603972688303, 0.30734015663661196], [0.0, 0.0, 0.0, 1.0]]"
1.4916666666666667,-110.08730198554052,32.58912064350279,15.646083378930166,3.437746693945311,-2.6755413384712585,-44.972192137033375,-31.253986000399962,-110.43112687816979,-31.663927124194956,-14.88256214482383,3.437746693945311,2.822269169768765,-45.18572775615007,30.43380322448649,"[[0.3887219701523957, -0.0, -0.9213551052231923, 0.3], [0.0, 1.0, -0.0, 0.22], [0.9213551052231923, 0.0, 0.3887219701523957, -0.18979166666666658], [0.0, 0.0, 0.0, 1.0]]","[[-0.6867591474169918, -0.6408676639093552, -0.3430022023172044, 0.5213032407120761], [-0.592517468936366, 0.7669017253380506, -0.24654572127450142, 0.3918332883350187], [0.4210521611918518, 0.03391726741480533, -0.9064020611885124, 0.3101787768815661], [0.0, 0.0, 0.0, 1.0]]","[[0.3887219701523957, -0.0, -0.9213551052231923, 0.3], [0.0, 1.0, -0.0, -0.22], [0.9213551052231923, 0.0, 0.3887219701523957, -0.18979166666666658], [0.0, 0.0, 0.0, 1.0]]","[[-0.704107347486901, 0.621542589728614, -0.34339139821551795, 0.5233038012285698], [0.5805402539535491, 0.7823348681010905, 0.22566605347902474, -0.3809173486630885], [0.40890812752317524, -0.04045940319254786, -0.9116782217091696, 0.31288037117219547], [0.0, 0.0, 0.0, 1.0]]"
1.5,-110.65812821523517,32.331499568388246,15.21530847061934,3.437746693945311,-2.6755413384712585,-44.972192137033375,-31.253986000399962,-110.96589653923594,-31.43439861713668,-14.518499401683808,3.437746693945311,2.822269169768765,-45.18572775615007,30.43380322448649,"[[0.38268343236508984, -0.0, -0.9238795325112866, 0.3], [0.0, 1.0, -0.0, 0.22], [0.9238795325112866, 0.0, 0.38268343236508984, -0.18749999999999994], [0.0, 0.0, 0.0, 1.0]]","[[-0.6914985779670706, -0.6384221359031212, -0.33800427964511937, 0.5199530234742095], [-0.5928320060629357, 0.7688997461125544, -0.23946480537950662, 0.3879962222565195], [0.41277103732809894, 0.0347901827667835, -0.9101701565785043, 0.31476058613112223], [0.0, 0.0, 0.0, 1.0]]","[[0.38268343236508984, -0.0, -0.9238795325112866, 0.3], [0.0, 1.0, -0.0, -0.22], [0.9238795325112866, 0.0, 0.38268343236508984, -0.18749999999999994], [0.0, 0.0, 0.0, 1.0]]","[[-0.704107347486901, 0.621542589728614, -0.34339139821551795, 0.5233038012285698], [0.5805402539535491, 0.7823348681010905, 0.22566605347902474, -0.3809173486630885], [0.40890812752317524, -0.04045940319254786, -0.9116782217091696, 0.31288037117219547], [0.0, 0.0, 0.0, 1.0]]"
1.5083333333333333,-111.23060735070896,32.064316228435686,14.780985279034692,3.437746693945311,-2.6755413384712585,-44.972192137033375,-31.253986000399962,-111.50999623870834,-31.18880550515053,-14.128538288758394,3.437746693945311,2.822269169768765,-45.18572775615007,30.43380322448649,"[[0.3766285016932108, -0.0, -0.9263643838751181, 0.3], [0.0, 1.0, -0.0, 0.22], [0.9263643838751181, 0.0, 0.3766285016932108, -0.1852083333333333], [0.0, 0.0, 0.0, 1.0]]","[[-0.6962351437530444, -0.6359306081754413, -0.33293976360415567, 0.5185599330571273], [-0.5930920094451749, 0.7709164284642499, -0.23222775169262205, 0.38405806241380097], [0.4043494688205518, 0.03577879133703117, -0.9139044726638551, 0.3193527487551636], [0.0, 0.0, 0.0, 1.0]]","[[0.3766285016932108, -0.0, -0.9263643838751181, 0.3], [0.0, 1.0, -0.0, -0.22], [0.9263643838751181, 0.0, 0.3766285016932108, -0.1852083333333333], [0.0, 0.0, 0.0, 1.0]]","[[-0.7086201077639545, 0.6191961746439607, -0.3383099764696389, 0.5218917852758479], [0.580401353684685, 0.7841767099244668, 0.21954761727931404, -0.377459759550706], [0.40123784905413273, -0.04077971209222547, -0.9150656826523922, 0.31718934472688975], [0.0, 0.0, 0.0, 1.0]]"
1.5166666666666666,-111.80359192018133,31.78879664260113,14.344916974117105,3.437746693945311,-2.6755413384712585,-44.972192137033375,-31.253986000399962,-111.50999623870834,-31.18880550515053,-14.128538288758394,3.437746693945311,2.822269169768765,-45.18572775615007,30.43380322448649,"[[0.37055743750983633, -0.0, -0.9288095528719242, 0.3], [0.0, 1.0, -0.0, 0.22], [0.9288095528719242, 0.0, 0.37055743750983633, -0.18291666666666662], [0.0, 0.0, 0.0, 1.0]]","[[-0.7009579407449806, -0.6334036637816355, -0.3278075106134042, 0.5171215376739536], [-0.5932910046636813, 0.7729430062597058, -0.22486638890542976, 0.3800342924499952], [0.3958077173220804, 0.036863366398216954, -0.9175932340237012, 0.32394586172559425], [0.0, 0.0, 0.0, 1.0]]","[[0.37055743750983633, -0.0, -0.9288095528719242, 0.3], [0.0, 1.0, -0.0, -0.22], [0.9288095528719242, 0.0, 0.37055743750983633, -0.18291666666666662], [0.0, 0.0, 0.0, 1.0]]","[[-0.7131157738687868, 0.6168160320127106, -0.3331724414047722, 0.5204397124502123], [0.5803723006676981, 0.7860126256457787, 0.21296043046329605, -0.3738040615909265], [0.3932351531554683, -0.041498614163898176, -0.9185009413959637, 0.3215691779509645], [0.0, 0.0, 0.0, 1.0]]"
1.525,-112.3762349801952,31.50608145247596,13.908511428609248,3.437746693945311,-2.6755413384712585,-44.972192137033375,-31.253986000399962,-112.06009967446116,-30.933977977406524,-13.72921298648089,3.437746693945311,2.822269169768765,-45.18572775615007,30.43380322448649,"[[0.36447049987914976, -0.0, -0.9312149347588035, 0.3], [0.0, 1.0, -0.0, 0.22], [0.9312149347588035, 0.0, 0.36447049987914976, -0.18062499999999998], [0.0, 0.0, 0.0, 1.0]]","[[-0.7056573515119607, -0.630851452442631, -0.3226052498149218, 0.5156351960890116], [-0.593425119727572, 0.7749712416101274, -0.21740791603245416, 0.3759388420120745], [0.38716189060061446, 0.0380265647709668, -0.9212272525486193, 0.32853283063181177], [0.0, 0.0, 0.0, 1.0]]","[[0.36447049987914976, -0.0, -0.9312149347588035, 0.3], [0.0, 1.0, -0.0, -0.22], [0.9312149347588035, 0.0, 0.36447049987914976, -0.18062499999999998], [0.0, 0.0, 0.0, 1.0]]","[[-0.7176100221271605, 0.6144093539410223, -0.32792834877825333, 0.5189287167948897], [0.5803363319866568, 0.7878492530745139, 0.2061632756001985, -0.3700396563743105], [0.3850267496147885, -0.042363902319146246, -0.9219325907360932, 0.32599322784372436], [0.0, 0.0, 0.0, 1.0]]"
1.5333333333333332,-112.94807890807618,31.21151929923541,13.465510481684099,3.437746693945311,-2.6755413384712585,-44.972192137033375,-31.253986000399962,-112.61376846896073,-30.669796505594185,-13.322788556334805,3.437746693945311,2.822269169768765,-45.18572775615007,30.43380322448649,"[[0.35836794954530016, -0.0, -0.9335804264972016, 0.3], [0.0, 0.9999999999999999, -0.0, 0.22], [0.9335804264972016, 0.0, 0.35836794954530016, -0.17833333333333323], [0.0, 0.0, 0.0, 1.0]]","[[-0.7103245887571121, -0.6282577903874977, -0.3173816746827998, 0.5141197553864477], [-0.593527615751394, 0.7770069005303974, -0.20972659790453524, 0.3717182589333118], [0.3783701203154198, 0.03940082924969955, -0.9248154554866235, 0.33310909460591187], [0.0, 0.0, 0.0, 1.0]]","[[0.35836794954530016, -0.0, -0.9335804264972016, 0.3], [0.0, 0.9999999999999999, -0.0, -0.22], [0.9335804264972016, 0.0, 0.35836794954530016, -0.17833333333333323], [0.0, 0.0, 0.0, 1.0]]","[[-0.7220926844003274, 0.6119726552317952, -0.322601339712153, 0.5173666455102565], [0.580276357539935, 0.789688641018876, 0.19917630161730276, -0.36617047865376184], [0.37664506370814843, -0.043374180041903895, -0.925341653925715, 0.330440930756946], [0.0, 0.0, 0.0, 1.0]]"
1.5416666666666667,-113.51862510001486,30.913166391005497,13.026984162438955,3.437746693945311,-2.6755413384712585,-44.972192137033375,-31.253986000399962,-113.56687355631182,-30.36699372912001,-12.826670082008112,3.437746693945311,2.822269169768765,-45.18572775615007,30.43380322448649,"[[0.35225004792123343, -0.0, -0.9359059267573256, 0.3], [0.0, 1.0, -0.0, 0.22], [0.9359059267573256, 0.0, 0.35225004792123343, -0.1760416666666666], [0.0, 0.0, 0.0, 1.0]]","[[-0.7149606093495584, -0.6256583956981384, -0.3120623318680742, 0.5125440778228495], [-0.5935410034392804, 0.779030961359876, -0.2020392003523076, 0.36746624609308043], [0.36951374035995, 0.04077171979619511, -0.9283303628289126, 0.3376708113087941], [0.0, 0.0, 0.0, 1.0]]","[[0.35225004792123343, -0.0, -0.9359059267573256, 0.3], [0.0, 1.0, -0.0, -0.22], [0.9359059267573256, 0.0, 0.35225004792123343, -0.1760416666666666], [0.0, 0.0, 0.0, 1.0]]","[[-0.7297124132837322, 0.6085234991224835, -0.31179952680426004, 0.5139464078739165], [0.5791482822443916, 0.7924744020283648, 0.1912369977362024, -0.3612886696075434], [0.36346535058104534, -0.04103014922608146, -0.9307037475918335, 0.3381081744472123], [0.0, 0.0, 0.0, 1.0]]"
1.55,-114.0873339710668,30.61110127496168,12.591914772687483,3.437746693945311,-2.6755413384712585,-44.972192137033375,-31.253986000399962,-114.16900937316181,-30.036241818562143,-12.320931286235458,3.437746693945311,2.822269169768765,-45.18572775615007,30.43380322448649,"[[0.346117057077493, -0.0, -0.938191335922484, 0.3], [0.0, 1.0, -0.0, 0.22], [0.938191335922484, 0.0, 0.346117057077493, -0.1737499999999999], [0.0, 0.0, 0.0, 1.0]]","[[-0.7195519822893617, -0.623061906067202, -0.3066574733988326, 0.5109103069052118], [-0.5934791968866417, 0.7810354273222739, -0.19433503063086643, 0.3631835363330952], [0.3605931053781218, 0.042160674513322116, -0.9317698695913841, 0.34221300929878], [0.0, 0.0, 0.0, 1.0]]","[[0.346117057077493, -0.0, -0.938191335922484, 0.3], [0.0, 1.0, -0.0, -0.22], [0.938191335922484, 0.0, 0.346117057077493, -0.1737499999999999], [0.0, 0.0, 0.0, 1.0]]","[[-0.7342985185750628, 0.6058856177887484, -0.30611812062537996, 0.5122064235217368], [0.579407131958362, 0.7943655042276889, 0.1824029087730634, -0.3565865986776908], [0.3536849743122447, -0.04342883661619251, -0.9343558610593239, 0.3429246268721405], [0.0, 0.0, 0.0, 1.0]]"
1.5583333333333333,-114.0873339710668,30.61110127496168,12.591914772687483,3.437746693945311,-2.6755413384712585,-44.972192137033375,-31.253986000399962,-114.75663103802552,-29.703515983334142,-11.840564081908461,3.437746693945311,2.822269169768765,-45.18572775615007,30.43380322448649,"[[0.33996923973099424, -0.0, -0.9404365560933547, 0.3], [0.0, 0.9999999999999999, -0.0, 0.22], [0.9404365560933547, 0.0, 0.33996923973099424, -0.17145833333333327], [0.0, 0.0, 0.0, 1.0]]","[[-0.7195519822893617, -0.623061906067202, -0.3066574733988326, 0.5109103069052118], [-0.5934791968866417, 0.7810354273222739, -0.19433503063086643, 0.3631835363330952], [0.3605931053781218, 0.042160674513322116, -0.9317698695913841, 0.34221300929878], [0.0, 0.0, 0.0, 1.0]]","[[0.33996923973099424, -0.0, -0.9404365560933547, 0.3], [0.0, 0.9999999999999999, -0.0, -0.22], [0.9404365560933547, 0.0, 0.33996923973099424, -0.17145833333333327], [0.0, 0.0, 0.0, 1.0]]","[[-0.7388459301510949, 0.6031877492629414, -0.3004517109924164, 0.5104503919593755], [0.5794090290020479, 0.7962904942604357, 0.17380053469818513, -0.3519071350110881], [0.34408119479283883, -0.0456726164082817, -0.9378284190086982, 0.3476157400502474], [0.0, 0.0, 0.0, 1.0]]"
1.5666666666666667,-114.65389133253018,30.300235460172306,12.153627510063288,3.437746693945311,-2.6755413384712585,-44.972192137033375,-31.253986000399962,-115.33330390964969,-29.371927374602947,-11.379953199755725,3.437746693945311,2.822269169768765,-45.18572775615007,30.43380322448649,"[[0.3338068592337709, -0.0, -0.9426414910921784, 0.3], [0.0, 1.0, -0.0, 0.22], [0.9426414910921784, 0.0, 0.3338068592337709, -0.16916666666666663], [0.0, 0.0, 0.0, 1.0]]","[[-0.7240926750450221, -0.6204500524984276, -0.30121674970167667, 0.5092383467735034], [-0.5933754776069198, 0.7830270873169476, -0.18647821079873392, 0.35881135903142436], [0.35156128984986923, 0.04370712622257164, -0.9351440245205336, 0.34673218807322664], [0.0, 0.0, 0.0, 1.0]]","[[0.3338068592337709, -0.0, -0.9426414910921784, 0.3], [0.0, 1.0, -0.0, -0.22], [0.9426414910921784, 0.0, 0.3338068592337709, -0.16916666666666663], [0.0, 0.0, 0.0, 1.0]]","[[-0.7388459301510949, 0.6031877492629414, -0.3004517109924164, 0.5104503919593755], [0.5794090290020479, 0.7962904942604357, 0.17380053469818513, -0.3519071350110881], [0.34408119479283883, -0.0456726164082817, -0.9378284190086982, 0.3476157400502474], [0.0, 0.0, 0.0, 1.0]]"
1.575,-115.61802717539084,29.959805171560532,11.643259553580656,3.437746693945311,-2.6755413384712585,-44.972192137033375,-31.253986000399962,-115.33330390964969,-29.371927374602947,-11.379953199755725,3.437746693945311,2.822269169768765,-45.18572775615007,30.43380322448649,"[[0.3276301795616937, -0.0, -0.9448060464668778, 0.3], [0.0, 0.9999999999999999, -0.0, 0.22], [0.9448060464668778, 0.0, 0.3276301795616937, -0.16687499999999994], [0.0, 0.0, 0.0, 1.0]]","[[-0.7316292826323151, -0.6168933697188601, -0.29010543461271837, 0.5055450878945162], [-0.5921093493357954, 0.7859500688937461, -0.17801406583485813, 0.3535703190910702], [0.33782408325053676, 0.041533836842095856, -0.9402924168433503, 0.3544125743647558], [0.0, 0.0, 0.0, 1.0]]","[[0.3276301795616937, -0.0, -0.9448060464668778, 0.3], [0.0, 0.9999999999999999, -0.0, -0.22], [0.9448060464668778, 0.0, 0.3276301795616937, -0.16687499999999994], [0.0, 0.0, 0.0, 1.0]]","[[-0.7433278200413316, 0.6004865206910731, -0.2947536096826152, 0.5086551157176321], [0.579228910868879, 0.7982063624879634, 0.16541001087414936, -0.34727348365764527], [0.3346006885322478, -0.04777594951503749, -0.9411481487426314, 0.3522109842986923], [0.0, 0.0, 0.0, 1.0]]"
1.5833333333333333,-115.61802717539084,29.959805171560532,11.643259553580656,3.437746693945311,-2.6755413384712585,-44.972192137033375,-31.253986000399962,-116.29876480920933,-29.00514280107868,-10.847884024732672,3.437746693945311,2.822269169768765,-45.18572775615007,30.43380322448649,"[[0.3214394653031616, -0.0, -0.9469301294951057, 0.3], [0.0, 1.0, -0.0, 0.22], [0.9469301294951057, 0.0, 0.3214394653031616, -0.1645833333333333], [0.0, 0.0, 0.0, 1.0]]","[[-0.7316292826323151, -0.6168933697188601, -0.29010543461271837, 0.5055450878945162], [-0.5921093493357954, 0.7859500688937461, -0.17801406583485813, 0.3535703190910702], [0.33782408325053676, 0.041533836842095856, -0.9402924168433503, 0.3544125743647558], [0.0, 0.0, 0.0, 1.0]]","[[0.3214394653031616, -0.0, -0.9469301294951057, 0.3], [0.0, 1.0, -0.0, -0.22], [0.9469301294951057, 0.0, 0.3214394653031616, -0.1645833333333333], [0.0, 0.0, 0.0, 1.0]]","[[-0.7506458478026719, 0.5968201211755523, -0.28343703734093617, 0.5048331124554086], [0.5778449283270702, 0.8010310886483896, 0.15634715803448146, -0.3417283212116938], [0.3203530083880768, -0.04642130953317876, -0.9461601407996079, 0.35990095151096363], [0.0, 0.0, 0.0, 1.0]]"
1.5916666666666666,-116.22491680390316,29.59310939049547,11.12358631812753,3.437746693945311,-2.6755413384712585,-44.972192137033375,-31.253986000399962,-116.29876480920933,-29.00514280107868,-10.847884024732672,3.437746693945311,2.822269169768765,-45.18572775615007,30.43380322448649,"[[0.3152349816477698, -0.0, -0.9490136491882138, 0.3], [0.0, 1.0, -0.0, 0.22], [0.9490136491882138, 0.0, 0.3152349816477698, -0.1622916666666666], [0.0, 0.0, 0.0, 1.0]]","[[-0.7361873404674205, -0.6141904449359963, -0.28425041263792283, 0.5036528282869761], [-0.5922432772481805, 0.7879184921613976, -0.16861894989723009, 0.34850299545948504], [0.32753030438394737, 0.04421025966257999, -0.9438057812128121, 0.35923340657937514], [0.0, 0.0, 0.0, 1.0]]","[[0.3152349816477698, -0.0, -0.9490136491882138, 0.3], [0.0, 1.0, -0.0, -0.22], [0.9490136491882138, 0.0, 0.3152349816477698, -0.1622916666666666], [0.0, 0.0, 0.0, 1.0]]","[[-0.7506458478026719, 0.5968201211755523, -0.28343703734093617, 0.5048331124554086], [0.5778449283270702, 0.8010310886483896, 0.15634715803448146, -0.3417283212116938], [0.3203530083880768, -0.04642130953317876, -0.9461601407996079, 0.35990095151096363], [0.0, 0.0, 0.0, 1.0]]"
1.6,-117.21432434669286,29.193222305158734,10.550211574098823,3.437746693945311,-2.6755413384712585,-44.972192137033375,-31.253986000399962,-116.90405617345586,-28.620579245144864,-10.320760760442353,3.437746693945311,2.822269169768765,-45.18572775615007,30.43380322448649,"[[0.30901699437494745, -0.0, -0.9510565162951536, 0.3], [0.0, 1.0, -0.0, 0.22], [0.9510565162951536, 0.0, 0.30901699437494745, -0.15999999999999992], [0.0, 0.0, 0.0, 1.0]]","[[-0.7435829725259582, -0.610472145547532, -0.2727785227616965, 0.4997000678668201], [-0.5910375915104614, 0.7908613427844351, -0.15878571066287245, 0.34258459122911167], [0.3126642422647233, 0.04315201037950926, -0.9488830147121581, 0.36706597205683505], [0.0, 0.0, 0.0, 1.0]]","[[0.30901699437494745, -0.0, -0.9510565162951536, 0.3], [0.0, 1.0, -0.0, -0.22], [0.9510565162951536, 0.0, 0.30901699437494745, -0.15999999999999992], [0.0, 0.0, 0.0, 1.0]]","[[-0.7551016699437442, 0.5940306796745526, -0.27739686309249795, 0.5028407280646365], [0.5777900363434888, 0.8029128067883636, 0.14659365128620677, -0.33645442625004607], [0.3098066202494047, -0.049584032718418554, -0.9495058092234193, 0.3646964152368134], [0.0, 0.0, 0.0, 1.0]]"
1.6083333333333334,-117.83573495738062,28.78553855888443,9.999242411868696,3.437746693945311,-2.6755413384712585,-44.972192137033375,-31.253986000399962,-117.48960829100106,-28.246952529619534,-9.83210853665213,3.437746693945311,2.822269169768765,-45.18572775615007,30.43380322448649,"[[0.3027857698425746, -0.0, -0.9530586433062971, 0.3], [0.0, 1.0, -0.0, 0.22], [0.9530586433062971, 0.0, 0.3027857698425746, -0.15770833333333328], [0.0, 0.0, 0.0, 1.0]]","[[-0.7481030710525686, -0.6076709858809989, -0.26660414100334334, 0.4976155326505107], [-0.5910639970299006, 0.7928291200091656, -0.14854406040138293, 0.33705130367261454], [0.30163744213335525, 0.04645384143326656, -0.9522903412926856, 0.3719726777293129], [0.0, 0.0, 0.0, 1.0]]","[[0.3027857698425746, -0.0, -0.9530586433062971, 0.3], [0.0, 1.0, -0.0, -0.22], [0.9530586433062971, 0.0, 0.3027857698425746, -0.15770833333333328], [0.0, 0.0, 0.0, 1.0]]","[[-0.7594576370079187, 0.591260603183592, -0.2713576914578312, 0.5008176581816478], [0.5774614026879324, 0.8047782442424127, 0.13736923236221726, -0.33135632149246114], [0.29960378167845936, -0.05237248053199717, -0.9526251609562344, 0.36932272302521263], [0.0, 0.0, 0.0, 1.0]]"
1.6166666666666667,-117.83573495738062,28.78553855888443,9.999242411868696,3.437746693945311,-2.6755413384712585,-44.972192137033375,-31.253986000399962,-118.45694066239328,-27.84263777415334,-9.284364077483897,3.437746693945311,2.822269169768765,-45.18572775615007,30.43380322448649,"[[0.2965415749755708, -0.0, -0.9550199444571866, 0.3], [0.0, 1.0, -0.0, 0.22], [0.9550199444571866, 0.0, 0.2965415749755708, -0.1554166666666666], [0.0, 0.0, 0.0, 1.0]]","[[-0.7481030710525686, -0.6076709858809989, -0.26660414100334334, 0.4976155326505107], [-0.5910639970299006, 0.7928291200091656, -0.14854406040138293, 0.33705130367261454], [0.30163744213335525, 0.04645384143326656, -0.9522903412926856, 0.3719726777293129], [0.0, 0.0, 0.0, 1.0]]","[[0.2965415749755708, -0.0, -0.9550199444571866, 0.3], [0.0, 1.0, -0.0, -0.22], [0.9550199444571866, 0.0, 0.2965415749755708, -0.1554166666666666], [0.0, 0.0, 0.0, 1.0]]","[[-0.7663927719152503, 0.5875844264206044, -0.2595894084588747, 0.4966332104847875], [0.5758579581940303, 0.807514798311272, 0.12770067538156604, -0.32544405832206524], [0.2846572169130118, -0.05161775214279574, -0.9572386727055398, 0.37695003161487267], [0.0, 0.0, 0.0, 1.0]]"
1.625,-118.43280277386646,28.391008049404274,9.492659233959898,3.437746693945311,-2.6755413384712585,-44.972192137033375,-31.253986000399962,-119.05958191324184,-27.439007745151436,-8.762739969249084,3.437746693945311,2.822269169768765,-45.18572775615007,30.43380322448649,"[[0.29028467725446244, -0.0, -0.9569403357322089, 0.3], [0.0, 1.0, -0.0, 0.22], [0.9569403357322089, 0.0, 0.29028467725446244, -0.15312499999999996], [0.0, 0.0, 0.0, 1.0]]","[[-0.7525083529435704, -0.604886841567172, -0.2604670567443148, 0.4955137580577764], [-0.5907843630626521, 0.794781012028248, -0.1389135676599319, 0.33172644720759875], [0.29104126015190945, 0.049346244216203095, -0.955437037732442, 0.37667254966655], [0.0, 0.0, 0.0, 1.0]]","[[0.29028467725446244, -0.0, -0.9569403357322089, 0.3], [0.0, 1.0, -0.0, -0.22], [0.9569403357322089, 0.0, 0.29028467725446244, -0.15312499999999996], [0.0, 0.0, 0.0, 1.0]]","[[-0.7663927719152503, 0.5875844264206044, -0.2595894084588747, 0.4966332104847875], [0.5758579581940303, 0.807514798311272, 0.12770067538156604, -0.32544405832206524], [0.2846572169130118, -0.05161775214279574, -0.9572386727055398, 0.37695003161487267], [0.0, 0.0, 0.0, 1.0]]"
1.6333333333333333,-119.410312127122,27.968786245481596,8.933107085264004,3.437746693945311,-2.6755413384712585,-44.972192137033375,-31.253986000399962,-119.05958191324184,-27.439007745151436,-8.762739969249084,3.437746693945311,2.822269169768765,-45.18572775615007,30.43380322448649,"[[0.28401534470392276, -0.0, -0.9588197348681929, 0.3], [0.0, 0.9999999999999999, -0.0, 0.22], [0.9588197348681929, 0.0, 0.28401534470392276, -0.15083333333333326], [0.0, 0.0, 0.0, 1.0]]","[[-0.7594499520650104, -0.6012078702800511, -0.24856561914669267, 0.4911951904934594], [-0.5892137899350375, 0.7976185008074088, -0.1289644792961649, 0.3256434162027786], [0.2757949964354734, 0.04851622288541044, -0.9599912999908335, 0.38432924376782174], [0.0, 0.0, 0.0, 1.0]]","[[0.28401534470392276, -0.0, -0.9588197348681929, 0.3], [0.0, 0.9999999999999999, -0.0, -0.22], [0.9588197348681929, 0.0, 0.28401534470392276, -0.15083333333333326], [0.0, 0.0, 0.0, 1.0]]","[[-0.7706225340079706, 0.584859617822349, -0.2531405489443178, 0.4943670651965763], [0.5755118957330881, 0.8092715847734848, 0.11775211228644514, -0.3199922654341366], [0.2737279086042226, -0.054942966054887486, -0.9602365867494584, 0.38167413471416095], [0.0, 0.0, 0.0, 1.0]]"
1.6416666666666666,-119.410312127122,27.968786245481596,8.933107085264004,3.437746693945311,-2.6755413384712585,-44.972192137033375,-31.253986000399962,-119.63891855864233,-27.04666118865839,-8.277278297574904,3.437746693945311,2.822269169768765,-45.18572775615007,30.43380322448649,"[[0.2777338458812922, -0.0, -0.9606580613579353, 0.3], [0.0, 1.0, -0.0, 0.22], [0.9606580613579353, 0.0, 0.2777338458812922, -0.14854166666666663], [0.0, 0.0, 0.0, 1.0]]","[[-0.7594499520650104, -0.6012078702800511, -0.24856561914669267, 0.4911951904934594], [-0.5892137899350375, 0.7976185008074088, -0.1289644792961649, 0.3256434162027786], [0.2757949964354734, 0.04851622288541044, -0.9599912999908335, 0.38432924376782174], [0.0, 0.0, 0.0, 1.0]]","[[0.2777338458812922, -0.0, -0.9606580613579353, 0.3], [0.0, 1.0, -0.0, -0.22], [0.9606580613579353, 0.0, 0.2777338458812922, -0.14854166666666663], [0.0, 0.0, 0.0, 1.0]]","[[-0.7747138321394678, 0.5821704612661401, -0.24677121453068696, 0.49209939346813], [0.5749364623705714, 0.8109976249015911, 0.10830935620153315, -0.3147222948926233], [0.26318537673775333, -0.05796901269771415, -0.9630021033405167, 0.38619822136060566], [0.0, 0.0, 0.0, 1.0]]"
1.65,-120.01878635952176,27.54462296028734,8.397144702414042,3.437746693945311,-2.6755413384712585,-44.972192137033375,-31.253986000399962,-120.59708481616839,-26.62872703598719,-7.738159513554749,3.437746693945311,2.822269169768765,-45.18572775615007,30.43380322448649,"[[0.2714404498650742, -0.0, -0.9624552364536473, 0.3], [0.0, 1.0, -0.0, 0.22], [0.9624552364536473, 0.0, 0.2714404498650742, -0.14625], [0.0, 0.0, 0.0, 1.0]]","[[-0.7636874148843101, -0.5984832340412654, -0.24207302806968814, 0.4888663465798133], [-0.5889014940947357, 0.7994491235540312, -0.1186428636778452, 0.31997824505502886], [0.2645308348762163, 0.051951106053670995, -0.9629769052160558, 0.3890795118482315], [0.0, 0.0, 0.0, 1.0]]","[[0.2714404498650742, -0.0, -0.9624552364536473, 0.3], [0.0, 1.0, -0.0, -0.22], [0.9624552364536473, 0.0, 0.2714404498650742, -0.14625], [0.0, 0.0, 0.0, 1.0]]","[[-0.7747138321394678, 0.5821704612661401, -0.24677121453068696, 0.49209939346813], [0.5749364623705714, 0.8109976249015911, 0.10830935620153315, -0.3147222948926233], [0.26318537673775333, -0.05796901269771415, -0.9630021033405167, 0.38619822136060566], [0.0, 0.0, 0.0, 1.0]]"
1.6583333333333332,-121.00014793946919,27.098457928229184,7.821720901634332,3.437746693945311,-2.6755413384712585,-44.972192137033375,-31.253986000399962,-120.59708481616839,-26.62872703598719,-7.738159513554749,3.437746693945311,2.822269169768765,-45.18572775615007,30.43380322448649,"[[0.2651354262434081, -0.0, -0.9642111831703293, 0.3], [0.0, 1.0, -0.0, 0.22], [0.9642111831703293, 0.0, 0.2651354262434081, -0.14395833333333324], [0.0, 0.0, 0.0, 1.0]]","[[-0.7702626095840396, -0.5948952420784859, -0.2297719809488638, 0.48423615955273497], [-0.5872303852608192, 0.802148634021343, -0.108249912536331, 0.3136601205295678], [0.2487086385777847, 0.051548228777264546, -0.9672056623111299, 0.3966921592944991], [0.0, 0.0, 0.0, 1.0]]","[[0.2651354262434081, -0.0, -0.9642111831703293, 0.3], [0.0, 1.0, -0.0, -0.22], [0.9642111831703293, 0.0, 0.2651354262434081, -0.14395833333333324], [0.0, 0.0, 0.0, 1.0]]","[[-0.7811101681396418, 0.5786659382744861, -0.23454772885229455, 0.48752789683739783], [0.573087358618904, 0.813541897499067, 0.09859239526872887, -0.3087335536412316], [0.24786646529950038, -0.057404815952377564, -0.9670919824325944, 0.3936567647946404], [0.0, 0.0, 0.0, 1.0]]"
1.6666666666666667,-121.00014793946919,27.098457928229184,7.821720901634332,3.437746693945311,-2.6755413384712585,-44.972192137033375,-31.253986000399962,-121.58426571728867,-26.175892324204515,-7.145921921472583,3.437746693945311,2.822269169768765,-45.18572775615007,30.43380322448649,"[[0.25881904510252074, -0.0, -0.9659258262890683, 0.3], [0.0, 1.0, -0.0, 0.22], [0.9659258262890683, 0.0, 0.25881904510252074, -0.1416666666666666], [0.0, 0.0, 0.0, 1.0]]","[[-0.7702626095840396, -0.5948952420784859, -0.2297719809488638, 0.48423615955273497], [-0.5872303852608192, 0.802148634021343, -0.108249912536331, 0.3136601205295678], [0.2487086385777847, 0.051548228777264546, -0.9672056623111299, 0.3966921592944991], [0.0, 0.0, 0.0, 1.0]]","[[0.25881904510252074, -0.0, -0.9659258262890683, 0.3], [0.0, 1.0, -0.0, -0.22], [0.9659258262890683, 0.0, 0.25881904510252074, -0.1416666666666666], [0.0, 0.0, 0.0, 1.0]]","[[-0.787339077458943, 0.575219439402956, -0.22185529887530184, 0.48267129238483225], [0.5713667223298606, 0.8159726470006148, 0.087913070477842, -0.30232188784578473], [0.23159716259084936, -0.05754333914328566, -0.9711083968332828, 0.4012863557541963], [0.0, 0.0, 0.0, 1.0]]"
1.675,-121.60870413413899,26.66581496318036,7.288679278428197,3.437746693945311,-2.6755413384712585,-44.972192137033375,-31.253986000399962,-121.58426571728867,-26.175892324204515,-7.145921921472583,3.437746693945311,2.822269169768765,-45.18572775615007,30.43380322448649,"[[0.25249157701515795, -0.0, -0.9675990923602598, 0.3], [0.0, 1.0, -0.0, 0.22], [0.9675990923602598, 0.0, 0.25249157701515795, -0.13937499999999992], [0.0, 0.0, 0.0, 1.0]]","[[-0.7742650641385442, -0.5923001033155981, -0.22292195510282953, 0.4816687014370166], [-0.5867485901302227, 0.8038354797881497, -0.09784995357153252, 0.3079227673307798], [0.23714911434524055, 0.05503734228764183, -0.9699129798694215, 0.4013924372006934], [0.0, 0.0, 0.0, 1.0]]","[[0.25249157701515795, -0.0, -0.9675990923602598, 0.3], [0.0, 1.0, -0.0, -0.22], [0.9675990923602598, 0.0, 0.25249157701515795, -0.13937499999999992], [0.0, 0.0, 0.0, 1.0]]","[[-0.787339077458943, 0.575219439402956, -0.22185529887530184, 0.48267129238483225], [0.5713667223298606, 0.8159726470006148, 0.087913070477842, -0.30232188784578473], [0.23159716259084936, -0.05754333914328566, -0.9711083968332828, 0.4012863557541963], [0.0, 0.0, 0.0, 1.0]]"
1.6833333333333333,-121.60870413413899,26.66581496318036,7.288679278428197,3.437746693945311,-2.6755413384712585,-44.972192137033375,-31.253986000399962,-122.19440651584591,-25.74116785900613,-6.608485071535545,3.437746693945311,2.822269169768765,-45.18572775615007,30.43380322448649,"[[0.24615329302899303, -0.0, -0.9692309097067543, 0.3], [0.0, 0.9999999999999999, -0.0, 0.22], [0.9692309097067543, 0.0, 0.24615329302899303, -0.13708333333333328], [0.0, 0.0, 0.0, 1.0]]","[[-0.7803850699839621, -0.5889016210870595, -0.21022374563107807, 0.4767152398346214], [-0.5849255741390633, 0.8063529878646081, -0.08750389522704914, 0.3016087318683235], [0.22104573116035062, 0.05467851171029271, -0.9737294516922723, 0.4088840860583389], [0.0, 0.0, 0.0, 1.0]]","[[0.24615329302899303, -0.0, -0.9692309097067543, 0.3], [0.0, 0.9999999999999999, -0.0, -0.22], [0.9692309097067543, 0.0, 0.24615329302899303, -0.13708333333333328], [0.0, 0.0, 0.0, 1.0]]","[[-0.7911305317643633, 0.5727240166935025, -0.21470836595879675, 0.4799398616440047], [0.5707708018789198, 0.8174524357358923, 0.07740934718722142, -0.2965503547304448], [0.21984806897657908, -0.061308368204656294, -0.9736057264392768, 0.4059653223084258], [0.0, 0.0, 0.0, 1.0]]"
1.6916666666666667,-122.58583099680101,26.215123223249776,6.719955893224269,3.437746693945311,-2.6755413384712585,-44.972192137033375,-31.253986000399962,-123.1669434913857,-25.2908278738178,-6.039917500022058,3.437746693945311,2.822269169768765,-45.18572775615007,30.43380322448649,"[[0.23980446465501654, -0.0, -0.9708212084269281, 0.3], [0.0, 1.0, -0.0, 0.22], [0.9708212084269281, 0.0, 0.23980446465501654, -0.1347916666666666], [0.0, 0.0, 0.0, 1.0]]","[[-0.7803850699839621, -0.5889016210870595, -0.21022374563107807, 0.4767152398346214], [-0.5849255741390633, 0.8063529878646081, -0.08750389522704914, 0.3016087318683235], [0.22104573116035062, 0.05467851171029271, -0.9737294516922723, 0.4088840860583389], [0.0, 0.0, 0.0, 1.0]]","[[0.23980446465501654, -0.0, -0.9708212084269281, 0.3], [0.0, 1.0, -0.0, -0.22], [0.9708212084269281, 0.0, 0.23980446465501654, -0.1347916666666666], [0.0, 0.0, 0.0, 1.0]]","[[-0.7968775351036101, 0.5694642784831591, -0.20173405656668345, 0.4748061138828301], [0.5688181834146665, 0.8197257390669659, 0.06704913815967575, -0.2902468590052942], [0.20354868769911913, -0.06132004764162862, -0.9771426628150031, 0.4133844984403209], [0.0, 0.0, 0.0, 1.0]]"
1.7,-123.58411778551174,25.740619736325232,6.114116833183669,3.437746693945311,-2.6755413384712585,-44.972192137033375,-31.253986000399962,-123.1669434913857,-25.2908278738178,-6.039917500022058,3.437746693945311,2.822269169768765,-45.18572775615007,30.43380322448649,"[[0.23344536385590547, -0.0, -0.9723699203976766, 0.3], [0.0, 1.0, -0.0, 0.22], [0.9723699203976766, 0.0, 0.23344536385590547, -0.13249999999999995], [0.0, 0.0, 0.0, 1.0]]","[[-0.7862593277235531, -0.5856232394080314, -0.19708295469915754, 0.47147465224254764], [-0.5831829470763963, 0.8087301217342134, -0.07650647318399706, 0.2950164791917414], [0.20419089060728418, 0.05478149016782902, -0.9773970884589315, 0.41647505435154525], [0.0, 0.0, 0.0, 1.0]]","[[0.23344536385590547, -0.0, -0.9723699203976766, 0.3], [0.0, 1.0, -0.0, -0.22], [0.9723699203976766, 0.0, 0.23344536385590547, -0.13249999999999995], [0.0, 0.0, 0.0, 1.0]]","[[-0.7968775351036101, 0.5694642784831591, -0.20173405656668345, 0.4748061138828301], [0.5688181834146665, 0.8197257390669659, 0.06704913815967575, -0.2902468590052942], [0.20354868769911913, -0.06132004764162862, -0.9771426628150031, 0.4133844984403209], [0.0, 0.0, 0.0, 1.0]]"
1.7083333333333333,-123.58411778551174,25.740619736325232,6.114116833183669,3.437746693945311,-2.6755413384712585,-44.972192137033375,-31.253986000399962,-124.15775805314442,-24.82069058532019,-5.440646093755248,3.437746693945311,2.822269169768765,-45.18572775615007,30.43380322448649,"[[0.22707626303437323, -0.0, -0.9738769792773336, 0.3], [0.0, 1.0, -0.0, 0.22], [0.9738769792773336, 0.0, 0.22707626303437323, -0.13020833333333331], [0.0, 0.0, 0.0, 1.0]]","[[-0.7862593277235531, -0.5856232394080314, -0.19708295469915754, 0.47147465224254764], [-0.5831829470763963, 0.8087301217342134, -0.07650647318399706, 0.2950164791917414], [0.20419089060728418, 0.05478149016782902, -0.9773970884589315, 0.41647505435154525], [0.0, 0.0, 0.0, 1.0]]","[[0.22707626303437323, -0.0, -0.9738769792773336, 0.3], [0.0, 1.0, -0.0, -0.22], [0.9738769792773336, 0.0, 0.22707626303437323, -0.13020833333333331], [0.0, 0.0, 0.0, 1.0]]","[[-0.8023632181411917, 0.5663417014603943, -0.18833571982249156, 0.46939106793642765], [0.5669192719973458, 0.8218568952746288, 0.05615854990602424, -0.28371798685344357], [0.1865899386679515, -0.06171159434412269, -0.9804977684377443, 0.4208745764492299], [0.0, 0.0, 0.0, 1.0]]"
1.7166666666666666,-124.19871186740782,25.287269345260224,5.567997105264252,3.437746693945311,-2.6755413384712585,-44.972192137033375,-31.253986000399962,-124.15775805314442,-24.82069058532019,-5.440646093755248,3.437746693945311,2.822269169768765,-45.18572775615007,30.43380322448649,"[[0.2206974350215014, -0.0, -0.9753423205085126, 0.3], [0.0, 1.0, -0.0, 0.22], [0.9753423205085126, 0.0, 0.2206974350215014, -0.12791666666666662], [0.0, 0.0, 0.0, 1.0]]","[[-0.7898109612837207, -0.5832962324540537, -0.18964216472343848, 0.46850107752568565], [-0.58253360674702, 0.8101453386565791, -0.06572006743244517, 0.2890738841102645], [0.19197198349340844, 0.05856650457320663, -0.9796513267972862, 0.4211181939504528], [0.0, 0.0, 0.0, 1.0]]","[[0.2206974350215014, -0.0, -0.9753423205085126, 0.3], [0.0, 1.0, -0.0, -0.22], [0.9753423205085126, 0.0, 0.2206974350215014, -0.12791666666666662], [0.0, 0.0, 0.0, 1.0]]","[[-0.8023632181411917, 0.5663417014603943, -0.18833571982249156, 0.46939106793642765], [0.5669192719973458, 0.8218568952746288, 0.05615854990602424, -0.28371798685344357], [0.1865899386679515, -0.06171159434412269, -0.9804977684377443, 0.4208745764492299], [0.0, 0.0, 0.0, 1.0]]"
1.7249999999999999,-124.19871186740782,25.287269345260224,5.567997105264252,3.437746693945311,-2.6755413384712585,-44.972192137033375,-31.253986000399962,-124.76656013462434,-24.38253907270575,-4.9121068458726205,3.437746693945311,2.822269169768765,-45.18572775615007,30.43380322448649,"[[0.21430915306505066, -0.0, -0.9767658813208725, 0.3], [0.0, 1.0, -0.0, 0.22], [0.9767658813208725, 0.0, 0.21430915306505066, -0.12562499999999993], [0.0, 0.0, 0.0, 1.0]]","[[-0.7951177768618259, -0.5802625866362924, -0.1763038611842265, 0.46300994574712817], [-0.5805551405741239, 0.8123371530629505, -0.055354119146995964, 0.28275420784566035], [0.17533810102560957, 0.0583410687572654, -0.9827781387602154, 0.4284174142029197], [0.0, 0.0, 0.0, 1.0]]","[[0.21430915306505066, -0.0, -0.9767658813208725, 0.3], [0.0, 1.0, -0.0, -0.22], [0.9767658813208725, 0.0, 0.21430915306505066, -0.12562499999999993], [0.0, 0.0, 0.0, 1.0]]","[[-0.8056571744209664, 0.5641679140781283, -0.18064075406385624, 0.46626556473159037], [0.5661026585798578, 0.8230648945256338, 0.04573794210854358, -0.2779587220953307], [0.17448294258420202, -0.06541210992042029, -0.9824850933336939, 0.42543030691985584], [0.0, 0.0, 0.0, 1.0]]"
1.7333333333333334,-125.17342084310366,24.828355765116235,4.999855566800244,3.437746693945311,-2.6755413384712585,-44.972192137033375,-31.253986000399962,-124.76656013462434,-24.38253907270575,-4.9121068458726205,3.437746693945311,2.822269169768765,-45.18572775615007,30.43380322448649,"[[0.2079116908177593, -0.0, -0.9781476007338057, 0.3], [0.0, 1.0, -0.0, 0.22], [0.9781476007338057, 0.0, 0.2079116908177593, -0.12333333333333324], [0.0, 0.0, 0.0, 1.0]]","[[-0.7951177768618259, -0.5802625866362924, -0.1763038611842265, 0.46300994574712817], [-0.5805551405741239, 0.8123371530629505, -0.055354119146995964, 0.28275420784566035], [0.17533810102560957, 0.0583410687572654, -0.9827781387602154, 0.4284174142029197], [0.0, 0.0, 0.0, 1.0]]","[[0.2079116908177593, -0.0, -0.9781476007338057, 0.3], [0.0, 1.0, -0.0, -0.22], [0.9781476007338057, 0.0, 0.2079116908177593, -0.12333333333333324], [0.0, 0.0, 0.0, 1.0]]","[[-0.8056571744209664, 0.5641679140781283, -0.18064075406385624, 0.46626556473159037], [0.5661026585798578, 0.8230648945256338, 0.04573794210854358, -0.2779587220953307], [0.17448294258420202, -0.06541210992042029, -0.9824850933336939, 0.42543030691985584], [0.0, 0.0, 0.0, 1.0]]"
1.7416666666666667,-125.17342084310366,24.828355765116235,4.999855566800244,3.437746693945311,-2.6755413384712585,-44.972192137033375,-31.253986000399962,-125.7321986191024,-23.939241012551705,-4.359101860383007,3.437746693945311,2.822269169768765,-45.18572775615007,30.43380322448649,"[[0.20150532232561713, -0.0, -0.9794874195590514, 0.3], [0.0, 1.0, -0.0, 0.22], [0.9794874195590514, 0.0, 0.20150532232561713, -0.1210416666666666], [0.0, 0.0, 0.0, 1.0]]","[[-0.7951177768618259, -0.5802625866362924, -0.1763038611842265, 0.46300994574712817], [-0.5805551405741239, 0.8123371530629505, -0.055354119146995964, 0.28275420784566035], [0.17533810102560957, 0.0583410687572654, -0.9827781387602154, 0.4284174142029197], [0.0, 0.0, 0.0, 1.0]]","[[0.20150532232561713, -0.0, -0.9794874195590514, 0.3], [0.0, 1.0, -0.0, -0.22], [0.9794874195590514, 0.0, 0.20150532232561713, -0.1210416666666666], [0.0, 0.0, 0.0, 1.0]]","[[-0.8105426467687025, 0.5613458439741931, -0.16706723563310466, 0.46060591695718284], [0.5639965643917032, 0.8250038139338409, 0.035729292589858394, -0.2718372003913732], [0.15788759648414996, -0.06526523153653294, -0.9852979023772157, 0.4326126342716247], [0.0, 0.0, 0.0, 1.0]]"
1.75,-126.1653009143729,24.36661790175045,4.4146590459787145,3.437746693945311,-2.6755413384712585,-44.972192137033375,-31.253986000399962,-125.7321986191024,-23.939241012551705,-4.359101860383007,3.437746693945311,2.822269169768765,-45.18572775615007,30.43380322448649,"[[0.19509032201612836, -0.0, -0.9807852804032304, 0.3], [0.0, 1.0, -0.0, 0.22], [0.9807852804032304, 0.0, 0.19509032201612836, -0.11874999999999991], [0.0, 0.0, 0.0, 1.0]]","[[-0.8000890538593319, -0.577454804060284, -0.16249140027145573, 0.4572037076353691], [-0.5786412242539913, 0.8143489490750617, -0.04483439231421569, 0.27641030756136603], [0.1582145362737625, 0.05815271625678153, -0.9856908349495987, 0.4357684981805958], [0.0, 0.0, 0.0, 1.0]]","[[0.19509032201612836, -0.0, -0.9807852804032304, 0.3], [0.0, 1.0, -0.0, -0.22], [0.9807852804032304, 0.0, 0.19509032201612836, -0.11874999999999991], [0.0, 0.0, 0.0, 1.0]]","[[-0.8105426467687025, 0.5613458439741931, -0.16706723563310466, 0.46060591695718284], [0.5639965643917032, 0.8250038139338409, 0.035729292589858394, -0.2718372003913732], [0.15788759648414996, -0.06526523153653294, -0.9852979023772157, 0.4326126342716247], [0.0, 0.0, 0.0, 1.0]]"
1.7583333333333333,-126.1653009143729,24.36661790175045,4.4146590459787145,3.437746693945311,-2.6755413384712585,-44.972192137033375,-31.253986000399962,-126.71451642553363,-23.495244565555026,-3.7907976780393895,3.437746693945311,2.822269169768765,-45.18572775615007,30.43380322448649,"[[0.18866696468655514, -0.0, -0.9820411276703038, 0.3], [0.0, 1.0, -0.0, 0.22], [0.9820411276703038, 0.0, 0.18866696468655514, -0.11645833333333327], [0.0, 0.0, 0.0, 1.0]]","[[-0.8000890538593319, -0.577454804060284, -0.16249140027145573, 0.4572037076353691], [-0.5786412242539913, 0.8143489490750617, -0.04483439231421569, 0.27641030756136603], [0.1582145362737625, 0.05815271625678153, -0.9856908349495987, 0.4357684981805958], [0.0, 0.0, 0.0, 1.0]]","[[0.18866696468655514, -0.0, -0.9820411276703038, 0.3], [0.0, 1.0, -0.0, -0.22], [0.9820411276703038, 0.0, 0.18866696468655514, -0.11645833333333327], [0.0, 0.0, 0.0, 1.0]]","[[-0.8150850111881561, 0.558763654102855, -0.15303464767832367, 0.45463655677232917], [0.5619617666589819, 0.8267664130485214, 0.025617788124625146, -0.26571845540287947], [0.14083819563570013, -0.06511894584916972, -0.9878887212341142, 0.43983948376011733], [0.0, 0.0, 0.0, 1.0]]"
1.7666666666666666,-127.16851909966438,23.920872926326247,3.833992221237373,3.437746693945311,-2.6755413384712585,-44.972192137033375,-31.253986000399962,-126.71451642553363,-23.495244565555026,-3.7907976780393895,3.437746693945311,2.822269169768765,-45.18572775615007,30.43380322448649,"[[0.18223552549214767, -0.0, -0.9832549075639545, 0.3], [0.0, 1.0, -0.0, 0.22], [0.9832549075639545, 0.0, 0.18223552549214767, -0.11416666666666664], [0.0, 0.0, 0.0, 1.0]]","[[-0.804674938505048, -0.5749162072671787, -0.14822144906665694, 0.4510814579695116], [-0.576756020190071, 0.8161815550455771, -0.034643359795115666, 0.27027454845224486], [0.14089264181073305, 0.05761096965774744, -0.9883472262614421, 0.44311957225511567], [0.0, 0.0, 0.0, 1.0]]","[[0.18223552549214767, -0.0, -0.9832549075639545, 0.3], [0.0, 1.0, -0.0, -0.22], [0.9832549075639545, 0.0, 0.18223552549214767, -0.11416666666666664], [0.0, 0.0, 0.0, 1.0]]","[[-0.8150850111881561, 0.558763654102855, -0.15303464767832367, 0.45463655677232917], [0.5619617666589819, 0.8267664130485214, 0.025617788124625146, -0.26571845540287947], [0.14083819563570013, -0.06511894584916972, -0.9878887212341142, 0.43983948376011733], [0.0, 0.0, 0.0, 1.0]]"
1.775,-127.16851909966438,23.920872926326247,3.833992221237373,3.437746693945311,-2.6755413384712585,-44.972192137033375,-31.253986000399962,-127.70826796863547,-23.069488138736865,-3.2282519854963265,3.437746693945311,2.822269169768765,-45.18572775615007,30.43380322448649,"[[0.1757962799343547, -0.0, -0.9844265680898915, 0.3], [0.0, 1.0, -0.0, 0.22], [0.9844265680898915, 0.0, 0.1757962799343547, -0.11187499999999995], [0.0, 0.0, 0.0, 1.0]]","[[-0.804674938505048, -0.5749162072671787, -0.14822144906665694, 0.4510814579695116], [-0.576756020190071, 0.8161815550455771, -0.034643359795115666, 0.27027454845224486], [0.14089264181073305, 0.05761096965774744, -0.9883472262614421, 0.44311957225511567], [0.0, 0.0, 0.0, 1.0]]","[[0.1757962799343547, -0.0, -0.9844265680898915, 0.3], [0.0, 1.0, -0.0, -0.22], [0.9844265680898915, 0.0, 0.1757962799343547, -0.11187499999999995], [0.0, 0.0, 0.0, 1.0]]","[[-0.8192370374907618, 0.5564635109039071, -0.13856059120780886, 0.44835727872619363], [0.5599728712466376, 0.8283586726519445, 0.015883730988195403, -0.2598356121097097], [0.12361658412671364, -0.06457763138119894, -0.9902265749080041, 0.44706547163116506], [0.0, 0.0, 0.0, 1.0]]"
1.7833333333333332,-128.17784347407385,23.494445433422133,3.262999292238297,3.437746693945311,-2.6755413384712585,-44.972192137033375,-31.253986000399962,-127.70826796863547,-23.069488138736865,-3.2282519854963265,3.437746693945311,2.822269169768765,-45.18572775615007,30.43380322448649,"[[0.16934950384902447, -0.0, -0.9855560590580779, 0.3], [0.0, 1.0, -0.0, 0.22], [0.9855560590580779, 0.0, 0.16934950384902447, -0.10958333333333325], [0.0, 0.0, 0.0, 1.0]]","[[-0.8088489479204412, -0.5726424373084048, -0.13358150486308032, 0.4446777780601527], [-0.574902038223473, 0.8178439520224164, -0.0248780342240309, 0.26439541156731305], [0.1234950440078142, 0.05667370760630751, -0.9907255245382866, 0.45042519210980364], [0.0, 0.0, 0.0, 1.0]]","[[0.16934950384902447, -0.0, -0.9855560590580779, 0.3], [0.0, 1.0, -0.0, -0.22], [0.9855560590580779, 0.0, 0.16934950384902447, -0.10958333333333325], [0.0, 0.0, 0.0, 1.0]]","[[-0.8192370374907618, 0.5564635109039071, -0.13856059120780886, 0.44835727872619363], [0.5599728712466376, 0.8283586726519445, 0.015883730988195403, -0.2598356121097097], [0.12361658412671364, -0.06457763138119894, -0.9902265749080041, 0.44706547163116506], [0.0, 0.0, 0.0, 1.0]]"
1.7916666666666667,-128.17784347407385,23.494445433422133,3.262999292238297,3.437746693945311,-2.6755413384712585,-44.972192137033375,-31.253986000399962,-128.70849453107047,-22.66474478890025,-2.6759340743485343,3.437746693945311,2.822269169768765,-45.18572775615007,30.43380322448649,"[[0.16289547339458893, -0.0, -0.986643332084879, 0.3], [0.0, 1.0, -0.0, 0.22], [0.986643332084879, 0.0, 0.16289547339458893, -0.10729166666666656], [0.0, 0.0, 0.0, 1.0]]","[[-0.8088489479204412, -0.5726424373084048, -0.13358150486308032, 0.4446777780601527], [-0.574902038223473, 0.8178439520224164, -0.0248780342240309, 0.26439541156731305], [0.1234950440078142, 0.05667370760630751, -0.9907255245382866, 0.45042519210980364], [0.0, 0.0, 0.0, 1.0]]","[[0.16289547339458893, -0.0, -0.986643332084879, 0.3], [0.0, 1.0, -0.0, -0.22], [0.986643332084879, 0.0, 0.16289547339458893, -0.10729166666666656], [0.0, 0.0, 0.0, 1.0]]","[[-0.8229760892141279, 0.554437114014175, -0.12373295109005028, 0.4418032905261693], [0.5580347575374714, 0.8297912536792263, 0.0066094400332916935, -0.2542301674539809], [0.1063370394637512, -0.06360787625043833, -0.9922935413056934, 0.4542477599090249], [0.0, 0.0, 0.0, 1.0]]"
1.8,-129.19039169777156,23.091518913904743,2.7058658842822343,3.437746693945311,-2.6755413384712585,-44.972192137033375,-31.253986000399962,-128.70849453107047,-22.66474478890025,-2.6759340743485343,3.437746693945311,2.822269169768765,-45.18572775615007,30.43380322448649,"[[0.1564344650402309, -0.0, -0.9876883405951378, 0.3], [0.0, 1.0, -0.0, 0.22], [0.9876883405951378, 0.0, 0.1564344650402309, -0.10499999999999993], [0.0, 0.0, 0.0, 1.0]]","[[-0.8125911297694487, -0.5706343294901396, -0.11862595764566035, 0.43801359943086265], [-0.5730918434194593, 0.8193418952960397, -0.01563961696396304, 0.25882750143589783], [0.10611971930841675, 0.05527495472664201, -0.9928158361719815, 0.457658563374924], [0.0, 0.0, 0.0, 1.0]]","[[0.1564344650402309, -0.0, -0.9876883405951378, 0.3], [0.0, 1.0, -0.0, -0.22], [0.9876883405951378, 0.0, 0.1564344650402309, -0.10499999999999993], [0.0, 0.0, 0.0, 1.0]]","[[-0.8229760892141279, 0.554437114014175, -0.12373295109005028, 0.4418032905261693], [0.5580347575374714, 0.8297912536792263, 0.0066094400332916935, -0.2542301674539809], [0.1063370394637512, -0.06360787625043833, -0.9922935413056934, 0.4542477599090249], [0.0, 0.0, 0.0, 1.0]]"
1.8083333333333333,-130.2046201480051,22.715727028412516,2.165345417378347,3.437746693945311,-2.6755413384712585,-44.972192137033375,-31.253986000399962,-129.71253233906236,-22.284682327629476,-2.1375427054749867,3.437746693945311,2.822269169768765,-45.18572775615007,30.43380322448649,"[[0.1499667555540451, -0.0, -0.9886910398241674, 0.3], [0.0, 1.0, -0.0, 0.22], [0.9886910398241674, 0.0, 0.1499667555540451, -0.10270833333333329], [0.0, 0.0, 0.0, 1.0]]","[[-0.8158879851682871, -0.5688904546081669, -0.10339461452970636, 0.43110425796747626], [-0.5713441255424029, 0.8206806791276059, -0.007008074973834034, 0.2536168217428095], [0.08884078942816898, 0.05335610145395915, -0.9946157250774869, 0.4648035110228388], [0.0, 0.0, 0.0, 1.0]]","[[0.1499667555540451, -0.0, -0.9886910398241674, 0.3], [0.0, 1.0, -0.0, -0.22], [0.9886910398241674, 0.0, 0.1499667555540451, -0.10270833333333329], [0.0, 0.0, 0.0, 1.0]]","[[-0.8262857896108781, 0.5526812509187474, -0.10860584132548627, 0.43499575292843196], [0.5561607823969653, 0.8310720221654752, -0.0021161515502984805, -0.24895037122594785], [0.08908971888340196, -0.06215085563913776, -0.9940826389856127, 0.4613617260099743], [0.0, 0.0, 0.0, 1.0]]"
1.8166666666666667,-130.2046201480051,22.715727028412516,2.165345417378347,3.437746693945311,-2.6755413384712585,-44.972192137033375,-31.253986000399962,-130.7189197321287,-21.932452887226503,-1.615473354283654,3.437746693945311,2.822269169768765,-45.18572775615007,30.43380322448649,"[[0.1434926219911793, -0.0, -0.9896513868196701, 0.3], [0.0, 0.9999999999999999, -0.0, 0.22], [0.9896513868196701, 0.0, 0.1434926219911793, -0.1004166666666666], [0.0, 0.0, 0.0, 1.0]]","[[-0.8158879851682871, -0.5688904546081669, -0.10339461452970636, 0.43110425796747626], [-0.5713441255424029, 0.8206806791276059, -0.007008074973834034, 0.2536168217428095], [0.08884078942816898, 0.05335610145395915, -0.9946157250774869, 0.4648035110228388], [0.0, 0.0, 0.0, 1.0]]","[[0.1434926219911793, -0.0, -0.9896513868196701, 0.3], [0.0, 0.9999999999999999, -0.0, -0.22], [0.9896513868196701, 0.0, 0.1434926219911793, -0.1004166666666666], [0.0, 0.0, 0.0, 1.0]]","[[-0.8291554403616258, 0.5511908724575416, -0.09321951425647156, 0.42795046388096714], [0.5543694617448567, 0.8322078904028131, -0.010223846439441003, -0.2440364372532151], [0.07194272446492574, -0.06015520983916148, -0.9955930871223294, 0.46839222768991345], [0.0, 0.0, 0.0, 1.0]]"
1.825,-130.8269050229066,22.38365176870296,1.7121306696013836,3.437746693945311,-2.6755413384712585,-44.972192137033375,-31.253986000399962,-130.7189197321287,-21.932452887226503,-1.615473354283654,3.437746693945311,2.822269169768765,-45.18572775615007,30.43380322448649,"[[0.13701234168196819, -0.0, -0.9905693404435773, 0.3], [0.0, 1.0, -0.0, 0.22], [0.9905693404435773, 0.0, 0.13701234168196819, -0.0981249999999999], [0.0, 0.0, 0.0, 1.0]]","[[-0.8176155529893891, -0.5679907246583237, -0.0942939245761256, 0.4269183999400971], [-0.570608008538979, 0.8212219911795064, 0.0009704608943087133, 0.249223122238268], [0.0768850317099251, 0.05459833244046251, -0.9955439287111769, 0.4691329369770736], [0.0, 0.0, 0.0, 1.0]]","[[0.13701234168196819, -0.0, -0.9905693404435773, 0.3], [0.0, 1.0, -0.0, -0.22], [0.9905693404435773, 0.0, 0.13701234168196819, -0.0981249999999999], [0.0, 0.0, 0.0, 1.0]]","[[-0.8291554403616258, 0.5511908724575416, -0.09321951425647156, 0.42795046388096714], [0.5543694617448567, 0.8322078904028131, -0.010223846439441003, -0.2440364372532151], [0.07194272446492574, -0.06015520983916148, -0.9955930871223294, 0.46839222768991345], [0.0, 0.0, 0.0, 1.0]]"
1.8333333333333333,-130.8269050229066,22.38365176870296,1.7121306696013836,3.437746693945311,-2.6755413384712585,-44.972192137033375,-31.253986000399962,-131.3361775878011,-21.623361214074038,-1.1811775901773915,3.437746693945311,2.822269169768765,-45.18572775615007,30.43380322448649,"[[0.13052619222005163, -0.0, -0.9914448613738104, 0.3], [0.0, 1.0, -0.0, 0.22], [0.9914448613738104, 0.0, 0.13052619222005163, -0.09583333333333333], [0.0, 0.0, 0.0, 1.0]]","[[-0.8201993853632187, -0.5665631207326263, -0.07924139369992317, 0.4199123737065213], [-0.5688334878488652, 0.8224172004567, 0.007642741305267885, 0.24502247074671288], [0.06083938980211328, 0.051343730081403194, -0.9968261583796018, 0.47583035203583224], [0.0, 0.0, 0.0, 1.0]]","[[0.13052619222005163, -0.0, -0.9914448613738104, 0.3], [0.0, 1.0, -0.0, -0.22], [0.9914448613738104, 0.0, 0.13052619222005163, -0.09583333333333333], [0.0, 0.0, 0.0, 1.0]]","[[-0.8306132805822855, 0.5504798318833273, -0.0839853130614969, 0.4236622007935745], [0.55358710589998, 0.8326034525862407, -0.0176863484856717, -0.239924109337458], [0.06019048348051609, -0.06118370233302314, -0.9963100221653931, 0.47263991743495803], [0.0, 0.0, 0.0, 1.0]]"
1.8416666666666666,-131.80049384757857,22.08423505850982,1.2559815018022538,3.437746693945311,-2.6755413384712585,-44.972192137033375,-31.253986000399962,-132.3033323742749,-21.346354354547707,-0.7402682819638526,3.437746693945311,2.822269169768765,-45.18572775615007,30.43380322448649,"[[0.12403445145048547, -0.0, -0.9922779121059669, 0.3], [0.0, 1.0, -0.0, 0.22], [0.9922779121059669, 0.0, 0.12403445145048547, -0.09354166666666663], [0.0, 0.0, 0.0, 1.0]]","[[-0.8201993853632187, -0.5665631207326263, -0.07924139369992317, 0.4199123737065213], [-0.5688334878488652, 0.8224172004567, 0.007642741305267885, 0.24502247074671288], [0.06083938980211328, 0.051343730081403194, -0.9968261583796018, 0.47583035203583224], [0.0, 0.0, 0.0, 1.0]]","[[0.12403445145048547, -0.0, -0.9922779121059669, 0.3], [0.0, 1.0, -0.0, -0.22], [0.9922779121059669, 0.0, 0.12403445145048547, -0.09354166666666663], [0.0, 0.0, 0.0, 1.0]]","[[-0.8327910735687205, 0.5492930470935238, -0.06881988229407193, 0.41654149399673], [0.5518157447604193, 0.8336241533916098, -0.02387791273594913, -0.23600589648591477], [0.04425394466894321, -0.05786120718437899, -0.9973433055294474, 0.4792377758255267], [0.0, 0.0, 0.0, 1.0]]"
1.8499999999999999,-132.3977938904962,21.82210093590119,0.8696317980396296,3.437746693945311,-2.6755413384712585,-44.972192137033375,-31.253986000399962,-132.3033323742749,-21.346354354547707,-0.7402682819638526,3.437746693945311,2.822269169768765,-45.18572775615007,30.43380322448649,"[[0.11753739745783764, -0.0, -0.9930684569549264, 0.3], [0.0, 1.0, -0.0, 0.22], [0.9930684569549264, 0.0, 0.11753739745783764, -0.09124999999999994], [0.0, 0.0, 0.0, 1.0]]","[[-0.8214255197025894, -0.5659797281283766, -0.07019304046029358, 0.41563785532959885], [-0.5681320034324283, 0.8228192068211316, 0.01394917782880447, 0.24151333698250546], [0.04986123000074122, 0.051337123351169626, -0.9974358914280358, 0.47988515743849003], [0.0, 0.0, 0.0, 1.0]]","[[0.11753739745783764, -0.0, -0.9930684569549264, 0.3], [0.0, 1.0, -0.0, -0.22], [0.9930684569549264, 0.0, 0.11753739745783764, -0.09124999999999994], [0.0, 0.0, 0.0, 1.0]]","[[-0.8327910735687205, 0.5492930470935238, -0.06881988229407193, 0.41654149399673], [0.5518157447604193, 0.8336241533916098, -0.02387791273594913, -0.23600589648591477], [0.04425394466894321, -0.05786120718437899, -0.9973433055294474, 0.4792377758255267], [0.0, 0.0, 0.0, 1.0]]"
1.8583333333333334,-132.3977938904962,21.82210093590119,0.8696317980396296,3.437746693945311,-2.6755413384712585,-44.972192137033375,-31.253986000399962,-132.89687581314902,-21.105368205156733,-0.36993361089676297,3.437746693945311,2.822269169768765,-45.18572775615007,30.43380322448649,"[[0.11103530855427785, -0.0, -0.9938164620563781, 0.3], [0.0, 1.0, -0.0, 0.22], [0.9938164620563781, 0.0, 0.11103530855427785, -0.08895833333333325], [0.0, 0.0, 0.0, 1.0]]","[[-0.8233226160060131, -0.5648945779956035, -0.055081627828019314, 0.4084281596754996], [-0.5665171941726351, 0.8238295928252911, 0.019054413978917557, 0.23819465451277946], [0.03461413988213721, 0.04689261921117479, -0.9983000268374914, 0.48630808638512163], [0.0, 0.0, 0.0, 1.0]]","[[0.11103530855427785, -0.0, -0.9938164620563781, 0.3], [0.0, 1.0, -0.0, -0.22], [0.9938164620563781, 0.0, 0.11103530855427785, -0.08895833333333325], [0.0, 0.0, 0.0, 1.0]]","[[-0.8337676452275165, 0.54888172088802, -0.05966883815500203, 0.41218025464214664], [0.5511014846906054, 0.8339088500402267, -0.02971840164607081, -0.23275643125777512], [0.03344648477153743, -0.057661827057355064, -0.9977757495333484, 0.48322514482719053], [0.0, 0.0, 0.0, 1.0]]"
1.8666666666666667,-133.3550175819168,21.59104246646883,0.4673528124720664,3.437746693945311,-2.6755413384712585,-44.972192137033375,-31.253986000399962,-132.89687581314902,-21.105368205156733,-0.36993361089676297,3.437746693945311,2.822269169768765,-45.18572775615007,30.43380322448649,"[[0.10452846326765347, -0.0, -0.9945218953682734, 0.3], [0.0, 1.0, -0.0, 0.22], [0.9945218953682734, 0.0, 0.10452846326765347, -0.08666666666666656], [0.0, 0.0, 0.0, 1.0]]","[[-0.8233226160060131, -0.5648945779956035, -0.055081627828019314, 0.4084281596754996], [-0.5665171941726351, 0.8238295928252911, 0.019054413978917557, 0.23819465451277946], [0.03461413988213721, 0.04689261921117479, -0.9983000268374914, 0.48630808638512163], [0.0, 0.0, 0.0, 1.0]]","[[0.10452846326765347, -0.0, -0.9945218953682734, 0.3], [0.0, 1.0, -0.0, -0.22], [0.9945218953682734, 0.0, 0.10452846326765347, -0.08666666666666656], [0.0, 0.0, 0.0, 1.0]]","[[-0.8337676452275165, 0.54888172088802, -0.05966883815500203, 0.41218025464214664], [0.5511014846906054, 0.8339088500402267, -0.02971840164607081, -0.23275643125777512], [0.03344648477153743, -0.057661827057355064, -0.9977757495333484, 0.48322514482719053], [0.0, 0.0, 0.0, 1.0]]"
1.875,-133.3550175819168,21.59104246646883,0.4673528124720664,3.437746693945311,-2.6755413384712585,-44.972192137033375,-31.253986000399962,-133.8488675796654,-20.894651746619964,0.019630255491780893,3.437746693945311,2.822269169768765,-45.18572775615007,30.43380322448649,"[[0.09801714032956071, -0.0, -0.9951847266721968, 0.3], [0.0, 1.0, -0.0, 0.22], [0.9951847266721968, 0.0, 0.09801714032956071, -0.08437499999999998], [0.0, 0.0, 0.0, 1.0]]","[[-0.8233226160060131, -0.5648945779956035, -0.055081627828019314, 0.4084281596754996], [-0.5665171941726351, 0.8238295928252911, 0.019054413978917557, 0.23819465451277946], [0.03461413988213721, 0.04689261921117479, -0.9983000268374914, 0.48630808638512163], [0.0, 0.0, 0.0, 1.0]]","[[0.09801714032956071, -0.0, -0.9951847266721968, 0.3], [0.0, 1.0, -0.0, -0.22], [0.9951847266721968, 0.0, 0.09801714032956071, -0.08437499999999998], [0.0, 0.0, 0.0, 1.0]]","[[-0.8352830200123712, 0.5480184842980629, -0.04447490693263263, 0.40487157866547036], [0.5495163138691761, 0.834774770171094, -0.03439336967251619, -0.22969608419074897], [0.018278327895233912, -0.053167884605756166, -0.9984182884822891, 0.48956024572619644], [0.0, 0.0, 0.0, 1.0]]"
1.8833333333333333,-134.33539561462374,21.388551263240046,0.060602661009829806,3.437746693945311,-2.6755413384712585,-44.972192137033375,-31.253986000399962,-134.82460108373672,-20.711939063680244,0.4137366812611125,3.437746693945311,2.822269169768765,-45.18572775615007,30.43380322448649,"[[0.0915016186634024, -0.0, -0.9958049275746617, 0.3], [0.0, 1.0, -0.0, 0.22], [0.9958049275746617, 0.0, 0.0915016186634024, -0.08208333333333329], [0.0, 0.0, 0.0, 1.0]]","[[-0.8247587235301249, -0.564104055113499, -0.03949256848402667, 0.40087093333559853], [-0.565159026734086, 0.8246411723720656, 0.02371099596824261, 0.23522616480236508], [0.019191728998186358, 0.041875432336057464, -0.9989384994606668, 0.4927773940879129], [0.0, 0.0, 0.0, 1.0]]","[[0.0915016186634024, -0.0, -0.9958049275746617, 0.3], [0.0, 1.0, -0.0, -0.22], [0.9958049275746617, 0.0, 0.0915016186634024, -0.08208333333333329], [0.0, 0.0, 0.0, 1.0]]","[[-0.8352830200123712, 0.5480184842980629, -0.04447490693263263, 0.40487157866547036], [0.5495163138691761, 0.834774770171094, -0.03439336967251619, -0.22969608419074897], [0.018278327895233912, -0.053167884605756166, -0.9984182884822891, 0.48956024572619644], [0.0, 0.0, 0.0, 1.0]]"
1.8916666666666666,-135.33149674280006,21.21579187346833,-0.34334010928075964,3.437746693945311,-2.6755413384712585,-44.972192137033375,-31.253986000399962,-134.82460108373672,-20.711939063680244,0.4137366812611125,3.437746693945311,2.822269169768765,-45.18572775615007,30.43380322448649,"[[0.08498217737244168, -0.0, -0.9963824715083254, 0.3], [0.0, 1.0, -0.0, 0.22], [0.9963824715083254, 0.0, 0.08498217737244168, -0.0797916666666666], [0.0, 0.0, 0.0, 1.0]]","[[-0.8257480291840641, -0.5635471433927489, -0.02355439391082799, 0.39302544651130095], [-0.5640266917814291, 0.8252872831533075, 0.027835071825479306, 0.23263401117957183], [0.003752766543609185, 0.03627006257652735, -0.9993349785252011, 0.49923337987885974], [0.0, 0.0, 0.0, 1.0]]","[[0.08498217737244168, -0.0, -0.9963824715083254, 0.3], [0.0, 1.0, -0.0, -0.22], [0.9963824715083254, 0.0, 0.08498217737244168, -0.0797916666666666], [0.0, 0.0, 0.0, 1.0]]","[[-0.8363476102258525, 0.5474418761899323, -0.028810884456267512, 0.3972184045999882], [0.5481916808716684, 0.8354603157882412, -0.03862566201513488, -0.2269805138520614], [0.0029250457433281415, -0.04809836729723025, -0.9988383208361302, 0.49594523676257934], [0.0, 0.0, 0.0, 1.0]]"
1.9,-135.33149674280006,21.21579187346833,-0.34334010928075964,3.437746693945311,-2.6755413384712585,-44.972192137033375,-31.253986000399962,-135.81657677765438,-20.558350307361458,0.8053354921225973,3.437746693945311,2.822269169768765,-45.18572775615007,30.43380322448649,"[[0.0784590957278451, -0.0, -0.9969173337331279, 0.3], [0.0, 1.0, -0.0, 0.22], [0.9969173337331279, 0.0, 0.0784590957278451, -0.07750000000000001], [0.0, 0.0, 0.0, 1.0]]","[[-0.8257480291840641, -0.5635471433927489, -0.02355439391082799, 0.39302544651130095], [-0.5640266917814291, 0.8252872831533075, 0.027835071825479306, 0.23263401117957183], [0.003752766543609185, 0.03627006257652735, -0.9993349785252011, 0.49923337987885974], [0.0, 0.0, 0.0, 1.0]]","[[0.0784590957278451, -0.0, -0.9969173337331279, 0.3], [0.0, 1.0, -0.0, -0.22], [0.9969173337331279, 0.0, 0.0784590957278451, -0.07750000000000001], [0.0, 0.0, 0.0, 1.0]]","[[-0.8369753219166562, 0.5470907552833825, -0.012806872606849967, 0.3892808807663637], [0.5470988867126253, 0.8359967364955407, -0.042335147650757333, -0.22463498568356452], [-0.012454664199245631, -0.04244009957885982, -0.9990213807959369, 0.5023202170157873], [0.0, 0.0, 0.0, 1.0]]"
1.9083333333333332,-136.3387993812152,21.074159363291653,-0.739582008034825,3.437746693945311,-2.6755413384712585,-44.972192137033375,-31.253986000399962,-135.81657677765438,-20.558350307361458,0.8053354921225973,3.437746693945311,2.822269169768765,-45.18572775615007,30.43380322448649,"[[0.07193265315671937, -0.0, -0.9974094913373518, 0.3], [0.0, 0.9999999999999999, -0.0, 0.22], [0.9974094913373518, 0.0, 0.07193265315671937, -0.07520833333333321], [0.0, 0.0, 0.0, 1.0]]","[[-0.8263039101432579, -0.5631765248306067, -0.007351867904428655, 0.38493090905935035], [-0.5631052321901553, 0.8257899109751499, 0.03136112899316094, 0.2304424440822394], [-0.011590753298833557, 0.030053698796910618, -0.9994810801744025, 0.5056376178649301], [0.0, 0.0, 0.0, 1.0]]","[[0.07193265315671937, -0.0, -0.9974094913373518, 0.3], [0.0, 0.9999999999999999, -0.0, -0.22], [0.9974094913373518, 0.0, 0.07193265315671937, -0.07520833333333321], [0.0, 0.0, 0.0, 1.0]]","[[-0.8369753219166562, 0.5470907552833825, -0.012806872606849967, 0.3892808807663637], [0.5470988867126253, 0.8359967364955407, -0.042335147650757333, -0.22463498568356452], [-0.012454664199245631, -0.04244009957885982, -0.9990213807959369, 0.5023202170157873], [0.0, 0.0, 0.0, 1.0]]"
1.9166666666666667,-136.3387993812152,21.074159363291653,-0.739582008034825,3.437746693945311,-2.6755413384712585,-44.972192137033375,-31.253986000399962,-136.82020477429603,-20.43516955322757,1.1896968637848073,3.437746693945311,2.822269169768765,-45.18572775615007,30.43380322448649,"[[0.06540312923014302, -0.0, -0.9978589232386034, 0.3], [0.0, 0.9999999999999999, -0.0, 0.22], [0.9978589232386034, 0.0, 0.06540312923014302, -0.07291666666666663], [0.0, 0.0, 0.0, 1.0]]","[[-0.8263039101432579, -0.5631765248306067, -0.007351867904428655, 0.38493090905935035], [-0.5631052321901553, 0.8257899109751499, 0.03136112899316094, 0.2304424440822394], [-0.011590753298833557, 0.030053698796910618, -0.9994810801744025, 0.5056376178649301], [0.0, 0.0, 0.0, 1.0]]","[[0.06540312923014302, -0.0, -0.9978589232386034, 0.3], [0.0, 0.9999999999999999, -0.0, -0.22], [0.9978589232386034, 0.0, 0.06540312923014302, -0.07291666666666663], [0.0, 0.0, 0.0, 1.0]]","[[-0.8371795296155703, 0.5469172913866492, 0.00345131495864906, 0.38109884908374103], [0.5462237574259469, 0.8364047960430275, -0.045460136160181366, -0.22268225125361457], [-0.027749630918863778, -0.03617310518206675, -0.9989601916219456, 0.5086465078026976], [0.0, 0.0, 0.0, 1.0]]"
1.925,-136.96269618076084,20.95414610938536,-1.064463104196802,3.437746693945311,-2.6755413384712585,-44.972192137033375,-31.253986000399962,-136.82020477429603,-20.43516955322757,1.1896968637848073,3.437746693945311,2.822269169768765,-45.18572775615007,30.43380322448649,"[[0.05887080365118885, -0.0, -0.9982656101847159, 0.3], [0.0, 1.0, -0.0, 0.22], [0.9982656101847159, 0.0, 0.05887080365118885, -0.07062499999999994], [0.0, 0.0, 0.0, 1.0]]","[[-0.8261173836519772, -0.5634921789482247, 0.0025754013656831658, 0.37988737531644234], [-0.5630777449906895, 0.8256690460540917, 0.03484364338478948, 0.22868788834170417], [-0.021760549722199936, 0.02733478831650998, -0.9993894575306864, 0.5095395321131642], [0.0, 0.0, 0.0, 1.0]]","[[0.05887080365118885, -0.0, -0.9982656101847159, 0.3], [0.0, 1.0, -0.0, -0.22], [0.9982656101847159, 0.0, 0.05887080365118885, -0.07062499999999994], [0.0, 0.0, 0.0, 1.0]]","[[-0.8371795296155703, 0.5469172913866492, 0.00345131495864906, 0.38109884908374103], [0.5462237574259469, 0.8364047960430275, -0.045460136160181366, -0.22268225125361457], [-0.027749630918863778, -0.03617310518206675, -0.9989601916219456, 0.5086465078026976], [0.0, 0.0, 0.0, 1.0]]"
1.9333333333333333,-136.96269618076084,20.95414610938536,-1.064463104196802,3.437746693945311,-2.6755413384712585,-44.972192137033375,-31.253986000399962,-137.44265357373766,-20.33211565903042,1.5021037400056667,3.437746693945311,2.822269169768765,-45.18572775615007,30.43380322448649,"[[0.052335956242943904, -0.0, -0.9986295347545737, 0.3], [0.0, 0.9999999999999998, -0.0, 0.22], [0.9986295347545737, 0.0, 0.052335956242943904, -0.06833333333333325], [0.0, 0.0, 0.0, 1.0]]","[[-0.8261173836519772, -0.5634921789482247, 0.0025754013656831658, 0.37988737531644234], [-0.5630777449906895, 0.8256690460540917, 0.03484364338478948, 0.22868788834170417], [-0.021760549722199936, 0.02733478831650998, -0.9993894575306864, 0.5095395321131642], [0.0, 0.0, 0.0, 1.0]]","[[0.052335956242943904, -0.0, -0.9986295347545737, 0.3], [0.0, 0.9999999999999998, -0.0, -0.22], [0.9986295347545737, 0.0, 0.052335956242943904, -0.06833333333333325], [0.0, 0.0, 0.0, 1.0]]","[[-0.8367880989330102, 0.5473619531135315, 0.01343762508105624, 0.3759888638515042], [0.5462192151561979, 0.8362333355085277, -0.04856312982530583, -0.22114060665174873], [-0.0378185996333301, -0.033297160059416846, -0.9987297195206276, 0.5125012549292066], [0.0, 0.0, 0.0, 1.0]]"
1.9416666666666667,-137.9386755716423,20.869332235366723,-1.4028812617677742,3.437746693945311,-2.6755413384712585,-44.972192137033375,-31.253986000399962,-137.44265357373766,-20.33211565903042,1.5021037400056667,3.437746693945311,2.822269169768765,-45.18572775615007,30.43380322448649,"[[0.045798866936520743, -0.0, -0.9989506813588601, 0.3], [0.0, 1.0, -0.0, 0.22], [0.9989506813588601, 0.0, 0.045798866936520743, -0.06604166666666655], [0.0, 0.0, 0.0, 1.0]]","[[-0.826169023032774, -0.5631213974356569, 0.018412960956480463, 0.371805955254354], [-0.562270224582038, 0.8261281052395356, 0.036939792660483826, 0.2272681918991373], [-0.036013052210781826, 0.02016545272112459, -0.9991478442087617, 0.5155431358184233], [0.0, 0.0, 0.0, 1.0]]","[[0.045798866936520743, -0.0, -0.9989506813588601, 0.3], [0.0, 1.0, -0.0, -0.22], [0.9989506813588601, 0.0, 0.045798866936520743, -0.06604166666666655], [0.0, 0.0, 0.0, 1.0]]","[[-0.8367880989330102, 0.5473619531135315, 0.01343762508105624, 0.3759888638515042], [0.5462192151561979, 0.8362333355085277, -0.04856312982530583, -0.22114060665174873], [-0.0378185996333301, -0.033297160059416846, -0.9987297195206276, 0.5125012549292066], [0.0, 0.0, 0.0, 1.0]]"
1.95,-138.9367847754346,20.819405260081226,-1.7407951592789288,3.437746693945311,-2.6755413384712585,-44.972192137033375,-31.253986000399962,-138.4154910776009,-20.26317685219019,1.8312529039861083,3.437746693945311,2.822269169768765,-45.18572775615007,30.43380322448649,"[[0.03925981575906867, -0.0, -0.9992290362407229, 0.3], [0.0, 1.0, -0.0, 0.22], [0.9992290362407229, 0.0, 0.03925981575906867, -0.06374999999999997], [0.0, 0.0, 0.0, 1.0]]","[[-0.8257726939581489, -0.5629381341199787, 0.03464267695513867, 0.36340591111356624], [-0.5617585598368701, 0.8264078034282825, 0.03843777936935096, 0.2262844700786835], [-0.05026707036526957, 0.012280048304385276, -0.9986603136455032, 0.5215488642833789], [0.0, 0.0, 0.0, 1.0]]","[[0.03925981575906867, -0.0, -0.9992290362407229, 0.3], [0.0, 1.0, -0.0, -0.22], [0.9992290362407229, 0.0, 0.03925981575906867, -0.06374999999999997], [0.0, 0.0, 0.0, 1.0]]","[[-0.8365092712138471, 0.5471685566579961, 0.02930545645581714, 0.3678339394409704], [0.5454748973847966, 0.836615141934292, -0.050321373285217755, -0.21992882556751245], [-0.05205166180175351, -0.02610890444024597, -0.9983030349611315, 0.5184333344850168], [0.0, 0.0, 0.0, 1.0]]"
1.9583333333333333,-138.9367847754346,20.819405260081226,-1.7407951592789288,3.437746693945311,-2.6755413384712585,-44.972192137033375,-31.253986000399962,-139.4107999038335,-20.22815505722095,2.160121816767168,3.437746693945311,2.822269169768765,-45.18572775615007,30.43380322448649,"[[0.03271908282177616, -0.0, -0.9994645874763657, 0.3], [0.0, 1.0, -0.0, 0.22], [0.9994645874763657, 0.0, 0.03271908282177616, -0.06145833333333328], [0.0, 0.0, 0.0, 1.0]]","[[-0.8257726939581489, -0.5629381341199787, 0.03464267695513867, 0.36340591111356624], [-0.5617585598368701, 0.8264078034282825, 0.03843777936935096, 0.2262844700786835], [-0.05026707036526957, 0.012280048304385276, -0.9986603136455032, 0.5215488642833789], [0.0, 0.0, 0.0, 1.0]]","[[0.03271908282177616, -0.0, -0.9994645874763657, 0.3], [0.0, 1.0, -0.0, -0.22], [0.9994645874763657, 0.0, 0.03271908282177616, -0.06145833333333328], [0.0, 0.0, 0.0, 1.0]]","[[-0.8357919425713323, 0.547152940494878, 0.045557528912878655, 0.3593635627180378], [0.5450285053026019, 0.836834542709594, -0.051496374004745174, -0.2191427617202794], [-0.06630050633630823, -0.018210102576139493, -0.9976335173918907, 0.5243695948155681], [0.0, 0.0, 0.0, 1.0]]"
1.9666666666666666,-139.95042582939953,20.80375388159814,-2.073317369492299,3.437746693945311,-2.6755413384712585,-44.972192137033375,-31.253986000399962,-139.4107999038335,-20.22815505722095,2.160121816767168,3.437746693945311,2.822269169768765,-45.18572775615007,30.43380322448649,"[[0.026176948307873427, -0.0, -0.9996573249755574, 0.3], [0.0, 1.0, -0.0, 0.22], [0.9996573249755574, 0.0, 0.026176948307873427, -0.05916666666666659], [0.0, 0.0, 0.0, 1.0]]","[[-0.8249577075995247, -0.5628756056445496, 0.05114521719983694, 0.354745987588743], [-0.5615138132529902, 0.8265333104747765, 0.03930552380636533, 0.22573868433801655], [-0.06439734620481685, 0.003706648875764825, -0.9979174527764751, 0.5275042670426605], [0.0, 0.0, 0.0, 1.0]]","[[0.026176948307873427, -0.0, -0.9996573249755574, 0.3], [0.0, 1.0, -0.0, -0.22], [0.9996573249755574, 0.0, 0.026176948307873427, -0.05916666666666659], [0.0, 0.0, 0.0, 1.0]]","[[-0.8357919425713323, 0.547152940494878, 0.045557528912878655, 0.3593635627180378], [0.5450285053026019, 0.836834542709594, -0.051496374004745174, -0.2191427617202794], [-0.06630050633630823, -0.018210102576139493, -0.9976335173918907, 0.5243695948155681], [0.0, 0.0, 0.0, 1.0]]"
1.9749999999999999,-139.95042582939953,20.80375388159814,-2.073317369492299,3.437746693945311,-2.6755413384712585,-44.972192137033375,-31.253986000399962,-140.4219137878055,-20.22640311369884,2.4839639237625097,3.437746693945311,2.822269169768765,-45.18572775615007,30.43380322448649,"[[0.019633692460628183, -0.0, -0.9998072404820649, 0.3], [0.0, 1.0, -0.0, 0.22], [0.9998072404820649, 0.0, 0.019633692460628183, -0.0568749999999999], [0.0, 0.0, 0.0, 1.0]]","[[-0.8249577075995247, -0.5628756056445496, 0.05114521719983694, 0.354745987588743], [-0.5615138132529902, 0.8265333104747765, 0.03930552380636533, 0.22573868433801655], [-0.06439734620481685, 0.003706648875764825, -0.9979174527764751, 0.5275042670426605], [0.0, 0.0, 0.0, 1.0]]","[[0.019633692460628183, -0.0, -0.9998072404820649, 0.3], [0.0, 1.0, -0.0, -0.22], [0.9998072404820649, 0.0, 0.019633692460628183, -0.0568749999999999], [0.0, 0.0, 0.0, 1.0]]","[[-0.834665133799951, 0.5472485330328589, 0.062073806972781816, 0.35063708474044625], [0.5448519138684849, 0.8369147494148904, -0.052058564767584956, -0.21878368013659288], [-0.0804394578087109, -0.009630436396946638, -0.9967129718842057, 0.5302573863423499], [0.0, 0.0, 0.0, 1.0]]"
1.9833333333333334,-140.97550062003504,20.82207757159399,-2.397237596776273,3.437746693945311,-2.6755413384712585,-44.972192137033375,-31.253986000399962,-141.05512696537906,-20.232364161296967,2.7434483598599946,3.437746693945311,2.822269169768765,-45.18572775615007,30.43380322448649,"[[0.013089595571344315, -0.0, -0.9999143275740069, 0.3], [0.0, 0.9999999999999998, -0.0, 0.22], [0.9999143275740069, 0.0, 0.013089595571344315, -0.054583333333333206], [0.0, 0.0, 0.0, 1.0]]","[[-0.8237503897032643, -0.5628790686022167, 0.06784135606855891, 0.34586569150202634], [-0.561517309245833, 0.8265207012562021, 0.03952014438581117, 0.22563323524405562], [-0.07831734725486754, -0.005539361376264443, -0.9969130897899292, 0.5333739850429523], [0.0, 0.0, 0.0, 1.0]]","[[0.013089595571344315, -0.0, -0.9999143275740069, 0.3], [0.0, 0.9999999999999998, -0.0, -0.22], [0.9999143275740069, 0.0, 0.013089595571344315, -0.054583333333333206], [0.0, 0.0, 0.0, 1.0]]","[[-0.8333583542619184, 0.5479805930147362, 0.07232650317196905, 0.34512523006541784], [0.5454377164056027, 0.8364780387309886, -0.0529356991358396, -0.2186171795038197], [-0.08950726732566634, -0.004664804387825967, -0.9959752450216396, 0.5338670844762676], [0.0, 0.0, 0.0, 1.0]]"
1.9916666666666667,-141.2272887135984,20.81947526952022,-2.6032111292647047,3.437746693945311,-2.6755413384712585,-44.972192137033375,-31.253986000399962,-141.05512696537906,-20.232364161296967,2.7434483598599946,3.437746693945311,2.822269169768765,-45.18572775615007,30.43380322448649,"[[0.006544937967351894, -0.0, -0.9999785816641292, 0.3], [0.0, 1.0, -0.0, 0.22], [0.9999785816641292, 0.0, 0.006544937967351894, -0.052291666666666625], [0.0, 0.0, 0.0, 1.0]]","[[-0.8224781312673928, -0.5642523296921749, 0.07175675594570091, 0.3436879807794096], [-0.5627913603564372, 0.8255762147861625, 0.041107156159278235, 0.2254294205521403], [-0.08243547958887898, -0.00657434531384582, -0.9965747185678786, 0.5347895507590793], [0.0, 0.0, 0.0, 1.0]]","[[0.006544937967351894, -0.0, -0.9999785816641292, 0.3], [0.0, 1.0, -0.0, -0.22], [0.9999785816641292, 0.0, 0.006544937967351894, -0.052291666666666625], [0.0, 0.0, 0.0, 1.0]]","[[-0.8333583542619184, 0.5479805930147362, 0.07232650317196905, 0.34512523006541784], [0.5454377164056027, 0.8364780387309886, -0.0529356991358396, -0.2186171795038197], [-0.08950726732566634, -0.004664804387825967, -0.9959752450216396, 0.5338670844762676], [0.0, 0.0, 0.0, 1.0]]"
2.0,-141.2272887135984,20.81947526952022,-2.6032111292647047,3.437746693945311,-2.6755413384712585,-44.972192137033375,-31.253986000399962,-141.64802836647118,-20.24698930385726,2.965977630566303,3.437746693945311,2.822269169768765,-45.18572775615007,30.43380322448649,"[[2.220446049250313e-16, -0.0, -1.0, 0.3], [0.0, 1.0, -0.0, 0.22], [1.0, 0.0, 2.220446049250313e-16, -0.04999999999999993], [0.0, 0.0, 0.0, 1.0]]","[[-0.8224781312673928, -0.5642523296921749, 0.07175675594570091, 0.3436879807794096], [-0.5627913603564372, 0.8255762147861625, 0.041107156159278235, 0.2254294205521403], [-0.08243547958887898, -0.00657434531384582, -0.9965747185678786, 0.5347895507590793], [0.0, 0.0, 0.0, 1.0]]","[[2.220446049250313e-16, -0.0, -1.0, 0.3], [0.0, 1.0, -0.0, -0.22], [1.0, 0.0, 2.220446049250313e-16, -0.04999999999999993], [0.0, 0.0, 0.0, 1.0]]","[[-0.8321382834720591, 0.5484804529297252, 0.08194553028798353, 0.33992410962486863], [0.5458770296708785, 0.8361633176531394, -0.05337766095469301, -0.21859928949851995], [-0.09779645012920545, 0.00031458750581765324, -0.995206388332002, 0.5371943353051353], [0.0, 0.0, 0.0, 1.0]]"
2.0083333333333333,-142.1686390453879,20.856120941964626,-2.8494763745538645,3.437746693945311,-2.6755413384712585,-44.972192137033375,-31.253986000399962,-141.64802836647118,-20.24698930385726,2.965977630566303,3.437746693945311,2.822269169768765,-45.18572775615007,30.43380322448649,"[[-0.006544937967351894, -0.0, -0.9999785816641292, 0.3], [0.0, 1.0, -0.0, 0.22], [0.9999785816641292, 0.0, -0.006544937967351894, -0.04770833333333324], [0.0, 0.0, 0.0, 1.0]]","[[-0.8213530958562008, -0.5637253955333268, 0.08713650416575706, 0.335409900753594], [-0.5625011111249749, 0.8258101346346607, 0.04037476337827972, 0.22566065614474196], [-0.09471848769170273, -0.01585244351757276, -0.9953778720284667, 0.540008959451654], [0.0, 0.0, 0.0, 1.0]]","[[-0.006544937967351894, -0.0, -0.9999785816641292, 0.3], [0.0, 1.0, -0.0, -0.22], [0.9999785816641292, 0.0, -0.006544937967351894, -0.04770833333333324], [0.0, 0.0, 0.0, 1.0]]","[[-0.8321382834720591, 0.5484804529297252, 0.08194553028798353, 0.33992410962486863], [0.5458770296708785, 0.8361633176531394, -0.05337766095469301, -0.21859928949851995], [-0.09779645012920545, 0.00031458750581765324, -0.995206388332002, 0.5371943353051353], [0.0, 0.0, 0.0, 1.0]]"
2.0166666666666666,-142.1686390453879,20.856120941964626,-2.8494763745538645,3.437746693945311,-2.6755413384712585,-44.972192137033375,-31.253986000399962,-142.60493786918997,-20.301359317197853,3.21734609438252,3.437746693945311,2.822269169768765,-45.18572775615007,30.43380322448649,"[[-0.013089595571344148, -0.0, -0.999914327574007, 0.3], [0.0, 1.0, -0.0, 0.22], [0.999914327574007, 0.0, -0.013089595571344148, -0.04541666666666666], [0.0, 0.0, 0.0, 1.0]]","[[-0.8213530958562008, -0.5637253955333268, 0.08713650416575706, 0.335409900753594], [-0.5625011111249749, 0.8258101346346607, 0.04037476337827972, 0.22566065614474196], [-0.09471848769170273, -0.01585244351757276, -0.9953778720284667, 0.540008959451654], [0.0, 0.0, 0.0, 1.0]]","[[-0.013089595571344148, -0.0, -0.999914327574007, 0.3], [0.0, 1.0, -0.0, -0.22], [0.999914327574007, 0.0, -0.013089595571344148, -0.04541666666666666], [0.0, 0.0, 0.0, 1.0]]","[[-0.8306263664338274, 0.5482102521923389, 0.09759794452830063, 0.33143890197895737], [0.5457878005496317, 0.8362837459383996, -0.052394399036858344, -0.21904516138132507], [-0.11034272135547755, 0.009747598188796499, -0.9938457969792986, 0.542455181485558], [0.0, 0.0, 0.0, 1.0]]"
2.025,-143.15090221030576,20.935848032598894,-3.10618305809327,3.437746693945311,-2.6755413384712585,-44.972192137033375,-31.253986000399962,-142.60493786918997,-20.301359317197853,3.21734609438252,3.437746693945311,2.822269169768765,-45.18572775615007,30.43380322448649,"[[-0.019633692460628183, -0.0, -0.9998072404820649, 0.3], [0.0, 1.0, -0.0, 0.22], [0.9998072404820649, 0.0, -0.019633692460628183, -0.04312499999999997], [0.0, 0.0, 0.0, 1.0]]","[[-0.8197245228410192, -0.5633930519723291, 0.10315025759719744, 0.3266728135312548], [-0.5626459286228707, 0.8257776181333037, 0.03899851784613509, 0.22641388818897806], [-0.10715066802018179, -0.026069031040533416, -0.99390097090376, 0.5453027841620366], [0.0, 0.0, 0.0, 1.0]]","[[-0.019633692460628183, -0.0, -0.9998072404820649, 0.3], [0.0, 1.0, -0.0, -0.22], [0.9998072404820649, 0.0, -0.019633692460628183, -0.04312499999999997], [0.0, 0.0, 0.0, 1.0]]","[[-0.8306263664338274, 0.5482102521923389, 0.09759794452830063, 0.33143890197895737], [0.5457878005496317, 0.8362837459383996, -0.052394399036858344, -0.21904516138132507], [-0.11034272135547755, 0.009747598188796499, -0.9938457969792986, 0.542455181485558], [0.0, 0.0, 0.0, 1.0]]"
2.033333333333333,-144.16051345266035,21.053786616544798,-3.365577207627664,3.437746693945311,-2.6755413384712585,-44.972192137033375,-31.253986000399962,-143.59632616683896,-20.394721172962758,3.4755616093982638,3.437746693945311,2.822269169768765,-45.18572775615007,30.43380322448649,"[[-0.026176948307873038, -0.0, -0.9996573249755574, 0.3], [0.0, 1.0, -0.0, 0.22], [0.9996573249755574, 0.0, -0.026176948307873038, -0.04083333333333328], [0.0, 0.0, 0.0, 1.0]]","[[-0.8176656903862365, -0.5631397854584309, 0.11956755746870477, 0.31759823039732427], [-0.5631460468996198, 0.8255290022785351, 0.036991840429180564, 0.227646221037652], [-0.11953806350502248, -0.03708703858276077, -0.9921366856147544, 0.5505769677654162], [0.0, 0.0, 0.0, 1.0]]","[[-0.026176948307873038, -0.0, -0.9996573249755574, 0.3], [0.0, 1.0, -0.0, -0.22], [0.9996573249755574, 0.0, -0.026176948307873038, -0.04083333333333328], [0.0, 0.0, 0.0, 1.0]]","[[-0.8286511175348988, 0.5480815652422356, 0.11377136392688843, 0.3225542865869013], [0.5460898404638025, 0.8361849327491627, -0.0508000431643256, -0.2199728141295547], [-0.1229764674658624, 0.020033873437244193, -0.9922073535127213, 0.5477516835386461], [0.0, 0.0, 0.0, 1.0]]"
2.0416666666666665,-144.16051345266035,21.053786616544798,-3.365577207627664,3.437746693945311,-2.6755413384712585,-44.972192137033375,-31.253986000399962,-144.61097808880103,-20.523326804844928,3.7341451008555415,3.437746693945311,2.822269169768765,-45.18572775615007,30.43380322448649,"[[-0.032719082821775936, -0.0, -0.9994645874763656, 0.3], [0.0, 0.9999999999999999, -0.0, 0.22], [0.9994645874763656, 0.0, -0.032719082821775936, -0.038541666666666585], [0.0, 0.0, 0.0, 1.0]]","[[-0.8176656903862365, -0.5631397854584309, 0.11956755746870477, 0.31759823039732427], [-0.5631460468996198, 0.8255290022785351, 0.036991840429180564, 0.227646221037652], [-0.11953806350502248, -0.03708703858276077, -0.9921366856147544, 0.5505769677654162], [0.0, 0.0, 0.0, 1.0]]","[[-0.032719082821775936, -0.0, -0.9994645874763656, 0.3], [0.0, 0.9999999999999999, -0.0, -0.22], [0.9994645874763656, 0.0, -0.032719082821775936, -0.038541666666666585], [0.0, 0.0, 0.0, 1.0]]","[[-0.8262754391442685, 0.5479941151718716, 0.13027412791473267, 0.31337178269329125], [0.546717942402149, 0.8359051418140452, -0.04860128953435037, -0.2213497832123873], [-0.1355300340238539, 0.03106515130880392, -0.9902861032306037, 0.553004882952595], [0.0, 0.0, 0.0, 1.0]]"
2.05,-145.18881209258413,21.20658990110903,-3.622481753209588,3.437746693945311,-2.6755413384712585,-44.972192137033375,-31.253986000399962,-144.61097808880103,-20.523326804844928,3.7341451008555415,3.437746693945311,2.822269169768765,-45.18572775615007,30.43380322448649,"[[-0.039259815759068395, -0.0, -0.9992290362407229, 0.3], [0.0, 1.0, -0.0, 0.22], [0.9992290362407229, 0.0, -0.039259815759068395, -0.036250000000000004], [0.0, 0.0, 0.0, 1.0]]","[[-0.8152348576615043, -0.5628777515394745, 0.136237893684145, 0.30826686824251304], [-0.5639445139130463, 0.8250973734001819, 0.03436436578053795, 0.2293275046670951], [-0.13175246517999054, -0.04881558388451772, -0.9900799597451759, 0.5557691807361209], [0.0, 0.0, 0.0, 1.0]]","[[-0.039259815759068395, -0.0, -0.9992290362407229, 0.3], [0.0, 1.0, -0.0, -0.22], [0.9992290362407229, 0.0, -0.039259815759068395, -0.036250000000000004], [0.0, 0.0, 0.0, 1.0]]","[[-0.8262754391442685, 0.5479941151718716, 0.13027412791473267, 0.31337178269329125], [0.546717942402149, 0.8359051418140452, -0.04860128953435037, -0.2213497832123873], [-0.1355300340238539, 0.03106515130880392, -0.9902861032306037, 0.553004882952595], [0.0, 0.0, 0.0, 1.0]]"
2.058333333333333,-145.18881209258413,21.20658990110903,-3.622481753209588,3.437746693945311,-2.6755413384712585,-44.972192137033375,-31.253986000399962,-145.25373987083427,-20.64602090800045,3.939449915135547,3.437746693945311,2.822269169768765,-45.18572775615007,30.43380322448649,"[[-0.045798866936520466, -0.0, -0.9989506813588601, 0.3], [0.0, 1.0, -0.0, 0.22], [0.9989506813588601, 0.0, -0.045798866936520466, -0.03395833333333331], [0.0, 0.0, 0.0, 1.0]]","[[-0.8152348576615043, -0.5628777515394745, 0.136237893684145, 0.30826686824251304], [-0.5639445139130463, 0.8250973734001819, 0.03436436578053795, 0.2293275046670951], [-0.13175246517999054, -0.04881558388451772, -0.9900799597451759, 0.5557691807361209], [0.0, 0.0, 0.0, 1.0]]","[[-0.045798866936520466, -0.0, -0.9989506813588601, 0.3], [0.0, 1.0, -0.0, -0.22], [0.9989506813588601, 0.0, -0.045798866936520466, -0.03395833333333331], [0.0, 0.0, 0.0, 1.0]]","[[-0.8241179791067788, 0.5486849863392959, 0.14062127249746295, 0.307511158365829], [0.5479939681043843, 0.8351544811091443, -0.0471126692570808, -0.22267202534002084], [-0.14329050015325537, 0.03823321133730115, -0.988941886117009, 0.5562328242861538], [0.0, 0.0, 0.0, 1.0]]"
2.0666666666666664,-145.84098587529363,21.350201458597716,-3.827374621705277,3.437746693945311,-2.6755413384712585,-44.972192137033375,-31.253986000399962,-146.2436665080009,-20.803511409882606,4.164693332263289,3.437746693945311,2.822269169768765,-45.18572775615007,30.43380322448649,"[[-0.05233595624294374, -0.0, -0.9986295347545739, 0.3], [0.0, 1.0, -0.0, 0.22], [0.9986295347545739, 0.0, -0.05233595624294374, -0.03166666666666651], [0.0, 0.0, 0.0, 1.0]]","[[-0.8129970281359232, -0.5634842306018845, 0.14670158180864815, 0.3023029073381696], [-0.5653740086138451, 0.8241929231258368, 0.032530844643209274, 0.23090471018959555], [-0.13924102350266196, -0.056493781359466776, -0.9886457353580403, 0.5589506220416356], [0.0, 0.0, 0.0, 1.0]]","[[-0.05233595624294374, -0.0, -0.9986295347545739, 0.3], [0.0, 1.0, -0.0, -0.22], [0.9986295347545739, 0.0, -0.05233595624294374, -0.03166666666666651], [0.0, 0.0, 0.0, 1.0]]","[[-0.8215205976358192, 0.5482364790665452, 0.15665462227717508, 0.2984276986986596], [0.5487138126809802, 0.8348448672953678, -0.04412708152237549, -0.22448375581091223], [-0.1549743831515037, 0.049707248679621105, -0.986667182993087, 0.5610824738733182], [0.0, 0.0, 0.0, 1.0]]"
2.075,-146.45036169266382,21.48588145891273,-4.0023504078626635,3.437746693945311,-2.6755413384712585,-44.972192137033375,-31.253986000399962,-146.2436665080009,-20.803511409882606,4.164693332263289,3.437746693945311,2.822269169768765,-45.18572775615007,30.43380322448649,"[[-0.05887080365118913, -0.0, -0.9982656101847159, 0.3], [0.0, 1.0, -0.0, 0.22], [0.9982656101847159, 0.0, -0.05887080365118913, -0.02937499999999993], [0.0, 0.0, 0.0, 1.0]]","[[-0.8109633069219657, -0.563785427670871, 0.15647525801916076, 0.2967047044411942], [-0.5665648833436304, 0.8234494081140493, 0.03058276047776645, 0.23243024422549902], [-0.14609157329568442, -0.06385188973393839, -0.9872082801462905, 0.5618563378166255], [0.0, 0.0, 0.0, 1.0]]","[[-0.05887080365118913, -0.0, -0.9982656101847159, 0.3], [0.0, 1.0, -0.0, -0.22], [0.9982656101847159, 0.0, -0.05887080365118913, -0.02937499999999993], [0.0, 0.0, 0.0, 1.0]]","[[-0.8215205976358192, 0.5482364790665452, 0.15665462227717508, 0.2984276986986596], [0.5487138126809802, 0.8348448672953678, -0.04412708152237549, -0.22448375581091223], [-0.1549743831515037, 0.049707248679621105, -0.986667182993087, 0.5610824738733182], [0.0, 0.0, 0.0, 1.0]]"
2.0833333333333335,-146.45036169266382,21.48588145891273,-4.0023504078626635,3.437746693945311,-2.6755413384712585,-44.972192137033375,-31.253986000399962,-146.87324602493598,-20.955771694407822,4.345002642388809,3.437746693945311,2.822269169768765,-45.18572775615007,30.43380322448649,"[[-0.06540312923014313, -0.0, -0.9978589232386035, 0.3], [0.0, 1.0, -0.0, 0.22], [0.9978589232386035, 0.0, -0.06540312923014313, -0.027083333333333237], [0.0, 0.0, 0.0, 1.0]]","[[-0.8109633069219657, -0.563785427670871, 0.15647525801916076, 0.2967047044411942], [-0.5665648833436304, 0.8234494081140493, 0.03058276047776645, 0.23243024422549902], [-0.14609157329568442, -0.06385188973393839, -0.9872082801462905, 0.5618563378166255], [0.0, 0.0, 0.0, 1.0]]","[[-0.06540312923014313, -0.0, -0.9978589232386035, 0.3], [0.0, 1.0, -0.0, -0.22], [0.9978589232386035, 0.0, -0.06540312923014313, -0.027083333333333237], [0.0, 0.0, 0.0, 1.0]]","[[-0.8192145681272572, 0.5487131997180426, 0.16673726585037663, 0.2926128805569734], [0.5501070879535355, 0.8340402461630666, -0.04194114404177057, -0.22620842717480377], [-0.16207924960140002, 0.057364555567342976, -0.9851089404797869, 0.5640593130789264], [0.0, 0.0, 0.0, 1.0]]"
2.091666666666667,-147.42108183788437,21.664128905682553,-4.20131040329055,3.437746693945311,-2.6755413384712585,-44.972192137033375,-31.253986000399962,-146.87324602493598,-20.955771694407822,4.345002642388809,3.437746693945311,2.822269169768765,-45.18572775615007,30.43380322448649,"[[-0.0719326531567196, -0.0, -0.997409491337352, 0.3], [0.0, 1.0, -0.0, 0.22], [0.997409491337352, 0.0, -0.0719326531567196, -0.024791666666666545], [0.0, 0.0, 0.0, 1.0]]","[[-0.8084452534121058, -0.5628405969300094, 0.17212418389902953, 0.2877412257743298], [-0.5672802279503528, 0.8230818140633323, 0.02700870849948634, 0.2345520299795166], [-0.1568738831419433, -0.07580758409080898, -0.9847049278754947, 0.5663736318672269], [0.0, 0.0, 0.0, 1.0]]","[[-0.0719326531567196, -0.0, -0.997409491337352, 0.3], [0.0, 1.0, -0.0, -0.22], [0.997409491337352, 0.0, -0.0719326531567196, -0.024791666666666545], [0.0, 0.0, 0.0, 1.0]]","[[-0.8192145681272572, 0.5487131997180426, 0.16673726585037663, 0.2926128805569734], [0.5501070879535355, 0.8340402461630666, -0.04194114404177057, -0.22620842717480377], [-0.16207924960140002, 0.057364555567342976, -0.9851089404797869, 0.5640593130789264], [0.0, 0.0, 0.0, 1.0]]"
2.1,-147.42108183788437,21.664128905682553,-4.20131040329055,3.437746693945311,-2.6755413384712585,-44.972192137033375,-31.253986000399962,-147.8545666237484,-21.14517625518686,4.54788017819252,3.437746693945311,2.822269169768765,-45.18572775615007,30.43380322448649,"[[-0.07845909572784493, -0.0, -0.9969173337331281, 0.3], [0.0, 1.0, -0.0, 0.22], [0.9969173337331281, 0.0, -0.07845909572784493, -0.022499999999999853], [0.0, 0.0, 0.0, 1.0]]","[[-0.8084452534121058, -0.5628405969300094, 0.17212418389902953, 0.2877412257743298], [-0.5672802279503528, 0.8230818140633323, 0.02700870849948634, 0.2345520299795166], [-0.1568738831419433, -0.07580758409080898, -0.9847049278754947, 0.5663736318672269], [0.0, 0.0, 0.0, 1.0]]","[[-0.07845909572784493, -0.0, -0.9969173337331281, 0.3], [0.0, 1.0, -0.0, -0.22], [0.9969173337331281, 0.0, -0.07845909572784493, -0.022499999999999853], [0.0, 0.0, 0.0, 1.0]]","[[-0.8163522399015966, 0.5479500720326579, 0.1825369523330844, 0.2835022295312383], [0.5510030915167813, 0.8336281533638168, -0.038205955794640686, -0.2284776860914696], [-0.17310289872383813, 0.06938890746104455, -0.9824563939304212, 0.5685838508993979], [0.0, 0.0, 0.0, 1.0]]"
2.1083333333333334,-148.42734628754567,21.885358732899263,-4.407098880341157,3.437746693945311,-2.6755413384712585,-44.972192137033375,-31.253986000399962,-148.8665684323125,-21.37372292255195,4.755010360528212,3.437746693945311,2.822269169768765,-45.18572775615007,30.43380322448649,"[[-0.08498217737244168, -0.0, -0.9963824715083254, 0.3], [0.0, 1.0, -0.0, 0.22], [0.9963824715083254, 0.0, -0.08498217737244168, -0.020208333333333273], [0.0, 0.0, 0.0, 1.0]]","[[-0.805491338026477, -0.5619095368666205, 0.18825880256353542, 0.2783851483661376], [-0.5684087212251798, 0.8224315954627119, 0.022755140514046965, 0.2372092831173627], [-0.1676163178198111, -0.08867887664488258, -0.9818558075590986, 0.5708634907004966], [0.0, 0.0, 0.0, 1.0]]","[[-0.08498217737244168, -0.0, -0.9963824715083254, 0.3], [0.0, 1.0, -0.0, -0.22], [0.9963824715083254, 0.0, -0.08498217737244168, -0.020208333333333273], [0.0, 0.0, 0.0, 1.0]]","[[-0.8130903969608403, 0.5471625884826208, 0.1987387937345441, 0.2740459605261746], [0.5522750966885623, 0.8329752431825252, -0.03382989539818651, -0.23124220187599537], [-0.1840549481750016, 0.08225172344705842, -0.9794684425964353, 0.5730574357465639], [0.0, 0.0, 0.0, 1.0]]"
2.1166666666666667,-149.45677873887166,22.142476081562517,-4.6138619400089596,3.437746693945311,-2.6755413384712585,-44.972192137033375,-31.253986000399962,-148.8665684323125,-21.37372292255195,4.755010360528212,3.437746693945311,2.822269169768765,-45.18572775615007,30.43380322448649,"[[-0.0915016186634024, -0.0, -0.9958049275746617, 0.3], [0.0, 1.0, -0.0, 0.22], [0.9958049275746617, 0.0, -0.0915016186634024, -0.01791666666666658], [0.0, 0.0, 0.0, 1.0]]","[[-0.8021929783846551, -0.5608886578795322, 0.20467129474465406, 0.2687547904484147], [-0.5698578734444277, 0.82154854010444, 0.017888552922405966, 0.240327942573718], [-0.17818088983881136, -0.10228347723048986, -0.9786672880922755, 0.5752499162882478], [0.0, 0.0, 0.0, 1.0]]","[[-0.0915016186634024, -0.0, -0.9958049275746617, 0.3], [0.0, 1.0, -0.0, -0.22], [0.9958049275746617, 0.0, -0.0915016186634024, -0.01791666666666658], [0.0, 0.0, 0.0, 1.0]]","[[-0.8130903969608403, 0.5471625884826208, 0.1987387937345441, 0.2740459605261746], [0.5522750966885623, 0.8329752431825252, -0.03382989539818651, -0.23124220187599537], [-0.1840549481750016, 0.08225172344705842, -0.9794684425964353, 0.5730574357465639], [0.0, 0.0, 0.0, 1.0]]"
2.125,-149.45677873887166,22.142476081562517,-4.6138619400089596,3.437746693945311,-2.6755413384712585,-44.972192137033375,-31.253986000399962,-149.89851439325307,-21.635324290405315,4.9615621112185675,3.437746693945311,2.822269169768765,-45.18572775615007,30.43380322448649,"[[-0.09801714032956071, -0.0, -0.9951847266721968, 0.3], [0.0, 1.0, -0.0, 0.22], [0.9951847266721968, 0.0, -0.09801714032956071, -0.015624999999999889], [0.0, 0.0, 0.0, 1.0]]","[[-0.8021929783846551, -0.5608886578795322, 0.20467129474465406, 0.2687547904484147], [-0.5698578734444277, 0.82154854010444, 0.017888552922405966, 0.240327942573718], [-0.17818088983881136, -0.10228347723048986, -0.9786672880922755, 0.5752499162882478], [0.0, 0.0, 0.0, 1.0]]","[[-0.09801714032956071, -0.0, -0.9951847266721968, 0.3], [0.0, 1.0, -0.0, -0.22], [0.9951847266721968, 0.0, -0.09801714032956071, -0.015624999999999889], [0.0, 0.0, 0.0, 1.0]]","[[-0.8095089893715119, 0.5462604446998534, 0.21516208467811443, 0.264347648726758], [0.5538440640043611, 0.8321196557460235, -0.028872673728849635, -0.23443793800431187], [-0.19481259942274448, 0.09579355446708289, -0.9761514462565302, 0.5774135757210199], [0.0, 0.0, 0.0, 1.0]]"
2.1333333333333333,-150.11598761642625,22.380082994861628,-4.779156359904676,3.437746693945311,-2.6755413384712585,-44.972192137033375,-31.253986000399962,-149.89851439325307,-21.635324290405315,4.9615621112185675,3.437746693945311,2.822269169768765,-45.18572775615007,30.43380322448649,"[[-0.10452846326765325, -0.0, -0.9945218953682733, 0.3], [0.0, 0.9999999999999998, -0.0, 0.22], [0.9945218953682733, 0.0, -0.10452846326765325, -0.013333333333333308], [0.0, 0.0, 0.0, 1.0]]","[[-0.7993806311464152, -0.5610228774706765, 0.21504403619370885, 0.26255768019651404], [-0.5718508986139852, 0.8202354169531275, 0.014156642614209465, 0.2431324216935194], [-0.18432893506537804, -0.11165657943108978, -0.9765017419172443, 0.5779022454080658], [0.0, 0.0, 0.0, 1.0]]","[[-0.10452846326765325, -0.0, -0.9945218953682733, 0.3], [0.0, 0.9999999999999998, -0.0, -0.22], [0.9945218953682733, 0.0, -0.10452846326765325, -0.013333333333333308], [0.0, 0.0, 0.0, 1.0]]","[[-0.8095089893715119, 0.5462604446998534, 0.21516208467811443, 0.264347648726758], [0.5538440640043611, 0.8321196557460235, -0.028872673728849635, -0.23443793800431187], [-0.19481259942274448, 0.09579355446708289, -0.9761514462565302, 0.5774135757210199], [0.0, 0.0, 0.0, 1.0]]"
2.1416666666666666,-150.11598761642625,22.380082994861628,-4.779156359904676,3.437746693945311,-2.6755413384712585,-44.972192137033375,-31.253986000399962,-150.56010017663883,-21.876052600155123,5.124412604051889,3.437746693945311,2.822269169768765,-45.18572775615007,30.43380322448649,"[[-0.11103530855427751, -0.0, -0.9938164620563781, 0.3], [0.0, 1.0, -0.0, 0.22], [0.9938164620563781, 0.0, -0.11103530855427751, -0.011041666666666616], [0.0, 0.0, 0.0, 1.0]]","[[-0.7960600655957265, -0.5594572644738104, 0.23085913711873862, 0.2531266577668979], [-0.5732531299165177, 0.819330836385994, 0.00882210790817086, 0.24647624218061645], [-0.19408560226004307, -0.1253177951230724, -0.9729471872721808, 0.5818374347389063], [0.0, 0.0, 0.0, 1.0]]","[[-0.11103530855427751, -0.0, -0.9938164620563781, 0.3], [0.0, 1.0, -0.0, -0.22], [0.9938164620563781, 0.0, -0.11103530855427751, -0.011041666666666616], [0.0, 0.0, 0.0, 1.0]]","[[-0.8065531869844493, 0.5464437720831457, 0.2255463600166739, 0.2581055558480949], [0.5559090830648734, 0.8308654246492384, -0.025054689948443946, -0.2372970838003345], [-0.20108965147714516, 0.10517533015866429, -0.9739102124912831, 0.5800539095807521], [0.0, 0.0, 0.0, 1.0]]"
2.15,-151.11605025432118,22.648533334905224,-4.957781174626143,3.437746693945311,-2.6755413384712585,-44.972192137033375,-31.253986000399962,-150.56010017663883,-21.876052600155123,5.124412604051889,3.437746693945311,2.822269169768765,-45.18572775615007,30.43380322448649,"[[-0.11753739745783753, -0.0, -0.9930684569549263, 0.3], [0.0, 1.0, -0.0, 0.22], [0.9930684569549263, 0.0, -0.11753739745783753, -0.008749999999999925], [0.0, 0.0, 0.0, 1.0]]","[[-0.7960600655957265, -0.5594572644738104, 0.23085913711873862, 0.2531266577668979], [-0.5732531299165177, 0.819330836385994, 0.00882210790817086, 0.24647624218061645], [-0.19408560226004307, -0.1253177951230724, -0.9729471872721808, 0.5818374347389063], [0.0, 0.0, 0.0, 1.0]]","[[-0.11753739745783753, -0.0, -0.9930684569549263, 0.3], [0.0, 1.0, -0.0, -0.22], [0.9930684569549263, 0.0, -0.11753739745783753, -0.008749999999999925], [0.0, 0.0, 0.0, 1.0]]","[[-0.8065531869844493, 0.5464437720831457, 0.2255463600166739, 0.2581055558480949], [0.5559090830648734, 0.8308654246492384, -0.025054689948443946, -0.2372970838003345], [-0.20108965147714516, 0.10517533015866429, -0.9739102124912831, 0.5800539095807521], [0.0, 0.0, 0.0, 1.0]]"
2.158333333333333,-152.14146655441522,22.95296681904374,-5.1389613338708395,3.437746693945311,-2.6755413384712585,-44.972192137033375,-31.253986000399962,-151.55904266350987,-22.14557357235112,5.302222064941184,3.437746693945311,2.822269169768765,-45.18572775615007,30.43380322448649,"[[-0.12403445145048497, -0.0, -0.9922779121059672, 0.3], [0.0, 1.0, -0.0, 0.22], [0.9922779121059672, 0.0, -0.12403445145048497, -0.006458333333333344], [0.0, 0.0, 0.0, 1.0]]","[[-0.792416366949632, -0.5577519929539109, 0.2469595427317734, 0.24341605989182763], [-0.5749768858767349, 0.8181645755460325, 0.002882365187272126, 0.25028289122535013], [-0.20366119438380564, -0.13971199546753726, -0.9690215045212571, 0.5856519435663325], [0.0, 0.0, 0.0, 1.0]]","[[-0.12403445145048497, -0.0, -0.9922779121059672, 0.3], [0.0, 1.0, -0.0, -0.22], [0.9922779121059672, 0.0, -0.12403445145048497, -0.006458333333333344], [0.0, 0.0, 0.0, 1.0]]","[[-0.8029759243515895, 0.5449755462507997, 0.24131166341549565, 0.24864463430915096], [0.557406264297186, 0.8300065544708777, -0.01968187129411029, -0.24067877259822607], [-0.21101640086487733, 0.1187045640404141, -0.9702480636631072, 0.5839462062422565], [0.0, 0.0, 0.0, 1.0]]"
2.1666666666666665,-152.14146655441522,22.95296681904374,-5.1389613338708395,3.437746693945311,-2.6755413384712585,-44.972192137033375,-31.253986000399962,-151.55904266350987,-22.14557357235112,5.302222064941184,3.437746693945311,2.822269169768765,-45.18572775615007,30.43380322448649,"[[-0.13052619222005124, -0.0, -0.9914448613738104, 0.3], [0.0, 0.9999999999999999, -0.0, 0.22], [0.9914448613738104, 0.0, -0.13052619222005124, -0.004166666666666652], [0.0, 0.0, 0.0, 1.0]]","[[-0.792416366949632, -0.5577519929539109, 0.2469595427317734, 0.24341605989182763], [-0.5749768858767349, 0.8181645755460325, 0.002882365187272126, 0.25028289122535013], [-0.20366119438380564, -0.13971199546753726, -0.9690215045212571, 0.5856519435663325], [0.0, 0.0, 0.0, 1.0]]","[[-0.13052619222005124, -0.0, -0.9914448613738104, 0.3], [0.0, 0.9999999999999999, -0.0, -0.22], [0.9914448613738104, 0.0, -0.13052619222005124, -0.004166666666666652], [0.0, 0.0, 0.0, 1.0]]","[[-0.8029759243515895, 0.5449755462507997, 0.24131166341549565, 0.24864463430915096], [0.557406264297186, 0.8300065544708777, -0.01968187129411029, -0.24067877259822607], [-0.21101640086487733, 0.1187045640404141, -0.9702480636631072, 0.5839462062422565], [0.0, 0.0, 0.0, 1.0]]"
2.175,-153.18252398770855,23.286245899594512,-5.31887876189273,3.437746693945311,-2.6755413384712585,-44.972192137033375,-31.253986000399962,-152.58228696344784,-22.4494452734304,5.482064787769029,3.437746693945311,2.822269169768765,-45.18572775615007,30.43380322448649,"[[-0.13701234168196796, -0.0, -0.9905693404435773, 0.3], [0.0, 1.0, -0.0, 0.22], [0.9905693404435773, 0.0, -0.13701234168196796, -0.00187499999999996], [0.0, 0.0, 0.0, 1.0]]","[[-0.7885322574718002, -0.5558338975557395, 0.2631835049056501, 0.23352323776787626], [-0.57693913200624, 0.8167793097356856, -0.00357731010446935, 0.25447326199876813], [-0.2129744512525226, -0.15466168729097968, -0.9647391593575926, 0.5892940755340683], [0.0, 0.0, 0.0, 1.0]]","[[-0.13701234168196796, -0.0, -0.9905693404435773, 0.3], [0.0, 1.0, -0.0, -0.22], [0.9905693404435773, 0.0, -0.13701234168196796, -0.00187499999999996], [0.0, 0.0, 0.0, 1.0]]","[[-0.7990846504539324, 0.5433590020370226, 0.2573416334646365, 0.23891597346993404], [0.5592177199106388, 0.8289072191329447, -0.013724569473551121, -0.2445058080933163], [-0.22076970613483793, 0.13294290870377007, -0.9662230176716544, 0.5877163254657931], [0.0, 0.0, 0.0, 1.0]]"
2.183333333333333,-153.18252398770855,23.286245899594512,-5.31887876189273,3.437746693945311,-2.6755413384712585,-44.972192137033375,-31.253986000399962,-153.24115433154395,-22.729274708631237,5.625461621185685,3.437746693945311,2.822269169768765,-45.18572775615007,30.43380322448649,"[[-0.14349262199117918, -0.0, -0.9896513868196702, 0.3], [0.0, 1.0, -0.0, 0.22], [0.9896513868196702, 0.0, -0.14349262199117918, 0.0004166666666667318], [0.0, 0.0, 0.0, 1.0]]","[[-0.7885322574718002, -0.5558338975557395, 0.2631835049056501, 0.23352323776787626], [-0.57693913200624, 0.8167793097356856, -0.00357731010446935, 0.25447326199876813], [-0.2129744512525226, -0.15466168729097968, -0.9647391593575926, 0.5892940755340683], [0.0, 0.0, 0.0, 1.0]]","[[-0.14349262199117918, -0.0, -0.9896513868196702, 0.3], [0.0, 1.0, -0.0, -0.22], [0.9896513868196702, 0.0, -0.14349262199117918, 0.0004166666666667318], [0.0, 0.0, 0.0, 1.0]]","[[-0.7959390982733952, 0.5430704401534678, 0.26749850255889956, 0.23264260688917976], [0.5615041867097228, 0.827424175098632, -0.009070985051316746, -0.24790323888253482], [-0.2262609116643609, 0.1429815774632071, -0.963515577642077, 0.5899616816044974], [0.0, 0.0, 0.0, 1.0]]"
2.1916666666666664,-153.85319392269045,23.589818779897605,-5.4636510246534975,3.437746693945311,-2.6755413384712585,-44.972192137033375,-31.253986000399962,-153.24115433154395,-22.729274708631237,5.625461621185685,3.437746693945311,2.822269169768765,-45.18572775615007,30.43380322448649,"[[-0.1499667555540451, -0.0, -0.9886910398241674, 0.3], [0.0, 1.0, -0.0, 0.22], [0.9886910398241674, 0.0, -0.1499667555540451, 0.0027083333333334236], [0.0, 0.0, 0.0, 1.0]]","[[-0.7853562650186543, -0.5553658730587971, 0.2734671534893893, 0.22714102514203832], [-0.5793500208578799, 0.8150333909955094, -0.008609581542385822, 0.25815623813107014], [-0.21810339366438844, -0.16519478988152442, -0.9618428099580907, 0.5914327966290741], [0.0, 0.0, 0.0, 1.0]]","[[-0.1499667555540451, -0.0, -0.9886910398241674, 0.3], [0.0, 1.0, -0.0, -0.22], [0.9886910398241674, 0.0, -0.1499667555540451, 0.0027083333333334236], [0.0, 0.0, 0.0, 1.0]]","[[-0.7959390982733952, 0.5430704401534678, 0.26749850255889956, 0.23264260688917976], [0.5615041867097228, 0.827424175098632, -0.009070985051316746, -0.24790323888253482], [-0.2262609116643609, 0.1429815774632071, -0.963515577642077, 0.5899616816044974], [0.0, 0.0, 0.0, 1.0]]"
2.2,-153.85319392269045,23.589818779897605,-5.4636510246534975,3.437746693945311,-2.6755413384712585,-44.972192137033375,-31.253986000399962,-154.23379938400024,-23.034317787153178,5.781424722014695,3.437746693945311,2.822269169768765,-45.18572775615007,30.43380322448649,"[[-0.15643446504023117, -0.0, -0.9876883405951377, 0.3], [0.0, 1.0, -0.0, 0.22], [0.9876883405951377, 0.0, -0.15643446504023117, 0.0050000000000001155], [0.0, 0.0, 0.0, 1.0]]","[[-0.7816380952271895, -0.5527928253712097, 0.28889787176046505, 0.21759160834566094], [-0.5810913512970616, 0.8136959542897899, -0.015222858476090562, 0.26234073565755145], [-0.22665994250719676, -0.17977482079129836, -0.9572388856874186, 0.5945884886812458], [0.0, 0.0, 0.0, 1.0]]","[[-0.15643446504023117, -0.0, -0.9876883405951377, 0.3], [0.0, 1.0, -0.0, -0.22], [0.9876883405951377, 0.0, -0.15643446504023117, 0.0050000000000001155], [0.0, 0.0, 0.0, 1.0]]","[[-0.7921103063561349, 0.5408650294874575, 0.28288916989153545, 0.2231581470889582], [0.5632034128036236, 0.8263133923574136, -0.002844893167465695, -0.2518293976409523], [-0.23529381286115736, 0.15707067672966513, -0.9591483848398764, 0.5932842856289584], [0.0, 0.0, 0.0, 1.0]]"
2.2083333333333335,-154.85404886252908,23.915120199497803,-5.615799464831055,3.437746693945311,-2.6755413384712585,-44.972192137033375,-31.253986000399962,-155.25058232498336,-23.371633509503425,5.9404451862709315,3.437746693945311,2.822269169768765,-45.18572775615007,30.43380322448649,"[[-0.16289547339458865, -0.0, -0.986643332084879, 0.3], [0.0, 1.0, -0.0, 0.22], [0.986643332084879, 0.0, -0.16289547339458865, 0.007291666666666807], [0.0, 0.0, 0.0, 1.0]]","[[-0.7785859952891825, -0.5518991301574013, 0.2986824368305856, 0.21142970335890424], [-0.5833779787601016, 0.8119440951776273, -0.020418623948797912, 0.2660653101875625], [-0.23124442012150603, -0.1901424109389791, -0.9541341004937309, 0.5964065739953411], [0.0, 0.0, 0.0, 1.0]]","[[-0.16289547339458865, -0.0, -0.986643332084879, 0.3], [0.0, 1.0, -0.0, -0.22], [0.986643332084879, 0.0, -0.16289547339458865, 0.007291666666666807], [0.0, 0.0, 0.0, 1.0]]","[[-0.788000082259174, 0.538463807853317, 0.29851733281610526, 0.2134228240906318], [0.5651975150482942, 0.8249462743613001, 0.003925990402927335, -0.25617683990036455], [-0.2441467577969625, 0.17181493546696275, -0.9543961381982404, 0.5964620268820288], [0.0, 0.0, 0.0, 1.0]]"
2.216666666666667,-155.5000891353639,24.217957126917828,-5.74227663901312,3.437746693945311,-2.6755413384712585,-44.972192137033375,-31.253986000399962,-155.90723671178839,-23.68157212611297,6.069365860628568,3.437746693945311,2.822269169768765,-45.18572775615007,30.43380322448649,"[[-0.16934950384902459, -0.0, -0.9855560590580776, 0.3], [0.0, 0.9999999999999999, -0.0, 0.22], [0.9855560590580776, 0.0, -0.16934950384902459, 0.009583333333333388], [0.0, 0.0, 0.0, 1.0]]","[[-0.7785859952891825, -0.5518991301574013, 0.2986824368305856, 0.21142970335890424], [-0.5833779787601016, 0.8119440951776273, -0.020418623948797912, 0.2660653101875625], [-0.23124442012150603, -0.1901424109389791, -0.9541341004937309, 0.5964065739953411], [0.0, 0.0, 0.0, 1.0]]","[[-0.16934950384902459, -0.0, -0.9855560590580776, 0.3], [0.0, 0.9999999999999999, -0.0, -0.22], [0.9855560590580776, 0.0, -0.16934950384902459, 0.009583333333333388], [0.0, 0.0, 0.0, 1.0]]","[[-0.7847357333456065, 0.5376468340049668, 0.3084245624054102, 0.20714427805000232], [0.5676445850400523, 0.8232219252592375, 0.00923508782747827, -0.26000258444564406], [-0.24893664632841814, 0.182322636161586, -0.9512039752113371, 0.598300114213349], [0.0, 0.0, 0.0, 1.0]]"
2.225,-156.10569468831227,24.492416325883745,-5.8503285241354295,3.437746693945311,-2.6755413384712585,-44.972192137033375,-31.253986000399962,-155.90723671178839,-23.68157212611297,6.069365860628568,3.437746693945311,2.822269169768765,-45.18572775615007,30.43380322448649,"[[-0.1757962799343546, -0.0, -0.9844265680898917, 0.3], [0.0, 1.0, -0.0, 0.22], [0.9844265680898917, 0.0, -0.1757962799343546, 0.01187500000000008], [0.0, 0.0, 0.0, 1.0]]","[[-0.7758387743866085, -0.5507420467530576, 0.3078268898204612, 0.2056500069602069], [-0.585321461776373, 0.8104062718377262, -0.025307329966784337, 0.2694793250409388], [-0.23552703144704062, -0.1998120929882143, -0.9511057485650133, 0.59803732673874], [0.0, 0.0, 0.0, 1.0]]","[[-0.1757962799343546, -0.0, -0.9844265680898917, 0.3], [0.0, 1.0, -0.0, -0.22], [0.9844265680898917, 0.0, -0.1757962799343546, 0.01187500000000008], [0.0, 0.0, 0.0, 1.0]]","[[-0.7847357333456065, 0.5376468340049668, 0.3084245624054102, 0.20714427805000232], [0.5676445850400523, 0.8232219252592375, 0.00923508782747827, -0.26000258444564406], [-0.24893664632841814, 0.182322636161586, -0.9512039752113371, 0.598300114213349], [0.0, 0.0, 0.0, 1.0]]"
2.2333333333333334,-157.05888856812257,24.800304178194992,-5.9721317144910895,3.437746693945311,-2.6755413384712585,-44.972192137033375,-31.253986000399962,-156.51872988780127,-23.959705966852354,6.17855027649263,3.437746693945311,2.822269169768765,-45.18572775615007,30.43380322448649,"[[-0.18223552549214767, -0.0, -0.9832549075639545, 0.3], [0.0, 1.0, -0.0, 0.22], [0.9832549075639545, 0.0, -0.18223552549214767, 0.014166666666666772], [0.0, 0.0, 0.0, 1.0]]","[[-0.7723627515518428, -0.5473435694441006, 0.32228992693451863, 0.19652839059423857], [-0.5867446952268084, 0.8091408791684758, -0.0319640467035352, 0.27356465107010286], [-0.24328263941034933, -0.21378974401653855, -0.9461012116654735, 0.6006103394955881], [0.0, 0.0, 0.0, 1.0]]","[[-0.18223552549214767, -0.0, -0.9832549075639545, 0.3], [0.0, 1.0, -0.0, -0.22], [0.9832549075639545, 0.0, -0.18223552549214767, 0.014166666666666772], [0.0, 0.0, 0.0, 1.0]]","[[-0.7818111236086907, 0.5365502769541427, 0.31762425490215596, 0.20129315652698113], [0.5697073810778471, 0.8217251220529329, 0.014188859450757832, -0.26347690491624615], [-0.25338679315847845, 0.19204589057703259, -0.94811049406983, 0.5999365270165309], [0.0, 0.0, 0.0, 1.0]]"
2.2416666666666667,-157.05888856812257,24.800304178194992,-5.9721317144910895,3.437746693945311,-2.6755413384712585,-44.972192137033375,-31.253986000399962,-157.47231991858345,-24.267479413495007,6.302022594326712,3.437746693945311,2.822269169768765,-45.18572775615007,30.43380322448649,"[[-0.18866696468655514, -0.0, -0.9820411276703038, 0.3], [0.0, 1.0, -0.0, 0.22], [0.9820411276703038, 0.0, -0.18866696468655514, 0.016458333333333464], [0.0, 0.0, 0.0, 1.0]]","[[-0.7723627515518428, -0.5473435694441006, 0.32228992693451863, 0.19652839059423857], [-0.5867446952268084, 0.8091408791684758, -0.0319640467035352, 0.27356465107010286], [-0.24328263941034933, -0.21378974401653855, -0.9461012116654735, 0.6006103394955881], [0.0, 0.0, 0.0, 1.0]]","[[-0.18866696468655514, -0.0, -0.9820411276703038, 0.3], [0.0, 1.0, -0.0, -0.22], [0.9820411276703038, 0.0, -0.18866696468655514, 0.016458333333333464], [0.0, 0.0, 0.0, 1.0]]","[[-0.7818111236086907, 0.5365502769541427, 0.31762425490215596, 0.20129315652698113], [0.5697073810778471, 0.8217251220529329, 0.014188859450757832, -0.26347690491624615], [-0.25338679315847845, 0.19204589057703259, -0.94811049406983, 0.5999365270165309], [0.0, 0.0, 0.0, 1.0]]"
2.25,-158.04661588437645,25.146654533269878,-6.102970391345031,3.437746693945311,-2.6755413384712585,-44.972192137033375,-31.253986000399962,-157.47231991858345,-24.267479413495007,6.302022594326712,3.437746693945311,2.822269169768765,-45.18572775615007,30.43380322448649,"[[-0.19509032201612836, -0.0, -0.9807852804032304, 0.3], [0.0, 1.0, -0.0, 0.22], [0.9807852804032304, 0.0, -0.19509032201612836, 0.018750000000000044], [0.0, 0.0, 0.0, 1.0]]","[[-0.7685563299847371, -0.5437568303950341, 0.33711967762077943, 0.18707485001547397], [-0.5885295809482597, 0.807523868348464, -0.03921905654651492, 0.27813885393191984], [-0.2509065562899023, -0.2285469567644231, -0.9406445601631168, 0.6030466533052449], [0.0, 0.0, 0.0, 1.0]]","[[-0.19509032201612836, -0.0, -0.9807852804032304, 0.3], [0.0, 1.0, -0.0, -0.22], [0.9807852804032304, 0.0, -0.19509032201612836, 0.018750000000000044], [0.0, 0.0, 0.0, 1.0]]","[[-0.77805509814564, 0.5332637868559172, 0.33205420924551676, 0.1921348143679581], [0.5712550528098331, 0.8205079326301832, 0.020842195905846878, -0.2675849834780622], [-0.2613387244340444, 0.2059040216193694, -0.9430300127738018, 0.6024853292203963], [0.0, 0.0, 0.0, 1.0]]"
2.2583333333333333,-158.04661588437645,25.146654533269878,-6.102970391345031,3.437746693945311,-2.6755413384712585,-44.972192137033375,-31.253986000399962,-158.08911332139226,-24.561256094981008,6.408437368482335,3.437746693945311,2.822269169768765,-45.18572775615007,30.43380322448649,"[[-0.20150532232561713, -0.0, -0.9794874195590514, 0.3], [0.0, 1.0, -0.0, 0.22], [0.9794874195590514, 0.0, -0.20150532232561713, 0.021041666666666736], [0.0, 0.0, 0.0, 1.0]]","[[-0.7685563299847371, -0.5437568303950341, 0.33711967762077943, 0.18707485001547397], [-0.5885295809482597, 0.807523868348464, -0.03921905654651492, 0.27813885393191984], [-0.2509065562899023, -0.2285469567644231, -0.9406445601631168, 0.6030466533052449], [0.0, 0.0, 0.0, 1.0]]","[[-0.20150532232561713, -0.0, -0.9794874195590514, 0.3], [0.0, 1.0, -0.0, -0.22], [0.9794874195590514, 0.0, -0.20150532232561713, 0.021041666666666736], [0.0, 0.0, 0.0, 1.0]]","[[-0.7750459925223393, 0.5318740009431983, 0.34119460223710585, 0.18623432772442566], [0.573423149749854, 0.8188432501170567, 0.02610791199410656, -0.2712821806764032], [-0.2654987774096498, 0.215883716056608, -0.9396300443980977, 0.6039103532298329], [0.0, 0.0, 0.0, 1.0]]"
2.2666666666666666,-158.6853205340427,25.4690121413378,-6.215934036254225,3.437746693945311,-2.6755413384712585,-44.972192137033375,-31.253986000399962,-158.08911332139226,-24.561256094981008,6.408437368482335,3.437746693945311,2.822269169768765,-45.18572775615007,30.43380322448649,"[[-0.20791169081775907, -0.0, -0.9781476007338056, 0.3], [0.0, 0.9999999999999999, -0.0, 0.22], [0.9781476007338056, 0.0, -0.20791169081775907, 0.023333333333333428], [0.0, 0.0, 0.0, 1.0]]","[[-0.765485712488416, -0.5421836571773117, 0.3465090271059871, 0.18098720943597282], [-0.5908662549947133, 0.8055187507206794, -0.044906691549462974, 0.28217468618332775], [-0.2547718443718314, -0.23911592194421438, -0.9369711218538936, 0.604366525380699], [0.0, 0.0, 0.0, 1.0]]","[[-0.20791169081775907, -0.0, -0.9781476007338056, 0.3], [0.0, 0.9999999999999999, -0.0, -0.22], [0.9781476007338056, 0.0, -0.20791169081775907, 0.023333333333333428], [0.0, 0.0, 0.0, 1.0]]","[[-0.7750459925223393, 0.5318740009431983, 0.34119460223710585, 0.18623432772442566], [0.573423149749854, 0.8188432501170567, 0.02610791199410656, -0.2712821806764032], [-0.2654987774096498, 0.215883716056608, -0.9396300443980977, 0.6039103532298329], [0.0, 0.0, 0.0, 1.0]]"
2.275,-158.6853205340427,25.4690121413378,-6.215934036254225,3.437746693945311,-2.6755413384712585,-44.972192137033375,-31.253986000399962,-159.0404084086133,-24.878670353637133,6.524845990054154,3.437746693945311,2.822269169768765,-45.18572775615007,30.43380322448649,"[[-0.21430915306505055, -0.0, -0.9767658813208724, 0.3], [0.0, 1.0, -0.0, 0.22], [0.9767658813208724, 0.0, -0.21430915306505055, 0.02562500000000001], [0.0, 0.0, 0.0, 1.0]]","[[-0.765485712488416, -0.5421836571773117, 0.3465090271059871, 0.18098720943597282], [-0.5908662549947133, 0.8055187507206794, -0.044906691549462974, 0.28217468618332775], [-0.2547718443718314, -0.23911592194421438, -0.9369711218538936, 0.604366525380699], [0.0, 0.0, 0.0, 1.0]]","[[-0.21430915306505055, -0.0, -0.9767658813208724, 0.3], [0.0, 1.0, -0.0, -0.22], [0.9767658813208724, 0.0, -0.21430915306505055, 0.02562500000000001], [0.0, 0.0, 0.0, 1.0]]","[[-0.7712287226534892, 0.5281168580932792, 0.35538548303490264, 0.17709522969840943], [0.5750112506443309, 0.8174781702893551, 0.03303789843211641, -0.27556944916838005], [-0.2730720033007967, 0.2298304272676958, -0.9341357801279419, 0.6061341657175383], [0.0, 0.0, 0.0, 1.0]]"
2.283333333333333,-159.6501940373337,25.807306288286654,-6.331719403064282,3.437746693945311,-2.6755413384712585,-44.972192137033375,-31.253986000399962,-159.0404084086133,-24.878670353637133,6.524845990054154,3.437746693945311,2.822269169768765,-45.18572775615007,30.43380322448649,"[[-0.2206974350215009, -0.0, -0.9753423205085128, 0.3], [0.0, 1.0, -0.0, 0.22], [0.9753423205085128, 0.0, -0.2206974350215009, 0.0279166666666667], [0.0, 0.0, 0.0, 1.0]]","[[-0.7618016580923278, -0.538042517247164, 0.36078869627818944, 0.17175661073651868], [-0.5924908346860848, 0.8038834871329624, -0.05221063041120014, 0.28672225293810866], [-0.2619405362687627, -0.25353814062046676, -0.9311850335513076, 0.6064213580564164], [0.0, 0.0, 0.0, 1.0]]","[[-0.2206974350215009, -0.0, -0.9753423205085128, 0.3], [0.0, 1.0, -0.0, -0.22], [0.9753423205085128, 0.0, -0.2206974350215009, 0.0279166666666667], [0.0, 0.0, 0.0, 1.0]]","[[-0.7712287226534892, 0.5281168580932792, 0.35538548303490264, 0.17709522969840943], [0.5750112506443309, 0.8174781702893551, 0.03303789843211641, -0.27556944916838005], [-0.2730720033007967, 0.2298304272676958, -0.9341357801279419, 0.6061341657175383], [0.0, 0.0, 0.0, 1.0]]"
2.2916666666666665,-159.6501940373337,25.807306288286654,-6.331719403064282,3.437746693945311,-2.6755413384712585,-44.972192137033375,-31.253986000399962,-160.0204585922401,-25.228109661764158,6.648219270145272,3.437746693945311,2.822269169768765,-45.18572775615007,30.43380322448649,"[[-0.22707626303437323, -0.0, -0.9738769792773336, 0.3], [0.0, 1.0, -0.0, 0.22], [0.9738769792773336, 0.0, -0.22707626303437323, 0.030208333333333393], [0.0, 0.0, 0.0, 1.0]]","[[-0.7618016580923278, -0.538042517247164, 0.36078869627818944, 0.17175661073651868], [-0.5924908346860848, 0.8038834871329624, -0.05221063041120014, 0.28672225293810866], [-0.2619405362687627, -0.25353814062046676, -0.9311850335513076, 0.6064213580564164], [0.0, 0.0, 0.0, 1.0]]","[[-0.22707626303437323, -0.0, -0.9738769792773336, 0.3], [0.0, 1.0, -0.0, -0.22], [0.9738769792773336, 0.0, -0.22707626303437323, 0.030208333333333393], [0.0, 0.0, 0.0, 1.0]]","[[-0.7671380764959378, 0.5241333451763179, 0.36984240976988514, 0.16768838485732807], [0.5769026242171942, 0.8158092615019389, 0.04047976060917216, -0.28027237887485845], [-0.2805040708464456, 0.24441662243379395, -0.9282122499281232, 0.6082014795214076], [0.0, 0.0, 0.0, 1.0]]"
2.3,-160.6383311649378,26.17281361643613,-6.452898057997709,3.437746693945311,-2.6755413384712585,-44.972192137033375,-31.253986000399962,-161.01575375809435,-25.59803612230663,6.77364118010057,3.437746693945311,2.822269169768765,-45.18572775615007,30.43380322448649,"[[-0.23344536385590514, -0.0, -0.9723699203976767, 0.3], [0.0, 1.0, -0.0, 0.22], [0.9723699203976767, 0.0, -0.23344536385590514, 0.03249999999999997], [0.0, 0.0, 0.0, 1.0]]","[[-0.7578997034252561, -0.5336460612685361, 0.3752464801173849, 0.16231629323180863], [-0.5943575926098639, 0.8019626030866531, -0.059958613705508895, 0.2916280592431589], [-0.26893696595097555, -0.26847321010308867, -0.9249838073188237, 0.6082973497117603], [0.0, 0.0, 0.0, 1.0]]","[[-0.23344536385590514, -0.0, -0.9723699203976767, 0.3], [0.0, 1.0, -0.0, -0.22], [0.9723699203976767, 0.0, -0.23344536385590514, 0.03249999999999997], [0.0, 0.0, 0.0, 1.0]]","[[-0.7628890210704272, 0.519872011411599, 0.38436107149536314, 0.15814805384427222], [0.578970779839525, 0.8139175249898968, 0.048281451990730404, -0.28525650392285495], [-0.2877380364536771, 0.2593672189486929, -0.9219194477353233, 0.6100759055738402], [0.0, 0.0, 0.0, 1.0]]"
2.308333333333333,-161.2771041164957,26.509388263261435,-6.560178131743807,3.437746693945311,-2.6755413384712585,-44.972192137033375,-31.253986000399962,-161.01575375809435,-25.59803612230663,6.77364118010057,3.437746693945311,2.822269169768765,-45.18572775615007,30.43380322448649,"[[-0.23980446465501631, -0.0, -0.9708212084269282, 0.3], [0.0, 1.0, -0.0, 0.22], [0.9708212084269282, 0.0, -0.23980446465501631, 0.034791666666666665], [0.0, 0.0, 0.0, 1.0]]","[[-0.7548124966311316, -0.5315229943055362, 0.3843714368341584, 0.15626007979471945], [-0.5967418592351021, 0.799716093292248, -0.06597972086950808, 0.29589187127965666], [-0.2723182850381368, -0.2791728436898218, -0.9208177208221109, 0.6092253133341592], [0.0, 0.0, 0.0, 1.0]]","[[-0.23980446465501631, -0.0, -0.9708212084269282, 0.3], [0.0, 1.0, -0.0, -0.22], [0.9708212084269282, 0.0, -0.23980446465501631, 0.034791666666666665], [0.0, 0.0, 0.0, 1.0]]","[[-0.7628890210704272, 0.519872011411599, 0.38436107149536314, 0.15814805384427222], [0.578970779839525, 0.8139175249898968, 0.048281451990730404, -0.28525650392285495], [-0.2877380364536771, 0.2593672189486929, -0.9219194477353233, 0.6100759055738402], [0.0, 0.0, 0.0, 1.0]]"
2.3166666666666664,-161.2771041164957,26.509388263261435,-6.560178131743807,3.437746693945311,-2.6755413384712585,-44.972192137033375,-31.253986000399962,-161.65915757790955,-25.935971684324063,6.8815790864411035,3.437746693945311,2.822269169768765,-45.18572775615007,30.43380322448649,"[[-0.24615329302899303, -0.0, -0.9692309097067543, 0.3], [0.0, 0.9999999999999999, -0.0, 0.22], [0.9692309097067543, 0.0, -0.24615329302899303, 0.03708333333333347], [0.0, 0.0, 0.0, 1.0]]","[[-0.7548124966311316, -0.5315229943055362, 0.3843714368341584, 0.15626007979471945], [-0.5967418592351021, 0.799716093292248, -0.06597972086950808, 0.29589187127965666], [-0.2723182850381368, -0.2791728436898218, -0.9208177208221109, 0.6092253133341592], [0.0, 0.0, 0.0, 1.0]]","[[-0.24615329302899303, -0.0, -0.9692309097067543, 0.3], [0.0, 0.9999999999999999, -0.0, -0.22], [0.9692309097067543, 0.0, -0.24615329302899303, 0.03708333333333347], [0.0, 0.0, 0.0, 1.0]]","[[-0.7596223617808913, 0.5178001361702285, 0.3935185973553396, 0.1520332262676797], [0.5814788615345381, 0.8117449080887427, 0.0543372595968598, -0.2895576758199747], [-0.2913008772230499, 0.27009854345051915, -0.9177094179286764, 0.611013428497112], [0.0, 0.0, 0.0, 1.0]]"
2.325,-162.22992916609084,26.850790146282645,-6.6632465400929455,3.437746693945311,-2.6755413384712585,-44.972192137033375,-31.253986000399962,-162.61084881610245,-26.275116189824583,6.986006702435075,3.437746693945311,2.822269169768765,-45.18572775615007,30.43380322448649,"[[-0.25249157701515795, -0.0, -0.9675990923602598, 0.3], [0.0, 1.0, -0.0, 0.22], [0.9675990923602598, 0.0, -0.25249157701515795, 0.03937500000000016], [0.0, 0.0, 0.0, 1.0]]","[[-0.7511615986487173, -0.5265688999663414, 0.3980972824621395, 0.14717827231530267], [-0.5982985361001412, 0.7978919549746667, -0.07353427695389884, 0.3005767306205658], [-0.2789177556483837, -0.2934171463547106, -0.9143911984534446, 0.6107297465376098], [0.0, 0.0, 0.0, 1.0]]","[[-0.25249157701515795, -0.0, -0.9675990923602598, 0.3], [0.0, 1.0, -0.0, -0.22], [0.9675990923602598, 0.0, -0.25249157701515795, 0.03937500000000016], [0.0, 0.0, 0.0, 1.0]]","[[-0.7596223617808913, 0.5178001361702285, 0.3935185973553396, 0.1520332262676797], [0.5814788615345381, 0.8117449080887427, 0.0543372595968598, -0.2895576758199747], [-0.2913008772230499, 0.27009854345051915, -0.9177094179286764, 0.611013428497112], [0.0, 0.0, 0.0, 1.0]]"
2.3333333333333335,-163.20086787736483,27.212697964739526,-6.770805370934545,3.437746693945311,-2.6755413384712585,-44.972192137033375,-31.253986000399962,-162.61084881610245,-26.275116189824583,6.986006702435075,3.437746693945311,2.822269169768765,-45.18572775615007,30.43380322448649,"[[-0.25881904510252074, -0.0, -0.9659258262890683, 0.3], [0.0, 1.0, -0.0, 0.22], [0.9659258262890683, 0.0, -0.25881904510252074, 0.04166666666666674], [0.0, 0.0, 0.0, 1.0]]","[[-0.747349183001692, -0.5213425718962585, 0.41191154559601545, 0.13794849043267532], [-0.6000350043133622, 0.7958186460260396, -0.08142896435510535, 0.3055394095313722], [-0.2853545027949748, -0.3080172160218906, -0.907578207301584, 0.6120454173339757], [0.0, 0.0, 0.0, 1.0]]","[[-0.25881904510252074, -0.0, -0.9659258262890683, 0.3], [0.0, 1.0, -0.0, -0.22], [0.9659258262890683, 0.0, -0.25881904510252074, 0.04166666666666674], [0.0, 0.0, 0.0, 1.0]]","[[-0.7556848738610155, 0.5129657755652511, 0.4071934239601641, 0.14292932452150478], [0.5831633908690842, 0.8099964937618503, 0.061855797170359564, -0.2942415103091117], [-0.2980953387219152, 0.2842037881384576, -0.9112449592947099, 0.6125045591263905], [0.0, 0.0, 0.0, 1.0]]"
2.341666666666667,-163.20086787736483,27.212697964739526,-6.770805370934545,3.437746693945311,-2.6755413384712585,-44.972192137033375,-31.253986000399962,-163.578153866738,-26.632212140011188,7.093740556874155,3.437746693945311,2.822269169768765,-45.18572775615007,30.43380322448649,"[[-0.2651354262434082, -0.0, -0.9642111831703294, 0.3], [0.0, 1.0, -0.0, 0.22], [0.9642111831703294, 0.0, -0.2651354262434082, 0.04395833333333343], [0.0, 0.0, 0.0, 1.0]]","[[-0.747349183001692, -0.5213425718962585, 0.41191154559601545, 0.13794849043267532], [-0.6000350043133622, 0.7958186460260396, -0.08142896435510535, 0.3055394095313722], [-0.2853545027949748, -0.3080172160218906, -0.907578207301584, 0.6120454173339757], [0.0, 0.0, 0.0, 1.0]]","[[-0.2651354262434082, -0.0, -0.9642111831703294, 0.3], [0.0, 1.0, -0.0, -0.22], [0.9642111831703294, 0.0, -0.2651354262434082, 0.04395833333333343], [0.0, 0.0, 0.0, 1.0]]","[[-0.7516021909530461, 0.5078559801884615, 0.4209233302412658, 0.13370027705322993], [0.5850079556387078, 0.8080284512946707, 0.06968295155743374, -0.29917430423677455], [-0.3047291229830197, 0.29861735596772176, -0.9044157430744153, 0.6138084247979116], [0.0, 0.0, 0.0, 1.0]]"
2.35,-163.82730550728172,27.545649196210135,-6.870395078562031,3.437746693945311,-2.6755413384712585,-44.972192137033375,-31.253986000399962,-163.578153866738,-26.632212140011188,7.093740556874155,3.437746693945311,2.822269169768765,-45.18572775615007,30.43380322448649,"[[-0.2714404498650742, -0.0, -0.9624552364536473, 0.3], [0.0, 1.0, -0.0, 0.22], [0.9624552364536473, 0.0, -0.2714404498650742, 0.046250000000000124], [0.0, 0.0, 0.0, 1.0]]","[[-0.7443707268571094, -0.5186698846835752, 0.42058741269865146, 0.13206019001469974], [-0.6023113163170227, 0.7934505263476717, -0.08750623106418409, 0.3098163460268524], [-0.28832845720579575, -0.3184616349906685, -0.9030220860003348, 0.6125915622859691], [0.0, 0.0, 0.0, 1.0]]","[[-0.2714404498650742, -0.0, -0.9624552364536473, 0.3], [0.0, 1.0, -0.0, -0.22], [0.9624552364536473, 0.0, -0.2714404498650742, 0.046250000000000124], [0.0, 0.0, 0.0, 1.0]]","[[-0.7516021909530461, 0.5078559801884615, 0.4209233302412658, 0.13370027705322993], [0.5850079556387078, 0.8080284512946707, 0.06968295155743374, -0.29917430423677455], [-0.3047291229830197, 0.29861735596772176, -0.9044157430744153, 0.6138084247979116], [0.0, 0.0, 0.0, 1.0]]"
2.3583333333333334,-164.75760459299414,27.87424959717945,-6.95939415099459,3.437746693945311,-2.6755413384712585,-44.972192137033375,-31.253986000399962,-164.20205066628364,-26.960213191880833,7.191424214836386,3.437746693945311,2.822269169768765,-45.18572775615007,30.43380322448649,"[[-0.2777338458812922, -0.0, -0.9606580613579353, 0.3], [0.0, 1.0, -0.0, 0.22], [0.9606580613579353, 0.0, -0.2777338458812922, 0.048541666666666705], [0.0, 0.0, 0.0, 1.0]]","[[-0.7408629143397562, -0.5129407369205301, 0.43360574553784087, 0.12324931409500942], [-0.603666273290145, 0.7915503483069265, -0.09505301987402426, 0.3144418813245578], [-0.2944642128476586, -0.33217442180668766, -0.8960753209688356, 0.6135801562727187], [0.0, 0.0, 0.0, 1.0]]","[[-0.2777338458812922, -0.0, -0.9606580613579353, 0.3], [0.0, 1.0, -0.0, -0.22], [0.9606580613579353, 0.0, -0.2777338458812922, 0.048541666666666705], [0.0, 0.0, 0.0, 1.0]]","[[-0.7484934859593804, 0.5052270944566524, 0.4295382224008286, 0.12781919801877845], [0.5873470232441855, 0.8057862337616575, 0.07571010346312748, -0.3034144854627804], [-0.30786519089135245, 0.30895651556018733, -0.8998693770377668, 0.6143612828806215], [0.0, 0.0, 0.0, 1.0]]"
2.3666666666666667,-164.75760459299414,27.87424959717945,-6.95939415099459,3.437746693945311,-2.6755413384712585,-44.972192137033375,-31.253986000399962,-165.12631186476978,-27.282229290490253,7.280176546685177,3.437746693945311,2.822269169768765,-45.18572775615007,30.43380322448649,"[[-0.2840153447039226, -0.0, -0.958819734868193, 0.3], [0.0, 1.0, -0.0, 0.22], [0.958819734868193, 0.0, -0.2840153447039226, 0.0508333333333334], [0.0, 0.0, 0.0, 1.0]]","[[-0.7408629143397562, -0.5129407369205301, 0.43360574553784087, 0.12324931409500942], [-0.603666273290145, 0.7915503483069265, -0.09505301987402426, 0.3144418813245578], [-0.2944642128476586, -0.33217442180668766, -0.8960753209688356, 0.6135801562727187], [0.0, 0.0, 0.0, 1.0]]","[[-0.2840153447039226, -0.0, -0.958819734868193, 0.3], [0.0, 1.0, -0.0, -0.22], [0.958819734868193, 0.0, -0.2840153447039226, 0.0508333333333334], [0.0, 0.0, 0.0, 1.0]]","[[-0.7447276729268415, 0.49962118404756234, 0.4424470201367432, 0.11903007404612619], [0.5887897454960214, 0.8039968610592632, 0.08316058564958817, -0.3079873487478982], [-0.31417722510663015, 0.3224402578118371, -0.8929305411769353, 0.6153394698043952], [0.0, 0.0, 0.0, 1.0]]"
2.375,-165.3565848624476,28.182999760873415,-7.047966336604023,3.437746693945311,-2.6755413384712585,-44.972192137033375,-31.253986000399962,-165.12631186476978,-27.282229290490253,7.280176546685177,3.437746693945311,2.822269169768765,-45.18572775615007,30.43380322448649,"[[-0.29028467725446205, -0.0, -0.9569403357322089, 0.3], [0.0, 1.0, -0.0, 0.22], [0.9569403357322089, 0.0, -0.29028467725446205, 0.05312500000000009], [0.0, 0.0, 0.0, 1.0]]","[[-0.7381111716668136, -0.5099504181804009, 0.4417493285317792, 0.11765229516818482], [-0.6056719050288359, 0.7892976418774738, -0.10085026517267968, 0.31846409059233666], [-0.29724306841267845, -0.34199386474656723, -0.8914520484896102, 0.6139154196237901], [0.0, 0.0, 0.0, 1.0]]","[[-0.29028467725446205, -0.0, -0.9569403357322089, 0.3], [0.0, 1.0, -0.0, -0.22], [0.9569403357322089, 0.0, -0.29028467725446205, 0.05312500000000009], [0.0, 0.0, 0.0, 1.0]]","[[-0.7447276729268415, 0.49962118404756234, 0.4424470201367432, 0.11903007404612619], [0.5887897454960214, 0.8039968610592632, 0.08316058564958817, -0.3079873487478982], [-0.31417722510663015, 0.3224402578118371, -0.8929305411769353, 0.6153394698043952], [0.0, 0.0, 0.0, 1.0]]"
2.3833333333333333,-165.3565848624476,28.182999760873415,-7.047966336604023,3.437746693945311,-2.6755413384712585,-44.972192137033375,-31.253986000399962,-165.72109839807283,-27.5847878877016,7.366563071760206,3.437746693945311,2.822269169768765,-45.18572775615007,30.43380322448649,"[[-0.2965415749755708, -0.0, -0.9550199444571866, 0.3], [0.0, 1.0, -0.0, 0.22], [0.9550199444571866, 0.0, -0.2965415749755708, 0.05541666666666678], [0.0, 0.0, 0.0, 1.0]]","[[-0.7381111716668136, -0.5099504181804009, 0.4417493285317792, 0.11765229516818482], [-0.6056719050288359, 0.7892976418774738, -0.10085026517267968, 0.31846409059233666], [-0.29724306841267845, -0.34199386474656723, -0.8914520484896102, 0.6139154196237901], [0.0, 0.0, 0.0, 1.0]]","[[-0.2965415749755708, -0.0, -0.9550199444571866, 0.3], [0.0, 1.0, -0.0, -0.22], [0.9550199444571866, 0.0, -0.2965415749755708, 0.05541666666666678], [0.0, 0.0, 0.0, 1.0]]","[[-0.7418535039915568, 0.49668016461114883, 0.45051325474095827, 0.11345414156990011], [0.5908443407033169, 0.8018740361148802, 0.08888754279253687, -0.31195697682862783], [-0.3171062025163056, 0.33212474205736986, -0.8883337278517651, 0.6156832645469796], [0.0, 0.0, 0.0, 1.0]]"
2.3916666666666666,-166.25931730466982,28.48748959407258,-7.124522938802934,3.437746693945311,-2.6755413384712585,-44.972192137033375,-31.253986000399962,-165.72109839807283,-27.5847878877016,7.366563071760206,3.437746693945311,2.822269169768765,-45.18572775615007,30.43380322448649,"[[-0.3027857698425745, -0.0, -0.953058643306297, 0.3], [0.0, 1.0, -0.0, 0.22], [0.953058643306297, 0.0, -0.3027857698425745, 0.05770833333333336], [0.0, 0.0, 0.0, 1.0]]","[[-0.7348014406406815, -0.5037894531588194, 0.4541618981358046, 0.10914005953699948], [-0.6067599539418274, 0.7874935997372587, -0.10814891892832743, 0.3228557610920046], [-0.3031653032998514, -0.35503523382728086, -0.8843306969772775, 0.6146241576093439], [0.0, 0.0, 0.0, 1.0]]","[[-0.3027857698425745, -0.0, -0.953058643306297, 0.3], [0.0, 1.0, -0.0, -0.22], [0.953058643306297, 0.0, -0.3027857698425745, 0.05770833333333336], [0.0, 0.0, 0.0, 1.0]]","[[-0.7418535039915568, 0.49668016461114883, 0.45051325474095827, 0.11345414156990011], [0.5908443407033169, 0.8018740361148802, 0.08888754279253687, -0.31195697682862783], [-0.3171062025163056, 0.33212474205736986, -0.8883337278517651, 0.6156832645469796], [0.0, 0.0, 0.0, 1.0]]"
2.4,-166.25931730466982,28.48748959407258,-7.124522938802934,3.437746693945311,-2.6755413384712585,-44.972192137033375,-31.253986000399962,-166.61652253788316,-27.88188233357694,7.442695775343753,3.437746693945311,2.822269169768765,-45.18572775615007,30.43380322448649,"[[-0.30901699437494745, -0.0, -0.9510565162951536, 0.3], [0.0, 1.0, -0.0, 0.22], [0.9510565162951536, 0.0, -0.30901699437494745, 0.06000000000000005], [0.0, 0.0, 0.0, 1.0]]","[[-0.7313526061853103, -0.49738066547486365, 0.46662173013881014, 0.10051267764233793], [-0.6080011942203221, 0.78545954942434, -0.11570585138520567, 0.32747127765823286], [-0.30896264054512645, -0.36832834513500967, -0.876855927115446, 0.6151554443602656], [0.0, 0.0, 0.0, 1.0]]","[[-0.30901699437494745, -0.0, -0.9510565162951536, 0.3], [0.0, 1.0, -0.0, -0.22], [0.9510565162951536, 0.0, -0.30901699437494745, 0.06000000000000005], [0.0, 0.0, 0.0, 1.0]]","[[-0.7382892854544328, 0.49065149736671787, 0.4628066973532045, 0.10497359178360377], [0.5920109388191191, 0.8001828061852111, 0.09607562127858564, -0.3162849203272633], [-0.32319031436862117, 0.3449182291752042, -0.8812374458004796, 0.6163849864326088], [0.0, 0.0, 0.0, 1.0]]"
2.408333333333333,-167.17818265371164,28.80830357938808,-7.2064514847840595,3.437746693945311,-2.6755413384712585,-44.972192137033375,-31.253986000399962,-167.52725996181266,-28.194406176787336,7.523630101913819,3.437746693945311,2.822269169768765,-45.18572775615007,30.43380322448649,"[[-0.3152349816477694, -0.0, -0.9490136491882141, 0.3], [0.0, 1.0, -0.0, 0.22], [0.9490136491882141, 0.0, -0.3152349816477694, 0.062291666666666745], [0.0, 0.0, 0.0, 1.0]]","[[-0.7313526061853103, -0.49738066547486365, 0.46662173013881014, 0.10051267764233793], [-0.6080011942203221, 0.78545954942434, -0.11570585138520567, 0.32747127765823286], [-0.30896264054512645, -0.36832834513500967, -0.876855927115446, 0.6151554443602656], [0.0, 0.0, 0.0, 1.0]]","[[-0.3152349816477694, -0.0, -0.9490136491882141, 0.3], [0.0, 1.0, -0.0, -0.22], [0.9490136491882141, 0.0, -0.3152349816477694, 0.062291666666666745], [0.0, 0.0, 0.0, 1.0]]","[[-0.7345882897633711, 0.4843782634007399, 0.47513970838839537, 0.09638393046845362], [0.5933274246611794, 0.7982779843108241, 0.103512448089978, -0.3208270043979385], [-0.3291543888321382, 0.35795245174398704, -0.8738005668360549, 0.6169141448759006], [0.0, 0.0, 0.0, 1.0]]"
2.4166666666666665,-168.10165155025405,29.135179357591966,-7.289402424706572,3.437746693945311,-2.6755413384712585,-44.972192137033375,-31.253986000399962,-167.52725996181266,-28.194406176787336,7.523630101913819,3.437746693945311,2.822269169768765,-45.18572775615007,30.43380322448649,"[[-0.32143946530316136, -0.0, -0.9469301294951058, 0.3], [0.0, 1.0, -0.0, 0.22], [0.9469301294951058, 0.0, -0.32143946530316136, 0.06458333333333333], [0.0, 0.0, 0.0, 1.0]]","[[-0.7278549649414066, -0.49072470132117235, 0.4789743391074203, 0.09187942404079263], [-0.6092913076740105, 0.7832886324310122, -0.12338160599233883, 0.33218788608178246], [-0.3146287532998821, -0.38163881592102333, -0.8691148150729919, 0.615509934855711], [0.0, 0.0, 0.0, 1.0]]","[[-0.32143946530316136, -0.0, -0.9469301294951058, 0.3], [0.0, 1.0, -0.0, -0.22], [0.9469301294951058, 0.0, -0.32143946530316136, 0.06458333333333333], [0.0, 0.0, 0.0, 1.0]]","[[-0.7345882897633711, 0.4843782634007399, 0.47513970838839537, 0.09638393046845362], [0.5933274246611794, 0.7982779843108241, 0.103512448089978, -0.3208270043979385], [-0.3291543888321382, 0.35795245174398704, -0.8738005668360549, 0.6169141448759006], [0.0, 0.0, 0.0, 1.0]]"
2.425,-168.10165155025405,29.135179357591966,-7.289402424706572,3.437746693945311,-2.6755413384712585,-44.972192137033375,-31.253986000399962,-168.44195889546074,-28.512452227941687,7.605206466265867,3.437746693945311,2.822269169768765,-45.18572775615007,30.43380322448649,"[[-0.32763017956169344, -0.0, -0.9448060464668782, 0.3], [0.0, 1.0000000000000002, -0.0, 0.22], [0.9448060464668782, 0.0, -0.32763017956169344, 0.06687500000000002], [0.0, 0.0, 0.0, 1.0]]","[[-0.7278549649414066, -0.49072470132117235, 0.4789743391074203, 0.09187942404079263], [-0.6092913076740105, 0.7832886324310122, -0.12338160599233883, 0.33218788608178246], [-0.3146287532998821, -0.38163881592102333, -0.8691148150729919, 0.615509934855711], [0.0, 0.0, 0.0, 1.0]]","[[-0.32763017956169344, -0.0, -0.9448060464668782, 0.3], [0.0, 1.0000000000000002, -0.0, -0.22], [0.9448060464668782, 0.0, -0.32763017956169344, 0.06687500000000002], [0.0, 0.0, 0.0, 1.0]]","[[-0.7308396236561451, 0.4778624637743541, 0.48736117019070024, 0.08779272194803467], [0.594690726915977, 0.7962462935621694, 0.11106205161374796, -0.3254640072324917], [-0.3349871397744866, 0.37099771657519964, -0.8661087174724066, 0.6172708563344774], [0.0, 0.0, 0.0, 1.0]]"
2.433333333333333,-169.0219922201566,29.460904248920706,-7.3704853078910855,3.437746693945311,-2.6755413384712585,-44.972192137033375,-31.253986000399962,-168.44195889546074,-28.512452227941687,7.605206466265867,3.437746693945311,2.822269169768765,-45.18572775615007,30.43380322448649,"[[-0.3338068592337708, -0.0, -0.9426414910921785, 0.3], [0.0, 1.0, -0.0, 0.22], [0.9426414910921785, 0.0, -0.3338068592337708, 0.06916666666666671], [0.0, 0.0, 0.0, 1.0]]","[[-0.7243682277105177, -0.48383027349921504, 0.49112008422502773, 0.08331274467607575], [-0.6105587256780682, 0.7810486260888514, -0.1310766424008909, 0.3369187251298817], [-0.3201698192864171, -0.3948054079295171, -0.8611736042678679, 0.6156948878730795], [0.0, 0.0, 0.0, 1.0]]","[[-0.3338068592337708, -0.0, -0.9426414910921785, 0.3], [0.0, 1.0, -0.0, -0.22], [0.9426414910921785, 0.0, -0.3338068592337708, 0.06916666666666671], [0.0, 0.0, 0.0, 1.0]]","[[-0.7308396236561451, 0.4778624637743541, 0.48736117019070024, 0.08779272194803467], [0.594690726915977, 0.7962462935621694, 0.11106205161374796, -0.3254640072324917], [-0.3349871397744866, 0.37099771657519964, -0.8661087174724066, 0.6172708563344774], [0.0, 0.0, 0.0, 1.0]]"
2.4416666666666664,-169.0219922201566,29.460904248920706,-7.3704853078910855,3.437746693945311,-2.6755413384712585,-44.972192137033375,-31.253986000399962,-169.02591274874015,-28.80623744716415,7.688415245829547,3.437746693945311,2.822269169768765,-45.18572775615007,30.43380322448649,"[[-0.33996923973099424, -0.0, -0.9404365560933547, 0.3], [0.0, 0.9999999999999999, -0.0, 0.22], [0.9404365560933547, 0.0, -0.33996923973099424, 0.07145833333333351], [0.0, 0.0, 0.0, 1.0]]","[[-0.7243682277105177, -0.48383027349921504, 0.49112008422502773, 0.08331274467607575], [-0.6105587256780682, 0.7810486260888514, -0.1310766424008909, 0.3369187251298817], [-0.3201698192864171, -0.3948054079295171, -0.8611736042678679, 0.6156948878730795], [0.0, 0.0, 0.0, 1.0]]","[[-0.33996923973099424, -0.0, -0.9404365560933547, 0.3], [0.0, 0.9999999999999999, -0.0, -0.22], [0.9404365560933547, 0.0, -0.33996923973099424, 0.07145833333333351], [0.0, 0.0, 0.0, 1.0]]","[[-0.7280566932974226, 0.4743409085959993, 0.4949082276312897, 0.08241159637396336], [0.5966370268101833, 0.7939764718281923, 0.11672883286643651, -0.32939092344803245], [-0.3375762278122193, 0.3802657815470354, -0.8610692340343458, 0.6172020795137763], [0.0, 0.0, 0.0, 1.0]]"
2.45,-169.60851422456392,29.759441572258208,-7.455786686661729,3.437746693945311,-2.6755413384712585,-44.972192137033375,-31.253986000399962,-169.02591274874015,-28.80623744716415,7.688415245829547,3.437746693945311,2.822269169768765,-45.18572775615007,30.43380322448649,"[[-0.34611705707749313, -0.0, -0.9381913359224842, 0.3], [0.0, 1.0, -0.0, 0.22], [0.9381913359224842, 0.0, -0.34611705707749313, 0.0737500000000001], [0.0, 0.0, 0.0, 1.0]]","[[-0.7217347010747163, -0.4800987892163009, 0.49860222006889615, 0.07796078770659974], [-0.6124325947082139, 0.7785953870781818, -0.1368047519625726, 0.3408963082770463], [-0.3225295927563155, -0.40409698812737793, -0.8559674561470355, 0.6154984090452514], [0.0, 0.0, 0.0, 1.0]]","[[-0.34611705707749313, -0.0, -0.9381913359224842, 0.3], [0.0, 1.0, -0.0, -0.22], [0.9381913359224842, 0.0, -0.34611705707749313, 0.0737500000000001], [0.0, 0.0, 0.0, 1.0]]","[[-0.7280566932974226, 0.4743409085959993, 0.4949082276312897, 0.08241159637396336], [0.5966370268101833, 0.7939764718281923, 0.11672883286643651, -0.32939092344803245], [-0.3375762278122193, 0.3802657815470354, -0.8610692340343458, 0.6172020795137763], [0.0, 0.0, 0.0, 1.0]]"
2.4583333333333335,-169.60851422456392,29.759441572258208,-7.455786686661729,3.437746693945311,-2.6755413384712585,-44.972192137033375,-31.253986000399962,-169.88801922577917,-29.076986145863458,7.748973410558173,3.437746693945311,2.822269169768765,-45.18572775615007,30.43380322448649,"[[-0.35225004792123343, -0.0, -0.9359059267573256, 0.3], [0.0, 1.0, -0.0, 0.22], [0.9359059267573256, 0.0, -0.35225004792123343, 0.07604166666666679], [0.0, 0.0, 0.0, 1.0]]","[[-0.7217347010747163, -0.4800987892163009, 0.49860222006889615, 0.07796078770659974], [-0.6124325947082139, 0.7785953870781818, -0.1368047519625726, 0.3408963082770463], [-0.3225295927563155, -0.40409698812737793, -0.8559674561470355, 0.6154984090452514], [0.0, 0.0, 0.0, 1.0]]","[[-0.35225004792123343, -0.0, -0.9359059267573256, 0.3], [0.0, 1.0, -0.0, -0.22], [0.9359059267573256, 0.0, -0.35225004792123343, 0.07604166666666679], [0.0, 0.0, 0.0, 1.0]]","[[-0.7246836611080288, 0.4675020120676186, 0.5062365652891859, 0.07434663708806645], [0.59750688517459, 0.7922662510693667, 0.12369199483172164, -0.3335058200389883], [-0.3432478892754086, 0.3921174009518318, -0.8534780784406576, 0.6173498706828187], [0.0, 0.0, 0.0, 1.0]]"
2.466666666666667,-170.46909073922885,30.029995610566168,-7.512732535093064,3.437746693945311,-2.6755413384712585,-44.972192137033375,-31.253986000399962,-169.88801922577917,-29.076986145863458,7.748973410558173,3.437746693945311,2.822269169768765,-45.18572775615007,30.43380322448649,"[[-0.3583679495453004, -0.0, -0.9335804264972017, 0.3], [0.0, 1.0, -0.0, 0.22], [0.9335804264972017, 0.0, -0.3583679495453004, 0.07833333333333348], [0.0, 0.0, 0.0, 1.0]]","[[-0.7186748270025891, -0.4729079283460701, 0.5097691480859023, 0.06998389994816276], [-0.6131425332833808, 0.7767727671681703, -0.14380647434918115, 0.34501167501463087], [-0.3279675699084236, -0.4159112399218511, -0.8482069992608123, 0.6155012700904534], [0.0, 0.0, 0.0, 1.0]]","[[-0.3583679495453004, -0.0, -0.9335804264972017, 0.3], [0.0, 1.0, -0.0, -0.22], [0.9335804264972017, 0.0, -0.3583679495453004, 0.07833333333333348], [0.0, 0.0, 0.0, 1.0]]","[[-0.7246836611080288, 0.4675020120676186, 0.5062365652891859, 0.07434663708806645], [0.59750688517459, 0.7922662510693667, 0.12369199483172164, -0.3335058200389883], [-0.3432478892754086, 0.3921174009518318, -0.8534780784406576, 0.6173498706828187], [0.0, 0.0, 0.0, 1.0]]"
2.475,-170.46909073922885,30.029995610566168,-7.512732535093064,3.437746693945311,-2.6755413384712585,-44.972192137033375,-31.253986000399962,-170.75537128810075,-29.353615637438143,7.8115456273183055,3.437746693945311,2.822269169768765,-45.18572775615007,30.43380322448649,"[[-0.36447049987914965, -0.0, -0.9312149347588037, 0.3], [0.0, 1.0, -0.0, 0.22], [0.9312149347588037, 0.0, -0.36447049987914965, 0.08062500000000006], [0.0, 0.0, 0.0, 1.0]]","[[-0.7186748270025891, -0.4729079283460701, 0.5097691480859023, 0.06998389994816276], [-0.6131425332833808, 0.7767727671681703, -0.14380647434918115, 0.34501167501463087], [-0.3279675699084236, -0.4159112399218511, -0.8482069992608123, 0.6155012700904534], [0.0, 0.0, 0.0, 1.0]]","[[-0.36447049987914965, -0.0, -0.9312149347588037, 0.3], [0.0, 1.0, -0.0, -0.22], [0.9312149347588037, 0.0, -0.36447049987914965, 0.08062500000000006], [0.0, 0.0, 0.0, 1.0]]","[[-0.7212468563006743, 0.4604592371426382, 0.51747489137775, 0.06627029109981225], [0.5984392369755707, 0.7904258699068257, 0.13075711770352905, -0.3377161453499033], [-0.3488172185034611, 0.40398543923272456, -0.8456490483430176, 0.6173447992084536], [0.0, 0.0, 0.0, 1.0]]"
2.4833333333333334,-171.33242665031844,30.303927177418696,-7.5712476194862095,3.437746693945311,-2.6755413384712585,-44.972192137033375,-31.253986000399962,-170.75537128810075,-29.353615637438143,7.8115456273183055,3.437746693945311,2.822269169768765,-45.18572775615007,30.43380322448649,"[[-0.3705574375098362, -0.0, -0.9288095528719241, 0.3], [0.0, 1.0, -0.0, 0.22], [0.9288095528719241, 0.0, -0.3705574375098362, 0.08291666666666675], [0.0, 0.0, 0.0, 1.0]]","[[-0.7155692028099356, -0.46552586743132135, 0.5208131937098651, 0.06202000321577858], [-0.6138918857497866, 0.7748388768694832, -0.15086904090040823, 0.349190981510778], [-0.33331286893926637, -0.42768023293572266, -0.8402333900503609, 0.6153564136695424], [0.0, 0.0, 0.0, 1.0]]","[[-0.3705574375098362, -0.0, -0.9288095528719241, 0.3], [0.0, 1.0, -0.0, -0.22], [0.9288095528719241, 0.0, -0.3705574375098362, 0.08291666666666675], [0.0, 0.0, 0.0, 1.0]]","[[-0.7212468563006743, 0.4604592371426382, 0.51747489137775, 0.06627029109981225], [0.5984392369755707, 0.7904258699068257, 0.13075711770352905, -0.3377161453499033], [-0.3488172185034611, 0.40398543923272456, -0.8456490483430176, 0.6173447992084536], [0.0, 0.0, 0.0, 1.0]]"
2.4916666666666667,-171.33242665031844,30.303927177418696,-7.5712476194862095,3.437746693945311,-2.6755413384712585,-44.972192137033375,-31.253986000399962,-171.62120704842658,-29.63324016696388,7.868988372011759,3.437746693945311,2.822269169768765,-45.18572775615007,30.43380322448649,"[[-0.3766285016932108, -0.0, -0.9263643838751181, 0.3], [0.0, 1.0, -0.0, 0.22], [0.9263643838751181, 0.0, -0.3766285016932108, 0.08520833333333344], [0.0, 0.0, 0.0, 1.0]]","[[-0.712525790415546, -0.457844314387751, 0.5316818426234918, 0.054113450278482], [-0.6145864465707008, 0.7728405000861918, -0.15811723852295193, 0.35345714006709], [-0.33851218247546194, -0.4394270647210242, -0.8320536984512263, 0.6150533198457839], [0.0, 0.0, 0.0, 1.0]]","[[-0.3766285016932108, -0.0, -0.9263643838751181, 0.3], [0.0, 1.0, -0.0, -0.22], [0.9263643838751181, 0.0, -0.3766285016932108, 0.08520833333333344], [0.0, 0.0, 0.0, 1.0]]","[[-0.7178350297721937, 0.45316576376429774, 0.5285391760161915, 0.058247717440698274], [0.5993466126726209, 0.7885162679535308, 0.13793379952169427, -0.34198610422388653], [-0.3542548629303615, 0.41579187789632965, -0.8376279641736147, 0.6171865511499888], [0.0, 0.0, 0.0, 1.0]]"
2.5,-172.19435554243904,30.583210197485933,-7.620616226807061,3.437746693945311,-2.6755413384712585,-44.972192137033375,-31.253986000399962,-171.62120704842658,-29.63324016696388,7.868988372011759,3.437746693945311,2.822269169768765,-45.18572775615007,30.43380322448649,"[[-0.3826834323650897, -0.0, -0.9238795325112868, 0.3], [0.0, 1.0, -0.0, 0.22], [0.9238795325112868, 0.0, -0.3826834323650897, 0.08750000000000002], [0.0, 0.0, 0.0, 1.0]]","[[-0.712525790415546, -0.457844314387751, 0.5316818426234918, 0.054113450278482], [-0.6145864465707008, 0.7728405000861918, -0.15811723852295193, 0.35345714006709], [-0.33851218247546194, -0.4394270647210242, -0.8320536984512263, 0.6150533198457839], [0.0, 0.0, 0.0, 1.0]]","[[-0.3826834323650897, -0.0, -0.9238795325112868, 0.3], [0.0, 1.0, -0.0, -0.22], [0.9238795325112868, 0.0, -0.3826834323650897, 0.08750000000000002], [0.0, 0.0, 0.0, 1.0]]","[[-0.7178350297721937, 0.45316576376429774, 0.5285391760161915, 0.058247717440698274], [0.5993466126726209, 0.7885162679535308, 0.13793379952169427, -0.34198610422388653], [-0.3542548629303615, 0.41579187789632965, -0.8376279641736147, 0.6171865511499888], [0.0, 0.0, 0.0, 1.0]]"
2.5083333333333333,-172.19435554243904,30.583210197485933,-7.620616226807061,3.437746693945311,-2.6755413384712585,-44.972192137033375,-31.253986000399962,-172.48060877055428,-29.91339745124488,7.917023384897166,3.437746693945311,2.822269169768765,-45.18572775615007,30.43380322448649,"[[-0.38872197015239557, -0.0, -0.9213551052231925, 0.3], [0.0, 1.0, -0.0, 0.22], [0.9213551052231925, 0.0, -0.38872197015239557, 0.08979166666666671], [0.0, 0.0, 0.0, 1.0]]","[[-0.7095899262233173, -0.44986914840076686, 0.5423097693381118, 0.046313877907666626], [-0.6151799484012095, 0.7708174757394634, -0.16551148050732573, 0.35776726024184413], [-0.3435633386836733, -0.4510633751611967, -0.8237147952420892, 0.6145994320606301], [0.0, 0.0, 0.0, 1.0]]","[[-0.38872197015239557, -0.0, -0.9213551052231925, 0.3], [0.0, 1.0, -0.0, -0.22], [0.9213551052231925, 0.0, -0.38872197015239557, 0.08979166666666671], [0.0, 0.0, 0.0, 1.0]]","[[-0.7145052209996874, 0.4456039249589169, 0.5393694756151817, 0.050325921908927033], [0.6001720390799855, 0.7865791766209036, 0.14521267993172615, -0.34628413671568625], [-0.35954945789245796, 0.42746969596404094, -0.8294539446899087, 0.6168795200397714], [0.0, 0.0, 0.0, 1.0]]"
2.5166666666666666,-173.04959084917303,30.864501293169155,-7.658008951191943,3.437746693945311,-2.6755413384712585,-44.972192137033375,-31.253986000399962,-173.3301613598988,-30.19249947129911,7.952796500675108,3.437746693945311,2.822269169768765,-45.18572775615007,30.43380322448649,"[[-0.3947438563842669, -0.0, -0.9187912101488984, 0.3], [0.0, 1.0, -0.0, 0.22], [0.9187912101488984, 0.0, -0.3947438563842669, 0.0920833333333334], [0.0, 0.0, 0.0, 1.0]]","[[-0.7095899262233173, -0.44986914840076686, 0.5423097693381118, 0.046313877907666626], [-0.6151799484012095, 0.7708174757394634, -0.16551148050732573, 0.35776726024184413], [-0.3435633386836733, -0.4510633751611967, -0.8237147952420892, 0.6145994320606301], [0.0, 0.0, 0.0, 1.0]]","[[-0.3947438563842669, -0.0, -0.9187912101488984, 0.3], [0.0, 1.0, -0.0, -0.22], [0.9187912101488984, 0.0, -0.3947438563842669, 0.0920833333333334], [0.0, 0.0, 0.0, 1.0]]","[[-0.7112959103256796, 0.43776738749098276, 0.549925306203745, 0.042537593763057775], [0.600877733518505, 0.7846421742211948, 0.1525863945281514, -0.35058874471152823], [-0.36469724061970554, 0.4389719499953909, -0.8211574451964841, 0.6164297789767731], [0.0, 0.0, 0.0, 1.0]]"
2.525,-173.89273672107606,31.141458633824,-7.685218717297981,3.437746693945311,-2.6755413384712585,-44.972192137033375,-31.253986000399962,-173.3301613598988,-30.19249947129911,7.952796500675108,3.437746693945311,2.822269169768765,-45.18572775615007,30.43380322448649,"[[-0.40074883310314074, -0.0, -0.9161879571171361, 0.3], [0.0, 1.0, -0.0, 0.22], [0.9161879571171361, 0.0, -0.40074883310314074, 0.0943750000000001], [0.0, 0.0, 0.0, 1.0]]","[[-0.7067660532357808, -0.44167382240154096, 0.5526354861920556, 0.038666951817495854], [-0.615655705352166, 0.7688085545444313, -0.1729203832017188, 0.36204216899612507], [-0.348496482709431, -0.46244744681370475, -0.8152867964554812, 0.6140155925349403], [0.0, 0.0, 0.0, 1.0]]","[[-0.40074883310314074, -0.0, -0.9161879571171361, 0.3], [0.0, 1.0, -0.0, -0.22], [0.9161879571171361, 0.0, -0.40074883310314074, 0.0943750000000001], [0.0, 0.0, 0.0, 1.0]]","[[-0.7112959103256796, 0.43776738749098276, 0.549925306203745, 0.042537593763057775], [0.600877733518505, 0.7846421742211948, 0.1525863945281514, -0.35058874471152823], [-0.36469724061970554, 0.4389719499953909, -0.8211574451964841, 0.6164297789767731], [0.0, 0.0, 0.0, 1.0]]"
2.533333333333333,-173.89273672107606,31.141458633824,-7.685218717297981,3.437746693945311,-2.6755413384712585,-44.972192137033375,-31.253986000399962,-173.86518373796423,-30.45776694318948,8.00069149468253,3.437746693945311,2.822269169768765,-45.18572775615007,30.43380322448649,"[[-0.40673664307579993, -0.0, -0.913545457642601, 0.3], [0.0, 1.0, -0.0, 0.22], [0.913545457642601, 0.0, -0.40673664307579993, 0.09666666666666668], [0.0, 0.0, 0.0, 1.0]]","[[-0.7067660532357808, -0.44167382240154096, 0.5526354861920556, 0.038666951817495854], [-0.615655705352166, 0.7688085545444313, -0.1729203832017188, 0.36204216899612507], [-0.348496482709431, -0.46244744681370475, -0.8152867964554812, 0.6140155925349403], [0.0, 0.0, 0.0, 1.0]]","[[-0.40673664307579993, -0.0, -0.913545457642601, 0.3], [0.0, 1.0, -0.0, -0.22], [0.913545457642601, 0.0, -0.40673664307579993, 0.09666666666666668], [0.0, 0.0, 0.0, 1.0]]","[[-0.7090376731123249, 0.43334344578796075, 0.5563084001703343, 0.03777211547077337], [0.6022803926977925, 0.7824687621626503, 0.15811693398065563, -0.3542424056321543], [-0.36677500825336096, 0.4471645046649688, -0.8157940911090742, 0.6158365342677461], [0.0, 0.0, 0.0, 1.0]]"
2.5416666666666665,-174.4201092872711,31.40010082221946,-7.73425093780221,3.437746693945311,-2.6755413384712585,-44.972192137033375,-31.253986000399962,-173.86518373796423,-30.45776694318948,8.00069149468253,3.437746693945311,2.822269169768765,-45.18572775615007,30.43380322448649,"[[-0.41270702980439467, -0.0, -0.9108638249211758, 0.3], [0.0, 1.0, -0.0, 0.22], [0.9108638249211758, 0.0, -0.41270702980439467, 0.09895833333333337], [0.0, 0.0, 0.0, 1.0]]","[[-0.7047067046244, -0.4371433281034482, 0.5588328651323756, 0.03402154057976496], [-0.6169169436821513, 0.7665620785956182, -0.17831450938451043, 0.3656049040899654], [-0.3504310846019402, -0.47041289348168003, -0.8098825622217716, 0.6133396253908265], [0.0, 0.0, 0.0, 1.0]]","[[-0.41270702980439467, -0.0, -0.9108638249211758, 0.3], [0.0, 1.0, -0.0, -0.22], [0.9108638249211758, 0.0, -0.41270702980439467, 0.09895833333333337], [0.0, 0.0, 0.0, 1.0]]","[[-0.7090376731123249, 0.43334344578796075, 0.5563084001703343, 0.03777211547077337], [0.6022803926977925, 0.7824687621626503, 0.15811693398065563, -0.3542424056321543], [-0.36677500825336096, 0.4471645046649688, -0.8157940911090742, 0.6158365342677461], [0.0, 0.0, 0.0, 1.0]]"
2.55,-175.19830006016733,31.62021732860146,-7.734979206722462,3.437746693945311,-2.6755413384712585,-44.972192137033375,-31.253986000399962,-174.65053254911064,-30.682476751788315,8.010003603842197,3.437746693945311,2.822269169768765,-45.18572775615007,30.43380322448649,"[[-0.4186597375374277, -0.0, -0.9081431738250815, 0.3], [0.0, 1.0, -0.0, 0.22], [0.9081431738250815, 0.0, -0.4186597375374277, 0.10125000000000006], [0.0, 0.0, 0.0, 1.0]]","[[-0.7023054819479937, -0.4288507518201279, 0.568202466282141, 0.026986599446663116], [-0.6168272696391894, 0.7650525461898696, -0.18498302894552388, 0.369223283435369], [-0.35537463254326296, -0.4803973711748524, -0.8018274354953392, 0.6127015173394452], [0.0, 0.0, 0.0, 1.0]]","[[-0.4186597375374277, -0.0, -0.9081431738250815, 0.3], [0.0, 1.0, -0.0, -0.22], [0.9081431738250815, 0.0, -0.4186597375374277, 0.10125000000000006], [0.0, 0.0, 0.0, 1.0]]","[[-0.7062652048098252, 0.42537132771411057, 0.5659051988042437, 0.030596597873241295], [0.6024154635404365, 0.7809863311604577, 0.16479065455264552, -0.35791803802297295], [-0.3718670054768194, 0.4572959480459706, -0.8078337366924213, 0.615303039818351], [0.0, 0.0, 0.0, 1.0]]"
2.558333333333333,-175.19830006016733,31.62021732860146,-7.734979206722462,3.437746693945311,-2.6755413384712585,-44.972192137033375,-31.253986000399962,-175.43256188832044,-30.909488334137443,8.015229552330903,3.437746693945311,2.822269169768765,-45.18572775615007,30.43380322448649,"[[-0.42459451128071285, -0.0, -0.9053836208979553, 0.3], [0.0, 1.0, -0.0, 0.22], [0.9053836208979553, 0.0, -0.42459451128071285, 0.10354166666666664], [0.0, 0.0, 0.0, 1.0]]","[[-0.7023054819479937, -0.4288507518201279, 0.568202466282141, 0.026986599446663116], [-0.6168272696391894, 0.7650525461898696, -0.18498302894552388, 0.369223283435369], [-0.35537463254326296, -0.4803973711748524, -0.8018274354953392, 0.6127015173394452], [0.0, 0.0, 0.0, 1.0]]","[[-0.42459451128071285, -0.0, -0.9053836208979553, 0.3], [0.0, 1.0, -0.0, -0.22], [0.9053836208979553, 0.0, -0.42459451128071285, 0.10354166666666664], [0.0, 0.0, 0.0, 1.0]]","[[-0.7035135704721592, 0.41722620453923853, 0.5753181297397956, 0.02349168047955752], [0.6025341665522366, 0.7794407840332335, 0.17153612541636873, -0.3616351002590198], [-0.3768570475640814, 0.46732682186178875, -0.7997402123626421, 0.614649757714325], [0.0, 0.0, 0.0, 1.0]]"
2.5666666666666664,-175.68007428346334,31.836911910209285,-7.768042444947202,3.437746693945311,-2.6755413384712585,-44.972192137033375,-31.253986000399962,-175.91590705512556,-31.129102821615447,8.049178153826805,3.437746693945311,2.822269169768765,-45.18572775615007,30.43380322448649,"[[-0.43051109680829525, -0.0, -0.9025852843498606, 0.3], [0.0, 1.0, -0.0, 0.22], [0.9025852843498606, 0.0, -0.43051109680829525, 0.10583333333333345], [0.0, 0.0, 0.0, 1.0]]","[[-0.7005409293265008, -0.42431624471563617, 0.5737579026111828, 0.022766652733034513], [-0.6176976103270917, 0.763168910027616, -0.18979693612769735, 0.37229435494859126], [-0.3573402699592693, -0.4873694073674313, -0.7967301878476527, 0.6120165686664969], [0.0, 0.0, 0.0, 1.0]]","[[-0.43051109680829525, -0.0, -0.9025852843498606, 0.3], [0.0, 1.0, -0.0, -0.22], [0.9025852843498606, 0.0, -0.43051109680829525, 0.10583333333333345], [0.0, 0.0, 0.0, 1.0]]","[[-0.7015683482944638, 0.4127584305113854, 0.5808892585623837, 0.019237536035869328], [0.6035324533694304, 0.777581807379682, 0.1763947577509711, -0.3647554111318309], [-0.37888049620065484, 0.47433849819925566, -0.7946398924826393, 0.6139687785762517], [0.0, 0.0, 0.0, 1.0]]"
2.575,-176.41392346826785,32.01789826283628,-7.75329009011362,3.437746693945311,-2.6755413384712585,-44.972192137033375,-31.253986000399962,-175.91590705512556,-31.129102821615447,8.049178153826805,3.437746693945311,2.822269169768765,-45.18572775615007,30.43380322448649,"[[-0.4364092406733424, -0.0, -0.8997482840522213, 0.3], [0.0, 1.0, -0.0, 0.22], [0.8997482840522213, 0.0, -0.4364092406733424, 0.10812500000000014], [0.0, 0.0, 0.0, 1.0]]","[[-0.6983770309633491, -0.4159752827758196, 0.5824380539957827, 0.016153842584722446], [-0.617257345700986, 0.7619749307922493, -0.19592747133140964, 0.3754645855670467], [-0.3623022105935745, -0.49634541295727097, -0.788909588758614, 0.6113257545141094], [0.0, 0.0, 0.0, 1.0]]","[[-0.4364092406733424, -0.0, -0.8997482840522213, 0.3], [0.0, 1.0, -0.0, -0.22], [0.8997482840522213, 0.0, -0.4364092406733424, 0.10812500000000014], [0.0, 0.0, 0.0, 1.0]]","[[-0.7015683482944638, 0.4127584305113854, 0.5808892585623837, 0.019237536035869328], [0.6035324533694304, 0.777581807379682, 0.1763947577509711, -0.3647554111318309], [-0.37888049620065484, 0.47433849819925566, -0.7946398924826393, 0.6139687785762517], [0.0, 0.0, 0.0, 1.0]]"
2.5833333333333335,-176.41392346826785,32.01789826283628,-7.75329009011362,3.437746693945311,-2.6755413384712585,-44.972192137033375,-31.253986000399962,-176.36217795511584,-31.313743325448403,8.066361202231263,3.437746693945311,2.822269169768765,-45.18572775615007,30.43380322448649,"[[-0.4422886902190012, -0.0, -0.8968727415326885, 0.3], [0.0, 1.0, -0.0, 0.22], [0.8968727415326885, 0.0, -0.4422886902190012, 0.11041666666666683], [0.0, 0.0, 0.0, 1.0]]","[[-0.6983770309633491, -0.4159752827758196, 0.5824380539957827, 0.016153842584722446], [-0.617257345700986, 0.7619749307922493, -0.19592747133140964, 0.3754645855670467], [-0.3623022105935745, -0.49634541295727097, -0.788909588758614, 0.6113257545141094], [0.0, 0.0, 0.0, 1.0]]","[[-0.4422886902190012, -0.0, -0.8968727415326885, 0.3], [0.0, 1.0, -0.0, -0.22], [0.8968727415326885, 0.0, -0.4422886902190012, 0.11041666666666683], [0.0, 0.0, 0.0, 1.0]]","[[-0.6998919391834785, 0.4083190182890632, 0.5860263242973356, 0.01530066880682062], [0.6041591869978156, 0.7760801376001, 0.18080734716473348, -0.36746061476929376], [-0.3809763119042032, 0.4805987924725422, -0.7898619185919814, 0.6133473089505471], [0.0, 0.0, 0.0, 1.0]]"
2.591666666666667,-176.8631040288446,32.20419850263755,-7.777426271093153,3.437746693945311,-2.6755413384712585,-44.972192137033375,-31.253986000399962,-176.36217795511584,-31.313743325448403,8.066361202231263,3.437746693945311,2.822269169768765,-45.18572775615007,30.43380322448649,"[[-0.44814919358922245, -0.0, -0.8939587799699322, 0.3], [0.0, 1.0, -0.0, 0.22], [0.8939587799699322, 0.0, -0.44814919358922245, 0.11270833333333341], [0.0, 0.0, 0.0, 1.0]]","[[-0.6967889937413543, -0.41146875134074407, 0.5875189910726291, 0.012239726710395839], [-0.6178776859841646, 0.7603352721419827, -0.20029338256575432, 0.3781800930347218], [-0.36429694393964557, -0.5025770991667511, -0.7840306091150833, 0.6106308124222103], [0.0, 0.0, 0.0, 1.0]]","[[-0.44814919358922245, -0.0, -0.8939587799699322, 0.3], [0.0, 1.0, -0.0, -0.22], [0.8939587799699322, 0.0, -0.44814919358922245, 0.11270833333333341], [0.0, 0.0, 0.0, 1.0]]","[[-0.6998919391834785, 0.4083190182890632, 0.5860263242973356, 0.01530066880682062], [0.6041591869978156, 0.7760801376001, 0.18080734716473348, -0.36746061476929376], [-0.3809763119042032, 0.4805987924725422, -0.7898619185919814, 0.6133473089505471], [0.0, 0.0, 0.0, 1.0]]"
2.6,-177.55867683354035,32.34921707909526,-7.756489179966125,3.437746693945311,-2.6755413384712585,-44.972192137033375,-31.253986000399962,-177.06052381661462,-31.462767807854327,8.045991870578993,3.437746693945311,2.822269169768765,-45.18572775615007,30.43380322448649,"[[-0.45399049973954675, -0.0, -0.8910065241883679, 0.3], [0.0, 1.0, -0.0, 0.22], [0.8910065241883679, 0.0, -0.45399049973954675, 0.1150000000000001], [0.0, 0.0, 0.0, 1.0]]","[[-0.6947464767445809, -0.4032098875131353, 0.5956081930788368, 0.005982561899487135], [-0.617206250756694, 0.7593959791445218, -0.20584992321105805, 0.3809353795483746], [-0.3693017425870843, -0.5106266086591829, -0.776451343904668, 0.6099135536537317], [0.0, 0.0, 0.0, 1.0]]","[[-0.45399049973954675, -0.0, -0.8910065241883679, 0.3], [0.0, 1.0, -0.0, -0.22], [0.8910065241883679, 0.0, -0.45399049973954675, 0.1150000000000001], [0.0, 0.0, 0.0, 1.0]]","[[-0.6975905499467914, 0.40025386751764436, 0.5942762540789438, 0.008953227263553326], [0.6035982837974978, 0.7751845859233402, 0.1864348935783618, -0.37026623603481507], [-0.38605250474728, 0.4887593470042571, -0.7823539891214997, 0.6127000391247535], [0.0, 0.0, 0.0, 1.0]]"
2.6083333333333334,-177.55867683354035,32.34921707909526,-7.756489179966125,3.437746693945311,-2.6755413384712585,-44.972192137033375,-31.253986000399962,-177.76115096129618,-31.62006023425055,8.026052840844434,3.437746693945311,2.822269169768765,-45.18572775615007,30.43380322448649,"[[-0.4598123584478598, -0.0, -0.8880161006528073, 0.3], [0.0, 1.0, -0.0, 0.22], [0.8880161006528073, 0.0, -0.4598123584478598, 0.1172916666666668], [0.0, 0.0, 0.0, 1.0]]","[[-0.6947464767445809, -0.4032098875131353, 0.5956081930788368, 0.005982561899487135], [-0.617206250756694, 0.7593959791445218, -0.20584992321105805, 0.3809353795483746], [-0.3693017425870843, -0.5106266086591829, -0.776451343904668, 0.6099135536537317], [0.0, 0.0, 0.0, 1.0]]","[[-0.4598123584478598, -0.0, -0.8880161006528073, 0.3], [0.0, 1.0, -0.0, -0.22], [0.8880161006528073, 0.0, -0.4598123584478598, 0.1172916666666668], [0.0, 0.0, 0.0, 1.0]]","[[-0.6952450962503052, 0.3920758492052644, 0.6024207704004527, 0.002624567255690588], [0.6031057476530438, 0.7741632892636583, 0.1921839189535289, -0.37317843203550555], [-0.39102137190666103, 0.49693835636469463, -0.774696428729208, 0.6119431604925375], [0.0, 0.0, 0.0, 1.0]]"
2.6166666666666667,-178.2530202041855,32.49957003329475,-7.734564272730385,3.437746693945311,-2.6755413384712585,-44.972192137033375,-31.253986000399962,-177.76115096129618,-31.62006023425055,8.026052840844434,3.437746693945311,2.822269169768765,-45.18572775615007,30.43380322448649,"[[-0.46561452032511136, -0.0, -0.8849876374630418, 0.3], [0.0, 0.9999999999999998, -0.0, 0.22], [0.8849876374630418, 0.0, -0.46561452032511136, 0.11958333333333337], [0.0, 0.0, 0.0, 1.0]]","[[-0.6926827698966773, -0.3948551156331342, 0.6035561431603617, -0.0002271029473068925], [-0.6165705768123722, 0.7583626080960135, -0.21148730092152318, 0.3837604678600556], [-0.37420756819915535, -0.5186285687273275, -0.7687607583652525, 0.6090976805346036], [0.0, 0.0, 0.0, 1.0]]","[[-0.46561452032511136, -0.0, -0.8849876374630418, 0.3], [0.0, 0.9999999999999998, -0.0, -0.22], [0.8849876374630418, 0.0, -0.46561452032511136, 0.11958333333333337], [0.0, 0.0, 0.0, 1.0]]","[[-0.6952450962503052, 0.3920758492052644, 0.6024207704004527, 0.002624567255690588], [0.6031057476530438, 0.7741632892636583, 0.1921839189535289, -0.37317843203550555], [-0.39102137190666103, 0.49693835636469463, -0.774696428729208, 0.6119431604925375], [0.0, 0.0, 0.0, 1.0]]"
2.625,-178.66968906431296,32.65797578052569,-7.755529538387738,3.437746693945311,-2.6755413384712585,-44.972192137033375,-31.253986000399962,-178.18385770864995,-31.784643887585762,8.045791233772125,3.437746693945311,2.822269169768765,-45.18572775615007,30.43380322448649,"[[-0.47139673682599786, -0.0, -0.8819212643483549, 0.3], [0.0, 1.0, -0.0, 0.22], [0.8819212643483549, 0.0, -0.47139673682599786, 0.12187500000000007], [0.0, 0.0, 0.0, 1.0]]","[[-0.6912021444050529, -0.390437345754862, 0.6081104131732616, -0.0038217696176117075], [-0.6170289475215316, 0.7568941381164767, -0.21537535050554735, 0.3861481303206361], [-0.3761846268660213, -0.5240896323386055, -0.7640779958779458, 0.6083602659651092], [0.0, 0.0, 0.0, 1.0]]","[[-0.47139673682599786, -0.0, -0.8819212643483549, 0.3], [0.0, 1.0, -0.0, -0.22], [0.8819212643483549, 0.0, -0.47139673682599786, 0.12187500000000007], [0.0, 0.0, 0.0, 1.0]]","[[-0.6936104898705462, 0.3877067056457895, 0.6071144856934565, -0.001061600996048906], [0.6036614724912681, 0.7727210200878469, 0.19620155897461963, -0.3756491833956138], [-0.3930614646225384, 0.5025790838382416, -0.7700110061012757, 0.6112432631375884], [0.0, 0.0, 0.0, 1.0]]"
2.6333333333333333,-178.66968906431296,32.65797578052569,-7.755529538387738,3.437746693945311,-2.6755413384712585,-44.972192137033375,-31.253986000399962,-178.84152296345212,-31.902645650781487,8.018645500689555,3.437746693945311,2.822269169768765,-45.18572775615007,30.43380322448649,"[[-0.4771587602596085, -0.0, -0.8788171126619653, 0.3], [0.0, 1.0, -0.0, 0.22], [0.8788171126619653, 0.0, -0.4771587602596085, 0.12416666666666676], [0.0, 0.0, 0.0, 1.0]]","[[-0.6912021444050529, -0.390437345754862, 0.6081104131732616, -0.0038217696176117075], [-0.6170289475215316, 0.7568941381164767, -0.21537535050554735, 0.3861481303206361], [-0.3761846268660213, -0.5240896323386055, -0.7640779958779458, 0.6083602659651092], [0.0, 0.0, 0.0, 1.0]]","[[-0.4771587602596085, -0.0, -0.8788171126619653, 0.3], [0.0, 1.0, -0.0, -0.22], [0.8788171126619653, 0.0, -0.4771587602596085, 0.12416666666666676], [0.0, 0.0, 0.0, 1.0]]","[[-0.6914091759278091, 0.3796815008224325, 0.6146505587535513, -0.007006579982668196], [0.6029040200597877, 0.771995707236766, 0.2013190766016782, -0.37809980788505193], [-0.39807046366010995, 0.5097691496562247, -0.7626764189485569, 0.6104944353678377], [0.0, 0.0, 0.0, 1.0]]"
2.6416666666666666,-179.05548546939195,32.78380494051025,-7.765989973101613,3.437746693945311,-2.6755413384712585,-44.972192137033375,-31.253986000399962,-178.84152296345212,-31.902645650781487,8.018645500689555,3.437746693945311,2.822269169768765,-45.18572775615007,30.43380322448649,"[[-0.48290034380003716, -0.0, -0.8756753153753999, 0.3], [0.0, 1.0, -0.0, 0.22], [0.8756753153753999, 0.0, -0.48290034380003716, 0.12645833333333345], [0.0, 0.0, 0.0, 1.0]]","[[-0.6898881490392806, -0.3861337674529411, 0.6123357375229325, -0.007172596493189215], [-0.6172123950559579, 0.755759500013257, -0.21880684982193827, 0.3881515343844836], [-0.3782898375643254, -0.5288934597556583, -0.7597160700046078, 0.6077133366276228], [0.0, 0.0, 0.0, 1.0]]","[[-0.48290034380003716, -0.0, -0.8756753153753999, 0.3], [0.0, 1.0, -0.0, -0.22], [0.8756753153753999, 0.0, -0.48290034380003716, 0.12645833333333345], [0.0, 0.0, 0.0, 1.0]]","[[-0.6914091759278091, 0.3796815008224325, 0.6146505587535513, -0.007006579982668196], [0.6029040200597877, 0.771995707236766, 0.2013190766016782, -0.37809980788505193], [-0.39807046366010995, 0.5097691496562247, -0.7626764189485569, 0.6104944353678377], [0.0, 0.0, 0.0, 1.0]]"
2.65,-179.67924566515418,32.867464512559145,-7.726724923110502,3.437746693945311,-2.6755413384712585,-44.972192137033375,-31.253986000399962,-179.2324283500303,-32.03669494343216,8.034288341436177,3.437746693945311,2.822269169768765,-45.18572775615007,30.43380322448649,"[[-0.48862124149695463, -0.0, -0.8724960070727973, 0.3], [0.0, 1.0, -0.0, 0.22], [0.8724960070727973, 0.0, -0.48862124149695463, 0.12875000000000003], [0.0, 0.0, 0.0, 1.0]]","[[-0.6880912863198205, -0.3780365200439498, 0.6193696563473182, -0.012782165433572912], [-0.6160917865068688, 0.7553195304897322, -0.2234352645836046, 0.390194722762485], [-0.38335530815355806, -0.5353324167037066, -0.7526339823158794, 0.6069847850144966], [0.0, 0.0, 0.0, 1.0]]","[[-0.48862124149695463, -0.0, -0.8724960070727973, 0.3], [0.0, 1.0, -0.0, -0.22], [0.8724960070727973, 0.0, -0.48862124149695463, 0.12875000000000003], [0.0, 0.0, 0.0, 1.0]]","[[-0.6898926676784221, 0.3754684903133346, 0.6189277178034407, -0.010414549057617892], [0.6032608544263826, 0.7707914361733383, 0.20483384348928604, -0.38020678175963807], [-0.4001555305132007, 0.5146882305859226, -0.7582688024019129, 0.6098271413503018], [0.0, 0.0, 0.0, 1.0]]"
2.658333333333333,-180.04489301218166,32.976050859984014,-7.737298055945682,3.437746693945311,-2.6755413384712585,-44.972192137033375,-31.253986000399962,-179.59731071587072,-32.143416649213606,8.041035714562502,3.437746693945311,2.822269169768765,-45.18572775615007,30.43380322448649,"[[-0.49432120828614434, -0.0, -0.8692793239451438, 0.3], [0.0, 1.0, -0.0, 0.22], [0.8692793239451438, 0.0, -0.49432120828614434, 0.13104166666666672], [0.0, 0.0, 0.0, 1.0]]","[[-0.6868120106723893, -0.3738689106994759, 0.6233067459995418, -0.015950951618244183], [-0.6162051269528827, 0.7542996599348694, -0.22654638496149582, 0.39199145224111454], [-0.38546141637410586, -0.5396795907152019, -0.7484420056706736, 0.6063437927154036], [0.0, 0.0, 0.0, 1.0]]","[[-0.49432120828614434, -0.0, -0.8692793239451438, 0.3], [0.0, 1.0, -0.0, -0.22], [0.8692793239451438, 0.0, -0.49432120828614434, 0.13104166666666672], [0.0, 0.0, 0.0, 1.0]]","[[-0.6885187928840708, 0.37135066181873994, 0.6229290150669224, -0.013617426105509575], [0.6033772272754622, 0.7698610230926111, 0.2079661672680761, -0.38199038906384875], [-0.4023403950025866, 0.5190497963486567, -0.7541283149833193, 0.6092340710666755], [0.0, 0.0, 0.0, 1.0]]"
2.6666666666666665,-180.38887499916183,33.0617629038785,-7.739813273107539,3.437746693945311,-2.6755413384712585,-44.972192137033375,-31.253986000399962,-180.19705596651121,-32.20939627659593,7.999747221029776,3.437746693945311,2.822269169768765,-45.18572775615007,30.43380322448649,"[[-0.4999999999999998, -0.0, -0.8660254037844388, 0.3], [0.0, 1.0, -0.0, 0.22], [0.8660254037844388, 0.0, -0.4999999999999998, 0.13333333333333341], [0.0, 0.0, 0.0, 1.0]]","[[-0.6856455913640209, -0.36978032874263256, 0.627018844627554, -0.018953174499975606], [-0.6161215271761769, 0.7535219243860438, -0.2293446603251287, 0.39351959554983834], [-0.3876653025396748, -0.543568963374974, -0.7444786063160436, 0.6057713173050531], [0.0, 0.0, 0.0, 1.0]]","[[-0.4999999999999998, -0.0, -0.8660254037844388, 0.3], [0.0, 1.0, -0.0, -0.22], [0.8660254037844388, 0.0, -0.4999999999999998, 0.13333333333333341], [0.0, 0.0, 0.0, 1.0]]","[[-0.6865301385700615, 0.36353390348514447, 0.6296979195231839, -0.019065251622757518], [0.6022280731160082, 0.7695803364936877, 0.21229096455865176, -0.3838286677513193], [-0.40742817377539364, 0.5249659100352293, -0.7472704172620053, 0.6085356410550509], [0.0, 0.0, 0.0, 1.0]]"
2.675,-180.7167377397008,33.13092539941405,-7.736755909680312,3.437746693945311,-2.6755413384712585,-44.972192137033375,-31.253986000399962,-180.5449721424533,-32.30358117015582,8.00731763195109,3.437746693945311,2.822269169768765,-45.18572775615007,30.43380322448649,"[[-0.5056573733779843, -0.0, -0.862734385977792, 0.3], [0.0, 1.0, -0.0, 0.22], [0.862734385977792, 0.0, -0.5056573733779843, 0.135625], [0.0, 0.0, 0.0, 1.0]]","[[-0.6845560003691, -0.36575659247417336, 0.6305594321079832, -0.02183075229106344], [-0.6159005108176675, 0.7529166532170091, -0.2319117808198503, 0.394853185248381], [-0.3899354345698748, -0.5471184774527172, -0.7406832848772973, 0.6052467265577031], [0.0, 0.0, 0.0, 1.0]]","[[-0.5056573733779843, -0.0, -0.862734385977792, 0.3], [0.0, 1.0, -0.0, -0.22], [0.862734385977792, 0.0, -0.5056573733779843, 0.135625], [0.0, 0.0, 0.0, 1.0]]","[[-0.6851807700569814, 0.35954259823122514, 0.633448050278207, -0.02211098478370046], [0.6023043386279991, 0.7687203159450837, 0.21517100065570893, -0.38545877477023893], [-0.40958124470489443, 0.5289595409012209, -0.743266444873949, 0.6079376913433844], [0.0, 0.0, 0.0, 1.0]]"
2.683333333333333,-180.7167377397008,33.13092539941405,-7.736755909680312,3.437746693945311,-2.6755413384712585,-44.972192137033375,-31.253986000399962,-180.87329933585582,-32.37731647734069,8.007511438568788,3.437746693945311,2.822269169768765,-45.18572775615007,30.43380322448649,"[[-0.5112930860770519, -0.0, -0.8594064115014527, 0.3], [0.0, 1.0, -0.0, 0.22], [0.8594064115014527, 0.0, -0.5112930860770519, 0.1379166666666667], [0.0, 0.0, 0.0, 1.0]]","[[-0.6835203690278204, -0.3617893263603172, 0.6339624503516119, -0.024610179770023548], [-0.6155813574269271, 0.7524375562836716, -0.23430176329314742, 0.396041186435539], [-0.3922492798113131, -0.5504054934551473, -0.7370171607648643, 0.6047562631595141], [0.0, 0.0, 0.0, 1.0]]","[[-0.5112930860770519, -0.0, -0.8594064115014527, 0.3], [0.0, 1.0, -0.0, -0.22], [0.8594064115014527, 0.0, -0.5112930860770519, 0.1379166666666667], [0.0, 0.0, 0.0, 1.0]]","[[-0.6839364236591374, 0.3556217598589246, 0.6369961791935573, -0.02500620658562467], [0.6021955900023365, 0.7680727135393444, 0.217772307922854, -0.38684764071144373], [-0.41181481247532503, 0.5325387034114515, -0.7394667603041825, 0.6073999820020842], [0.0, 0.0, 0.0, 1.0]]"
2.6916666666666664,-181.0320329321669,33.187745743119386,-7.7297455742709404,3.437746693945311,-2.6755413384712585,-44.972192137033375,-31.253986000399962,-181.18685966027277,-32.436240519310395,8.002551013684066,3.437746693945311,2.822269169768765,-45.18572775615007,30.43380322448649,"[[-0.5169068966820273, -0.0, -0.8560416229147715, 0.3], [0.0, 0.9999999999999999, -0.0, 0.22], [0.8560416229147715, 0.0, -0.5169068966820273, 0.1402083333333335], [0.0, 0.0, 0.0, 1.0]]","[[-0.682524387551853, -0.35787319627974973, 0.6372497436496023, -0.027308359341157246], [-0.61518952329607, 0.7520543146985694, -0.23655054041371182, 0.39711585815529166], [-0.39459132127268354, -0.5534808787372701, -0.7334552515651498, 0.6042909378229264], [0.0, 0.0, 0.0, 1.0]]","[[-0.5169068966820273, -0.0, -0.8560416229147715, 0.3], [0.0, 0.9999999999999999, -0.0, -0.22], [0.8560416229147715, 0.0, -0.5169068966820273, 0.1402083333333335], [0.0, 0.0, 0.0, 1.0]]","[[-0.6827649487375547, 0.35176035456866844, 0.6403879119167767, -0.027786980218606934], [0.6019572471668673, 0.7675766953159513, 0.22016695799127298, -0.3880612740013214], [-0.41410082994204644, 0.535808426362976, -0.7358191577281337, 0.6069043831553296], [0.0, 0.0, 0.0, 1.0]]"
2.7,-181.337041859743,33.23500723708129,-7.71980338016034,3.437746693945311,-2.6755413384712585,-44.972192137033375,-31.253986000399962,-181.48875402158734,-32.48408599444633,7.993896310232014,3.437746693945311,2.822269169768765,-45.18572775615007,30.43380322448649,"[[-0.5224985647159488, -0.0, -0.8526401643540922, 0.3], [0.0, 1.0, -0.0, 0.22], [0.8526401643540922, 0.0, -0.5224985647159488, 0.14250000000000018], [0.0, 0.0, 0.0, 1.0]]","[[-0.6815591084368949, -0.3540048597770037, 0.6404355868945518, -0.029936173472074175], [-0.6147416522419393, 0.7517469009295111, -0.23868242068012985, 0.39809874149270025], [-0.3969507308288468, -0.5563786086804021, -0.7299814799687075, 0.6038448970569952], [0.0, 0.0, 0.0, 1.0]]","[[-0.5224985647159488, -0.0, -0.8526401643540922, 0.3], [0.0, 1.0, -0.0, -0.22], [0.8526401643540922, 0.0, -0.5224985647159488, 0.14250000000000018], [0.0, 0.0, 0.0, 1.0]]","[[-0.6816458009262513, 0.3479519731607923, 0.6436524112074163, -0.030476250876848313], [0.60162587170446, 0.7671919698411097, 0.22240231992307685, -0.3891431586927038], [-0.41641963519442526, 0.5388375504591614, -0.7322900939106801, 0.606438911178495], [0.0, 0.0, 0.0, 1.0]]"
2.7083333333333335,-181.63323984328977,33.27457793803776,-7.707570511356848,3.437746693945311,-2.6755413384712585,-44.972192137033375,-31.253986000399962,-181.7809904954155,-32.52332201613347,7.982469403750582,3.437746693945311,2.822269169768765,-45.18572775615007,30.43380322448649,"[[-0.5280678506503679, -0.0, -0.8492021815265789, 0.3], [0.0, 0.9999999999999999, -0.0, 0.22], [0.8492021815265789, 0.0, -0.5280678506503679, 0.14479166666666676], [0.0, 0.0, 0.0, 1.0]]","[[-0.6815591084368949, -0.3540048597770037, 0.6404355868945518, -0.029936173472074175], [-0.6147416522419393, 0.7517469009295111, -0.23868242068012985, 0.39809874149270025], [-0.3969507308288468, -0.5563786086804021, -0.7299814799687075, 0.6038448970569952], [0.0, 0.0, 0.0, 1.0]]","[[-0.5280678506503679, -0.0, -0.8492021815265789, 0.3], [0.0, 0.9999999999999999, -0.0, -0.22], [0.8492021815265789, 0.0, -0.5280678506503679, 0.14479166666666676], [0.0, 0.0, 0.0, 1.0]]","[[-0.680566062014899, 0.34419237360282173, 0.6468086619605435, -0.033088810132415235], [0.6012251514809323, 0.7668921602012857, 0.22450998162339336, -0.39012196843926183], [-0.4187578685353426, 0.5416715098428768, -0.7288578894162259, 0.605995756665306], [0.0, 0.0, 0.0, 1.0]]"
2.716666666666667,-181.9216104300477,33.30771118570149,-7.693446533926908,3.437746693945311,-2.6755413384712585,-44.972192137033375,-31.253986000399962,-182.06482583656455,-32.55558782977261,7.968854275413808,3.437746693945311,2.822269169768765,-45.18572775615007,30.43380322448649,"[[-0.5336145159156114, -0.0, -0.8457278217039732, 0.3], [0.0, 1.0, -0.0, 0.22], [0.8457278217039732, 0.0, -0.5336145159156114, 0.14708333333333345], [0.0, 0.0, 0.0, 1.0]]","[[-0.6806188419796881, -0.3501819660490221, 0.6435297837678301, -0.032500950483542845], [-0.6142485460340058, 0.7515021568070792, -0.2407140045976104, 0.3990042629951147], [-0.39932031708559296, -0.5591217210664866, -0.7265852912042134, 0.6034143991460099], [0.0, 0.0, 0.0, 1.0]]","[[-0.5336145159156114, -0.0, -0.8457278217039732, 0.3], [0.0, 1.0, -0.0, -0.22], [0.8457278217039732, 0.0, -0.5336145159156114, 0.14708333333333345], [0.0, 0.0, 0.0, 1.0]]","[[-0.6795177836820092, 0.3404794900006747, 0.6498686779256027, -0.035633834146886555], [0.600770584337317, 0.7666599966826366, 0.22651082641140602, -0.3910165748743742], [-0.42110602780640516, 0.544340120122943, -0.7255091639460187, 0.605569968970195], [0.0, 0.0, 0.0, 1.0]]"
2.725,-182.4362378632515,33.3026534306211,-7.625367477148452,3.437746693945311,-2.6755413384712585,-44.972192137033375,-31.253986000399962,-182.06482583656455,-32.55558782977261,7.968854275413808,3.437746693945311,2.822269169768765,-45.18572775615007,30.43380322448649,"[[-0.5391383229110004, -0.0, -0.8422172337162865, 0.3], [0.0, 1.0000000000000002, -0.0, 0.22], [0.8422172337162865, 0.0, -0.5391383229110004, 0.14937500000000015], [0.0, 0.0, 0.0, 1.0]]","[[-0.6791433343420568, -0.3425752675475684, 0.6491583146532633, -0.037201473570528304], [-0.6124854929893533, 0.7518844175337962, -0.24399045790246157, 0.3999974663964612], [-0.40450692490530016, -0.5633045435060647, -0.7204596719935696, 0.6028142411967667], [0.0, 0.0, 0.0, 1.0]]","[[-0.5391383229110004, -0.0, -0.8422172337162865, 0.3], [0.0, 1.0000000000000002, -0.0, -0.22], [0.8422172337162865, 0.0, -0.5391383229110004, 0.14937500000000015], [0.0, 0.0, 0.0, 1.0]]","[[-0.6795177836820092, 0.3404794900006747, 0.6498686779256027, -0.035633834146886555], [0.600770584337317, 0.7666599966826366, 0.22651082641140602, -0.3910165748743742], [-0.42110602780640516, 0.544340120122943, -0.7255091639460187, 0.605569968970195], [0.0, 0.0, 0.0, 1.0]]"
2.7333333333333334,-182.71907599678173,33.34245294291476,-7.618541556846671,3.437746693945311,-2.6755413384712585,-44.972192137033375,-31.253986000399962,-182.34113430924825,-32.581996756198464,7.9534180478895795,3.437746693945311,2.822269169768765,-45.18572775615007,30.43380322448649,"[[-0.5446390350150272, -0.0, -0.838670567945424, 0.3], [0.0, 1.0, -0.0, 0.22], [0.838670567945424, 0.0, -0.5446390350150272, 0.15166666666666673], [0.0, 0.0, 0.0, 1.0]]","[[-0.6781454838356422, -0.3389069617154764, 0.6521202144191726, -0.039691506314571974], [-0.612134569224192, 0.7515147415045154, -0.2460017529655321, 0.400963235023972], [-0.40670624769486385, -0.5660103043250947, -0.7170929950039799, 0.6023340502476656], [0.0, 0.0, 0.0, 1.0]]","[[-0.5446390350150272, -0.0, -0.838670567945424, 0.3], [0.0, 1.0, -0.0, -0.22], [0.838670567945424, 0.0, -0.5446390350150272, 0.15166666666666673], [0.0, 0.0, 0.0, 1.0]]","[[-0.6784957721064498, 0.33681145588592454, 0.6528411218801068, -0.03811781831815849], [0.6002722861996331, 0.7664840081584613, 0.2284194555155177, -0.3918398206980287], [-0.4234579904244792, 0.5468640675902411, -0.7222347415655924, 0.6051583300655325], [0.0, 0.0, 0.0, 1.0]]"
2.7416666666666667,-182.9900569219128,33.36977028450023,-7.60639918804968,3.437746693945311,-2.6755413384712585,-44.972192137033375,-31.253986000399962,-182.6104350078435,-32.60331036150349,7.936393801383322,3.437746693945311,2.822269169768765,-45.18572775615007,30.43380322448649,"[[-0.5501164165954935, -0.0, -0.8350879763187431, 0.3], [0.0, 1.0, -0.0, 0.22], [0.8350879763187431, 0.0, -0.5501164165954935, 0.15395833333333342], [0.0, 0.0, 0.0, 1.0]]","[[-0.6772053877985458, -0.3352791340077451, 0.6549662319811898, -0.04209591697258736], [-0.6116688691991998, 0.7512857936117237, -0.24785247783666517, 0.4017835759727805], [-0.4089670612521175, -0.5684694878498044, -0.71385459597497, 0.6018963929433576], [0.0, 0.0, 0.0, 1.0]]","[[-0.5501164165954935, -0.0, -0.8350879763187431, 0.3], [0.0, 1.0, -0.0, -0.22], [0.8350879763187431, 0.0, -0.5501164165954935, 0.15395833333333342], [0.0, 0.0, 0.0, 1.0]]","[[-0.677496997483067, 0.33318797370990455, 0.6557313417677373, -0.0405445653378112], [0.5997370841376608, 0.7663565574876751, 0.23024564427084496, -0.3926003155033969], [-0.4258089340437629, 0.5492571355665105, -0.719029450521873, 0.6047589156107913], [0.0, 0.0, 0.0, 1.0]]"
2.75,-182.9900569219128,33.36977028450023,-7.60639918804968,3.437746693945311,-2.6755413384712585,-44.972192137033375,-31.253986000399962,-183.0976187409622,-32.58460247336683,7.865717565172969,3.437746693945311,2.822269169768765,-45.18572775615007,30.43380322448649,"[[-0.555570233019602, -0.0, -0.8314696123025455, 0.3], [0.0, 1.0, -0.0, 0.22], [0.8314696123025455, 0.0, -0.555570233019602, 0.1562500000000001], [0.0, 0.0, 0.0, 1.0]]","[[-0.6772053877985458, -0.3352791340077451, 0.6549662319811898, -0.04209591697258736], [-0.6116688691991998, 0.7512857936117237, -0.24785247783666517, 0.4017835759727805], [-0.4089670612521175, -0.5684694878498044, -0.71385459597497, 0.6018963929433576], [0.0, 0.0, 0.0, 1.0]]","[[-0.555570233019602, -0.0, -0.8314696123025455, 0.3], [0.0, 1.0, -0.0, -0.22], [0.8314696123025455, 0.0, -0.555570233019602, 0.1562500000000001], [0.0, 0.0, 0.0, 1.0]]","[[-0.6758567896145151, 0.32591398150011275, 0.6610579979054072, -0.045049691719269834], [0.5979433014346045, 0.7668467065255367, 0.23325937700427693, -0.3934208843672988], [-0.4309076562344268, 0.5529251353969015, -0.7131566352806875, 0.6041779341102216], [0.0, 0.0, 0.0, 1.0]]"
2.7583333333333333,-183.25132531804414,33.3879078518412,-7.590321776517117,3.437746693945311,-2.6755413384712585,-44.972192137033375,-31.253986000399962,-183.35948819374048,-32.61266089047724,7.855342507823719,3.437746693945311,2.822269169768765,-45.18572775615007,30.43380322448649,"[[-0.5610002506640097, -0.0, -0.8278156308955023, 0.3], [0.0, 1.0, -0.0, 0.22], [0.8278156308955023, 0.0, -0.5610002506640097, 0.1585416666666667], [0.0, 0.0, 0.0, 1.0]]","[[-0.6763084203039771, -0.3316922871972732, 0.6577135753804848, -0.04442833412153875], [-0.6111210782276085, 0.7511594843592715, -0.2495805617491847, 0.40249559778246585], [-0.41126384277233047, -0.5707360648066278, -0.7107196324551481, 0.6014894858659243], [0.0, 0.0, 0.0, 1.0]]","[[-0.5610002506640097, -0.0, -0.8278156308955023, 0.3], [0.0, 1.0, -0.0, -0.22], [0.8278156308955023, 0.0, -0.5610002506640097, 0.1585416666666667], [0.0, 0.0, 0.0, 1.0]]","[[-0.6748204319939267, 0.3224655525915574, 0.663802193394502, -0.047385626343320914], [0.5975491209457865, 0.7666032315604007, 0.23506282866091088, -0.39423845672265406], [-0.43307324163523203, 0.5552796167274399, -0.7100085313759122, 0.6037367916914946], [0.0, 0.0, 0.0, 1.0]]"
2.7666666666666666,-183.72316844628696,33.359706000758216,-7.514189926707215,3.437746693945311,-2.6755413384712585,-44.972192137033375,-31.253986000399962,-183.6108937967103,-32.62955194829468,7.8401291152211625,3.437746693945311,2.822269169768765,-45.18572775615007,30.43380322448649,"[[-0.5664062369248325, -0.0, -0.8241261886220158, 0.3], [0.0, 0.9999999999999999, -0.0, 0.22], [0.8241261886220158, 0.0, -0.5664062369248325, 0.16083333333333338], [0.0, 0.0, 0.0, 1.0]]","[[-0.6749036383405866, -0.324385460405205, 0.6627813757434209, -0.048767391819082115], [-0.6092245505595032, 0.7517440494013363, -0.2524407478701737, 0.40319642854598536], [-0.4163538470462473, -0.5741558649594938, -0.7049783803652461, 0.6009167151497218], [0.0, 0.0, 0.0, 1.0]]","[[-0.5664062369248325, -0.0, -0.8241261886220158, 0.3], [0.0, 0.9999999999999999, -0.0, -0.22], [0.8241261886220158, 0.0, -0.5664062369248325, 0.16083333333333338], [0.0, 0.0, 0.0, 1.0]]","[[-0.6748204319939267, 0.3224655525915574, 0.663802193394502, -0.047385626343320914], [0.5975491209457865, 0.7666032315604007, 0.23506282866091088, -0.39423845672265406], [-0.43307324163523203, 0.5552796167274399, -0.7100085313759122, 0.6037367916914946], [0.0, 0.0, 0.0, 1.0]]"
2.775,-183.96992952062118,33.37456166220299,-7.5089007989686865,3.437746693945311,-2.6755413384712585,-44.972192137033375,-31.253986000399962,-183.6108937967103,-32.62955194829468,7.8401291152211625,3.437746693945311,2.822269169768765,-45.18572775615007,30.43380322448649,"[[-0.571787960227612, -0.0, -0.8204014435255137, 0.3], [0.0, 0.9999999999999999, -0.0, 0.22], [0.8204014435255137, 0.0, -0.571787960227612, 0.16312500000000008], [0.0, 0.0, 0.0, 1.0]]","[[-0.6739440830655636, -0.3211241840069916, 0.6653409887770032, -0.050968483134972216], [-0.6088100311996345, 0.7515758941668762, -0.2539370418390364, 0.40384371380324496], [-0.41850892321623984, -0.5762056349543141, -0.7020237513327303, 0.6005146956540504], [0.0, 0.0, 0.0, 1.0]]","[[-0.571787960227612, -0.0, -0.8204014435255137, 0.3], [0.0, 0.9999999999999999, -0.0, -0.22], [0.8204014435255137, 0.0, -0.571787960227612, 0.16312500000000008], [0.0, 0.0, 0.0, 1.0]]","[[-0.6738364836974569, 0.3190514594477945, 0.6664462164814795, -0.049646913034288545], [0.597046536272795, 0.7664835393694283, 0.23672434898077546, -0.39492561084117095], [-0.43529280577894314, 0.5574129080851522, -0.7069731417367626, 0.6033334729281147], [0.0, 0.0, 0.0, 1.0]]"
2.783333333333333,-184.20711466973904,33.37888517194761,-7.495498260269829,3.437746693945311,-2.6755413384712585,-44.972192137033375,-31.253986000399962,-184.0865208497533,-32.63556251476429,7.806432376950904,3.437746693945311,2.822269169768765,-45.18572775615007,30.43380322448649,"[[-0.5771451900372336, -0.0, -0.816641555161679, 0.3], [0.0, 1.0, -0.0, 0.22], [0.816641555161679, 0.0, -0.5771451900372336, 0.16541666666666677], [0.0, 0.0, 0.0, 1.0]]","[[-0.6730561423869952, -0.3178408385610978, 0.6678118227000146, -0.053104009484217375], [-0.6082577349081406, 0.7515477636684746, -0.25533994370120217, 0.4043719267060621], [-0.4207350200774302, -0.5780598241252312, -0.6991629871587537, 0.6001500024010452], [0.0, 0.0, 0.0, 1.0]]","[[-0.5771451900372336, -0.0, -0.816641555161679, 0.3], [0.0, 1.0, -0.0, -0.22], [0.816641555161679, 0.0, -0.5771451900372336, 0.16541666666666677], [0.0, 0.0, 0.0, 1.0]]","[[-0.6728932767743139, 0.3156745741880126, 0.6690023925840205, -0.051843326225668826], [0.5964662127788072, 0.7664542026534722, 0.2382771752563336, -0.39551547171045065], [-0.4375416495434849, 0.5593724326833132, -0.7040310976574251, 0.6029577589955668], [0.0, 0.0, 0.0, 1.0]]"
2.7916666666666665,-184.43598064844784,33.37534371886296,-7.477065287247258,3.437746693945311,-2.6755413384712585,-44.972192137033375,-31.253986000399962,-184.31325580944105,-32.6291148161878,7.786623120810575,3.437746693945311,2.822269169768765,-45.18572775615007,30.43380322448649,"[[-0.5824776968678019, -0.0, -0.8128466845916152, 0.3], [0.0, 0.9999999999999999, -0.0, 0.22], [0.8128466845916152, 0.0, -0.5824776968678019, 0.16770833333333335], [0.0, 0.0, 0.0, 1.0]]","[[-0.6722153731283328, -0.31457173338067196, 0.6702022953465736, -0.055180170982022096], [-0.6076166596710217, 0.7516180335262884, -0.25665604720774693, 0.4048084683919637], [-0.42299939364042377, -0.5797542205417352, -0.6963882227205448, 0.5998137924738695], [0.0, 0.0, 0.0, 1.0]]","[[-0.5824776968678019, -0.0, -0.8128466845916152, 0.3], [0.0, 0.9999999999999999, -0.0, -0.22], [0.8128466845916152, 0.0, -0.5824776968678019, 0.16770833333333335], [0.0, 0.0, 0.0, 1.0]]","[[-0.6710141298330641, 0.30924546549337406, 0.6738748249016002, -0.05605676073127492], [0.5952130407140045, 0.7666141310245083, 0.24088215018453918, -0.3963725991258637], [-0.4421102506483703, 0.5627344099886948, -0.6984758478904698, 0.6023018605012809], [0.0, 0.0, 0.0, 1.0]]"
2.8,-184.6678109292564,33.39815996578538,-7.490790552384398,3.437746693945311,-2.6755413384712585,-44.972192137033375,-31.253986000399962,-184.5337479762274,-32.61904370225661,7.7639571380498875,3.437746693945311,2.822269169768765,-45.18572775615007,30.43380322448649,"[[-0.587785252292473, -0.0, -0.8090169943749473, 0.3], [0.0, 0.9999999999999999, -0.0, 0.22], [0.8090169943749473, 0.0, -0.587785252292473, 0.17000000000000004], [0.0, 0.0, 0.0, 1.0]]","[[-0.671166220939305, -0.311786612977951, 0.6725511220998664, -0.057220882767629294], [-0.6074988911891634, 0.7512627882879199, -0.25797154908593567, 0.40549827225289115], [-0.4248305557207358, -0.5817158506535623, -0.6936322282192584, 0.5993864999386088], [0.0, 0.0, 0.0, 1.0]]","[[-0.587785252292473, -0.0, -0.8090169943749473, 0.3], [0.0, 0.9999999999999999, -0.0, -0.22], [0.8090169943749473, 0.0, -0.587785252292473, 0.17000000000000004], [0.0, 0.0, 0.0, 1.0]]","[[-0.6701305319774653, 0.3060524964671815, 0.6762077635740406, -0.058088208320680686], [0.5945096398626477, 0.7667679189703327, 0.24212650938773853, -0.396732591484331], [-0.4443909970082479, 0.5642684005365812, -0.6957857528966114, 0.6019918078921932], [0.0, 0.0, 0.0, 1.0]]"
2.808333333333333,-184.87820807644948,33.368718435368045,-7.454517125249753,3.437746693945311,-2.6755413384712585,-44.972192137033375,-31.253986000399962,-184.7482432369225,-32.60586485225308,7.7389552305930565,3.437746693945311,2.822269169768765,-45.18572775615007,30.43380322448649,"[[-0.5930676289532371, -0.0, -0.8051526485628583, 0.3], [0.0, 1.0, -0.0, 0.22], [0.8051526485628583, 0.0, -0.5930676289532371, 0.17229166666666673], [0.0, 0.0, 0.0, 1.0]]","[[-0.6704635973724651, -0.30844175535396345, 0.6747905216824986, -0.05918666110141327], [-0.6065319510348678, 0.7516693371981296, -0.2590602244459029, 0.40564897120008797], [-0.4273143538101777, -0.5829724616740404, -0.6910467075078932, 0.5991438770742602], [0.0, 0.0, 0.0, 1.0]]","[[-0.5930676289532371, -0.0, -0.8051526485628583, 0.3], [0.0, 1.0, -0.0, -0.22], [0.8051526485628583, 0.0, -0.5930676289532371, 0.17229166666666673], [0.0, 0.0, 0.0, 1.0]]","[[-0.6692751438159499, 0.30289144474443946, 0.678474431773789, -0.06007093054526587], [0.5937717580006991, 0.76695961623561, 0.24332703603275313, -0.39705201487917174], [-0.44666081232955596, 0.5657116931479778, -0.6931553930863912, 0.6016926757033334], [0.0, 0.0, 0.0, 1.0]]"
2.8166666666666664,-185.08314107230655,33.35592207595803,-7.4583872811882115,3.437746693945311,-2.6755413384712585,-44.972192137033375,-31.253986000399962,-184.95894091243903,-32.59991917258058,7.741214315661038,3.437746693945311,2.822269169768765,-45.18572775615007,30.43380322448649,"[[-0.5983246005706591, -0.0, -0.8012538126910607, 0.3], [0.0, 1.0, -0.0, 0.22], [0.8012538126910607, 0.0, -0.5983246005706591, 0.17458333333333342], [0.0, 0.0, 0.0, 1.0]]","[[-0.6695080930676222, -0.30580954903246127, 0.676933846869485, -0.06106420989816089], [-0.6061310593387201, 0.7517048517258526, -0.25989412228200814, 0.4059289664613051], [-0.4293763526579888, -0.5843118479137465, -0.6886331477395969, 0.5988592227594502], [0.0, 0.0, 0.0, 1.0]]","[[-0.5983246005706591, -0.0, -0.8012538126910607, 0.3], [0.0, 1.0, -0.0, -0.22], [0.8012538126910607, 0.0, -0.5983246005706591, 0.17458333333333342], [0.0, 0.0, 0.0, 1.0]]","[[-0.6682432452629061, 0.30021076834055704, 0.6806794103929339, -0.0620012732806492], [0.5933970119014391, 0.766940448494368, 0.24429968221367196, -0.3974177356675712], [-0.4486991769849183, 0.5671647406491611, -0.6906469470991867, 0.6013768943148087], [0.0, 0.0, 0.0, 1.0]]"
2.825,-185.28183127526222,33.31543954474736,-7.418345297179012,3.437746693945311,-2.6755413384712585,-44.972192137033375,-31.253986000399962,-185.1600216816042,-32.57945592582722,7.725656852279042,3.437746693945311,2.822269169768765,-45.18572775615007,30.43380322448649,"[[-0.6035559419535715, -0.0, -0.7973206537727071, 0.3], [0.0, 1.0, -0.0, 0.22], [0.7973206537727071, 0.0, -0.6035559419535715, 0.17687500000000012], [0.0, 0.0, 0.0, 1.0]]","[[-0.668690844730748, -0.30296540416729767, 0.6790173179316008, -0.06290163863504812], [-0.6054455123198521, 0.7519705649636514, -0.2607220762421142, 0.4060682402031743], [-0.4316112669811001, -0.5854504533314437, -0.6862648766394626, 0.5986210904100273], [0.0, 0.0, 0.0, 1.0]]","[[-0.6035559419535715, -0.0, -0.7973206537727071, 0.3], [0.0, 1.0, -0.0, -0.22], [0.7973206537727071, 0.0, -0.6035559419535715, 0.17687500000000012], [0.0, 0.0, 0.0, 1.0]]","[[-0.6673458617923423, 0.2973563769542376, 0.6828094066672525, -0.06387692548435116], [0.5927437906130693, 0.7671468936181679, 0.2452354833657755, -0.39763000046087915], [-0.45089278042377884, 0.568387920963003, -0.688208450881758, 0.6011108138803519], [0.0, 0.0, 0.0, 1.0]]"
2.8333333333333335,-185.47449725136994,33.28553356146646,-7.397548224929969,3.437746693945311,-2.6755413384712585,-44.972192137033375,-31.253986000399962,-185.3544908276528,-32.54471075351937,7.68923913739818,3.437746693945311,2.822269169768765,-45.18572775615007,30.43380322448649,"[[-0.6087614290087208, -0.0, -0.7933533402912352, 0.3], [0.0, 1.0, -0.0, 0.22], [0.7933533402912352, 0.0, -0.6087614290087208, 0.1791666666666668], [0.0, 0.0, 0.0, 1.0]]","[[-0.6680618198997776, -0.2996607434284122, 0.6810997310527501, -0.06475559031459448], [-0.6043171240661735, 0.752555675756766, -0.26165008780175525, 0.4060508697740027], [-0.4341592085313707, -0.5863986645058195, -0.6838438329861616, 0.5984293594482688], [0.0, 0.0, 0.0, 1.0]]","[[-0.6087614290087208, -0.0, -0.7933533402912352, 0.3], [0.0, 1.0, -0.0, -0.22], [0.7933533402912352, 0.0, -0.6087614290087208, 0.1791666666666668], [0.0, 0.0, 0.0, 1.0]]","[[-0.6665890160505599, 0.29424298974616486, 0.684894259478049, -0.06572548568056368], [0.5917738577616505, 0.7675909942351125, 0.24618644730985054, -0.39769984064490393], [-0.4532800292872396, 0.56940769976739, -0.6857930347378642, 0.6008885277529107], [0.0, 0.0, 0.0, 1.0]]"
2.841666666666667,-185.66418526499953,33.24787531347759,-7.355033712441225,3.437746693945311,-2.6755413384712585,-44.972192137033375,-31.253986000399962,-185.54177461469456,-32.52022111025028,7.671321843657943,3.437746693945311,2.822269169768765,-45.18572775615007,30.43380322448649,"[[-0.6139408387503666, -0.0, -0.78935204219315, 0.3], [0.0, 1.0, -0.0, 0.22], [0.78935204219315, 0.0, -0.6139408387503666, 0.1814583333333335], [0.0, 0.0, 0.0, 1.0]]","[[-0.6674335090128649, -0.29646827398760406, 0.6831098546834067, -0.0665528335886588], [-0.6032718320783723, 0.7530634157783087, -0.2625996733377833, 0.4060864366146949], [-0.43657256861554905, -0.587368754987118, -0.6814707169037455, 0.5982198982475262], [0.0, 0.0, 0.0, 1.0]]","[[-0.6139408387503666, -0.0, -0.78935204219315, 0.3], [0.0, 1.0, -0.0, -0.22], [0.78935204219315, 0.0, -0.6139408387503666, 0.1814583333333335], [0.0, 0.0, 0.0, 1.0]]","[[-0.6657466229397799, 0.2915198676582732, 0.6868752439888786, -0.06748431521187581], [0.5910943124603774, 0.7678442906100902, 0.24702764856283052, -0.39784714889148626], [-0.4553997670413023, 0.5704658728951193, -0.6835054791592656, 0.6006450383665258], [0.0, 0.0, 0.0, 1.0]]"
2.85,-185.84705674983746,33.20766940492831,-7.321999502520458,3.437746693945311,-2.6755413384712585,-44.972192137033375,-31.253986000399962,-185.72552036374626,-32.47871405066412,7.638250921470388,3.437746693945311,2.822269169768765,-45.18572775615007,30.43380322448649,"[[-0.6190939493098342, -0.0, -0.7853169308807448, 0.3], [0.0, 1.0, -0.0, 0.22], [0.7853169308807448, 0.0, -0.6190939493098342, 0.18375000000000008], [0.0, 0.0, 0.0, 1.0]]","[[-0.6667475270781795, -0.29351028970089355, 0.6850543372425502, -0.06829507579831039], [-0.6023300128931766, 0.7535450474821261, -0.2633788468789132, 0.4060754604381362], [-0.4389149014367568, -0.5882359826250497, -0.6792143535305362, 0.5980272844207793], [0.0, 0.0, 0.0, 1.0]]","[[-0.6190939493098342, -0.0, -0.7853169308807448, 0.3], [0.0, 1.0, -0.0, -0.22], [0.7853169308807448, 0.0, -0.6190939493098342, 0.18375000000000008], [0.0, 0.0, 0.0, 1.0]]","[[-0.6649796742749808, 0.2885879890354043, 0.6888533990521073, -0.0692513532435424], [0.5901382040566564, 0.7683301408049142, 0.2478017248597857, -0.39782515984510286], [-0.45775422763085927, 0.5713018180569726, -0.6812307243297776, 0.6004511182721697], [0.0, 0.0, 0.0, 1.0]]"
2.8583333333333334,-186.0253246871748,33.16938277953581,-7.286610584883329,3.437746693945311,-2.6755413384712585,-44.972192137033375,-31.253986000399962,-185.90474452756737,-32.440762104540944,7.603300843487433,3.437746693945311,2.822269169768765,-45.18572775615007,30.43380322448649,"[[-0.6242205399450178, -0.0, -0.7812481792047584, 0.3], [0.0, 1.0, -0.0, 0.22], [0.7812481792047584, 0.0, -0.6242205399450178, 0.18604166666666677], [0.0, 0.0, 0.0, 1.0]]","[[-0.6660946473174145, -0.2905750950243654, 0.6869381594923013, -0.06999123659116645], [-0.6013831788238947, 0.7540187971081547, -0.2641854004960137, 0.40607805316092394], [-0.44119858685489544, -0.5890855351807178, -0.6769948590632655, 0.597830250574217], [0.0, 0.0, 0.0, 1.0]]","[[-0.6242205399450178, -0.0, -0.7812481792047584, 0.3], [0.0, 1.0, -0.0, -0.22], [0.7812481792047584, 0.0, -0.6242205399450178, 0.18604166666666677], [0.0, 0.0, 0.0, 1.0]]","[[-0.6642474567824316, 0.28568532636248645, 0.6907671173841672, -0.07096880194250815], [0.5891936026285597, 0.7687908013758794, 0.24861939252884613, -0.39783350322533495], [-0.4600284934432335, 0.5721403656630016, -0.6789913012692844, 0.6002478016366407], [0.0, 0.0, 0.0, 1.0]]"
2.8666666666666667,-186.184304170296,33.14630015523575,-7.27958146645374,3.437746693945311,-2.6755413384712585,-44.972192137033375,-31.253986000399962,-186.07891435140272,-32.40374930942864,7.567839355090373,3.437746693945311,2.822269169768765,-45.18572775615007,30.43380322448649,"[[-0.6293203910498372, -0.0, -0.777145961456971, 0.3], [0.0, 0.9999999999999999, -0.0, 0.22], [0.777145961456971, 0.0, -0.6293203910498372, 0.18833333333333346], [0.0, 0.0, 0.0, 1.0]]","[[-0.6653511887584784, -0.2883504208270024, 0.6885940970024144, -0.07147732620498042], [-0.6008858014877752, 0.7542077510783303, -0.2647771171830411, 0.4061752190931857], [-0.44299441214091406, -0.5899361855508257, -0.6750786974787961, 0.5976208802982362], [0.0, 0.0, 0.0, 1.0]]","[[-0.6293203910498372, -0.0, -0.777145961456971, 0.3], [0.0, 0.9999999999999999, -0.0, -0.22], [0.777145961456971, 0.0, -0.6293203910498372, 0.18833333333333346], [0.0, 0.0, 0.0, 1.0]]","[[-0.6635366600961844, 0.28283873759249734, 0.6926191949588774, -0.07263808058020774], [0.5882591881862808, 0.7692438577068751, 0.24942937857169767, -0.3978427823691588], [-0.46224477089829685, 0.5729451421360755, -0.6768039863061192, 0.6000450249107626], [0.0, 0.0, 0.0, 1.0]]"
2.875,-186.35496327689793,33.09170986829442,-7.242110194893404,3.437746693945311,-2.6755413384712585,-44.972192137033375,-31.253986000399962,-186.246213004933,-32.361227966750725,7.5396810464633495,3.437746693945311,2.822269169768765,-45.18572775615007,30.43380322448649,"[[-0.6343932841636454, -0.0, -0.7730104533627371, 0.3], [0.0, 1.0, -0.0, 0.22], [0.7730104533627371, 0.0, -0.6343932841636454, 0.19062500000000004], [0.0, 0.0, 0.0, 1.0]]","[[-0.664687542750393, -0.2854680775269688, 0.6904335212209076, -0.07314531260002514], [-0.5998279986322419, 0.7548442256079241, -0.2653612012393923, 0.40599840297670053], [-0.4454176046916916, -0.5905236420156526, -0.6729672990950496, 0.5974800138291888], [0.0, 0.0, 0.0, 1.0]]","[[-0.6343932841636454, -0.0, -0.7730104533627371, 0.3], [0.0, 1.0, -0.0, -0.22], [0.7730104533627371, 0.0, -0.6343932841636454, 0.19062500000000004], [0.0, 0.0, 0.0, 1.0]]","[[-0.6627833949279376, 0.2801922209255969, 0.6944137748781912, -0.07425872960344555], [0.5873829943501923, 0.7697105471456456, 0.250053777337902, -0.3977759830321081], [-0.4644344833838242, 0.5736183338645415, -0.6747315152699389, 0.5998686446303658], [0.0, 0.0, 0.0, 1.0]]"
2.8833333333333333,-186.51965279816528,33.04198609113673,-7.202676951493982,3.437746693945311,-2.6755413384712585,-44.972192137033375,-31.253986000399962,-186.39004312847513,-32.331352719321096,7.537199126473696,3.437746693945311,2.822269169768765,-45.18572775615007,30.43380322448649,"[[-0.6394390019805846, -0.0, -0.7688418320734596, 0.3], [0.0, 0.9999999999999999, -0.0, 0.22], [0.7688418320734596, 0.0, -0.6394390019805846, 0.19291666666666674], [0.0, 0.0, 0.0, 1.0]]","[[-0.6640688013809022, -0.28263586501537513, 0.6921918771840236, -0.0747480158195715], [-0.5987899848369567, 0.7554436738504118, -0.26599889040811775, 0.4058620608341753], [-0.44773114822568344, -0.5911191279652549, -0.6709061003315648, 0.5973286296186117], [0.0, 0.0, 0.0, 1.0]]","[[-0.6394390019805846, -0.0, -0.7688418320734596, 0.3], [0.0, 0.9999999999999999, -0.0, -0.22], [0.7688418320734596, 0.0, -0.6394390019805846, 0.19291666666666674], [0.0, 0.0, 0.0, 1.0]]","[[-0.6620764905505649, 0.27753652239903626, 0.6961524254032998, -0.07583664168735954], [0.5864708686697976, 0.7701926340894603, 0.25070944656321154, -0.3977099491749275], [-0.4665904423173932, 0.5742619481813052, -0.6726935216048027, 0.5996929789167145], [0.0, 0.0, 0.0, 1.0]]"
2.8916666666666666,-186.6574040533461,33.00395218274351,-7.190337360984707,3.437746693945311,-2.6755413384712585,-44.972192137033375,-31.253986000399962,-186.55377642325868,-32.279487677858604,7.4942133309322205,3.437746693945311,2.822269169768765,-45.18572775615007,30.43380322448649,"[[-0.6444573283588975, -0.0, -0.7646402761590004, 0.3], [0.0, 1.0, -0.0, 0.22], [0.7646402761590004, 0.0, -0.6444573283588975, 0.19520833333333343], [0.0, 0.0, 0.0, 1.0]]","[[-0.6634017595402715, -0.2805945895259255, 0.6936604225178553, -0.07608062653800862], [-0.5981777988310175, 0.7558042790311286, -0.26635167126172643, 0.4057685806887886], [-0.4495346776663072, -0.5916304320494455, -0.6692473425038279, 0.5971925779785373], [0.0, 0.0, 0.0, 1.0]]","[[-0.6444573283588975, -0.0, -0.7646402761590004, 0.3], [0.0, 1.0, -0.0, -0.22], [0.7646402761590004, 0.0, -0.6444573283588975, 0.19520833333333343], [0.0, 0.0, 0.0, 1.0]]","[[-0.6613196212624706, 0.2754218475902799, 0.6977099428868843, -0.0772476606556669], [0.5858229256330418, 0.7705623919702371, 0.25108783300640103, -0.39761417751412187], [-0.46847396761827237, 0.5747837906126646, -0.6709364617554561, 0.5995444311739888], [0.0, 0.0, 0.0, 1.0]]"
2.9,-186.8156322156586,32.942781008536876,-7.150742754366143,3.437746693945311,-2.6755413384712585,-44.972192137033375,-31.253986000399962,-186.6972650373423,-32.22672105142567,7.476719508920525,3.437746693945311,2.822269169768765,-45.18572775615007,30.43380322448649,"[[-0.6494480483301835, -0.0, -0.7604059656000309, 0.3], [0.0, 0.9999999999999999, -0.0, 0.22], [0.7604059656000309, 0.0, -0.6494480483301835, 0.1975], [0.0, 0.0, 0.0, 1.0]]","[[-0.6626773097723064, -0.2785214787044323, 0.6951867152163047, -0.07746772723203602], [-0.5974226397565618, 0.7563657837550808, -0.2664526049241481, 0.4054631382252179], [-0.4516026711825787, -0.5918923779411756, -0.6676214798191418, 0.5971194150235416], [0.0, 0.0, 0.0, 1.0]]","[[-0.6494480483301835, -0.0, -0.7604059656000309, 0.3], [0.0, 0.9999999999999999, -0.0, -0.22], [0.7604059656000309, 0.0, -0.6494480483301835, 0.1975], [0.0, 0.0, 0.0, 1.0]]","[[-0.6605584530788675, 0.27324674458859943, 0.6992844533076552, -0.07867909640888926], [0.5850408707419958, 0.7710730911190524, 0.2513433263756112, -0.3973857981630652], [-0.4705206792772247, 0.5751369443218218, -0.6691993616618719, 0.5994335122842571], [0.0, 0.0, 0.0, 1.0]]"
2.908333333333333,-186.9529599991109,32.88360424956789,-7.127845825834145,3.437746693945311,-2.6755413384712585,-44.972192137033375,-31.253986000399962,-186.82789923540795,-32.178902897046406,7.458792823670181,3.437746693945311,2.822269169768765,-45.18572775615007,30.43380322448649,"[[-0.6544109481086102, -0.0, -0.7561390817803227, 0.3], [0.0, 1.0, -0.0, 0.22], [0.7561390817803227, 0.0, -0.6544109481086102, 0.1997916666666667], [0.0, 0.0, 0.0, 1.0]]","[[-0.6621035248865348, -0.2756216039419871, 0.6968871169517142, -0.0790376386489862], [-0.5962149493953414, 0.7571211533739202, -0.2670117848171789, 0.40520158800905937], [-0.45403376135518425, -0.5922839610813307, -0.6656223050615659, 0.5970036061034716], [0.0, 0.0, 0.0, 1.0]]","[[-0.6544109481086102, -0.0, -0.7561390817803227, 0.3], [0.0, 1.0, -0.0, -0.22], [0.7561390817803227, 0.0, -0.6544109481086102, 0.1997916666666667], [0.0, 0.0, 0.0, 1.0]]","[[-0.6599102920847096, 0.27055838334554927, 0.7009397745898828, -0.08020015125204744], [0.5839601813916094, 0.7717093615767773, 0.2519030920886862, -0.397186637043524], [-0.4727672925972687, 0.5755543609913883, -0.6672542728181236, 0.5992974679365426], [0.0, 0.0, 0.0, 1.0]]"
2.9166666666666665,-187.1002325379947,32.821794452673856,-7.089005101345221,3.437746693945311,-2.6755413384712585,-44.972192137033375,-31.253986000399962,-186.97982996330572,-32.11575438307506,7.418879759481565,3.437746693945311,2.822269169768765,-45.18572775615007,30.43380322448649,"[[-0.6593458151000688, -0.0, -0.7518398074789774, 0.3], [0.0, 1.0, -0.0, 0.22], [0.7518398074789774, 0.0, -0.6593458151000688, 0.2020833333333334], [0.0, 0.0, 0.0, 1.0]]","[[-0.6614937206950751, -0.2730209102728184, 0.698488110159928, -0.08051662010241802], [-0.5951390203399791, 0.7578294467907389, -0.26740246080695024, 0.40490781085471833], [-0.4563283948537017, -0.5925825783219114, -0.6637848174819907, 0.5969068676898411], [0.0, 0.0, 0.0, 1.0]]","[[-0.6593458151000688, -0.0, -0.7518398074789774, 0.3], [0.0, 1.0, -0.0, -0.22], [0.7518398074789774, 0.0, -0.6593458151000688, 0.2020833333333334], [0.0, 0.0, 0.0, 1.0]]","[[-0.6591832534064166, 0.26858843963289547, 0.70238001717311, -0.08151679039426832], [0.5831910705637996, 0.7722537512764192, 0.2520165051224776, -0.3968851073443152], [-0.47472688321094814, 0.5757468139165556, -0.6656951198722685, 0.5992189554323072], [0.0, 0.0, 0.0, 1.0]]"
2.925,-187.22325790532497,32.76012467465781,-7.0669457247601954,3.437746693945311,-2.6755413384712585,-44.972192137033375,-31.253986000399962,-187.12359178495615,-32.05835347329027,7.376705048904029,3.437746693945311,2.822269169768765,-45.18572775615007,30.43380322448649,"[[-0.6642524379112815, -0.0, -0.747508326862597, 0.3], [0.0, 1.0, -0.0, 0.22], [0.747508326862597, 0.0, -0.6642524379112815, 0.20437500000000008], [0.0, 0.0, 0.0, 1.0]]","[[-0.660872679154895, -0.271007917932704, 0.6998585645431599, -0.08177879418641582], [-0.5942942086099934, 0.7584620667666909, -0.26748773222079103, 0.40455129742369933], [-0.4583248799260773, -0.5926972259879244, -0.66230529421632, 0.5968575552909196], [0.0, 0.0, 0.0, 1.0]]","[[-0.6642524379112815, -0.0, -0.747508326862597, 0.3], [0.0, 1.0, -0.0, -0.22], [0.747508326862597, 0.0, -0.6642524379112815, 0.20437500000000008], [0.0, 0.0, 0.0, 1.0]]","[[-0.658558680868856, 0.2660153850037039, 0.7039433775479413, -0.08296345881248955], [0.58209996377741, 0.7729224457738909, 0.25248866309053275, -0.3966324905661491], [-0.4769277681395898, 0.5760440154712466, -0.6638623322776734, 0.5991033444256406], [0.0, 0.0, 0.0, 1.0]]"
2.933333333333333,-187.36124138693756,32.69536765113692,-7.02782624317577,3.437746693945311,-2.6755413384712585,-44.972192137033375,-31.253986000399962,-187.26007262495133,-32.00333288443123,7.334168338300482,3.437746693945311,2.822269169768765,-45.18572775615007,30.43380322448649,"[[-0.669130606358858, -0.0, -0.7431448254773945, 0.3], [0.0, 1.0, -0.0, 0.22], [0.7431448254773945, 0.0, -0.669130606358858, 0.20666666666666667], [0.0, 0.0, 0.0, 1.0]]","[[-0.6597583384388845, -0.2660894858547477, 0.7027910929841944, -0.08451424337374192], [-0.5921264972343238, 0.7599224294012143, -0.26814942208769926, 0.4038899131518272], [-0.46271497288651997, -0.5930550453461405, -0.6589237945742394, 0.59670276668661], [0.0, 0.0, 0.0, 1.0]]","[[-0.669130606358858, -0.0, -0.7431448254773945, 0.3], [0.0, 1.0, -0.0, -0.22], [0.7431448254773945, 0.0, -0.669130606358858, 0.20666666666666667], [0.0, 0.0, 0.0, 1.0]]","[[-0.6579734504983993, 0.26353271979644805, 0.7054228831246667, -0.08433865921011167], [0.5810326000133901, 0.7735717317037548, 0.25295828436826095, -0.396390115266722], [-0.4790324166075927, 0.5763135270888069, -0.662110762889072, 0.598990819897292], [0.0, 0.0, 0.0, 1.0]]"
2.9416666666666664,-187.45787490331492,32.63626943934339,-7.012115100537449,3.437746693945311,-2.6755413384712585,-44.972192137033375,-31.253986000399962,-187.36830380253937,-31.942882295182034,7.3179355399643,3.437746693945311,2.822269169768765,-45.18572775615007,30.43380322448649,"[[-0.6739801114782978, -0.0, -0.7387494902412461, 0.3], [0.0, 0.9999999999999999, -0.0, 0.22], [0.7387494902412461, 0.0, -0.6739801114782978, 0.20895833333333347], [0.0, 0.0, 0.0, 1.0]]","[[-0.6597428915564617, -0.2669658636806336, 0.7024731629535554, -0.08420360590411174], [-0.5924995180463802, 0.7597859226236746, -0.26771192147100753, 0.40381930449407666], [-0.4622592758999285, -0.5928360476659167, -0.659440507121248, 0.5967708016060479], [0.0, 0.0, 0.0, 1.0]]","[[-0.6739801114782978, -0.0, -0.7387494902412461, 0.3], [0.0, 0.9999999999999999, -0.0, -0.22], [0.7387494902412461, 0.0, -0.6739801114782978, 0.20895833333333347], [0.0, 0.0, 0.0, 1.0]]","[[-0.6573303272679194, 0.26183622055834693, 0.706653121734823, -0.08547331215066423], [0.5802722555302215, 0.7741536550273924, 0.25292336362937773, -0.39601017139763384], [-0.48083359940390935, 0.5763053982147398, -0.6608109696977125, 0.598954434616403], [0.0, 0.0, 0.0, 1.0]]"
2.95,-187.5933312149346,32.569873170421694,-6.96154651435679,3.437746693945311,-2.6755413384712585,-44.972192137033375,-31.253986000399962,-187.4651012434568,-31.883876290942293,7.298204830999426,3.437746693945311,2.822269169768765,-45.18572775615007,30.43380322448649,"[[-0.6788007455329419, -0.0, -0.7343225094356854, 0.3], [0.0, 1.0, -0.0, 0.22], [0.7343225094356854, 0.0, -0.6788007455329419, 0.21125000000000016], [0.0, 0.0, 0.0, 1.0]]","[[-0.6592296407810323, -0.26433587895283184, 0.7039480263584414, -0.08559084460280646], [-0.5912817443407333, 0.7605922310758111, -0.2681144472729875, 0.40346586417078384], [-0.46454513184952306, -0.5929806077144123, -0.6577019228720222, 0.596694054968199], [0.0, 0.0, 0.0, 1.0]]","[[-0.6788007455329419, -0.0, -0.7343225094356854, 0.3], [0.0, 1.0, -0.0, -0.22], [0.7343225094356854, 0.0, -0.6788007455329419, 0.21125000000000016], [0.0, 0.0, 0.0, 1.0]]","[[-0.6567722949001913, 0.26023487944888524, 0.7077626439490576, -0.08650122922248706], [0.5794998699892502, 0.774743813597494, 0.2528871763748688, -0.3956240174313333], [-0.4825246660368552, 0.5762376513302788, -0.6596363512234491, 0.5989331100121644], [0.0, 0.0, 0.0, 1.0]]"
2.9583333333333335,-187.6811811080393,32.500379410711396,-6.947986454420199,3.437746693945311,-2.6755413384712585,-44.972192137033375,-31.253986000399962,-187.5970878189781,-31.813583399099105,7.2571588091822345,3.437746693945311,2.822269169768765,-45.18572775615007,30.43380322448649,"[[-0.6835923020228715, -0.0, -0.7298640726978355, 0.3], [0.0, 1.0, -0.0, 0.22], [0.7298640726978355, 0.0, -0.6835923020228715, 0.21354166666666674], [0.0, 0.0, 0.0, 1.0]]","[[-0.6586743520054466, -0.26292452258671994, 0.7049955981655137, -0.08656065193657894], [-0.5905409926006228, 0.7612680455493188, -0.26782886118525673, 0.40294910352606467], [-0.46627184567425506, -0.5927408019092879, -0.6566954451520566, 0.5967301406125574], [0.0, 0.0, 0.0, 1.0]]","[[-0.6835923020228715, -0.0, -0.7298640726978355, 0.3], [0.0, 1.0, -0.0, -0.22], [0.7298640726978355, 0.0, -0.6835923020228715, 0.21354166666666674], [0.0, 0.0, 0.0, 1.0]]","[[-0.6561335182423153, 0.2578309329038647, 0.7092334004239257, -0.08787704212374531], [0.5783543133496036, 0.7755220650902769, 0.25312410945625263, -0.39521487472479133], [-0.4847629260461965, 0.5762714087962679, -0.6579636532021315, 0.5988663183572334], [0.0, 0.0, 0.0, 1.0]]"
2.966666666666667,-187.80990285313737,32.43009676415197,-6.896835594612797,3.437746693945311,-2.6755413384712585,-44.972192137033375,-31.253986000399962,-187.69869371307124,-31.742542601541803,7.2300233213834195,3.437746693945311,2.822269169768765,-45.18572775615007,30.43380322448649,"[[-0.6883545756937541, -0.0, -0.7253743710122875, 0.3], [0.0, 1.0, -0.0, 0.22], [0.7253743710122875, 0.0, -0.6883545756937541, 0.21583333333333343], [0.0, 0.0, 0.0, 1.0]]","[[-0.6581853981266718, -0.26113504684148436, 0.7061164698574383, -0.0876117343639446], [-0.5895813108394453, 0.7620415525320697, -0.2677434408596301, 0.4024419682441378], [-0.46817289498824705, -0.5925378971218707, -0.6555249658653096, 0.5967490086341564], [0.0, 0.0, 0.0, 1.0]]","[[-0.6883545756937541, -0.0, -0.7253743710122875, 0.3], [0.0, 1.0, -0.0, -0.22], [0.7253743710122875, 0.0, -0.6883545756937541, 0.21583333333333343], [0.0, 0.0, 0.0, 1.0]]","[[-0.6555528877951693, 0.2560467444494787, 0.7104157064425288, -0.08898085757133282], [0.5774089535783647, 0.7762529244274861, 0.2530420867075544, -0.39472169871962703], [-0.4866716671750594, 0.5760828603374684, -0.6567185290476043, 0.5988638878193495], [0.0, 0.0, 0.0, 1.0]]"
2.975,-187.9049244448706,32.35291562653082,-6.8715054111889815,3.437746693945311,-2.6755413384712585,-44.972192137033375,-31.253986000399962,-187.8178668537096,-31.672990785223565,7.18988571472584,3.437746693945311,2.822269169768765,-45.18572775615007,30.43380322448649,"[[-0.6930873625456356, -0.0, -0.7208535967029189, 0.3], [0.0, 0.9999999999999999, -0.0, 0.22], [0.7208535967029189, 0.0, -0.6930873625456356, 0.21812500000000012], [0.0, 0.0, 0.0, 1.0]]","[[-0.6576292151262617, -0.25868112469027404, 0.7075364945650449, -0.08895473309825577], [-0.5883662601028388, 0.7629117418292732, -0.2679380864147968, 0.4019727376032775], [-0.47047737393525696, -0.5924945146649032, -0.6539122958830068, 0.5967093216545909], [0.0, 0.0, 0.0, 1.0]]","[[-0.6930873625456356, -0.0, -0.7208535967029189, 0.3], [0.0, 0.9999999999999999, -0.0, -0.22], [0.7208535967029189, 0.0, -0.6930873625456356, 0.21812500000000012], [0.0, 0.0, 0.0, 1.0]]","[[-0.654964665749422, 0.2538273393235816, 0.7117534463784911, -0.09024035785956401], [0.5762982844828133, 0.7770220135386231, 0.2532135023622369, -0.3942930419683688], [-0.4887755864626575, 0.5760281870605772, -0.6552022235842839, 0.5988146464006978], [0.0, 0.0, 0.0, 1.0]]"
2.9833333333333334,-188.02019071730373,32.282745678092695,-6.822463799174644,3.437746693945311,-2.6755413384712585,-44.972192137033375,-31.253986000399962,-187.88578625481622,-31.607260459745945,7.169355873628074,3.437746693945311,2.822269169768765,-45.18572775615007,30.43380322448649,"[[-0.69779045984168, -0.0, -0.7163019434246544, 0.3], [0.0, 1.0, -0.0, 0.22], [0.7163019434246544, 0.0, -0.69779045984168, 0.22041666666666682], [0.0, 0.0, 0.0, 1.0]]","[[-0.6571658051854826, -0.25634593044894327, 0.7088158212379165, -0.09017377092890036], [-0.5871728837942667, 0.7637476209260293, -0.2681745253870232, 0.40153815324702324], [-0.47261094891214817, -0.5924325577414666, -0.6524281994949813, 0.5966732855278073], [0.0, 0.0, 0.0, 1.0]]","[[-0.69779045984168, -0.0, -0.7163019434246544, 0.3], [0.0, 1.0, -0.0, -0.22], [0.7163019434246544, 0.0, -0.69779045984168, 0.22041666666666682], [0.0, 0.0, 0.0, 1.0]]","[[-0.6545287681275118, 0.2525930278198927, 0.7125930493558443, -0.09102676999180276], [0.5755151499636894, 0.7776868310108922, 0.25295356300022404, -0.3937772352413906], [-0.4902799239778783, 0.575673479647113, -0.6543895177760954, 0.5988627550019923], [0.0, 0.0, 0.0, 1.0]]"
2.9916666666666667,-188.07887570265248,32.20529816309392,-6.810730814841031,3.437746693945311,-2.6755413384712585,-44.972192137033375,-31.253986000399962,-188.001680904653,-31.532210341145845,7.127834726776744,3.437746693945311,2.822269169768765,-45.18572775615007,30.43380322448649,"[[-0.7024636661168517, -0.0, -0.7117196061551715, 0.3], [0.0, 1.0, -0.0, 0.22], [0.7117196061551715, 0.0, -0.7024636661168517, 0.2227083333333334], [0.0, 0.0, 0.0, 1.0]]","[[-0.6567032965179118, -0.2553535885376248, 0.7096022302413267, -0.09090552395392429], [-0.5864465699595696, 0.7644998769782718, -0.26761980248640604, 0.40087630918669864], [-0.4741531407943675, -0.5918906004669822, -0.6518008255239265, 0.5967854220456085], [0.0, 0.0, 0.0, 1.0]]","[[-0.7024636661168517, -0.0, -0.7117196061551715, 0.3], [0.0, 1.0, -0.0, -0.22], [0.7117196061551715, 0.0, -0.7024636661168517, 0.2227083333333334], [0.0, 0.0, 0.0, 1.0]]","[[-0.6539384690774999, 0.2503954242996872, 0.7139093851115531, -0.09227243301830616], [0.5743557898833853, 0.7785107330076306, 0.253054273268314, -0.3932866162308784], [-0.4924224865783534, 0.5755199128455085, -0.6529141786102441, 0.5988306698553618], [0.0, 0.0, 0.0, 1.0]]"
3.0,-188.19016680498865,32.12433993086176,-6.769224182141686,3.437746693945311,-2.6755413384712585,-44.972192137033375,-31.253986000399962,-188.06237396561772,-31.460086958605096,7.104731185022352,3.437746693945311,2.822269169768765,-45.18572775615007,30.43380322448649,"[[-0.7071067811865475, -0.0, -0.7071067811865477, 0.3], [0.0, 1.0, -0.0, 0.22], [0.7071067811865477, 0.0, -0.7071067811865475, 0.2250000000000001], [0.0, 0.0, 0.0, 1.0]]","[[-0.6561609537512252, -0.25319007957434525, 0.7108780390316044, -0.09211940551812065], [-0.585274491858788, 0.7653985834389172, -0.2676168485898007, 0.4003164711149775], [-0.4763471128827382, -0.5916585096783749, -0.6504103596756776, 0.5967874599754321], [0.0, 0.0, 0.0, 1.0]]","[[-0.7071067811865475, -0.0, -0.7071067811865477, 0.3], [0.0, 1.0, -0.0, -0.22], [0.7071067811865477, 0.0, -0.7071067811865475, 0.2250000000000001], [0.0, 0.0, 0.0, 1.0]]","[[-0.6535323827057415, 0.24921545721363664, 0.7146936970764151, -0.09301128310570582], [0.5735096827801165, 0.7792476382101252, 0.25270489132858576, -0.3926914804583259], [-0.49394541045788315, 0.5750345852466094, -0.6521910435277791, 0.598908159599701], [0.0, 0.0, 0.0, 1.0]]"
3.0083333333333333,-188.2427729219761,32.04322460427869,-6.747886244287743,3.437746693945311,-2.6755413384712585,-44.972192137033375,-31.253986000399962,-188.17214876595818,-31.382335500188255,7.062384439055096,3.437746693945311,2.822269169768765,-45.18572775615007,30.43380322448649,"[[-0.7117196061551714, -0.0, -0.7024636661168518, 0.3], [0.0, 1.0, -0.0, 0.22], [0.7024636661168518, 0.0, -0.7117196061551714, 0.22729166666666678], [0.0, 0.0, 0.0, 1.0]]","[[-0.6557790434447766, -0.25212785055045633, 0.71160761178859, -0.09280716993069948], [-0.5844227092365462, 0.7662328970630996, -0.2670903300138452, 0.3996116607557251], [-0.477916251143722, -0.5910318895246652, -0.6498287177846442, 0.5969170461323279], [0.0, 0.0, 0.0, 1.0]]","[[-0.7117196061551714, -0.0, -0.7024636661168518, 0.3], [0.0, 1.0, -0.0, -0.22], [0.7024636661168518, 0.0, -0.7117196061551714, 0.22729166666666678], [0.0, 0.0, 0.0, 1.0]]","[[-0.6529609949087674, 0.24708703615776312, 0.7159538642192842, -0.09421016857233538], [0.5723306544224613, 0.7800994886303376, 0.25274969801573055, -0.3921610097836833], [-0.4960640695879013, 0.5747980379241547, -0.6507900233273647, 0.5988912084047703], [0.0, 0.0, 0.0, 1.0]]"
3.0166666666666666,-188.3482993446528,31.96037099455185,-6.704416785975667,3.437746693945311,-2.6755413384712585,-44.972192137033375,-31.253986000399962,-188.22269216581626,-31.30670823060329,7.037397045750251,3.437746693945311,2.822269169768765,-45.18572775615007,30.43380322448649,"[[-0.7163019434246543, -0.0, -0.6977904598416801, 0.3], [0.0, 1.0, -0.0, 0.22], [0.6977904598416801, 0.0, -0.7163019434246543, 0.22958333333333336], [0.0, 0.0, 0.0, 1.0]]","[[-0.6552625779628818, -0.2500125162617952, 0.712828657977416, -0.09397594674408669], [-0.5832232666567319, 0.767158174691277, -0.2670560919256455, 0.3990219320327654], [-0.48008496659621513, -0.5907301217280136, -0.6485031596927784, 0.5969310997766789], [0.0, 0.0, 0.0, 1.0]]","[[-0.7163019434246543, -0.0, -0.6977904598416801, 0.3], [0.0, 1.0, -0.0, -0.22], [0.6977904598416801, 0.0, -0.7163019434246543, 0.22958333333333336], [0.0, 0.0, 0.0, 1.0]]","[[-0.6526062937523829, 0.24601169568213507, 0.7166472430299161, -0.09486737370594793], [0.571452709599878, 0.7808802277224804, 0.2523249306807497, -0.39150924647828755], [-0.49754077827424015, 0.5741988466896187, -0.6501914013693013, 0.5989962261647997], [0.0, 0.0, 0.0, 1.0]]"
3.025,-188.3912065930188,31.877110988569395,-6.67974870401452,3.437746693945311,-2.6755413384712585,-44.972192137033375,-31.253986000399962,-188.32566409774338,-31.226955526759635,6.994509861064918,3.437746693945311,2.822269169768765,-45.18572775615007,30.43380322448649,"[[-0.7208535967029187, -0.0, -0.6930873625456359, 0.3], [0.0, 0.9999999999999999, -0.0, 0.22], [0.6930873625456359, 0.0, -0.7208535967029187, 0.23187500000000005], [0.0, 0.0, 0.0, 1.0]]","[[-0.6549415667011289, -0.2490286197742586, 0.7134677923637467, -0.09458324356855655], [-0.5823322910119842, 0.7680314793175553, -0.26648968014169183, 0.39827663823535625], [-0.4816021667847896, -0.5900105027121256, -0.6480331470207217, 0.5970831857044078], [0.0, 0.0, 0.0, 1.0]]","[[-0.7208535967029187, -0.0, -0.6930873625456359, 0.3], [0.0, 0.9999999999999999, -0.0, -0.22], [0.6930873625456359, 0.0, -0.7208535967029187, 0.23187500000000005], [0.0, 0.0, 0.0, 1.0]]","[[-0.652059047028489, 0.24396637420093442, 0.7178435814629456, -0.09601141953742634], [0.5702624913427379, 0.7817527189722069, 0.25231602673460085, -0.39094421302130683], [-0.49961954541017795, 0.5738842171020315, -0.6488738053006269, 0.5989943270673554], [0.0, 0.0, 0.0, 1.0]]"
3.033333333333333,-188.49009407182226,31.792764982508906,-6.635361012145899,3.437746693945311,-2.6755413384712585,-44.972192137033375,-31.253986000399962,-188.36370825142035,-31.1392046713979,6.983409096116355,3.437746693945311,2.822269169768765,-45.18572775615007,30.43380322448649,"[[-0.7253743710122873, -0.0, -0.6883545756937542, 0.3], [0.0, 1.0, -0.0, 0.22], [0.6883545756937542, 0.0, -0.7253743710122873, 0.23416666666666675], [0.0, 0.0, 0.0, 1.0]]","[[-0.6545022594840307, -0.24795047963062222, 0.714246002425805, -0.09531806330653225], [-0.5814005344144572, 0.7689683971047049, -0.2658214115469346, 0.3974545437800032], [-0.483322057134663, -0.5892437219904558, -0.6474500947424074, 0.5972387427482466], [0.0, 0.0, 0.0, 1.0]]","[[-0.7253743710122873, -0.0, -0.6883545756937542, 0.3], [0.0, 1.0, -0.0, -0.22], [0.6883545756937542, 0.0, -0.7253743710122873, 0.23416666666666675], [0.0, 0.0, 0.0, 1.0]]","[[-0.6516347471759073, 0.24327692178162824, 0.7184625916507048, -0.09658905170943027], [0.569477169994044, 0.7825815507725372, 0.25151912302253665, -0.3901280134612518], [-0.5010667711279273, 0.5730466435805264, -0.6484979839232555, 0.5991610656663763], [0.0, 0.0, 0.0, 1.0]]"
3.0416666666666665,-188.54581475507123,31.703156315692926,-6.603567762219959,3.437746693945311,-2.6755413384712585,-44.972192137033375,-31.253986000399962,-188.41526251927561,-31.05423028793377,6.952519138708149,3.437746693945311,2.822269169768765,-45.18572775615007,30.43380322448649,"[[-0.7298640726978355, -0.0, -0.6835923020228716, 0.3], [0.0, 1.0, -0.0, 0.22], [0.6835923020228716, 0.0, -0.7298640726978355, 0.23645833333333344], [0.0, 0.0, 0.0, 1.0]]","[[-0.6536623030121309, -0.2438975608957231, 0.7164074074226157, -0.09741605605293044], [-0.5789092289095792, 0.7708635094747696, -0.2657697395181741, 0.3962442261299403], [-0.48743173707114423, -0.5884585198205212, -0.6450789658223617, 0.5972991391722892], [0.0, 0.0, 0.0, 1.0]]","[[-0.7298640726978355, -0.0, -0.6835923020228716, 0.3], [0.0, 1.0, -0.0, -0.22], [0.6835923020228716, 0.0, -0.7298640726978355, 0.23645833333333344], [0.0, 0.0, 0.0, 1.0]]","[[-0.6512748390305336, 0.2420969622473825, 0.7191871417901894, -0.09728171767065202], [0.5684625783126304, 0.7834703825661304, 0.25104672214517687, -0.38938644962264973], [-0.5026841763014918, 0.5723313904655856, -0.6478776106517499, 0.5992838468705961], [0.0, 0.0, 0.0, 1.0]]"
3.05,-188.57704237995654,31.612990988459586,-6.583289357461014,3.437746693945311,-2.6755413384712585,-44.972192137033375,-31.253986000399962,-188.51231950738148,-30.971322036693568,6.907704133129579,3.437746693945311,2.822269169768765,-45.18572775615007,30.43380322448649,"[[-0.7343225094356852, -0.0, -0.678800745532942, 0.3], [0.0, 0.9999999999999999, -0.0, 0.22], [0.678800745532942, 0.0, -0.7343225094356852, 0.23875000000000002], [0.0, 0.0, 0.0, 1.0]]","[[-0.6537625709323547, -0.24496826237383043, 0.7159504530883855, -0.09696114310242188], [-0.5792120848621561, 0.7708498214809321, -0.26514885153899853, 0.3960349915948984], [-0.48693722552044905, -0.5880315494532258, -0.6458413390687268, 0.597441850487161], [0.0, 0.0, 0.0, 1.0]]","[[-0.7343225094356852, -0.0, -0.678800745532942, 0.3], [0.0, 0.9999999999999999, -0.0, -0.22], [0.678800745532942, 0.0, -0.7343225094356852, 0.23875000000000002], [0.0, 0.0, 0.0, 1.0]]","[[-0.6507490806915726, 0.2401030824274165, 0.720330579517437, -0.09838278293609651], [0.5672342664995523, 0.7843784128543096, 0.2509896259945206, -0.3887777993515223], [-0.5047483738337234, 0.5719274562888268, -0.6466282269242538, 0.5992961367248728], [0.0, 0.0, 0.0, 1.0]]"
3.058333333333333,-188.66675008451548,31.525639699164294,-6.539134745797821,3.437746693945311,-2.6755413384712585,-44.972192137033375,-31.253986000399962,-188.54065113205868,-30.88940416288302,6.877542444641627,3.437746693945311,2.822269169768765,-45.18572775615007,30.43380322448649,"[[-0.7387494902412459, -0.0, -0.6739801114782981, 0.3], [0.0, 1.0, -0.0, 0.22], [0.6739801114782981, 0.0, -0.7387494902412459, 0.2410416666666667], [0.0, 0.0, 0.0, 1.0]]","[[-0.6532947388401924, -0.24305985736201222, 0.7170271193915078, -0.09800358321356703], [-0.5779937680541027, 0.7718198150500415, -0.2649856169431468, 0.3953655017747646], [-0.4890083724174314, -0.5875509159513568, -0.6447129073241646, 0.5974910579433217], [0.0, 0.0, 0.0, 1.0]]","[[-0.7387494902412459, -0.0, -0.6739801114782981, 0.3], [0.0, 1.0, -0.0, -0.22], [0.6739801114782981, 0.0, -0.7387494902412459, 0.2410416666666667], [0.0, 0.0, 0.0, 1.0]]","[[-0.6505221445572159, 0.23924112790011368, 0.7208221848429488, -0.09885728579935343], [0.5662804213939413, 0.7852463520920915, 0.2504289337755594, -0.38801614527879685], [-0.5061100905796891, 0.5710970576418204, -0.6462977076907163, 0.5994574673394716], [0.0, 0.0, 0.0, 1.0]]"
3.0666666666666664,-188.6842353687907,31.436143730469617,-6.5115382202300305,3.437746693945311,-2.6755413384712585,-44.972192137033375,-31.253986000399962,-188.627722383598,-30.805877779522934,6.833226042872468,3.437746693945311,2.822269169768765,-45.18572775615007,30.43380322448649,"[[-0.7431448254773944, -0.0, -0.669130606358858, 0.3], [0.0, 0.9999999999999999, -0.0, 0.22], [0.669130606358858, 0.0, -0.7431448254773944, 0.2433333333333335], [0.0, 0.0, 0.0, 1.0]]","[[-0.6530984187011106, -0.2423723173646547, 0.7174385794375683, -0.0984005716394648], [-0.5770595467364749, 0.7727729815710895, -0.26424268859142086, 0.39450182840950954], [-0.4903720373455272, -0.5865812635338905, -0.6445600718789377, 0.5977075473704724], [0.0, 0.0, 0.0, 1.0]]","[[-0.7431448254773944, -0.0, -0.669130606358858, 0.3], [0.0, 0.9999999999999999, -0.0, -0.22], [0.669130606358858, 0.0, -0.7431448254773944, 0.2433333333333335], [0.0, 0.0, 0.0, 1.0]]","[[-0.650039291175754, 0.237388831718045, 0.721869422058633, -0.0998706505948321], [0.5650657695516945, 0.786159483864316, 0.25030769467026676, -0.38737890093260274], [-0.5080842410552353, 0.5706135369106957, -0.6451748565199913, 0.5994890237621875], [0.0, 0.0, 0.0, 1.0]]"
3.075,-188.76642986526264,31.34777474298799,-6.466581488226184,3.437746693945311,-2.6755413384712585,-44.972192137033375,-31.253986000399962,-188.667132575109,-30.71268667848728,6.809999984599839,3.437746693945311,2.822269169768765,-45.18572775615007,30.43380322448649,"[[-0.7475083268625969, -0.0, -0.6642524379112816, 0.3], [0.0, 1.0, -0.0, 0.22], [0.6642524379112816, 0.0, -0.7475083268625969, 0.2456250000000001], [0.0, 0.0, 0.0, 1.0]]","[[-0.6523716587389065, -0.23885357493530376, 0.71927754630245, -0.10020214449084172], [-0.574594783156163, 0.774731510277311, -0.26387861253454936, 0.3931309066693403], [-0.49421862980261067, -0.5854400539116383, -0.6426568985329327, 0.5978527653993473], [0.0, 0.0, 0.0, 1.0]]","[[-0.7475083268625969, -0.0, -0.6642524379112816, 0.3], [0.0, 1.0, -0.0, -0.22], [0.6642524379112816, 0.0, -0.7475083268625969, 0.2456250000000001], [0.0, 0.0, 0.0, 1.0]]","[[-0.649657461653109, 0.2364953435599983, 0.7225061487578344, -0.10047746958590693], [0.5640945887014914, 0.7870864781306495, 0.24958399576412346, -0.38651871049296693], [-0.5096493672282294, 0.5697059139752099, -0.644742347039138, 0.5996558493925196], [0.0, 0.0, 0.0, 1.0]]"
3.0833333333333335,-188.77264533740734,31.257121057228996,-6.436792471934819,3.437746693945311,-2.6755413384712585,-44.972192137033375,-31.253986000399962,-188.73752450469516,-30.63246610668548,6.760250167345936,3.437746693945311,2.822269169768765,-45.18572775615007,30.43380322448649,"[[-0.7518398074789772, -0.0, -0.659345815100069, 0.3], [0.0, 1.0, -0.0, 0.22], [0.659345815100069, 0.0, -0.7518398074789772, 0.24791666666666679], [0.0, 0.0, 0.0, 1.0]]","[[-0.6525389919783605, -0.2399830269501009, 0.7187496161555376, -0.09967798841082734], [-0.5748798566723268, 0.7747351065179876, -0.2632463962164875, 0.3929068109414061], [-0.49366589343428474, -0.5849732143478281, -0.6435062735943603, 0.5980127146468928], [0.0, 0.0, 0.0, 1.0]]","[[-0.7518398074789772, -0.0, -0.659345815100069, 0.3], [0.0, 1.0, -0.0, -0.22], [0.659345815100069, 0.0, -0.7518398074789772, 0.24791666666666679], [0.0, 0.0, 0.0, 1.0]]","[[-0.649311724887969, 0.23477717649049473, 0.7233767768750681, -0.10133118563477453], [0.562861764971887, 0.7880015296513145, 0.2494799046013943, -0.3858835313478124], [-0.5114498190983578, 0.5691513565531929, -0.643805728366809, 0.5997094234251636], [0.0, 0.0, 0.0, 1.0]]"
3.091666666666667,-188.84798232395258,31.16760459796681,-6.391491669151533,3.437746693945311,-2.6755413384712585,-44.972192137033375,-31.253986000399962,-188.7300386173648,-30.540985968036917,6.744521522347866,3.437746693945311,2.822269169768765,-45.18572775615007,30.43380322448649,"[[-0.7561390817803226, -0.0, -0.6544109481086106, 0.3], [0.0, 1.0, -0.0, 0.22], [0.6544109481086106, 0.0, -0.7561390817803226, 0.2502083333333335], [0.0, 0.0, 0.0, 1.0]]","[[-0.6517800220067176, -0.23683132148167343, 0.7204815945450426, -0.10137151403713475], [-0.5724991970186653, 0.776717629426432, -0.26259168599018445, 0.39141291670290823], [-0.4974208201572451, -0.5836271492172278, -0.6418347749776927, 0.5982080386021804], [0.0, 0.0, 0.0, 1.0]]","[[-0.7561390817803226, -0.0, -0.6544109481086106, 0.3], [0.0, 1.0, -0.0, -0.22], [0.6544109481086106, 0.0, -0.7561390817803226, 0.2502083333333335], [0.0, 0.0, 0.0, 1.0]]","[[-0.6491591775817112, 0.23461656139398704, 0.7235657753660673, -0.10150696328461006], [0.562052982661891, 0.7889026965533426, 0.24845317476687045, -0.3849306118118447], [-0.512531761788778, 0.5679679607957886, -0.6439903637999291, 0.5999742445873237], [0.0, 0.0, 0.0, 1.0]]"
3.1,-188.84292798396677,31.066432420885995,-6.376870795459474,3.437746693945311,-2.6755413384712585,-44.972192137033375,-31.253986000399962,-188.7998568110607,-30.452528188096082,6.7035391066673204,3.437746693945311,2.822269169768765,-45.18572775615007,30.43380322448649,"[[-0.7604059656000309, -0.0, -0.6494480483301838, 0.3], [0.0, 1.0, -0.0, 0.22], [0.6494480483301838, 0.0, -0.7604059656000309, 0.25250000000000017], [0.0, 0.0, 0.0, 1.0]]","[[-0.6519290947846704, -0.2380734723030687, 0.7199371341713112, -0.10082531556837404], [-0.5728128661146119, 0.7767381237414587, -0.26184596147384553, 0.3911380154199049], [-0.49686404155141295, -0.5830942538836744, -0.6427497299112909, 0.5983882191196056], [0.0, 0.0, 0.0, 1.0]]","[[-0.7604059656000309, -0.0, -0.6494480483301838, 0.3], [0.0, 1.0, -0.0, -0.22], [0.6494480483301838, 0.0, -0.7604059656000309, 0.25250000000000017], [0.0, 0.0, 0.0, 1.0]]","[[-0.6487237957701093, 0.23304882844286673, 0.7244623388161935, -0.10237904071223576], [0.5608615280511411, 0.7898472815623221, 0.2481443494435232, -0.3842011272737243], [-0.5143848589857218, 0.5673001986338604, -0.6431008486048062, 0.6000504692686993], [0.0, 0.0, 0.0, 1.0]]"
3.1083333333333334,-188.8555638339313,30.969675961103597,-6.341759781144201,3.437746693945311,-2.6755413384712585,-44.972192137033375,-31.253986000399962,-188.78929733860383,-30.361621785337796,6.675868729679129,3.437746693945311,2.822269169768765,-45.18572775615007,30.43380322448649,"[[-0.7646402761590002, -0.0, -0.6444573283588975, 0.3], [0.0, 0.9999999999999999, -0.0, 0.22], [0.6444573283588975, 0.0, -0.7646402761590002, 0.25479166666666675], [0.0, 0.0, 0.0, 1.0]]","[[-0.6517796376622029, -0.237335336776811, 0.72031607079529, -0.10119875030502831], [-0.5717409395384667, 0.7777886242840908, -0.26106925132985903, 0.390193064228565], [-0.49829268706714824, -0.5819938091176738, -0.6426411161481203, 0.5986262249904039], [0.0, 0.0, 0.0, 1.0]]","[[-0.7646402761590002, -0.0, -0.6444573283588975, 0.3], [0.0, 0.9999999999999999, -0.0, -0.22], [0.6444573283588975, 0.0, -0.7646402761590002, 0.25479166666666675], [0.0, 0.0, 0.0, 1.0]]","[[-0.6486708468551361, 0.23273892128748744, 0.7246093616274752, -0.10252470946610019], [0.5599193789903777, 0.7907981270554816, 0.24724200953028225, -0.38325653740297866], [-0.515476887426847, 0.5661015074732438, -0.6432827230427152, 0.6003147627494643], [0.0, 0.0, 0.0, 1.0]]"
3.1166666666666667,-188.8730764389632,30.868500368928196,-6.314668689574991,3.437746693945311,-2.6755413384712585,-44.972192137033375,-31.253986000399962,-188.79760284863457,-30.263369514127163,6.653296662019529,3.437746693945311,2.822269169768765,-45.18572775615007,30.43380322448649,"[[-0.7688418320734596, -0.0, -0.6394390019805848, 0.3], [0.0, 1.0, -0.0, 0.22], [0.6394390019805848, 0.0, -0.7688418320734596, 0.25708333333333344], [0.0, 0.0, 0.0, 1.0]]","[[-0.6515310778008336, -0.23666125759610004, 0.7207625849145588, -0.10162896233659836], [-0.5707222545093572, 0.7788364275989517, -0.2601728795486947, 0.3892060497836003], [-0.4997833159154482, -0.5808659640553364, -0.6425039835943618, 0.5988660707857302], [0.0, 0.0, 0.0, 1.0]]","[[-0.7688418320734596, -0.0, -0.6394390019805848, 0.3], [0.0, 1.0, -0.0, -0.22], [0.6394390019805848, 0.0, -0.7688418320734596, 0.25708333333333344], [0.0, 0.0, 0.0, 1.0]]","[[-0.6484449705513005, 0.2322661839148279, 0.7249631300806728, -0.102862553235574], [0.5589555639413558, 0.7917774462964502, 0.24628672939334895, -0.38227281447788], [-0.5168053770092994, 0.5649255661995792, -0.6432505786615048, 0.6005564129739018], [0.0, 0.0, 0.0, 1.0]]"
3.125,-188.94334542514432,30.77596155095828,-6.268830436281389,3.437746693945311,-2.6755413384712585,-44.972192137033375,-31.253986000399962,-188.8113315288663,-30.163361884299835,6.630196962246546,3.437746693945311,2.822269169768765,-45.18572775615007,30.43380322448649,"[[-0.773010453362737, -0.0, -0.6343932841636455, 0.3], [0.0, 1.0, -0.0, 0.22], [0.6343932841636455, 0.0, -0.773010453362737, 0.25937500000000013], [0.0, 0.0, 0.0, 1.0]]","[[-0.6511358114374345, -0.23499674608923515, 0.7216638305964805, -0.10251463535676719], [-0.569465174768399, 0.779858837713063, -0.2598645954469895, 0.38844051371550825], [-0.50172858179469, -0.580169563634893, -0.641616480182661, 0.5989564828443543], [0.0, 0.0, 0.0, 1.0]]","[[-0.773010453362737, -0.0, -0.6343932841636455, 0.3], [0.0, 1.0, -0.0, -0.22], [0.6343932841636455, 0.0, -0.773010453362737, 0.25937500000000013], [0.0, 0.0, 0.0, 1.0]]","[[-0.6481830803248656, 0.23171571417950965, 0.7253733674342121, -0.1032546988419112], [0.5579633735466901, 0.792769649284462, 0.24534293744428015, -0.3812828928990711], [-0.5182041761323094, 0.5637589121031001, -0.6431487548486456, 0.6007887056377463], [0.0, 0.0, 0.0, 1.0]]"
3.1333333333333333,-188.92751304664822,30.681127789427237,-6.23461588429468,3.437746693945311,-2.6755413384712585,-44.972192137033375,-31.253986000399962,-188.87871817521764,-30.078230406484796,6.574986408751218,3.437746693945311,2.822269169768765,-45.18572775615007,30.43380322448649,"[[-0.7771459614569709, -0.0, -0.6293203910498374, 0.3], [0.0, 1.0, -0.0, 0.22], [0.6293203910498374, 0.0, -0.7771459614569709, 0.2616666666666667], [0.0, 0.0, 0.0, 1.0]]","[[-0.6511461232289951, -0.2346509594979026, 0.7217670354141732, -0.10262448268162958], [-0.5684516097945068, 0.7808997037358293, -0.2589564056503101, 0.3874504749701385], [-0.5028632950672423, -0.5789080928023099, -0.6418675303846643, 0.5992482632527633], [0.0, 0.0, 0.0, 1.0]]","[[-0.7771459614569709, -0.0, -0.6293203910498374, 0.3], [0.0, 1.0, -0.0, -0.22], [0.6293203910498374, 0.0, -0.7771459614569709, 0.2616666666666667], [0.0, 0.0, 0.0, 1.0]]","[[-0.6478580882926284, 0.22995872379537677, 0.726222337018232, -0.1040969332828939], [0.5566270392049575, 0.7937454726445967, 0.24522329392235315, -0.3805936839149372], [-0.5200444564263172, 0.5631048836643202, -0.6422356680640282, 0.6008509288554773], [0.0, 0.0, 0.0, 1.0]]"
3.1416666666666666,-188.926338254111,30.57910866888934,-6.208234705512329,3.437746693945311,-2.6755413384712585,-44.972192137033375,-31.253986000399962,-188.86004443802685,-29.983649361953045,6.550671362192795,3.437746693945311,2.822269169768765,-45.18572775615007,30.43380322448649,"[[-0.7812481792047583, -0.0, -0.624220539945018, 0.3], [0.0, 1.0, -0.0, 0.22], [0.624220539945018, 0.0, -0.7812481792047583, 0.2639583333333334], [0.0, 0.0, 0.0, 1.0]]","[[-0.6509937896830655, -0.23423717694803467, 0.7220388014016257, -0.10288730443937841], [-0.5674558986430523, 0.7819577339559194, -0.25794554735782926, 0.38641141843175697], [-0.5041833881528497, -0.5776461263108577, -0.6419688963406047, 0.5995272568410472], [0.0, 0.0, 0.0, 1.0]]","[[-0.7812481792047583, -0.0, -0.624220539945018, 0.3], [0.0, 1.0, -0.0, -0.22], [0.624220539945018, 0.0, -0.7812481792047583, 0.2639583333333334], [0.0, 0.0, 0.0, 1.0]]","[[-0.6478180909072586, 0.22981029119245053, 0.7263049987128797, -0.10417795299209998], [0.5557005419527881, 0.7947110720381851, 0.24419504428488398, -0.37958829727336013], [-0.5210840899189427, 0.5618020488054132, -0.6425339128726106, 0.6011381592284498], [0.0, 0.0, 0.0, 1.0]]"
3.15,-188.98606142821356,30.48522430365293,-6.163012876791321,3.437746693945311,-2.6755413384712585,-44.972192137033375,-31.253986000399962,-188.85576873960642,-29.88436573217774,6.5265975066894395,3.437746693945311,2.822269169768765,-45.18572775615007,30.43380322448649,"[[-0.7853169308807447, -0.0, -0.6190939493098342, 0.3], [0.0, 0.9999999999999999, -0.0, 0.22], [0.6190939493098342, 0.0, -0.7853169308807447, 0.2662500000000001], [0.0, 0.0, 0.0, 1.0]]","[[-0.6506424081821671, -0.23272598339076828, 0.7228437406035345, -0.10368210525534438], [-0.566206003610398, 0.7829902491959899, -0.2575597622679896, 0.38560723742388536], [-0.5060387516292127, -0.5768577695747897, -0.6412175103120208, 0.599639825655122], [0.0, 0.0, 0.0, 1.0]]","[[-0.7853169308807447, -0.0, -0.6190939493098342, 0.3], [0.0, 0.9999999999999999, -0.0, -0.22], [0.6190939493098342, 0.0, -0.7853169308807447, 0.2662500000000001], [0.0, 0.0, 0.0, 1.0]]","[[-0.6474639800001141, 0.22840412364882703, 0.7270639249079981, -0.10492469692697876], [0.5544808310492956, 0.7956787026127659, 0.24381634524237308, -0.3788097664427042], [-0.5228206218209973, 0.5610053105886582, -0.6418190078908763, 0.6012403548279794], [0.0, 0.0, 0.0, 1.0]]"
3.158333333333333,-188.9547108599232,30.37999499420513,-6.145403368450558,3.437746693945311,-2.6755413384712585,-44.972192137033375,-31.253986000399962,-188.9487685953453,-29.710701342340997,6.427002676420075,3.437746693945311,2.822269169768765,-45.18572775615007,30.43380322448649,"[[-0.7893520421931498, -0.0, -0.6139408387503666, 0.3], [0.0, 0.9999999999999999, -0.0, 0.22], [0.6139408387503666, 0.0, -0.7893520421931498, 0.2685416666666667], [0.0, 0.0, 0.0, 1.0]]","[[-0.6505938895130021, -0.2328493144242742, 0.7228476932940224, -0.10367889711679659], [-0.5653290721288089, 0.784051030632277, -0.256255773730943, 0.3844595175079226], [-0.5070804976868304, -0.5753652562821375, -0.6417352964650354, 0.5999944322615836], [0.0, 0.0, 0.0, 1.0]]","[[-0.7893520421931498, -0.0, -0.6139408387503666, 0.3], [0.0, 0.9999999999999999, -0.0, -0.22], [0.6139408387503666, 0.0, -0.7893520421931498, 0.2685416666666667], [0.0, 0.0, 0.0, 1.0]]","[[-0.6474071573867815, 0.22785674725707333, 0.7272862402753084, -0.10515040619841928], [0.5533828243041083, 0.7966913796262596, 0.24300266540599072, -0.37784558445082483], [-0.5240528812339227, 0.55978937856897, -0.6418757117322564, 0.6014868485930147], [0.0, 0.0, 0.0, 1.0]]"
3.1666666666666665,-189.00234459919488,30.28905785559558,-6.090798994244068,3.437746693945311,-2.6755413384712585,-44.972192137033375,-31.253986000399962,-188.878731835596,-29.7034340210641,6.445289654149138,3.437746693945311,2.822269169768765,-45.18572775615007,30.43380322448649,"[[-0.7933533402912349, -0.0, -0.6087614290087208, 0.3], [0.0, 1.0, -0.0, 0.22], [0.6087614290087208, 0.0, -0.7933533402912349, 0.27083333333333337], [0.0, 0.0, 0.0, 1.0]]","[[-0.6506112224863836, -0.23242990196120197, 0.7229670655355466, -0.10380754184278176], [-0.5642251222710725, 0.7851453644848947, -0.25533657792426656, 0.38342363379318983], [-0.5082863844064355, -0.5740410240585491, -0.6419671752705471, 0.600289689138601], [0.0, 0.0, 0.0, 1.0]]","[[-0.7933533402912349, -0.0, -0.6087614290087208, 0.3], [0.0, 1.0, -0.0, -0.22], [0.6087614290087208, 0.0, -0.7933533402912349, 0.27083333333333337], [0.0, 0.0, 0.0, 1.0]]","[[-0.6474669228445862, 0.22788419172016613, 0.7272244350860393, -0.10509380011943753], [0.5524520179509521, 0.7976714612574249, 0.2419028891050392, -0.3768000553494122], [-0.5249603334387116, 0.5583807259025786, -0.642360968036217, 0.6018048873676527], [0.0, 0.0, 0.0, 1.0]]"
3.175,-188.9904464096607,30.18646158407282,-6.06047551565015,3.437746693945311,-2.6755413384712585,-44.972192137033375,-31.253986000399962,-188.8615744004009,-29.603617636533535,6.420313786788517,3.437746693945311,2.822269169768765,-45.18572775615007,30.43380322448649,"[[-0.7973206537727071, -0.0, -0.6035559419535717, 0.3], [0.0, 1.0, -0.0, 0.22], [0.6035559419535717, 0.0, -0.7973206537727071, 0.27312500000000006], [0.0, 0.0, 0.0, 1.0]]","[[-0.6503159788889763, -0.23101764763251303, 0.7236849964480492, -0.10452160284722593], [-0.5629639222974632, 0.7861853755872747, -0.25491994312754795, 0.3825986258134195], [-0.5100595551434448, -0.5731870564615328, -0.6413235131443686, 0.6004172902801287], [0.0, 0.0, 0.0, 1.0]]","[[-0.7973206537727071, -0.0, -0.6035559419535717, 0.3], [0.0, 1.0, -0.0, -0.22], [0.6035559419535717, 0.0, -0.7973206537727071, 0.27312500000000006], [0.0, 0.0, 0.0, 1.0]]","[[-0.6474049184248791, 0.22770715352993895, 0.7273350835966655, -0.10520147257116852], [0.5514690470652489, 0.7986777121771869, 0.24082317621101376, -0.37574217167407437], [-0.5260691605941389, 0.5570128941978879, -0.6426413260669366, 0.6020958628914476], [0.0, 0.0, 0.0, 1.0]]"
3.183333333333333,-188.94580429324552,30.082051897325417,-6.039751867934686,3.437746693945311,-2.6755413384712585,-44.972192137033375,-31.253986000399962,-188.90969991329283,-29.51160474312971,6.37714741812086,3.437746693945311,2.822269169768765,-45.18572775615007,30.43380322448649,"[[-0.8012538126910604, -0.0, -0.5983246005706592, 0.3], [0.0, 1.0, -0.0, 0.22], [0.5983246005706592, 0.0, -0.8012538126910604, 0.27541666666666675], [0.0, 0.0, 0.0, 1.0]]","[[-0.6503720659032698, -0.23126563557265045, 0.723555375694142, -0.10439296580578465], [-0.5620676140855523, 0.7872553715039844, -0.25359214742238834, 0.38143059494059617], [-0.5109757069459249, -0.5716162924911271, -0.641995826364791, 0.6007936367791206], [0.0, 0.0, 0.0, 1.0]]","[[-0.8012538126910604, -0.0, -0.5983246005706592, 0.3], [0.0, 1.0, -0.0, -0.22], [0.5983246005706592, 0.0, -0.8012538126910604, 0.27541666666666675], [0.0, 0.0, 0.0, 1.0]]","[[-0.6470821115762837, 0.22640027515146038, 0.7280299830977572, -0.10588803218065984], [0.5502381331574986, 0.799658557957446, 0.2403834176992425, -0.3749266269209114], [-0.5277525345247795, 0.5561376682951449, -0.6420188129688338, 0.6022129927760597], [0.0, 0.0, 0.0, 1.0]]"
3.1916666666666664,-188.91807372521527,29.979974720179577,-6.003680358267379,3.437746693945311,-2.6755413384712585,-44.972192137033375,-31.253986000399962,-188.8614377966175,-29.41890200061971,6.340614443797754,3.437746693945311,2.822269169768765,-45.18572775615007,30.43380322448649,"[[-0.8051526485628582, -0.0, -0.5930676289532372, 0.3], [0.0, 1.0, -0.0, 0.22], [0.5930676289532372, 0.0, -0.8051526485628582, 0.27770833333333345], [0.0, 0.0, 0.0, 1.0]]","[[-0.650442012348889, -0.2310477978172083, 0.7235620938767773, -0.10441095407018058], [-0.5609818124244267, 0.788363697869571, -0.2525511552347791, 0.38033665085066615], [-0.5120786997137581, -0.570175056456554, -0.6423984824812652, 0.6011197810136482], [0.0, 0.0, 0.0, 1.0]]","[[-0.8051526485628582, -0.0, -0.5930676289532372, 0.3], [0.0, 1.0, -0.0, -0.22], [0.5930676289532372, 0.0, -0.8051526485628582, 0.27770833333333345], [0.0, 0.0, 0.0, 1.0]]","[[-0.6473167648279907, 0.2264381464370463, 0.7278095711178705, -0.10568899081220567], [0.5492100822819603, 0.8006708287086621, 0.23936271550687832, -0.37388198190391225], [-0.5285350428235258, 0.554663853061599, -0.6426497635683022, 0.6025503982341415], [0.0, 0.0, 0.0, 1.0]]"
3.2,-188.96010670936752,29.886192807780716,-5.955446416122395,3.437746693945311,-2.6755413384712585,-44.972192137033375,-31.253986000399962,-188.83230020961824,-29.319932559546228,6.312859970105407,3.437746693945311,2.822269169768765,-45.18572775615007,30.43380322448649,"[[-0.8090169943749473, -0.0, -0.5877852522924731, 0.3], [0.0, 0.9999999999999999, -0.0, 0.22], [0.5877852522924731, 0.0, -0.8090169943749473, 0.28000000000000014], [0.0, 0.0, 0.0, 1.0]]","[[-0.6500669724151305, -0.22878761518684795, 0.7246165596452658, -0.10547255490792312], [-0.5585254478363202, 0.7904436225673692, -0.2514919554614278, 0.3785945717792542], [-0.5152302936496109, -0.5682034025590569, -0.6416249978188557, 0.6014544581400005], [0.0, 0.0, 0.0, 1.0]]","[[-0.8090169943749473, -0.0, -0.5877852522924731, 0.3], [0.0, 0.9999999999999999, -0.0, -0.22], [0.5877852522924731, 0.0, -0.8090169943749473, 0.28000000000000014], [0.0, 0.0, 0.0, 1.0]]","[[-0.6473525949475787, 0.22637086561630854, 0.7277986321880244, -0.10568258591228413], [0.5482100693342762, 0.8016835476835296, 0.23826289944944914, -0.3728069352818834], [-0.5295284106590924, 0.5532266448515232, -0.6430707128544904, 0.6028607160584649], [0.0, 0.0, 0.0, 1.0]]"
3.2083333333333335,-188.90261017693436,29.783152573961907,-5.931349935617413,3.437746693945311,-2.6755413384712585,-44.972192137033375,-31.253986000399962,-188.8085038305499,-29.219515118368697,6.285762475233851,3.437746693945311,2.822269169768765,-45.18572775615007,30.43380322448649,"[[-0.8128466845916152, -0.0, -0.5824776968678023, 0.3], [0.0, 1.0, -0.0, 0.22], [0.5824776968678023, 0.0, -0.8128466845916152, 0.28229166666666683], [0.0, 0.0, 0.0, 1.0]]","[[-0.6503700339231699, -0.2300889201956596, 0.7239322535831445, -0.10479246059752757], [-0.5587932136985981, 0.7904835898545708, -0.25077048968134896, 0.3783128834229964], [-0.5145570554361951, -0.5676220423607826, -0.6426789663019994, 0.6016568805603972], [0.0, 0.0, 0.0, 1.0]]","[[-0.8128466845916152, -0.0, -0.5824776968678023, 0.3], [0.0, 1.0, -0.0, -0.22], [0.5824776968678023, 0.0, -0.8128466845916152, 0.28229166666666683], [0.0, 0.0, 0.0, 1.0]]","[[-0.6473463654622785, 0.2262455207662048, 0.7278431475640939, -0.1057286943617268], [0.5471972867194534, 0.8027004241442744, 0.23716483399836202, -0.37172765030232396], [-0.5305825218848117, 0.5518015888087231, -0.6434261372205222, 0.6031609620282583], [0.0, 0.0, 0.0, 1.0]]"
3.216666666666667,-188.86423817417722,29.676816773868563,-5.906373641369969,3.437746693945311,-2.6755413384712585,-44.972192137033375,-31.253986000399962,-188.8475042107107,-29.127044602290482,6.242372844757699,3.437746693945311,2.822269169768765,-45.18572775615007,30.43380322448649,"[[-0.8166415551616788, -0.0, -0.5771451900372336, 0.3], [0.0, 1.0, -0.0, 0.22], [0.5771451900372336, 0.0, -0.8166415551616788, 0.2845833333333334], [0.0, 0.0, 0.0, 1.0]]","[[-0.6504160895297046, -0.23018593271421134, 0.7238600326453838, -0.10472300051409825], [-0.5578137074538099, 0.7915775760362953, -0.2494971119935838, 0.3771398464685697], [-0.5155606445972413, -0.5660559844193789, -0.6432556600959569, 0.6020153769486261], [0.0, 0.0, 0.0, 1.0]]","[[-0.8166415551616788, -0.0, -0.5771451900372336, 0.3], [0.0, 1.0, -0.0, -0.22], [0.5771451900372336, 0.0, -0.8166415551616788, 0.2845833333333334], [0.0, 0.0, 0.0, 1.0]]","[[-0.6470768422564741, 0.22505655245019732, 0.7284511709199333, -0.10633273268478528], [0.5459640031534914, 0.8036841327917537, 0.23667514013808333, -0.37088554112830296], [-0.5321793564917798, 0.5508551196984544, -0.642918167130154, 0.6032939338200771], [0.0, 0.0, 0.0, 1.0]]"
3.225,-188.8317811152413,29.57014629450589,-5.880249021568316,3.437746693945311,-2.6755413384712585,-44.972192137033375,-31.253986000399962,-188.78401077218626,-29.035086350400015,6.202651025865843,3.437746693945311,2.822269169768765,-45.18572775615007,30.43380322448649,"[[-0.8204014435255135, -0.0, -0.5717879602276122, 0.3], [0.0, 0.9999999999999999, -0.0, 0.22], [0.5717879602276122, 0.0, -0.8204014435255135, 0.2868750000000001], [0.0, 0.0, 0.0, 1.0]]","[[-0.6504345468089492, -0.23018733783544398, 0.7238430008072667, -0.10470781797633194], [-0.5568070495849038, 0.7926737229700465, -0.24826251921174305, 0.3759768412304774], [-0.5166244379140343, -0.5645194048153153, -0.6437523061993418, 0.6023590045309553], [0.0, 0.0, 0.0, 1.0]]","[[-0.8204014435255135, -0.0, -0.5717879602276122, 0.3], [0.0, 0.9999999999999999, -0.0, -0.22], [0.5717879602276122, 0.0, -0.8204014435255135, 0.2868750000000001], [0.0, 0.0, 0.0, 1.0]]","[[-0.6474370980005115, 0.22523569300580779, 0.7280756050911674, -0.10598765137183408], [0.5449149247552165, 0.8047052503248222, 0.23562084983863757, -0.36981512878053974], [-0.5328160366502614, 0.549288942812304, -0.6437303227225271, 0.6036567970067883], [0.0, 0.0, 0.0, 1.0]]"
3.2333333333333334,-188.79797167884976,29.472317495023795,-5.834654520650719,3.437746693945311,-2.6755413384712585,-44.972192137033375,-31.253986000399962,-188.74036586338988,-28.937062890526576,6.172937568542172,3.437746693945311,2.822269169768765,-45.18572775615007,30.43380322448649,"[[-0.8241261886220157, -0.0, -0.5664062369248328, 0.3], [0.0, 1.0, -0.0, 0.22], [0.5664062369248328, 0.0, -0.8241261886220157, 0.2891666666666668], [0.0, 0.0, 0.0, 1.0]]","[[-0.6506251628816695, -0.22989549459813596, 0.7237644361176359, -0.10465444751979691], [-0.5556344895702428, 0.7937810245254968, -0.24734995270520735, 0.3749186310339097], [-0.5176458359005862, -0.563080586298916, -0.6441917741698135, 0.6026764183873003], [0.0, 0.0, 0.0, 1.0]]","[[-0.8241261886220157, -0.0, -0.5664062369248328, 0.3], [0.0, 1.0, -0.0, -0.22], [0.5664062369248328, 0.0, -0.8241261886220157, 0.2891666666666668], [0.0, 0.0, 0.0, 1.0]]","[[-0.6475853574643751, 0.22532100905063426, 0.7279173357450291, -0.10584177772857505], [0.5439086746434125, 0.8057186543654928, 0.23447985767461138, -0.36871698401451614], [-0.533663338112507, 0.5477662757854518, -0.6443256542050397, 0.6039902202532232], [0.0, 0.0, 0.0, 1.0]]"
3.2416666666666667,-188.82937688865348,29.378194073166433,-5.7872098922416955,3.437746693945311,-2.6755413384712585,-44.972192137033375,-31.253986000399962,-188.70222608706453,-28.83769729848123,6.144169665531725,3.437746693945311,2.822269169768765,-45.18572775615007,30.43380322448649,"[[-0.8278156308955021, -0.0, -0.5610002506640098, 0.3], [0.0, 1.0, -0.0, 0.22], [0.5610002506640098, 0.0, -0.8278156308955021, 0.2914583333333335], [0.0, 0.0, 0.0, 1.0]]","[[-0.6503846008425467, -0.22796507464510313, 0.7245907781147463, -0.10549627949148763], [-0.55319307118605, 0.7958552247028305, -0.24615419416486195, 0.373113390293566], [-0.5205547972871123, -0.5609334952160188, -0.6437206824128876, 0.6030507733942465], [0.0, 0.0, 0.0, 1.0]]","[[-0.8278156308955021, -0.0, -0.5610002506640098, 0.3], [0.0, 1.0, -0.0, -0.22], [0.5610002506640098, 0.0, -0.8278156308955021, 0.2914583333333335], [0.0, 0.0, 0.0, 1.0]]","[[-0.6476890651763223, 0.2253506075938688, 0.7278158960259773, -0.10574957280705843], [0.5428935020494181, 0.8067337157949062, 0.23333957493803392, -0.36761583136048226], [-0.5345704072276547, 0.5462580118010335, -0.6448539867750231, 0.6043128740053989], [0.0, 0.0, 0.0, 1.0]]"
3.25,-188.75483220405195,29.27650963189787,-5.7609849540366085,3.437746693945311,-2.6755413384712585,-44.972192137033375,-31.253986000399962,-188.66429121641426,-28.7381233856662,6.115430363938427,3.437746693945311,2.822269169768765,-45.18572775615007,30.43380322448649,"[[-0.8314696123025455, -0.0, -0.5555702330196022, 0.3], [0.0, 1.0000000000000002, -0.0, 0.22], [0.5555702330196022, 0.0, -0.8314696123025455, 0.29375000000000007], [0.0, 0.0, 0.0, 1.0]]","[[-0.6507396096914183, -0.22927388668542023, 0.7238587191315871, -0.10477292005749006], [-0.5534497664513878, 0.7958929280595525, -0.24545427900058342, 0.37283925708505467], [-0.5198377789210449, -0.5603462607611056, -0.644810632401081, 0.6032554787190395], [0.0, 0.0, 0.0, 1.0]]","[[-0.8314696123025455, -0.0, -0.5555702330196022, 0.3], [0.0, 1.0000000000000002, -0.0, -0.22], [0.5555702330196022, 0.0, -0.8314696123025455, 0.29375000000000007], [0.0, 0.0, 0.0, 1.0]]","[[-0.6477919759579511, 0.2253773456803254, 0.7277160214936762, -0.10565892419918747], [0.5418742268362488, 0.8077479436514337, 0.23219729071954726, -0.3665123913341907], [-0.535479110867185, 0.544746098270535, -0.6453788114308663, 0.6046336940829737], [0.0, 0.0, 0.0, 1.0]]"
3.2583333333333333,-188.6991388415597,29.171850643245765,-5.733987777568486,3.437746693945311,-2.6755413384712585,-44.972192137033375,-31.253986000399962,-188.69060110509716,-28.645675067702786,6.072175202811559,3.437746693945311,2.822269169768765,-45.18572775615007,30.43380322448649,"[[-0.835087976318743, -0.0, -0.5501164165954936, 0.3], [0.0, 1.0, -0.0, 0.22], [0.5501164165954936, 0.0, -0.835087976318743, 0.29604166666666676], [0.0, 0.0, 0.0, 1.0]]","[[-0.6509180822434475, -0.22955923258516187, 0.7236077728600101, -0.10453440644942202], [-0.5524686926110755, 0.7969796430135974, -0.24413478307387496, 0.37164357496788303], [-0.5206572710460513, -0.5586823850425486, -0.6455927499206044, 0.6036381260495205], [0.0, 0.0, 0.0, 1.0]]","[[-0.835087976318743, -0.0, -0.5501164165954936, 0.3], [0.0, 1.0, -0.0, -0.22], [0.5501164165954936, 0.0, -0.835087976318743, 0.29604166666666676], [0.0, 0.0, 0.0, 1.0]]","[[-0.6476013617403649, 0.2243559188851256, 0.7282011383767784, -0.10614487334186752], [0.5406481407238647, 0.808728579305783, 0.23164125916139763, -0.3656397432233779], [-0.536946984537443, 0.5437117864045808, -0.6450313396424132, 0.6047882522550635], [0.0, 0.0, 0.0, 1.0]]"
3.2666666666666666,-188.64926480024025,29.067003824391485,-5.705917407627027,3.437746693945311,-2.6755413384712585,-44.972192137033375,-31.253986000399962,-188.60947211813576,-28.547188862513078,6.048039021832026,3.437746693945311,2.822269169768765,-45.18572775615007,30.43380322448649,"[[-0.8386705679454239, -0.0, -0.5446390350150273, 0.3], [0.0, 1.0, -0.0, 0.22], [0.5446390350150273, 0.0, -0.8386705679454239, 0.29833333333333345], [0.0, 0.0, 0.0, 1.0]]","[[-0.6510695409693205, -0.22975120146304842, 0.7234105599507683, -0.10434883905893719], [-0.5514625240761568, 0.7980668468168194, -0.24285467372775357, 0.37045922633488176], [-0.5215338314640314, -0.5570490942799792, -0.6462961930882017, 0.6040057269043128], [0.0, 0.0, 0.0, 1.0]]","[[-0.8386705679454239, -0.0, -0.5446390350150273, 0.3], [0.0, 1.0, -0.0, -0.22], [0.5446390350150273, 0.0, -0.8386705679454239, 0.29833333333333345], [0.0, 0.0, 0.0, 1.0]]","[[-0.6479589733340129, 0.2250029506828375, 0.727683201029094, -0.10564866150023847], [0.5397442637389235, 0.8097325790998667, 0.23023744288278944, -0.36444565356123204], [-0.5374246911306361, 0.541947250688012, -0.6461175425840454, 0.6052008559792775], [0.0, 0.0, 0.0, 1.0]]"
3.275,-188.66892208467155,28.970650345770114,-5.662223406845985,3.437746693945311,-2.6755413384712585,-44.972192137033375,-31.253986000399962,-188.54487218896577,-28.45494886531935,6.002735230840978,3.437746693945311,2.822269169768765,-45.18572775615007,30.43380322448649,"[[-0.8422172337162865, -0.0, -0.5391383229110005, 0.3], [0.0, 1.0, -0.0, 0.22], [0.5391383229110005, 0.0, -0.8422172337162865, 0.30062500000000003], [0.0, 0.0, 0.0, 1.0]]","[[-0.6510602442401716, -0.22804147602915945, 0.7239596974834792, -0.10493223935545697], [-0.5489514784532812, 0.8001675283090568, -0.2416282287807699, 0.3686099993449195], [-0.5241877837892497, -0.5547332799194742, -0.6461409718288242, 0.6044235596702616], [0.0, 0.0, 0.0, 1.0]]","[[-0.8422172337162865, -0.0, -0.5391383229110005, 0.3], [0.0, 1.0, -0.0, -0.22], [0.5391383229110005, 0.0, -0.8422172337162865, 0.30062500000000003], [0.0, 0.0, 0.0, 1.0]]","[[-0.6483737672274763, 0.22509892568396003, 0.7272839415435882, -0.10528697699758778], [0.5386138867336319, 0.8107686119399606, 0.22923642579363268, -0.363371540936501], [-0.538058118597741, 0.540356115491327, -0.6469225065355069, 0.6055546885315464], [0.0, 0.0, 0.0, 1.0]]"
3.283333333333333,-188.57444690807193,28.875130150227484,-5.618993858928506,3.437746693945311,-2.6755413384712585,-44.972192137033375,-31.253986000399962,-188.48897392079837,-28.359331339581047,5.968814803875402,3.437746693945311,2.822269169768765,-45.18572775615007,30.43380322448649,"[[-0.8457278217039732, -0.0, -0.5336145159156117, 0.3], [0.0, 1.0, -0.0, 0.22], [0.5336145159156117, 0.0, -0.8457278217039732, 0.3029166666666667], [0.0, 0.0, 0.0, 1.0]]","[[-0.6517456807386981, -0.2301799489114689, 0.7226650391139484, -0.10366440858093309], [-0.5493174689776968, 0.8002510074760367, -0.2405174490749586, 0.3681566554726631], [-0.522951131478256, -0.5537287387816365, -0.6480020045747623, 0.6047685307841395], [0.0, 0.0, 0.0, 1.0]]","[[-0.8457278217039732, -0.0, -0.5336145159156117, 0.3], [0.0, 1.0, -0.0, -0.22], [0.5336145159156117, 0.0, -0.8457278217039732, 0.3029166666666667], [0.0, 0.0, 0.0, 1.0]]","[[-0.6486469932328691, 0.22526591180342306, 0.7269885467800238, -0.10501459638171787], [0.537577431040875, 0.81177369441924, 0.22810956727948134, -0.3622715304222769], [-0.5387648687557977, 0.5387752203176306, -0.6476524362389424, 0.6058976593999504], [0.0, 0.0, 0.0, 1.0]]"
3.2916666666666665,-188.54440773610222,28.773906746727896,-5.58168523124778,3.437746693945311,-2.6755413384712585,-44.972192137033375,-31.253986000399962,-188.43366304889963,-28.263186181729363,5.936352622297624,3.437746693945311,2.822269169768765,-45.18572775615007,30.43380322448649,"[[-0.8492021815265788, -0.0, -0.5280678506503681, 0.3], [0.0, 0.9999999999999999, -0.0, 0.22], [0.5280678506503681, 0.0, -0.8492021815265788, 0.3052083333333334], [0.0, 0.0, 0.0, 1.0]]","[[-0.6516006804791326, -0.2291091900290429, 0.7231359016418475, -0.10414164366059037], [-0.548048782051652, 0.80128620611879, -0.23996447315270963, 0.36726078394917205], [-0.524460757055123, -0.5526747641497597, -0.6476816497178033, 0.6049349505823526], [0.0, 0.0, 0.0, 1.0]]","[[-0.8492021815265788, -0.0, -0.5280678506503681, 0.3], [0.0, 0.9999999999999999, -0.0, -0.22], [0.5280678506503681, 0.0, -0.8492021815265788, 0.3052083333333334], [0.0, 0.0, 0.0, 1.0]]","[[-0.6485441836709693, 0.2243793896399004, 0.7273543368478543, -0.10538677573141476], [0.5363560494733486, 0.8127467398452495, 0.22751906527643215, -0.36138437219411784], [-0.5401042769872304, 0.537677065138308, -0.6474494139346771, 0.6060699634561304], [0.0, 0.0, 0.0, 1.0]]"
3.3,-188.45651686186247,28.67480070187101,-5.55152268898618,3.437746693945311,-2.6755413384712585,-44.972192137033375,-31.253986000399962,-188.37661730895167,-28.167025655952045,5.904267381784666,3.437746693945311,2.822269169768765,-45.18572775615007,30.43380322448649,"[[-0.8526401643540922, -0.0, -0.522498564715949, 0.3], [0.0, 1.0, -0.0, 0.22], [0.522498564715949, 0.0, -0.8526401643540922, 0.3075], [0.0, 0.0, 0.0, 1.0]]","[[-0.652029530367545, -0.22974958975324658, 0.7225459276315201, -0.10358311235477746], [-0.5471017043832415, 0.8023448704061511, -0.23858422830080195, 0.36605083159161417], [-0.5249163900943, -0.5508700708344498, -0.648848941179083, 0.6053640280027882], [0.0, 0.0, 0.0, 1.0]]","[[-0.8526401643540922, -0.0, -0.522498564715949, 0.3], [0.0, 1.0, -0.0, -0.22], [0.522498564715949, 0.0, -0.8526401643540922, 0.3075], [0.0, 0.0, 0.0, 1.0]]","[[-0.6488116821481342, 0.22458963009856228, 0.7270508229555205, -0.10510486883176375], [0.5353342725979241, 0.813744445301952, 0.22635634367578447, -0.3602725573706236], [-0.5407962811356603, 0.5360778635538025, -0.6481974286569105, 0.60641385421424], [0.0, 0.0, 0.0, 1.0]]"
3.308333333333333,-188.3833518754733,28.573681458756266,-5.5209861938675235,3.437746693945311,-2.6755413384712585,-44.972192137033375,-31.253986000399962,-188.38735436632695,-28.075747007883997,5.860832928192086,3.437746693945311,2.822269169768765,-45.18572775615007,30.43380322448649,"[[-0.8560416229147715, -0.0, -0.5169068966820276, 0.3], [0.0, 1.0, -0.0, 0.22], [0.5169068966820276, 0.0, -0.8560416229147715, 0.3097916666666667], [0.0, 0.0, 0.0, 1.0]]","[[-0.6523652095877173, -0.23019328450792456, 0.7221015753251252, -0.10316493406173993], [-0.5461121344502066, 0.8034114833461139, -0.23725835082002175, 0.36485256161769897], [-0.5255294187063302, -0.5491275263498003, -0.6498290466569927, 0.6057628046973519], [0.0, 0.0, 0.0, 1.0]]","[[-0.8560416229147715, -0.0, -0.5169068966820276, 0.3], [0.0, 1.0, -0.0, -0.22], [0.5169068966820276, 0.0, -0.8560416229147715, 0.3097916666666667], [0.0, 0.0, 0.0, 1.0]]","[[-0.6490965121018312, 0.22482869160466787, 0.7267226275605919, -0.10479955971433991], [0.534315287316409, 0.8147391417869311, 0.2251828247897221, -0.35915676094418303], [-0.5414618100265437, 0.5344643957006197, -0.6489737421584566, 0.6067604687194568], [0.0, 0.0, 0.0, 1.0]]"
3.3166666666666664,-188.31438062523452,28.472608319418416,-5.489670630296661,3.437746693945311,-2.6755413384712585,-44.972192137033375,-31.253986000399962,-188.28341254753767,-27.981457953939262,5.832217423777494,3.437746693945311,2.822269169768765,-45.18572775615007,30.43380322448649,"[[-0.8594064115014526, -0.0, -0.511293086077052, 0.3], [0.0, 1.0, -0.0, 0.22], [0.511293086077052, 0.0, -0.8594064115014526, 0.3120833333333335], [0.0, 0.0, 0.0, 1.0]]","[[-0.6526826963644571, -0.23056889577259493, 0.7216947292093995, -0.10278399899869033], [-0.5451050238566995, 0.8044761350354611, -0.2359632622350224, 0.3636642727417064], [-0.5261803976134131, -0.5474085608214517, -0.6507519164065348, 0.6061496528368598], [0.0, 0.0, 0.0, 1.0]]","[[-0.8594064115014526, -0.0, -0.511293086077052, 0.3], [0.0, 1.0, -0.0, -0.22], [0.511293086077052, 0.0, -0.8594064115014526, 0.3120833333333335], [0.0, 0.0, 0.0, 1.0]]","[[-0.6496620125424217, 0.22567802182702804, 0.7259536486054532, -0.10406993683739914], [0.5334059817809448, 0.815725260860857, 0.22376406635962195, -0.3579562967725289], [-0.5416800975295628, 0.5325990323477187, -0.6503237214515838, 0.607199592571335], [0.0, 0.0, 0.0, 1.0]]"
3.3249999999999997,-188.24519080894228,28.372271132963636,-5.4574948897772,3.437746693945311,-2.6755413384712585,-44.972192137033375,-31.253986000399962,-188.2002754849603,-27.88544939987098,5.801909313109209,3.437746693945311,2.822269169768765,-45.18572775615007,30.43380322448649,"[[-0.8627343859777918, -0.0, -0.5056573733779846, 0.3], [0.0, 1.0, -0.0, 0.22], [0.5056573733779846, 0.0, -0.8627343859777918, 0.3143750000000002], [0.0, 0.0, 0.0, 1.0]]","[[-0.653012330999781, -0.23093147543810608, 0.7212804927448213, -0.10239747128338708], [-0.5440906818025933, 0.8055357578616485, -0.23468590239264236, 0.362483397660262], [-0.5268208666499665, -0.5456947832426466, -0.6516724468657081, 0.6065326451445898], [0.0, 0.0, 0.0, 1.0]]","[[-0.8627343859777918, -0.0, -0.5056573733779846, 0.3], [0.0, 1.0, -0.0, -0.22], [0.5056573733779846, 0.0, -0.8627343859777918, 0.3143750000000002], [0.0, 0.0, 0.0, 1.0]]","[[-0.650099075298739, 0.22623634309639643, 0.7253883851827889, -0.10353750897007916], [0.5324332753867137, 0.816719500887298, 0.22245013852856713, -0.3567855554132524], [-0.5421125340339406, 0.5308355432078493, -0.6514043494716066, 0.6075939124964398], [0.0, 0.0, 0.0, 1.0]]"
3.3333333333333335,-188.17397925665574,28.272852606952224,-5.424499526557338,3.437746693945311,-2.6755413384712585,-44.972192137033375,-31.253986000399962,-188.12384566814785,-27.789985553389002,5.770009341477487,3.437746693945311,2.822269169768765,-45.18572775615007,30.43380322448649,"[[-0.8660254037844387, -0.0, -0.49999999999999994, 0.3], [0.0, 1.0, -0.0, 0.22], [0.49999999999999994, 0.0, -0.8660254037844387, 0.31666666666666676], [0.0, 0.0, 0.0, 1.0]]","[[-0.653365771767914, -0.23130451853838094, 0.7208407507805357, -0.10198804000639071], [-0.5430735107442813, 0.8065896110203403, -0.23341885382705724, 0.36130780613302194], [-0.5274318251774341, -0.5439774067898262, -0.6526134006379403, 0.6069152969344891], [0.0, 0.0, 0.0, 1.0]]","[[-0.8660254037844387, -0.0, -0.49999999999999994, 0.3], [0.0, 1.0, -0.0, -0.22], [0.49999999999999994, 0.0, -0.8660254037844387, 0.31666666666666676], [0.0, 0.0, 0.0, 1.0]]","[[-0.6505069112520667, 0.22668262233467704, 0.724883264494891, -0.10306476471638927], [0.5314344454574614, 0.8177101367929394, 0.22119575576261263, -0.3556365196952277], [-0.5426031594034599, 0.5291173035514404, -0.6523930490799521, 0.6079695853032365], [0.0, 0.0, 0.0, 1.0]]"
3.341666666666667,-188.10003562870116,28.17437493949898,-5.390737047716319,3.437746693945311,-2.6755413384712585,-44.972192137033375,-31.253986000399962,-188.04829011554915,-27.695674301329465,5.736759126824219,3.437746693945311,2.822269169768765,-45.18572775615007,30.43380322448649,"[[-0.8692793239451436, -0.0, -0.4943212082861445, 0.3], [0.0, 0.9999999999999999, -0.0, 0.22], [0.4943212082861445, 0.0, -0.8692793239451436, 0.31895833333333345], [0.0, 0.0, 0.0, 1.0]]","[[-0.6537472693497282, -0.23169771052882862, 0.7203684326464292, -0.10154895978837519], [-0.5420553508981625, 0.8076376573930995, -0.23215815928641492, 0.36013612503959835], [-0.5280061594152514, -0.5422523262248725, -0.653583896927755, 0.607299083245348], [0.0, 0.0, 0.0, 1.0]]","[[-0.8692793239451436, -0.0, -0.4943212082861445, 0.3], [0.0, 0.9999999999999999, -0.0, -0.22], [0.4943212082861445, 0.0, -0.8692793239451436, 0.31895833333333345], [0.0, 0.0, 0.0, 1.0]]","[[-0.6509242154222985, 0.22709385343750024, 0.7243797674616349, -0.10259556517803398], [0.5304248709155319, 0.8186941592535653, 0.21997574847773385, -0.35450228856391625], [-0.5430903443176894, 0.5274165861394625, -0.6533640811782422, 0.6083381308668219], [0.0, 0.0, 0.0, 1.0]]"
3.35,-188.09771336438337,28.08066303653911,-5.3466912921930225,3.437746693945311,-2.6755413384712585,-44.972192137033375,-31.253986000399962,-187.9661912417256,-27.60972490836132,5.683621962628813,3.437746693945311,2.822269169768765,-45.18572775615007,30.43380322448649,"[[-0.8724960070727971, -0.0, -0.4886212414969548, 0.3], [0.0, 0.9999999999999999, -0.0, 0.22], [0.4886212414969548, 0.0, -0.8724960070727971, 0.32125000000000015], [0.0, 0.0, 0.0, 1.0]]","[[-0.6539571775868067, -0.23073373209672599, 0.7204873036739886, -0.10170775617551907], [-0.5397082862569375, 0.8096588719403266, -0.23058073821097397, 0.3581788165513223], [-0.5301461832629729, -0.539642896702101, -0.6540111378338049, 0.6077852751117684], [0.0, 0.0, 0.0, 1.0]]","[[-0.8724960070727971, -0.0, -0.4886212414969548, 0.3], [0.0, 0.9999999999999999, -0.0, -0.22], [0.4886212414969548, 0.0, -0.8724960070727971, 0.32125000000000015], [0.0, 0.0, 0.0, 1.0]]","[[-0.6515469819109743, 0.22726506093212823, 0.723765930700124, -0.10204061902856043], [0.5292514525366303, 0.8197004281373328, 0.21905275186434117, -0.3534578547722928], [-0.5434882062663068, 0.5257773294760717, -0.6543537036331672, 0.6086957265272007], [0.0, 0.0, 0.0, 1.0]]"
3.3583333333333334,-187.97389569510938,27.985228218361108,-5.314601782811833,3.437746693945311,-2.6755413384712585,-44.972192137033375,-31.253986000399962,-187.886018481248,-27.5211493076573,5.643227796990534,3.437746693945311,2.822269169768765,-45.18572775615007,30.43380322448649,"[[-0.8756753153753998, -0.0, -0.48290034380003716, 0.3], [0.0, 1.0, -0.0, 0.22], [0.48290034380003716, 0.0, -0.8756753153753998, 0.3235416666666667], [0.0, 0.0, 0.0, 1.0]]","[[-0.6545775529468716, -0.2316079012973195, 0.7196429720595741, -0.10091362938172366], [-0.5387633906780624, 0.81069665931005, -0.2291395545264994, 0.356942380900483], [-0.5303416220165669, -0.5377068965897465, -0.65544569364415, 0.6082380083544536], [0.0, 0.0, 0.0, 1.0]]","[[-0.8756753153753998, -0.0, -0.48290034380003716, 0.3], [0.0, 1.0, -0.0, -0.22], [0.48290034380003716, 0.0, -0.8756753153753998, 0.3235416666666667], [0.0, 0.0, 0.0, 1.0]]","[[-0.6520659027866617, 0.22761401983526744, 0.7231887142353968, -0.10150967259839458], [0.5282032195646633, 0.8206665998032633, 0.21796259038852256, -0.3523789909226749], [-0.5438854817556174, 0.5241165804873771, -0.6553551653826183, 0.6090554310546596], [0.0, 0.0, 0.0, 1.0]]"
3.3666666666666667,-187.86733108367883,27.89298139097821,-5.266692701539248,3.437746693945311,-2.6755413384712585,-44.972192137033375,-31.253986000399962,-187.80312730548073,-27.432209999379978,5.604646192803248,3.437746693945311,2.822269169768765,-45.18572775615007,30.43380322448649,"[[-0.8788171126619654, -0.0, -0.4771587602596087, 0.3], [0.0, 1.0000000000000002, -0.0, 0.22], [0.4771587602596087, 0.0, -0.8788171126619654, 0.3258333333333334], [0.0, 0.0, 0.0, 1.0]]","[[-0.6553114915022994, -0.2320649171674727, 0.7188273251102008, -0.1001689257951929], [-0.5376189229696678, 0.8117639907722597, -0.22804630439985074, 0.3558091530542476], [-0.5305965913667053, -0.5358965361947668, -0.6567207623674501, 0.6086523149308588], [0.0, 0.0, 0.0, 1.0]]","[[-0.8788171126619654, -0.0, -0.4771587602596087, 0.3], [0.0, 1.0000000000000002, -0.0, -0.22], [0.4771587602596087, 0.0, -0.8788171126619654, 0.3258333333333334], [0.0, 0.0, 0.0, 1.0]]","[[-0.6525920745834983, 0.22802310531789627, 0.7225849760630162, -0.10095252151115947], [0.5271750206263391, 0.8216263369753414, 0.21683325394436598, -0.3512883369899152], [-0.5442518551354923, 0.5224324126905475, -0.6563949210284223, 0.6094198192396245], [0.0, 0.0, 0.0, 1.0]]"
3.375,-187.77213190702722,27.800959959837922,-5.224636238611717,3.437746693945311,-2.6755413384712585,-44.972192137033375,-31.253986000399962,-187.71716254458693,-27.343303134501216,5.56663661695895,3.437746693945311,2.822269169768765,-45.18572775615007,30.43380322448649,"[[-0.8819212643483549, -0.0, -0.4713967368259978, 0.3], [0.0, 1.0, -0.0, 0.22], [0.4713967368259978, 0.0, -0.8819212643483549, 0.3281250000000001], [0.0, 0.0, 0.0, 1.0]]","[[-0.6557808141540269, -0.23315634548788355, 0.7180457104852145, -0.09941979700642838], [-0.5377878553124075, 0.8117890680191002, -0.22755819414638065, 0.35561475229643597], [-0.5298450211769126, -0.5353845604828509, -0.6577443469393118, 0.6088248509796189], [0.0, 0.0, 0.0, 1.0]]","[[-0.8819212643483549, -0.0, -0.4713967368259978, 0.3], [0.0, 1.0, -0.0, -0.22], [0.4713967368259978, 0.0, -0.8819212643483549, 0.3281250000000001], [0.0, 0.0, 0.0, 1.0]]","[[-0.6531374888409647, 0.22847661360529478, 0.7219486530952015, -0.10036464178855185], [0.5261557852416392, 0.8225821486735077, 0.2156819379095743, -0.35019033527837906], [-0.5445837955055886, 0.5207274197880618, -0.6574735309908644, 0.6097883980909795], [0.0, 0.0, 0.0, 1.0]]"
3.3833333333333333,-187.6786539380464,27.70869264188751,-5.184825200373829,3.437746693945311,-2.6755413384712585,-44.972192137033375,-31.253986000399962,-187.66258933311855,-27.16920673519947,5.479401440879546,3.437746693945311,2.822269169768765,-45.18572775615007,30.43380322448649,"[[-0.8849876374630419, -0.0, -0.4656145203251116, 0.3], [0.0, 1.0, -0.0, 0.22], [0.4656145203251116, 0.0, -0.8849876374630419, 0.3304166666666668], [0.0, 0.0, 0.0, 1.0]]","[[-0.6563608205676231, -0.2336858291644568, 0.7173432975023305, -0.0987722466015496], [-0.5367593127583954, 0.8128087885095924, -0.22634335309150186, 0.35446778721416317], [-0.5301697024452942, -0.5336036043443574, -0.6589288884544212, 0.6092222027851123], [0.0, 0.0, 0.0, 1.0]]","[[-0.8849876374630419, -0.0, -0.4656145203251116, 0.3], [0.0, 1.0, -0.0, -0.22], [0.4656145203251116, 0.0, -0.8849876374630419, 0.3304166666666668], [0.0, 0.0, 0.0, 1.0]]","[[-0.6535368223196595, 0.2277493843196391, 0.7218170404017541, -0.10028448381346367], [0.5238479672653936, 0.8244500255031774, 0.21416223439188747, -0.3483047241879882], [-0.5463267603405835, 0.5180852954773336, -0.6581145018504965, 0.6102629102617115], [0.0, 0.0, 0.0, 1.0]]"
3.3916666666666666,-187.58391921425834,27.61659607866635,-5.14572151360186,3.437746693945311,-2.6755413384712585,-44.972192137033375,-31.253986000399962,-187.5674174772236,-27.1697463201439,5.485613924816496,3.437746693945311,2.822269169768765,-45.18572775615007,30.43380322448649,"[[-0.8880161006528073, -0.0, -0.45981235844786, 0.3], [0.0, 1.0, -0.0, 0.22], [0.45981235844786, 0.0, -0.8880161006528073, 0.3327083333333334], [0.0, 0.0, 0.0, 1.0]]","[[-0.6569473707789992, -0.23423906557541294, 0.7166255732144351, -0.09811050647598392], [-0.5357397949843496, 0.8138215756398353, -0.2251162257439988, 0.35331889139441897], [-0.5304743387730337, -0.5318143502966551, -0.6601291333685095, 0.6096192192055297], [0.0, 0.0, 0.0, 1.0]]","[[-0.8880161006528073, -0.0, -0.45981235844786, 0.3], [0.0, 1.0, -0.0, -0.22], [0.45981235844786, 0.0, -0.8880161006528073, 0.3327083333333334], [0.0, 0.0, 0.0, 1.0]]","[[-0.6541342938291201, 0.22902162616554606, 0.7208726797328131, -0.09938276764048788], [0.5240546223119975, 0.8244631846605475, 0.21360526672537222, -0.34809218516836016], [-0.5454127597243281, 0.5175031902199991, -0.6593294848874995, 0.610462004338872], [0.0, 0.0, 0.0, 1.0]]"
3.4,-187.48675294312574,27.5249981192546,-5.106570442392523,3.437746693945311,-2.6755413384712585,-44.972192137033375,-31.253986000399962,-187.45310743127425,-27.082381370470266,5.448024405606154,3.437746693945311,2.822269169768765,-45.18572775615007,30.43380322448649,"[[-0.8910065241883678, -0.0, -0.4539904997395469, 0.3], [0.0, 1.0, -0.0, 0.22], [0.4539904997395469, 0.0, -0.8910065241883678, 0.3350000000000001], [0.0, 0.0, 0.0, 1.0]]","[[-0.6575541752171623, -0.2348186066869317, 0.7158789901988225, -0.09742257814792775], [-0.5347245604745121, 0.8148287365273943, -0.2238833949950517, 0.35216955617041984], [-0.5307467862171353, -0.5300135395277922, -0.66135731404242, 0.6100173881278452], [0.0, 0.0, 0.0, 1.0]]","[[-0.8910065241883678, -0.0, -0.4539904997395469, 0.3], [0.0, 1.0, -0.0, -0.22], [0.4539904997395469, 0.0, -0.8910065241883678, 0.3350000000000001], [0.0, 0.0, 0.0, 1.0]]","[[-0.6548787429642113, 0.22982216067731479, 0.7199413910001461, -0.0985175638894219], [0.5230844641350618, 0.8254102303877924, 0.2123219134985999, -0.3469458610956419], [-0.545450708491748, 0.5156352645356814, -0.6607600158704128, 0.6108791141081723], [0.0, 0.0, 0.0, 1.0]]"
3.408333333333333,-187.46631701712906,27.43441273538731,-5.061953939186707,3.437746693945311,-2.6755413384712585,-44.972192137033375,-31.253986000399962,-187.34646085757367,-26.99538183591723,5.409349740091427,3.437746693945311,2.822269169768765,-45.18572775615007,30.43380322448649,"[[-0.893958779969932, -0.0, -0.44814919358922256, 0.3], [0.0, 1.0, -0.0, 0.22], [0.44814919358922256, 0.0, -0.893958779969932, 0.33729166666666677], [0.0, 0.0, 0.0, 1.0]]","[[-0.6577124594477897, -0.23435159136618683, 0.7158866197319764, -0.09745486615464599], [-0.5335413293132469, 0.8158127238506032, -0.2231216025357313, 0.3512059451793061], [-0.5317405105893223, -0.5287049566890736, -0.6616064526367706, 0.6102517985189376], [0.0, 0.0, 0.0, 1.0]]","[[-0.893958779969932, -0.0, -0.44814919358922256, 0.3], [0.0, 1.0, -0.0, -0.22], [0.44814919358922256, 0.0, -0.893958779969932, 0.33729166666666677], [0.0, 0.0, 0.0, 1.0]]","[[-0.6555831060180133, 0.23050700155842016, 0.7190808809419991, -0.0977218001938624], [0.5220919248585083, 0.8263527198442824, 0.2110952495995469, -0.34582125439614647], [-0.5455555087260255, 0.5138168006580788, -0.6620887268789466, 0.6112762878293817], [0.0, 0.0, 0.0, 1.0]]"
3.4166666666666665,-187.31644900636064,27.34680531399814,-5.022746092029895,3.437746693945311,-2.6755413384712585,-44.972192137033375,-31.253986000399962,-187.24108469905872,-26.909456348611176,5.369499001378987,3.437746693945311,2.822269169768765,-45.18572775615007,30.43380322448649,"[[-0.8968727415326883, -0.0, -0.4422886902190013, 0.3], [0.0, 1.0, -0.0, 0.22], [0.4422886902190013, 0.0, -0.8968727415326883, 0.33958333333333335], [0.0, 0.0, 0.0, 1.0]]","[[-0.658944067638774, -0.23532861910648284, 0.7144320518797452, -0.09612457265878915], [-0.5314752998033474, 0.8177837437697378, -0.2208251664210716, 0.3489886262263172], [-0.5322844365774836, -0.5252144223604183, -0.6639450949604216, 0.611007694061889], [0.0, 0.0, 0.0, 1.0]]","[[-0.8968727415326883, -0.0, -0.4422886902190013, 0.3], [0.0, 1.0, -0.0, -0.22], [0.4422886902190013, 0.0, -0.8968727415326883, 0.33958333333333335], [0.0, 0.0, 0.0, 1.0]]","[[-0.65629286385956, 0.2311535745195612, 0.7182253837298199, -0.0969332537251346], [0.5210901837663403, 0.8272883895718657, 0.20990221738216824, -0.3447116444951777], [-0.5456598732080077, 0.5120175245696372, -0.6633953250545275, 0.6116654091793039], [0.0, 0.0, 0.0, 1.0]]"
3.425,-187.1907052237407,27.257572307586507,-4.983074218896346,3.437746693945311,-2.6755413384712585,-44.972192137033375,-31.253986000399962,-187.1343288423314,-26.824753465166555,5.328530246076781,3.437746693945311,2.822269169768765,-45.18572775615007,30.43380322448649,"[[-0.8997482840522214, -0.0, -0.43640924067334247, 0.3], [0.0, 1.0000000000000002, -0.0, 0.22], [0.43640924067334247, 0.0, -0.8997482840522214, 0.34187500000000004], [0.0, 0.0, 0.0, 1.0]]","[[-0.6597297282830112, -0.2361852873806907, 0.7134235737936647, -0.09519389619002522], [-0.5304957276703745, 0.8187740808001762, -0.21950691910121262, 0.34781109542637717], [-0.5322884260841145, -0.5232833980117533, -0.6654648877455287, 0.6114392436096776], [0.0, 0.0, 0.0, 1.0]]","[[-0.8997482840522214, -0.0, -0.43640924067334247, 0.3], [0.0, 1.0000000000000002, -0.0, -0.22], [0.43640924067334247, 0.0, -0.8997482840522214, 0.34187500000000004], [0.0, 0.0, 0.0, 1.0]]","[[-0.6570257721542461, 0.23179531327008396, 0.7173479403128866, -0.09612643473183188], [0.5200847822894893, 0.8282170401594751, 0.20873033708680955, -0.343612668456081], [-0.5457370740164276, 0.5102229582599183, -0.6647131553598788, 0.6120516305905112], [0.0, 0.0, 0.0, 1.0]]"
3.433333333333333,-187.0730893662331,27.168836197436995,-4.942343666441444,3.437746693945311,-2.6755413384712585,-44.972192137033375,-31.253986000399962,-187.02510045712458,-26.741271478036076,5.286513056736979,3.437746693945311,2.822269169768765,-45.18572775615007,30.43380322448649,"[[-0.9025852843498605, -0.0, -0.4305110968082955, 0.3], [0.0, 1.0, -0.0, 0.22], [0.4305110968082955, 0.0, -0.9025852843498605, 0.34416666666666673], [0.0, 0.0, 0.0, 1.0]]","[[-0.6605031310102736, -0.23696851740511118, 0.7124475669720887, -0.09429682971785547], [-0.5295016364776012, 0.8197570188737742, -0.2182348436311784, 0.3466533387978835], [-0.5323191062634964, -0.5213869501301371, -0.6669272953934531, 0.6118568889588577], [0.0, 0.0, 0.0, 1.0]]","[[-0.9025852843498605, -0.0, -0.4305110968082955, 0.3], [0.0, 1.0, -0.0, -0.22], [0.4305110968082955, 0.0, -0.9025852843498605, 0.34416666666666673], [0.0, 0.0, 0.0, 1.0]]","[[-0.6577886427111777, 0.23244658142852956, 0.7164374978338143, -0.09529094213817137], [0.5190781192843681, 0.8291388853583082, 0.20757315545846936, -0.3425218547752283], [-0.54577651800017, 0.5084262931526777, -0.666056076340902, 0.6124371361604861], [0.0, 0.0, 0.0, 1.0]]"
3.4416666666666664,-186.95690784845115,27.08125951189909,-4.900410146918974,3.437746693945311,-2.6755413384712585,-44.972192137033375,-31.253986000399962,-186.9129214301963,-26.658976236273883,5.243490122041892,3.437746693945311,2.822269169768765,-45.18572775615007,30.43380322448649,"[[-0.9053836208979554, -0.0, -0.42459451128071307, 0.3], [0.0, 1.0000000000000002, -0.0, 0.22], [0.42459451128071307, 0.0, -0.9053836208979554, 0.34645833333333353], [0.0, 0.0, 0.0, 1.0]]","[[-0.6612929567479476, -0.23773126020200086, 0.711460099568715, -0.093391963364329], [-0.5285014502469291, 0.8207319919069115, -0.2169912775836996, 0.3455093701569024], [-0.532332454808506, -0.5195024979567298, -0.6683856014115416, 0.6122686590301267], [0.0, 0.0, 0.0, 1.0]]","[[-0.9053836208979554, -0.0, -0.42459451128071307, 0.3], [0.0, 1.0000000000000002, -0.0, -0.22], [0.42459451128071307, 0.0, -0.9053836208979554, 0.34645833333333353], [0.0, 0.0, 0.0, 1.0]]","[[-0.6585842550360614, 0.23311372165426075, 0.7154891835626144, -0.09442226602580796], [0.5180711880332964, 0.830054224302037, 0.20642729676114246, -0.3414377881643916], [-0.5457737838595452, 0.5066240988098017, -0.6674301456757787, 0.6128228750909873], [0.0, 0.0, 0.0, 1.0]]"
3.4499999999999997,-186.83940127397025,26.99498739249266,-4.857307384387962,3.437746693945311,-2.6755413384712585,-44.972192137033375,-31.253986000399962,-186.79762783700647,-26.577843834217887,5.199481505672207,3.437746693945311,2.822269169768765,-45.18572775615007,30.43380322448649,"[[-0.9081431738250815, -0.0, -0.418659737537428, 0.3], [0.0, 1.0000000000000002, -0.0, 0.22], [0.418659737537428, 0.0, -0.9081431738250815, 0.3487500000000001], [0.0, 0.0, 0.0, 1.0]]","[[-0.6618258438028586, -0.23879026858311247, 0.7106094286629183, -0.09259184611451761], [-0.5286571548687589, 0.8207442703737546, -0.21656512936002068, 0.34534414638071126], [-0.5315149716430416, -0.5189971582568236, -0.6694279532859666, 0.6124294045851142], [0.0, 0.0, 0.0, 1.0]]","[[-0.9081431738250815, -0.0, -0.418659737537428, 0.3], [0.0, 1.0000000000000002, -0.0, -0.22], [0.418659737537428, 0.0, -0.9081431738250815, 0.3487500000000001], [0.0, 0.0, 0.0, 1.0]]","[[-0.6588531937164858, 0.23278594582972126, 0.7153482875870674, -0.0943141412314349], [0.51691676816999, 0.8309575066833944, 0.20568586940091432, -0.34050936859473196], [-0.5465432498112848, 0.5052923168925876, -0.667809965914736, 0.6130530552602134], [0.0, 0.0, 0.0, 1.0]]"
3.4583333333333335,-186.71943583138815,26.910007886386655,-4.813091727909062,3.437746693945311,-2.6755413384712585,-44.972192137033375,-31.253986000399962,-186.67912405490674,-26.497862319037036,5.1544867807411014,3.437746693945311,2.822269169768765,-45.18572775615007,30.43380322448649,"[[-0.9108638249211759, -0.0, -0.4127070298043946, 0.3], [0.0, 1.0, -0.0, 0.22], [0.4127070298043946, 0.0, -0.9108638249211759, 0.3510416666666668], [0.0, 0.0, 0.0, 1.0]]","[[-0.6626537499827198, -0.23954473010539065, 0.7095832085897853, -0.09165579546882659], [-0.5276501111018073, 0.8217098767454286, -0.2153560742427828, 0.344216997241991], [-0.5314841181898944, -0.5171181690269141, -0.6709049346771586, 0.6128365355719656], [0.0, 0.0, 0.0, 1.0]]","[[-0.9108638249211759, -0.0, -0.4127070298043946, 0.3], [0.0, 1.0, -0.0, -0.22], [0.4127070298043946, 0.0, -0.9108638249211759, 0.3510416666666668], [0.0, 0.0, 0.0, 1.0]]","[[-0.6597049818600382, 0.23349618055813842, 0.7143310651048348, -0.09338382994492858], [0.5159136958078228, 0.8318614899258265, 0.2045471096258687, -0.33943216835340045], [-0.5464635352765633, 0.5034739270738309, -0.6692470465903417, 0.6134412923680298], [0.0, 0.0, 0.0, 1.0]]"
3.466666666666667,-186.6050165024121,26.820694625252276,-4.784906098525358,3.437746693945311,-2.6755413384712585,-44.972192137033375,-31.253986000399962,-186.6412574861482,-26.414721841365058,5.10935459825295,3.437746693945311,2.822269169768765,-45.18572775615007,30.43380322448649,"[[-0.9135454576426011, -0.0, -0.40673664307580004, 0.3], [0.0, 1.0, -0.0, 0.22], [0.40673664307580004, 0.0, -0.9135454576426011, 0.3533333333333335], [0.0, 0.0, 0.0, 1.0]]","[[-0.6633256673400572, -0.24048143655672718, 0.7086379454414511, -0.09078185689563903], [-0.5267899693158086, 0.8226312335850221, -0.2139396685017401, 0.34304258145441036], [-0.531499188405888, -0.5152150349145469, -0.6723556205772989, 0.6132417311522778], [0.0, 0.0, 0.0, 1.0]]","[[-0.9135454576426011, -0.0, -0.40673664307580004, 0.3], [0.0, 1.0, -0.0, -0.22], [0.40673664307580004, 0.0, -0.9135454576426011, 0.3533333333333335], [0.0, 0.0, 0.0, 1.0]]","[[-0.6605910761100231, 0.23422525545551043, 0.7132727107289347, -0.09241763799372033], [0.514910911589736, 0.8327592616273931, 0.20341771137151746, -0.3383608650057994], [-0.5463388905154278, 0.5016478265482667, -0.6707184765829637, 0.6138300576359434], [0.0, 0.0, 0.0, 1.0]]"
3.475,-186.48028358778933,26.735650232349155,-4.742971725229241,3.437746693945311,-2.6755413384712585,-44.972192137033375,-31.253986000399962,-186.41939928152783,-26.256140216762994,5.028118035812111,3.437746693945311,2.822269169768765,-45.18572775615007,30.43380322448649,"[[-0.9161879571171359, -0.0, -0.4007488331031412, 0.3], [0.0, 1.0, -0.0, 0.22], [0.4007488331031412, 0.0, -0.9161879571171359, 0.3556250000000001], [0.0, 0.0, 0.0, 1.0]]","[[-0.664174005116481, -0.2413215624735908, 0.7075569195568917, -0.08979592193208247], [-0.5258126594745776, 0.8235827154601846, -0.21267947228517545, 0.3419021246539844], [-0.5314075065933909, -0.5132985625155535, -0.6738921632246971, 0.6136517138519239], [0.0, 0.0, 0.0, 1.0]]","[[-0.9161879571171359, -0.0, -0.4007488331031412, 0.3], [0.0, 1.0, -0.0, -0.22], [0.4007488331031412, 0.0, -0.9161879571171359, 0.3556250000000001], [0.0, 0.0, 0.0, 1.0]]","[[-0.6621728576978146, 0.23557359035351427, 0.7113593958445088, -0.09067270525083009], [0.5129830980823289, 0.8344951780261475, 0.2011619718857533, -0.33625687259611264], [-0.5462375377161164, 0.4981193445140066, -0.6734253269745437, 0.6145605044274127], [0.0, 0.0, 0.0, 1.0]]"
3.4833333333333334,-186.3517394276097,26.652830773568166,-4.697846372930259,3.437746693945311,-2.6755413384712585,-44.972192137033375,-31.253986000399962,-186.3271370862193,-26.260132462332866,5.029051210407464,3.437746693945311,2.822269169768765,-45.18572775615007,30.43380322448649,"[[-0.9187912101488983, -0.0, -0.3947438563842674, 0.3], [0.0, 1.0, -0.0, 0.22], [0.3947438563842674, 0.0, -0.9187912101488983, 0.35791666666666677], [0.0, 0.0, 0.0, 1.0]]","[[-0.6650780753978316, -0.24215300877721802, 0.7064227303571544, -0.08876554251867716], [-0.5248185047174083, 0.8245292434442317, -0.21146409579752964, 0.34077953144703643], [-0.5312595323674674, -0.5113838548931944, -0.6754627023184008, 0.6140600528380082], [0.0, 0.0, 0.0, 1.0]]","[[-0.9187912101488983, -0.0, -0.3947438563842674, 0.3], [0.0, 1.0, -0.0, -0.22], [0.3947438563842674, 0.0, -0.9187912101488983, 0.35791666666666677], [0.0, 0.0, 0.0, 1.0]]","[[-0.6628002306892052, 0.23669968544876102, 0.710400670823722, -0.08977839112425662], [0.5131549648461824, 0.834494946902483, 0.20072410330584511, -0.33609483980675403], [-0.545314437964052, 0.49758561323924944, -0.6745670620815031, 0.6147276823721712], [0.0, 0.0, 0.0, 1.0]]"
3.4916666666666667,-186.21971187095335,26.571916937565607,-4.650550728022506,3.437746693945311,-2.6755413384712585,-44.972192137033375,-31.253986000399962,-186.18851156682473,-26.182394664294367,4.984419339276015,3.437746693945311,2.822269169768765,-45.18572775615007,30.43380322448649,"[[-0.9213551052231925, -0.0, -0.38872197015239573, 0.3], [0.0, 1.0, -0.0, 0.22], [0.38872197015239573, 0.0, -0.9213551052231925, 0.36020833333333346], [0.0, 0.0, 0.0, 1.0]]","[[-0.6660276834469357, -0.24298776929517116, 0.7052404333667102, -0.08769464392302569], [-0.5238168340274633, 0.825468578305638, -0.2102796961656401, 0.33967135700218], [-0.5310584235955149, -0.509468909947433, -0.6770660089867319, 0.6144668485603709], [0.0, 0.0, 0.0, 1.0]]","[[-0.9213551052231925, -0.0, -0.38872197015239573, 0.3], [0.0, 1.0, -0.0, -0.22], [0.38872197015239573, 0.0, -0.9213551052231925, 0.36020833333333346], [0.0, 0.0, 0.0, 1.0]]","[[-0.6638129003917117, 0.23763392658498436, 0.70914212271543, -0.08863211302452434], [0.5121928078902298, 0.8353747587871869, 0.19951826965661973, -0.33500198867292885], [-0.5449871198652916, 0.49566029628875036, -0.676246929652093, 0.6151348632541086], [0.0, 0.0, 0.0, 1.0]]"
3.5,-186.17168198070982,26.487417252248797,-4.604668932272945,3.437746693945311,-2.6755413384712585,-44.972192137033375,-31.253986000399962,-186.05088325504897,-26.106579564507225,4.936688696695497,3.437746693945311,2.822269169768765,-45.18572775615007,30.43380322448649,"[[-0.9238795325112867, -0.0, -0.3826834323650899, 0.3], [0.0, 1.0, -0.0, 0.22], [0.3826834323650899, 0.0, -0.9238795325112867, 0.36250000000000016], [0.0, 0.0, 0.0, 1.0]]","[[-0.6664175730410297, -0.24281718894856458, 0.7049307987974573, -0.08743469967432138], [-0.5226799981316912, 0.8263951398792978, -0.2094676403097417, 0.3387082067496183], [-0.5316890424817493, -0.5080461450842759, -0.677639931357242, 0.61472201295129], [0.0, 0.0, 0.0, 1.0]]","[[-0.9238795325112867, -0.0, -0.3826834323650899, 0.3], [0.0, 1.0, -0.0, -0.22], [0.3826834323650899, 0.0, -0.9238795325112867, 0.36250000000000016], [0.0, 0.0, 0.0, 1.0]]","[[-0.6648474919442031, 0.23850148503282478, 0.7078805365968469, -0.0874881298797541], [0.511206676192776, 0.8362500114485985, 0.19837755056496004, -0.3339345659676812], [-0.544651766426436, 0.4937640732063809, -0.6779022741805834, 0.6155318412150947], [0.0, 0.0, 0.0, 1.0]]"
3.5083333333333333,-185.98159781610835,26.413914171495705,-4.551481822319233,3.437746693945311,-2.6755413384712585,-44.972192137033375,-31.253986000399962,-185.99975245892225,-26.026102860611548,4.891145422196675,3.437746693945311,2.822269169768765,-45.18572775615007,30.43380322448649,"[[-0.9263643838751181, -0.0, -0.3766285016932108, 0.3], [0.0, 1.0, -0.0, 0.22], [0.3766285016932108, 0.0, -0.9263643838751181, 0.36479166666666674], [0.0, 0.0, 0.0, 1.0]]","[[-0.6678088163509268, -0.24425674414644827, 0.703114519650214, -0.08578486826504816], [-0.5217476464423397, 0.8273180233492408, -0.20814485742718847, 0.33755638300108415], [-0.5308585293991741, -0.5058493166749184, -0.679930651304723, 0.615213088630931], [0.0, 0.0, 0.0, 1.0]]","[[-0.9263643838751181, -0.0, -0.3766285016932108, 0.3], [0.0, 1.0, -0.0, -0.22], [0.3766285016932108, 0.0, -0.9263643838751181, 0.36479166666666674], [0.0, 0.0, 0.0, 1.0]]","[[-0.6652736456676059, 0.2383638149574441, 0.7075264433920943, -0.0871853307791685], [0.5100854872193756, 0.8371181125306845, 0.19760076265348003, -0.33300576313242797], [-0.545182329233354, 0.4923575503554283, -0.6784985412657104, 0.6157761553004395], [0.0, 0.0, 0.0, 1.0]]"
3.5166666666666666,-185.81832897418838,26.33870354345011,-4.499082745441011,3.437746693945311,-2.6755413384712585,-44.972192137033375,-31.253986000399962,-185.7712006689153,-25.877454038609976,4.791452834844815,3.437746693945311,2.822269169768765,-45.18572775615007,30.43380322448649,"[[-0.9288095528719243, -0.0, -0.3705574375098363, 0.3], [0.0, 1.0000000000000002, -0.0, 0.22], [0.3705574375098363, 0.0, -0.9288095528719243, 0.36708333333333343], [0.0, 0.0, 0.0, 1.0]]","[[-0.669018657410193, -0.24537541113954167, 0.7015731919373517, -0.08439299780975032], [-0.5207713385367205, 0.8282373558472368, -0.20693017019722026, 0.33644502511157637], [-0.5302935498341798, -0.5037993548897011, -0.6818907251290237, 0.6156529246335346], [0.0, 0.0, 0.0, 1.0]]","[[-0.9288095528719243, -0.0, -0.3705574375098363, 0.3], [0.0, 1.0000000000000002, -0.0, -0.22], [0.3705574375098363, 0.0, -0.9288095528719243, 0.36708333333333343], [0.0, 0.0, 0.0, 1.0]]","[[-0.6663646015289101, 0.2392209711379965, 0.7062092783283233, -0.08599553996714249], [0.5090897021416456, 0.8379807363667576, 0.19650944163463882, -0.3319621490681081], [-0.5447805916169809, 0.49047080692536726, -0.6801856324206147, 0.6161678721494998], [0.0, 0.0, 0.0, 1.0]]"
3.525,-185.66417160462117,26.263781490896946,-4.4461253005981405,3.437746693945311,-2.6755413384712585,-44.972192137033375,-31.253986000399962,-185.66165809500663,-25.887304878940427,4.7833620488861115,3.437746693945311,2.822269169768765,-45.18572775615007,30.43380322448649,"[[-0.9312149347588037, -0.0, -0.36447049987914965, 0.3], [0.0, 1.0, -0.0, 0.22], [0.36447049987914965, 0.0, -0.9312149347588037, 0.3693750000000001], [0.0, 0.0, 0.0, 1.0]]","[[-0.6701765258604114, -0.24636847808891268, 0.7001185593810684, -0.08308499193255083], [-0.5197762730069508, 0.829150272918996, -0.2057728138927937, 0.335357482637267], [-0.5298075595956264, -0.5018091249892808, -0.6837335386485143, 0.616070761027599], [0.0, 0.0, 0.0, 1.0]]","[[-0.9312149347588037, -0.0, -0.36447049987914965, 0.3], [0.0, 1.0, -0.0, -0.22], [0.36447049987914965, 0.0, -0.9312149347588037, 0.3693750000000001], [0.0, 0.0, 0.0, 1.0]]","[[-0.6678961390544401, 0.2406302939414717, 0.7042810582954886, -0.08424999815389819], [0.5081532763958926, 0.8388316865740989, 0.19529887170020402, -0.3308807309739234], [-0.543778443048538, 0.4883220896466738, -0.6825295170458302, 0.6166394898179465], [0.0, 0.0, 0.0, 1.0]]"
3.533333333333333,-185.51177642385986,26.189885674266577,-4.392062218883374,3.437746693945311,-2.6755413384712585,-44.972192137033375,-31.253986000399962,-185.4921601205636,-25.81958867596163,4.727373707599048,3.437746693945311,2.822269169768765,-45.18572775615007,30.43380322448649,"[[-0.9335804264972015, -0.0, -0.35836794954530066, 0.3], [0.0, 0.9999999999999999, -0.0, 0.22], [0.35836794954530066, 0.0, -0.9335804264972015, 0.3716666666666667], [0.0, 0.0, 0.0, 1.0]]","[[-0.6713356006070386, -0.24731682887015374, 0.6986722389756146, -0.08178868107660389], [-0.5187725145677999, 0.8300561834332361, -0.20465045925492617, 0.33428596615750084], [-0.5293237095451033, -0.4998410932505064, -0.6855474396506414, 0.6164785783312468], [0.0, 0.0, 0.0, 1.0]]","[[-0.9335804264972015, -0.0, -0.35836794954530066, 0.3], [0.0, 0.9999999999999999, -0.0, -0.22], [0.35836794954530066, 0.0, -0.9335804264972015, 0.3716666666666667], [0.0, 0.0, 0.0, 1.0]]","[[-0.6692314787886471, 0.24172543242699526, 0.7026364942958363, -0.08276946198225986], [0.5071758097939225, 0.8396799176740668, 0.1941914874930193, -0.3298377846057075], [-0.5430487323972311, 0.486319289328374, -0.6845375249530925, 0.6170603326793411], [0.0, 0.0, 0.0, 1.0]]"
3.5416666666666665,-185.3580698467779,26.11724661244349,-4.336710365849591,3.437746693945311,-2.6755413384712585,-44.972192137033375,-31.253986000399962,-185.26634040622463,-25.675557061838987,4.623035737837933,3.437746693945311,2.822269169768765,-45.18572775615007,30.43380322448649,"[[-0.9359059267573255, -0.0, -0.3522500479212338, 0.3], [0.0, 1.0, -0.0, 0.22], [0.3522500479212338, 0.0, -0.9359059267573255, 0.3739583333333334], [0.0, 0.0, 0.0, 1.0]]","[[-0.6725174637836295, -0.2482547822104082, 0.6972014228439993, -0.08047400685420548], [-0.5177643203618367, 0.8309552196994865, -0.20355228177159562, 0.3332264135838142], [-0.528810334114491, -0.4978784851385331, -0.6873693654578152, 0.6168813529052517], [0.0, 0.0, 0.0, 1.0]]","[[-0.9359059267573255, -0.0, -0.3522500479212338, 0.3], [0.0, 1.0, -0.0, -0.22], [0.3522500479212338, 0.0, -0.9359059267573255, 0.3739583333333334], [0.0, 0.0, 0.0, 1.0]]","[[-0.6705085132610502, 0.24269765599495235, 0.7010821502641553, -0.08137572966138752], [0.506180815517431, 0.8405228659334358, 0.19313801760697474, -0.32881695349192747], [-0.542401434038079, 0.48437501960526336, -0.686426634634639, 0.6174595301814186], [0.0, 0.0, 0.0, 1.0]]"
3.55,-185.20180877894634,26.045924069582927,-4.2800031471523825,3.437746693945311,-2.6755413384712585,-44.972192137033375,-31.253986000399962,-185.17353179578248,-25.6852337323456,4.613612211217431,3.437746693945311,2.822269169768765,-45.18572775615007,30.43380322448649,"[[-0.938191335922484, -0.0, -0.3461170570774933, 0.3], [0.0, 1.0, -0.0, 0.22], [0.3461170570774933, 0.0, -0.938191335922484, 0.3762500000000001], [0.0, 0.0, 0.0, 1.0]]","[[-0.6737305854286028, -0.24919616673415138, 0.695692725808627, -0.0791288506839326], [-0.5167533362134333, 0.8318476453159783, -0.20247341676019798, 0.3321768721382719], [-0.5282547565051532, -0.4959140706486029, -0.6892141515976106, 0.6172810106400257], [0.0, 0.0, 0.0, 1.0]]","[[-0.938191335922484, -0.0, -0.3461170570774933, 0.3], [0.0, 1.0, -0.0, -0.22], [0.3461170570774933, 0.0, -0.938191335922484, 0.3762500000000001], [0.0, 0.0, 0.0, 1.0]]","[[-0.6717846537066554, 0.2436263507351524, 0.6995366897252079, -0.07999424526878095], [0.5051776318460238, 0.8413599006195593, 0.19211735453073647, -0.327810896819046], [-0.5417572697497216, 0.48245177878925677, -0.6882872524000496, 0.617848997455538], [0.0, 0.0, 0.0, 1.0]]"
3.558333333333333,-185.05297895693175,25.971430611400184,-4.236967405852601,3.437746693945311,-2.6755413384712585,-44.972192137033375,-31.253986000399962,-185.01378733147425,-25.619675869144526,4.554916553698104,3.437746693945311,2.822269169768765,-45.18572775615007,30.43380322448649,"[[-0.9404365560933546, -0.0, -0.3399692397309945, 0.3], [0.0, 0.9999999999999999, -0.0, 0.22], [0.3399692397309945, 0.0, -0.9404365560933546, 0.37854166666666667], [0.0, 0.0, 0.0, 1.0]]","[[-0.6747946778865921, -0.25025921904022586, 0.6942783778725266, -0.07786091479648473], [-0.5158681427909514, 0.8326964461320852, -0.2012378887098799, 0.33109846463583725], [-0.5277615010109633, -0.49395035366357587, -0.6909998886876056, 0.6176720951818034], [0.0, 0.0, 0.0, 1.0]]","[[-0.9404365560933546, -0.0, -0.3399692397309945, 0.3], [0.0, 0.9999999999999999, -0.0, -0.22], [0.3399692397309945, 0.0, -0.9404365560933546, 0.37854166666666667], [0.0, 0.0, 0.0, 1.0]]","[[-0.6730828548292098, 0.24454400219256825, 0.6979668341164944, -0.0785946884761787], [0.5041700046018651, 0.8421910437184867, 0.19111999461103318, -0.32681609853013477], [-0.5410841681242542, 0.4805335335561996, -0.6901561027284167, 0.618233483691269], [0.0, 0.0, 0.0, 1.0]]"
3.5666666666666664,-184.98522348036525,25.89175474718469,-4.190493518079365,3.437746693945311,-2.6755413384712585,-44.972192137033375,-31.253986000399962,-184.86218445265663,-25.55092489250647,4.509667404220415,3.437746693945311,2.822269169768765,-45.18572775615007,30.43380322448649,"[[-0.9426414910921785, -0.0, -0.3338068592337708, 0.3], [0.0, 1.0, -0.0, 0.22], [0.3338068592337708, 0.0, -0.9426414910921785, 0.38083333333333347], [0.0, 0.0, 0.0, 1.0]]","[[-0.6753497242851013, -0.25029120334610955, 0.6937269372278937, -0.07738624151352869], [-0.5147772125062867, 0.8335748078931956, -0.20039326617947853, 0.3301429568792391], [-0.5281166266955576, -0.49245035604960063, -0.6917987246550305, 0.6179337562092126], [0.0, 0.0, 0.0, 1.0]]","[[-0.9426414910921785, -0.0, -0.3338068592337708, 0.3], [0.0, 1.0, -0.0, -0.22], [0.3338068592337708, 0.0, -0.9426414910921785, 0.38083333333333347], [0.0, 0.0, 0.0, 1.0]]","[[-0.6742286509223221, 0.24557409392336005, 0.6964977319914161, -0.07727951998695823], [0.5032841736969835, 0.8429804356305097, 0.18997111793728252, -0.32579389637140044], [-0.54048197637073, 0.47862025608818226, -0.6919551168106735, 0.6186080016231043], [0.0, 0.0, 0.0, 1.0]]"
3.5749999999999997,-184.76544165325257,25.828754789827787,-4.126139902606329,3.437746693945311,-2.6755413384712585,-44.972192137033375,-31.253986000399962,-184.69864240316986,-25.485932227459212,4.45203597555114,3.437746693945311,2.822269169768765,-45.18572775615007,30.43380322448649,"[[-0.9448060464668782, -0.0, -0.32763017956169327, 0.3], [0.0, 1.0, -0.0, 0.22], [0.32763017956169327, 0.0, -0.9448060464668782, 0.38312500000000016], [0.0, 0.0, 0.0, 1.0]]","[[-0.6770517361874235, -0.2518548788908634, 0.6914984211872535, -0.075399407145528], [-0.5138346371571021, 0.834446507808303, -0.19918080044059763, 0.32905263581930605], [-0.5268537863423068, -0.4901715470989686, -0.6943752171782767, 0.6184078696734763], [0.0, 0.0, 0.0, 1.0]]","[[-0.9448060464668782, -0.0, -0.32763017956169327, 0.3], [0.0, 1.0, -0.0, -0.22], [0.32763017956169327, 0.0, -0.9448060464668782, 0.38312500000000016], [0.0, 0.0, 0.0, 1.0]]","[[-0.6748248407167906, 0.2456145066782752, 0.6959058474109454, -0.07676723385418853], [0.5022040070347538, 0.8438027685293278, 0.18917722680195626, -0.3248784476239743], [-0.5407426094453769, 0.47714819703256695, -0.6927676583088845, 0.6188572156454666], [0.0, 0.0, 0.0, 1.0]]"
3.5833333333333335,-184.57399145081712,25.76410363423903,-4.062796301356808,3.437746693945311,-2.6755413384712585,-44.972192137033375,-31.253986000399962,-184.6253134922406,-25.41171197684327,4.403676528680157,3.437746693945311,2.822269169768765,-45.18572775615007,30.43380322448649,"[[-0.9469301294951056, -0.0, -0.32143946530316175, 0.3], [0.0, 1.0, -0.0, 0.22], [0.32143946530316175, 0.0, -0.9469301294951056, 0.38541666666666685], [0.0, 0.0, 0.0, 1.0]]","[[-0.6785608298186167, -0.25308763376519094, 0.689566421652771, -0.07368717064231], [-0.5128482366971598, 0.8353143326511866, -0.1980824368391021, 0.3280059293142681], [-0.5258725000914999, -0.4880539061442286, -0.6966071334295078, 0.6188316650325099], [0.0, 0.0, 0.0, 1.0]]","[[-0.9469301294951056, -0.0, -0.32143946530316175, 0.3], [0.0, 1.0, -0.0, -0.22], [0.32143946530316175, 0.0, -0.9469301294951056, 0.38541666666666685], [0.0, 0.0, 0.0, 1.0]]","[[-0.6761815023069164, 0.2465908879195053, 0.6942416797722765, -0.07528972935336482], [0.5012134880165213, 0.8446161543380393, 0.1881717068571526, -0.32388847155795514], [-0.5399663094752064, 0.4752015212794376, -0.6947084991602119, 0.6192375888795351], [0.0, 0.0, 0.0, 1.0]]"
3.591666666666667,-184.4917696335885,25.68807679858762,-4.0125986798254445,3.437746693945311,-2.6755413384712585,-44.972192137033375,-31.253986000399962,-184.3980867589326,-25.35707900121963,4.333222700504653,3.437746693945311,2.822269169768765,-45.18572775615007,30.43380322448649,"[[-0.9490136491882138, -0.0, -0.31523498164776975, 0.3], [0.0, 0.9999999999999999, -0.0, 0.22], [0.31523498164776975, 0.0, -0.9490136491882138, 0.38770833333333343], [0.0, 0.0, 0.0, 1.0]]","[[-0.6792510527822402, -0.25322167124673167, 0.6888372757808845, -0.07305824408958402], [-0.5117597463948147, 0.8361778160547431, -0.19725268542616897, 0.3270614224203588], [-0.5260417942180384, -0.48650328380076985, -0.6975633201272373, 0.6191008275092311], [0.0, 0.0, 0.0, 1.0]]","[[-0.9490136491882138, -0.0, -0.31523498164776975, 0.3], [0.0, 0.9999999999999999, -0.0, -0.22], [0.31523498164776975, 0.0, -0.9490136491882138, 0.38770833333333343], [0.0, 0.0, 0.0, 1.0]]","[[-0.6780438558365465, 0.24809032949407597, 0.6918870702461705, -0.07319880208598863], [0.5002535793797649, 0.8454227518935431, 0.18710084686735567, -0.3228771870558198], [-0.5385191601791358, 0.4729815630574507, -0.6973417778447588, 0.6196896162310653], [0.0, 0.0, 0.0, 1.0]]"
3.6,-184.25308184285322,25.631381105834635,-3.939484919855043,3.437746693945311,-2.6755413384712585,-44.972192137033375,-31.253986000399962,-184.19982002770547,-25.300238166946784,4.264873851253982,3.437746693945311,2.822269169768765,-45.18572775615007,30.43380322448649,"[[-0.9510565162951536, -0.0, -0.30901699437494756, 0.3], [0.0, 1.0, -0.0, 0.22], [0.30901699437494756, 0.0, -0.9510565162951536, 0.3900000000000001], [0.0, 0.0, 0.0, 1.0]]","[[-0.6811529883346068, -0.25484842494623405, 0.6863547820080069, -0.07086326081671027], [-0.5107924949092719, 0.8370341716025738, -0.19612450819302082, 0.3260081478816657], [-0.5245203843771911, -0.48417566633611053, -0.7003229901272605, 0.6195710545824222], [0.0, 0.0, 0.0, 1.0]]","[[-0.9510565162951536, -0.0, -0.30901699437494756, 0.3], [0.0, 1.0, -0.0, -0.22], [0.30901699437494756, 0.0, -0.9510565162951536, 0.3900000000000001], [0.0, 0.0, 0.0, 1.0]]","[[-0.6796922772745637, 0.24927556659330496, 0.689840633851692, -0.07139141208487396], [0.4992583488005693, 0.8462254020039732, 0.18612810146816314, -0.32190399574799], [-0.5373634797474114, 0.47091852894402075, -0.6996257783493636, 0.6200925497615756], [0.0, 0.0, 0.0, 1.0]]"
3.6083333333333334,-184.05868099869633,25.568126723931147,-3.8831085384457578,3.437746693945311,-2.6755413384712585,-44.972192137033375,-31.253986000399962,-184.11229798368092,-25.229521803375057,4.213240609336447,3.437746693945311,2.822269169768765,-45.18572775615007,30.43380322448649,"[[-0.9530586433062971, -0.0, -0.30278576984257466, 0.3], [0.0, 1.0, -0.0, 0.22], [0.30278576984257466, 0.0, -0.9530586433062971, 0.3922916666666668], [0.0, 0.0, 0.0, 1.0]]","[[-0.6826385724402814, -0.25620572937401226, 0.6843706624721908, -0.06911062825120795], [-0.5099048636961638, 0.8378490245041567, -0.19495138398182696, 0.3249665533655218], [-0.5234516304260515, -0.4820452638221472, -0.7025886095226318, 0.61997986125591], [0.0, 0.0, 0.0, 1.0]]","[[-0.9530586433062971, -0.0, -0.30278576984257466, 0.3], [0.0, 1.0, -0.0, -0.22], [0.30278576984257466, 0.0, -0.9530586433062971, 0.3922916666666668], [0.0, 0.0, 0.0, 1.0]]","[[-0.6804561644189815, 0.24942696795647473, 0.6890323620558385, -0.07069274971687792], [0.4981811307418376, 0.8470285957904955, 0.18535943160779736, -0.3210055960004456], [-0.5373964730782967, 0.46939188911742113, -0.7006256383788609, 0.6203485061047198], [0.0, 0.0, 0.0, 1.0]]"
3.6166666666666667,-183.86678000377566,25.50665331385374,-3.817048656340687,3.437746693945311,-2.6755413384712585,-44.972192137033375,-31.253986000399962,-183.87776294796103,-25.176907148651157,4.148211232022401,3.437746693945311,2.822269169768765,-45.18572775615007,30.43380322448649,"[[-0.9550199444571866, -0.0, -0.296541574975571, 0.3], [0.0, 1.0, -0.0, 0.22], [0.296541574975571, 0.0, -0.9550199444571866, 0.3945833333333334], [0.0, 0.0, 0.0, 1.0]]","[[-0.6841802456131243, -0.25737205490701387, 0.6823906629385443, -0.06737465310602539], [-0.5089121550369706, 0.8386905140277106, -0.19392431548302877, 0.3239585066137399], [-0.5224038762953347, -0.4799560886506973, -0.7047952489898983, 0.6203731873138323], [0.0, 0.0, 0.0, 1.0]]","[[-0.9550199444571866, -0.0, -0.296541574975571, 0.3], [0.0, 1.0, -0.0, -0.22], [0.296541574975571, 0.0, -0.9550199444571866, 0.3945833333333334], [0.0, 0.0, 0.0, 1.0]]","[[-0.6823349664411793, 0.25107499700760466, 0.6865714379795785, -0.06851695063470818], [0.4973156492605438, 0.8477861382994658, 0.18421674383139908, -0.3199990039067821], [-0.5358135296651988, 0.46714024616266026, -0.7033376513757887, 0.6207880110544073], [0.0, 0.0, 0.0, 1.0]]"
3.625,-183.67643629198574,25.446484469907805,-3.74846544622412,3.437746693945311,-2.6755413384712585,-44.972192137033375,-31.253986000399962,-183.6675160649297,-25.123324314612407,4.076921132560393,3.437746693945311,2.822269169768765,-45.18572775615007,30.43380322448649,"[[-0.9569403357322089, -0.0, -0.2902846772544624, 0.3], [0.0, 1.0, -0.0, 0.22], [0.2902846772544624, 0.0, -0.9569403357322089, 0.3968750000000001], [0.0, 0.0, 0.0, 1.0]]","[[-0.6857329129534133, -0.2584728135851271, 0.680413239678517, -0.0656478041589279], [-0.5078976341357435, 0.8395295223980948, -0.19295122249247731, 0.32297083719645625], [-0.5213543567783252, -0.47789327852504393, -0.7069707554127285, 0.6207547710737762], [0.0, 0.0, 0.0, 1.0]]","[[-0.9569403357322089, -0.0, -0.2902846772544624, 0.3], [0.0, 1.0, -0.0, -0.22], [0.2902846772544624, 0.0, -0.9569403357322089, 0.3968750000000001], [0.0, 0.0, 0.0, 1.0]]","[[-0.6840910228851423, 0.2523312920983767, 0.6843598406072083, -0.066576678329806], [0.4963316391771838, 0.8485699458407724, 0.18325924524421383, -0.3190406244509211], [-0.5344851507382126, 0.4650354460078853, -0.7057390860626876, 0.6211835185693373], [0.0, 0.0, 0.0, 1.0]]"
3.6333333333333333,-183.4561900120095,25.30652364853049,-3.6373899217336105,3.437746693945311,-2.6755413384712585,-44.972192137033375,-31.253986000399962,-183.4678969562469,-25.069712452269684,4.004697858503032,3.437746693945311,2.822269169768765,-45.18572775615007,30.43380322448649,"[[-0.958819734868193, -0.0, -0.2840153447039226, 0.3], [0.0, 1.0, -0.0, 0.22], [0.2840153447039226, 0.0, -0.958819734868193, 0.3991666666666668], [0.0, 0.0, 0.0, 1.0]]","[[-0.6875944625614149, -0.2591806301374714, 0.678261937614387, -0.06379673798671058], [-0.5057663819591465, 0.8411961314142423, -0.1912836516110763, 0.3211039776737934], [-0.5209743006471952, -0.4745676658341317, -0.7094866514670378, 0.6213145335909163], [0.0, 0.0, 0.0, 1.0]]","[[-0.958819734868193, -0.0, -0.2840153447039226, 0.3], [0.0, 1.0, -0.0, -0.22], [0.2840153447039226, 0.0, -0.958819734868193, 0.3991666666666668], [0.0, 0.0, 0.0, 1.0]]","[[-0.6857820699240958, 0.25344154471849045, 0.6822538647610054, -0.06473727234039026], [0.4953208420984885, 0.8493522973071846, 0.18236759153383642, -0.3181065401976204], [-0.5332543632765389, 0.46299898322751576, -0.7080054558948113, 0.6215561268453118], [0.0, 0.0, 0.0, 1.0]]"
3.6416666666666666,-183.33111558792822,25.324162612062047,-3.6131581181056975,3.437746693945311,-2.6755413384712585,-44.972192137033375,-31.253986000399962,-183.27034056469347,-25.016971439046138,3.9308810159349425,3.437746693945311,2.822269169768765,-45.18572775615007,30.43380322448649,"[[-0.9606580613579351, -0.0, -0.2777338458812926, 0.3], [0.0, 0.9999999999999999, -0.0, 0.22], [0.2777338458812926, 0.0, -0.9606580613579351, 0.40145833333333336], [0.0, 0.0, 0.0, 1.0]]","[[-0.6885973659482396, -0.2602666624626958, 0.6768271064457122, -0.06253522705344017], [-0.505818971242119, 0.8411966858678246, -0.19114210424852246, 0.32105001666985133], [-0.5195968013187827, -0.4739719401984867, -0.7108936375884733, 0.6214532852006488], [0.0, 0.0, 0.0, 1.0]]","[[-0.9606580613579351, -0.0, -0.2777338458812926, 0.3], [0.0, 0.9999999999999999, -0.0, -0.22], [0.2777338458812926, 0.0, -0.9606580613579351, 0.40145833333333336], [0.0, 0.0, 0.0, 1.0]]","[[-0.687471608180792, 0.2544951828444874, 0.6801580624048111, -0.06291321756805583], [0.49429583203461375, 0.850131363861958, 0.18151665105828904, -0.3171886981049033], [-0.5320285879335103, 0.4609868393860703, -0.7102370840320272, 0.621917055687388], [0.0, 0.0, 0.0, 1.0]]"
3.65,-183.1199807803048,25.26831044767156,-3.546468151049693,3.437746693945311,-2.6755413384712585,-44.972192137033375,-31.253986000399962,-183.17391195399122,-24.949513075708506,3.8770557101806573,3.437746693945311,2.822269169768765,-45.18572775615007,30.43380322448649,"[[-0.9624552364536473, -0.0, -0.2714404498650746, 0.3], [0.0, 1.0, -0.0, 0.22], [0.2714404498650746, 0.0, -0.9624552364536473, 0.40375000000000016], [0.0, 0.0, 0.0, 1.0]]","[[-0.69027874115172, -0.2616206500623425, 0.6745886857744905, -0.06058740635263848], [-0.5048962810931004, 0.8419872437791386, -0.1900979396299882, 0.3200661661397058], [-0.518261521678345, -0.4718178851783461, -0.7132971879753064, 0.6218369792847775], [0.0, 0.0, 0.0, 1.0]]","[[-0.9624552364536473, -0.0, -0.2714404498650746, 0.3], [0.0, 1.0, -0.0, -0.22], [0.2714404498650746, 0.0, -0.9624552364536473, 0.40375000000000016], [0.0, 0.0, 0.0, 1.0]]","[[-0.6883253316493643, 0.2546915114851902, 0.6792204883446771, -0.06211042946704332], [0.49322947020749486, 0.85090937246101, 0.18077037804033008, -0.31630968557650524], [-0.5319143986851891, 0.4594403920373123, -0.7113238352789637, 0.6221627115463193], [0.0, 0.0, 0.0, 1.0]]"
3.658333333333333,-182.91028031240705,25.213877255081144,-3.4710457871398273,3.437746693945311,-2.6755413384712585,-44.972192137033375,-31.253986000399962,-182.92368114355864,-24.903945468660766,3.800794940550172,3.437746693945311,2.822269169768765,-45.18572775615007,30.43380322448649,"[[-0.9642111831703293, -0.0, -0.26513542624340836, 0.3], [0.0, 1.0, -0.0, 0.22], [0.26513542624340836, 0.0, -0.9642111831703293, 0.40604166666666675], [0.0, 0.0, 0.0, 1.0]]","[[-0.6920142200632405, -0.2628109823805112, 0.6723441877271311, -0.058646926380072115], [-0.5038790985615135, 0.8428030921322504, -0.1891792851375498, 0.31910928942542194], [-0.51693536662053, -0.4696949386916027, -0.7156566853627445, 0.6222069286728518], [0.0, 0.0, 0.0, 1.0]]","[[-0.9642111831703293, -0.0, -0.26513542624340836, 0.3], [0.0, 1.0, -0.0, -0.22], [0.26513542624340836, 0.0, -0.9642111831703293, 0.40604166666666675], [0.0, 0.0, 0.0, 1.0]]","[[-0.6903943402276221, 0.2563008458850279, 0.6765098161743744, -0.059749207666207824], [0.4923185536380693, 0.8516486687706671, 0.17976925967715002, -0.31536211617023013], [-0.5300736710358157, 0.4571700136489381, -0.7141550825239878, 0.6225702388952172], [0.0, 0.0, 0.0, 1.0]]"
3.6666666666666665,-182.80726739934494,25.144499608586738,-3.416526576854551,3.437746693945311,-2.6755413384712585,-44.972192137033375,-31.253986000399962,-182.6958533536037,-24.85725258794727,3.719493491312218,3.437746693945311,2.822269169768765,-45.18572775615007,30.43380322448649,"[[-0.9659258262890682, -0.0, -0.258819045102521, 0.3], [0.0, 1.0, -0.0, 0.22], [0.258819045102521, 0.0, -0.9659258262890682, 0.4083333333333333], [0.0, 0.0, 0.0, 1.0]]","[[-0.692899407472761, -0.2630786618505903, 0.6713270654478334, -0.057781845617284985], [-0.5028171217459012, 0.8436160758017457, -0.18837956027135888, 0.3181979671599889], [-0.5167836618964112, -0.4680828284906056, -0.7168215346020026, 0.6224616018544559], [0.0, 0.0, 0.0, 1.0]]","[[-0.9659258262890682, -0.0, -0.258819045102521, 0.3], [0.0, 1.0, -0.0, -0.22], [0.258819045102521, 0.0, -0.9659258262890682, 0.4083333333333333], [0.0, 0.0, 0.0, 1.0]]","[[-0.6923448456407666, 0.2575623390794006, 0.6740328302112677, -0.05760662792083028], [0.49130451303237455, 0.8524111426186831, 0.178927693254937, -0.31445564404952553], [-0.5284680597620683, 0.45503503758222774, -0.7167040005356855, 0.6229393790419494], [0.0, 0.0, 0.0, 1.0]]"
3.675,-182.5341827759495,25.100827379033678,-3.323849234110529,3.437746693945311,-2.6755413384712585,-44.972192137033375,-31.253986000399962,-182.4777380926485,-24.810375292126178,3.6375009123076234,3.437746693945311,2.822269169768765,-45.18572775615007,30.43380322448649,"[[-0.9675990923602598, -0.0, -0.2524915770151582, 0.3], [0.0, 1.0, -0.0, 0.22], [0.2524915770151582, 0.0, -0.9675990923602598, 0.41062500000000013], [0.0, 0.0, 0.0, 1.0]]","[[-0.6951764007975877, -0.2647205091261898, 0.668320898836841, -0.05519064380958984], [-0.5017856214178831, 0.8444321703483589, -0.1874713306589288, 0.3172414516276396], [-0.5147241609953637, -0.46567946242961095, -0.719862262074411, 0.6228775014336194], [0.0, 0.0, 0.0, 1.0]]","[[-0.9675990923602598, -0.0, -0.2524915770151582, 0.3], [0.0, 1.0, -0.0, -0.22], [0.2524915770151582, 0.0, -0.9675990923602598, 0.41062500000000013], [0.0, 0.0, 0.0, 1.0]]","[[-0.6933106532578273, 0.2578538651873429, 0.672927724415596, -0.05666409177766621], [0.4902518255360512, 0.8531733514678366, 0.1781807506542408, -0.3135837207474829], [-0.5281794066771006, 0.4534386579826285, -0.7179275017779574, 0.6231853713484854], [0.0, 0.0, 0.0, 1.0]]"
3.683333333333333,-182.30655989166965,25.05098407356551,-3.2477903819473823,3.437746693945311,-2.6755413384712585,-44.972192137033375,-31.253986000399962,-182.37868668930497,-24.74399097603553,3.5901122060724284,3.437746693945311,2.822269169768765,-45.18572775615007,30.43380322448649,"[[-0.9692309097067545, -0.0, -0.24615329302899325, 0.3], [0.0, 1.0000000000000002, -0.0, 0.22], [0.24615329302899325, 0.0, -0.9692309097067545, 0.4129166666666667], [0.0, 0.0, 0.0, 1.0]]","[[-0.697035448643305, -0.2660866106574405, 0.6658374418455772, -0.05305579152969811], [-0.50083052550828, 0.8452074124030173, -0.18652939376435082, 0.3163011058995166], [-0.5131377671286015, -0.46348931557030715, -0.7224038249472668, 0.6232391857960297], [0.0, 0.0, 0.0, 1.0]]","[[-0.9692309097067545, -0.0, -0.24615329302899325, 0.3], [0.0, 1.0000000000000002, -0.0, -0.22], [0.24615329302899325, 0.0, -0.9692309097067545, 0.4129166666666667], [0.0, 0.0, 0.0, 1.0]]","[[-0.6950682667911716, 0.25900209500048366, 0.6706698288168906, -0.054718350605061444], [0.4892889320435373, 0.8539041733477621, 0.17732457167287902, -0.3126929463764925], [-0.5267603302068329, 0.4514040069877932, -0.7202485522344027, 0.6235208816868308], [0.0, 0.0, 0.0, 1.0]]"
3.6916666666666664,-182.19189467588347,24.984381191421424,-3.191036632586454,3.437746693945311,-2.6755413384712585,-44.972192137033375,-31.253986000399962,-182.10068432970712,-24.70611074689864,3.4953497346408486,3.437746693945311,2.822269169768765,-45.18572775615007,30.43380322448649,"[[-0.970821208426928, -0.0, -0.23980446465501665, 0.3], [0.0, 0.9999999999999999, -0.0, 0.22], [0.23980446465501665, 0.0, -0.970821208426928, 0.4152083333333335], [0.0, 0.0, 0.0, 1.0]]","[[-0.6993280989833289, -0.2670969475759284, 0.6630229487491252, -0.050667905303365735], [-0.49873488158300383, 0.8468002767463124, -0.1849129773562579, 0.31448535167767744], [-0.512058324670882, -0.4599875127631081, -0.725401792276018, 0.6237738489405099], [0.0, 0.0, 0.0, 1.0]]","[[-0.970821208426928, -0.0, -0.23980446465501665, 0.3], [0.0, 0.9999999999999999, -0.0, -0.22], [0.23980446465501665, 0.0, -0.970821208426928, 0.4152083333333335], [0.0, 0.0, 0.0, 1.0]]","[[-0.6974507741936384, 0.2605993973848767, 0.667570499392636, -0.05205428498686936], [0.4882723956708873, 0.8546576311242149, 0.17649476249157622, -0.3117931005807802], [-0.5245497928724278, 0.44905265575852515, -0.7233251185695881, 0.6239108445944487], [0.0, 0.0, 0.0, 1.0]]"
3.6999999999999997,-181.90178922107634,24.945426915037547,-3.0905148175806723,3.437746693945311,-2.6755413384712585,-44.972192137033375,-31.253986000399962,-181.8548794818567,-24.66543526284392,3.40377226579661,3.437746693945311,2.822269169768765,-45.18572775615007,30.43380322448649,"[[-0.9723699203976766, -0.0, -0.23344536385590553, 0.3], [0.0, 1.0, -0.0, 0.22], [0.23344536385590553, 0.0, -0.9723699203976766, 0.4175000000000001], [0.0, 0.0, 0.0, 1.0]]","[[-0.7004577925597628, -0.2681244892765727, 0.6614137427454023, -0.04928501857637357], [-0.498729429076395, 0.8468084942923872, -0.18489004994156166, 0.31447041207775733], [-0.5105172253856252, -0.4593741745510267, -0.7268751820912072, 0.6238873766251094], [0.0, 0.0, 0.0, 1.0]]","[[-0.9723699203976766, -0.0, -0.23344536385590553, 0.3], [0.0, 1.0, -0.0, -0.22], [0.23344536385590553, 0.0, -0.9723699203976766, 0.4175000000000001], [0.0, 0.0, 0.0, 1.0]]","[[-0.698575005346294, 0.26101291389741743, 0.6662321072150489, -0.05091814813493751], [0.4872279466732352, 0.8554059230534801, 0.17575447301735111, -0.3109297696796336], [-0.52402470350739, 0.4473845835339021, -0.7247379833637733, 0.6241586467362766], [0.0, 0.0, 0.0, 1.0]]"
3.7083333333333335,-181.6479247500053,24.903148044075166,-2.9949792541124114,3.437746693945311,-2.6755413384712585,-44.972192137033375,-31.253986000399962,-181.73330211463048,-24.604310192414186,3.3436002201995016,3.437746693945311,2.822269169768765,-45.18572775615007,30.43380322448649,"[[-0.9738769792773336, -0.0, -0.22707626303437328, 0.3], [0.0, 1.0, -0.0, 0.22], [0.22707626303437328, 0.0, -0.9738769792773336, 0.4197916666666669], [0.0, 0.0, 0.0, 1.0]]","[[-0.7026243751717308, -0.26946037395286376, 0.6585666969136216, -0.046866175682398016], [-0.4976513223175452, 0.8476067959980184, -0.1841354956915494, 0.31357909177903137], [-0.5085883883949119, -0.4571146751605736, -0.7296465068392431, 0.6242365725645336], [0.0, 0.0, 0.0, 1.0]]","[[-0.9738769792773336, -0.0, -0.22707626303437328, 0.3], [0.0, 1.0, -0.0, -0.22], [0.22707626303437328, 0.0, -0.9738769792773336, 0.4197916666666669], [0.0, 0.0, 0.0, 1.0]]","[[-0.7006722884577126, 0.26221642971728876, 0.6635517223048636, -0.0486318931657905], [0.4861704384888329, 0.8561536266978447, 0.17504077305503457, -0.3100754749666517], [-0.5222036469874646, 0.4452454508228539, -0.7273649975043792, 0.6244921269763967], [0.0, 0.0, 0.0, 1.0]]"
3.716666666666667,-181.53260383605883,24.83785314315714,-2.9426151819536854,3.437746693945311,-2.6755413384712585,-44.972192137033375,-31.253986000399962,-181.44555990527618,-24.570263406948964,3.2464155929335057,3.437746693945311,2.822269169768765,-45.18572775615007,30.43380322448649,"[[-0.9753423205085128, -0.0, -0.22069743502150113, 0.3], [0.0, 1.0, -0.0, 0.22], [0.22069743502150113, 0.0, -0.9753423205085128, 0.4220833333333335], [0.0, 0.0, 0.0, 1.0]]","[[-0.7045326608607878, -0.27070496115990783, 0.656012617091951, -0.044700147308170735], [-0.49665703229709013, 0.8483686290020649, -0.1833097422261124, 0.31268667811318235], [-0.5069176679208026, -0.4549609800066039, -0.7321509302194222, 0.6245570882409037], [0.0, 0.0, 0.0, 1.0]]","[[-0.9753423205085128, -0.0, -0.22069743502150113, 0.3], [0.0, 1.0, -0.0, -0.22], [0.22069743502150113, 0.0, -0.9753423205085128, 0.4220833333333335], [0.0, 0.0, 0.0, 1.0]]","[[-0.7031294480641328, 0.26385813958365595, 0.660293769045627, -0.04585420763425331], [0.485180769268223, 0.8568777297169878, 0.17424172131655488, -0.3092054907957329], [-0.51981592934165, 0.44287632414762534, -0.7305148602952332, 0.6248548953709829], [0.0, 0.0, 0.0, 1.0]]"
3.725,-181.29633393228974,24.792980507857447,-2.8529759927298497,3.437746693945311,-2.6755413384712585,-44.972192137033375,-31.253986000399962,-181.1857395092489,-24.53377824395005,3.1476051672016356,3.437746693945311,2.822269169768765,-45.18572775615007,30.43380322448649,"[[-0.9767658813208724, -0.0, -0.21430915306505074, 0.3], [0.0, 1.0, -0.0, 0.22], [0.21430915306505074, 0.0, -0.9767658813208724, 0.42437500000000006], [0.0, 0.0, 0.0, 1.0]]","[[-0.7055940188027582, -0.2710819919773187, 0.6547149259451646, -0.043613365963281886], [-0.4956108483122081, 0.8491459970543519, -0.1825403043763885, 0.31180238979094305], [-0.5064651692515754, -0.45328316680876213, -0.7335035126178971, 0.6247928032801413], [0.0, 0.0, 0.0, 1.0]]","[[-0.9767658813208724, -0.0, -0.21430915306505074, 0.3], [0.0, 1.0, -0.0, -0.22], [0.21430915306505074, 0.0, -0.9767658813208724, 0.42437500000000006], [0.0, 0.0, 0.0, 1.0]]","[[-0.7043423680424283, 0.2643175858173636, 0.658815636129005, -0.04460889061147612], [0.48413980536714035, 0.857612522771777, 0.17352063175339105, -0.3083553840383032], [-0.5191439852675288, 0.44117680652172675, -0.7320194997046452, 0.625092989446343], [0.0, 0.0, 0.0, 1.0]]"
3.7333333333333334,-180.99047806125657,24.759218882790073,-2.74147977127515,3.437746693945311,-2.6755413384712585,-44.972192137033375,-31.253986000399962,-180.89276537499035,-24.420723245260707,3.019113087214417,3.437746693945311,2.822269169768765,-45.18572775615007,30.43380322448649,"[[-0.9781476007338056, -0.0, -0.2079116908177593, 0.3], [0.0, 0.9999999999999999, -0.0, 0.22], [0.2079116908177593, 0.0, -0.9781476007338056, 0.42666666666666686], [0.0, 0.0, 0.0, 1.0]]","[[-0.7081982152360793, -0.27273441300300677, 0.651207515236378, -0.040654442055688536], [-0.4945064394791853, 0.8499451070934496, -0.18181500554553726, 0.3109167957711332], [-0.5039034324650419, -0.4507873721521159, -0.7367985313897818, 0.6251500842808797], [0.0, 0.0, 0.0, 1.0]]","[[-0.9781476007338056, -0.0, -0.2079116908177593, 0.3], [0.0, 0.9999999999999999, -0.0, -0.22], [0.2079116908177593, 0.0, -0.9781476007338056, 0.42666666666666686], [0.0, 0.0, 0.0, 1.0]]","[[-0.706572416616055, 0.2655349097854487, 0.655931880428587, -0.04217153709416776], [0.4830593095184852, 0.8583519489732439, 0.17287462272224477, -0.30752879792812743], [-0.5171161606108174, 0.43900244119944, -0.7347569210671374, 0.6254048343839403], [0.0, 0.0, 0.0, 1.0]]"
3.7416666666666667,-180.8560872591474,24.697902567063576,-2.6832118543525945,3.437746693945311,-2.6755413384712585,-44.972192137033375,-31.253986000399962,-180.7517219686296,-24.445503171569513,2.9777447658457654,3.437746693945311,2.822269169768765,-45.18572775615007,30.43380322448649,"[[-0.9794874195590514, -0.0, -0.20150532232561705, 0.3], [0.0, 0.9999999999999999, -0.0, 0.22], [0.20150532232561705, 0.0, -0.9794874195590514, 0.42895833333333344], [0.0, 0.0, 0.0, 1.0]]","[[-0.7103703752827196, -0.274096763189269, 0.6482629823843515, -0.03817957670352213], [-0.4934771158056732, 0.8507035496973131, -0.1810629909962426, 0.31005043541293953], [-0.5018508404862967, -0.4485247316944263, -0.739575080003133, 0.6254591663228571], [0.0, 0.0, 0.0, 1.0]]","[[-0.9794874195590514, -0.0, -0.20150532232561705, 0.3], [0.0, 0.9999999999999999, -0.0, -0.22], [0.20150532232561705, 0.0, -0.9794874195590514, 0.42895833333333344], [0.0, 0.0, 0.0, 1.0]]","[[-0.7091848617571312, 0.2671673499244141, 0.6524403719796044, -0.03922365241113572], [0.4820268352212112, 0.8590740234719805, 0.17216838363150927, -0.30669131131058347], [-0.5144968046364742, 0.4365929790205391, -0.7380241247336221, 0.6257400074664549], [0.0, 0.0, 0.0, 1.0]]"
3.75,-180.5966083725786,24.65857263027535,-2.5832537433967504,3.437746693945311,-2.6755413384712585,-44.972192137033375,-31.253986000399962,-180.60443576936746,-24.389883233610806,2.9104255676124735,3.437746693945311,2.822269169768765,-45.18572775615007,30.43380322448649,"[[-0.9807852804032303, -0.0, -0.19509032201612858, 0.3], [0.0, 0.9999999999999999, -0.0, 0.22], [0.19509032201612858, 0.0, -0.9807852804032303, 0.43125], [0.0, 0.0, 0.0, 1.0]]","[[-0.7115481347218703, -0.274539064443183, 0.6467824627094407, -0.036948837228282905], [-0.492429233343885, 0.8514689510983212, -0.18031659786020396, 0.30917936873068236], [-0.5012112350318785, -0.4467985311191015, -0.7410522049543019, 0.6256857006838806], [0.0, 0.0, 0.0, 1.0]]","[[-0.9807852804032303, -0.0, -0.19509032201612858, 0.3], [0.0, 0.9999999999999999, -0.0, -0.22], [0.19509032201612858, 0.0, -0.9807852804032303, 0.43125], [0.0, 0.0, 0.0, 1.0]]","[[-0.7104877098515852, 0.267659883446108, 0.650819023188064, -0.037869166161603074], [0.4809821863814313, 0.8597981424138268, 0.17147387756002685, -0.30585520227536667], [-0.5136763091029097, 0.434862439278617, -0.739615649084755, 0.6259654065089502], [0.0, 0.0, 0.0, 1.0]]"
3.7583333333333333,-180.42757485099912,24.602375541331778,-2.5155710510335667,3.437746693945311,-2.6755413384712585,-44.972192137033375,-31.253986000399962,-180.3372251086582,-24.356830240669822,2.803998413738981,3.437746693945311,2.822269169768765,-45.18572775615007,30.43380322448649,"[[-0.9820411276703037, -0.0, -0.18866696468655553, 0.3], [0.0, 0.9999999999999999, -0.0, 0.22], [0.18866696468655553, 0.0, -0.9820411276703037, 0.4335416666666668], [0.0, 0.0, 0.0, 1.0]]","[[-0.7147104391290833, -0.27621779484937864, 0.6425672867556048, -0.03343590139878767], [-0.4903670596318965, 0.8529876456580721, -0.1787518480538528, 0.3074143253783491], [-0.49872751581187214, -0.44284964283969586, -0.7450872826782597, 0.6261885901369809], [0.0, 0.0, 0.0, 1.0]]","[[-0.9820411276703037, -0.0, -0.18866696468655553, 0.3], [0.0, 0.9999999999999999, -0.0, -0.22], [0.18866696468655553, 0.0, -0.9820411276703037, 0.4335416666666668], [0.0, 0.0, 0.0, 1.0]]","[[-0.7128540287748708, 0.26887575394053465, 0.6477229057261638, -0.035277566229081854], [0.4798681166096387, 0.8605335244240624, 0.1709053656378879, -0.30505690220712584], [-0.5114349658763604, 0.43265214928994744, -0.7424596914269725, 0.6262512501595073], [0.0, 0.0, 0.0, 1.0]]"
3.7666666666666666,-180.05878561695346,24.580358426542244,-2.3810997807582366,3.437746693945311,-2.6755413384712585,-44.972192137033375,-31.253986000399962,-180.0182142932836,-24.33149536149095,2.6868211824421233,3.437746693945311,2.822269169768765,-45.18572775615007,30.43380322448649,"[[-0.9832549075639546, -0.0, -0.18223552549214772, 0.3], [0.0, 1.0, -0.0, 0.22], [0.18223552549214772, 0.0, -0.9832549075639546, 0.4358333333333334], [0.0, 0.0, 0.0, 1.0]]","[[-0.7161051154841469, -0.2772544360252022, 0.6405649391605691, -0.03176160942022747], [-0.4902714405775887, 0.8530160212090971, -0.17887867987710876, 0.30744104100930897], [-0.4968172482225356, -0.4421466332167964, -0.7467790681343709, 0.6262711634003366], [0.0, 0.0, 0.0, 1.0]]","[[-0.9832549075639546, -0.0, -0.18223552549214772, 0.3], [0.0, 1.0, -0.0, -0.22], [0.18223552549214772, 0.0, -0.9832549075639546, 0.4358333333333334], [0.0, 0.0, 0.0, 1.0]]","[[-0.7156244782791268, 0.27049041231540455, 0.643984893404473, -0.032153449881171914], [0.478785153635324, 0.8612570829759485, 0.17029683990655822, -0.3042511358378883], [-0.5085728883317779, 0.430198993338203, -0.7458434442861788, 0.6265540232149891], [0.0, 0.0, 0.0, 1.0]]"
3.775,-179.75164567035634,24.551579424474394,-2.258590519597126,3.437746693945311,-2.6755413384712585,-44.972192137033375,-31.253986000399962,-179.8606145083747,-24.27838039541035,2.615325963861603,3.437746693945311,2.822269169768765,-45.18572775615007,30.43380322448649,"[[-0.9844265680898915, -0.0, -0.1757962799343547, 0.3], [0.0, 0.9999999999999999, -0.0, 0.22], [0.1757962799343547, 0.0, -0.9844265680898915, 0.438125], [0.0, 0.0, 0.0, 1.0]]","[[-0.7187689160497203, -0.27869443649545594, 0.6369463528329452, -0.028763443637962932], [-0.48909510571809794, 0.8538026564204083, -0.17834517501759678, 0.3066304037247093], [-0.49412267999284654, -0.4397163119056819, -0.7499948947564593, 0.6265545216365044], [0.0, 0.0, 0.0, 1.0]]","[[-0.9844265680898915, -0.0, -0.1757962799343547, 0.3], [0.0, 0.9999999999999999, -0.0, -0.22], [0.1757962799343547, 0.0, -0.9844265680898915, 0.438125], [0.0, 0.0, 0.0, 1.0]]","[[-0.71702029742079, 0.2710111062282442, 0.6422109259328629, -0.030684830031459873], [0.47773246454662477, 0.8619724778732301, 0.16963236633169906, -0.3034289303675533], [-0.5075958878919428, 0.4284348581640237, -0.7475225661511251, 0.6267638991007355], [0.0, 0.0, 0.0, 1.0]]"
3.783333333333333,-179.60646316935853,24.49406410902101,-2.194487059802441,3.437746693945311,-2.6755413384712585,-44.972192137033375,-31.253986000399962,-179.51909138949574,-24.257676384488747,2.487603133929657,3.437746693945311,2.822269169768765,-45.18572775615007,30.43380322448649,"[[-0.9855560590580776, -0.0, -0.16934950384902478, 0.3], [0.0, 1.0, -0.0, 0.22], [0.16934950384902478, 0.0, -0.9855560590580776, 0.4404166666666668], [0.0, 0.0, 0.0, 1.0]]","[[-0.7200054353250367, -0.27920985824809424, 0.6353219877821666, -0.027426795119906443], [-0.4880898338881567, 0.8545328996679975, -0.17760021801798526, 0.3057808024674317], [-0.4933158087446986, -0.4379673257699522, -0.7515478257572705, 0.6267584383401357], [0.0, 0.0, 0.0, 1.0]]","[[-0.9855560590580776, -0.0, -0.16934950384902478, 0.3], [0.0, 1.0, -0.0, -0.22], [0.16934950384902478, 0.0, -0.9855560590580776, 0.4404166666666668], [0.0, 0.0, 0.0, 1.0]]","[[-0.7199945731573636, 0.27268793916060863, 0.638160718361986, -0.027321746129146278], [0.4766098242943734, 0.8626995535592636, 0.16909333421141612, -0.3026439996404999], [-0.5044312539980371, 0.42589995083938115, -0.7511047475984827, 0.6270484982302259], [0.0, 0.0, 0.0, 1.0]]"
3.7916666666666665,-179.256279370612,24.471242739456706,-2.0579733495218653,3.437746693945311,-2.6755413384712585,-44.972192137033375,-31.253986000399962,-179.3517380944521,-24.206718050638575,2.412325484652831,3.437746693945311,2.822269169768765,-45.18572775615007,30.43380322448649,"[[-0.9866433320848791, -0.0, -0.1628954733945889, 0.3], [0.0, 1.0, -0.0, 0.22], [0.1628954733945889, 0.0, -0.9866433320848791, 0.44270833333333337], [0.0, 0.0, 0.0, 1.0]]","[[-0.7230187008136468, -0.28089163654068927, 0.6311448698953672, -0.023983459566556342], [-0.4868798042427903, 0.855329034345564, -0.17708839382067912, 0.30496799416824166], [-0.49009388334710824, -0.43532991113290054, -0.7551793521930883, 0.6270362519044124], [0.0, 0.0, 0.0, 1.0]]","[[-0.9866433320848791, -0.0, -0.1628954733945889, 0.3], [0.0, 1.0, -0.0, -0.22], [0.1628954733945889, 0.0, -0.9866433320848791, 0.44270833333333337], [0.0, 0.0, 0.0, 1.0]]","[[-0.7214758021349683, 0.2732427113045821, 0.6362476621981608, -0.025747436256040507], [0.4755498913339484, 0.863409598858975, 0.16845226460470497, -0.30183204317818496], [-0.5033139852874882, 0.4241017393469455, -0.7528696745764978, 0.6272474727657884], [0.0, 0.0, 0.0, 1.0]]"
3.8,-179.09570162322498,24.416488527975297,-1.9885064836814275,3.437746693945311,-2.6755413384712585,-44.972192137033375,-31.253986000399962,-178.98517550207583,-24.190967634412523,2.2676778728444167,3.437746693945311,2.822269169768765,-45.18572775615007,30.43380322448649,"[[-0.9876883405951378, -0.0, -0.15643446504023098, 0.3], [0.0, 1.0, -0.0, 0.22], [0.15643446504023098, 0.0, -0.9876883405951378, 0.44499999999999995], [0.0, 0.0, 0.0, 1.0]]","[[-0.7243851372579382, -0.2814813406361514, 0.6293126629851598, -0.022483964928018275], [-0.4858630859243499, 0.8560565564569091, -0.1763639245514991, 0.3041253613783393], [-0.4890840772871941, -0.43351519814282646, -0.7568760389411995, 0.6272322757923692], [0.0, 0.0, 0.0, 1.0]]","[[-0.9876883405951378, -0.0, -0.15643446504023098, 0.3], [0.0, 1.0, -0.0, -0.22], [0.15643446504023098, 0.0, -0.9876883405951378, 0.44499999999999995], [0.0, 0.0, 0.0, 1.0]]","[[-0.7247072564284817, 0.2749049210222059, 0.6318438706497657, -0.022119152450174], [0.4743201510395699, 0.864164460078444, 0.16804814862155099, -0.301073587494032], [-0.4998197543091936, 0.42148199289543326, -0.7566591986272232, 0.6275085342390136], [0.0, 0.0, 0.0, 1.0]]"
3.808333333333333,-178.72482235129328,24.397556951143315,-1.8414721476449167,3.437746693945311,-2.6755413384712585,-44.972192137033375,-31.253986000399962,-178.81708454660182,-24.141056027052656,2.1939461941975407,3.437746693945311,2.822269169768765,-45.18572775615007,30.43380322448649,"[[-0.9886910398241674, -0.0, -0.1499667555540451, 0.3], [0.0, 1.0, -0.0, 0.22], [0.1499667555540451, 0.0, -0.9886910398241674, 0.44729166666666675], [0.0, 0.0, 0.0, 1.0]]","[[-0.7275794096147224, -0.28320473517508327, 0.6248386037042711, -0.01882092606527539], [-0.4846062960306394, 0.8568594765456993, -0.1759220716717912, 0.30333090013652503], [-0.48557691517632573, -0.43079799840324406, -0.7606761097994351, 0.6274842191020699], [0.0, 0.0, 0.0, 1.0]]","[[-0.9886910398241674, -0.0, -0.1499667555540451, 0.3], [0.0, 1.0, -0.0, -0.22], [0.1499667555540451, 0.0, -0.9886910398241674, 0.44729166666666675], [0.0, 0.0, 0.0, 1.0]]","[[-0.7261779743793786, 0.27547791920236786, 0.6299027429359205, -0.02053115919057214], [0.47329240018814933, 0.8648532260961501, 0.16740131790168927, -0.3002734778415745], [-0.4986580526276532, 0.4196913310315277, -0.7584189694400987, 0.6276908384366422], [0.0, 0.0, 0.0, 1.0]]"
3.8166666666666664,-178.55443645225816,24.34488594735876,-1.7676215810178002,3.437746693945311,-2.6755413384712585,-44.972192137033375,-31.253986000399962,-178.43587802864508,-24.128572148797165,2.0390880899101917,3.437746693945311,2.822269169768765,-45.18572775615007,30.43380322448649,"[[-0.9896513868196701, -0.0, -0.14349262199117935, 0.3], [0.0, 1.0, -0.0, 0.22], [0.14349262199117935, 0.0, -0.9896513868196701, 0.44958333333333356], [0.0, 0.0, 0.0, 1.0]]","[[-0.729031847015246, -0.2838195813899262, 0.6228635574964926, -0.017215207244657027], [-0.48357516946177387, 0.8575841325881005, -0.17522702706241486, 0.30249878447148393], [-0.4844250422073121, -0.42894743355423237, -0.7624542463188736, 0.6276667772375779], [0.0, 0.0, 0.0, 1.0]]","[[-0.9896513868196701, -0.0, -0.14349262199117935, 0.3], [0.0, 1.0, -0.0, -0.22], [0.14349262199117935, 0.0, -0.9896513868196701, 0.44958333333333356], [0.0, 0.0, 0.0, 1.0]]","[[-0.7295485955140504, 0.27711515697262784, 0.625272769724952, -0.016744661405030045], [0.4720051533692364, 0.8656171239982486, 0.16708719230953872, -0.2995391193733561], [-0.4949444231187585, 0.41703019604944314, -0.7623095392336388, 0.627920112349613], [0.0, 0.0, 0.0, 1.0]]"
3.8249999999999997,-178.16827121696397,24.328973314139922,-1.6108711941652405,3.437746693945311,-2.6755413384712585,-44.972192137033375,-31.253986000399962,-178.26099786513606,-24.080113664183216,1.9624441893559514,3.437746693945311,2.822269169768765,-45.18572775615007,30.43380322448649,"[[-0.9905693404435773, -0.0, -0.13701234168196805, 0.3], [0.0, 1.0, -0.0, 0.22], [0.13701234168196805, 0.0, -0.9905693404435773, 0.45187500000000014], [0.0, 0.0, 0.0, 1.0]]","[[-0.7323628078481838, -0.285534098836745, 0.6181545082600403, -0.013387915255476134], [-0.4822658054705187, 0.8583953640037701, -0.17486306622814018, 0.3017244358870788], [-0.4806915960931667, -0.4261779880030444, -0.7663601711904665, 0.6278860170002613], [0.0, 0.0, 0.0, 1.0]]","[[-0.9905693404435773, -0.0, -0.13701234168196805, 0.3], [0.0, 1.0, -0.0, -0.22], [0.13701234168196805, 0.0, -0.9905693404435773, 0.45187500000000014], [0.0, 0.0, 0.0, 1.0]]","[[-0.7310753825803095, 0.27770092398423013, 0.6232262685440653, -0.015081814231143013], [0.47097078202831205, 0.8663010010670172, 0.16646049989689474, -0.29874774366558865], [-0.493675305702741, 0.4152165367234171, -0.7641203571236123, 0.628087182993322], [0.0, 0.0, 0.0, 1.0]]"
3.8333333333333335,-177.989333921088,24.278091819917915,-1.5327919933899457,3.437746693945311,-2.6755413384712585,-44.972192137033375,-31.253986000399962,-178.0469943780612,-24.036760745973854,1.8739326216754024,3.437746693945311,2.822269169768765,-45.18572775615007,30.43380322448649,"[[-0.9914448613738104, -0.0, -0.13052619222005155, 0.3], [0.0, 0.9999999999999999, -0.0, 0.22], [0.13052619222005155, 0.0, -0.9914448613738104, 0.4541666666666667], [0.0, 0.0, 0.0, 1.0]]","[[-0.7338898241096231, -0.2861609750335625, 0.6160500161806569, -0.011688975461326433], [-0.48121824502296684, 0.8591180425399861, -0.17419870734100978, 0.30090262934857837], [-0.4794108120655631, -0.42429716632344333, -0.7682038713287859, 0.628052525465616], [0.0, 0.0, 0.0, 1.0]]","[[-0.9914448613738104, -0.0, -0.13052619222005155, 0.3], [0.0, 0.9999999999999999, -0.0, -0.22], [0.13052619222005155, 0.0, -0.9914448613738104, 0.4541666666666667], [0.0, 0.0, 0.0, 1.0]]","[[-0.7329240726397088, 0.278520664496026, 0.6206839317993622, -0.013016930099969182], [0.4699115665654027, 0.8669951788415375, 0.16583871524339394, -0.2979485031813971], [-0.49194046728569935, 0.4132137453113371, -0.7663217192096969, 0.6282584958973922], [0.0, 0.0, 0.0, 1.0]]"
3.841666666666667,-177.7610143575128,24.233494099732315,-1.435368949833234,3.437746693945311,-2.6755413384712585,-44.972192137033375,-31.253986000399962,-177.6891471070659,-24.021421848645296,1.7234502140467989,3.437746693945311,2.822269169768765,-45.18572775615007,30.43380322448649,"[[-0.9922779121059669, -0.0, -0.12403445145048526, 0.3], [0.0, 0.9999999999999999, -0.0, 0.22], [0.12403445145048526, 0.0, -0.9922779121059669, 0.4564583333333335], [0.0, 0.0, 0.0, 1.0]]","[[-0.7358420612678608, -0.2870223599268126, 0.613314459124444, -0.009483517617021042], [-0.48008604147080736, 0.8598746887742633, -0.17358834174637006, 0.3000733479150391], [-0.47754984415656165, -0.42217731406058234, -0.7705273920105867, 0.6282223614787757], [0.0, 0.0, 0.0, 1.0]]","[[-0.9922779121059669, -0.0, -0.12403445145048526, 0.3], [0.0, 0.9999999999999999, -0.0, -0.22], [0.12403445145048526, 0.0, -0.9922779121059669, 0.4564583333333335], [0.0, 0.0, 0.0, 1.0]]","[[-0.7360856644284477, 0.2799342866754543, 0.6162910755206789, -0.009460841239479219], [0.4686230981909357, 0.8677448799813317, 0.16556332657962883, -0.29723574310626316], [-0.4884365736355737, 0.4106770244482747, -0.7699182392471631, 0.6284328047689955], [0.0, 0.0, 0.0, 1.0]]"
3.85,-177.51186271696906,24.192349040172157,-1.3327535751251376,3.437746693945311,-2.6755413384712585,-44.972192137033375,-31.253986000399962,-177.4643655814808,-23.979814043768872,1.6289705551355396,3.437746693945311,2.822269169768765,-45.18572775615007,30.43380322448649,"[[-0.9930684569549264, -0.0, -0.11753739745783755, 0.3], [0.0, 1.0, -0.0, 0.22], [0.11753739745783755, 0.0, -0.9930684569549264, 0.4587500000000001], [0.0, 0.0, 0.0, 1.0]]","[[-0.7395914851111001, -0.28892345001724457, 0.6078878804362616, -0.0051166116256836786], [-0.4787018464769596, 0.8606971184403305, -0.17333497191294503, 0.2993275979330921], [-0.47312680893256015, -0.41919412011458945, -0.7748724490718768, 0.6283914354620205], [0.0, 0.0, 0.0, 1.0]]","[[-0.9930684569549264, -0.0, -0.11753739745783755, 0.3], [0.0, 1.0, -0.0, -0.22], [0.11753739745783755, 0.0, -0.9930684569549264, 0.4587500000000001], [0.0, 0.0, 0.0, 1.0]]","[[-0.7380290552551672, 0.2807579933491976, 0.6135862309159958, -0.007280362764423044], [0.46753283276376, 0.8684435321659889, 0.16498145873690018, -0.29644519661271096], [-0.4865451303703079, 0.40863281881120783, -0.772200139538544, 0.6285836521120982], [0.0, 0.0, 0.0, 1.0]]"
3.8583333333333334,-177.1128703864136,24.18052086007699,-1.1618856141449847,3.437746693945311,-2.6755413384712585,-44.972192137033375,-31.253986000399962,-177.20241416643248,-23.94343987134397,1.5178257682579783,3.437746693945311,2.822269169768765,-45.18572775615007,30.43380322448649,"[[-0.9938164620563782, -0.0, -0.11103530855427755, 0.3], [0.0, 1.0, -0.0, 0.22], [0.11103530855427755, 0.0, -0.9938164620563782, 0.4610416666666667], [0.0, 0.0, 0.0, 1.0]]","[[-0.741406824895219, -0.28960760686546694, 0.6053456484063029, -0.0030871816350132517], [-0.47756321028004567, 0.8614419568080505, -0.17277481077325457, 0.2985236722136168], [-0.47143324043368745, -0.41718723505924077, -0.7769848844847749, 0.6285312267029747], [0.0, 0.0, 0.0, 1.0]]","[[-0.9938164620563782, -0.0, -0.11103530855427755, 0.3], [0.0, 1.0, -0.0, -0.22], [0.11103530855427755, 0.0, -0.9938164620563782, 0.4610416666666667], [0.0, 0.0, 0.0, 1.0]]","[[-0.740307113275189, 0.2817130115023369, 0.6103959020049531, -0.004716233213629524], [0.4663603502838, 0.8691701931814293, 0.16447248696401462, -0.2956583173810581], [-0.4842038844508865, 0.4064245987083469, -0.7748326553827165, 0.6287283441670583], [0.0, 0.0, 0.0, 1.0]]"
3.8666666666666667,-176.87110901055183,24.13886353632908,-1.058894365589126,3.437746693945311,-2.6755413384712585,-44.972192137033375,-31.253986000399962,-176.92749905233947,-23.90967995382389,1.4030925707452213,3.437746693945311,2.822269169768765,-45.18572775615007,30.43380322448649,"[[-0.9945218953682732, -0.0, -0.10452846326765373, 0.3], [0.0, 0.9999999999999999, -0.0, 0.22], [0.10452846326765373, 0.0, -0.9945218953682732, 0.4633333333333335], [0.0, 0.0, 0.0, 1.0]]","[[-0.7434564763673063, -0.29050000573528023, 0.602397057110434, -0.000734964324722559], [-0.47642396388444086, 0.8621867324632998, -0.1722040795129297, 0.2977141877426848], [-0.46935346422940816, -0.4150226319516329, -0.7793994743286611, 0.6286647317858796], [0.0, 0.0, 0.0, 1.0]]","[[-0.9945218953682732, -0.0, -0.10452846326765373, 0.3], [0.0, 0.9999999999999999, -0.0, -0.22], [0.10452846326765373, 0.0, -0.9945218953682732, 0.4633333333333335], [0.0, 0.0, 0.0, 1.0]]","[[-0.7426810210815887, 0.2827433116376895, 0.6070264579483843, -0.0020155136033458004], [0.465195938257725, 0.869887871844549, 0.16397508788311943, -0.29488161655668066], [-0.48168209428390013, 0.40416742835354036, -0.777580253031391, 0.628860480398501], [0.0, 0.0, 0.0, 1.0]]"
3.875,-176.6030104252505,24.10079035434814,-0.9461156693960506,3.437746693945311,-2.6755413384712585,-44.972192137033375,-31.253986000399962,-176.42610852574717,-23.917039482654577,1.1912021734448546,3.437746693945311,2.822269169768765,-45.18572775615007,30.43380322448649,"[[-0.9951847266721969, -0.0, -0.09801714032956083, 0.3], [0.0, 1.0, -0.0, 0.22], [0.09801714032956083, 0.0, -0.9951847266721969, 0.46562500000000007], [0.0, 0.0, 0.0, 1.0]]","[[-0.7457195234646501, -0.2915175718631216, 0.5990992385395633, 0.0018892677325061252], [-0.47525198939685503, 0.8629414722981343, -0.17166118362128222, 0.2969059019477339], [-0.46694532752559637, -0.41273420100950886, -0.7820566094721375, 0.6287874239525985], [0.0, 0.0, 0.0, 1.0]]","[[-0.9951847266721969, -0.0, -0.09801714032956083, 0.3], [0.0, 1.0, -0.0, -0.22], [0.09801714032956083, 0.0, -0.9951847266721969, 0.46562500000000007], [0.0, 0.0, 0.0, 1.0]]","[[-0.7451745412005288, 0.2838172187941517, 0.6034589376772327, 0.0008341789603505262], [0.464007708936993, 0.870609359856946, 0.1635120441329073, -0.29411340991774443], [-0.4789694658259798, 0.40185461157666413, -0.7804493077458294, 0.6289785826585872], [0.0, 0.0, 0.0, 1.0]]"
3.8833333333333333,-176.3062660265701,24.06655403113345,-0.8186721301681348,3.437746693945311,-2.6755413384712585,-44.972192137033375,-31.253986000399962,-176.1922018674309,-23.87867260253932,1.0844252925415163,3.437746693945311,2.822269169768765,-45.18572775615007,30.43380322448649,"[[-0.9958049275746617, -0.0, -0.09150161866340259, 0.3], [0.0, 1.0, -0.0, 0.22], [0.09150161866340259, 0.0, -0.9958049275746617, 0.46791666666666687], [0.0, 0.0, 0.0, 1.0]]","[[-0.7482394831111859, -0.29260599907925633, 0.5954153216170507, 0.0048094775843735005], [-0.4739961466835889, 0.8637246154955899, -0.17119416320688424, 0.29610248711390286], [-0.4641824305621824, -0.4103188003124228, -0.7849669759088972, 0.6288951650489704], [0.0, 0.0, 0.0, 1.0]]","[[-0.9958049275746617, -0.0, -0.09150161866340259, 0.3], [0.0, 1.0, -0.0, -0.22], [0.09150161866340259, 0.0, -0.9958049275746617, 0.46791666666666687], [0.0, 0.0, 0.0, 1.0]]","[[-0.7491132300016289, 0.285379803414754, 0.5978191502783122, 0.0053149389242316825], [0.4624893115691602, 0.8714095267554599, 0.1635514395048535, -0.2934717733712795], [-0.4742710251752801, 0.39900351437397363, -0.7847695140590053, 0.629052355665557], [0.0, 0.0, 0.0, 1.0]]"
3.8916666666666666,-175.77983602648055,24.073413248607434,-0.5893993816777615,3.437746693945311,-2.6755413384712585,-44.972192137033375,-31.253986000399962,-175.92811943336153,-23.84382497739392,0.9688904015749292,3.437746693945311,2.822269169768765,-45.18572775615007,30.43380322448649,"[[-0.9963824715083255, -0.0, -0.08498217737244182, 0.3], [0.0, 1.0, -0.0, 0.22], [0.08498217737244182, 0.0, -0.9963824715083255, 0.47020833333333345], [0.0, 0.0, 0.0, 1.0]]","[[-0.7527497995857615, -0.2946027923309194, 0.5887078511234768, 0.010102522988795375], [-0.47233621118735963, 0.8646169786522231, -0.17127750531658223, 0.29542114715486145], [-0.45854797221748406, -0.4069971436965215, -0.7899918241337103, 0.6289361585276052], [0.0, 0.0, 0.0, 1.0]]","[[-0.9963824715083255, -0.0, -0.08498217737244182, 0.3], [0.0, 1.0, -0.0, -0.22], [0.08498217737244182, 0.0, -0.9963824715083255, 0.47020833333333345], [0.0, 0.0, 0.0, 1.0]]","[[-0.7513936032045512, 0.28624484393305255, 0.5945347276526614, 0.007912066938993913], [0.4612977496306461, 0.8721233083446027, 0.16311137675762274, -0.29271535652092384], [-0.47181780302250526, 0.3968183770490069, -0.7873519774454174, 0.6291369874570829], [0.0, 0.0, 0.0, 1.0]]"
3.9,-175.54327925476633,24.032874368336117,-0.48206909536909354,3.437746693945311,-2.6755413384712585,-44.972192137033375,-31.253986000399962,-175.6385877144447,-23.812103871341087,0.8433719084758992,3.437746693945311,2.822269169768765,-45.18572775615007,30.43380322448649,"[[-0.996917333733128, -0.0, -0.07845909572784505, 0.3], [0.0, 0.9999999999999999, -0.0, 0.22], [0.07845909572784505, 0.0, -0.996917333733128, 0.47250000000000003], [0.0, 0.0, 0.0, 1.0]]","[[-0.7547644368991848, -0.2953272335282491, 0.5857580301872163, 0.012413785725695098], [-0.47115789691166565, 0.8653528537640829, -0.1708059561611776, 0.29465021834884375], [-0.45644373253450743, -0.4049027829231468, -0.7922833176402608, 0.6290112732876525], [0.0, 0.0, 0.0, 1.0]]","[[-0.996917333733128, -0.0, -0.07845909572784505, 0.3], [0.0, 0.9999999999999999, -0.0, -0.22], [0.07845909572784505, 0.0, -0.996917333733128, 0.47250000000000003], [0.0, 0.0, 0.0, 1.0]]","[[-0.7538807915761029, 0.28721418595772885, 0.5909075760871814, 0.010771844581443278], [0.4600676326321811, 0.8728493940810066, 0.16270128658569555, -0.29195867140234916], [-0.4690432021645867, 0.39451482435652435, -0.7901623427284622, 0.6292055762649981], [0.0, 0.0, 0.0, 1.0]]"
3.908333333333333,-175.2688012727802,23.996001592101802,-0.36107034655118714,3.437746693945311,-2.6755413384712585,-44.972192137033375,-31.253986000399962,-175.10736292155778,-23.822320126792132,0.6067362160602522,3.437746693945311,2.822269169768765,-45.18572775615007,30.43380322448649,"[[-0.9974094913373518, -0.0, -0.07193265315671947, 0.3], [0.0, 0.9999999999999999, -0.0, 0.22], [0.07193265315671947, 0.0, -0.9974094913373518, 0.47479166666666683], [0.0, 0.0, 0.0, 1.0]]","[[-0.7570756901078365, -0.29623590310867015, 0.5823063533546012, 0.015113289580603678], [-0.4699265862554363, 0.8661116869020516, -0.17035125283365138, 0.29386570805861895], [-0.4538781807688657, -0.40261002908655075, -0.7949212297459868, 0.6290697617907304], [0.0, 0.0, 0.0, 1.0]]","[[-0.9974094913373518, -0.0, -0.07193265315671947, 0.3], [0.0, 0.9999999999999999, -0.0, -0.22], [0.07193265315671947, 0.0, -0.9974094913373518, 0.47479166666666683], [0.0, 0.0, 0.0, 1.0]]","[[-0.7565233685057504, 0.28824132333368835, 0.5870173186777001, 0.013828274904231483], [0.4587999307121322, 0.8735858610668461, 0.16232796100068406, -0.291205817382215], [-0.4660204035053133, 0.3921284009950581, -0.7931332174671564, 0.6292554050073638], [0.0, 0.0, 0.0, 1.0]]"
3.9166666666666665,-174.966961552979,23.962147759480633,-0.22878020113776543,3.437746693945311,-2.6755413384712585,-44.972192137033375,-31.253986000399962,-174.85441369583552,-23.78599376569142,0.48885174001918064,3.437746693945311,2.822269169768765,-45.18572775615007,30.43380322448649,"[[-0.9978589232386036, -0.0, -0.06540312923014312, 0.3], [0.0, 1.0, -0.0, 0.22], [0.06540312923014312, 0.0, -0.9978589232386036, 0.4770833333333334], [0.0, 0.0, 0.0, 1.0]]","[[-0.761501593434076, -0.2980146405222989, 0.5755889134023764, 0.02034412527096912], [-0.46818834937348636, 0.8670223113928027, -0.17050507634088774, 0.29319019115175093], [-0.44823542107724346, -0.3993239106057219, -0.799765854303783, 0.6290227760463523], [0.0, 0.0, 0.0, 1.0]]","[[-0.9978589232386036, -0.0, -0.06540312923014312, 0.3], [0.0, 1.0, -0.0, -0.22], [0.06540312923014312, 0.0, -0.9978589232386036, 0.4770833333333334], [0.0, 0.0, 0.0, 1.0]]","[[-0.7606919479903134, 0.28969050278665076, 0.5808848189253356, 0.018618275008012664], [0.45712168920422347, 0.8744261997441694, 0.16253794160148355, -0.29058835164600355], [-0.4608552066775201, 0.3891763530794072, -0.7975927812374137, 0.6292211037098493], [0.0, 0.0, 0.0, 1.0]]"
3.925,-174.49539163230298,23.95979134421698,-0.007821843091317345,3.437746693945311,-2.6755413384712585,-44.972192137033375,-31.253986000399962,-174.56705397707475,-23.753150801067413,0.3595285380677626,3.437746693945311,2.822269169768765,-45.18572775615007,30.43380322448649,"[[-0.9982656101847157, -0.0, -0.058870803651189484, 0.3], [0.0, 0.9999999999999999, -0.0, 0.22], [0.058870803651189484, 0.0, -0.9982656101847157, 0.479375], [0.0, 0.0, 0.0, 1.0]]","[[-0.7636516517492427, -0.2987071840884016, 0.5723724075762487, 0.022831224156320155], [-0.46692724622369364, 0.8677829102841643, -0.1700934077285319, 0.292417037261836], [-0.44588687075828076, -0.39714838384755413, -0.8021583756918982, 0.6290514878845237], [0.0, 0.0, 0.0, 1.0]]","[[-0.9982656101847157, -0.0, -0.058870803651189484, 0.3], [0.0, 0.9999999999999999, -0.0, -0.22], [0.058870803651189484, 0.0, -0.9982656101847157, 0.479375], [0.0, 0.0, 0.0, 1.0]]","[[-0.7631482119490612, 0.2905358968724079, 0.5772293298399662, 0.02146049658308239], [0.45584659929493654, 0.8751584783227485, 0.16217742053397283, -0.28984013730994745], [-0.4580487796187132, 0.38689343551985605, -0.8003154284664583, 0.6292378594343101], [0.0, 0.0, 0.0, 1.0]]"
3.933333333333333,-174.2044802151738,23.923545237839015,0.12360521303820673,3.437746693945311,-2.6755413384712585,-44.972192137033375,-31.253986000399962,-174.25141727515012,-23.723301166847165,0.21839328433896107,3.437746693945311,2.822269169768765,-45.18572775615007,30.43380322448649,"[[-0.9986295347545738, -0.0, -0.05233595624294425, 0.3], [0.0, 0.9999999999999999, -0.0, 0.22], [0.05233595624294425, 0.0, -0.9986295347545738, 0.4816666666666668], [0.0, 0.0, 0.0, 1.0]]","[[-0.7660828871317418, -0.2995867107573999, 0.568651750002985, 0.02570294903388992], [-0.46562344726784605, 0.8685613350444494, -0.1696938791477503, 0.2916323336794465], [-0.4430708920684169, -0.39477716499737664, -0.8048845722203475, 0.6290554998245101], [0.0, 0.0, 0.0, 1.0]]","[[-0.9986295347545738, -0.0, -0.05233595624294425, 0.3], [0.0, 0.9999999999999999, -0.0, -0.22], [0.05233595624294425, 0.0, -0.9986295347545738, 0.4816666666666668], [0.0, 0.0, 0.0, 1.0]]","[[-0.7658298233977037, 0.2914816460160641, 0.5731868208799011, 0.0245934976852833], [0.45451849380531406, 0.8759088330121456, 0.16185380761739865, -0.28908917830584113], [-0.45488198511656924, 0.3844764833992673, -0.8032809056172954, 0.6292299778828452], [0.0, 0.0, 0.0, 1.0]]"
3.9416666666666664,-173.88324275812977,23.890386376965896,0.26796731760322934,3.437746693945311,-2.6755413384712585,-44.972192137033375,-31.253986000399962,-173.7691649386122,-23.724902846207534,-0.01122320142552099,3.437746693945311,2.822269169768765,-45.18572775615007,30.43380322448649,"[[-0.9989506813588601, -0.0, -0.0457988669365207, 0.3], [0.0, 1.0, -0.0, 0.22], [0.0457988669365207, 0.0, -0.9989506813588601, 0.4839583333333336], [0.0, 0.0, 0.0, 1.0]]","[[-0.768751393241379, -0.30057402401138333, 0.5645144386807509, 0.028885967114459184], [-0.4642589488697193, 0.8693613475023532, -0.16933539459686725, 0.29084393764881605], [-0.43986921213449615, -0.39225770044512537, -0.8078669275677031, 0.6290317384409502], [0.0, 0.0, 0.0, 1.0]]","[[-0.9989506813588601, -0.0, -0.0457988669365207, 0.3], [0.0, 1.0, -0.0, -0.22], [0.0457988669365207, 0.0, -0.9989506813588601, 0.4839583333333336], [0.0, 0.0, 0.0, 1.0]]","[[-0.7678228653271062, 0.29216164464753835, 0.5701663098410132, 0.026926205746016695], [0.45400802322298084, 0.8760552241502859, 0.16249295088758114, -0.28921100264184646], [-0.45202296659576274, 0.3836258823852193, -0.8052989631398566, 0.6291172095109554], [0.0, 0.0, 0.0, 1.0]]"
3.9499999999999997,-173.53931541266294,23.85961978984957,0.4232115410220954,3.437746693945311,-2.6755413384712585,-44.972192137033375,-31.253986000399962,-173.46750280372942,-23.691860098550304,-0.14867327461240967,3.437746693945311,2.822269169768765,-45.18572775615007,30.43380322448649,"[[-0.9992290362407229, -0.0, -0.039259815759068506, 0.3], [0.0, 0.9999999999999999, -0.0, 0.22], [0.039259815759068506, 0.0, -0.9992290362407229, 0.4862500000000002], [0.0, 0.0, 0.0, 1.0]]","[[-0.7715981102149061, -0.3016179047296892, 0.5600562434785081, 0.0323025178236058], [-0.4628376334467932, 0.8701794119408863, -0.16902401042332893, 0.2900568693143118], [-0.4363687447310564, -0.3896337133522788, -0.8110289070317758, 0.6289787403008266], [0.0, 0.0, 0.0, 1.0]]","[[-0.9992290362407229, -0.0, -0.039259815759068506, 0.3], [0.0, 0.9999999999999999, -0.0, -0.22], [0.039259815759068506, 0.0, -0.9992290362407229, 0.4862500000000002], [0.0, 0.0, 0.0, 1.0]]","[[-0.7725499773419321, 0.2936254666652655, 0.5629836745719947, 0.03244284128888039], [0.45143002426991635, 0.877514173955649, 0.16180175430012467, -0.2877210152044585], [-0.44651703852892716, 0.3791476754940484, -0.810474906749627, 0.6290664291709457], [0.0, 0.0, 0.0, 1.0]]"
3.9583333333333335,-173.17742466967897,23.830676863241642,0.5879854257978631,3.437746693945311,-2.6755413384712585,-44.972192137033375,-31.253986000399962,-173.1329601381822,-23.661894351114167,-0.3006497194208874,3.437746693945311,2.822269169768765,-45.18572775615007,30.43380322448649,"[[-0.9994645874763657, -0.0, -0.032719082821776005, 0.3], [0.0, 1.0, -0.0, 0.22], [0.032719082821776005, 0.0, -0.9994645874763657, 0.48854166666666676], [0.0, 0.0, 0.0, 1.0]]","[[-0.776774208363813, -0.3033900033458337, 0.5518843493800006, 0.0385258256470117], [-0.4607087217285603, 0.8712143480135011, -0.1695082108295827, 0.2893937530450211], [-0.4293824669732191, -0.3859275394231737, -0.8165112561200656, 0.6287228848122811], [0.0, 0.0, 0.0, 1.0]]","[[-0.9994645874763657, -0.0, -0.032719082821776005, 0.3], [0.0, 1.0, -0.0, -0.22], [0.032719082821776005, 0.0, -0.9994645874763657, 0.48854166666666676], [0.0, 0.0, 0.0, 1.0]]","[[-0.7753520396470474, 0.29455128065866987, 0.5586311463546417, 0.03577085324248696], [0.4500280324885154, 0.8782859285475174, 0.16151965109527952, -0.2869618583804583], [-0.4430620550099945, 0.37663426660058763, -0.8135371193944122, 0.6289913894213823], [0.0, 0.0, 0.0, 1.0]]"
3.966666666666667,-172.6453256125783,23.833463580423007,0.848438201292756,3.437746693945311,-2.6755413384712585,-44.972192137033375,-31.253986000399962,-172.77377415010957,-23.63429014158356,-0.4647934658848686,3.437746693945311,2.822269169768765,-45.18572775615007,30.43380322448649,"[[-0.9996573249755573, -0.0, -0.026176948307872976, 0.3], [0.0, 0.9999999999999999, -0.0, 0.22], [0.026176948307872976, 0.0, -0.9996573249755573, 0.49083333333333357], [0.0, 0.0, 0.0, 1.0]]","[[-0.7790674400878365, -0.304072138231255, 0.5482645880835803, 0.04126447200455169], [-0.45938909922124394, 0.8719760371920161, -0.16917282902287223, 0.28863914393046675], [-0.4266328389982181, -0.3836638180938886, -0.8190155647934539, 0.6286559422823625], [0.0, 0.0, 0.0, 1.0]]","[[-0.9996573249755573, -0.0, -0.026176948307872976, 0.3], [0.0, 0.9999999999999999, -0.0, -0.22], [0.026176948307872976, 0.0, -0.9996573249755573, 0.49083333333333357], [0.0, 0.0, 0.0, 1.0]]","[[-0.7783487893200872, 0.29552749686377583, 0.5539283895607677, 0.03935189719576126], [0.44855922000035114, 0.8790790259681786, 0.1612907072819612, -0.286202847101192], [-0.4392809901607754, 0.3740101130989237, -0.8167916790608848, 0.6288820111971876], [0.0, 0.0, 0.0, 1.0]]"
3.975,-172.31694377766243,23.798983077945493,1.0012786250106007,3.437746693945311,-2.6755413384712585,-44.972192137033375,-31.253986000399962,-172.40389208579668,-23.60794780950211,-0.6340619886604749,3.437746693945311,2.822269169768765,-45.18572775615007,30.43380322448649,"[[-0.9998072404820648, -0.0, -0.019633692460628533, 0.3], [0.0, 1.0, -0.0, 0.22], [0.019633692460628533, 0.0, -0.9998072404820648, 0.49312500000000015], [0.0, 0.0, 0.0, 1.0]]","[[-0.7817531997917093, -0.30493592438907324, 0.5439448654343612, 0.04452410683324749], [-0.45795050948539073, 0.872789892343776, -0.1688760926970152, 0.28785435664438996], [-0.42325319310962667, -0.3811192540918409, -0.821951853019983, 0.628543685220975], [0.0, 0.0, 0.0, 1.0]]","[[-0.9998072404820648, -0.0, -0.019633692460628533, 0.3], [0.0, 1.0, -0.0, -0.22], [0.019633692460628533, 0.0, -0.9998072404820648, 0.49312500000000015], [0.0, 0.0, 0.0, 1.0]]","[[-0.7814152244277717, 0.29651956185361694, 0.5490595563967854, 0.04304372885405494], [0.4470700669682808, 0.8798742552404173, 0.16108895116083582, -0.2854501931736624], [-0.43533734304958566, 0.37134545157206417, -0.8201121590022109, 0.6287428635839263], [0.0, 0.0, 0.0, 1.0]]"
3.9833333333333334,-171.9539328836546,23.766881188846433,1.1701948594354226,3.437746693945311,-2.6755413384712585,-44.972192137033375,-31.253986000399962,-172.0121260953831,-23.582974930349252,-0.8159136408779487,3.437746693945311,2.822269169768765,-45.18572775615007,30.43380322448649,"[[-0.9999143275740071, -0.0, -0.013089595571344636, 0.3], [0.0, 1.0, -0.0, 0.22], [0.013089595571344636, 0.0, -0.9999143275740071, 0.4954166666666667], [0.0, 0.0, 0.0, 1.0]]","[[-0.7847027011902505, -0.30589350494113204, 0.5391389750143786, 0.04813685550377513], [-0.45642112996585543, 0.8736383270607975, -0.16862925490881842, 0.287057812965418], [-0.41942987836516465, -0.3783982520113448, -0.8251626142823865, 0.6283881990451794], [0.0, 0.0, 0.0, 1.0]]","[[-0.9999143275740071, -0.0, -0.013089595571344636, 0.3], [0.0, 1.0, -0.0, -0.22], [0.013089595571344636, 0.0, -0.9999143275740071, 0.4954166666666667], [0.0, 0.0, 0.0, 1.0]]","[[-0.784656032643639, 0.2975215696609644, 0.5438711483636731, 0.04695914817730954], [0.445496253446027, 0.8806980259208389, 0.16094743025190178, -0.2846938675757234], [-0.4311009146377422, 0.3685809310390507, -0.8235897635794708, 0.6285649320113407], [0.0, 0.0, 0.0, 1.0]]"
3.9916666666666667,-171.5644891575588,23.7365722244045,1.3527462858777053,3.437746693945311,-2.6755413384712585,-44.972192137033375,-31.253986000399962,-171.6044867453384,-23.558903636166836,-1.0074240877163199,3.437746693945311,2.822269169768765,-45.18572775615007,30.43380322448649,"[[-0.9999785816641292, -0.0, -0.006544937967352018, 0.3], [0.0, 1.0, -0.0, 0.22], [0.006544937967352018, 0.0, -0.9999785816641292, 0.49770833333333353], [0.0, 0.0, 0.0, 1.0]]","[[-0.7878524443110051, -0.3068950278478344, 0.5339512785596188, 0.052019326032887385], [-0.45480872070642175, 0.874515690659917, -0.16843792434899127, 0.28625600170011556], [-0.41525600966459564, -0.37554992833428336, -0.8285678594813775, 0.6281893347574214], [0.0, 0.0, 0.0, 1.0]]","[[-0.9999785816641292, -0.0, -0.006544937967352018, 0.3], [0.0, 1.0, -0.0, -0.22], [0.006544937967352018, 0.0, -0.9999785816641292, 0.49770833333333353], [0.0, 0.0, 0.0, 1.0]]","[[-0.7880160175684905, 0.2985162582437396, 0.5384410827747579, 0.051036720748982425], [0.44385700761417735, 0.881541878277939, 0.16085668663127314, -0.2839371782197406], [-0.4266400272446138, 0.36574849337538007, -0.8271676533486756, 0.6283485416101532], [0.0, 0.0, 0.0, 1.0]]"
