time,l_q0,l_q1,l_q2,l_q3,l_q4,l_q5,l_q6,r_q0,r_q1,r_q2,r_q3,r_q4,r_q5,r_q6,l_pose,l_real_pose,r_pose,r_real_pose
0.0,-7.377052534778053,-11.051118011033694,11.0877303863059,-47.507746187144285,-4.197801393604456,42.54839022702763,3.396701952788589,-7.378703733009904,11.059380832382116,-11.107111901849457,-47.50773594186053,4.19094345679094,42.57172215323239,-3.3659240531714536,"[[1.0, 0.0, 0.0, 0.3], [0.0, 1.0, 0.0, 0.22], [0.0, 0.0, 1.0, -0.6], [0.0, 0.0, 0.0, 1.0]]","[[0.975717169603509, 0.009378804498141704, -0.21883336803856793, 0.29009209062057284], [-0.007068320686073356, 0.9999107324034818, 0.011338697765247593, 0.21674675661297085], [0.2189201767393689, -0.0095165776683869, 0.9756963620747416, -0.5339882434267691], [0.0, 0.0, 0.0, 1.0]]","[[1.0, 0.0, 0.0, 0.3], [0.0, 1.0, 0.0, -0.22], [0.0, 0.0, 1.0, -0.6], [0.0, 0.0, 0.0, 1.0]]","[[0.9758000188113098, -0.009486288324400124, -0.2184589975754577, 0.2900546615518337], [0.007181997572363878, 0.9999099119928417, -0.011339612398058972, -0.2167466673082772], [0.21854688787241525, 0.009496222001090923, 0.9757802414319466, -0.5339966167293168], [0.0, 0.0, 0.0, 1.0]]"
0.008333333333333333,-7.361097212876904,-11.051134232732972,11.086743423970834,-47.56981211613219,-4.197801393604456,42.54839022702763,3.396701952788589,-7.362707429973734,11.059251058787886,-11.105757816846502,-47.56987017274014,4.19094345679094,42.57172215323239,-3.3659240531714536,"[[0.9999785816641292, -0.0, -0.006544937967351858, 0.3], [0.0, 1.0, -0.0, 0.22], [0.006544937967351858, 0.0, 0.9999785816641292, -0.5977083333333333], [0.0, 0.0, 0.0, 1.0]]","[[0.9754864946409602, 0.009366849864735842, -0.21985986649842143, 0.29026927189539714], [-0.007056691225230106, 0.9999113607122729, 0.011290430792607027, 0.21678195480447687], [0.2199461340465978, -0.009462179566166911, 0.9754661271801363, -0.5337346062931111], [0.0, 0.0, 0.0, 1.0]]","[[0.9999785816641292, -0.0, -0.006544937967351858, 0.3], [0.0, 1.0, -0.0, -0.22], [0.006544937967351858, 0.0, 0.9999785816641292, -0.5977083333333333], [0.0, 0.0, 0.0, 1.0]]","[[0.9756211051679988, -0.009495147092576598, -0.21925624582315334, 0.2901901062760339], [0.007193127890400185, 0.9999103354274262, -0.01129513242793338, -0.21677467741195608], [0.2193438352494208, 0.009442631365384304, 0.975601926325985, -0.5337998138530781], [0.0, 0.0, 0.0, 1.0]]"
0.016666666666666666,-7.332389074021694,-11.050038841144831,11.085613881436842,-47.696163785588254,-4.197801393604456,42.54839022702763,3.396701952788589,-7.33262898441629,11.05786282283908,-11.104067345026925,-47.70259440869182,4.19094345679094,42.57172215323239,-3.3659240531714536,"[[0.9999143275740071, -0.0, -0.01308959557134444, 0.3], [0.0, 1.0, -0.0, 0.22], [0.01308959557134444, 0.0, 0.9999143275740071, -0.5954166666666666], [0.0, 0.0, 0.0, 1.0]]","[[0.9751359051943862, 0.009385492717408466, -0.2214088501554911, 0.2905559303038727], [-0.007080677931998932, 0.9999121946778836, 0.011201202367682291, 0.21683747551861582], [0.22149453808333186, -0.00935496985083013, 0.9751167387232883, -0.5333480457683554], [0.0, 0.0, 0.0, 1.0]]","[[0.9999143275740071, -0.0, -0.01308959557134444, 0.3], [0.0, 1.0, -0.0, -0.22], [0.01308959557134444, 0.0, 0.9999143275740071, -0.5954166666666666], [0.0, 0.0, 0.0, 1.0]]","[[0.9752872402754117, -0.00948869949087228, -0.22073686492732353, 0.29046185279918096], [0.007189053788034951, 0.9999112209279725, -0.011219080531147323, -0.21682666844186202], [0.22082372259701694, 0.009354936894685539, 0.9752688699502781, -0.5334311217518437], [0.0, 0.0, 0.0, 1.0]]"
0.025,-7.30432638804305,-11.047259807926283,11.083222461453692,-47.83058190845411,-4.197801393604456,42.54839022702763,3.396701952788589,-7.307120789187231,11.055401393416938,-11.102049024127187,-47.82507677598308,4.19094345679094,42.57172215323239,-3.3659240531714536,"[[0.9998072404820648, -0.0, -0.0196336924606283, 0.3], [0.0, 1.0, -0.0, 0.22], [0.0196336924606283, 0.0, 0.9998072404820648, -0.593125], [0.0, 0.0, 0.0, 1.0]]","[[0.9747374715895429, 0.009416099330973926, -0.22315509976833192, 0.2908928514099587], [-0.0071193392123462705, 0.9999131097542568, 0.011094500923925407, 0.21690150491157914], [0.2232401766896015, -0.009225508926919168, 0.9747198128162958, -0.5329091515146335], [0.0, 0.0, 0.0, 1.0]]","[[0.9998072404820648, -0.0, -0.0196336924606283, 0.3], [0.0, 1.0, -0.0, -0.22], [0.0196336924606283, 0.0, 0.9998072404820648, -0.593125], [0.0, 0.0, 0.0, 1.0]]","[[0.9748630358504625, -0.009532222957948169, -0.2226009839553723, 0.29082049487259215], [0.0072423864161662785, 0.9999121560911864, -0.01110080808202202, -0.21689536698546993], [0.22268724519248712, 0.009209605124809698, 0.974846436112902, -0.532962910067579], [0.0, 0.0, 0.0, 1.0]]"
0.03333333333333333,-7.281565636407628,-11.044418449231557,11.081985343440273,-47.948327539555955,-4.197801393604456,42.54839022702763,3.396701952788589,-7.283196344071969,11.052447336600906,-11.10072909007008,-47.94869295467655,4.19094345679094,42.57172215323239,-3.3659240531714536,"[[0.9996573249755573, -0.0, -0.02617694830787315, 0.3], [0.0, 0.9999999999999999, -0.0, 0.22], [0.02617694830787315, 0.0, 0.9996573249755573, -0.5908333333333333], [0.0, 0.0, 0.0, 1.0]]","[[0.9743361344600792, 0.009440253828225775, -0.2248999303980534, 0.2912409398439518], [-0.007151809745857125, 0.9999140552457744, 0.010987890575975557, 0.21696630919979065], [0.22498432990488393, -0.009097457315602969, 0.9743199102798019, -0.5324679451399896], [0.0, 0.0, 0.0, 1.0]]","[[0.9996573249755573, -0.0, -0.02617694830787315, 0.3], [0.0, 0.9999999999999999, -0.0, -0.22], [0.02617694830787315, 0.0, 0.9996573249755573, -0.5908333333333333], [0.0, 0.0, 0.0, 1.0]]","[[0.974469185387809, -0.009544163141909421, -0.22431833558481262, 0.2911624453930269], [0.007261191525109007, 0.9999131325507346, -0.011000111372755457, -0.21695863922252642], [0.22440383648069762, 0.009090451171309183, 0.9744538377318068, -0.5325290983665295], [0.0, 0.0, 0.0, 1.0]]"
0.041666666666666664,-7.257938304521262,-11.040619156505738,11.08001568763837,-48.075355397739855,-4.197801393604456,42.54839022702763,3.396701952788589,-7.2583609224761565,11.049024558053084,-11.100104127761025,-48.08350039832509,4.19094345679094,42.57172215323239,-3.3659240531714536,"[[0.9994645874763657, -0.0, -0.03271908282177614, 0.3], [0.0, 1.0, -0.0, 0.22], [0.03271908282177614, 0.0, 0.9994645874763657, -0.5885416666666666], [0.0, 0.0, 0.0, 1.0]]","[[0.9739724020374888, 0.009472604995932658, -0.22646860670723326, 0.2915581913737537], [-0.007193562692762487, 0.9999148639688566, 0.010886572919348582, 0.21702562999022346], [0.22655245027390405, -0.008974105455923162, 0.9739576236706381, -0.5320695881642186], [0.0, 0.0, 0.0, 1.0]]","[[0.9994645874763657, -0.0, -0.03271908282177614, 0.3], [0.0, 1.0, -0.0, -0.22], [0.03271908282177614, 0.0, 0.9994645874763657, -0.5885416666666666], [0.0, 0.0, 0.0, 1.0]]","[[0.9740569110391717, -0.009581986190603513, -0.22610024236490867, 0.2915223957790406], [0.007309868867399714, 0.9999140456342832, -0.010884262052252286, -0.2170260469608411], [0.22618510091066735, 0.00894912755098296, 0.9740432296577538, -0.5320768155452431], [0.0, 0.0, 0.0, 1.0]]"
0.05,-7.234473189627683,-11.036294792987473,11.07853780545671,-48.20866702996016,-4.197801393604456,42.54839022702763,3.396701952788589,-7.237351260589198,11.044861557753961,-11.097828820993763,-48.20157729360169,4.19094345679094,42.57172215323239,-3.3659240531714536,"[[0.9992290362407229, -0.0, -0.0392598157590686, 0.3], [0.0, 0.9999999999999999, -0.0, 0.22], [0.0392598157590686, 0.0, 0.9992290362407229, -0.5862499999999999], [0.0, 0.0, 0.0, 1.0]]","[[0.9735264643328518, 0.009507059840269628, -0.22837652912847706, 0.2919507702569091], [-0.007239826254678344, 0.9999158640205023, 0.010763354306842176, 0.2170983992881842], [0.2284596422989817, -0.008825003871165176, 0.9735133851916445, -0.5315829581466952], [0.0, 0.0, 0.0, 1.0]]","[[0.9992290362407229, -0.0, -0.0392598157590686, 0.3], [0.0, 0.9999999999999999, -0.0, -0.22], [0.0392598157590686, 0.0, 0.9992290362407229, -0.5862499999999999], [0.0, 0.0, 0.0, 1.0]]","[[0.9736390740644825, -0.009615597110275957, -0.22789140779562173, 0.2918905485768906], [0.007354796736458133, 0.9999149783858661, -0.010767681484823183, -0.2170944327250624], [0.22797556978725347, 0.008807740448382426, 0.9736270144610673, -0.5316201501556613], [0.0, 0.0, 0.0, 1.0]]"
0.058333333333333334,-7.212820636185096,-11.031874806820829,11.078339729970779,-48.34080045454864,-4.197801393604456,42.54839022702763,3.396701952788589,-7.214588801406483,11.04053890178299,-11.098370113485489,-48.34104975645335,4.19094345679094,42.57172215323239,-3.3659240531714536,"[[0.9989506813588601, -0.0, -0.04579886693652077, 0.3], [0.0, 1.0, -0.0, 0.22], [0.04579886693652077, 0.0, 0.9989506813588601, -0.5839583333333334], [0.0, 0.0, 0.0, 1.0]]","[[0.9730995984211721, 0.009529108190456565, -0.2301876791873286, 0.2923309136459203], [-0.007272836721882874, 0.9999168556751518, 0.010648360565588494, 0.21716796665852622], [0.23027000976803466, -0.008687797984099408, 0.9730879943600255, -0.5311188322536442], [0.0, 0.0, 0.0, 1.0]]","[[0.9989506813588601, -0.0, -0.04579886693652077, 0.3], [0.0, 1.0, -0.0, -0.22], [0.04579886693652077, 0.0, 0.9989506813588601, -0.5839583333333334], [0.0, 0.0, 0.0, 1.0]]","[[0.9731550419738252, -0.009591893663259613, -0.22995055959243837, 0.2923235157515972], [0.007338027405955272, 0.9999163119358865, -0.010654692784147664, -0.21717170321571136], [0.23003351415546447, 0.008681284495271367, 0.973143986090856, -0.5310930100489675], [0.0, 0.0, 0.0, 1.0]]"
0.06666666666666667,-7.194517436756755,-11.0272575989419,11.077287027064951,-48.45658923645328,-4.197801393604456,42.54839022702763,3.396701952788589,-7.196238644427598,11.035908033525722,-11.096951141685418,-48.45573887790162,4.19094345679094,42.57172215323239,-3.3659240531714536,"[[0.9986295347545738, -0.0, -0.05233595624294383, 0.3], [0.0, 0.9999999999999999, -0.0, 0.22], [0.05233595624294383, 0.0, 0.9986295347545738, -0.5816666666666667], [0.0, 0.0, 0.0, 1.0]]","[[0.9726806099407508, 0.00956084557773302, -0.2319504716035898, 0.2927049486327031], [-0.007317269327231388, 0.999917773378851, 0.010531099214871598, 0.21723671958012203], [0.23203208531339312, -0.008546151936366066, 0.9726705889828265, -0.5306652501186618], [0.0, 0.0, 0.0, 1.0]]","[[0.9986295347545738, -0.0, -0.05233595624294383, 0.3], [0.0, 0.9999999999999999, -0.0, -0.22], [0.05233595624294383, 0.0, 0.9986295347545738, -0.5816666666666667], [0.0, 0.0, 0.0, 1.0]]","[[0.9727942105895474, -0.009659697580721577, -0.2314694668549368, 0.29264488971129493], [0.00742155806350479, 0.99991693110053, -0.010538091592319564, -0.21723252387931763], [0.23155203371892397, 0.008533530403478446, 0.972785091651534, -0.5307019517782594], [0.0, 0.0, 0.0, 1.0]]"
0.075,-7.176558308107853,-11.022523424073436,11.076936126096342,-48.57496324495878,-4.197801393604456,42.54839022702763,3.396701952788589,-7.178282930873281,11.031187519035596,-11.096537061466986,-48.573925056204935,4.19094345679094,42.57172215323239,-3.3659240531714536,"[[0.9982656101847157, -0.0, -0.058870803651189026, 0.3], [0.0, 0.9999999999999999, -0.0, 0.22], [0.058870803651189026, 0.0, 0.9982656101847157, -0.579375], [0.0, 0.0, 0.0, 1.0]]","[[0.972231991424499, 0.00958916294152694, -0.23382258831180916, 0.2931091591344089], [-0.007359416966877948, 0.999918766407339, 0.010406707852770362, 0.21731034952831424], [0.2339033856802004, -0.008396936376210654, 0.9722235841753857, -0.5301813692988684], [0.0, 0.0, 0.0, 1.0]]","[[0.9982656101847157, -0.0, -0.058870803651189026, 0.3], [0.0, 0.9999999999999999, -0.0, -0.22], [0.058870803651189026, 0.0, 0.9982656101847157, -0.579375], [0.0, 0.0, 0.0, 1.0]]","[[0.9723546158902311, -0.009688298116965392, -0.23330803208753448, 0.2930389733921435], [0.007463797006194898, 0.9999179000415805, -0.010415608992577721, -0.2173046990823985], [0.233389787032791, 0.008386301689824582, 0.972347097107178, -0.5302273239736354], [0.0, 0.0, 0.0, 1.0]]"
0.08333333333333333,-7.160030530976891,-11.017222343503859,11.07705736195411,-48.694693046014514,-4.197801393604456,42.54839022702763,3.396701952788589,-7.161705634870836,11.025814721479735,-11.096627561473488,-48.694665725257835,4.19094345679094,42.57172215323239,-3.3659240531714536,"[[0.9978589232386036, -0.0, -0.06540312923014306, 0.3], [0.0, 1.0, -0.0, 0.22], [0.06540312923014306, 0.0, 0.9978589232386036, -0.5770833333333333], [0.0, 0.0, 0.0, 1.0]]","[[0.9717841071670389, 0.009613768580581761, -0.23567610084868632, 0.29351600030302394], [-0.007398300401212393, 0.999919759788528, 0.010282953643093543, 0.21738393786386034], [0.23575604808516484, -0.0082492083336287, 0.9717772565527215, -0.5297001379026913], [0.0, 0.0, 0.0, 1.0]]","[[0.9978589232386036, -0.0, -0.06540312923014306, 0.3], [0.0, 1.0, -0.0, -0.22], [0.06540312923014306, 0.0, 0.9978589232386036, -0.5770833333333333], [0.0, 0.0, 0.0, 1.0]]","[[0.9719203302188902, -0.009713555697375366, -0.23510958836873808, 0.2934347663512852], [0.007503141652322685, 0.9999188608276021, -0.010294397824832774, -0.21737629962357488], [0.23519050697795746, 0.008241273987966173, 0.9719143515920046, -0.5297597424323701], [0.0, 0.0, 0.0, 1.0]]"
0.09166666666666666,-7.145081808204672,-11.011802588397453,11.078174951657052,-48.81323780924926,-4.197801393604456,42.54839022702763,3.396701952788589,-7.146160551206711,11.020269461647331,-11.098022627611464,-48.81838094169428,4.19094345679094,42.57172215323239,-3.3659240531714536,"[[0.997409491337352, -0.0, -0.07193265315671939, 0.3], [0.0, 1.0, -0.0, 0.22], [0.07193265315671939, 0.0, 0.997409491337352, -0.5747916666666666], [0.0, 0.0, 0.0, 1.0]]","[[0.9713499482014902, 0.009627239467967303, -0.23745861616119313, 0.29391469775742396], [-0.007425268224165626, 0.9999207584157315, 0.010165740558749106, 0.2174551941001544], [0.23753766758297856, -0.008111297648034681, 0.9713444617280235, -0.5292352303338014], [0.0, 0.0, 0.0, 1.0]]","[[0.997409491337352, -0.0, -0.07193265315671939, 0.3], [0.0, 1.0, -0.0, -0.22], [0.07193265315671939, 0.0, 0.997409491337352, -0.5747916666666666], [0.0, 0.0, 0.0, 1.0]]","[[0.9714664400769196, -0.009732484607358202, -0.236977286986843, 0.29385153513422896], [0.0075368051660204514, 0.9999198852338316, -0.010169546786887734, -0.21745108383377723], [0.237057276564476, 0.008093321773461552, 0.9714619631104993, -0.5292729181498967], [0.0, 0.0, 0.0, 1.0]]"
0.1,-7.1314888779827,-11.00611816346071,11.079058607380922,-48.92733611933432,-4.197801393604456,42.54839022702763,3.396701952788589,-7.1326525714625415,11.014540640480982,-11.099069354101768,-48.93351744053318,4.19094345679094,42.57172215323239,-3.3659240531714536,"[[0.996917333733128, -0.0, -0.07845909572784494, 0.3], [0.0, 0.9999999999999999, -0.0, 0.22], [0.07845909572784494, 0.0, 0.996917333733128, -0.5725], [0.0, 0.0, 0.0, 1.0]]","[[0.970946016816091, 0.009643861027620777, -0.23910422073532484, 0.29428597691885294], [-0.007455579487499485, 0.9999216548006021, 0.010054779725630507, 0.21752164390422593], [0.2391824549658118, -0.007979987801075294, 0.9709418484292569, -0.5288044989836411], [0.0, 0.0, 0.0, 1.0]]","[[0.996917333733128, -0.0, -0.07845909572784494, 0.3], [0.0, 0.9999999999999999, -0.0, -0.22], [0.07845909572784494, 0.0, 0.996917333733128, -0.5725], [0.0, 0.0, 0.0, 1.0]]","[[0.9710852408786144, -0.009734966163411544, -0.23853445323793543, 0.2942033803511719], [0.007550705592998361, 0.9999207973584628, -0.010069054328181382, -0.21751350488274326], [0.23861358258232374, 0.007976806617515386, 0.9710818342258367, -0.5288655952068155], [0.0, 0.0, 0.0, 1.0]]"
0.10833333333333334,-7.119057506806454,-11.000015389437305,11.079809074415978,-49.0397678632619,-4.197801393604456,42.54839022702763,3.396701952788589,-7.1205537451215095,11.008579592882853,-11.100576264587401,-49.04686784490413,4.19094345679094,42.57172215323239,-3.3659240531714536,"[[0.9963824715083255, -0.0, -0.08498217737244167, 0.3], [0.0, 1.0, -0.0, 0.22], [0.08498217737244167, 0.0, 0.9963824715083255, -0.5702083333333333], [0.0, 0.0, 0.0, 1.0]]","[[0.9704973926659212, 0.00966919209788995, -0.2409176572043303, 0.29470162350940055], [-0.007497764303710039, 0.9999226040132954, 0.009928218053457376, 0.21759586378625537], [0.24099500899208495, -0.007828965924379032, 0.9704947773859786, -0.5283277134379375], [0.0, 0.0, 0.0, 1.0]]","[[0.9963824715083255, -0.0, -0.08498217737244167, 0.3], [0.0, 1.0, -0.0, -0.22], [0.08498217737244167, 0.0, 0.9963824715083255, -0.5702083333333333], [0.0, 0.0, 0.0, 1.0]]","[[0.9706540419845003, -0.009747926463510788, -0.2402825601428745, 0.2946040409239609], [0.007578538507287633, 0.9999217697309892, -0.009950888007625685, -0.21758464505593908], [0.24036076329810088, 0.00783787903126453, 0.9706519824937493, -0.5284063714994848], [0.0, 0.0, 0.0, 1.0]]"
0.11666666666666667,-7.108396008398887,-10.993666728603777,11.081763362292248,-49.15241475814833,-4.197801393604456,42.54839022702763,3.396701952788589,-7.110627772710189,11.002739781142493,-11.101307094828593,-49.14633930488161,4.19094345679094,42.57172215323239,-3.3659240531714536,"[[0.9958049275746617, -0.0, -0.0915016186634024, 0.3], [0.0, 1.0, -0.0, 0.22], [0.0915016186634024, 0.0, 0.9958049275746617, -0.5679166666666666], [0.0, 0.0, 0.0, 1.0]]","[[0.9701339025195108, 0.009682602886083613, -0.2423766869639383, 0.2950413380226726], [-0.0075246342940609185, 0.9999233970685926, 0.009827505967782365, 0.2176559596985327], [0.24245327603685865, -0.0077102007857487685, 0.9701324454644523, -0.5279425782368687], [0.0, 0.0, 0.0, 1.0]]","[[0.9958049275746617, -0.0, -0.0915016186634024, 0.3], [0.0, 1.0, -0.0, -0.22], [0.0915016186634024, 0.0, 0.9958049275746617, -0.5679166666666666], [0.0, 0.0, 0.0, 1.0]]","[[0.9702245007056116, -0.009770750812853219, -0.24201022841834618, 0.295005722643577], [0.0076181506818502765, 0.9999226758915727, -0.009828836046333523, -0.21765600633212406], [0.24208755030099255, 0.007692507158931294, 0.9702239140130872, -0.5279505184627371], [0.0, 0.0, 0.0, 1.0]]"
0.125,-7.099395953506926,-10.98732745928036,11.08337784825731,-49.25637365241052,-4.197801393604456,42.54839022702763,3.396701952788589,-7.101097524383905,10.996304889170695,-11.103395425167324,-49.25576576557438,4.19094345679094,42.57172215323239,-3.3659240531714536,"[[0.9951847266721969, -0.0, -0.0980171403295606, 0.3], [0.0, 1.0, -0.0, 0.22], [0.0980171403295606, 0.0, 0.9951847266721969, -0.5656249999999999], [0.0, 0.0, 0.0, 1.0]]","[[0.969671035272544, 0.00969535846365368, -0.2442213819012056, 0.2954774589753357], [-0.00755478597003561, 0.9999244139101021, 0.009700086364873043, 0.21773247787052075], [0.24429696797631403, -0.007560852518089594, 0.969670987988596, -0.5274536630329354], [0.0, 0.0, 0.0, 1.0]]","[[0.9951847266721969, -0.0, -0.0980171403295606, 0.3], [0.0, 1.0, -0.0, -0.22], [0.0980171403295606, 0.0, 0.9951847266721969, -0.5656249999999999], [0.0, 0.0, 0.0, 1.0]]","[[0.969821584635157, -0.009775712286789919, -0.24361964088521096, 0.2953850734808072], [0.007637533942966944, 0.9999235944248177, -0.009719742168541122, -0.21772247507859666], [0.24369604438936485, 0.007565762475705492, 0.9698221471935656, -0.5275243527257808], [0.0, 0.0, 0.0, 1.0]]"
0.13333333333333333,-7.090949143937736,-10.980061845550757,11.085770122014107,-49.3700792266183,-4.197801393604456,42.54839022702763,3.396701952788589,-7.092821896430789,10.989293699987677,-11.106594515019829,-49.37026364172589,4.19094345679094,42.57172215323239,-3.3659240531714536,"[[0.9945218953682732, -0.0, -0.10452846326765346, 0.3], [0.0, 0.9999999999999999, -0.0, 0.22], [0.10452846326765346, 0.0, 0.9945218953682732, -0.5633333333333334], [0.0, 0.0, 0.0, 1.0]]","[[0.9691937846281639, 0.009708731331259678, -0.24610800144260594, 0.2959302498694602], [-0.007587013871189819, 0.999925444095723, 0.009567835203928517, 0.21781152121824218], [0.24618254417942528, -0.007405861591238204, 0.9691951857884132, -0.5269514132949236], [0.0, 0.0, 0.0, 1.0]]","[[0.9945218953682732, -0.0, -0.10452846326765346, 0.3], [0.0, 0.9999999999999999, -0.0, -0.22], [0.10452846326765346, 0.0, 0.9945218953682732, -0.5633333333333334], [0.0, 0.0, 0.0, 1.0]]","[[0.969357041100194, -0.009786005018826855, -0.24546111907030918, 0.2958258592408093], [0.007665838245774744, 0.999924616469306, -0.009591470309665914, -0.2177994508632939], [0.24553647752109384, 0.0074158940447582675, 0.9693589854754793, -0.5270345973075281], [0.0, 0.0, 0.0, 1.0]]"
0.14166666666666666,-7.0847276953775005,-10.973198359208542,11.088344249557556,-49.47148021503631,-4.197801393604456,42.54839022702763,3.396701952788589,-7.086238447844543,10.982289340993828,-11.109641633163301,-49.476852158818524,4.19094345679094,42.57172215323239,-3.3659240531714536,"[[0.9938164620563782, -0.0, -0.11103530855427768, 0.3], [0.0, 1.0000000000000002, -0.0, 0.22], [0.11103530855427768, 0.0, 0.9938164620563782, -0.5610416666666667], [0.0, 0.0, 0.0, 1.0]]","[[0.9687950365651335, 0.009717630929699794, -0.24767265649618195, 0.29631178952568277], [-0.007612123472800208, 0.9999263043248586, 0.009457351397989203, 0.21787769229059703], [0.24774630714300552, -0.007276920251338897, 0.9687976123673403, -0.5265330840703007], [0.0, 0.0, 0.0, 1.0]]","[[0.9938164620563782, -0.0, -0.11103530855427768, 0.3], [0.0, 1.0000000000000002, -0.0, -0.22], [0.11103530855427768, 0.0, 0.9938164620563782, -0.5610416666666667], [0.0, 0.0, 0.0, 1.0]]","[[0.9688948300305981, -0.009803635046619932, -0.24727858192704694, 0.29626759112163925], [0.007703163761052869, 0.9999255784487977, -0.009460382228410396, -0.2178764509763436], [0.2473529252061697, 0.00726128802003521, 0.9688982423806131, -0.5265490083597517], [0.0, 0.0, 0.0, 1.0]]"
0.15,-7.079489794057747,-10.965790165280017,11.091415273363122,-49.576023090472525,-4.197801393604456,42.54839022702763,3.396701952788589,-7.081253263524079,10.97490249140646,-11.111758991806004,-49.57604699613462,4.19094345679094,42.57172215323239,-3.3659240531714536,"[[0.9930684569549264, -0.0, -0.11753739745783764, 0.3], [0.0, 1.0, -0.0, 0.22], [0.11753739745783764, 0.0, 0.9930684569549264, -0.55875], [0.0, 0.0, 0.0, 1.0]]","[[0.9683321156002863, 0.00972541749217057, -0.24947611138479192, 0.29675791093478887], [-0.007639183594664983, 0.9999273006446926, 0.009329324703630655, 0.21795453996892483], [0.24954870620999242, -0.007128090910037169, 0.9683360127295161, -0.5260489533099867], [0.0, 0.0, 0.0, 1.0]]","[[0.9930684569549264, -0.0, -0.11753739745783764, 0.3], [0.0, 1.0, -0.0, -0.22], [0.11753739745783764, 0.0, 0.9930684569549264, -0.55875], [0.0, 0.0, 0.0, 1.0]]","[[0.9684510007141891, -0.009812511122189466, -0.24901079061189885, 0.2966964171495265], [0.007730818585992879, 0.9999265300835269, -0.009336427534563159, -0.21795038109151135], [0.24908410960893607, 0.007116815340767951, 0.9684557074434169, -0.5260840900508823], [0.0, 0.0, 0.0, 1.0]]"
0.15833333333333333,-7.075974807956129,-10.957566617519321,11.095535584979933,-49.68564421155664,-4.197801393604456,42.54839022702763,3.396701952788589,-7.077427503815226,10.966766882331328,-11.11546351565709,-49.68449673977609,4.19094345679094,42.57172215323239,-3.3659240531714536,"[[0.9922779121059669, -0.0, -0.12403445145048533, 0.3], [0.0, 0.9999999999999999, -0.0, 0.22], [0.12403445145048533, 0.0, 0.9922779121059669, -0.5564583333333333], [0.0, 0.0, 0.0, 1.0]]","[[0.9678845399505296, 0.009724948289536966, -0.2512069718489473, 0.29719383317676323], [-0.007657193224817049, 0.9999282926904718, 0.00920743552983979, 0.21802882644872182], [0.2512785003072682, -0.006988194179054577, 0.96788960136239, -0.5255822164592232], [0.0, 0.0, 0.0, 1.0]]","[[0.9922779121059669, -0.0, -0.12403445145048533, 0.3], [0.0, 0.9999999999999999, -0.0, -0.22], [0.12403445145048533, 0.0, 0.9922779121059669, -0.5564583333333333], [0.0, 0.0, 0.0, 1.0]]","[[0.9680391578203618, -0.00981618416693854, -0.2506069261908888, 0.2970958128012531], [0.007751965305042156, 0.9999274220333967, -0.009222673124148697, -0.2180188273356703], [0.2506792691076673, 0.006985212526918359, 0.9680449942257847, -0.5256541841783202], [0.0, 0.0, 0.0, 1.0]]"
0.16666666666666666,-7.073692244112875,-10.94941478674491,11.099082160706462,-49.78681638863746,-4.197801393604456,42.54839022702763,3.396701952788589,-7.075489010751412,10.959225499713988,-11.119658105581125,-49.78169374675995,4.19094345679094,42.57172215323239,-3.3659240531714536,"[[0.9914448613738104, -0.0, -0.13052619222005157, 0.3], [0.0, 0.9999999999999999, -0.0, 0.22], [0.13052619222005157, 0.0, 0.9914448613738104, -0.5541666666666667], [0.0, 0.0, 0.0, 1.0]]","[[0.9674414009971388, 0.009732830870486665, -0.25290790347464426, 0.29762702645176226], [-0.007685114356878564, 0.9999292136270299, 0.009083322770413549, 0.2181026710386901], [0.25297840748572825, -0.0068439563467570476, 0.9674477172475568, -0.5251217237494562], [0.0, 0.0, 0.0, 1.0]]","[[0.9914448613738104, -0.0, -0.13052619222005157, 0.3], [0.0, 0.9999999999999999, -0.0, -0.22], [0.13052619222005157, 0.0, 0.9914448613738104, -0.5541666666666667], [0.0, 0.0, 0.0, 1.0]]","[[0.967587752916233, -0.00981162888930303, -0.25234435271084155, 0.29753926660290786], [0.007766331364861265, 0.9999284349927768, -0.009099944506834469, -0.2180938974985547], [0.2524155789638314, 0.006845204995826558, 0.9675947078528898, -0.5251840691877352], [0.0, 0.0, 0.0, 1.0]]"
0.175,-7.0729375082095896,-10.941025606896844,11.103261382704863,-49.88665326373554,-4.197801393604456,42.54839022702763,3.396701952788589,-7.075007055528103,10.949935588669124,-11.12429665780121,-49.89105873575019,4.19094345679094,42.57172215323239,-3.3659240531714536,"[[0.9905693404435773, -0.0, -0.13701234168196805, 0.3], [0.0, 1.0, -0.0, 0.22], [0.13701234168196805, 0.0, 0.9905693404435773, -0.551875], [0.0, 0.0, 0.0, 1.0]]","[[0.9669944390632421, 0.00973508795707673, -0.2546114350991211, 0.29806758710163334], [-0.007707625759218426, 0.9999301579988561, 0.008959443595373514, 0.21817711146179242], [0.25468087349842705, -0.006701282478065411, 0.967001936651229, -0.5246586073741026], [0.0, 0.0, 0.0, 1.0]]","[[0.9905693404435773, -0.0, -0.13701234168196805, 0.3], [0.0, 1.0, -0.0, -0.22], [0.13701234168196805, 0.0, 0.9905693404435773, -0.551875], [0.0, 0.0, 0.0, 1.0]]","[[0.9670899968439345, -0.009814229154547563, -0.2542451944688449, 0.29803168953577996], [0.007791647457445801, 0.9999294921049503, -0.008961085237570592, -0.2181770825593836], [0.2543152143193514, 0.006685186971069384, 0.9670982783775722, -0.5246673867095248], [0.0, 0.0, 0.0, 1.0]]"
0.18333333333333332,-7.073556920989945,-10.932422983637212,11.107852123600757,-49.98459817643352,-4.197801393604456,42.54839022702763,3.396701952788589,-7.075125303178109,10.942327611707377,-11.128305978844008,-49.97942089304265,4.19094345679094,42.57172215323239,-3.3659240531714536,"[[0.9896513868196701, -0.0, -0.1434926219911793, 0.3], [0.0, 1.0, -0.0, 0.22], [0.1434926219911793, 0.0, 0.9896513868196701, -0.5495833333333333], [0.0, 0.0, 0.0, 1.0]]","[[0.9665468264837321, 0.009734336848209998, -0.2563054328342491, 0.29851169269123956], [-0.007727489582407051, 0.9999311041357897, 0.008835886290257633, 0.21825163239713644], [0.25637378594345406, -0.006559700290878641, 0.9665554573914079, -0.5241962343614105], [0.0, 0.0, 0.0, 1.0]]","[[0.9896513868196701, -0.0, -0.1434926219911793, 0.3], [0.0, 1.0, -0.0, -0.22], [0.1434926219911793, 0.0, 0.9896513868196701, -0.5495833333333333], [0.0, 0.0, 0.0, 1.0]]","[[0.9666965718434369, -0.009814263402183424, -0.25573700987541786, 0.2984205908586496], [0.00780986275418888, 0.9999303206734865, -0.008852109442352582, -0.21824256029450195], [0.25580606722653737, 0.006560032903211498, 0.9667058611275724, -0.5242606382777926], [0.0, 0.0, 0.0, 1.0]]"
0.19166666666666665,-7.075824116907566,-10.923418232990196,11.112891949434582,-50.08140927772928,-4.197801393604456,42.54839022702763,3.396701952788589,-7.078286826990179,10.932483601566096,-11.134674276471397,-50.0865524101743,4.19094345679094,42.57172215323239,-3.3659240531714536,"[[0.9886910398241674, -0.0, -0.149966755554045, 0.3], [0.0, 1.0, -0.0, 0.22], [0.149966755554045, 0.0, 0.9886910398241674, -0.5472916666666666], [0.0, 0.0, 0.0, 1.0]]","[[0.9660581172366697, 0.009731626296341759, -0.2581414526393803, 0.2990030589392899], [-0.007748034880222488, 0.9999321338700078, 0.008700322388718488, 0.21833335265215056], [0.2582086018641438, -0.006404928087116206, 0.9660679555908905, -0.5236925526784424], [0.0, 0.0, 0.0, 1.0]]","[[0.9886910398241674, -0.0, -0.149966755554045, 0.3], [0.0, 1.0, -0.0, -0.22], [0.149966755554045, 0.0, 0.9886910398241674, -0.5472916666666666], [0.0, 0.0, 0.0, 1.0]]","[[0.9662093807564672, -0.009805079649459722, -0.25757191801761276, 0.29891034361507657], [0.007823015258526399, 0.9999313885115713, -0.008718870430619152, -0.21832388376576023], [0.2576397348439657, 0.006409265354844707, 0.9662197929804285, -0.523757768400667], [0.0, 0.0, 0.0, 1.0]]"
0.2,-7.0791205369557435,-10.914677298399873,11.118006053575629,-50.171854642718586,-4.197801393604456,42.54839022702763,3.396701952788589,-7.081452192783656,10.923650459421976,-11.139330757938055,-50.176502586448784,4.19094345679094,42.57172215323239,-3.3659240531714536,"[[0.9876883405951378, -0.0, -0.15643446504023087, 0.3], [0.0, 1.0, -0.0, 0.22], [0.15643446504023087, 0.0, 0.9876883405951378, -0.5449999999999999], [0.0, 0.0, 0.0, 1.0]]","[[0.9656876959374401, 0.009726817823655537, -0.25952391591154716, 0.29937389137285997], [-0.00776084344418373, 0.9999329120607655, 0.008598877061133969, 0.2183948851585263], [0.25959014469750824, -0.006289705295404748, 0.9656983982503149, -0.5233123837517534], [0.0, 0.0, 0.0, 1.0]]","[[0.9876883405951378, -0.0, -0.15643446504023087, 0.3], [0.0, 1.0, -0.0, -0.22], [0.15643446504023087, 0.0, 0.9876883405951378, -0.5449999999999999], [0.0, 0.0, 0.0, 1.0]]","[[0.9657848138127006, -0.009802073377253386, -0.25915943503232614, 0.2993384853525295], [0.007840739618940929, 0.9999322734289002, -0.008600660296713183, -0.21839488973915364], [0.2592261873557444, 0.006274385453447119, 0.9657962600239175, -0.5233210295529017], [0.0, 0.0, 0.0, 1.0]]"
0.20833333333333334,-7.084642318012875,-10.904737665610211,11.124341907804462,-50.26969027238985,-4.197801393604456,42.54839022702763,3.396701952788589,-7.086577822868928,10.914246142708516,-11.145348154596835,-50.269792725227404,4.19094345679094,42.57172215323239,-3.3659240531714536,"[[0.9866433320848791, -0.0, -0.16289547339458874, 0.3], [0.0, 1.0, -0.0, 0.22], [0.16289547339458874, 0.0, 0.9866433320848791, -0.5427083333333333], [0.0, 0.0, 0.0, 1.0]]","[[0.9651837798464866, 0.009715441189352478, -0.2613921982840059, 0.29988630306359776], [-0.00777378073348763, 0.9999339866467273, 0.008461127696139771, 0.21847891697917304], [0.2614571464970053, -0.006134537576619796, 0.9651955905381896, -0.522796011478843], [0.0, 0.0, 0.0, 1.0]]","[[0.9866433320848791, -0.0, -0.16289547339458874, 0.3], [0.0, 1.0, -0.0, -0.22], [0.16289547339458874, 0.0, 0.9866433320848791, -0.5427083333333333], [0.0, 0.0, 0.0, 1.0]]","[[0.9652821360646975, -0.00979063012398928, -0.26102594000625723, 0.29985019429921866], [0.007853657012662071, 0.9999333492165742, -0.008462694373081833, -0.21847885532360012], [0.26109139753332056, 0.006118879497094276, 0.9652946915050334, -0.5228052965895439], [0.0, 0.0, 0.0, 1.0]]"
0.21666666666666667,-7.090879988272389,-10.89543153286607,11.130419922392127,-50.35752309002163,-4.197801393604456,42.54839022702763,3.396701952788589,-7.092733103971579,10.904909274113107,-11.151222971056693,-50.357533335305384,4.19094345679094,42.57172215323239,-3.3659240531714536,"[[0.9855560590580776, -0.0, -0.1693495038490246, 0.3], [0.0, 1.0, -0.0, 0.22], [0.1693495038490246, 0.0, 0.9855560590580776, -0.5404166666666667], [0.0, 0.0, 0.0, 1.0]]","[[0.9647452242452436, 0.009703748558956034, -0.26300663406062474, 0.3003345729558952], [-0.007783683556350283, 0.9999349154792838, 0.008341407299258696, 0.2185520206256723], [0.26307045931896156, -0.006000172442695521, 0.9647579651728037, -0.522348021882447], [0.0, 0.0, 0.0, 1.0]]","[[0.9855560590580776, -0.0, -0.1693495038490246, 0.3], [0.0, 1.0, -0.0, -0.22], [0.1693495038490246, 0.0, 0.9855560590580776, -0.5404166666666667], [0.0, 0.0, 0.0, 1.0]]","[[0.9649019533530236, -0.00978226412906879, -0.2624281382093555, 0.3002380723005644], [0.007864245846427795, 0.999934145951364, -0.008358073808208289, -0.21854229395421118], [0.2624926171395805, 0.00600092234791022, 0.9649153407829042, -0.5224165245321635], [0.0, 0.0, 0.0, 1.0]]"
0.225,-7.099289658687968,-10.884801197196591,11.13712460683614,-50.45149624771725,-4.197801393604456,42.54839022702763,3.396701952788589,-7.1012524843007006,10.894414688453383,-11.1582819715639,-50.451598700554804,4.19094345679094,42.57172215323239,-3.3659240531714536,"[[0.9844265680898915, -0.0, -0.17579627993435448, 0.3], [0.0, 0.9999999999999999, -0.0, 0.22], [0.17579627993435448, 0.0, 0.9844265680898915, -0.538125], [0.0, 0.0, 0.0, 1.0]]","[[0.9642646835054782, 0.00969432289918477, -0.264763366513584, 0.30082980018088706], [-0.0077991355151897195, 0.9999358961788386, 0.008208350518768268, 0.21863235126734357], [0.26482596857048557, -0.005850097140184825, 0.9642784777926732, -0.521858383530046], [0.0, 0.0, 0.0, 1.0]]","[[0.9844265680898915, -0.0, -0.17579627993435448, 0.3], [0.0, 0.9999999999999999, -0.0, -0.22], [0.17579627993435448, 0.0, 0.9844265680898915, -0.538125], [0.0, 0.0, 0.0, 1.0]]","[[0.964364288630716, -0.009766496340674207, -0.26439768221941884, 0.3007937762432629], [0.007875756153956092, 0.9999352801845856, -0.008210231858967144, -0.21863226268351796], [0.2644607556496362, 0.005835322733334775, 0.9643787936956211, -0.5218677694281968], [0.0, 0.0, 0.0, 1.0]]"
0.23333333333333334,-7.1084271711369755,-10.874808630440862,11.143986385631065,-50.53729366897637,-4.197801393604456,42.54839022702763,3.396701952788589,-7.110860426028792,10.88404475374601,-11.16537512301696,-50.54016234842777,4.19094345679094,42.57172215323239,-3.3659240531714536,"[[0.9832549075639546, -0.0, -0.18223552549214744, 0.3], [0.0, 1.0, -0.0, 0.22], [0.18223552549214744, 0.0, 0.9832549075639546, -0.5358333333333333], [0.0, 0.0, 0.0, 1.0]]","[[0.9638016708933617, 0.009685022259168147, -0.266444252193594, 0.3013101279880894], [-0.007814504810657333, 0.9999368243500473, 0.00807965490023854, 0.21870981873713205], [0.2665056710423407, -0.0057050550025528075, 0.963816465749413, -0.5213879144224681], [0.0, 0.0, 0.0, 1.0]]","[[0.9832549075639546, -0.0, -0.18223552549214744, 0.3], [0.0, 1.0, -0.0, -0.22], [0.18223552549214744, 0.0, 0.9832549075639546, -0.5358333333333333], [0.0, 0.0, 0.0, 1.0]]","[[0.9639466980020014, -0.00975442553579599, -0.2659165556965291, 0.30122591902747436], [0.007885408940958532, 0.9999361407438474, -0.008095354231578374, -0.21870195161820424], [0.26597853999312143, 0.005706629194848193, 0.96396205871723, -0.521443091670043], [0.0, 0.0, 0.0, 1.0]]"
0.24166666666666667,-7.120051299330691,-10.863494422080736,11.151431291826379,-50.62765365660105,-4.197801393604456,42.54839022702763,3.396701952788589,-7.121876240499554,10.873359776563174,-11.172732944300355,-50.62706626033243,4.19094345679094,42.57172215323239,-3.3659240531714536,"[[0.9820411276703037, -0.0, -0.18866696468655522, 0.3], [0.0, 0.9999999999999999, -0.0, 0.22], [0.18866696468655522, 0.0, 0.9820411276703037, -0.5335416666666666], [0.0, 0.0, 0.0, 1.0]]","[[0.9633206083725427, 0.009668606946459754, -0.2681789020867775, 0.30181387707610274], [-0.007823622482190273, 0.9999378122402633, 0.007947489126283612, 0.21879027492482842], [0.2682390657902214, -0.00555784957255048, 0.9633363451526774, -0.5209002528458336], [0.0, 0.0, 0.0, 1.0]]","[[0.9820411276703037, -0.0, -0.18866696468655522, 0.3], [0.0, 0.9999999999999999, -0.0, -0.22], [0.18866696468655522, 0.0, 0.9820411276703037, -0.5335416666666666], [0.0, 0.0, 0.0, 1.0]]","[[0.963455466422586, -0.009735448648641024, -0.2676915860837745, 0.30174055662979626], [0.00789223894107375, 0.9999371678233603, -0.007960714157277459, -0.21878414548571815], [0.2677522675626375, 0.005557107611568477, 0.9634717649054689, -0.520944428812694], [0.0, 0.0, 0.0, 1.0]]"
0.25,-7.1325992106096505,-10.85252855336828,11.159303084844817,-50.713000285374946,-4.197801393604456,42.54839022702763,3.396701952788589,-7.134619665943505,10.862341827658296,-11.180787444879092,-50.71309590802333,4.19094345679094,42.57172215323239,-3.3659240531714536,"[[0.9807852804032305, -0.0, -0.19509032201612828, 0.3], [0.0, 1.0, -0.0, 0.22], [0.19509032201612828, 0.0, 0.9807852804032305, -0.53125], [0.0, 0.0, 0.0, 1.0]]","[[0.962863024083834, 0.009646997844777648, -0.26981796138270175, 0.302295022812919], [-0.007826067456368338, 0.9999387692783355, 0.00782370515141753, 0.2188664868264576], [0.26987691550094217, -0.005421542834913341, 0.9628795653418898, -0.5204377797925278], [0.0, 0.0, 0.0, 1.0]]","[[0.9807852804032305, -0.0, -0.19509032201612828, 0.3], [0.0, 1.0, -0.0, -0.22], [0.19509032201612828, 0.0, 0.9807852804032305, -0.53125], [0.0, 0.0, 0.0, 1.0]]","[[0.9630030778299661, -0.009714168235617786, -0.26931525583505783, 0.3022166347811572], [0.007894799206136368, 0.9999381182526911, -0.007837844777897058, -0.21885961711100738], [0.26937472827922687, 0.005421678776701366, 0.9630201769245208, -0.5204865581555024], [0.0, 0.0, 0.0, 1.0]]"
0.2583333333333333,-7.146627565391211,-10.841212637460862,11.16745235429829,-50.79675889516681,-4.197801393604456,42.54839022702763,3.396701952788589,-7.149221756615346,10.850782586261696,-11.189344818135472,-50.79875672549904,4.19094345679094,42.57172215323239,-3.3659240531714536,"[[0.9794874195590513, -0.0, -0.2015053223256171, 0.3], [0.0, 1.0, -0.0, 0.22], [0.2015053223256171, 0.0, 0.9794874195590513, -0.5289583333333333], [0.0, 0.0, 0.0, 1.0]]","[[0.9623837486221901, 0.009630302604040578, -0.2715230702162449, 0.30280335556795485], [-0.007836159560354588, 0.9999397184545991, 0.007691167679998939, 0.21894669866313893], [0.27158077065809705, -0.005274156680627354, 0.9624011992303743, -0.519954443535631], [0.0, 0.0, 0.0, 1.0]]","[[0.9794874195590513, -0.0, -0.2015053223256171, 0.3], [0.0, 1.0, -0.0, -0.22], [0.2015053223256171, 0.0, 0.9794874195590513, -0.5289583333333333], [0.0, 0.0, 0.0, 1.0]]","[[0.9625387122096094, -0.00969763571001474, -0.2709708164350961, 0.30270824944857544], [0.007904117219035759, 0.9999390430881103, -0.007709412365538338, -0.21893728803403356], [0.2710290619635733, 0.005278822754177289, 0.9625566900715383, -0.5200177507964252], [0.0, 0.0, 0.0, 1.0]]"
0.26666666666666666,-7.161845226861999,-10.829652542290615,11.17566565677523,-50.87822939158672,-4.197801393604456,42.54839022702763,3.396701952788589,-7.164235793071503,10.839578514701936,-11.197790347044194,-50.879038769003365,4.19094345679094,42.57172215323239,-3.3659240531714536,"[[0.9781476007338056, -0.0, -0.2079116908177593, 0.3], [0.0, 0.9999999999999999, -0.0, 0.22], [0.2079116908177593, 0.0, 0.9781476007338056, -0.5266666666666666], [0.0, 0.0, 0.0, 1.0]]","[[0.9619117058900025, 0.009607503562625842, -0.27319144559645286, 0.30330701868010823], [-0.007839527175191784, 0.9999406737118861, 0.007562464564477904, 0.21902547739945286], [0.27324789456728654, -0.0051327314281663155, 0.9619299575242636, -0.5194796513794894], [0.0, 0.0, 0.0, 1.0]]","[[0.9781476007338056, -0.0, -0.2079116908177593, 0.3], [0.0, 0.9999999999999999, -0.0, -0.22], [0.2079116908177593, 0.0, 0.9781476007338056, -0.5266666666666666], [0.0, 0.0, 0.0, 1.0]]","[[0.9620418405869703, -0.009670454448645054, -0.27273059833981134, 0.30323998165027877], [0.007904163529137313, 0.9999400754173203, -0.007574283682875974, -0.2190203773448325], [0.2727875018378582, 0.005131070566724523, 0.9620606274845157, -0.5195171280886186], [0.0, 0.0, 0.0, 1.0]]"
0.275,-7.179418449822795,-10.817464069716728,11.184891534796625,-50.96039656730198,-4.197801393604456,42.54839022702763,3.396701952788589,-7.181472629215677,10.827491641191951,-11.206706305231998,-50.960451208815336,4.19094345679094,42.57172215323239,-3.3659240531714536,"[[0.9767658813208724, -0.0, -0.21430915306505074, 0.3], [0.0, 1.0, -0.0, 0.22], [0.21430915306505074, 0.0, 0.9767658813208724, -0.5243749999999999], [0.0, 0.0, 0.0, 1.0]]","[[0.9614479113709098, 0.009584392164643754, -0.2748200377471581, 0.30380414340375894], [-0.00784259898570797, 0.9999415975206583, 0.007436073492319232, 0.21910274949140743], [0.2748752578200963, -0.004994093978702825, 0.9614669269733969, -0.5190144024602221], [0.0, 0.0, 0.0, 1.0]]","[[0.9767658813208724, -0.0, -0.21430915306505074, 0.3], [0.0, 1.0, -0.0, -0.22], [0.21430915306505074, 0.0, 0.9767658813208724, -0.5243749999999999], [0.0, 0.0, 0.0, 1.0]]","[[0.9615512778879323, -0.00964399674152195, -0.27445606810368367, 0.30376837725011274], [0.007905352264898781, 0.9999410721680204, -0.00744026861327488, -0.21910243899770734], [0.2745116489288792, 0.004984527893325265, 0.9615708549472725, -0.5190241353976792], [0.0, 0.0, 0.0, 1.0]]"
0.2833333333333333,-7.197305007711766,-10.805585516976429,11.193959464693462,-51.03784749739533,-4.197801393604456,42.54839022702763,3.396701952788589,-7.1993916305032055,10.815676267701477,-11.215894617212959,-51.03791921438162,4.19094345679094,42.57172215323239,-3.3659240531714536,"[[0.9753423205085128, -0.0, -0.22069743502150108, 0.3], [0.0, 1.0, -0.0, 0.22], [0.22069743502150108, 0.0, 0.9753423205085128, -0.5220833333333333], [0.0, 0.0, 0.0, 1.0]]","[[0.9609607665870623, 0.009556008203375734, -0.2765195974747953, 0.30433166166764947], [-0.007841972002852172, 0.9999425776530427, 0.00730375736832229, 0.21918406534329068], [0.27657351383585577, -0.004850165337991595, 0.9609805239133008, -0.5185266230382366], [0.0, 0.0, 0.0, 1.0]]","[[0.9753423205085128, -0.0, -0.22069743502150108, 0.3], [0.0, 1.0, -0.0, -0.22], [0.22069743502150108, 0.0, 0.9753423205085128, -0.5220833333333333], [0.0, 0.0, 0.0, 1.0]]","[[0.9611037833772215, -0.009619042390173074, -0.27601991160328837, 0.30425063579718403], [0.007905890171676812, 0.9999419651803655, -0.007318686482020679, -0.21917688874483113], [0.27607429159301383, 0.004851834160890261, 0.9611240529851965, -0.5185758762277575], [0.0, 0.0, 0.0, 1.0]]"
0.2916666666666667,-7.2165994383434064,-10.793431195348392,11.203384271974434,-51.113754804736274,-4.197801393604456,42.54839022702763,3.396701952788589,-7.21871679698611,10.803586832870554,-11.225444075446282,-51.11384359719548,4.19094345679094,42.57172215323239,-3.3659240531714536,"[[0.9738769792773336, -0.0, -0.2270762630343732, 0.3], [0.0, 1.0, -0.0, 0.22], [0.2270762630343732, 0.0, 0.9738769792773336, -0.5197916666666667], [0.0, 0.0, 0.0, 1.0]]","[[0.9604818910596288, 0.009526496767921742, -0.27817940758771176, 0.3048526608095731], [-0.007840107594589626, 0.9999435311501067, 0.007174066068905883, 0.21926383231746785], [0.2782320428337195, -0.004709604058362577, 0.9605023425115573, -0.5180483788272271], [0.0, 0.0, 0.0, 1.0]]","[[0.9738769792773336, -0.0, -0.2270762630343732, 0.3], [0.0, 1.0, -0.0, -0.22], [0.2270762630343732, 0.0, 0.9738769792773336, -0.5197916666666667], [0.0, 0.0, 0.0, 1.0]]","[[0.9606197565149963, -0.009587827779451923, -0.2777008407469103, 0.30477785407749003], [0.00790248099022681, 0.9999429430035502, -0.007187595675734341, -0.219257608117747], [0.277753909400513, 0.004710020792979701, 0.9606407140637239, -0.5180918142124007], [0.0, 0.0, 0.0, 1.0]]"
0.3,-6.914709772783897,-10.852270713727112,11.174051170810168,-51.858330801632285,-4.197801393604456,42.54839022702763,3.396701952788589,-6.918910766010278,10.862219738026882,-11.196350030902966,-51.85283249935043,4.19094345679094,42.57172215323239,-3.3659240531714536,"[[0.9723699203976766, -0.0, -0.23344536385590542, 0.3], [0.0, 1.0, -0.0, 0.22], [0.23344536385590542, 0.0, 0.9723699203976766, -0.5175], [0.0, 0.0, 0.0, 1.0]]","[[0.9582620664679224, 0.009500332999655513, -0.28573336459280146, 0.3052337459877641], [-0.00775527803102659, 0.9999437301131363, 0.007238250485360854, 0.21927641094214023], [0.28578605219864844, -0.0047201991825564695, 0.9582818228936562, -0.5161354575800613], [0.0, 0.0, 0.0, 1.0]]","[[0.9723699203976766, -0.0, -0.23344536385590542, 0.3], [0.0, 1.0, -0.0, -0.22], [0.23344536385590542, 0.0, 0.9723699203976766, -0.5175], [0.0, 0.0, 0.0, 1.0]]","[[0.9584265925222315, -0.009532315116359361, -0.2851799462001967, 0.3051852913620841], [0.007789132180770262, 0.9999434095707612, -0.007246176638183825, -0.21927560829801093], [0.28523288058373486, 0.004723624087890437, 0.9584466032123967, -0.5161949732704634], [0.0, 0.0, 0.0, 1.0]]"
0.30833333333333335,-6.507508408619723,-10.93265094120076,11.126706007030933,-52.81570475721463,-4.197801393604456,42.54839022702763,3.396701952788589,-6.509046054956622,10.943307743853273,-11.148621522756564,-52.81712202146741,4.19094345679094,42.57172215323239,-3.3659240531714536,"[[0.970821208426928, -0.0, -0.23980446465501654, 0.3], [0.0, 0.9999999999999999, -0.0, 0.22], [0.23980446465501654, 0.0, 0.970821208426928, -0.5152083333333333], [0.0, 0.0, 0.0, 1.0]]","[[0.955432111931685, 0.009521714722944753, -0.2950573104305252, 0.30554039020906787], [-0.007697016155186145, 0.9999434017707198, 0.007345011743202415, 0.21926669375718683], [0.29511054781567403, -0.004746599196881385, 0.9554513249579998, -0.5137539007917945], [0.0, 0.0, 0.0, 1.0]]","[[0.970821208426928, -0.0, -0.23980446465501654, 0.3], [0.0, 0.9999999999999999, -0.0, -0.22], [0.23980446465501654, 0.0, 0.970821208426928, -0.5152083333333333], [0.0, 0.0, 0.0, 1.0]]","[[0.9556413785677997, -0.009542539573102962, -0.29437815052671856, 0.3054893596812689], [0.007720919093483802, 0.9999431836307653, -0.007349620311401004, -0.21926686921482733], [0.2944315590716924, 0.004750731403230966, 0.9556607596703691, -0.5138473063034522], [0.0, 0.0, 0.0, 1.0]]"
0.31666666666666665,-6.100980671862441,-11.011834178022365,11.077306663858815,-53.77443450534723,-4.197801393604456,42.54839022702763,3.396701952788589,-6.090856197078367,11.024599801581118,-11.096963094516465,-53.80452490373572,4.19094345679094,42.57172215323239,-3.3659240531714536,"[[0.9692309097067545, -0.0, -0.24615329302899303, 0.3], [0.0, 1.0000000000000002, -0.0, 0.22], [0.24615329302899303, 0.0, 0.9692309097067545, -0.5129166666666667], [0.0, 0.0, 0.0, 1.0]]","[[0.9526470700286265, 0.009532818117997239, -0.3039287504409585, 0.3058162240598558], [-0.007632092308245897, 0.9999431884478777, 0.007441172198695049, 0.21925791914085282], [0.30398241911806617, -0.004769198614170085, 0.9526657040177876, -0.5114459170692804], [0.0, 0.0, 0.0, 1.0]]","[[0.9692309097067545, -0.0, -0.24615329302899303, 0.3], [0.0, 1.0000000000000002, -0.0, -0.22], [0.24615329302899303, 0.0, 0.9692309097067545, -0.5129166666666667], [0.0, 0.0, 0.0, 1.0]]","[[0.9529710420619053, -0.009547859729039368, -0.3029109297566546, 0.305753748211516], [0.007653653857053905, 0.9999430336456049, -0.0074398283757901905, -0.21925887450126216], [0.3029647084630201, 0.004771565594162706, 0.9529898307892367, -0.5116304284476237], [0.0, 0.0, 0.0, 1.0]]"
0.325,-5.703559284816079,-11.088987141113183,11.028916481136568,-54.71555944089412,-4.197801393604456,42.54839022702763,3.396701952788589,-5.695849708790428,11.101515415598278,-11.048935765593875,-54.739741725650546,4.19094345679094,42.57172215323239,-3.3659240531714536,"[[0.9675990923602598, -0.0, -0.25249157701515795, 0.3], [0.0, 1.0, -0.0, 0.22], [0.25249157701515795, 0.0, 0.9675990923602598, -0.510625], [0.0, 0.0, 0.0, 1.0]]","[[0.9497169542025024, 0.00956834394051349, -0.3129635021764653, 0.306091761395736], [-0.007594971121090081, 0.9999428516009422, 0.007523958123622678, 0.2192498130259316], [0.3130176086324732, -0.004768681831728637, 0.9497353506949164, -0.5090516026703532], [0.0, 0.0, 0.0, 1.0]]","[[0.9675990923602598, -0.0, -0.25249157701515795, 0.3], [0.0, 1.0, -0.0, -0.22], [0.25249157701515795, 0.0, 0.9675990923602598, -0.510625], [0.0, 0.0, 0.0, 1.0]]","[[0.9498840395126922, -0.00959698218016543, -0.3124551318382908, 0.3060506060772643], [0.0076287681163484415, 0.9999426163084034, -0.007521036320354871, -0.21925022127512556], [0.3125093812609105, 0.004760464613742958, 0.9499027448115855, -0.5091031008123744], [0.0, 0.0, 0.0, 1.0]]"
0.3333333333333333,-5.314685879515989,-11.164180693685854,10.981374949418694,-55.640302167716726,-4.197801393604456,42.54839022702763,3.396701952788589,-5.316325978690438,11.175510269971612,-11.003336568921222,-55.64175016782077,4.19094345679094,42.57172215323239,-3.3659240531714536,"[[0.9659258262890682, -0.0, -0.25881904510252074, 0.3], [0.0, 1.0, -0.0, 0.22], [0.25881904510252074, 0.0, 0.9659258262890682, -0.5083333333333333], [0.0, 0.0, 0.0, 1.0]]","[[0.946744303978528, 0.009600401381772174, -0.3218432152112601, 0.3063526837109773], [-0.007556976394474307, 0.999942580523475, 0.007597878903168827, 0.21924255885379723], [0.32189767782944007, -0.0047610869938205045, 0.94676249242281, -0.5066560375647443], [0.0, 0.0, 0.0, 1.0]]","[[0.9659258262890682, -0.0, -0.25881904510252074, 0.3], [0.0, 1.0, -0.0, -0.22], [0.25881904510252074, 0.0, 0.9659258262890682, -0.5083333333333333], [0.0, 0.0, 0.0, 1.0]]","[[0.9472920624337454, -0.009603890060482513, -0.32022728451168414, 0.3062719404705727], [0.0075728824497075875, 0.9999425417859963, -0.0075871323939971334, -0.21924472405988593], [0.32028175080922705, 0.004762186710671374, 0.947310361854186, -0.507010827855826], [0.0, 0.0, 0.0, 1.0]]"
0.3416666666666667,-4.934069319148797,-11.237560831033885,10.934805012110253,-56.54922959151617,-4.197801393604456,42.54839022702763,3.396701952788589,-4.935716248512416,11.2491055582785,-10.956759801423614,-56.550766384079424,4.19094345679094,42.57172215323239,-3.3659240531714536,"[[0.9642111831703293, -0.0, -0.2651354262434081, 0.3], [0.0, 1.0, -0.0, 0.22], [0.2651354262434081, 0.0, 0.9642111831703293, -0.5060416666666666], [0.0, 0.0, 0.0, 1.0]]","[[0.9437306523932387, 0.009628681081952787, -0.3305748693322806, 0.3065996858114164], [-0.007517834134825941, 0.999942375846809, 0.00766336451960981, 0.21923613053909577], [0.33062960832834315, -0.0047469449608367196, 0.9437486575408653, -0.504259401094746], [0.0, 0.0, 0.0, 1.0]]","[[0.9642111831703293, -0.0, -0.2651354262434081, 0.3], [0.0, 1.0, -0.0, -0.22], [0.2651354262434081, 0.0, 0.9642111831703293, -0.5060416666666666], [0.0, 0.0, 0.0, 1.0]]","[[0.9441112897500193, -0.009639625380442903, -0.3294858876933574, 0.3065377677855639], [0.007539113125942015, 0.9999423007806818, -0.007652246906022336, -0.21923795192347093], [0.3295406414083538, 0.004740541315208696, 0.9441294894918861, -0.5044747891771831], [0.0, 0.0, 0.0, 1.0]]"
0.35,-4.5611243418799985,-11.309163411650422,10.888973589005822,-57.44370091993729,-4.197801393604456,42.54839022702763,3.396701952788589,-4.562849818419073,11.320927558722122,-10.910967651906908,-57.445121599284654,4.19094345679094,42.57172215323239,-3.3659240531714536,"[[0.9624552364536474, -0.0, -0.2714404498650742, 0.3], [0.0, 1.0, -0.0, 0.22], [0.2714404498650742, 0.0, 0.9624552364536474, -0.5037499999999999], [0.0, 0.0, 0.0, 1.0]]","[[0.9405849798988173, 0.009661168721234323, -0.3394209148059106, 0.30684313339664965], [-0.00748465391610232, 0.9999421816545002, 0.0077209652113368445, 0.21923014567757004], [0.33947588359778597, -0.004721775828895643, 0.9406029073357811, -0.5017894555309143], [0.0, 0.0, 0.0, 1.0]]","[[0.9624552364536474, -0.0, -0.2714404498650742, 0.3], [0.0, 1.0, -0.0, -0.22], [0.2714404498650742, 0.0, 0.9624552364536474, -0.5037499999999999], [0.0, 0.0, 0.0, 1.0]]","[[0.941073107595447, -0.009662334463328724, -0.33806514971728013, 0.3067723224488079], [0.00749821369548961, 0.9999421891565037, -0.007706824007067811, -0.21923254935113543], [0.3381200717970246, 0.004717800082444644, 0.9410911536139085, -0.5020842535898135], [0.0, 0.0, 0.0, 1.0]]"
0.35833333333333334,-4.210084635053078,-11.376806190095643,10.846626416151743,-58.28839041459277,-4.197801393604456,42.54839022702763,3.396701952788589,-4.19404350890048,11.39199226194152,-10.866036959999272,-58.334118531086,4.19094345679094,42.57172215323239,-3.3659240531714536,"[[0.9606580613579354, -0.0, -0.2777338458812922, 0.3], [0.0, 1.0, -0.0, 0.22], [0.2777338458812922, 0.0, 0.9606580613579354, -0.5014583333333333], [0.0, 0.0, 0.0, 1.0]]","[[0.9374890127868732, 0.009677293772494305, -0.34788029678200366, 0.3070639701009361], [-0.007438093312610427, 0.9999421364570846, 0.007771647541824401, 0.2192251927725638], [0.3479353757118799, -0.004698268072629335, 0.9375067469652424, -0.4993886308302237], [0.0, 0.0, 0.0, 1.0]]","[[0.9606580613579354, -0.0, -0.2777338458812922, 0.3], [0.0, 1.0, -0.0, -0.22], [0.2777338458812922, 0.0, 0.9606580613579354, -0.5014583333333333], [0.0, 0.0, 0.0, 1.0]]","[[0.9377951005260664, -0.009680717619620267, -0.3470542221839031, 0.3070124705731806], [0.007451225844970727, 0.9999421449339266, -0.0077579648326804845, -0.21922701590475427], [0.3471092460057958, 0.004689402020198371, 0.9378129775418875, -0.4995369240960067], [0.0, 0.0, 0.0, 1.0]]"
0.36666666666666664,-3.826722765526364,-11.449464034938945,10.798475290050446,-59.21739859455205,-4.197801393604456,42.54839022702763,3.396701952788589,-3.8287052279329603,11.4616943424215,-10.820633277491613,-59.218361651225024,4.19094345679094,42.57172215323239,-3.3659240531714536,"[[0.958819734868193, -0.0, -0.2840153447039226, 0.3], [0.0, 1.0, -0.0, 0.22], [0.2840153447039226, 0.0, 0.958819734868193, -0.49916666666666665], [0.0, 0.0, 0.0, 1.0]]","[[0.9344602471104534, 0.009677354170924482, -0.35593594281348, 0.3072629632923165], [-0.007378393510080683, 0.9999422334008647, 0.0078159561475787, 0.2192211813079762], [0.3559910193803782, -0.004677464862611429, 0.9344776698471603, -0.4970669979223029], [0.0, 0.0, 0.0, 1.0]]","[[0.958819734868193, -0.0, -0.2840153447039226, 0.3], [0.0, 1.0, -0.0, -0.22], [0.2840153447039226, 0.0, 0.958819734868193, -0.49916666666666665], [0.0, 0.0, 0.0, 1.0]]","[[0.9345909075713813, -0.009700341834222243, -0.3555920961624444, 0.307227891014302], [0.007412107377415119, 0.999942133351977, -0.00779683344202943, -0.21922309383122765], [0.3556471511893882, 0.004651162843453021, 0.9346087259035603, -0.4970774627295237], [0.0, 0.0, 0.0, 1.0]]"
0.375,-3.4865684592457393,-11.514549761313644,10.757230338973677,-60.04335288031418,-4.197801393604456,42.54839022702763,3.396701952788589,-3.4744566128566023,11.52928930954253,-10.77694994888115,-60.07997635464379,4.19094345679094,42.57172215323239,-3.3659240531714536,"[[0.9569403357322089, -0.0, -0.2902846772544624, 0.3], [0.0, 1.0, -0.0, 0.22], [0.2902846772544624, 0.0, 0.9569403357322089, -0.49687499999999996], [0.0, 0.0, 0.0, 1.0]]","[[0.9312942823465817, 0.009686836705362318, -0.36413888128461275, 0.307460748718998], [-0.007330846128797177, 0.9999423032274714, 0.007851682060291533, 0.21921765727288411], [0.36419392960839087, -0.004642780501342893, 0.9313115623815775, -0.49466651459092464], [0.0, 0.0, 0.0, 1.0]]","[[0.9569403357322089, -0.0, -0.2902846772544624, 0.3], [0.0, 1.0, -0.0, -0.22], [0.2902846772544624, 0.0, 0.9569403357322089, -0.49687499999999996], [0.0, 0.0, 0.0, 1.0]]","[[0.9314266156454484, -0.00970842321730588, -0.36379967865007806, 0.30742605760587377], [0.007364588962221164, 0.9999422309624659, -0.007829276289929866, -0.21921988009486773], [0.3638546722204951, 0.0046131612198365545, 0.9314443065727955, -0.49467623565100655], [0.0, 0.0, 0.0, 1.0]]"
0.3833333333333333,-3.152521836186987,-11.578643402711396,10.717273732329103,-60.85857010870105,-4.197801393604456,42.54839022702763,3.396701952788589,-3.1439399169382773,11.59265980466191,-10.737036030918889,-60.88576792197605,4.19094345679094,42.57172215323239,-3.3659240531714536,"[[0.9550199444571866, -0.0, -0.296541574975571, 0.3], [0.0, 1.0, -0.0, 0.22], [0.296541574975571, 0.0, 0.9550199444571866, -0.49458333333333326], [0.0, 0.0, 0.0, 1.0]]","[[0.9280974914314325, 0.009686376954984156, -0.37221125789015036, 0.30764670568895924], [-0.0072752627341084505, 0.9999424728299592, 0.007881724611793319, 0.21921475185755104], [0.3722661909854718, -0.004607074146614919, 0.9281145715465176, -0.49226881582419213], [0.0, 0.0, 0.0, 1.0]]","[[0.9550199444571866, -0.0, -0.296541574975571, 0.3], [0.0, 1.0, -0.0, -0.22], [0.296541574975571, 0.0, 0.9550199444571866, -0.49458333333333326], [0.0, 0.0, 0.0, 1.0]]","[[0.928229685600075, -0.00970784839108955, -0.3718809062729651, 0.30761274802563865], [0.007310534967178, 0.9999424193351991, -0.007855831754989452, -0.21921727923729686], [0.3719357563468184, 0.0045733678711265885, 0.9282472070828093, -0.49227647179372175], [0.0, 0.0, 0.0, 1.0]]"
0.39166666666666666,-2.800827284973391,-11.645075530126233,10.673690295235252,-61.72185820846648,-4.197801393604456,42.54839022702763,3.396701952788589,-2.792108335054458,11.659689573629121,-10.694037428772718,-61.750128361441156,4.19094345679094,42.57172215323239,-3.3659240531714536,"[[0.9530586433062971, -0.0, -0.30278576984257455, 0.3], [0.0, 1.0, -0.0, 0.22], [0.30278576984257455, 0.0, 0.9530586433062971, -0.4922916666666666], [0.0, 0.0, 0.0, 1.0]]","[[0.9248260964891186, 0.00968032744359835, -0.3802669884611131, 0.30782676338473414], [-0.0072158216967901445, 0.9999427118611488, 0.007906004870467892, 0.21921219093091085], [0.3803217363889944, -0.0045677408372680325, 0.9248429664400892, -0.48984068153075455], [0.0, 0.0, 0.0, 1.0]]","[[0.9530586433062971, -0.0, -0.30278576984257455, 0.3], [0.0, 1.0, -0.0, -0.22], [0.30278576984257455, 0.0, 0.9530586433062971, -0.4922916666666666], [0.0, 0.0, 0.0, 1.0]]","[[0.9252706188434631, -0.009675414781540579, -0.3791842141411484, 0.3077708924800614], [0.007226829454457964, 0.9999428352001526, -0.007880308871920422, -0.21921526847447476], [0.3792387834083842, 0.004551118619178693, 0.9252876485062594, -0.49007783753420897], [0.0, 0.0, 0.0, 1.0]]"
0.4,-2.4725086293073404,-11.70715511949248,10.633431452719904,-62.530129134467444,-4.197801393604456,42.54839022702763,3.396701952788589,-2.4748799856098045,11.720226394016592,-10.655749949606566,-62.53033404014254,4.19094345679094,42.57172215323239,-3.3659240531714536,"[[0.9510565162951536, -0.0, -0.30901699437494745, 0.3], [0.0, 1.0, -0.0, 0.22], [0.30901699437494745, 0.0, 0.9510565162951536, -0.49], [0.0, 0.0, 0.0, 1.0]]","[[0.9213764306186968, 0.009691446850483206, -0.3885505745180338, 0.30800569891874113], [-0.007178224689046086, 0.9999428773054712, 0.00791929393122058, 0.21921050144295195], [0.38860512887848436, -0.004507547448419934, 0.9213933664973591, -0.4873066087107091], [0.0, 0.0, 0.0, 1.0]]","[[0.9510565162951536, -0.0, -0.30901699437494745, 0.3], [0.0, 1.0, -0.0, -0.22], [0.30901699437494745, 0.0, 0.9510565162951536, -0.49], [0.0, 0.0, 0.0, 1.0]]","[[0.9218935894951915, -0.0096749962198315, -0.3873223516604972, 0.3079429514396108], [0.007178337606248262, 0.999943091586274, -0.007892088322831111, -0.21921412583480498], [0.38737666568455353, 0.004495335029882797, 0.9219105763825942, -0.4875928991167641], [0.0, 0.0, 0.0, 1.0]]"
0.4083333333333333,-2.143872583288296,-11.769577072090872,10.593842822516864,-63.34425353258712,-4.197801393604456,42.54839022702763,3.396701952788589,-2.1458941058392083,11.782815686249648,-10.61593506938727,-63.34555126852942,4.19094345679094,42.57172215323239,-3.3659240531714536,"[[0.9490136491882138, -0.0, -0.31523498164776964, 0.3], [0.0, 0.9999999999999999, -0.0, 0.22], [0.31523498164776964, 0.0, 0.9490136491882138, -0.4877083333333333], [0.0, 0.0, 0.0, 1.0]]","[[0.91826527682393, 0.009655552102211955, -0.3958480159013973, 0.3081476927915579], [-0.007094571695050009, 0.9999433647940377, 0.007933111422515952, 0.21920962179965367], [0.39590219553815964, -0.004476328627315933, 0.9182817726874933, -0.4850441297836289], [0.0, 0.0, 0.0, 1.0]]","[[0.9490136491882138, -0.0, -0.31523498164776964, 0.3], [0.0, 0.9999999999999999, -0.0, -0.22], [0.31523498164776964, 0.0, 0.9490136491882138, -0.4877083333333333], [0.0, 0.0, 0.0, 1.0]]","[[0.919013439886452, -0.009657067916773648, -0.39410790190926354, 0.30807723570225354], [0.0071199779106480695, 0.9999434520908647, -0.00789927434368239, -0.21921376599835232], [0.394161899760267, 0.004453499731188536, 0.9190302297082081, -0.48549362828850423], [0.0, 0.0, 0.0, 1.0]]"
0.4166666666666667,-1.8270600216093669,-11.829159373541833,10.554991852744184,-64.1316787212412,-4.197801393604456,42.54839022702763,3.396701952788589,-1.8290601998191227,11.842677171682933,-10.577189967546726,-64.13320185342612,4.19094345679094,42.57172215323239,-3.3659240531714536,"[[0.9469301294951056, -0.0, -0.3214394653031616, 0.3], [0.0, 1.0, -0.0, 0.22], [0.3214394653031616, 0.0, 0.9469301294951056, -0.4854166666666666], [0.0, 0.0, 0.0, 1.0]]","[[0.9149706424528532, 0.009644017531506408, -0.4034051516469081, 0.30829119362111157], [-0.0070410428016310965, 0.9999437260478755, 0.00793526645782895, 0.21920957850842068], [0.4034589782935541, -0.004420142909809967, 0.9149870573789436, -0.4826697139963364], [0.0, 0.0, 0.0, 1.0]]","[[0.9469301294951056, -0.0, -0.3214394653031616, 0.3], [0.0, 1.0, -0.0, -0.22], [0.3214394653031616, 0.0, 0.9469301294951056, -0.4854166666666666], [0.0, 0.0, 0.0, 1.0]]","[[0.9152723697817058, -0.009639360020477484, -0.40272021535127367, 0.30824791320884437], [0.007054637786992335, 0.9999439013373406, -0.007901029297086503, -0.21921321415825543], [0.4027737841516935, 0.004390548559656262, 0.9152890264192347, -0.48279235002693005], [0.0, 0.0, 0.0, 1.0]]"
0.425,-1.5129184907827355,-11.888415533459924,10.516994656617758,-64.91689775879338,-4.197801393604456,42.54839022702763,3.396701952788589,-1.5150220823253937,11.902058836327024,-10.53910824782932,-64.91816134378983,4.19094345679094,42.57172215323239,-3.3659240531714536,"[[0.944806046466878, -0.0, -0.3276301795616935, 0.3], [0.0, 1.0, -0.0, 0.22], [0.3276301795616935, 0.0, 0.944806046466878, -0.48312499999999997], [0.0, 0.0, 0.0, 1.0]]","[[0.9114777382723921, 0.009627913088065992, -0.41123671519383254, 0.3084374647915358], [-0.0069836375325708685, 0.999944154230329, 0.00793203803607344, 0.21920965889390587], [0.4112901183357781, -0.004357947930012002, 0.9114940739517624, -0.48017567982724507], [0.0, 0.0, 0.0, 1.0]]","[[0.944806046466878, -0.0, -0.3276301795616935, 0.3], [0.0, 1.0, -0.0, -0.22], [0.3276301795616935, 0.0, 0.944806046466878, -0.48312499999999997], [0.0, 0.0, 0.0, 1.0]]","[[0.9121134893500066, -0.009612743336545286, -0.4098250574468348, 0.308376083455856], [0.0069901981656791765, 0.9999443863648101, -0.007896917570049719, -0.2192138660428391], [0.409878176627349, 0.004338126675113196, 0.9121299583839962, -0.48053348658584927], [0.0, 0.0, 0.0, 1.0]]"
0.43333333333333335,-1.2047463318472842,-11.94661386783031,10.480065531322792,-65.6908538144042,-4.197801393604456,42.54839022702763,3.396701952788589,-1.2068798054675611,11.960456953730633,-10.502181683855293,-65.692131059779,4.19094345679094,42.57172215323239,-3.3659240531714536,"[[0.9426414910921784, -0.0, -0.33380685923377096, 0.3], [0.0, 1.0, -0.0, 0.22], [0.33380685923377096, 0.0, 0.9426414910921784, -0.4808333333333333], [0.0, 0.0, 0.0, 1.0]]","[[0.9080892501437957, 0.009596308257398956, -0.41866672263401566, 0.3085657626002808], [-0.006913421312022923, 0.9999447009854564, 0.007924618405237619, 0.2192104783901941], [0.41871961785787076, -0.004301841342395158, 0.9081053770251686, -0.47777843995405544], [0.0, 0.0, 0.0, 1.0]]","[[0.9426414910921784, -0.0, -0.33380685923377096, 0.3], [0.0, 1.0, -0.0, -0.22], [0.33380685923377096, 0.0, 0.9426414910921784, -0.4808333333333333], [0.0, 0.0, 0.0, 1.0]]","[[0.9085423832132243, -0.009580948882820146, -0.41768282622552194, 0.3085148419369402], [0.006919232862440575, 0.9999449631032603, -0.007886379461764707, -0.2192147815362114], [0.41773539725743863, 0.004275065253818845, 0.9085586726762591, -0.4780025678775163], [0.0, 0.0, 0.0, 1.0]]"
0.44166666666666665,-0.9323563600347657,-11.998096418699282,10.447700679940686,-66.3771239014504,-4.197801393604456,42.54839022702763,3.396701952788589,-0.8899038528570804,12.0205045618188,-10.464383416988442,-66.49417968344609,4.19094345679094,42.57172215323239,-3.3659240531714536,"[[0.940436556093355, -0.0, -0.33996923973099424, 0.3], [0.0, 1.0, -0.0, 0.22], [0.33996923973099424, 0.0, 0.940436556093355, -0.47854166666666664], [0.0, 0.0, 0.0, 1.0]]","[[0.9051676357516688, 0.009553855860530116, -0.42494737912585195, 0.30866210832387375], [-0.00683858659300111, 0.999945295344094, 0.00791454689938623, 0.2192121304486562], [0.4249997469659769, -0.004257952255342124, 0.9051834537382171, -0.47572842098187373], [0.0, 0.0, 0.0, 1.0]]","[[0.940436556093355, -0.0, -0.33996923973099424, 0.3], [0.0, 1.0, -0.0, -0.22], [0.33996923973099424, 0.0, 0.940436556093355, -0.47854166666666664], [0.0, 0.0, 0.0, 1.0]]","[[0.9051272199549208, -0.009541479167749422, -0.425033734981081, 0.3086367091288148], [0.006844900066020046, 0.9999455956086473, -0.007871033347283899, -0.21921631137363934], [0.4250857125801367, 0.004214973091166802, 0.9051432875308076, -0.47560397507455815], [0.0, 0.0, 0.0, 1.0]]"
0.45,-0.5919943733146903,-12.0616854798721,10.406357544894599,-67.24283671837118,-4.197801393604456,42.54839022702763,3.396701952788589,-0.6057087528378412,12.07415142888102,-10.430443353229002,-67.21401332007373,4.19094345679094,42.57172215323239,-3.3659240531714536,"[[0.938191335922484, -0.0, -0.34611705707749296, 0.3], [0.0, 1.0, -0.0, 0.22], [0.34611705707749296, 0.0, 0.938191335922484, -0.47624999999999995], [0.0, 0.0, 0.0, 1.0]]","[[0.9010969741030704, 0.009531766464073168, -0.43351284720336103, 0.30880661158909234], [-0.006781699942202344, 0.9999458792165583, 0.007889688442397172, 0.2192137473010452], [0.4335645878161456, -0.004169420331237052, 0.9011128476089536, -0.472896083948697], [0.0, 0.0, 0.0, 1.0]]","[[0.938191335922484, -0.0, -0.34611705707749296, 0.3], [0.0, 1.0, -0.0, -0.22], [0.34611705707749296, 0.0, 0.938191335922484, -0.47624999999999995], [0.0, 0.0, 0.0, 1.0]]","[[0.9016848353591104, -0.009500500224174565, -0.4322894842335452, 0.3087503979023889], [0.006772666450486553, 0.9999462581287754, -0.007849321207019318, -0.21921848330042737], [0.4323408246656386, 0.0041498614134653205, 0.9017007208479344, -0.47320683534078745], [0.0, 0.0, 0.0, 1.0]]"
0.4583333333333333,-0.309716475378962,-12.114802153499996,10.372900717018938,-67.96254741159376,-4.197801393604456,42.54839022702763,3.396701952788589,-0.3124777661139248,12.129259102651975,-10.395263610135205,-67.96217175118942,4.19094345679094,42.57172215323239,-3.3659240531714536,"[[0.9359059267573256, -0.0, -0.35225004792123343, 0.3], [0.0, 0.9999999999999999, -0.0, 0.22], [0.35225004792123343, 0.0, 0.9359059267573256, -0.4739583333333333], [0.0, 0.0, 0.0, 1.0]]","[[0.8977252207100308, 0.009488597435637612, -0.4404536236879325, 0.3089065881872978], [-0.00671007967575067, 0.9999465548245714, 0.007865260657822228, 0.21921636779889217], [0.4405047138588548, -0.004105363951566252, 0.8977409108729275, -0.4705713057422042], [0.0, 0.0, 0.0, 1.0]]","[[0.9359059267573256, -0.0, -0.35225004792123343, 0.3], [0.0, 0.9999999999999999, -0.0, -0.22], [0.35225004792123343, 0.0, 0.9359059267573256, -0.4739583333333333], [0.0, 0.0, 0.0, 1.0]]","[[0.8980355539423135, -0.009464770168803103, -0.4398210567732903, 0.30886500866971134], [0.006709509519220326, 0.99994692271653, -0.007818838261107245, -0.2192212690714686], [0.43987171577351236, 0.004070611181824866, 0.8980513926201956, -0.4706871366776734], [0.0, 0.0, 0.0, 1.0]]"
0.4666666666666667,-0.021762248348390127,-12.168958723429027,10.33893504005011,-68.70110942692558,-4.197801393604456,42.54839022702763,3.396701952788589,-0.010770919838999167,12.18623910202916,-10.35970991418435,-68.7380744107137,4.19094345679094,42.57172215323239,-3.3659240531714536,"[[0.9335804264972019, -0.0, -0.3583679495453003, 0.3], [0.0, 1.0, -0.0, 0.22], [0.3583679495453003, 0.0, 0.9335804264972019, -0.4716666666666666], [0.0, 0.0, 0.0, 1.0]]","[[0.8942302966493548, 0.00943550913887722, -0.4475077068852527, 0.30900296835937985], [-0.00662972498653787, 0.9999473233259006, 0.007835644196226255, 0.21921942696559463], [0.4475580669600426, -0.004040017408024774, 0.894245746402147, -0.46818079578428634], [0.0, 0.0, 0.0, 1.0]]","[[0.9335804264972019, -0.0, -0.3583679495453003, 0.3], [0.0, 1.0, -0.0, -0.22], [0.3583679495453003, 0.0, 0.9335804264972019, -0.4716666666666666], [0.0, 0.0, 0.0, 1.0]]","[[0.8948504214207431, -0.009400263122109486, -0.44626713786291033, 0.3089540712919968], [0.006618338246676607, 0.999947739181122, -0.007792079659214536, -0.21922405863180303], [0.4463170631759123, 0.004019198900039126, 0.8948658699258961, -0.468505732175779], [0.0, 0.0, 0.0, 1.0]]"
0.475,0.2716965475292034,-12.224109085882295,10.304481858329273,-69.45836567001572,-4.197801393604456,42.54839022702763,3.396701952788589,0.26933799783143336,12.238930596381223,-10.326613378787407,-69.45947899085044,4.19094345679094,42.57172215323239,-3.3659240531714536,"[[0.9312149347588037, -0.0, -0.36447049987914965, 0.3], [0.0, 1.0, -0.0, 0.22], [0.36447049987914965, 0.0, 0.9312149347588037, -0.469375], [0.0, 0.0, 0.0, 1.0]]","[[0.8905684456677085, 0.009386480539226218, -0.4547523914880363, 0.30910077533385405], [-0.006557364204937269, 0.9999480938374959, 0.007798115505825215, 0.21922291964162705], [0.4548019838959427, -0.003962778551106749, 0.890583770248745, -0.46569616357504295], [0.0, 0.0, 0.0, 1.0]]","[[0.9312149347588037, -0.0, -0.36447049987914965, 0.3], [0.0, 1.0, -0.0, -0.22], [0.36447049987914965, 0.0, 0.9312149347588037, -0.469375], [0.0, 0.0, 0.0, 1.0]]","[[0.891188581892138, -0.00935269258464819, -0.4535365901958709, 0.30904732903231297], [0.00654973130098745, 0.9999485135474782, -0.007750566048630862, -0.21922831559270747], [0.4535857278673626, 0.003936673164791675, 0.8912039553768984, -0.466017000139761], [0.0, 0.0, 0.0, 1.0]]"
0.48333333333333334,0.5267033677389219,-12.271940900639894,10.274609172220575,-70.11840100045991,-4.197801393604456,42.54839022702763,3.396701952788589,0.5482763601498486,12.291307902031466,-10.29373626321755,-70.18330145795338,4.19094345679094,42.57172215323239,-3.3659240531714536,"[[0.9288095528719243, -0.0, -0.3705574375098362, 0.3], [0.0, 1.0, -0.0, 0.22], [0.3705574375098362, 0.0, 0.9288095528719243, -0.4670833333333333], [0.0, 0.0, 0.0, 1.0]]","[[0.8871172506385289, 0.00933447186428783, -0.4614497277651734, 0.30918090813615084], [-0.006486638448046405, 0.9999488729084649, 0.00775726051743366, 0.21922711581587334], [0.46149854511274696, -0.0038883420767504393, 0.8871324442577401, -0.4633727000513857], [0.0, 0.0, 0.0, 1.0]]","[[0.9288095528719243, -0.0, -0.3705574375098362, 0.3], [0.0, 1.0, -0.0, -0.22], [0.3705574375098362, 0.0, 0.9288095528719243, -0.4670833333333333], [0.0, 0.0, 0.0, 1.0]]","[[0.8876176375325192, -0.009300565326730579, -0.46048716488713637, 0.3091345219200338], [0.006479837807941023, 0.9999493139927469, -0.0077059163905256285, -0.2192326417193346], [0.46053549401014937, 0.003856025160474238, 0.8876329138933445, -0.46360934670379833], [0.0, 0.0, 0.0, 1.0]]"
0.49166666666666664,0.7995868207189737,-12.323420036414282,10.243244089778232,-70.82925976851816,-4.197801393604456,42.54839022702763,3.396701952788589,0.7977318373899335,12.338643674300593,-10.265210831922639,-70.83210795740206,4.19094345679094,42.57172215323239,-3.3659240531714536,"[[0.9263643838751181, -0.0, -0.3766285016932107, 0.3], [0.0, 1.0, -0.0, 0.22], [0.3766285016932107, 0.0, 0.9263643838751181, -0.4647916666666666], [0.0, 0.0, 0.0, 1.0]]","[[0.8838783289246434, 0.009264408797202578, -0.4676251387457892, 0.30924459480521527], [-0.006398500233769788, 0.9999497558480713, 0.0077165390001684465, 0.21923165894443877], [0.46767313248906944, -0.003828382036969162, 0.883893197529453, -0.46120778507949056], [0.0, 0.0, 0.0, 1.0]]","[[0.9263643838751181, -0.0, -0.3766285016932107, 0.3], [0.0, 1.0, -0.0, -0.22], [0.3766285016932107, 0.0, 0.9263643838751181, -0.4647916666666666], [0.0, 0.0, 0.0, 1.0]]","[[0.884038869457607, -0.009237976836349335, -0.46732209135893354, 0.30921291041649646], [0.006401567958045412, 0.9999501939551309, -0.007656992671732407, -0.21923751733077365], [0.4673695510148205, 0.0037774850188333786, 0.8840539765145213, -0.46121491920068647], [0.0, 0.0, 0.0, 1.0]]"
0.5,1.0813730517561668,-12.37646584682954,10.210909120473746,-71.56855261409117,-4.197801393604456,42.54839022702763,3.396701952788589,1.0782721458729811,12.391909758316585,-10.233355683407346,-71.56765102912073,4.19094345679094,42.57172215323239,-3.3659240531714536,"[[0.9238795325112867, -0.0, -0.3826834323650897, 0.3], [0.0, 1.0, -0.0, 0.22], [0.3826834323650897, 0.0, 0.9238795325112867, -0.46249999999999997], [0.0, 0.0, 0.0, 1.0]]","[[0.8800973911373515, 0.009194685651333735, -0.47470416036622354, 0.30932123307400433], [-0.006313499090766809, 0.9999507065680491, 0.007663169271960726, 0.2192368668101787], [0.4747512210015462, -0.003747290999241178, 0.8801120587559906, -0.45869889830433774], [0.0, 0.0, 0.0, 1.0]]","[[0.9238795325112867, -0.0, -0.3826834323650897, 0.3], [0.0, 1.0, -0.0, -0.22], [0.3826834323650897, 0.0, 0.9238795325112867, -0.46249999999999997], [0.0, 0.0, 0.0, 1.0]]","[[0.8806920949524424, -0.00915843457082489, -0.4736006302408079, 0.3092745281187836], [0.006307055379333899, 0.9999511643264897, -0.0076085487801515, -0.21924270737378826], [0.47364718403123707, 0.0037137633621232616, 0.8807068485148561, -0.4589919614983909], [0.0, 0.0, 0.0, 1.0]]"
0.5083333333333333,1.3460153478940693,-12.426325373996985,10.180802500385974,-72.26655013594228,-4.197801393604456,42.54839022702763,3.396701952788589,1.3434989567934486,12.441988705311118,-10.20305696424917,-72.26755417375027,4.19094345679094,42.57172215323239,-3.3659240531714536,"[[0.9213551052231925, -0.0, -0.38872197015239557, 0.3], [0.0, 1.0, -0.0, 0.22], [0.38872197015239557, 0.0, 0.9213551052231925, -0.46020833333333333], [0.0, 0.0, 0.0, 1.0]]","[[0.8761672852799494, 0.00912906991839165, -0.48192068671887206, 0.309398337266986], [-0.006237762865731137, 0.9999516528287403, 0.007601468246442223, 0.21924258705241928], [0.48196678155200184, -0.0036540508337843908, 0.8761818700434912, -0.45611135079182147], [0.0, 0.0, 0.0, 1.0]]","[[0.9213551052231925, -0.0, -0.38872197015239557, 0.3], [0.0, 1.0, -0.0, -0.22], [0.38872197015239557, 0.0, 0.9213551052231925, -0.46020833333333333], [0.0, 0.0, 0.0, 1.0]]","[[0.8768277117538419, -0.009084390195873163, -0.48071887601309227, 0.3093481280782048], [0.006222980853168781, 0.9999521655400013, -0.007545935406753154, -0.2192487263575203], [0.48076443130687485, 0.003624980914559373, 0.8768423011599898, -0.4564439025991766], [0.0, 0.0, 0.0, 1.0]]"
0.5166666666666666,1.6069301750141431,-12.475327712423596,10.151110814290282,-72.9591927894841,-4.197801393604456,42.54839022702763,3.396701952788589,1.6038087785634474,12.491216439980338,-10.173617995152767,-72.95835950640536,4.19094345679094,42.57172215323239,-3.3659240531714536,"[[0.9187912101488983, -0.0, -0.3947438563842673, 0.3], [0.0, 1.0, -0.0, 0.22], [0.3947438563842673, 0.0, 0.9187912101488983, -0.45791666666666664], [0.0, 0.0, 0.0, 1.0]]","[[0.8729811183454729, 0.009050878564958035, -0.4876700202078145, 0.30944243489015866], [-0.0061507066867933155, 0.9999525961157579, 0.007548134114411696, 0.2192484249390808], [0.4877152199998898, -0.0035898633063799, 0.872995404948904, -0.4540283005876645], [0.0, 0.0, 0.0, 1.0]]","[[0.9187912101488983, -0.0, -0.3947438563842673, 0.3], [0.0, 1.0, -0.0, -0.22], [0.3947438563842673, 0.0, 0.9187912101488983, -0.45791666666666664], [0.0, 0.0, 0.0, 1.0]]","[[0.8731718032540674, -0.009006121542972523, -0.48732934631191005, 0.3094085119820456], [0.00613795118071193, 0.9999531712777142, -0.007482032273768561, -0.21925506818248863], [0.4873739093933358, 0.0035418958759008638, 0.8731861928685434, -0.45405127169292636], [0.0, 0.0, 0.0, 1.0]]"
0.525,1.864977176456458,-12.52445214048162,10.122831269805491,-73.64888480130448,-4.197801393604456,42.54839022702763,3.396701952788589,1.8618130913234494,12.540559434091803,-10.14537174784018,-73.64798321633404,4.19094345679094,42.57172215323239,-3.3659240531714536,"[[0.9161879571171359, -0.0, -0.4007488331031409, 0.3], [0.0, 1.0, -0.0, 0.22], [0.4007488331031409, 0.0, 0.9161879571171359, -0.45562499999999995], [0.0, 0.0, 0.0, 1.0]]","[[0.8691067411208726, 0.008971525898004849, -0.4945432076788824, 0.3095022067959108], [-0.0060669422895066, 0.9999536333465909, 0.0074781928437138235, 0.2192552103226124], [0.4945873681661437, -0.0034989827112182946, 0.8691208732797034, -0.4515126021733366], [0.0, 0.0, 0.0, 1.0]]","[[0.9161879571171359, -0.0, -0.4007488331031409, 0.3], [0.0, 1.0, -0.0, -0.22], [0.4007488331031409, 0.0, 0.9161879571171359, -0.45562499999999995], [0.0, 0.0, 0.0, 1.0]]","[[0.8699844643902992, -0.008931053439975882, -0.49299824340861176, 0.3094534579931832], [0.006059120993425801, 0.9999540953753312, -0.007422546388558467, -0.21926117773286527], [0.4930419036677426, 0.003470364037903024, 0.8699986424133851, -0.45197908611329474], [0.0, 0.0, 0.0, 1.0]]"
0.5333333333333333,2.1149337121051865,-12.571258573090072,10.094582461171965,-74.3197323212048,-4.197801393604456,42.54839022702763,3.396701952788589,2.1238744297287333,12.589953654622043,-10.115921679686377,-74.35315926700284,4.19094345679094,42.57172215323239,-3.3659240531714536,"[[0.9135454576426011, -0.0, -0.4067366430758002, 0.3], [0.0, 1.0000000000000002, -0.0, 0.22], [0.4067366430758002, 0.0, 0.9135454576426011, -0.4533333333333333], [0.0, 0.0, 0.0, 1.0]]","[[0.8652312199606735, 0.008886070610288867, -0.5012942985457481, 0.30955629281278935], [-0.0059801905140839245, 0.9999547104250517, 0.007403676125175758, 0.21926242641550706], [0.501337384728867, -0.0034080563170518947, 0.8652451744016605, -0.4490145926816527], [0.0, 0.0, 0.0, 1.0]]","[[0.9135454576426011, -0.0, -0.4067366430758002, 0.3], [0.0, 1.0000000000000002, -0.0, -0.22], [0.4067366430758002, 0.0, 0.9135454576426011, -0.4533333333333333], [0.0, 0.0, 0.0, 1.0]]","[[0.865743262635475, -0.00882420686827083, -0.5004105680083396, 0.3095149354075035], [0.0059495660168865944, 0.9999553624960462, -0.00734000542313906, -0.21926909141951761], [0.5004530006558995, 0.003377334532877155, 0.8657571182184755, -0.44924138904247524], [0.0, 0.0, 0.0, 1.0]]"
0.5416666666666666,2.3625893277772674,-12.618033416073612,10.06731976109986,-74.98909085986604,-4.197801393604456,42.54839022702763,3.396701952788589,2.3604958747966585,12.634506124804389,-10.089443597595176,-74.99202101101999,4.19094345679094,42.57172215323239,-3.3659240531714536,"[[0.9108638249211759, -0.0, -0.4127070298043947, 0.3], [0.0, 1.0, -0.0, 0.22], [0.4127070298043947, 0.0, 0.9108638249211759, -0.4510416666666667], [0.0, 0.0, 0.0, 1.0]]","[[0.8614981771195995, 0.008798185877815045, -0.5076844322459243, 0.3095993204611701], [-0.005894358885330435, 0.9999557846284932, 0.007327026773897792, 0.21927007096702344], [0.5077264493336328, -0.003319745965266747, 0.8615119453227496, -0.4466252026550025], [0.0, 0.0, 0.0, 1.0]]","[[0.9108638249211759, -0.0, -0.4127070298043947, 0.3], [0.0, 1.0, -0.0, -0.22], [0.4127070298043947, 0.0, 0.9108638249211759, -0.4510416666666667], [0.0, 0.0, 0.0, 1.0]]","[[0.862254188389838, -0.008751767507579687, -0.5064001591327504, 0.3095556372264911], [0.005882821434392238, 0.9999563065658641, -0.0072648035848738605, -0.21927660399778043], [0.5064416126427139, 0.0032850456083612116, 0.8622679986287316, -0.44700498665845745], [0.0, 0.0, 0.0, 1.0]]"
0.55,2.5934046851638586,-12.662024103196725,10.042583377247011,-75.61571290489053,-4.197801393604456,42.54839022702763,3.396701952788589,2.6036213675017286,12.68079346303592,-10.063086751361745,-75.65321747362306,4.19094345679094,42.57172215323239,-3.3659240531714536,"[[0.9081431738250813, -0.0, -0.41865973753742813, 0.3], [0.0, 0.9999999999999999, -0.0, 0.22], [0.41865973753742813, 0.0, 0.9081431738250813, -0.44875], [0.0, 0.0, 0.0, 1.0]]","[[0.8579206932238017, 0.00870016736296508, -0.5137084691011509, 0.30963167299022815], [-0.005799390562919711, 0.9999569015135099, 0.007249978248208579, 0.21927797698663076], [0.5137494050677727, -0.0032407103167634422, 0.8579341738088958, -0.44435043078684644], [0.0, 0.0, 0.0, 1.0]]","[[0.9081431738250813, -0.0, -0.41865973753742813, 0.3], [0.0, 0.9999999999999999, -0.0, -0.22], [0.41865973753742813, 0.0, 0.9081431738250813, -0.44875], [0.0, 0.0, 0.0, 1.0]]","[[0.858093582329197, -0.008648690031565811, -0.513420494454773, 0.3096014557098355], [0.005787101925399392, 0.9999575322948296, -0.007172381622568183, -0.21928562042013067], [0.5134607223700277, 0.0031833579083429056, 0.8581071919146679, -0.444356869799978], [0.0, 0.0, 0.0, 1.0]]"
0.5583333333333333,2.8339607460805345,-12.70757890363977,10.01662951217461,-76.27471004658086,-4.197801393604456,42.54839022702763,3.396701952788589,2.843254499106806,12.726548900285835,-10.037466711785026,-76.30959865286128,4.19094345679094,42.57172215323239,-3.3659240531714536,"[[0.9053836208979552, -0.0, -0.4245945112807131, 0.3], [0.0, 0.9999999999999999, -0.0, 0.22], [0.4245945112807131, 0.0, 0.9053836208979552, -0.4464583333333333], [0.0, 0.0, 0.0, 1.0]]","[[0.8539581728628567, 0.008604102812427527, -0.5202705146512963, 0.30967089895759015], [-0.0057130097203889965, 0.9999580479934206, 0.00715987242362808, 0.2192867110599206], [0.5203102925376992, -0.003141921065377947, 0.8539715029269729, -0.4418477854044353], [0.0, 0.0, 0.0, 1.0]]","[[0.9053836208979552, -0.0, -0.4245945112807131, 0.3], [0.0, 0.9999999999999999, -0.0, -0.22], [0.4245945112807131, 0.0, 0.9053836208979552, -0.4464583333333333], [0.0, 0.0, 0.0, 1.0]]","[[0.8545296920607088, -0.008543687169473924, -0.5193322739789821, 0.3096295335639453], [0.005689213455000697, 0.9999586860737871, -0.007089357929240182, -0.21929409853989645], [0.5193713875801147, 0.003103474687444423, 0.854542994944064, -0.44210397918760724], [0.0, 0.0, 0.0, 1.0]]"
0.5666666666666667,3.081736530393325,-12.754583411734153,9.990213755559585,-76.95865103912008,-4.197801393604456,42.54839022702763,3.396701952788589,3.0796038038249884,12.771787804479768,-10.012532252446249,-76.96202515257008,4.19094345679094,42.57172215323239,-3.3659240531714536,"[[0.9025852843498605, -0.0, -0.4305110968082951, 0.3], [0.0, 1.0, -0.0, 0.22], [0.4305110968082951, 0.0, 0.9025852843498605, -0.4441666666666666], [0.0, 0.0, 0.0, 1.0]]","[[0.8500052946665596, 0.008502315785981153, -0.5267055246198685, 0.30970405251867245], [-0.005624078508265885, 0.9999592229285703, 0.007065565867155971, 0.21929591679598534], [0.5267441207832778, -0.0030435351756983864, 0.8500184516314256, -0.4393683675585076], [0.0, 0.0, 0.0, 1.0]]","[[0.9025852843498605, -0.0, -0.4305110968082951, 0.3], [0.0, 1.0, -0.0, -0.22], [0.4305110968082951, 0.0, 0.9025852843498605, -0.4441666666666666], [0.0, 0.0, 0.0, 1.0]]","[[0.8504644203950392, -0.008430624885467291, -0.5259650123403369, 0.30966781174606556], [0.005589096103750564, 0.9999599439782818, -0.006990882898093095, -0.21930352753772833], [0.5260028817857115, 0.0030058281707958413, 0.8504774737464448, -0.4395515782924603], [0.0, 0.0, 0.0, 1.0]]"
0.575,3.314165733414743,-12.798785834721535,9.965765093425524,-77.60435663268558,-4.197801393604456,42.54839022702763,3.396701952788589,3.320728477990068,12.817815595522838,-9.987129925149324,-77.63218965355338,4.19094345679094,42.57172215323239,-3.3659240531714536,"[[0.8997482840522215, -0.0, -0.43640924067334197, 0.3], [0.0, 1.0, -0.0, 0.22], [0.43640924067334197, 0.0, 0.8997482840522215, -0.441875], [0.0, 0.0, 0.0, 1.0]]","[[0.8463133296919763, 0.008396389422321392, -0.5326192341911334, 0.30972520174790624], [-0.005532161767485813, 0.9999603833409879, 0.006973301565478797, 0.21930521787102455], [0.5326566841520523, -0.0029550623028068695, 0.8463262517699234, -0.43706748298845266], [0.0, 0.0, 0.0, 1.0]]","[[0.8997482840522215, -0.0, -0.43640924067334197, 0.3], [0.0, 1.0, -0.0, -0.22], [0.43640924067334197, 0.0, 0.8997482840522215, -0.441875], [0.0, 0.0, 0.0, 1.0]]","[[0.8471217687301908, -0.008334526798456462, -0.5313334589563122, 0.3096829938578614], [0.005507628926539567, 0.9999609964834535, -0.006904457648966642, -0.21931246585088032], [0.5313702804702581, 0.0029225288475292076, 0.8471346314831514, -0.4374655598621594], [0.0, 0.0, 0.0, 1.0]]"
0.5833333333333334,3.530942277292608,-12.840305700912397,9.943485870126588,-78.20962750636461,-4.197801393604456,42.54839022702763,3.396701952788589,3.530087222985887,12.858580725810413,-9.966210763268869,-78.21686067669565,4.19094345679094,42.57172215323239,-3.3659240531714536,"[[0.8968727415326883, -0.0, -0.4422886902190013, 0.3], [0.0, 1.0, -0.0, 0.22], [0.4422886902190013, 0.0, 0.8968727415326883, -0.4395833333333333], [0.0, 0.0, 0.0, 1.0]]","[[0.8426341495898164, 0.008286052109155251, -0.5384227254541651, 0.30974166785787316], [-0.005438497578962262, 0.9999615597676911, 0.006877625393260532, 0.21931487687805298], [0.5384590167219141, -0.0028671113356066747, 0.8426468222116896, -0.43478864877708184], [0.0, 0.0, 0.0, 1.0]]","[[0.8968727415326883, -0.0, -0.4422886902190013, 0.3], [0.0, 1.0, -0.0, -0.22], [0.4422886902190013, 0.0, 0.8968727415326883, -0.4395833333333333], [0.0, 0.0, 0.0, 1.0]]","[[0.8435379785750573, -0.00823285791542823, -0.5370064233806245, 0.30970317181012014], [0.005424697174162004, 0.9999621027095287, -0.006809244106851568, -0.21932190765412912], [0.5370421318314559, 0.0028307587820979754, 0.8435506715323288, -0.4352423679682946], [0.0, 0.0, 0.0, 1.0]]"
0.5916666666666667,3.777015636954773,-12.887792591116911,9.918879259867973,-78.90467438649428,-4.197801393604456,42.54839022702763,3.396701952788589,3.763348001538754,12.903312488458472,-9.942248752113171,-78.87360385595989,4.19094345679094,42.57172215323239,-3.3659240531714536,"[[0.8939587799699321, -0.0, -0.4481491935892225, 0.3], [0.0, 0.9999999999999999, -0.0, 0.22], [0.4481491935892225, 0.0, 0.8939587799699321, -0.43729166666666663], [0.0, 0.0, 0.0, 1.0]]","[[0.8384220803976662, 0.008157422417708716, -0.5449604311884934, 0.3097648552006464], [-0.005332051000553854, 0.999962901896598, 0.006764914091280893, 0.21932578206248352], [0.5449953984519292, -0.0027660965337423476, 0.8384344723209972, -0.4321971371758524], [0.0, 0.0, 0.0, 1.0]]","[[0.8939587799699321, -0.0, -0.4481491935892225, 0.3], [0.0, 0.9999999999999999, -0.0, -0.22], [0.4481491935892225, 0.0, 0.8939587799699321, -0.43729166666666663], [0.0, 0.0, 0.0, 1.0]]","[[0.8391332830405385, -0.008080688072350045, -0.5438658251571659, 0.3097242623825238], [0.005293798770880056, 0.9999636124696029, -0.006689501574494544, -0.21933368794512545], [0.543900090998504, 0.0027342671813697862, 0.8391455265892799, -0.43252827643757197], [0.0, 0.0, 0.0, 1.0]]"
0.6,3.9763495852397175,-12.925993839144793,9.898737032005604,-79.46822646472286,-4.197801393604456,42.54839022702763,3.396701952788589,3.983961831069697,12.94598836416636,-9.920229076002697,-79.49951556131069,4.19094345679094,42.57172215323239,-3.3659240531714536,"[[0.8910065241883678, -0.0, -0.45399049973954675, 0.3], [0.0, 1.0, -0.0, 0.22], [0.45399049973954675, 0.0, 0.8910065241883678, -0.43499999999999994], [0.0, 0.0, 0.0, 1.0]]","[[0.835306674241178, 0.008055904585325967, -0.5497252608071189, 0.3097649537383621], [-0.005249995738015749, 0.9999639300913752, 0.006676530608203519, 0.21933505697507646], [0.5497592177607334, -0.0026908953014909403, 0.8353188382705032, -0.43029089337166254], [0.0, 0.0, 0.0, 1.0]]","[[0.8910065241883678, -0.0, -0.45399049973954675, 0.3], [0.0, 1.0, -0.0, -0.22], [0.45399049973954675, 0.0, 0.8910065241883678, -0.43499999999999994], [0.0, 0.0, 0.0, 1.0]]","[[0.8355232782396492, -0.00797163439835712, -0.5493972192910052, 0.30973253958980457], [0.005210365139930692, 0.9999647420207386, -0.006585348168972025, -0.21934419140428052], [0.5494303446432299, 0.0026396515711202668, 0.83553535450321, -0.4303177714203069], [0.0, 0.0, 0.0, 1.0]]"
0.6083333333333333,4.2038213515841765,-12.969876950788478,9.876328888886086,-80.11848096427558,-4.197801393604456,42.54839022702763,3.396701952788589,4.200311061237612,12.987906088876374,-9.89888388107276,-80.11727202079248,4.19094345679094,42.57172215323239,-3.3659240531714536,"[[0.8880161006528073, -0.0, -0.45981235844785984, 0.3], [0.0, 1.0, -0.0, 0.22], [0.45981235844785984, 0.0, 0.8880161006528073, -0.4327083333333333], [0.0, 0.0, 0.0, 1.0]]","[[0.8309647526341265, 0.007919793166845972, -0.5562686911519463, 0.3097758039551644], [-0.005145054264763647, 0.9999653052942239, 0.006551078112983977, 0.21934741659176168], [0.556301274757049, -0.0025816824018767568, 0.8309766703221326, -0.4276506999819543], [0.0, 0.0, 0.0, 1.0]]","[[0.8880161006528073, -0.0, -0.45981235844785984, 0.3], [0.0, 1.0, -0.0, -0.22], [0.45981235844785984, 0.0, 0.8880161006528073, -0.4327083333333333], [0.0, 0.0, 0.0, 1.0]]","[[0.8311824169704644, -0.007834939995043734, -0.5559446046454729, 0.3097436766069703], [0.005107229305271631, 0.9999661122558121, -0.00645682188230339, -0.21935685607328487], [0.5559763537489347, 0.0025274602411277038, 0.8311942649084924, -0.42767693069046175], [0.0, 0.0, 0.0, 1.0]]"
0.6166666666666667,4.417711286764064,-13.011242283949368,9.855585604376756,-80.73499432932844,-4.197801393604456,42.54839022702763,3.396701952788589,4.414262041233208,13.029421686199003,-9.878062049387976,-80.73400395189879,4.19094345679094,42.57172215323239,-3.3659240531714536,"[[0.8849876374630419, -0.0, -0.4656145203251114, 0.3], [0.0, 1.0, -0.0, 0.22], [0.4656145203251114, 0.0, 0.8849876374630419, -0.4304166666666666], [0.0, 0.0, 0.0, 1.0]]","[[0.8270129681990827, 0.007792017132079014, -0.5621288419033104, 0.30978114772766263], [-0.005049199422164516, 0.9999665624534352, 0.006432694634110113, 0.21935913883183233], [0.5621601693607781, -0.0024816212591535123, 0.8270246583628494, -0.4252632934824244], [0.0, 0.0, 0.0, 1.0]]","[[0.8849876374630419, -0.0, -0.4656145203251114, 0.3], [0.0, 1.0, -0.0, -0.22], [0.4656145203251114, 0.0, 0.8849876374630419, -0.4304166666666666], [0.0, 0.0, 0.0, 1.0]]","[[0.8276839641010603, -0.0077159472356555, -0.5611414436024231, 0.3097450672271312], [0.005017315470468028, 0.9999672549395908, -0.006349456201062558, -0.21936766547663622], [0.5611720610609767, 0.0024399194322743166, 0.8276955748810908, -0.4255614456424288], [0.0, 0.0, 0.0, 1.0]]"
0.625,4.626585301772224,-13.052375390678478,9.836352645447647,-81.34077746719521,-4.197801393604456,42.54839022702763,3.396701952788589,4.614134293802114,13.06868758996376,-9.85934306219391,-81.31422852189137,4.19094345679094,42.57172215323239,-3.3659240531714536,"[[0.8819212643483549, -0.0, -0.4713967368259976, 0.3], [0.0, 1.0, -0.0, 0.22], [0.4713967368259976, 0.0, 0.8819212643483549, -0.428125], [0.0, 0.0, 0.0, 1.0]]","[[0.8228966491324997, 0.007651649293987156, -0.5681395577757153, 0.30978207684536985], [-0.004944774565204478, 0.9999678948519892, 0.00630543176795635, 0.21937176823807103], [0.5681695645236577, -0.0023793966384090173, 0.8229080655945925, -0.4227919167485047], [0.0, 0.0, 0.0, 1.0]]","[[0.8819212643483549, -0.0, -0.4713967368259976, 0.3], [0.0, 1.0, -0.0, -0.22], [0.4713967368259976, 0.0, 0.8819212643483549, -0.428125], [0.0, 0.0, 0.0, 1.0]]","[[0.8236570113238747, -0.007560589212025837, -0.5670378869068535, 0.3097500035643933], [0.004894246256247221, 0.9999686543859567, -0.006223873321520295, -0.2193800088165776], [0.5670671689055944, 0.0023511138437176003, 0.8236681966745396, -0.42314120472031613], [0.0, 0.0, 0.0, 1.0]]"
0.6333333333333333,4.841759312516074,-13.094036129520969,9.815949162849526,-81.97131321061411,-4.197801393604456,42.54839022702763,3.396701952788589,4.829946500346537,13.111102210935893,-9.839336584341297,-81.94563852952403,4.19094345679094,42.57172215323239,-3.3659240531714536,"[[0.8788171126619655, -0.0, -0.4771587602596084, 0.3], [0.0, 1.0, -0.0, 0.22], [0.4771587602596084, 0.0, 0.8788171126619655, -0.4258333333333333], [0.0, 0.0, 0.0, 1.0]]","[[0.8191010920253886, 0.007514989552473054, -0.5735999703406915, 0.3097757825083701], [-0.004843823852609491, 0.999969146913996, 0.006184059393336712, 0.21938398607051648], [0.5736287461532075, -0.002286952584039623, 0.8191122215145966, -0.4205265431055256], [0.0, 0.0, 0.0, 1.0]]","[[0.8788171126619655, -0.0, -0.4771587602596084, 0.3], [0.0, 1.0, -0.0, -0.22], [0.4771587602596084, 0.0, 0.8788171126619655, -0.4258333333333333], [0.0, 0.0, 0.0, 1.0]]","[[0.819299823865652, -0.00741296759407689, -0.5733174046940844, 0.3097467732320773], [0.004791721435570859, 0.9999700241843503, -0.006081951860524731, -0.21939410513257657], [0.5733453043493034, 0.0022357647906287885, 0.8193107855608918, -0.420538552302268], [0.0, 0.0, 0.0, 1.0]]"
0.6416666666666666,5.02604208519125,-13.130270283067887,9.799244227686968,-82.51366438165897,-4.197801393604456,42.54839022702763,3.396701952788589,5.042592487323837,13.15334266208419,-9.820386224489095,-82.57500631059486,4.19094345679094,42.57172215323239,-3.3659240531714536,"[[0.8756753153753998, -0.0, -0.4829003438000374, 0.3], [0.0, 1.0, -0.0, 0.22], [0.4829003438000374, 0.0, 0.8756753153753998, -0.4235416666666666], [0.0, 0.0, 0.0, 1.0]]","[[0.8150786896328504, 0.0073750200603150675, -0.5793033219182382, 0.30977110251485634], [-0.00474644369452099, 0.9999704204561329, 0.006052229757685113, 0.2193970331998126], [0.5793308217060877, -0.002183412900717039, 0.8150895850944573, -0.4181401012182774], [0.0, 0.0, 0.0, 1.0]]","[[0.8756753153753998, -0.0, -0.4829003438000374, 0.3], [0.0, 1.0, -0.0, -0.22], [0.4829003438000374, 0.0, 0.8756753153753998, -0.4235416666666666], [0.0, 0.0, 0.0, 1.0]]","[[0.81572526118263, -0.007273369526003621, -0.5783938073356838, 0.30973784750328415], [0.0046886477230411415, 0.9999712338357662, -0.005962221356545062, -0.21940617650876532], [0.5784205346035522, 0.0021516497655108243, 0.8157358981632642, -0.4184160041899158], [0.0, 0.0, 0.0, 1.0]]"
0.65,5.235188880879387,-13.171496451124439,9.780639646161498,-83.13620880374896,-4.197801393604456,42.54839022702763,3.396701952788589,5.232682628340815,13.190572315702637,-9.802969242105563,-83.13955559644226,4.19094345679094,42.57172215323239,-3.3659240531714536,"[[0.8724960070727971, -0.0, -0.4886212414969549, 0.3], [0.0, 0.9999999999999999, -0.0, 0.22], [0.4886212414969549, 0.0, 0.8724960070727971, -0.42124999999999996], [0.0, 0.0, 0.0, 1.0]]","[[0.8108817923198225, 0.007223078209514487, -0.5851654005709596, 0.30976249064415984], [-0.004641913251191762, 0.999971756783723, 0.005910860871575897, 0.2194110249955811], [0.5851915682283543, -0.002076722430647299, 0.810892419312442, -0.41566523339260203], [0.0, 0.0, 0.0, 1.0]]","[[0.8724960070727971, -0.0, -0.4886212414969549, 0.3], [0.0, 0.9999999999999999, -0.0, -0.22], [0.4886212414969549, 0.0, 0.8724960070727971, -0.42124999999999996], [0.0, 0.0, 0.0, 1.0]]","[[0.8120148837689505, -0.00714999613721523, -0.5835929284123786, 0.30972978620823377], [0.004611596177092089, 0.9999723441058849, -0.0058347411323364145, -0.2194188448497452], [0.583618507004702, 0.0020466017247515655, 0.8120253996661576, -0.41622466347523457], [0.0, 0.0, 0.0, 1.0]]"
0.6583333333333333,5.431747211040368,-13.210337175613361,9.76347708832455,-83.72671963863158,-4.197801393604456,42.54839022702763,3.396701952788589,5.428720583464406,13.230378658185472,-9.786826090002238,-83.72893945011182,4.19094345679094,42.57172215323239,-3.3659240531714536,"[[0.8692793239451436, -0.0, -0.4943212082861446, 0.3], [0.0, 0.9999999999999999, -0.0, 0.22], [0.4943212082861446, 0.0, 0.8692793239451436, -0.4189583333333333], [0.0, 0.0, 0.0, 1.0]]","[[0.8068193032955053, 0.0070735580312545855, -0.5907559365817107, 0.3097507576479541], [-0.004542005992952296, 0.9999730370325087, 0.005770215727438689, 0.2194249771620408], [0.5907808240043982, -0.0019723044287505726, 0.8068296771958285, -0.41328398403820527], [0.0, 0.0, 0.0, 1.0]]","[[0.8692793239451436, -0.0, -0.4943212082861446, 0.3], [0.0, 0.9999999999999999, -0.0, -0.22], [0.4943212082861446, 0.0, 0.8692793239451436, -0.4189583333333333], [0.0, 0.0, 0.0, 1.0]]","[[0.807682170182861, -0.006982632813612853, -0.5895767590464319, 0.30971741503728606], [0.0044968992117400165, 0.9999737421000068, -0.005682693726472198, -0.21943393325868102], [0.5896009581625387, 0.0019385431384654607, 0.8076923623412053, -0.4136810884060955], [0.0, 0.0, 0.0, 1.0]]"
0.6666666666666666,5.603121779957865,-13.24451202712552,9.748983426905783,-84.24403816636834,-4.197801393604456,42.54839022702763,3.396701952788589,5.630140300767144,13.27029086860044,-9.769349343463468,-84.33972228645105,4.19094345679094,42.57172215323239,-3.3659240531714536,"[[0.8660254037844387, -0.0, -0.49999999999999994, 0.3], [0.0, 1.0, -0.0, 0.22], [0.49999999999999994, 0.0, 0.8660254037844387, -0.41666666666666663], [0.0, 0.0, 0.0, 1.0]]","[[0.803406704193767, 0.006937940174489708, -0.5953902355956505, 0.3097313629208443], [-0.004449532275019774, 0.9999741485272636, 0.005648357257449078, 0.2194373497219142], [0.5954140318459439, -0.0018887200188016345, 0.8034168055359859, -0.41129385639601673], [0.0, 0.0, 0.0, 1.0]]","[[0.8660254037844387, -0.0, -0.49999999999999994, 0.3], [0.0, 1.0, -0.0, -0.22], [0.49999999999999994, 0.0, 0.8660254037844387, -0.41666666666666663], [0.0, 0.0, 0.0, 1.0]]","[[0.8036457409180784, -0.006828586526554446, -0.5950688140965569, 0.30970004169680565], [0.004396941877582174, 0.9999750045477586, -0.0055368927961131015, -0.21944850310389258], [0.5950917492339801, 0.001833217324771971, 0.8036556783274054, -0.41132541523923444], [0.0, 0.0, 0.0, 1.0]]"
0.675,5.813219252601104,-13.28652622825756,9.731631331319365,-84.88664968423983,-4.197801393604456,42.54839022702763,3.396701952788589,5.801006020591474,13.304314602177213,-9.754819823551559,-84.8596636068291,4.19094345679094,42.57172215323239,-3.3659240531714536,"[[0.8627343859777918, -0.0, -0.5056573733779846, 0.3], [0.0, 1.0, -0.0, 0.22], [0.5056573733779846, 0.0, 0.8627343859777918, -0.41437499999999994], [0.0, 0.0, 0.0, 1.0]]","[[0.7988643711816387, 0.006762655080442676, -0.6014731772513451, 0.30971294612115163], [-0.004336355661098534, 0.9999755619428433, 0.005483752061797354, 0.21945363286236105], [0.6014955631392018, -0.0017725725253909654, 0.7988741737661174, -0.40866066476182494], [0.0, 0.0, 0.0, 1.0]]","[[0.8627343859777918, -0.0, -0.5056573733779846, 0.3], [0.0, 1.0, -0.0, -0.22], [0.5056573733779846, 0.0, 0.8627343859777918, -0.41437499999999994], [0.0, 0.0, 0.0, 1.0]]","[[0.79953448482233, -0.00666617140745881, -0.6005831913554173, 0.30968376121405217], [0.004291997823118234, 0.999976287539549, -0.005385453862716362, -0.2194634991073173], [0.6006048504088005, 0.0017281543297625016, 0.7995441370856488, -0.4089403943438416], [0.0, 0.0, 0.0, 1.0]]"
0.6833333333333333,6.00041936982552,-13.325039957439971,9.717566264271015,-85.46521451826409,-4.197801393604456,42.54839022702763,3.396701952788589,6.005079693273585,13.346277576890479,-9.739267482811439,-85.49192055791885,4.19094345679094,42.57172215323239,-3.3659240531714536,"[[0.8594064115014526, -0.0, -0.511293086077052, 0.3], [0.0, 1.0, -0.0, 0.22], [0.511293086077052, 0.0, 0.8594064115014526, -0.4120833333333333], [0.0, 0.0, 0.0, 1.0]]","[[0.794559293584059, 0.006593121604562957, -0.6071507718241893, 0.3096934624556997], [-0.00422945013090539, 0.9999768835627519, 0.0053239169524698, 0.21946943010821218], [0.6071718378933526, -0.0016622537814834735, 0.7945688114830424, -0.406180591469698], [0.0, 0.0, 0.0, 1.0]]","[[0.8594064115014526, -0.0, -0.511293086077052, 0.3], [0.0, 1.0, -0.0, -0.22], [0.511293086077052, 0.0, 0.8594064115014526, -0.4120833333333333], [0.0, 0.0, 0.0, 1.0]]","[[0.7954492186756316, -0.006496189629754523, -0.6059854288913401, 0.3096614228147112], [0.004181412116277959, 0.9999775756780329, -0.005231054750032596, -0.21947890442487067], [0.6060058220025951, 0.0016271635991087342, 0.795458544512271, -0.4065838533798201], [0.0, 0.0, 0.0, 1.0]]"
0.6916666666666667,6.1824806234731495,-13.361198125132372,9.702668767917572,-86.03193580426756,-4.197801393604456,42.54839022702763,3.396701952788589,6.169989915028489,13.379231532088498,-9.725735170518352,-86.00298263237588,4.19094345679094,42.57172215323239,-3.3659240531714536,"[[0.8560416229147716, -0.0, -0.5169068966820275, 0.3], [0.0, 1.0, -0.0, 0.22], [0.5169068966820275, 0.0, 0.8560416229147716, -0.40979166666666667], [0.0, 0.0, 0.0, 1.0]]","[[0.7904080517527784, 0.006424469413927681, -0.612547008740657, 0.3096706518770453], [-0.00412431398440179, 0.9999781508298891, 0.005166033003541445, 0.21948509607017253], [0.6125668141178848, -0.0015569378873671704, 0.7904172785218448, -0.4038030453365887], [0.0, 0.0, 0.0, 1.0]]","[[0.8560416229147716, -0.0, -0.5169068966820275, 0.3], [0.0, 1.0, -0.0, -0.22], [0.5169068966820275, 0.0, 0.8560416229147716, -0.40979166666666667], [0.0, 0.0, 0.0, 1.0]]","[[0.791039299906759, -0.006310067499250805, -0.6117327921986687, 0.3096394915446185], [0.0040627837103350255, 0.9999789387086498, -0.005061218000193872, -0.21949568833540056], [0.6117518449433134, 0.0015182843203263346, 0.7910482760370413, -0.40405553004641054], [0.0, 0.0, 0.0, 1.0]]"
0.7,6.362355362812727,-13.397540707932365,9.688858125415807,-86.5981175053266,-4.197801393604456,42.54839022702763,3.396701952788589,6.3598333154617,13.418256671685013,-9.711669249696357,-86.60167603388417,4.19094345679094,42.57172215323239,-3.3659240531714536,"[[0.8526401643540922, -0.0, -0.5224985647159489, 0.3], [0.0, 1.0, -0.0, 0.22], [0.5224985647159489, 0.0, 0.8526401643540922, -0.4075], [0.0, 0.0, 0.0, 1.0]]","[[0.786430931068574, 0.0062637792646685325, -0.6176464650007635, 0.3096436093450271], [-0.004028948018030028, 0.999979327427591, 0.0050112169510887795, 0.21950055514132177], [0.6176650858163216, -0.0014525105116232903, 0.7864399099592605, -0.40153754884395204], [0.0, 0.0, 0.0, 1.0]]","[[0.8526401643540922, -0.0, -0.5224985647159489, 0.3], [0.0, 1.0, -0.0, -0.22], [0.5224985647159489, 0.0, 0.8526401643540922, -0.4075], [0.0, 0.0, 0.0, 1.0]]","[[0.7866345630265463, -0.006131515252554124, -0.6173884261732985, 0.30961454028856683], [0.003958292570847436, 0.9999802205247276, -0.004887788788500808, -0.21951284479871286], [0.6174061841056975, 0.0014010995771594264, 0.7866432741389306, -0.4015452879522982], [0.0, 0.0, 0.0, 1.0]]"
0.7083333333333334,6.546081048183724,-13.435044422891258,9.67541631312922,-87.1831436983057,-4.197801393604456,42.54839022702763,3.396701952788589,6.543652062160138,13.456483532922281,-9.698770437448788,-87.18818437791317,4.19094345679094,42.57172215323239,-3.3659240531714536,"[[0.8492021815265788, -0.0, -0.528067850650368, 0.3], [0.0, 0.9999999999999999, -0.0, 0.22], [0.528067850650368, 0.0, 0.8492021815265788, -0.4052083333333333], [0.0, 0.0, 0.0, 1.0]]","[[0.7820623410812952, 0.006084646308912211, -0.6231704997364199, 0.30961585993735186], [-0.0039247958085584355, 0.9999805931697345, 0.004838311871601891, 0.21951767314248063], [0.6231878453887759, -0.001338044543803632, 0.7820710447245147, -0.3990635708224128], [0.0, 0.0, 0.0, 1.0]]","[[0.8492021815265788, -0.0, -0.528067850650368, 0.3], [0.0, 0.9999999999999999, -0.0, -0.22], [0.528067850650368, 0.0, 0.8492021815265788, -0.4052083333333333], [0.0, 0.0, 0.0, 1.0]]","[[0.7822534755178974, -0.005938776458964481, -0.6229319633590341, 0.3095886054940278], [0.0038397629256323256, 0.9999815284082163, -0.004711588165652947, -0.21953026096187386], [0.6229484378829805, 0.0012937451596936396, 0.7822618295446969, -0.399063750707304], [0.0, 0.0, 0.0, 1.0]]"
0.7166666666666667,6.703354264672907,-13.467995816768338,9.664935387847837,-87.68706822508007,-4.197801393604456,42.54839022702763,3.396701952788589,6.708285234366833,13.489866936264365,-9.686416332787527,-87.71465535913775,4.19094345679094,42.57172215323239,-3.3659240531714536,"[[0.8457278217039732, -0.0, -0.5336145159156115, 0.3], [0.0, 1.0, -0.0, 0.22], [0.5336145159156115, 0.0, 0.8457278217039732, -0.4029166666666666], [0.0, 0.0, 0.0, 1.0]]","[[0.7780383554841376, 0.005904314831624107, -0.6281890292435135, 0.30958485737112873], [-0.0038138989989494093, 0.9999817986331587, 0.004675101797679219, 0.21953395230602077], [0.62820519861743, -0.0012415590046044366, 0.7780467125830386, -0.39679739540418724], [0.0, 0.0, 0.0, 1.0]]","[[0.8457278217039732, -0.0, -0.5336145159156115, 0.3], [0.0, 1.0, -0.0, -0.22], [0.5336145159156115, 0.0, 0.8457278217039732, -0.4029166666666666], [0.0, 0.0, 0.0, 1.0]]","[[0.7790569060095975, -0.005809796757469022, -0.6269262982682973, 0.30955771263511067], [0.0037719788497786507, 0.9999823992970587, -0.004579658464879453, -0.21954360005402965], [0.6269418708096548, 0.0012030618167916105, 0.7790651084909112, -0.3972610314847252], [0.0, 0.0, 0.0, 1.0]]"
0.725,6.871971571599834,-13.502831489082695,9.653349679468203,-88.23134550947087,-4.197801393604456,42.54839022702763,3.396701952788589,6.877271371508941,13.52503131143253,-9.674905756488762,-88.26137102106225,4.19094345679094,42.57172215323239,-3.3659240531714536,"[[0.8422172337162865, -0.0, -0.5391383229110003, 0.3], [0.0, 1.0, -0.0, 0.22], [0.5391383229110003, 0.0, 0.8422172337162865, -0.400625], [0.0, 0.0, 0.0, 1.0]]","[[0.7738732794115497, 0.005725456162928416, -0.6333145873612419, 0.3095469157749149], [-0.003713344034107363, 0.9999829677037819, 0.004502818941668368, 0.21955121012144804], [0.6333295812520509, -0.0011328963162943089, 0.7738813591611046, -0.39446390599031644], [0.0, 0.0, 0.0, 1.0]]","[[0.8422172337162865, -0.0, -0.5391383229110003, 0.3], [0.0, 1.0, -0.0, -0.22], [0.5391383229110003, 0.0, 0.8422172337162865, -0.400625], [0.0, 0.0, 0.0, 1.0]]","[[0.7745982589488154, -0.005615070737930831, -0.6324286585964237, 0.3095184355303819], [0.0036620561284616097, 0.9999836446369167, -0.004393154172198802, -0.21956224042777994], [0.6324429828675276, 0.0010869403280511277, 0.7746061528172542, -0.39476013875114907], [0.0, 0.0, 0.0, 1.0]]"
0.7333333333333333,7.047760150268453,-13.53939861435165,9.64191167392937,-88.80907023022723,-4.197801393604456,42.54839022702763,3.396701952788589,7.052559211934033,13.562950814157148,-9.664867085956137,-88.84049593059846,4.19094345679094,42.57172215323239,-3.3659240531714536,"[[0.838670567945424, -0.0, -0.5446390350150271, 0.3], [0.0, 1.0, -0.0, 0.22], [0.5446390350150271, 0.0, 0.838670567945424, -0.3983333333333333], [0.0, 0.0, 0.0, 1.0]]","[[0.769418989950751, 0.00553031727086378, -0.6387204658487544, 0.30951304801557855], [-0.003604519021990659, 0.9999841888107013, 0.00431619870070832, 0.21956968453754333], [0.6387342368667788, -0.0010186851758391686, 0.7694267586552512, -0.3919835149674054], [0.0, 0.0, 0.0, 1.0]]","[[0.838670567945424, -0.0, -0.5446390350150271, 0.3], [0.0, 1.0, -0.0, -0.22], [0.5446390350150271, 0.0, 0.838670567945424, -0.3983333333333333], [0.0, 0.0, 0.0, 1.0]]","[[0.7703158988273702, -0.005423194450661295, -0.6376394004260802, 0.30948592506477224], [0.0035540200762970544, 0.9999848161503977, -0.004211461735856799, -0.21958024048667604], [0.6376525581812388, 0.000977972701881301, 0.7703234766085715, -0.3923728023754308], [0.0, 0.0, 0.0, 1.0]]"
0.7416666666666667,7.210891107744568,-13.57385350361978,9.632009607180144,-89.34946796716947,-4.197801393604456,42.54839022702763,3.396701952788589,7.199615319198523,13.593871934303442,-9.65552338717156,-89.32484513521158,4.19094345679094,42.57172215323239,-3.3659240531714536,"[[0.8350879763187431, -0.0, -0.5501164165954935, 0.3], [0.0, 1.0, -0.0, 0.22], [0.5501164165954935, 0.0, 0.8350879763187431, -0.3960416666666666], [0.0, 0.0, 0.0, 1.0]]","[[0.7653776717059199, 0.005350091567796185, -0.6435591629168539, 0.3094723742127917], [-0.0035065690665562962, 0.9999852703136647, 0.004142840702795071, 0.21958704164598114], [0.6435718480693565, -0.0009141531181707048, 0.7653851583984824, -0.3897445838225408], [0.0, 0.0, 0.0, 1.0]]","[[0.8350879763187431, -0.0, -0.5501164165954935, 0.3], [0.0, 1.0, -0.0, -0.22], [0.5501164165954935, 0.0, 0.8350879763187431, -0.3960416666666666], [0.0, 0.0, 0.0, 1.0]]","[[0.7663765764956048, -0.005228655446097447, -0.6423703014314273, 0.309450426864763], [0.0034359105884199754, 0.9999859350741489, -0.0040403183424958695, -0.21959730064530922], [0.6423823919732741, 0.0008892784188996084, 0.7663837626584926, -0.3901882845346042], [0.0, 0.0, 0.0, 1.0]]"
0.75,7.371739501377429,-13.607870407007383,9.622582238578234,-89.8896881191933,-4.197801393604456,42.54839022702763,3.396701952788589,7.367842878455937,13.62933854534238,-9.64530542417322,-89.8889572889521,4.19094345679094,42.57172215323239,-3.3659240531714536,"[[0.8314696123025452, -0.0, -0.5555702330196022, 0.3], [0.0, 0.9999999999999999, -0.0, 0.22], [0.5555702330196022, 0.0, 0.8314696123025452, -0.39374999999999993], [0.0, 0.0, 0.0, 1.0]]","[[0.7608781863622358, 0.00515161574771708, -0.6488742916569455, 0.30943436061318913], [-0.00340376948796976, 0.9999864141211343, 0.003947901522106176, 0.21960635069962184], [0.6488858142010717, -0.0007952536346069552, 0.76088538407586, -0.38726654193983057], [0.0, 0.0, 0.0, 1.0]]","[[0.8314696123025452, -0.0, -0.5555702330196022, 0.3], [0.0, 0.9999999999999999, -0.0, -0.22], [0.5555702330196022, 0.0, 0.8314696123025452, -0.39374999999999993], [0.0, 0.0, 0.0, 1.0]]","[[0.7615590036580915, -0.005016791618138977, -0.6480761650833604, 0.3094047317843387], [0.0033293344693219457, 0.9999871284878546, -0.003828627770663677, -0.2196183752944402], [0.6480870307908393, 0.0007580636352463184, 0.7615659038193862, -0.3875313673936905], [0.0, 0.0, 0.0, 1.0]]"
0.7583333333333333,7.535426692384077,-13.642837560463263,9.613612492650715,-90.44627340446846,-4.197801393604456,42.54839022702763,3.396701952788589,7.532155031771642,13.664646354483114,-9.636339947113932,-90.44888936692057,4.19094345679094,42.57172215323239,-3.3659240531714536,"[[0.8278156308955021, -0.0, -0.5610002506640098, 0.3], [0.0, 1.0, -0.0, 0.22], [0.5610002506640098, 0.0, 0.8278156308955021, -0.3914583333333333], [0.0, 0.0, 0.0, 1.0]]","[[0.7567739743693246, 0.004962508683323795, -0.6536578043784264, 0.309391677430993], [-0.003304443357023808, 0.9999874485570114, 0.003766083182693205, 0.21962450997922411], [0.6536682892502569, -0.0006900985485271528, 0.7567808740927827, -0.3850179230435373], [0.0, 0.0, 0.0, 1.0]]","[[0.8278156308955021, -0.0, -0.5610002506640098, 0.3], [0.0, 1.0, -0.0, -0.22], [0.5610002506640098, 0.0, 0.8278156308955021, -0.3914583333333333], [0.0, 0.0, 0.0, 1.0]]","[[0.75701023748926, -0.004806646711281811, -0.653385335375571, 0.30936378108216633], [0.003220314033317529, 0.9999882429775253, -0.0036253943577033397, -0.21963853319317533], [0.6533950794993648, 0.0006403546790433969, 0.7570168162147417, -0.38503835169212536], [0.0, 0.0, 0.0, 1.0]]"
0.7666666666666666,7.684703038015645,-13.67622694022087,9.607212605398413,-90.96165215848094,-4.197801393604456,42.54839022702763,3.396701952788589,7.680932773593798,13.697498710617229,-9.629299729626942,-90.96105793202315,4.19094345679094,42.57172215323239,-3.3659240531714536,"[[0.8241261886220157, -0.0, -0.5664062369248329, 0.3], [0.0, 1.0, -0.0, 0.22], [0.5664062369248329, 0.0, 0.8241261886220157, -0.3891666666666666], [0.0, 0.0, 0.0, 1.0]]","[[0.7521858829992165, 0.00473235314594375, -0.658933989296645, 0.3093519728925626], [-0.003173002430045542, 0.9999886302074263, 0.0035597066528186947, 0.21964493907837554], [0.6589433431428442, -0.0005867619425907575, 0.7521923465697818, -0.3825195012963158], [0.0, 0.0, 0.0, 1.0]]","[[0.8241261886220157, -0.0, -0.5664062369248329, 0.3], [0.0, 1.0, -0.0, -0.22], [0.5664062369248329, 0.0, 0.8241261886220157, -0.3891666666666666], [0.0, 0.0, 0.0, 1.0]]","[[0.7531116139223786, -0.004609282766985036, -0.6578766233022756, 0.3093247222915144], [0.0031089047159740726, 0.9999892254493163, -0.003447273813245213, -0.21965628075048588], [0.6578854244370346, 0.0005509062084119122, 0.7531178293040555, -0.38291303883602773], [0.0, 0.0, 0.0, 1.0]]"
0.775,7.826843543511842,-13.706336975403225,9.599518397298393,-91.45285887302074,-4.197801393604456,42.54839022702763,3.396701952788589,7.8228555668102,13.727778646755187,-9.621634549830894,-91.4512059672416,4.19094345679094,42.57172215323239,-3.3659240531714536,"[[0.8204014435255135, -0.0, -0.5717879602276122, 0.3], [0.0, 0.9999999999999999, -0.0, 0.22], [0.5717879602276122, 0.0, 0.8204014435255135, -0.38687499999999997], [0.0, 0.0, 0.0, 1.0]]","[[0.7485997779659284, 0.0045723627866856055, -0.6630063845302773, 0.30930510160567676], [-0.0031004070028982, 0.9999894283971785, 0.003395669345030048, 0.21966144315305733], [0.663014901722261, -0.000486407680171315, 0.748606040252007, -0.38057450462524856], [0.0, 0.0, 0.0, 1.0]]","[[0.8204014435255135, -0.0, -0.5717879602276122, 0.3], [0.0, 0.9999999999999999, -0.0, -0.22], [0.5717879602276122, 0.0, 0.8204014435255135, -0.38687499999999997], [0.0, 0.0, 0.0, 1.0]]","[[0.7488667564915861, -0.004422699950700116, -0.6627058327394725, 0.30927577259490674], [0.003027982603655934, 0.9999901279511689, -0.0032519719489547613, -0.21967578293635864], [0.6627136729713093, 0.00042863195273893187, 0.7488727555009098, -0.3806096827768894], [0.0, 0.0, 0.0, 1.0]]"
0.7833333333333333,7.974642006961748,-13.738478991863659,9.592665156239931,-91.97203521221176,-4.197801393604456,42.54839022702763,3.396701952788589,7.971051888779259,13.760133252853539,-9.614726667259074,-91.9726635896154,4.19094345679094,42.57172215323239,-3.3659240531714536,"[[0.8166415551616788, -0.0, -0.5771451900372336, 0.3], [0.0, 1.0, -0.0, 0.22], [0.5771451900372336, 0.0, 0.8166415551616788, -0.3845833333333333], [0.0, 0.0, 0.0, 1.0]]","[[0.7437572987338273, 0.004349580202470763, -0.6684356077680352, 0.30925378766221434], [-0.0029968800899405727, 0.9999904770482653, 0.0031724631612398157, 0.2196836252880064], [0.6684430411709638, -0.0003563212668089531, 0.7437632511392775, -0.3779636474829731], [0.0, 0.0, 0.0, 1.0]]","[[0.8166415551616788, -0.0, -0.5771451900372336, 0.3], [0.0, 1.0, -0.0, -0.22], [0.5771451900372336, 0.0, 0.8166415551616788, -0.3845833333333333], [0.0, 0.0, 0.0, 1.0]]","[[0.7448310290852216, -0.004233693649575031, -0.6672396975225103, 0.30923098824137474], [0.0029396786866267605, 0.9999909865751239, -0.003063504158618062, -0.21969456264345708], [0.6672466533457242, 0.00032032263739213717, 0.7448367613056829, -0.37843164295547804], [0.0, 0.0, 0.0, 1.0]]"
0.7916666666666666,8.13338755610389,-13.7734324849412,9.586201235964161,-92.54157736634244,-4.197801393604456,42.54839022702763,3.396701952788589,8.12993745679939,13.79617957619828,-9.609129327234248,-92.54465095146895,4.19094345679094,42.57172215323239,-3.3659240531714536,"[[0.8128466845916152, -0.0, -0.5824776968678022, 0.3], [0.0, 1.0, -0.0, 0.22], [0.5824776968678022, 0.0, 0.8128466845916152, -0.38229166666666664], [0.0, 0.0, 0.0, 1.0]]","[[0.7389835902670631, 0.004125981649985436, -0.6737107907636819, 0.3092064690813586], [-0.002894338536944302, 0.9999914617317844, 0.0029494521462474924, 0.21970573992364265], [0.6737172078256835, -0.00022964963189232293, 0.7389892226146546, -0.37540582219158897], [0.0, 0.0, 0.0, 1.0]]","[[0.8128466845916152, -0.0, -0.5824776968678022, 0.3], [0.0, 1.0, -0.0, -0.22], [0.5824776968678022, 0.0, 0.8128466845916152, -0.38229166666666664], [0.0, 0.0, 0.0, 1.0]]","[[0.7398546966390955, -0.003995441945746691, -0.6727548322418282, 0.30917771779398695], [0.002828712649518979, 0.9999920002717821, -0.002828034155872224, -0.21971796480358702], [0.6727607496323034, 0.00018930424849036734, 0.7398600799597741, -0.3757614444840202], [0.0, 0.0, 0.0, 1.0]]"
0.8,8.26982656119042,-13.80386439278819,9.581234834663915,-93.03606257168386,-4.197801393604456,42.54839022702763,3.396701952788589,8.266117768471103,13.82610861136763,-9.603517473057435,-93.03685487362758,4.19094345679094,42.57172215323239,-3.3659240531714536,"[[0.8090169943749473, -0.0, -0.587785252292473, 0.3], [0.0, 0.9999999999999999, -0.0, 0.22], [0.587785252292473, 0.0, 0.8090169943749473, -0.37999999999999995], [0.0, 0.0, 0.0, 1.0]]","[[0.7345129199240834, 0.0038985616921382114, -0.6785835038382009, 0.30915933325232275], [-0.002779910915473963, 0.9999923929808696, 0.0027360693879966754, 0.21972695591950273], [0.6785890085758088, -0.00012327662591195472, 0.7345181701244528, -0.37302401394914564], [0.0, 0.0, 0.0, 1.0]]","[[0.8090169943749473, -0.0, -0.587785252292473, 0.3], [0.0, 0.9999999999999999, -0.0, -0.22], [0.587785252292473, 0.0, 0.8090169943749473, -0.37999999999999995], [0.0, 0.0, 0.0, 1.0]]","[[0.7351278797152477, -0.003747345091997434, -0.6779181055777506, 0.30913116979604927], [0.002699867244915663, 0.9999929753950809, -0.002599976413978545, -0.21974059576355098], [0.6779230864797454, 8.1026260533054e-05, 0.7351328330665969, -0.3732413243105009], [0.0, 0.0, 0.0, 1.0]]"
0.8083333333333333,8.408842255141336,-13.8363880460685,9.577958051409603,-93.54877072173086,-4.197801393604456,42.54839022702763,3.396701952788589,8.41070006659558,13.859848892093847,-9.599862468077832,-93.57083223275,4.19094345679094,42.57172215323239,-3.3659240531714536,"[[0.8051526485628582, -0.0, -0.5930676289532371, 0.3], [0.0, 1.0, -0.0, 0.22], [0.5930676289532371, 0.0, 0.8051526485628582, -0.3777083333333333], [0.0, 0.0, 0.0, 1.0]]","[[0.7306975424021267, 0.003698462214116357, -0.6826913086488968, 0.30910840418765234], [-0.0026788839460752103, 0.9999931600681553, 0.002550176015210689, 0.21974555705723695], [0.6826960708165062, -3.4556560142692686e-05, 0.730702452231788, -0.3710002895883888], [0.0, 0.0, 0.0, 1.0]]","[[0.8051526485628582, -0.0, -0.5930676289532371, 0.3], [0.0, 1.0, -0.0, -0.22], [0.5930676289532371, 0.0, 0.8051526485628582, -0.3777083333333333], [0.0, 0.0, 0.0, 1.0]]","[[0.7307268342538509, -0.003524501848962488, -0.6826608759758115, 0.3090795038886788], [0.0025953208138143466, 0.9999937885010431, -0.0023847996152469254, -0.2197620301056806], [0.6826650408591457, -2.908690701757064e-05, 0.7307314425578889, -0.3709067961884539], [0.0, 0.0, 0.0, 1.0]]"
0.8166666666666667,8.545029397002219,-13.868242340810147,9.57494508421198,-94.05613083365775,-4.197801393604456,42.54839022702763,3.396701952788589,8.541363292965215,13.890068210302921,-9.596435420661779,-94.0565064940621,4.19094345679094,42.57172215323239,-3.3659240531714536,"[[0.8012538126910608, -0.0, -0.5983246005706591, 0.3], [0.0, 1.0, -0.0, 0.22], [0.5983246005706591, 0.0, 0.8012538126910608, -0.3754166666666666], [0.0, 0.0, 0.0, 1.0]]","[[0.7260082988661296, 0.0034537892243556834, -0.6876772653778097, 0.3090527582883703], [-0.0025597002082128387, 0.9999940327706518, 0.0023199909337628974, 0.21976847808587435], [0.6876811746095371, 7.591496816476999e-05, 0.7260128072730982, -0.3685268654068011], [0.0, 0.0, 0.0, 1.0]]","[[0.8012538126910608, -0.0, -0.5983246005706591, 0.3], [0.0, 1.0, -0.0, -0.22], [0.5983246005706591, 0.0, 0.8012538126910608, -0.3754166666666666], [0.0, 0.0, 0.0, 1.0]]","[[0.7271341769430201, -0.0033573328309543086, -0.6864871572270375, 0.30903102806070437], [0.002532512832382965, 0.999994355304706, -0.0022081072164322093, -0.21977967827850653], [0.6864906955670635, -0.00013294731152119644, 0.7271385749806304, -0.3690092203751827], [0.0, 0.0, 0.0, 1.0]]"
0.825,8.6775504348261,-13.897274059877285,9.570496923515009,-94.55646951111787,-4.197801393604456,42.54839022702763,3.396701952788589,8.673740896816525,13.920349000214527,-9.593044231738867,-94.5577809074385,4.19094345679094,42.57172215323239,-3.3659240531714536,"[[0.7973206537727071, -0.0, -0.6035559419535714, 0.3], [0.0, 1.0, -0.0, 0.22], [0.6035559419535714, 0.0, 0.7973206537727071, -0.373125], [0.0, 0.0, 0.0, 1.0]]","[[0.7215798849691344, 0.0032645217585515396, -0.6923234883388102, 0.3089965024958853], [-0.0025054304675138726, 0.9999946480249379, 0.0021039818566040377, 0.2197900010075805], [0.6923266515353163, 0.00021637737499405297, 0.7215842021238604, -0.3662026206548088], [0.0, 0.0, 0.0, 1.0]]","[[0.7973206537727071, -0.0, -0.6035559419535714, 0.3], [0.0, 1.0, -0.0, -0.22], [0.6035559419535714, 0.0, 0.7973206537727071, -0.373125], [0.0, 0.0, 0.0, 1.0]]","[[0.7223108896754333, -0.0030991445196605696, -0.6915615474847704, 0.30897540573269], [0.0024080614769278422, 0.9999951676023767, -0.0019662176425432557, -0.21980374742022088], [0.6915642991770233, -0.0002451023067417278, 0.722314862112536, -0.3664765391748313], [0.0, 0.0, 0.0, 1.0]]"
0.8333333333333334,8.80730609980977,-13.926986236540488,9.567655564820283,-95.05393950912658,-4.197801393604456,42.54839022702763,3.396701952788589,8.803404354246402,13.950408662751753,-9.59035825984776,-95.05501867901543,4.19094345679094,42.57172215323239,-3.3659240531714536,"[[0.7933533402912352, -0.0, -0.6087614290087207, 0.3], [0.0, 1.0, -0.0, 0.22], [0.6087614290087207, 0.0, 0.7933533402912352, -0.3708333333333333], [0.0, 0.0, 0.0, 1.0]]","[[0.7168728157027784, 0.0030315988401911492, -0.6971973719936433, 0.3089410051037785], [-0.002410928756881347, 0.999995346601021, 0.0018692776233811637, 0.21981335210991282], [0.6971997945559794, 0.000340858880158124, 0.7168767887763728, -0.36374681847920554], [0.0, 0.0, 0.0, 1.0]]","[[0.7933533402912352, -0.0, -0.6087614290087207, 0.3], [0.0, 1.0, -0.0, -0.22], [0.6087614290087207, 0.0, 0.7933533402912352, -0.3708333333333333], [0.0, 0.0, 0.0, 1.0]]","[[0.7175702071603876, -0.0028640914513757576, -0.6964802902997019, 0.3089159245411679], [0.0023148963562255073, 0.9999958289639501, -0.0017272259732401718, -0.21982754868327728], [0.6964823321884474, -0.0003728737867669113, 0.7175738442240497, -0.36400051633269237], [0.0, 0.0, 0.0, 1.0]]"
0.8416666666666667,8.939330241371533,-13.957824540643095,9.565755064683728,-95.57024033867701,-4.197801393604456,42.54839022702763,3.396701952788589,8.937438278971438,13.983901349120558,-9.590400094756426,-95.58409879250296,4.19094345679094,42.57172215323239,-3.3659240531714536,"[[0.7893520421931501, -0.0, -0.6139408387503664, 0.3], [0.0, 1.0, -0.0, 0.22], [0.6139408387503664, 0.0, 0.7893520421931501, -0.36854166666666666], [0.0, 0.0, 0.0, 1.0]]","[[0.7121882619533524, 0.002798089891211925, -0.7019829415511633, 0.3088835583183893], [-0.0023193992854937616, 0.999995977093168, 0.0016328455023601083, 0.21983689679019477], [0.7019846863876859, 0.000465285332698383, 0.7121918867740221, -0.36131612763539434], [0.0, 0.0, 0.0, 1.0]]","[[0.7893520421931501, -0.0, -0.6139408387503664, 0.3], [0.0, 1.0, -0.0, -0.22], [0.6139408387503664, 0.0, 0.7893520421931501, -0.36854166666666666], [0.0, 0.0, 0.0, 1.0]]","[[0.7124927975829951, -0.0025765155869938495, -0.7016746931162524, 0.30886101778513797], [0.00217313320887702, 0.999996565185892, -0.0014653014961423403, -0.2198536101118059], [0.7016760583662617, -0.00048081581515051555, 0.7124959494142674, -0.36136608188094155], [0.0, 0.0, 0.0, 1.0]]"
0.85,9.06315986347657,-13.987181547469456,9.564704923098839,-96.0622256947822,-4.197801393604456,42.54839022702763,3.396701952788589,9.054287447744723,14.009898756648917,-9.587494703038232,-96.04338120286212,4.19094345679094,42.57172215323239,-3.3659240531714536,"[[0.7853169308807451, -0.0, -0.619093949309834, 0.3], [0.0, 1.0, -0.0, 0.22], [0.619093949309834, 0.0, 0.7853169308807451, -0.36624999999999996], [0.0, 0.0, 0.0, 1.0]]","[[0.7074854749191664, 0.002560520386903501, -0.7067232460544579, 0.30882684681581113], [-0.0022278072880417194, 0.9999965483945825, 0.0013928652514042725, 0.21986079210182438], [0.7067243731845456, 0.0005890112643004668, 0.7074887373044474, -0.35888970367638795], [0.0, 0.0, 0.0, 1.0]]","[[0.7853169308807451, -0.0, -0.619093949309834, 0.3], [0.0, 1.0, -0.0, -0.22], [0.619093949309834, 0.0, 0.7853169308807451, -0.36624999999999996], [0.0, 0.0, 0.0, 1.0]]","[[0.7082684619061054, -0.002389737859922864, -0.7059391439933904, 0.30880080186197967], [0.002128257088886242, 0.9999969541314682, -0.0012498998160350699, -0.2198750806953988], [0.7059399807284779, -0.0006171553672863357, 0.7082713905900261, -0.35918321888697124], [0.0, 0.0, 0.0, 1.0]]"
0.8583333333333333,9.179376385977983,-14.0151187287221,9.564408663643588,-96.53182169078808,-4.197801393604456,42.54839022702763,3.396701952788589,9.180055989800401,14.039541777646773,-9.58645907560533,-96.5514721450302,4.19094345679094,42.57172215323239,-3.3659240531714536,"[[0.7812481792047586, -0.0, -0.6242205399450177, 0.3], [0.0, 1.0, -0.0, 0.22], [0.6242205399450177, 0.0, 0.7812481792047586, -0.3639583333333333], [0.0, 0.0, 0.0, 1.0]]","[[0.7032361435135464, 0.0023408416981787147, -0.7109524927281283, 0.3087675931634386], [-0.002143143700650992, 0.9999970159088098, 0.0011726502268152, 0.21988275190087425], [0.7109531161696063, 0.0006990233330566016, 0.7032390617529053, -0.356707623806676], [0.0, 0.0, 0.0, 1.0]]","[[0.7812481792047586, -0.0, -0.6242205399450177, 0.3], [0.0, 1.0, -0.0, -0.22], [0.6242205399450177, 0.0, 0.7812481792047586, -0.3639583333333333], [0.0, 0.0, 0.0, 1.0]]","[[0.7039871173282523, -0.002177823986320006, -0.7102094027246768, 0.30874069882498123], [0.0020571523253795914, 0.9999973563695632, -0.0010273160151217883, -0.21989725474416172], [0.7102097625069426, -0.0007377916842507846, 0.7039897363621594, -0.3569824597264473], [0.0, 0.0, 0.0, 1.0]]"
0.8666666666666667,9.297174951045902,-14.043720145871529,9.564703215551546,-97.01553568780838,-4.197801393604456,42.54839022702763,3.396701952788589,9.298463295478095,14.070509001569965,-9.588750604071869,-97.04303402940685,4.19094345679094,42.57172215323239,-3.3659240531714536,"[[0.7771459614569709, -0.0, -0.6293203910498375, 0.3], [0.0, 1.0, -0.0, 0.22], [0.6293203910498375, 0.0, 0.7771459614569709, -0.3616666666666666], [0.0, 0.0, 0.0, 1.0]]","[[0.6988769835948004, 0.0021151403065340045, -0.7152387629197097, 0.3087068654346064], [-0.0020595291422271476, 0.9999974328169136, 0.0009448276534645098, 0.2199054506012609], [0.7152389252139073, 0.0008127367754134059, 0.6988795456427299, -0.35448035771333875], [0.0, 0.0, 0.0, 1.0]]","[[0.7771459614569709, -0.0, -0.6293203910498375, 0.3], [0.0, 1.0, -0.0, -0.22], [0.6293203910498375, 0.0, 0.7771459614569709, -0.3616666666666666], [0.0, 0.0, 0.0, 1.0]]","[[0.6996397069224024, -0.0019442252167013586, -0.7144931773542992, 0.3086860436097243], [0.0019642566777180784, 0.9999977526852795, -0.0007976967438749067, -0.21992012988114956], [0.7144931225653884, -0.000845347678704595, 0.6996419535691547, -0.35476028768125484], [0.0, 0.0, 0.0, 1.0]]"
0.875,9.40654591645167,-14.070583279877189,9.565568942028845,-97.47184013568942,-4.197801393604456,42.54839022702763,3.396701952788589,9.402680883155089,14.094786908974775,-9.588131618178336,-97.47485907930258,4.19094345679094,42.57172215323239,-3.3659240531714536,"[[0.773010453362737, -0.0, -0.6343932841636455, 0.3], [0.0, 1.0, -0.0, 0.22], [0.6343932841636455, 0.0, 0.773010453362737, -0.35937499999999994], [0.0, 0.0, 0.0, 1.0]]","[[0.6947754852004349, 0.0018914632244244442, -0.7192241983772314, 0.30865114151152645], [-0.0019694620752791154, 0.9999977960907909, 0.0007273463379786681, 0.21992712099306713], [0.7192239890212468, 0.0009111423774490917, 0.694777679143432, -0.3523954141691031], [0.0, 0.0, 0.0, 1.0]]","[[0.773010453362737, -0.0, -0.6343932841636455, 0.3], [0.0, 1.0, -0.0, -0.22], [0.6343932841636455, 0.0, 0.773010453362737, -0.35937499999999994], [0.0, 0.0, 0.0, 1.0]]","[[0.6947475716780871, -0.0016773187868850583, -0.7192516932542381, 0.3086235373522654], [0.0018589670195900577, 0.9999981282594002, -0.000536394739571604, -0.2199461612463292], [0.7192512467066161, -0.0009644062337656615, 0.6947493893711567, -0.3522729934808133], [0.0, 0.0, 0.0, 1.0]]"
0.8833333333333333,9.524223245661819,-14.099879668774665,9.567412239331102,-97.97538900205944,-4.197801393604456,42.54839022702763,3.396701952788589,9.520067929325512,14.124449566766495,-9.59013030228421,-97.97651598327249,4.19094345679094,42.57172215323239,-3.3659240531714536,"[[0.7688418320734596, -0.0, -0.6394390019805847, 0.3], [0.0, 1.0, -0.0, 0.22], [0.6394390019805847, 0.0, 0.7688418320734596, -0.3570833333333333], [0.0, 0.0, 0.0, 1.0]]","[[0.6896419620906218, 0.0016355694779132508, -0.7241486650103555, 0.3085839489219943], [-0.0018923285260572778, 0.9999981053715539, 0.00045644939700588985, 0.21995410018502665], [0.7241480395723976, 0.0010555405181591686, 0.6896437505101223, -0.34979964122454665], [0.0, 0.0, 0.0, 1.0]]","[[0.7688418320734596, -0.0, -0.6394390019805847, 0.3], [0.0, 1.0, -0.0, -0.22], [0.6394390019805847, 0.0, 0.7688418320734596, -0.3570833333333333], [0.0, 0.0, 0.0, 1.0]]","[[0.6898969782068185, -0.0014268440313727662, -0.7239061566095505, 0.3085592251135673], [0.001777772170073265, 0.9999983814584188, -0.00027677907151812774, -0.21997202585284725], [0.7239053798579013, -0.001095991173893912, 0.6898983981834824, -0.3498200085284664], [0.0, 0.0, 0.0, 1.0]]"
0.8916666666666666,9.633286852554937,-14.127384840562307,9.569801097993315,-98.45029205505043,-4.197801393604456,42.54839022702763,3.396701952788589,9.629362908876764,14.151339167755188,-9.591780646742416,-98.45258016842239,4.19094345679094,42.57172215323239,-3.3659240531714536,"[[0.7646402761590002, -0.0, -0.6444573283588975, 0.3], [0.0, 0.9999999999999999, -0.0, 0.22], [0.6444573283588975, 0.0, 0.7646402761590002, -0.3547916666666666], [0.0, 0.0, 0.0, 1.0]]","[[0.6847738040695217, 0.0013814796904678393, -0.7287543679279193, 0.3085211401439815], [-0.0018090113006598752, 0.9999983445624856, 0.00019583258754619795, 0.21998007854694207], [0.7287534320593422, 0.0011842238610520629, 0.6847751695816493, -0.34735245775668316], [0.0, 0.0, 0.0, 1.0]]","[[0.7646402761590002, -0.0, -0.6444573283588975, 0.3], [0.0, 0.9999999999999999, -0.0, -0.22], [0.6444573283588975, 0.0, 0.7646402761590002, -0.3547916666666666], [0.0, 0.0, 0.0, 1.0]]","[[0.6852338775014383, -0.0011944560184573986, -0.7283221171975789, 0.3084973955755769], [0.0017149625760302593, 0.9999985290993557, -2.650448933567799e-05, -0.21999696226751217], [0.7283210775665543, -0.0012308834002902902, 0.6852349180378567, -0.34747448730826647], [0.0, 0.0, 0.0, 1.0]]"
0.9,9.739490317733111,-14.154603144404808,9.572989942562064,-98.92341242866804,-4.197801393604456,42.54839022702763,3.396701952788589,9.730182477441677,14.177000188466927,-9.59432147711366,-98.89801095514477,4.19094345679094,42.57172215323239,-3.3659240531714536,"[[0.760405965600031, -0.0, -0.6494480483301837, 0.3], [0.0, 1.0, -0.0, 0.22], [0.6494480483301837, 0.0, 0.760405965600031, -0.3524999999999999], [0.0, 0.0, 0.0, 1.0]]","[[0.6802967762272998, 0.0011449632608505648, -0.7329358671219978, 0.3084591246613457], [-0.0017330751912707429, 0.9999984971453203, -4.6448709868036247e-05, 0.22000421393769495], [0.7329347124438336, 0.001301831875684786, 0.6802977381475283, -0.34511318228323135], [0.0, 0.0, 0.0, 1.0]]","[[0.760405965600031, -0.0, -0.6494480483301837, 0.3], [0.0, 1.0, -0.0, -0.22], [0.6494480483301837, 0.0, 0.760405965600031, -0.3524999999999999], [0.0, 0.0, 0.0, 1.0]]","[[0.6811170768457516, -0.000977490217779707, -0.7321738674262915, 0.30843704885037737], [0.0016481310900373026, 0.9999986221989949, 0.00019815151259371165, -0.22001931662891241], [0.7321726649452359, -0.001341682893248514, 0.6811177494339766, -0.34541336075524065], [0.0, 0.0, 0.0, 1.0]]"
0.9083333333333333,9.842491277964196,-14.181255396319845,9.576667145656469,-99.39022853768174,-4.197801393604456,42.54839022702763,3.396701952788589,9.842789244966738,14.20794179918073,-9.599995656766648,-99.41531582250319,4.19094345679094,42.57172215323239,-3.3659240531714536,"[[0.7561390817803226, -0.0, -0.6544109481086104, 0.3], [0.0, 1.0, -0.0, 0.22], [0.6544109481086104, 0.0, 0.7561390817803226, -0.3502083333333333], [0.0, 0.0, 0.0, 1.0]]","[[0.6753983734464996, 0.0008872257657584577, -0.7374525408297562, 0.3083938142673992], [-0.0016554940655495757, 0.9999985806541175, -0.0003130960704054292, 0.22003079715468082], [0.737451216342628, 0.0014323128816524351, 0.6753988836195892, -0.3426764666194695], [0.0, 0.0, 0.0, 1.0]]","[[0.7561390817803226, -0.0, -0.6544109481086104, 0.3], [0.0, 1.0, -0.0, -0.22], [0.6544109481086104, 0.0, 0.7561390817803226, -0.3502083333333333], [0.0, 0.0, 0.0, 1.0]]","[[0.6760812696121976, -0.0006807744544111115, -0.736826745867508, 0.30837161976965394], [0.0015291383727147213, 0.9999987160762309, 0.0004791468741724716, -0.22004734059249978], [0.7368254736471833, -0.0014506522781697652, 0.6760814425737272, -0.342907097188463], [0.0, 0.0, 0.0, 1.0]]"
0.9166666666666666,9.942985558769886,-14.209750945537138,9.583027759321045,-99.860603175253,-4.197801393604456,42.54839022702763,3.396701952788589,9.938866100926722,14.233935791614506,-9.604693119368324,-99.86129985454835,4.19094345679094,42.57172215323239,-3.3659240531714536,"[[0.7518398074789775, -0.0, -0.6593458151000688, 0.3], [0.0, 1.0, -0.0, 0.22], [0.6593458151000688, 0.0, 0.7518398074789775, -0.34791666666666665], [0.0, 0.0, 0.0, 1.0]]","[[0.6710757043945957, 0.0006219042423852197, -0.7413885703235589, 0.3083329752158896], [-0.0015415240856644444, 0.9999986570098128, -0.0005564908483476077, 0.22005504588826277], [0.7413872285619646, 0.0015163158260341108, 0.6710757618268784, -0.3405374625982667], [0.0, 0.0, 0.0, 1.0]]","[[0.7518398074789775, -0.0, -0.6593458151000688, 0.3], [0.0, 1.0, -0.0, -0.22], [0.6593458151000688, 0.0, 0.7518398074789775, -0.34791666666666665], [0.0, 0.0, 0.0, 1.0]]","[[0.6713423650891425, -0.00041868391550917464, -0.7411472549637459, 0.30830832391011226], [0.0014439730847732829, 0.9999986814008509, 0.0007430600852063868, -0.2200736567243449], [0.7411459665803002, -0.001569044403027046, 0.6713420844259761, -0.3405609119762975], [0.0, 0.0, 0.0, 1.0]]"
0.9249999999999999,10.039680546849757,-14.233657461405828,9.586329302011098,-100.31526154754407,-4.197801393604456,42.54839022702763,3.396701952788589,10.035485103152077,14.25829053864748,-9.608243963963085,-100.31627241554123,4.19094345679094,42.57172215323239,-3.3659240531714536,"[[0.7475083268625969, -0.0, -0.6642524379112817, 0.3], [0.0, 1.0, -0.0, 0.22], [0.6642524379112817, 0.0, 0.7475083268625969, -0.34562499999999996], [0.0, 0.0, 0.0, 1.0]]","[[0.6661723429139383, 0.0003939545296862373, -0.7457977301764757, 0.3082629712564492], [-0.0015120308877375089, 0.9999985187367116, -0.0008223666928583375, 0.22008151017426578], [0.7457963014785934, 0.001675507150547181, 0.6661719518087201, -0.33812194410925367], [0.0, 0.0, 0.0, 1.0]]","[[0.7475083268625969, -0.0, -0.6642524379112817, 0.3], [0.0, 1.0, -0.0, -0.22], [0.6642524379112817, 0.0, 0.7475083268625969, -0.34562499999999996], [0.0, 0.0, 0.0, 1.0]]","[[0.6669885661362375, -0.00020949148245473774, -0.7450679222439017, 0.30824279056726334], [0.0014113440010234666, 0.9999985216241107, 0.000982271705666673, -0.2200974143547478], [0.7450666149758939, -0.00170671113893276, 0.66698787574097, -0.3384144420603659], [0.0, 0.0, 0.0, 1.0]]"
0.9333333333333333,10.129562421232539,-14.258394699032323,9.592213509981065,-100.75333622053036,-4.197801393604456,42.54839022702763,3.396701952788589,10.130106275045202,14.285829007607324,-9.615684601290168,-100.78141512820828,4.19094345679094,42.57172215323239,-3.3659240531714536,"[[0.7431448254773942, -0.0, -0.6691306063588582, 0.3], [0.0, 1.0, -0.0, 0.22], [0.6691306063588582, 0.0, 0.7431448254773942, -0.34333333333333327], [0.0, 0.0, 0.0, 1.0]]","[[0.6613657946414322, 0.0001329858637108656, -0.7500635093064235, 0.3081993274232433], [-0.0014379251932607358, 0.9999983714951447, -0.001090586171415652, 0.22010826990163587], [0.7500621427918127, 0.0017998116064605345, 0.6613649088277482, -0.3357683910147229], [0.0, 0.0, 0.0, 1.0]]","[[0.7431448254773942, -0.0, -0.6691306063588582, 0.3], [0.0, 1.0, -0.0, -0.22], [0.6691306063588582, 0.0, 0.7431448254773942, -0.34333333333333327], [0.0, 0.0, 0.0, 1.0]]","[[0.6625145075788764, 3.93839607845623e-05, -0.7490490809662759, 0.30818401362392545], [0.0013364140421959327, 0.9999983448761813, 0.0012346021244605209, -0.22012259308173612], [0.7490478898208223, -0.001818981528640086, 0.6625133584020565, -0.3362215563540507], [0.0, 0.0, 0.0, 1.0]]"
0.9416666666666667,10.22517994697084,-14.284214521642262,9.598542534020728,-101.22921599057265,-4.197801393604456,42.54839022702763,3.396701952788589,10.216491092572937,14.309433287605243,-9.621396346983591,-101.21001632881574,4.19094345679094,42.57172215323239,-3.3659240531714536,"[[0.7387494902412464, -0.0, -0.6739801114782978, 0.3], [0.0, 1.0, -0.0, 0.22], [0.6739801114782978, 0.0, 0.7387494902412464, -0.34104166666666663], [0.0, 0.0, 0.0, 1.0]]","[[0.6563909729373639, -0.00012503865388516298, -0.7544208871788188, 0.3081304901331195], [-0.0013817920055457277, 0.9999981096362234, -0.0013679820296243093, 0.22013591822766926], [0.7544196320995328, 0.001940383806106337, 0.656389559342233, -0.333344782229373], [0.0, 0.0, 0.0, 1.0]]","[[0.7387494902412464, -0.0, -0.6739801114782978, 0.3], [0.0, 1.0, -0.0, -0.22], [0.6739801114782978, 0.0, 0.7387494902412464, -0.34104166666666663], [0.0, 0.0, 0.0, 1.0]]","[[0.6573833370911705, 0.00033095441727539724, -0.7535562610608783, 0.30811400587935744], [0.0012470841313829669, 0.9999980563505453, 0.0015271137158596774, -0.22015175591233832], [0.7535553018166922, -0.0019436471659228336, 0.6573816466404037, -0.33371958324737944], [0.0, 0.0, 0.0, 1.0]]"
0.95,10.313554910867989,-14.30890992436009,9.605747529821445,-101.68302058921746,-4.197801393604456,42.54839022702763,3.396701952788589,10.30904015582661,14.335050765861022,-9.628506573909574,-101.68407243834965,4.19094345679094,42.57172215323239,-3.3659240531714536,"[[0.7343225094356856, -0.0, -0.6788007455329417, 0.3], [0.0, 1.0, -0.0, 0.22], [0.6788007455329417, 0.0, 0.7343225094356856, -0.33875], [0.0, 0.0, 0.0, 1.0]]","[[0.6513829276311492, -0.0003902981646201688, -0.75874905552364, 0.3080640072850838], [-0.0013223785898499795, 0.9999977649785685, -0.0016496523066177825, 0.2201640405934732], [0.7587480035595073, 0.002077908855151524, 0.6513809556544093, -0.33091886862200104], [0.0, 0.0, 0.0, 1.0]]","[[0.7343225094356856, -0.0, -0.6788007455329417, 0.3], [0.0, 1.0, -0.0, -0.22], [0.6788007455329417, 0.0, 0.7343225094356856, -0.33875], [0.0, 0.0, 0.0, 1.0]]","[[0.6523038238637673, 0.0005972837786333649, -0.757957363329096, 0.30804313442306436], [0.001192776324895958, 0.9999976423834422, 0.0018145280918840936, -0.22018039241983292], [0.7579566601444613, -0.0020876972111037286, 0.6523015735555209, -0.3312559018571361], [0.0, 0.0, 0.0, 1.0]]"
0.9583333333333334,10.398780303784115,-14.333995501634254,9.614406502141728,-102.13485126319215,-4.197801393604456,42.54839022702763,3.396701952788589,10.397959827310068,14.36071178657276,-9.637041749051152,-102.15713134026473,4.19094345679094,42.57172215323239,-3.3659240531714536,"[[0.7298640726978356, -0.0, -0.6835923020228712, 0.3], [0.0, 1.0, -0.0, 0.22], [0.6835923020228712, 0.0, 0.7298640726978356, -0.3364583333333333], [0.0, 0.0, 0.0, 1.0]]","[[0.6471605959269607, -0.0006302911440998278, -0.7623534389064793, 0.3080016018079445], [-0.0012546899849731244, 0.9999974232825918, -0.0018918724108666217, 0.22018811282499728], [0.7623526669675283, 0.0021808625016399986, 0.647158137557001, -0.32888304001321833], [0.0, 0.0, 0.0, 1.0]]","[[0.7298640726978356, -0.0, -0.6835923020228712, 0.3], [0.0, 1.0, -0.0, -0.22], [0.6835923020228712, 0.0, 0.7298640726978356, -0.3364583333333333], [0.0, 0.0, 0.0, 1.0]]","[[0.6471555599196345, 0.0008756278992023216, -0.7623574716239664, 0.30797602130867074], [0.0011310391008756253, 0.9999971370621311, 0.0021087005699934394, -0.22020978648429124], [0.7623571354789412, -0.0022269134073283426, 0.647152716784083, -0.3287737321184485], [0.0, 0.0, 0.0, 1.0]]"
0.9666666666666667,10.480927842705505,-14.358123144877325,9.623103040502448,-102.57856767243285,-4.197801393604456,42.54839022702763,3.396701952788589,10.476617993339227,14.383328250461965,-9.644761570360558,-102.58068503107556,4.19094345679094,42.57172215323239,-3.3659240531714536,"[[0.7253743710122877, -0.0, -0.688354575693754, 0.3], [0.0, 1.0, -0.0, 0.22], [0.688354575693754, 0.0, 0.7253743710122877, -0.3341666666666666], [0.0, 0.0, 0.0, 1.0]]","[[0.6420749524473528, -0.0009074084316290034, -0.7666413320775681, 0.3079308893599984], [-0.0011927833375835395, 0.9999969067846713, -0.002182587684183169, 0.2202170913331017], [0.7666409411893155, 0.0023158218903390586, 0.64207188402961, -0.3264437873223231], [0.0, 0.0, 0.0, 1.0]]","[[0.7253743710122877, -0.0, -0.688354575693754, 0.3], [0.0, 1.0, -0.0, -0.22], [0.688354575693754, 0.0, 0.7253743710122877, -0.3341666666666666], [0.0, 0.0, 0.0, 1.0]]","[[0.6432239764500077, 0.0010889599031259725, -0.7656773016657665, 0.3079177733150376], [0.001086524316551193, 0.9999966836806808, 0.0023349716379202777, -0.22023225886983872], [0.7656773051258274, -0.0023338367487322274, 0.6432206601324936, -0.3268862695597711], [0.0, 0.0, 0.0, 1.0]]"
0.975,10.556725013246075,-14.37980558039753,9.631251456182273,-102.99967615552083,-4.197801393604456,42.54839022702763,3.396701952788589,10.55222562613033,14.405717610561267,-9.6533274813534,-103.00068702351798,4.19094345679094,42.57172215323239,-3.3659240531714536,"[[0.7208535967029187, -0.0, -0.6930873625456359, 0.3], [0.0, 0.9999999999999999, -0.0, 0.22], [0.6930873625456359, 0.0, 0.7208535967029187, -0.331875], [0.0, 0.0, 0.0, 1.0]]","[[0.6371771838009188, -0.0011583916692282721, -0.7707164813161003, 0.3078635043895155], [-0.0011584154147908864, 0.9999963015039125, -0.0024607015712843146, 0.2202448236624435], [0.7707164812804101, 0.0024607127497553983, 0.6371734853048315, -0.3241070128928877], [0.0, 0.0, 0.0, 1.0]]","[[0.7208535967029187, -0.0, -0.6930873625456359, 0.3], [0.0, 0.9999999999999999, -0.0, -0.22], [0.6930873625456359, 0.0, 0.7208535967029187, -0.331875], [0.0, 0.0, 0.0, 1.0]]","[[0.6383476416205582, 0.0013505945713705619, -0.7697470132009449, 0.3078498726058743], [0.0010387008625175416, 0.9999960388712339, 0.002615978279740592, -0.2202602544295991], [0.7697474972599715, -0.0024694404519351345, 0.6383437101796059, -0.3245570153143937], [0.0, 0.0, 0.0, 1.0]]"
0.9833333333333333,10.6367577548457,-14.403608789655024,9.641415631440898,-103.46110324527938,-4.197801393604456,42.54839022702763,3.396701952788589,10.635245721718189,14.431496452036187,-9.664733043493674,-103.48308962421764,4.19094345679094,42.57172215323239,-3.3659240531714536,"[[0.7163019434246543, -0.0, -0.6977904598416801, 0.3], [0.0, 1.0, -0.0, 0.22], [0.6977904598416801, 0.0, 0.7163019434246543, -0.3295833333333333], [0.0, 0.0, 0.0, 1.0]]","[[0.6320193819324958, -0.0014567791673352976, -0.774951210500457, 0.30779484382844047], [-0.0010815111263637943, 0.9999956012147, -0.0027618625842675696, 0.22027491958565276], [0.7749518250803398, 0.0025836690400366097, 0.6320150262920512, -0.32166048716331586], [0.0, 0.0, 0.0, 1.0]]","[[0.7163019434246543, -0.0, -0.6977904598416801, 0.3], [0.0, 1.0, -0.0, -0.22], [0.6977904598416801, 0.0, 0.7163019434246543, -0.3295833333333333], [0.0, 0.0, 0.0, 1.0]]","[[0.6327944536455539, 0.0016590990880703778, -0.774318039842571, 0.3077723800807491], [0.0009753370859803621, 0.9999952033674029, 0.0029397210336047416, -0.22029251243221287], [0.7743192030119065, -0.0026154602659323335, 0.6327898001821802, -0.3219194099700462], [0.0, 0.0, 0.0, 1.0]]"
0.9916666666666667,10.706832080635445,-14.427280517770996,9.653365047393835,-103.88224587931319,-4.197801393604456,42.54839022702763,3.396701952788589,10.705631674888815,14.451905057276184,-9.673671199796283,-103.9000112013444,4.19094345679094,42.57172215323239,-3.3659240531714536,"[[0.7117196061551714, -0.0, -0.7024636661168518, 0.3], [0.0, 1.0, -0.0, 0.22], [0.7024636661168518, 0.0, 0.7117196061551714, -0.3272916666666666], [0.0, 0.0, 0.0, 1.0]]","[[0.6270949090273811, -0.0016949566689219422, -0.7789410132955071, 0.30772721422725513], [-0.001074391377231226, 0.9999947992468016, -0.003040914750160461, 0.2203027517000955], [0.7789421164342761, 0.0027438296666683418, 0.6270898266146974, -0.3193357638798483], [0.0, 0.0, 0.0, 1.0]]","[[0.7117196061551714, -0.0, -0.7024636661168518, 0.3], [0.0, 1.0, -0.0, -0.22], [0.7024636661168518, 0.0, 0.7117196061551714, -0.3272916666666666], [0.0, 0.0, 0.0, 1.0]]","[[0.6278177590212062, 0.0019345337580796039, -0.7783579633027014, 0.30770635163351767], [0.0009241728758429573, 0.9999943538352789, 0.0032308206478325477, -0.2203215952354377], [0.7783598186970382, -0.0027477038963023967, 0.6278124264150974, -0.3195694212199442], [0.0, 0.0, 0.0, 1.0]]"
1.0,10.777194128143979,-14.447144415424686,9.66256787352678,-104.30948104208666,-4.197801393604456,42.54839022702763,3.396701952788589,10.772673396687075,14.473157190878679,-9.684244332631463,-104.31035530630042,4.19094345679094,42.57172215323239,-3.3659240531714536,"[[0.7071067811865475, -0.0, -0.7071067811865476, 0.3], [0.0, 1.0, -0.0, 0.22], [0.7071067811865476, 0.0, 0.7071067811865475, -0.32499999999999996], [0.0, 0.0, 0.0, 1.0]]","[[0.6226530737979292, -0.0019302940660879831, -0.7824956381059316, 0.3076590959154066], [-0.0010447579825236938, 0.9999940152570806, -0.003298170823308998, 0.2203282123841118], [0.7824973215102711, 0.002871134765245138, 0.6226473306892204, -0.31724838128251415], [0.0, 0.0, 0.0, 1.0]]","[[0.7071067811865475, -0.0, -0.7071067811865476, 0.3], [0.0, 1.0, -0.0, -0.22], [0.7071067811865476, 0.0, 0.7071067811865475, -0.32499999999999996], [0.0, 0.0, 0.0, 1.0]]","[[0.6232352724628599, 0.0021539649087232524, -0.7820314287759264, 0.30763928638234517], [0.0009265830185549881, 0.999993471094948, 0.003492736947918861, -0.22034759450048327], [0.7820338461998014, -0.0029014139052573767, 0.6232292075916339, -0.31741463487316296], [0.0, 0.0, 0.0, 1.0]]"
1.0083333333333333,10.84762447754421,-14.47049683219696,9.675774044287001,-104.76301926335385,-4.197801393604456,42.54839022702763,3.396701952788589,10.843339387613675,14.49520504151948,-9.696098979709665,-104.76191960289748,4.19094345679094,42.57172215323239,-3.3659240531714536,"[[0.7024636661168517, -0.0, -0.7117196061551713, 0.3], [0.0, 1.0, -0.0, 0.22], [0.7117196061551713, 0.0, 0.7024636661168517, -0.3227083333333333], [0.0, 0.0, 0.0, 1.0]]","[[0.6171753683733386, -0.0022324517146708987, -0.7868224582665237, 0.30758835101368737], [-0.0009962101923476413, 0.9999929562723906, -0.003618697397887543, 0.22036031433851921], [0.7868249946706616, 0.003017211452066024, 0.6171687971670045, -0.31469021437434763], [0.0, 0.0, 0.0, 1.0]]","[[0.7024636661168517, -0.0, -0.7117196061551713, 0.3], [0.0, 1.0, -0.0, -0.22], [0.7117196061551713, 0.0, 0.7024636661168517, -0.3227083333333333], [0.0, 0.0, 0.0, 1.0]]","[[0.6179792097231771, 0.002423616945738753, -0.7861907036023883, 0.30756616532525854], [0.0009097206727939672, 0.9999923745719144, 0.003797789662715376, -0.22037798440900255], [0.7861939129490991, -0.003062168990285226, 0.6179722925527162, -0.31495692436503275], [0.0, 0.0, 0.0, 1.0]]"
1.0166666666666666,10.911965713299377,-14.491359645016763,9.688234016880397,-105.19206442625737,-4.197801393604456,42.54839022702763,3.396701952788589,10.90976724616028,14.519380496086741,-9.711245777967816,-105.21344974854868,4.19094345679094,42.57172215323239,-3.3659240531714536,"[[0.6977904598416803, -0.0, -0.7163019434246543, 0.3], [0.0, 1.0, -0.0, 0.22], [0.7163019434246543, 0.0, 0.6977904598416803, -0.3204166666666666], [0.0, 0.0, 0.0, 1.0]]","[[0.6126433536777571, -0.0024687389564201387, -0.7903556329415483, 0.3075223186616486], [-0.0009784093510466119, 0.9999919864882582, -0.0038819678526581785, 0.22038643418446516], [0.790358882982669, 0.0031515531460441226, 0.6126360288157686, -0.3125830870012632], [0.0, 0.0, 0.0, 1.0]]","[[0.6977904598416803, -0.0, -0.7163019434246543, 0.3], [0.0, 1.0, -0.0, -0.22], [0.7163019434246543, 0.0, 0.6977904598416803, -0.3204166666666666], [0.0, 0.0, 0.0, 1.0]]","[[0.6126801076201347, 0.0027179539747741927, -0.7903263240287337, 0.30749726281595274], [0.0008671532670992023, 0.999991172855498, 0.004111235373570913, -0.22040934010686217], [0.7903305218525927, -0.0032042061850871507, 0.6126723425216222, -0.31249409167715136], [0.0, 0.0, 0.0, 1.0]]"
1.025,10.973095052597346,-14.512744967308073,9.702153942408883,-105.61731200398236,-4.197801393604456,42.54839022702763,3.396701952788589,10.968426618299642,14.538959233342583,-9.72361951942294,-105.61912883430159,4.19094345679094,42.57172215323239,-3.3659240531714536,"[[0.693087362545636, -0.0, -0.7208535967029187, 0.3], [0.0, 1.0, -0.0, 0.22], [0.7208535967029187, 0.0, 0.693087362545636, -0.318125], [0.0, 0.0, 0.0, 1.0]]","[[0.6073420232869464, -0.0027615274268196653, -0.7944356743726892, 0.30745199175633947], [-0.0009397071469859146, 0.9999907617016075, -0.004194456093105504, 0.2204176625045975], [0.7944399182444173, 0.003294006331203548, 0.6073338174530494, -0.31013243879493557], [0.0, 0.0, 0.0, 1.0]]","[[0.693087362545636, -0.0, -0.7208535967029187, 0.3], [0.0, 1.0, -0.0, -0.22], [0.7208535967029187, 0.0, 0.693087362545636, -0.318125], [0.0, 0.0, 0.0, 1.0]]","[[0.6085239951383784, 0.0029626785391691987, -0.7935299426465902, 0.3074404760339555], [0.0008185087323535508, 0.9999901550021573, 0.0043611858727479556, -0.22043423666513948], [0.7935350511378071, -0.0033033974382658876, 0.6085155792427035, -0.3105717717172777], [0.0, 0.0, 0.0, 1.0]]"
1.0333333333333332,11.028937825477723,-14.531335034681556,9.714699292366904,-106.01628384397031,-4.197801393604456,42.54839022702763,3.396701952788589,11.026755580037904,14.559014376293032,-9.737216718513142,-106.03903520409563,4.19094345679094,42.57172215323239,-3.3659240531714536,"[[0.6883545756937541, -0.0, -0.7253743710122876, 0.3], [0.0, 1.0, -0.0, 0.22], [0.7253743710122876, 0.0, 0.6883545756937541, -0.31583333333333324], [0.0, 0.0, 0.0, 1.0]]","[[0.6020878647397088, -0.003029172669521104, -0.7984240898458141, 0.3073805348988304], [-0.0009361116707958211, 0.9999894376159685, -0.004499816822858208, 0.22044812015306325], [0.7984292873060947, 0.0034566992113437165, 0.6020786696125717, -0.30771598820438595], [0.0, 0.0, 0.0, 1.0]]","[[0.6883545756937541, -0.0, -0.7253743710122876, 0.3], [0.0, 1.0, -0.0, -0.22], [0.7253743710122876, 0.0, 0.6883545756937541, -0.31583333333333324], [0.0, 0.0, 0.0, 1.0]]","[[0.6035207706739456, 0.003226768903372668, -0.7973407473142028, 0.30736937327295233], [0.0008046459799509673, 0.9999888374221082, 0.00465591838716132, -0.22046352194449909], [0.7973468705086727, -0.0034515204801920654, 0.6035114374197071, -0.30826739944201753], [0.0, 0.0, 0.0, 1.0]]"
1.0416666666666667,11.086787820200438,-14.551791451245743,9.730053557621092,-106.45723402659716,-4.197801393604456,42.54839022702763,3.396701952788589,11.079561480058565,14.577954490861478,-9.751006016673752,-106.43657953454705,4.19094345679094,42.57172215323239,-3.3659240531714536,"[[0.6835923020228711, -0.0, -0.7298640726978356, 0.3], [0.0, 1.0, -0.0, 0.22], [0.7298640726978356, 0.0, 0.6835923020228711, -0.3135416666666666], [0.0, 0.0, 0.0, 1.0]]","[[0.5969873051149468, -0.0032962747821596024, -0.8022439106058418, 0.30731205725295174], [-0.0009270965949403696, 0.9999880565785326, -0.004798665667961344, 0.22047794022828776], [0.8022501467893272, 0.0036085000830981813, 0.5969771190788247, -0.30538294314830805], [0.0, 0.0, 0.0, 1.0]]","[[0.6835923020228711, -0.0, -0.7298640726978356, 0.3], [0.0, 1.0, -0.0, -0.22], [0.7298640726978356, 0.0, 0.6835923020228711, -0.3135416666666666], [0.0, 0.0, 0.0, 1.0]]","[[0.5980822965121828, 0.0035141003063814758, -0.8014269883762025, 0.30729548905240217], [0.000793632891489924, 0.9999872996578607, 0.004977014146375122, -0.2204955236006388], [0.8014342997061873, -0.0036127028685407226, 0.5980719117568027, -0.30577660573029397], [0.0, 0.0, 0.0, 1.0]]"
1.05,11.136602097364634,-14.570236377099363,9.744755539809544,-106.85365137583554,-4.197801393604456,42.54839022702763,3.396701952788589,11.134163719830939,14.599365426362175,-9.768124178281097,-106.87647786804172,4.19094345679094,42.57172215323239,-3.3659240531714536,"[[0.6788007455329418, -0.0, -0.7343225094356856, 0.3], [0.0, 1.0, -0.0, 0.22], [0.7343225094356856, 0.0, 0.6788007455329418, -0.3112499999999999], [0.0, 0.0, 0.0, 1.0]]","[[0.5918739763813119, -0.0035655781924550734, -0.8060226316516974, 0.3072431215266067], [-0.0009201920372092266, 0.9999865749964145, -0.005099320891561028, 0.22050792011560344], [0.8060299928223447, 0.003759850940388839, 0.591862749454396, -0.30305620451192095], [0.0, 0.0, 0.0, 1.0]]","[[0.6788007455329418, -0.0, -0.7343225094356856, 0.3], [0.0, 1.0, -0.0, -0.22], [0.7343225094356856, 0.0, 0.6788007455329418, -0.3112499999999999], [0.0, 0.0, 0.0, 1.0]]","[[0.5930091212996519, 0.0037645266207407125, -0.8051869412718616, 0.30722496197588367], [0.0008113115114696226, 0.9999857695856458, 0.005272798102981744, -0.22052491957037243], [0.8051953327168794, -0.003780074804178552, 0.5929976283303574, -0.3034648805824105], [0.0, 0.0, 0.0, 1.0]]"
1.0583333333333333,11.185961313175378,-14.588828152020138,9.760587064531988,-107.26598306584005,-4.197801393604456,42.54839022702763,3.396701952788589,11.181469610022448,14.614630899157154,-9.780939320711333,-107.26499268841039,4.19094345679094,42.57172215323239,-3.3659240531714536,"[[0.6739801114782978, -0.0, -0.7387494902412463, 0.3], [0.0, 0.9999999999999999, -0.0, 0.22], [0.7387494902412463, 0.0, 0.6739801114782978, -0.3089583333333333], [0.0, 0.0, 0.0, 1.0]]","[[0.5872421773111651, -0.0038082263784074114, -0.8094023243101621, 0.30717611294553393], [-0.0009193468061700831, 0.9999851484982879, -0.005371925567908364, 0.220534895015556], [0.8094107609788074, 0.0038987427086132147, 0.5872299548022052, -0.30095810197040557], [0.0, 0.0, 0.0, 1.0]]","[[0.6739801114782978, -0.0, -0.7387494902412463, 0.3], [0.0, 0.9999999999999999, -0.0, -0.22], [0.7387494902412463, 0.0, 0.6739801114782978, -0.3089583333333333], [0.0, 0.0, 0.0, 1.0]]","[[0.5875566153329146, 0.004046796734690505, -0.8091729402388081, 0.3071533356539179], [0.0008171398485491757, 0.9999840172825905, 0.005594413449136217, -0.22055703944260768], [0.8091826469104473, -0.003948242084784243, 0.5875439177826988, -0.3009946301502715], [0.0, 0.0, 0.0, 1.0]]"
1.0666666666666667,11.234019377949233,-14.60847519116768,9.778700726210861,-107.69696800246784,-4.197801393604456,42.54839022702763,3.396701952788589,11.229171651185817,14.635674711989962,-9.800144105110117,-107.69773981384405,4.19094345679094,42.57172215323239,-3.3659240531714536,"[[0.6691306063588581, -0.0, -0.7431448254773941, 0.3], [0.0, 0.9999999999999999, -0.0, 0.22], [0.7431448254773941, 0.0, 0.6691306063588581, -0.30666666666666664], [0.0, 0.0, 0.0, 1.0]]","[[0.5813428357824701, -0.004160393969164967, -0.8136480801958653, 0.30710582741334513], [-0.0008645649912148877, 0.9999832045365503, -0.0057308962813612824, 0.22057105718867687], [0.8136582573856003, 0.004035067141088328, 0.5813294749291447, -0.2983037960029359], [0.0, 0.0, 0.0, 1.0]]","[[0.6691306063588581, -0.0, -0.7431448254773941, 0.3], [0.0, 0.9999999999999999, -0.0, -0.22], [0.7431448254773941, 0.0, 0.6691306063588581, -0.30666666666666664], [0.0, 0.0, 0.0, 1.0]]","[[0.5823858861610347, 0.004350060380231635, -0.8129008282534314, 0.3070851267496598], [0.0007789388421399828, 0.9999822369106351, 0.005909240008878077, -0.220588448774938], [0.8129120941742143, -0.00407465800904306, 0.5823721527574982, -0.29866535322943194], [0.0, 0.0, 0.0, 1.0]]"
1.075,11.276653418748452,-14.626880843433572,9.796966359598768,-108.10732576780221,-4.197801393604456,42.54839022702763,3.396701952788589,11.272250508054734,14.652318175449992,-9.816744879887832,-108.10658810737185,4.19094345679094,42.57172215323239,-3.3659240531714536,"[[0.6642524379112819, -0.0, -0.7475083268625967, 0.3], [0.0, 1.0, -0.0, 0.22], [0.7475083268625967, 0.0, 0.6642524379112819, -0.30437499999999995], [0.0, 0.0, 0.0, 1.0]]","[[0.5768659470235753, -0.0043701676790786894, -0.8168271425455024, 0.30703958471620424], [-0.0009043495357705844, 0.9999816583266941, -0.005988752968025857, 0.22059645154517413], [0.8168383324235652, 0.004193404899556321, 0.5768514141777219, -0.2962962496062118], [0.0, 0.0, 0.0, 1.0]]","[[0.6642524379112819, -0.0, -0.7475083268625967, 0.3], [0.0, 1.0, -0.0, -0.22], [0.7475083268625967, 0.0, 0.6642524379112819, -0.30437499999999995], [0.0, 0.0, 0.0, 1.0]]","[[0.5771273586172503, 0.004632189234765487, -0.8166410195173701, 0.30701776905373046], [0.0007796232971028221, 0.9999803324033618, 0.006223101636399485, -0.22061983415569078], [0.8166537847356068, -0.0042281945740074624, 0.5771123965465079, -0.29630870191878855], [0.0, 0.0, 0.0, 1.0]]"
1.0833333333333333,11.316722723514333,-14.643358674806228,9.81452250708664,-108.5112768156951,-4.197801393604456,42.54839022702763,3.396701952788589,11.313042105325342,14.67190886553688,-9.837221787019532,-108.53150783601669,4.19094345679094,42.57172215323239,-3.3659240531714536,"[[0.659345815100069, -0.0, -0.7518398074789773, 0.3], [0.0, 0.9999999999999999, -0.0, 0.22], [0.7518398074789773, 0.0, 0.659345815100069, -0.3020833333333333], [0.0, 0.0, 0.0, 1.0]]","[[0.5713968961328507, -0.004642873679815469, -0.8206607282024269, 0.30696830735089464], [-0.0009347970799321696, 0.9999796659661148, -0.006308233406990905, 0.22062834319674826], [0.8206733291902227, 0.004371656241174798, 0.5713809371842444, -0.2938581142416814], [0.0, 0.0, 0.0, 1.0]]","[[0.659345815100069, -0.0, -0.7518398074789773, 0.3], [0.0, 0.9999999999999999, -0.0, -0.22], [0.7518398074789773, 0.0, 0.659345815100069, -0.3020833333333333], [0.0, 0.0, 0.0, 1.0]]","[[0.5714273535683174, 0.0049294713194819074, -0.8206378494234954, 0.30694683671712353], [0.0007966667500742684, 0.9999781558967675, 0.006561482407928245, -0.22065377370231168], [0.8206522679649393, -0.004403185416335661, 0.5714109441043205, -0.2937683556649139], [0.0, 0.0, 0.0, 1.0]]"
1.0916666666666666,11.353534881819764,-14.659763081645306,9.833240640507059,-108.91358178799803,-4.197801393604456,42.54839022702763,3.396701952788589,11.347954617267863,14.689088498846754,-9.856159340267038,-108.91662805236786,4.19094345679094,42.57172215323239,-3.3659240531714536,"[[0.6544109481086104, -0.0, -0.7561390817803227, 0.3], [0.0, 1.0, -0.0, 0.22], [0.7561390817803227, 0.0, 0.6544109481086104, -0.2997916666666666], [0.0, 0.0, 0.0, 1.0]]","[[0.5661546334792209, -0.004910152182105751, -0.8242844299121256, 0.30689957532328493], [-0.0009602619611177249, 0.9999776510972271, -0.006616283174018073, 0.22065904713990345], [0.8242984950168085, 0.004537368358567162, 0.5661372655119989, -0.2915335402014079], [0.0, 0.0, 0.0, 1.0]]","[[0.6544109481086104, -0.0, -0.7561390817803227, 0.3], [0.0, 1.0, -0.0, -0.22], [0.7561390817803227, 0.0, 0.6544109481086104, -0.2997916666666666], [0.0, 0.0, 0.0, 1.0]]","[[0.566991379685387, 0.005184936074324259, -0.8237074066683914, 0.3068858824549958], [0.000780503330387346, 0.9999763588143533, 0.00683173674399019, -0.22068054227040618], [0.8237233553669658, -0.004516442216291754, 0.5669739284770459, -0.29180077967584195], [0.0, 0.0, 0.0, 1.0]]"
1.1,11.387011346489288,-14.675983073376793,9.853075509856776,-109.31430898660267,-4.197801393604456,42.54839022702763,3.396701952788589,11.381841747061234,14.704225905594795,-9.87479721896471,-109.31518325081643,4.19094345679094,42.57172215323239,-3.3659240531714536,"[[0.6494480483301835, -0.0, -0.7604059656000309, 0.3], [0.0, 0.9999999999999999, -0.0, 0.22], [0.7604059656000309, 0.0, 0.6494480483301835, -0.29749999999999993], [0.0, 0.0, 0.0, 1.0]]","[[0.5606250202288473, -0.0052115458070308585, -0.8280533959133952, 0.30683180454123876], [-0.000965019583297809, 0.9999754041246702, -0.0069469333454785075, 0.2206922120678269], [0.8280692334766512, 0.004693712390410021, 0.56060620192198, -0.2890959082956069], [0.0, 0.0, 0.0, 1.0]]","[[0.6494480483301835, -0.0, -0.7604059656000309, 0.3], [0.0, 0.9999999999999999, -0.0, -0.22], [0.7604059656000309, 0.0, 0.6494480483301835, -0.29749999999999993], [0.0, 0.0, 0.0, 1.0]]","[[0.5617481502647224, 0.0054386338756897265, -0.8272904187380207, 0.306816533785942], [0.0008306985080944393, 0.9999741796514077, 0.007137924802301977, -0.22071099353948676], [0.8273078783706534, -0.0046969449710283166, 0.5617291278666147, -0.28948562510884235], [0.0, 0.0, 0.0, 1.0]]"
1.1083333333333334,11.416329933501567,-14.6917659330014,9.872868544297827,-109.68999671171005,-4.197801393604456,42.54839022702763,3.396701952788589,11.411874088841781,14.7175037933413,-9.892320069280377,-109.68889705125369,4.19094345679094,42.57172215323239,-3.3659240531714536,"[[0.6444573283588975, -0.0, -0.7646402761590003, 0.3], [0.0, 1.0, -0.0, 0.22], [0.7646402761590003, 0.0, 0.6444573283588975, -0.2952083333333333], [0.0, 0.0, 0.0, 1.0]]","[[0.555858105342669, -0.0054555694177166195, -0.8312592877599545, 0.3067648510441474], [-0.0009941893833860273, 0.9999733859663751, -0.007227651514366492, 0.22071990368624123], [0.8312765955518826, 0.004843977835584807, 0.5558378878471673, -0.2870031153523644], [0.0, 0.0, 0.0, 1.0]]","[[0.6444573283588975, -0.0, -0.7646402761590003, 0.3], [0.0, 1.0, -0.0, -0.22], [0.7646402761590003, 0.0, 0.6444573283588975, -0.2952083333333333], [0.0, 0.0, 0.0, 1.0]]","[[0.5561841115233956, 0.0056969654400494275, -0.8310395770802412, 0.30674301676817944], [0.0009033551727850773, 0.9999717686383063, 0.0074596163312743114, -0.2207429730403561], [0.8310586128777939, -0.004899643982259773, 0.5561632633053755, -0.28704158197324353], [0.0, 0.0, 0.0, 1.0]]"
1.1166666666666667,11.444665827047011,-14.709083877641968,9.896349027117038,-110.10627625105482,-4.197801393604456,42.54839022702763,3.396701952788589,11.439583312530877,14.731908662300857,-9.912689400932647,-110.08299213617425,4.19094345679094,42.57172215323239,-3.3659240531714536,"[[0.6394390019805846, -0.0, -0.7688418320734595, 0.3], [0.0, 0.9999999999999999, -0.0, 0.22], [0.7688418320734595, 0.0, 0.6394390019805846, -0.2929166666666666], [0.0, 0.0, 0.0, 1.0]]","[[0.5502795261936508, -0.005725179615833497, -0.8349608765507864, 0.3066939518477404], [-0.0010543402082243123, 0.9999709312936049, -0.0075514855840233645, 0.2207522168936866], [0.8349798389295496, 0.005035760733676271, 0.5502574939926004, -0.2845673515745586], [0.0, 0.0, 0.0, 1.0]]","[[0.6394390019805846, -0.0, -0.7688418320734595, 0.3], [0.0, 0.9999999999999999, -0.0, -0.22], [0.7688418320734595, 0.0, 0.6394390019805846, -0.2929166666666666], [0.0, 0.0, 0.0, 1.0]]","[[0.5515818347938359, 0.0059239538425296095, -0.834099746011433, 0.306681708458185], [0.000948605436300029, 0.9999696785695491, 0.007729300695335048, -0.22076968547971995], [0.8341202429345493, -0.005054573412689096, 0.5515594905487748, -0.28503024032202645], [0.0, 0.0, 0.0, 1.0]]"
1.125,11.469064116535943,-14.721690699302519,9.916691891786275,-110.49574729790729,-4.197801393604456,42.54839022702763,3.396701952788589,11.46364606897683,14.753799418590749,-9.942109587008831,-110.52168152618583,4.19094345679094,42.57172215323239,-3.3659240531714536,"[[0.6343932841636455, -0.0, -0.773010453362737, 0.3], [0.0, 1.0, -0.0, 0.22], [0.773010453362737, 0.0, 0.6343932841636455, -0.29062499999999997], [0.0, 0.0, 0.0, 1.0]]","[[0.5446599240669732, -0.006021484573732014, -0.8386353849193864, 0.30662683043073724], [-0.0010856819425213858, 0.9999683237092714, -0.007884977665766221, 0.2207856977901097], [0.8386562993324969, 0.0052051226304724585, 0.5446361338438013, -0.28212838963151854], [0.0, 0.0, 0.0, 1.0]]","[[0.6343932841636455, -0.0, -0.773010453362737, 0.3], [0.0, 1.0, -0.0, -0.22], [0.773010453362737, 0.0, 0.6343932841636455, -0.29062499999999997], [0.0, 0.0, 0.0, 1.0]]","[[0.5450521032378516, 0.006350954652091119, -0.8383781188288503, 0.3066089697148818], [0.0008746286176943658, 0.9999664574144509, 0.00814365217667554, -0.22081157518668829], [0.8384017174247532, -0.00517198424211099, 0.5450282660543615, -0.2821971651658091], [0.0, 0.0, 0.0, 1.0]]"
1.1333333333333333,11.490296613344574,-14.734567313435285,9.938442629198182,-110.88431675978931,-4.197801393604456,42.54839022702763,3.396701952788589,11.485966273410787,14.761594371981026,-9.959294342960584,-110.90068872322983,4.19094345679094,42.57172215323239,-3.3659240531714536,"[[0.6293203910498375, -0.0, -0.7771459614569708, 0.3], [0.0, 1.0, -0.0, 0.22], [0.7771459614569708, 0.0, 0.6293203910498375, -0.2883333333333333], [0.0, 0.0, 0.0, 1.0]]","[[0.5392797393601538, -0.006278615636893498, -0.842103284461787, 0.30655914118690963], [-0.0011561635711121966, 0.9999657436766158, -0.008196020929076571, 0.2208166958435926], [0.842125896764517, 0.005393557171031427, 0.5392540065123312, -0.2798044203120559], [0.0, 0.0, 0.0, 1.0]]","[[0.6293203910498375, -0.0, -0.7771459614569708, 0.3], [0.0, 1.0, -0.0, -0.22], [0.7771459614569708, 0.0, 0.6293203910498375, -0.2883333333333333], [0.0, 0.0, 0.0, 1.0]]","[[0.5397955853081015, 0.006549180528049988, -0.841770654226135, 0.3065393619105512], [0.0010185038609651798, 0.999963922166164, 0.008433090533546184, -0.22084021632915307], [0.8417955147966574, -0.005409491701888275, 0.5397694402870153, -0.27992387681603215], [0.0, 0.0, 0.0, 1.0]]"
1.1416666666666666,11.507874958947248,-14.749062682401345,9.962612107349917,-111.27052980640768,-4.197801393604456,42.54839022702763,3.396701952788589,11.502836840660718,14.775746523941292,-9.9825571135,-111.27203244802509,4.19094345679094,42.57172215323239,-3.3659240531714536,"[[0.6242205399450178, -0.0, -0.7812481792047585, 0.3], [0.0, 1.0, -0.0, 0.22], [0.7812481792047585, 0.0, 0.6242205399450178, -0.28604166666666664], [0.0, 0.0, 0.0, 1.0]]","[[0.534392266632363, -0.006541599573969272, -0.8452112829574266, 0.30649402132244064], [-0.0011831679482410405, 0.999963281514411, -0.00848738690863905, 0.2208454666266009], [0.8452357691656994, 0.005535620827380384, 0.5343649047466758, -0.27770367135085106], [0.0, 0.0, 0.0, 1.0]]","[[0.6242205399450178, -0.0, -0.7812481792047585, 0.3], [0.0, 1.0, -0.0, -0.22], [0.7812481792047585, 0.0, 0.6242205399450178, -0.28604166666666664], [0.0, 0.0, 0.0, 1.0]]","[[0.5346762358651641, 0.0068026341922098055, -0.8450296130722914, 0.30647507053614853], [0.0010795103578647605, 0.9999612848054344, 0.008732900300137493, -0.22087003433408242], [0.8450563043125865, -0.005581492480677265, 0.5346481922565918, -0.2777230294286662], [0.0, 0.0, 0.0, 1.0]]"
1.15,11.521821351458769,-14.763395834374617,9.98807163748114,-111.65584126805561,-4.197801393604456,42.54839022702763,3.396701952788589,11.517298058680927,14.789478619267602,-10.00727727565357,-111.65750783421309,4.19094345679094,42.57172215323239,-3.3659240531714536,"[[0.6190939493098342, -0.0, -0.7853169308807448, 0.3], [0.0, 1.0, -0.0, 0.22], [0.7853169308807448, 0.0, 0.6190939493098342, -0.28375], [0.0, 0.0, 0.0, 1.0]]","[[0.5289163630552886, -0.006817512963634309, -0.8486465709642366, 0.3064288789156305], [-0.0012432236892628706, 0.9999604367550321, -0.008807912326087693, 0.22087756163817576], [0.8486730438085239, 0.005713706474458593, 0.5288869617140313, -0.27536265565293916], [0.0, 0.0, 0.0, 1.0]]","[[0.6190939493098342, -0.0, -0.7853169308807448, 0.3], [0.0, 1.0, -0.0, -0.22], [0.7853169308807448, 0.0, 0.6190939493098342, -0.28375], [0.0, 0.0, 0.0, 1.0]]","[[0.5288734373690471, 0.007140362424660811, -0.8486706678505469, 0.3064075669559888], [0.0010837291486782206, 0.9999581106633824, 0.009088588980210203, -0.22090574869622348], [0.8487000134185112, -0.005726442435176062, 0.5288435449927092, -0.2752435989310285], [0.0, 0.0, 0.0, 1.0]]"
1.1583333333333332,11.534364993869497,-14.772795882219846,10.010345738138199,-112.03326386121218,-4.197801393604456,42.54839022702763,3.396701952788589,11.529396031248313,14.799734148306376,-10.030116574464445,-112.03392638956167,4.19094345679094,42.57172215323239,-3.3659240531714536,"[[0.6139408387503665, -0.0, -0.78935204219315, 0.3], [0.0, 1.0, -0.0, 0.22], [0.78935204219315, 0.0, 0.6139408387503665, -0.28145833333333325], [0.0, 0.0, 0.0, 1.0]]","[[0.5231977578133132, -0.007110158291928379, -0.8521816425317937, 0.3063591931477202], [-0.0013040442530879576, 0.9999573448268417, -0.009143740779313368, 0.22091106182748224], [0.8522103060205902, 0.005895267247293553, 0.5231661687612985, -0.27293063178261834], [0.0, 0.0, 0.0, 1.0]]","[[0.6139408387503665, -0.0, -0.78935204219315, 0.3], [0.0, 1.0, -0.0, -0.22], [0.78935204219315, 0.0, 0.6139408387503665, -0.28145833333333325], [0.0, 0.0, 0.0, 1.0]]","[[0.524155824605018, 0.007316040680756409, -0.8515909505633507, 0.30634244328867566], [0.0012264909538549761, 0.9999555771961735, 0.009345552643249776, -0.22093084896734821], [0.8516214929489355, -0.005942994449362901, 0.524123567075934, -0.27323352286232117], [0.0, 0.0, 0.0, 1.0]]"
1.1666666666666667,11.542445961431268,-14.784086184917877,10.03467999460366,-112.39300992479676,-4.197801393604456,42.54839022702763,3.396701952788589,11.536320135519412,14.814917658831314,-10.059523953935935,-112.4320376257142,4.19094345679094,42.57172215323239,-3.3659240531714536,"[[0.6087614290087205, -0.0, -0.7933533402912352, 0.3], [0.0, 0.9999999999999999, -0.0, 0.22], [0.7933533402912352, 0.0, 0.6087614290087205, -0.2791666666666666], [0.0, 0.0, 0.0, 1.0]]","[[0.517478555707152, -0.007366464202440019, -0.8556644667089981, 0.30629101222095356], [-0.0014196242801966172, 0.9999541772888676, -0.009467206000032171, 0.22094338558044196], [0.8556949976774102, 0.006113798140120315, 0.5174443858253357, -0.2705108367474557], [0.0, 0.0, 0.0, 1.0]]","[[0.6087614290087205, -0.0, -0.7933533402912352, 0.3], [0.0, 0.9999999999999999, -0.0, -0.22], [0.7933533402912352, 0.0, 0.6087614290087205, -0.2791666666666666], [0.0, 0.0, 0.0, 1.0]]","[[0.5183008968557961, 0.007612390138686111, -0.8551644472467587, 0.30627456503230754], [0.0013002630424342244, 0.9999522121471655, 0.009689310502354907, -0.22096530468195086], [0.855197339585723, -0.0061339170492434834, 0.518266230259251, -0.27075565949377045], [0.0, 0.0, 0.0, 1.0]]"
1.175,11.546767763628594,-14.797037931131515,10.062770001338984,-112.77325338608053,-4.197801393604456,42.54839022702763,3.396701952788589,11.54147522079548,14.825065612390661,-10.083136771670317,-112.77408666915927,4.19094345679094,42.57172215323239,-3.3659240531714536,"[[0.6035559419535715, -0.0, -0.7973206537727071, 0.3], [0.0, 1.0, -0.0, 0.22], [0.7973206537727071, 0.0, 0.6035559419535715, -0.2768749999999999], [0.0, 0.0, 0.0, 1.0]]","[[0.5123927312825222, -0.0076471636573575506, -0.858717188495045, 0.306229081707269], [-0.001452608146691162, 0.9999512010597336, -0.009771664585341852, 0.22097363035412562], [0.8587500095245467, 0.006254309489771639, 0.5123566187280076, -0.26837095656218346], [0.0, 0.0, 0.0, 1.0]]","[[0.6035559419535715, -0.0, -0.7973206537727071, 0.3], [0.0, 1.0, -0.0, -0.22], [0.7973206537727071, 0.0, 0.6035559419535715, -0.2768749999999999], [0.0, 0.0, 0.0, 1.0]]","[[0.5126936540550633, 0.007930787991259885, -0.8585349845483902, 0.30621052488147726], [0.0013270176048507162, 0.9999488220783247, 0.010029568706939773, -0.22099941196487632], [0.8585705888952541, -0.00628138726783322, 0.512656891164108, -0.2683964080893124], [0.0, 0.0, 0.0, 1.0]]"
1.1833333333333333,11.549236877013554,-14.805478337398357,10.088991097562664,-113.1594664326989,-4.197801393604456,42.54839022702763,3.396701952788589,11.543236555827697,14.834737160255399,-10.111307886902035,-113.17790111326876,4.19094345679094,42.57172215323239,-3.3659240531714536,"[[0.5983246005706591, -0.0, -0.8012538126910607, 0.3], [0.0, 1.0, -0.0, 0.22], [0.8012538126910607, 0.0, 0.5983246005706591, -0.2745833333333333], [0.0, 0.0, 0.0, 1.0]]","[[0.5069374517758767, -0.007880008617227473, -0.8619468228673817, 0.30616108861645086], [-0.0015865651840106854, 0.9999479898838095, -0.010074737626660415, 0.221003609487155], [0.8619813819322886, 0.006474796639399785, 0.5068985837527866, -0.26608488193649255], [0.0, 0.0, 0.0, 1.0]]","[[0.5983246005706591, -0.0, -0.8012538126910607, 0.3], [0.0, 1.0, -0.0, -0.22], [0.8012538126910607, 0.0, 0.5983246005706591, -0.2745833333333333], [0.0, 0.0, 0.0, 1.0]]","[[0.5069199563094624, 0.008193573640098026, -0.861954188600657, 0.3061409789022647], [0.0014490849167000065, 0.9999453096167094, 0.010357505898974865, -0.22103203477434974], [0.8619919129830145, -0.006499471251370943, 0.5068803594787785, -0.2659776810908697], [0.0, 0.0, 0.0, 1.0]]"
1.1916666666666667,11.547787169362218,-14.814789592784377,10.115494792863252,-113.51279211846366,-4.197801393604456,42.54839022702763,3.396701952788589,11.542124942540278,14.842497962699825,-10.136588124567544,-113.53195079908555,4.19094345679094,42.57172215323239,-3.3659240531714536,"[[0.5930676289532372, -0.0, -0.8051526485628582, 0.3], [0.0, 0.9999999999999999, -0.0, 0.22], [0.8051526485628582, 0.0, 0.5930676289532372, -0.2722916666666666], [0.0, 0.0, 0.0, 1.0]]","[[0.5013115410245941, -0.008153805686181303, -0.8652284405221425, 0.30609740909694827], [-0.0016821995479482776, 0.9999445241924652, -0.010398016262028973, 0.2210359875923313], [0.8652652246798248, 0.006668132447434875, 0.5012700140337898, -0.26374144070690425], [0.0, 0.0, 0.0, 1.0]]","[[0.5930676289532372, -0.0, -0.8051526485628582, 0.3], [0.0, 0.9999999999999999, -0.0, -0.22], [0.8051526485628582, 0.0, 0.5930676289532372, -0.2722916666666666], [0.0, 0.0, 0.0, 1.0]]","[[0.5013327784954517, 0.008441812788538575, -0.8652133731068155, 0.3060773252395991], [0.0015798759683194135, 0.9999418068786494, 0.010671778117371291, -0.22106347110055102], [0.8652531127929879, -0.006717041990708746, 0.5012902673590821, -0.2636499269560747], [0.0, 0.0, 0.0, 1.0]]"
1.2,11.542851503913237,-14.82383617834006,10.144980719510198,-113.89699025927688,-4.197801393604456,42.54839022702763,3.396701952788589,11.537355762952316,14.851660661471398,-10.164952192643314,-113.898602183921,4.19094345679094,42.57172215323239,-3.3659240531714536,"[[0.5877852522924732, -0.0, -0.8090169943749473, 0.3], [0.0, 1.0, -0.0, 0.22], [0.8090169943749473, 0.0, 0.5877852522924732, -0.26999999999999996], [0.0, 0.0, 0.0, 1.0]]","[[0.49544214167995043, -0.008430964335700189, -0.868600024803105, 0.30602937714897555], [-0.0017981212612861383, 0.9999407997103344, -0.010731441403048752, 0.2210692468496397], [0.8686390798297726, 0.006878656484191495, 0.4953976514654252, -0.26130896402450954], [0.0, 0.0, 0.0, 1.0]]","[[0.5877852522924732, -0.0, -0.8090169943749473, 0.3], [0.0, 1.0, -0.0, -0.22], [0.8090169943749473, 0.0, 0.5877852522924732, -0.26999999999999996], [0.0, 0.0, 0.0, 1.0]]","[[0.4967676192802448, 0.008671700540164088, -0.8678402698909401, 0.3060201436263222], [0.0016513759354605815, 0.9999388262391589, 0.0109369436760723, -0.22108952223876027], [0.8678820227382048, -0.006866250009686079, 0.4967229098991177, -0.26175654608774185], [0.0, 0.0, 0.0, 1.0]]"
1.2083333333333333,11.535678097737431,-14.83078760336784,10.171907886539326,-114.2439911898702,-4.197801393604456,42.54839022702763,3.396701952788589,11.530012455820906,14.860247916805397,-10.19293035503098,-114.24698281272667,4.19094345679094,42.57172215323239,-3.3659240531714536,"[[0.5824776968678023, -0.0, -0.8128466845916151, 0.3], [0.0, 1.0, -0.0, 0.22], [0.8128466845916151, 0.0, 0.5824776968678023, -0.2677083333333333], [0.0, 0.0, 0.0, 1.0]]","[[0.48952903902776423, -0.008699869475789723, -0.8719435946319338, 0.3059647894375667], [-0.0019339777722896332, 0.9999369361003827, -0.011062709982445858, 0.2211025238706202], [0.8719848506015058, 0.007101837317458056, 0.4894813420633991, -0.2588720419836485], [0.0, 0.0, 0.0, 1.0]]","[[0.5824776968678023, -0.0, -0.8128466845916151, 0.3], [0.0, 1.0, -0.0, -0.22], [0.8128466845916151, 0.0, 0.5824776968678023, -0.2677083333333333], [0.0, 0.0, 0.0, 1.0]]","[[0.4906893870158921, 0.008966898511930164, -0.871288425379934, 0.3059504519110151], [0.001766522204068702, 0.9999347537043435, 0.011285731413447084, -0.2211242968525958], [0.8713327750459468, -0.007076938978872056, 0.4906415311257483, -0.25924883103016677], [0.0, 0.0, 0.0, 1.0]]"
1.2166666666666666,11.523726974237201,-14.839687339856367,10.202953657637972,-114.60766461222754,-4.197801393604456,42.54839022702763,3.396701952788589,11.517922167216337,14.87083641756621,-10.22478806486721,-114.60776023487591,4.19094345679094,42.57172215323239,-3.3659240531714536,"[[0.5771451900372337, -0.0, -0.8166415551616788, 0.3], [0.0, 1.0, -0.0, 0.22], [0.8166415551616788, 0.0, 0.5771451900372337, -0.26541666666666663], [0.0, 0.0, 0.0, 1.0]]","[[0.4843777592677326, -0.008960572187214973, -0.8748130625870012, 0.305903333021727], [-0.002018088533489537, 0.9999334416229617, -0.011359561731441484, 0.2211318393058094], [0.8748566246222531, 0.0072677692682928015, 0.4843274366422177, -0.256759426618379], [0.0, 0.0, 0.0, 1.0]]","[[0.5771451900372337, -0.0, -0.8166415551616788, 0.3], [0.0, 1.0, -0.0, -0.22], [0.8166415551616788, 0.0, 0.5771451900372337, -0.26541666666666663], [0.0, 0.0, 0.0, 1.0]]","[[0.48469423282060153, 0.009292470401134017, -0.8746342953853874, 0.30588532638067306], [0.001836313504734212, 0.999930551693239, 0.01164129473759988, -0.2211599680004082], [0.8746817299013174, -0.007248571190199358, 0.4846435077379452, -0.25679052388649537], [0.0, 0.0, 0.0, 1.0]]"
1.225,11.509101831676912,-14.845021717598145,10.233433376809154,-114.98215022404099,-4.197801393604456,42.54839022702763,3.396701952788589,11.505056652140972,14.873327729065972,-10.251591434717634,-114.96394093971374,4.19094345679094,42.57172215323239,-3.3659240531714536,"[[0.5717879602276122, -0.0, -0.8204014435255137, 0.3], [0.0, 1.0, -0.0, 0.22], [0.8204014435255137, 0.0, 0.5717879602276122, -0.26312499999999994], [0.0, 0.0, 0.0, 1.0]]","[[0.4781814611968259, -0.009224693331311373, -0.8782126138929068, 0.3058349015078551], [-0.00219394999695553, 0.9999291716453398, -0.011697789367040669, 0.2211656764554378], [0.8782583200579882, 0.00752042057388085, 0.4781273538747941, -0.25423099783734926], [0.0, 0.0, 0.0, 1.0]]","[[0.5717879602276122, -0.0, -0.8204014435255137, 0.3], [0.0, 1.0, -0.0, -0.22], [0.8204014435255137, 0.0, 0.5717879602276122, -0.26312499999999994], [0.0, 0.0, 0.0, 1.0]]","[[0.47942193058145693, 0.009477455128486108, -0.8775333556747779, 0.3058206877343824], [0.0020431631205223093, 0.9999269198089442, 0.011915558143026805, -0.22118682240289747], [0.8775821545371189, -0.007505523678228404, 0.4793675303483788, -0.25463562328980516], [0.0, 0.0, 0.0, 1.0]]"
1.2333333333333334,11.488541254727881,-14.852669821921268,10.267892534945515,-115.35837070390363,-4.197801393604456,42.54839022702763,3.396701952788589,11.483288839256142,14.880134012573889,-10.286969253297361,-115.35887613790221,4.19094345679094,42.57172215323239,-3.3659240531714536,"[[0.5664062369248328, -0.0, -0.8241261886220157, 0.3], [0.0, 1.0, -0.0, 0.22], [0.8241261886220157, 0.0, 0.5664062369248328, -0.26083333333333325], [0.0, 0.0, 0.0, 1.0]]","[[0.4721607933194058, -0.00952353478624373, -0.8814609960384886, 0.305773203923333], [-0.0023100481658777853, 0.9999248380682415, -0.012040842647920732, 0.22120030783335506], [0.88150941511107, 0.007721431174067905, 0.4721033049780137, -0.2517896573135013], [0.0, 0.0, 0.0, 1.0]]","[[0.5664062369248328, -0.0, -0.8241261886220157, 0.3], [0.0, 1.0, -0.0, -0.22], [0.8241261886220157, 0.0, 0.5664062369248328, -0.26083333333333325], [0.0, 0.0, 0.0, 1.0]]","[[0.4729471643423545, 0.009781402278997667, -0.8810364940852238, 0.3057552632004431], [0.0021951868161106764, 0.999922192246855, 0.012279682694844732, -0.22122366461171342], [0.8810880551314768, -0.007741680805878953, 0.47288889338081475, -0.2520077732033996], [0.0, 0.0, 0.0, 1.0]]"
1.2416666666666667,11.468390489129051,-14.856706463720744,10.297742169165764,-115.69683389803446,-4.197801393604456,42.54839022702763,3.396701952788589,11.463525686892709,14.88360716376684,-10.316141845016132,-115.69646506781928,4.19094345679094,42.57172215323239,-3.3659240531714536,"[[0.5610002506640098, -0.0, -0.827815630895502, 0.3], [0.0, 0.9999999999999999, -0.0, 0.22], [0.827815630895502, 0.0, 0.5610002506640098, -0.2585416666666666], [0.0, 0.0, 0.0, 1.0]]","[[0.46661669507484926, -0.009761634388094043, -0.8844057724661787, 0.3057105478734977], [-0.0024725029031043683, 0.9999207884034177, -0.012341136417758775, 0.22123006490538194], [0.8844561869345589, 0.007945276128667352, 0.4665555979520768, -0.24955106612649824], [0.0, 0.0, 0.0, 1.0]]","[[0.5610002506640098, -0.0, -0.827815630895502, 0.3], [0.0, 0.9999999999999999, -0.0, -0.22], [0.827815630895502, 0.0, 0.5610002506640098, -0.2585416666666666], [0.0, 0.0, 0.0, 1.0]]","[[0.46720840105205497, 0.010020681648436426, -0.8840904342462276, 0.30569267755382334], [0.002376152211702586, 0.9999179292307844, 0.012589229662190336, -0.22125452052530445], [0.8841440289268764, -0.007982527301628321, 0.46714624623433487, -0.24968965310296812], [0.0, 0.0, 0.0, 1.0]]"
1.25,11.443877793971522,-14.860606501736823,10.329983223369162,-116.047700715698,-4.197801393604456,42.54839022702763,3.396701952788589,11.434212222522307,14.891086220908004,-10.354219295865306,-116.07836826507136,4.19094345679094,42.57172215323239,-3.3659240531714536,"[[0.5555702330196023, -0.0, -0.8314696123025452, 0.3], [0.0, 1.0, -0.0, 0.22], [0.8314696123025452, 0.0, 0.5555702330196023, -0.25625], [0.0, 0.0, 0.0, 1.0]]","[[0.461092687291858, -0.010000911609695927, -0.8872956189979461, 0.3056471999365945], [-0.0026349745160169124, 0.9999166454678778, -0.012639581700616588, 0.22125949033284023], [0.8873480662261416, 0.008166020036815333, 0.4610279009794153, -0.24733136562595393], [0.0, 0.0, 0.0, 1.0]]","[[0.5555702330196023, -0.0, -0.8314696123025452, 0.3], [0.0, 1.0, -0.0, -0.22], [0.8314696123025452, 0.0, 0.5555702330196023, -0.25625], [0.0, 0.0, 0.0, 1.0]]","[[0.46114719201912135, 0.010306508876578233, -0.8872637957043311, 0.30562993336840344], [0.002525025427884021, 0.9999132493914168, 0.012927410339561124, -0.22128849572460507], [0.8873200614994955, -0.008201802623561896, 0.46108116302258106, -0.24725553644046377], [0.0, 0.0, 0.0, 1.0]]"
1.2583333333333333,11.415401027774445,-14.864923181292271,10.36399415034124,-116.39705123136582,-4.197801393604456,42.54839022702763,3.396701952788589,11.40876976786401,14.896832117547278,-10.38604029343475,-116.39874511827998,4.19094345679094,42.57172215323239,-3.3659240531714536,"[[0.5501164165954935, -0.0, -0.8350879763187431, 0.3], [0.0, 1.0, -0.0, 0.22], [0.8350879763187431, 0.0, 0.5501164165954935, -0.2539583333333333], [0.0, 0.0, 0.0, 1.0]]","[[0.45525769069689587, -0.010270152133400138, -0.8903004880580974, 0.3055848163625593], [-0.002787502971488776, 0.9999121304344409, -0.01295998600469342, 0.22129143358859987], [0.8903553587689095, 0.008381848555940671, 0.45518905932180737, -0.24499966234368575], [0.0, 0.0, 0.0, 1.0]]","[[0.5501164165954935, -0.0, -0.8350879763187431, 0.3], [0.0, 1.0, -0.0, -0.22], [0.8350879763187431, 0.0, 0.5501164165954935, -0.2539583333333333], [0.0, 0.0, 0.0, 1.0]]","[[0.45627272036464617, 0.010504712095171497, -0.8897779811137402, 0.3055700870940326], [0.0026913265720276865, 0.9999094519148404, 0.013185019250903658, -0.22131339497755656], [0.8898359182525329, -0.008410647725446599, 0.4562031341327133, -0.2453048245654451], [0.0, 0.0, 0.0, 1.0]]"
1.2666666666666666,11.381565978173494,-14.867136162583355,10.39965627554517,-116.75917420078156,-4.197801393604456,42.54839022702763,3.396701952788589,11.37632380798551,14.895303862720487,-10.418634809927696,-116.75903759699816,4.19094345679094,42.57172215323239,-3.3659240531714536,"[[0.5446390350150272, -0.0, -0.838670567945424, 0.3], [0.0, 1.0, -0.0, 0.22], [0.838670567945424, 0.0, 0.5446390350150272, -0.25166666666666665], [0.0, 0.0, 0.0, 1.0]]","[[0.4491019767910962, -0.01055736601874888, -0.8934181308128216, 0.30552376971115325], [-0.002948707041221032, 0.9999072301191788, -0.01329798037962677, 0.22132552333796424], [0.8934756401654803, 0.008606577608901893, 0.4490291830747164, -0.24255362172761524], [0.0, 0.0, 0.0, 1.0]]","[[0.5446390350150272, -0.0, -0.838670567945424, 0.3], [0.0, 1.0, -0.0, -0.22], [0.838670567945424, 0.0, 0.5446390350150272, -0.25166666666666665], [0.0, 0.0, 0.0, 1.0]]","[[0.4500008134676469, 0.01080247220607607, -0.8929628068809433, 0.30550788268340245], [0.002850656116117685, 0.9999043647325836, 0.013532743566483756, -0.22134844961560987], [0.8930235952303632, -0.008635275500267534, 0.4499269833860499, -0.2428109483888156], [0.0, 0.0, 0.0, 1.0]]"
1.275,11.348521522968973,-14.869743587299007,10.433244584562354,-117.08769263948082,-4.197801393604456,42.54839022702763,3.396701952788589,11.342957480116352,14.898012032726397,-10.452349477444525,-117.08830735650612,4.19094345679094,42.57172215323239,-3.3659240531714536,"[[0.5391383229110004, -0.0, -0.8422172337162865, 0.3], [0.0, 1.0, -0.0, 0.22], [0.8422172337162865, 0.0, 0.5391383229110004, -0.24937499999999996], [0.0, 0.0, 0.0, 1.0]]","[[0.4438090811729388, -0.010769888539412097, -0.8960566438397077, 0.3054620449590726], [-0.0031384930518282787, 0.9999029637477681, -0.013572507129991668, 0.22135224917171847], [0.8961158682501922, 0.00883586946931025, 0.4437322143826453, -0.2404582318794015], [0.0, 0.0, 0.0, 1.0]]","[[0.5391383229110004, -0.0, -0.8422172337162865, 0.3], [0.0, 1.0, -0.0, -0.22], [0.8422172337162865, 0.0, 0.5391383229110004, -0.24937499999999996], [0.0, 0.0, 0.0, 1.0]]","[[0.44384462570920297, 0.011053993337239991, -0.8960355782335642, 0.30544326555493223], [0.003069196511618866, 0.9998992958730417, 0.0138556178270221, -0.2213806154681251], [0.8960985036600778, -0.008899850779405236, 0.4437660018458757, -0.24037452268578346], [0.0, 0.0, 0.0, 1.0]]"
1.2833333333333332,11.309914732459124,-14.871131823247811,10.469115030535969,-117.42910647533309,-4.197801393604456,42.54839022702763,3.396701952788589,11.304449727349466,14.898833362974091,-10.487723880929668,-117.42970753198004,4.19094345679094,42.57172215323239,-3.3659240531714536,"[[0.5336145159156114, -0.0, -0.8457278217039733, 0.3], [0.0, 1.0, -0.0, 0.22], [0.8457278217039733, 0.0, 0.5336145159156114, -0.24708333333333327], [0.0, 0.0, 0.0, 1.0]]","[[0.4375741578537223, -0.011041303403393325, -0.8991145344158108, 0.3053992350389011], [-0.003337629329841289, 0.9998977743868502, -0.013903273236193728, 0.2213854092230252], [0.8991761321393393, 0.00908462411869047, 0.4374925747890583, -0.23800450804808937], [0.0, 0.0, 0.0, 1.0]]","[[0.5336145159156114, -0.0, -0.8457278217039733, 0.3], [0.0, 1.0, -0.0, -0.22], [0.8457278217039733, 0.0, 0.5336145159156114, -0.24708333333333327], [0.0, 0.0, 0.0, 1.0]]","[[0.4389968352394365, 0.011261058676780327, -0.8984180358871017, 0.30539008835098747], [0.0032305885937091603, 0.9998952078319625, 0.014111578650697645, -0.22140574692921514], [0.8984828000285245, -0.00909735742700812, 0.4389144519615959, -0.23846482270317862], [0.0, 0.0, 0.0, 1.0]]"
1.2916666666666667,11.269753220139448,-14.873095502634191,10.504871070840984,-117.75195585702124,-4.197801393604456,42.54839022702763,3.396701952788589,11.260521365702528,14.902969042516535,-10.527326171511048,-117.77230982074788,4.19094345679094,42.57172215323239,-3.3659240531714536,"[[0.5280678506503681, -0.0, -0.8492021815265789, 0.3], [0.0, 1.0, -0.0, 0.22], [0.8492021815265789, 0.0, 0.5280678506503681, -0.24479166666666657], [0.0, 0.0, 0.0, 1.0]]","[[0.43158993694540815, -0.011316900047092264, -0.9019989213412526, 0.30533920265466735], [-0.0035108077968488993, 0.9998926563573172, -0.014224977726589191, 0.22141758460597477], [0.9020630801424435, 0.00930610208586263, 0.43150387704850957, -0.23566217253768068], [0.0, 0.0, 0.0, 1.0]]","[[0.5280678506503681, -0.0, -0.8492021815265789, 0.3], [0.0, 1.0, -0.0, -0.22], [0.8492021815265789, 0.0, 0.5280678506503681, -0.24479166666666657], [0.0, 0.0, 0.0, 1.0]]","[[0.4325819182070958, 0.011573408552512583, -0.9015203493292575, 0.30532677539112485], [0.0033943235700363856, 0.9998896156857661, 0.014464958046027827, -0.22144120354035926], [0.9015882444928903, -0.009317331068931616, 0.43249488405526904, -0.2359522502132843], [0.0, 0.0, 0.0, 1.0]]"
1.3,11.222574542221231,-14.871140360984274,10.542803380170296,-118.10345105208845,-4.197801393604456,42.54839022702763,3.396701952788589,11.21439795201108,14.904251410533204,-10.565746839366016,-118.10880592039773,4.19094345679094,42.57172215323239,-3.3659240531714536,"[[0.522498564715949, -0.0, -0.8526401643540922, 0.3], [0.0, 1.0, -0.0, 0.22], [0.8526401643540922, 0.0, 0.522498564715949, -0.24249999999999994], [0.0, 0.0, 0.0, 1.0]]","[[0.425349398054717, -0.011564372756807786, -0.9049553330729818, 0.30527725313029686], [-0.0037535754885461917, 0.9998872174822642, -0.01454176697058817, 0.2214493072636755], [0.90502143634587, 0.009582149984043543, 0.42525801833256666, -0.23323119554382246], [0.0, 0.0, 0.0, 1.0]]","[[0.522498564715949, -0.0, -0.8526401643540922, 0.3], [0.0, 1.0, -0.0, -0.22], [0.8526401643540922, 0.0, 0.522498564715949, -0.24249999999999994], [0.0, 0.0, 0.0, 1.0]]","[[0.4265068195930251, 0.011900885149725916, -0.9044060491688986, 0.30526732325841477], [0.0035071447353800687, 0.9998841576189659, 0.014811187609926682, -0.2214758936158497], [0.9044775468614177, -0.009488955435894036, 0.42641567390081686, -0.23358633940616552], [0.0, 0.0, 0.0, 1.0]]"
1.3083333333333333,11.176195850209552,-14.869796521265075,10.578829212947529,-118.42119145227744,-4.197801393604456,42.54839022702763,3.396701952788589,11.165974472116627,14.901100985778536,-10.602287497651938,-118.44165469903079,4.19094345679094,42.57172215323239,-3.3659240531714536,"[[0.5169068966820276, -0.0, -0.8560416229147715, 0.3], [0.0, 1.0, -0.0, 0.22], [0.8560416229147715, 0.0, 0.5169068966820276, -0.2402083333333333], [0.0, 0.0, 0.0, 1.0]]","[[0.41925011658812317, -0.01188927307305021, -0.9077929196279513, 0.3052186025550014], [-0.00387429035900098, 0.9998817118085279, -0.014884631841682233, 0.2214837203510702], [0.9078625058978147, 0.009757436991480486, 0.41915446175401494, -0.23087014283697904], [0.0, 0.0, 0.0, 1.0]]","[[0.5169068966820276, -0.0, -0.8560416229147715, 0.3], [0.0, 1.0, -0.0, -0.22], [0.8560416229147715, 0.0, 0.5169068966820276, -0.2402083333333333], [0.0, 0.0, 0.0, 1.0]]","[[0.42015939047569695, 0.012133234974607252, -0.9073692033588875, 0.3052035776517998], [0.003788305620446874, 0.9998784426195606, 0.015124441318890701, -0.22150710751112154], [0.9074424143358174, -0.009792067898735435, 0.42006235259857505, -0.2311240358803183], [0.0, 0.0, 0.0, 1.0]]"
1.3166666666666667,11.11985532729341,-14.869753832582763,10.621418857517144,-118.76962672259647,-4.197801393604456,42.54839022702763,3.396701952788589,11.110168411503038,14.898227183685252,-10.642755514710617,-118.78728959179011,4.19094345679094,42.57172215323239,-3.3659240531714536,"[[0.5112930860770519, -0.0, -0.8594064115014527, 0.3], [0.0, 1.0, -0.0, 0.22], [0.8594064115014527, 0.0, 0.5112930860770519, -0.2379166666666666], [0.0, 0.0, 0.0, 1.0]]","[[0.4135270466152472, -0.012078004600883294, -0.9104117219821659, 0.30515723160629254], [-0.004158894937873435, 0.9998765231548837, -0.015153944588701194, 0.22151004333129473], [0.9104823366274424, 0.010052872652268976, 0.4134257544479666, -0.22866136406293164], [0.0, 0.0, 0.0, 1.0]]","[[0.5112930860770519, -0.0, -0.8594064115014527, 0.3], [0.0, 1.0, -0.0, -0.22], [0.8594064115014527, 0.0, 0.5112930860770519, -0.2379166666666666], [0.0, 0.0, 0.0, 1.0]]","[[0.41377894978004703, 0.012389695049098147, -0.910293071584922, 0.3051432372462418], [0.004042793777713988, 0.999872520962525, 0.015446606181168464, -0.22153952365778903], [0.9103684070404643, -0.010071607649009547, 0.41367611265574944, -0.22866335534530077], [0.0, 0.0, 0.0, 1.0]]"
1.325,11.063998040261044,-14.865466181331287,10.660190426340721,-119.09809051978237,-4.197801393604456,42.54839022702763,3.396701952788589,11.06204716747936,14.892453966289299,-10.675433701020896,-119.08188931107111,4.19094345679094,42.57172215323239,-3.3659240531714536,"[[0.5056573733779848, -0.0, -0.8627343859777917, 0.3], [0.0, 1.0, -0.0, 0.22], [0.8627343859777917, 0.0, 0.5056573733779848, -0.23562499999999997], [0.0, 0.0, 0.0, 1.0]]","[[0.40744093304004425, -0.01230887712592366, -0.913148606540774, 0.30509706730380803], [-0.004422636962259676, 0.9998708418586641, -0.015451209763197077, 0.22153960452428087], [0.9132208530064118, 0.010333980101837602, 0.40733387103148766, -0.22632566648425612], [0.0, 0.0, 0.0, 1.0]]","[[0.5056573733779848, -0.0, -0.8627343859777917, 0.3], [0.0, 1.0, -0.0, -0.22], [0.8627343859777917, 0.0, 0.5056573733779848, -0.23562499999999997], [0.0, 0.0, 0.0, 1.0]]","[[0.4080873444033787, 0.01257566932151391, -0.9128562712053384, 0.30508299134512196], [0.004334556219399022, 0.9998671621633789, 0.01571208610377458, -0.22156543094354977], [0.9129325993523175, -0.010368730320897097, 0.40797862501772497, -0.22647698082829337], [0.0, 0.0, 0.0, 1.0]]"
1.3333333333333333,11.003440729306066,-14.862805822649566,10.701723952909923,-119.42513363762093,-4.197801393604456,42.54839022702763,3.396701952788589,10.998472620458527,14.889465758527418,-10.718808817345064,-119.42480578854077,4.19094345679094,42.57172215323239,-3.3659240531714536,"[[0.5000000000000002, -0.0, -0.8660254037844386, 0.3], [0.0, 1.0, -0.0, 0.22], [0.8660254037844386, 0.0, 0.5000000000000002, -0.23333333333333328], [0.0, 0.0, 0.0, 1.0]]","[[0.4012900357579722, -0.012574878329067042, -0.9158647168858374, 0.30503863909381346], [-0.004645703038895544, 0.9998649518329086, -0.01576374128974798, 0.22157088011335468], [0.9159392581632475, 0.010580667804296132, 0.40117742312370386, -0.22397827026183206], [0.0, 0.0, 0.0, 1.0]]","[[0.5000000000000002, -0.0, -0.8660254037844386, 0.3], [0.0, 1.0, -0.0, -0.22], [0.8660254037844386, 0.0, 0.5000000000000002, -0.23333333333333328], [0.0, 0.0, 0.0, 1.0]]","[[0.40233383807584555, 0.012826191427309324, -0.9154031743186329, 0.3050261704740571], [0.00454218748705771, 0.9998615795681447, 0.016005943781205293, -0.22159454226781095], [0.9154817591148344, -0.010597665637521538, 0.40221988788602137, -0.22427965155207782], [0.0, 0.0, 0.0, 1.0]]"
1.3416666666666666,10.939540040752364,-14.858659897823369,10.743633139883475,-119.75038724589693,-4.197801393604456,42.54839022702763,3.396701952788589,10.932304309100383,14.883351031672966,-10.761080858118271,-119.7613292089473,4.19094345679094,42.57172215323239,-3.3659240531714536,"[[0.49432120828614456, -0.0, -0.8692793239451437, 0.3], [0.0, 1.0, -0.0, 0.22], [0.8692793239451437, 0.0, 0.49432120828614456, -0.23104166666666665], [0.0, 0.0, 0.0, 1.0]]","[[0.3948255846524686, -0.012842836707841464, -0.9186663263933931, 0.3049789362609105], [-0.004901796831832018, 0.9998586191018963, -0.016084594973715883, 0.2216031371125091], [0.9187430163498692, 0.010853725302621423, 0.39470681088042986, -0.22152385725029772], [0.0, 0.0, 0.0, 1.0]]","[[0.49432120828614456, -0.0, -0.8692793239451437, 0.3], [0.0, 1.0, -0.0, -0.22], [0.8692793239451437, 0.0, 0.49432120828614456, -0.23104166666666665], [0.0, 0.0, 0.0, 1.0]]","[[0.3957650540876811, 0.01310496161740633, -0.9182582871632476, 0.30496434179502374], [0.004794874280447164, 0.9998550609537904, 0.016336041923514785, -0.22162757080416842], [0.9183392788853202, -0.010868167559364976, 0.39564485563481305, -0.22178389350476962], [0.0, 0.0, 0.0, 1.0]]"
1.35,10.876850857002696,-14.853112076670026,10.782965637992639,-120.0534427393704,-4.197801393604456,42.54839022702763,3.396701952788589,10.868083455429337,14.878696257753601,-10.80172219122714,-120.06924779710981,4.19094345679094,42.57172215323239,-3.3659240531714536,"[[0.48862124149695507, -0.0, -0.8724960070727971, 0.3], [0.0, 1.0, -0.0, 0.22], [0.8724960070727971, 0.0, 0.48862124149695507, -0.2287499999999999], [0.0, 0.0, 0.0, 1.0]]","[[0.3892866946477183, -0.01303049713594798, -0.9210244706383454, 0.3049204443370467], [-0.005184436828458955, 0.9998531005509126, -0.01633704176093105, 0.22162754525071696], [0.9211020524268881, 0.01113478617292394, 0.38916195285749283, -0.21942861354033644], [0.0, 0.0, 0.0, 1.0]]","[[0.48862124149695507, -0.0, -0.8724960070727971, 0.3], [0.0, 1.0, -0.0, -0.22], [0.8724960070727971, 0.0, 0.48862124149695507, -0.2287499999999999], [0.0, 0.0, 0.0, 1.0]]","[[0.3895835570588735, 0.013355504594233875, -0.9208942841425336, 0.30490714881365366], [0.005054074997338715, 0.9998487938163358, 0.01663868474189295, -0.221657872126278], [0.9209772572627823, -0.01113642676320477, 0.3894571498941457, -0.2194472353784354], [0.0, 0.0, 0.0, 1.0]]"
1.3583333333333334,10.803679040424349,-14.844258443958397,10.826392834509226,-120.38612759346339,-4.197801393604456,42.54839022702763,3.396701952788589,10.796687488035195,14.87368119135552,-10.845750444390688,-120.38925582010324,4.19094345679094,42.57172215323239,-3.3659240531714536,"[[0.48290034380003727, -0.0, -0.8756753153753997, 0.3], [0.0, 1.0, -0.0, 0.22], [0.8756753153753997, 0.0, 0.48290034380003727, -0.22645833333333326], [0.0, 0.0, 0.0, 1.0]]","[[0.38275578058548987, -0.01328612756987379, -0.9237540209615271, 0.3048596859633702], [-0.005473435139562008, 0.9998464234552855, -0.016648453725406402, 0.22165867065202374], [0.9238333474908587, 0.011428399619851856, 0.38262427751772843, -0.2169724081300895], [0.0, 0.0, 0.0, 1.0]]","[[0.48290034380003727, -0.0, -0.8756753153753997, 0.3], [0.0, 1.0, -0.0, -0.22], [0.8756753153753997, 0.0, 0.48290034380003727, -0.22645833333333326], [0.0, 0.0, 0.0, 1.0]]","[[0.38372303538913155, 0.013584048152908467, -0.9233483122568269, 0.30484917006047535], [0.005315488077278366, 0.9998427440956082, 0.016918412037313358, -0.22168533848894728], [0.9234329308067, -0.01140003136589817, 0.3835904868301676, -0.2172416992445962], [0.0, 0.0, 0.0, 1.0]]"
1.3666666666666667,10.732624582488706,-14.837749273679375,10.868503512063294,-120.68772142645447,-4.197801393604456,42.54839022702763,3.396701952788589,10.722956449718554,14.864916351103101,-10.888303376693514,-120.70348550305886,4.19094345679094,42.57172215323239,-3.3659240531714536,"[[0.4771587602596084, -0.0, -0.8788171126619655, 0.3], [0.0, 1.0000000000000002, -0.0, 0.22], [0.8788171126619655, 0.0, 0.4771587602596084, -0.22416666666666663], [0.0, 0.0, 0.0, 1.0]]","[[0.37644868247808383, -0.01354084242731383, -0.9263385099664557, 0.3048029219926356], [-0.00574522554536667, 0.9998398317770484, -0.016950019925552125, 0.221688945900331], [0.9264196575224145, 0.011702836340067545, 0.37631059216775964, -0.21461300879690792], [0.0, 0.0, 0.0, 1.0]]","[[0.4771587602596084, -0.0, -0.8788171126619655, 0.3], [0.0, 1.0000000000000002, -0.0, -0.22], [0.8788171126619655, 0.0, 0.4771587602596084, -0.22416666666666663], [0.0, 0.0, 0.0, 1.0]]","[[0.37748261720999404, 0.013812194132148802, -0.9259136552603319, 0.3047924910252876], [0.005621873631276274, 0.9998361453850695, 0.017206885784481114, -0.22171422252628772], [0.9259996048817553, -0.011700669843306064, 0.3773431145311265, -0.21490492952476808], [0.0, 0.0, 0.0, 1.0]]"
1.375,10.650196152037699,-14.830517810895623,10.916350694746525,-121.01640378969383,-4.197801393604456,42.54839022702763,3.396701952788589,10.641434726879867,14.855492397595775,-10.934322630000121,-121.02942213025186,4.19094345679094,42.57172215323239,-3.3659240531714536,"[[0.47139673682599786, -0.0, -0.8819212643483549, 0.3], [0.0, 1.0, -0.0, 0.22], [0.8819212643483549, 0.0, 0.47139673682599786, -0.22187499999999993], [0.0, 0.0, 0.0, 1.0]]","[[0.3698779414862394, -0.013815197057358475, -0.9289776362928058, 0.30474405653194053], [-0.006019213860511923, 0.9998328218405345, -0.017265498396968865, 0.22172062102583132], [0.9290608577840332, 0.011977842070284073, 0.3697329493471415, -0.21216772167105555], [0.0, 0.0, 0.0, 1.0]]","[[0.47139673682599786, -0.0, -0.8819212643483549, 0.3], [0.0, 1.0, -0.0, -0.22], [0.8819212643483549, 0.0, 0.47139673682599786, -0.22187499999999993], [0.0, 0.0, 0.0, 1.0]]","[[0.37052791201905505, 0.014068015226852573, -0.9287147879528875, 0.3047290155583575], [0.0059659633003858615, 0.9998286179624545, 0.017525466760887547, -0.22174607565624752], [0.9288021714534792, -0.012034352947523575, 0.370380480927973, -0.2123141894942357], [0.0, 0.0, 0.0, 1.0]]"
1.3833333333333333,10.568751268827175,-14.820472310173828,10.961191740421306,-121.32693151011928,-4.197801393604456,42.54839022702763,3.396701952788589,10.562391508936248,14.84841461406835,-10.979055246421828,-121.32824290643993,4.19094345679094,42.57172215323239,-3.3659240531714536,"[[0.4656145203251116, -0.0, -0.8849876374630419, 0.3], [0.0, 1.0, -0.0, 0.22], [0.8849876374630419, 0.0, 0.4656145203251116, -0.2195833333333333], [0.0, 0.0, 0.0, 1.0]]","[[0.3641705236530596, -0.014020690016158827, -0.9312267446512302, 0.3046869876081487], [-0.006307563911041033, 0.9998266134128733, -0.01752020972629736, 0.22174531990407015], [0.9313109278537243, 0.012254116158095458, 0.36401894497047727, -0.2100519708460776], [0.0, 0.0, 0.0, 1.0]]","[[0.4656145203251116, -0.0, -0.8849876374630419, 0.3], [0.0, 1.0, -0.0, -0.22], [0.8849876374630419, 0.0, 0.4656145203251116, -0.2195833333333333], [0.0, 0.0, 0.0, 1.0]]","[[0.36447644603972024, 0.014326624070147575, -0.9311023940066998, 0.3046742575307551], [0.006214718551184843, 0.9998219550084535, 0.01781672125852113, -0.22177510015887109], [0.9311918693564634, -0.012280314565472168, 0.3643225168975815, -0.2100724603513709], [0.0, 0.0, 0.0, 1.0]]"
1.3916666666666666,10.483863116501318,-14.810437054735786,11.007215262596144,-121.6340987774731,-4.197801393604456,42.54839022702763,3.396701952788589,10.473910677106963,14.835739490516099,-11.025735320530634,-121.64804602375825,4.19094345679094,42.57172215323239,-3.3659240531714536,"[[0.45981235844786, -0.0, -0.8880161006528074, 0.3], [0.0, 1.0000000000000002, -0.0, 0.22], [0.8880161006528074, 0.0, 0.45981235844786, -0.2172916666666666], [0.0, 0.0, 0.0, 1.0]]","[[0.35690263041206044, -0.014331541156901105, -0.9340316479290306, 0.30462824257361754], [-0.006610381769326082, 0.9998185228026035, -0.017866849573544633, 0.2217808646213268], [0.9341182019732922, 0.01255103138741834, 0.3567431237645599, -0.20737493830258763], [0.0, 0.0, 0.0, 1.0]]","[[0.45981235844786, -0.0, -0.8880161006528074, 0.3], [0.0, 1.0000000000000002, -0.0, -0.22], [0.8880161006528074, 0.0, 0.45981235844786, -0.2172916666666666], [0.0, 0.0, 0.0, 1.0]]","[[0.3580993830448958, 0.014572317463991291, -0.9335697507024281, 0.3046151768890889], [0.006520658262594142, 0.9998147816488963, 0.018107551247821776, -0.2218038765379726], [0.9336607054378414, -0.012571792238924552, 0.35793803536536023, -0.20772047654248812], [0.0, 0.0, 0.0, 1.0]]"
1.4,10.392832062790681,-14.80179686543572,11.056530082177282,-121.94160755428541,-4.197801393604456,42.54839022702763,3.396701952788589,10.38730217088391,14.828096508834854,-11.072905460712388,-121.94203102601395,4.19094345679094,42.57172215323239,-3.3659240531714536,"[[0.45399049973954686, -0.0, -0.8910065241883677, 0.3], [0.0, 0.9999999999999999, -0.0, 0.22], [0.8910065241883677, 0.0, 0.45399049973954686, -0.21499999999999997], [0.0, 0.0, 0.0, 1.0]]","[[0.35074733353699106, -0.014565871760744344, -0.936356846184477, 0.30457105883930374], [-0.006911365123523104, 0.9998115349300205, -0.01814187567496374, 0.2218079903551999], [0.936444627860516, 0.012834718568244613, 0.35058055985814995, -0.20511731372788786], [0.0, 0.0, 0.0, 1.0]]","[[0.45399049973954686, -0.0, -0.8910065241883677, 0.3], [0.0, 0.9999999999999999, -0.0, -0.22], [0.8910065241883677, 0.0, 0.45399049973954686, -0.21499999999999997], [0.0, 0.0, 0.0, 1.0]]","[[0.35170578201699043, 0.014825913814759846, -0.9359931811585888, 0.3045592755501044], [0.006821283781456315, 0.9998074390725399, 0.01839986040116688, -0.22183317063098115], [0.9360857401880397, -0.012856012397586635, 0.3515369254599623, -0.20537468335435305], [0.0, 0.0, 0.0, 1.0]]"
1.4083333333333332,10.29824845693799,-14.793930195059158,11.107463656591714,-122.24637059505137,-4.197801393604456,42.54839022702763,3.396701952788589,10.292636602761178,14.820436451680685,-11.123889407771948,-122.24680772715826,4.19094345679094,42.57172215323239,-3.3659240531714536,"[[0.44814919358922256, -0.0, -0.8939587799699321, 0.3], [0.0, 1.0, -0.0, 0.22], [0.8939587799699321, 0.0, 0.44814919358922256, -0.21270833333333328], [0.0, 0.0, 0.0, 1.0]]","[[0.3445499351079808, -0.014851737362515936, -0.9386505037096616, 0.30451396264032643], [-0.007141840131364785, 0.9998044446700016, -0.018440893081630272, 0.2218375084447024], [0.9387408249014338, 0.013057500351328353, 0.3443764877978037, -0.20285639251789322], [0.0, 0.0, 0.0, 1.0]]","[[0.44814919358922256, -0.0, -0.8939587799699321, 0.3], [0.0, 1.0, -0.0, -0.22], [0.8939587799699321, 0.0, 0.44814919358922256, -0.21270833333333328], [0.0, 0.0, 0.0, 1.0]]","[[0.3461398030761991, 0.01506221549289184, -0.9380620269421506, 0.30450754928310364], [0.007060897007436699, 0.9998009734007924, 0.018658974255804334, -0.2218586241528647], [0.9381563731381996, -0.013082173033333814, 0.34596455929604325, -0.2033417638021268], [0.0, 0.0, 0.0, 1.0]]"
1.4166666666666667,10.207663073070696,-14.779252118532801,11.15197514563904,-122.53143537025103,-4.197801393604456,42.54839022702763,3.396701952788589,10.196216529795402,14.806048658194053,-11.171698170641099,-122.54699454118031,4.19094345679094,42.57172215323239,-3.3659240531714536,"[[0.4422886902190013, -0.0, -0.8968727415326883, 0.3], [0.0, 1.0, -0.0, 0.22], [0.8968727415326883, 0.0, 0.4422886902190013, -0.21041666666666659], [0.0, 0.0, 0.0, 1.0]]","[[0.3380888751201869, -0.015058225164090795, -0.9409937100612704, 0.30445578193058], [-0.007526264019776057, 0.9997967498459224, -0.01870332450220493, 0.22186351659892092], [0.9410840918163856, 0.013405553044828017, 0.3379068263259726, -0.20050807525260664], [0.0, 0.0, 0.0, 1.0]]","[[0.4422886902190013, -0.0, -0.8968727415326883, 0.3], [0.0, 1.0, -0.0, -0.22], [0.8968727415326883, 0.0, 0.4422886902190013, -0.21041666666666659], [0.0, 0.0, 0.0, 1.0]]","[[0.34022142228635066, 0.015268209085747499, -0.9402213918055505, 0.3044555882485553], [0.007389166864130865, 0.9997938963092872, 0.018909392262803405, -0.22188358433439273], [0.9403163212613651, -0.013380833083498066, 0.3400384820509068, -0.2011886638177482], [0.0, 0.0, 0.0, 1.0]]"
1.425,10.10326619292799,-14.761633645568752,11.201984936968227,-122.84192210954147,-4.197801393604456,42.54839022702763,3.396701952788589,10.095817017864444,14.790849779743482,-11.220544268490444,-122.84474980785785,4.19094345679094,42.57172215323239,-3.3659240531714536,"[[0.43640924067334197, -0.0, -0.8997482840522215, 0.3], [0.0, 1.0, -0.0, 0.22], [0.8997482840522215, 0.0, 0.43640924067334197, -0.20812499999999995], [0.0, 0.0, 0.0, 1.0]]","[[0.33134094370676176, -0.015272827788022938, -0.9433874706369966, 0.3043973635649866], [-0.007935112067673368, 0.9997885085815725, -0.018972930841287056, 0.2218905319982454], [0.9434777225880778, 0.013772394112578665, 0.3311496763405059, -0.1980678410066484], [0.0, 0.0, 0.0, 1.0]]","[[0.43640924067334197, -0.0, -0.8997482840522215, 0.3], [0.0, 1.0, -0.0, -0.22], [0.8997482840522215, 0.0, 0.43640924067334197, -0.20812499999999995], [0.0, 0.0, 0.0, 1.0]]","[[0.3327206294193149, 0.015529698243479342, -0.9428975613667062, 0.3043885612735403], [0.007809421809379178, 0.9997847338439031, 0.019222354269937215, -0.22191461951977967], [0.942993104794419, -0.013759158591362163, 0.33252772796421004, -0.19847331825461895], [0.0, 0.0, 0.0, 1.0]]"
1.4333333333333333,9.999205699601907,-14.74548537082355,11.25174286507177,-123.13699994206436,-4.197801393604456,42.54839022702763,3.396701952788589,9.987182859115393,14.773475486042262,-11.272078899551838,-123.15156190537482,4.19094345679094,42.57172215323239,-3.3659240531714536,"[[0.43051109680829525, -0.0, -0.9025852843498606, 0.3], [0.0, 1.0, -0.0, 0.22], [0.9025852843498606, 0.0, 0.43051109680829525, -0.20583333333333326], [0.0, 0.0, 0.0, 1.0]]","[[0.3245576116458251, -0.015518455049941602, -0.94573861836959, 0.3043393662629099], [-0.008304842970458854, 0.9997801081031117, -0.01925525965980284, 0.22191886557954119], [0.9458294699923417, 0.01410365180346397, 0.3243573657246168, -0.1956279574253746], [0.0, 0.0, 0.0, 1.0]]","[[0.43051109680829525, -0.0, -0.9025852843498606, 0.3], [0.0, 1.0, -0.0, -0.22], [0.9025852843498606, 0.0, 0.43051109680829525, -0.20583333333333326], [0.0, 0.0, 0.0, 1.0]]","[[0.3254655329068176, 0.01577210081915912, -0.9454223541494202, 0.3043265409060275], [0.00823867218933031, 0.9997756183542856, 0.019515051239046514, -0.2219439969463687], [0.9455180120813342, -0.014140501407522144, 0.32526256324653463, -0.19586130467658897], [0.0, 0.0, 0.0, 1.0]]"
1.4416666666666667,9.883916375280323,-14.730663860324622,11.30745074171604,-123.44439943584996,-4.197801393604456,42.54839022702763,3.396701952788589,9.88056445994514,14.754342418629765,-11.32092328985389,-123.44198154888377,4.19094345679094,42.57172215323239,-3.3659240531714536,"[[0.42459451128071307, -0.0, -0.9053836208979552, 0.3], [0.0, 1.0, -0.0, 0.22], [0.9053836208979552, 0.0, 0.42459451128071307, -0.20354166666666662], [0.0, 0.0, 0.0, 1.0]]","[[0.3184577305143836, -0.015754580060892517, -0.9478061337017888, 0.30428296647716213], [-0.008614940436037565, 0.999772487985298, -0.01951294618888611, 0.22194398844731775], [0.9478979146917202, 0.014379341945713928, 0.3182495527856975, -0.19344397329548146], [0.0, 0.0, 0.0, 1.0]]","[[0.42459451128071307, -0.0, -0.9053836208979552, 0.3], [0.0, 1.0, -0.0, -0.22], [0.9053836208979552, 0.0, 0.42459451128071307, -0.20354166666666662], [0.0, 0.0, 0.0, 1.0]]","[[0.3188897522524684, 0.01600191484872527, -0.9476567229907324, 0.3042690444272426], [0.008615588915739408, 0.9997672144212447, 0.019781016051261202, -0.2219703934425428], [0.9477526563064831, -0.01447258406641367, 0.3186776533967298, -0.19350586952075866], [0.0, 0.0, 0.0, 1.0]]"
1.45,9.777426895930654,-14.71480245352456,11.357214646235107,-123.72066692739863,-4.197801393604456,42.54839022702763,3.396701952788589,9.77283615503476,14.739742889278862,-11.371877354835831,-123.72012051226503,4.19094345679094,42.57172215323239,-3.3659240531714536,"[[0.4186597375374282, -0.0, -0.9081431738250811, 0.3], [0.0, 1.0, -0.0, 0.22], [0.9081431738250811, 0.0, 0.4186597375374282, -0.20124999999999998], [0.0, 0.0, 0.0, 1.0]]","[[0.3118660442944983, -0.01599635505722458, -0.9499914141932997, 0.30422618532130963], [-0.008976670748517405, 0.9997640312265952, -0.019781335845203023, 0.22197074655326177], [0.9500836751562334, 0.014696887100036103, 0.3116488596340344, -0.19109492152285956], [0.0, 0.0, 0.0, 1.0]]","[[0.4186597375374282, -0.0, -0.9081431738250811, 0.3], [0.0, 1.0, -0.0, -0.22], [0.9081431738250811, 0.0, 0.4186597375374282, -0.20124999999999998], [0.0, 0.0, 0.0, 1.0]]","[[0.3122394060937965, 0.016266302968648557, -0.9498641801173079, 0.30421298794658386], [0.008951904246543718, 0.9997586323743655, 0.020063409563163978, -0.22199869999234367], [0.9499612711540161, -0.01476768027385081, 0.31201842722309747, -0.19113631350133853], [0.0, 0.0, 0.0, 1.0]]"
1.4583333333333333,9.66942879854806,-14.69522542381601,11.405364918562759,-123.99226256955501,-4.197801393604456,42.54839022702763,3.396701952788589,9.655802571153883,14.72348533150694,-11.426290056858738,-124.00887358961648,4.19094345679094,42.57172215323239,-3.3659240531714536,"[[0.41270702980439467, -0.0, -0.9108638249211758, 0.3], [0.0, 1.0, -0.0, 0.22], [0.9108638249211758, 0.0, 0.41270702980439467, -0.1989583333333333], [0.0, 0.0, 0.0, 1.0]]","[[0.305245916142854, -0.016200792862497593, -0.952135738741455, 0.30416734350719665], [-0.00940336899713055, 0.9997552444014831, -0.020025682091616193, 0.22199479749777518], [0.9522271301163466, 0.015066041363182322, 0.3050188634626215, -0.18874541631062727], [0.0, 0.0, 0.0, 1.0]]","[[0.41270702980439467, -0.0, -0.9108638249211758, 0.3], [0.0, 1.0, -0.0, -0.22], [0.9108638249211758, 0.0, 0.41270702980439467, -0.1989583333333333], [0.0, 0.0, 0.0, 1.0]]","[[0.306306368671506, 0.01650386152084274, -0.9517899091008352, 0.304158781711359], [0.009249886458363386, 0.9997508938525532, 0.02031230763670359, -0.22202290588436496], [0.9518880438958054, -0.015025737782935911, 0.3060774070268755, -0.18903125093487122], [0.0, 0.0, 0.0, 1.0]]"
1.4666666666666666,9.543871138583008,-14.674436035529785,11.461505658445677,-124.29089210044631,-4.197801393604456,42.54839022702763,3.396701952788589,9.544228869740786,14.701883150709481,-11.474596569763653,-124.27745028815973,4.19094345679094,42.57172215323239,-3.3659240531714536,"[[0.40673664307580043, -0.0, -0.9135454576426008, 0.3], [0.0, 1.0, -0.0, 0.22], [0.9135454576426008, 0.0, 0.40673664307580043, -0.19666666666666666], [0.0, 0.0, 0.0, 1.0]]","[[0.2982759367402812, -0.01644185860547967, -0.9543380589955035, 0.30410819514952714], [-0.009818212099346484, 0.9997458696610496, -0.020292826487304398, 0.2220215277347991], [0.9544291845249075, 0.015422755307305198, 0.2980387061202806, -0.18628472529553183], [0.0, 0.0, 0.0, 1.0]]","[[0.40673664307580043, -0.0, -0.9135454576426008, 0.3], [0.0, 1.0, -0.0, -0.22], [0.9135454576426008, 0.0, 0.40673664307580043, -0.19666666666666666], [0.0, 0.0, 0.0, 1.0]]","[[0.299677039249432, 0.016694576297128495, -0.9538946290177724, 0.3041014514997666], [0.009706271681299498, 0.9997417854337783, 0.020546307398895063, -0.22204609776132864], [0.9539913314264147, -0.015416016993388466, 0.2994376161795915, -0.1866878138391106], [0.0, 0.0, 0.0, 1.0]]"
1.475,9.412095445152305,-14.655063911496336,11.520785724025865,-124.58752721609997,-4.197801393604456,42.54839022702763,3.396701952788589,9.414320379274436,14.680193885000106,-11.53177208330583,-124.57345702640974,4.19094345679094,42.57172215323239,-3.3659240531714536,"[[0.4007488331031409, -0.0, -0.9161879571171359, 0.3], [0.0, 0.9999999999999999, -0.0, 0.22], [0.9161879571171359, 0.0, 0.4007488331031409, -0.1943749999999999], [0.0, 0.0, 0.0, 1.0]]","[[0.2914965498769253, -0.016705343377497923, -0.9564259997054082, 0.30405086942091475], [-0.010179910280119699, 0.9997367022006989, -0.020564428014420044, 0.22204867981115056], [0.9565177106758339, 0.015730790682970675, 0.29124974058005726, -0.1839036417205015], [0.0, 0.0, 0.0, 1.0]]","[[0.4007488331031409, -0.0, -0.9161879571171359, 0.3], [0.0, 0.9999999999999999, -0.0, -0.22], [0.9161879571171359, 0.0, 0.4007488331031409, -0.1943749999999999], [0.0, 0.0, 0.0, 1.0]]","[[0.2922090006677902, 0.016954842570371303, -0.9562041796824282, 0.3040393326570675], [0.010155487715665558, 0.9997314507561041, 0.020830084933870875, -0.22207464527807871], [0.9563005625837456, -0.01579745810278456, 0.2919583434661568, -0.18406252465899492], [0.0, 0.0, 0.0, 1.0]]"
1.4833333333333334,9.291595540267647,-14.63268479668079,11.572181189982919,-124.85349478238027,-4.197801393604456,42.54839022702763,3.396701952788589,9.28537921434929,14.659904808070582,-11.588408011903576,-124.85402753713552,4.19094345679094,42.57172215323239,-3.3659240531714536,"[[0.39474385638426723, -0.0, -0.9187912101488984, 0.3], [0.0, 1.0, -0.0, 0.22], [0.9187912101488984, 0.0, 0.39474385638426723, -0.19208333333333327], [0.0, 0.0, 0.0, 1.0]]","[[0.28475645278719064, -0.016929431291313052, -0.9584503935792449, 0.30399317114429975], [-0.010603329619184356, 0.999727244908627, -0.020808776715450943, 0.2220729734597711], [0.958541252110228, 0.016088198891090207, 0.2844992756746444, -0.18154611420315991], [0.0, 0.0, 0.0, 1.0]]","[[0.39474385638426723, -0.0, -0.9187912101488984, 0.3], [0.0, 1.0, -0.0, -0.22], [0.9187912101488984, 0.0, 0.39474385638426723, -0.19208333333333327], [0.0, 0.0, 0.0, 1.0]]","[[0.2858190695984116, 0.017174965535006453, -0.9581296780774352, 0.30398251693598766], [0.010545508295920316, 0.9997224618195053, 0.021066361535116547, -0.22209772812961115], [0.9582255745432174, -0.016125132322523834, 0.28555862515235303, -0.1818263430533139], [0.0, 0.0, 0.0, 1.0]]"
1.4916666666666667,9.158787634498626,-14.611109936640013,11.629620519581787,-125.13129223630303,-4.197801393604456,42.54839022702763,3.396701952788589,9.14555585052902,14.63744031589041,-11.648874822852052,-125.14491163350803,4.19094345679094,42.57172215323239,-3.3659240531714536,"[[0.3887219701523957, -0.0, -0.9213551052231923, 0.3], [0.0, 1.0, -0.0, 0.22], [0.9213551052231923, 0.0, 0.3887219701523957, -0.18979166666666658], [0.0, 0.0, 0.0, 1.0]]","[[0.27788150746805307, -0.01719667632745479, -0.9604614214691661, 0.30393640875417083], [-0.01097869383539645, 0.9997175973298651, -0.021075907351061168, 0.22209985857970227], [0.9605526201562052, 0.016401216792989542, 0.2776142359439775, -0.17915396161852393], [0.0, 0.0, 0.0, 1.0]]","[[0.3887219701523957, -0.0, -0.9213551052231923, 0.3], [0.0, 1.0, -0.0, -0.22], [0.9213551052231923, 0.0, 0.3887219701523957, -0.18979166666666658], [0.0, 0.0, 0.0, 1.0]]","[[0.2789170803619583, 0.017451345396816854, -0.9601566084895744, 0.30392628005172245], [0.010912008892725877, 0.9997127219518428, 0.021340141273254436, -0.2221253566216142], [0.9602531907493387, -0.016429367348695604, 0.2786465243713542, -0.179423738539883], [0.0, 0.0, 0.0, 1.0]]"
1.5,9.01658138843167,-14.587299897193347,11.69010867487142,-125.41709467193303,-4.197801393604456,42.54839022702763,3.396701952788589,9.007311967954315,14.617018050272073,-11.708837053575595,-125.42049610613971,4.19094345679094,42.57172215323239,-3.3659240531714536,"[[0.38268343236508984, -0.0, -0.9238795325112866, 0.3], [0.0, 1.0, -0.0, 0.22], [0.9238795325112866, 0.0, 0.38268343236508984, -0.18749999999999994], [0.0, 0.0, 0.0, 1.0]]","[[0.27079246944149443, -0.01745167665400805, -0.9624795465233229, 0.3038775402005942], [-0.011403047275010974, 0.999707352925914, -0.021334924858227196, 0.2221259202794302], [0.9625702099102285, 0.016752536757944643, 0.27051422052371393, -0.17669816714545036], [0.0, 0.0, 0.0, 1.0]]","[[0.38268343236508984, -0.0, -0.9238795325112866, 0.3], [0.0, 1.0, -0.0, -0.22], [0.9238795325112866, 0.0, 0.38268343236508984, -0.18749999999999994], [0.0, 0.0, 0.0, 1.0]]","[[0.27249918114631755, 0.017691748097954502, -0.9619933462991442, 0.30387279813867096], [0.011282006797813281, 0.9997034430461907, 0.021581063092578262, -0.2221494507699296], [0.9620898672147008, -0.01673403749339268, 0.27221877119693494, -0.17719897299980653], [0.0, 0.0, 0.0, 1.0]]"
1.5083333333333333,8.87588546794493,-14.563109074700455,11.749007957405379,-125.6892640499797,-4.197801393604456,42.54839022702763,3.396701952788589,8.876675208567713,14.5910462559531,-11.76181968474103,-125.67773469066073,4.19094345679094,42.57172215323239,-3.3659240531714536,"[[0.3766285016932108, -0.0, -0.9263643838751181, 0.3], [0.0, 1.0, -0.0, 0.22], [0.9263643838751181, 0.0, 0.3766285016932108, -0.1852083333333333], [0.0, 0.0, 0.0, 1.0]]","[[0.26394510784026, -0.017669098725789586, -0.9643758515212891, 0.30381861958756057], [-0.01186266173505603, 0.9996971112282844, -0.02156300207259186, 0.22214851741620745], [0.9644647517165948, 0.01713151341946368, 0.2636555592893986, -0.17433585840941004], [0.0, 0.0, 0.0, 1.0]]","[[0.3766285016932108, -0.0, -0.9263643838751181, 0.3], [0.0, 1.0, -0.0, -0.22], [0.9263643838751181, 0.0, 0.3766285016932108, -0.1852083333333333], [0.0, 0.0, 0.0, 1.0]]","[[0.2652735499763554, 0.017929936436090248, -0.9640064631849414, 0.30380968797272306], [0.01175415397866721, 0.9996926383147959, 0.021828164454395855, -0.2221737583109523], [0.9641015421350532, -0.017121515078991466, 0.2649812638172971, -0.1747041380761155], [0.0, 0.0, 0.0, 1.0]]"
1.5166666666666666,8.739316689264172,-14.537878355906427,11.80480633405615,-125.94618844579891,-4.197801393604456,42.54839022702763,3.396701952788589,8.733686905840788,14.565655027713577,-11.820649811609643,-125.94587425709709,4.19094345679094,42.57172215323239,-3.3659240531714536,"[[0.37055743750983633, -0.0, -0.9288095528719242, 0.3], [0.0, 1.0, -0.0, 0.22], [0.9288095528719242, 0.0, 0.37055743750983633, -0.18291666666666662], [0.0, 0.0, 0.0, 1.0]]","[[0.2570565309218024, -0.01789430874785255, -0.9662306834420468, 0.30375844893988957], [-0.012318512871194714, 0.9996866514132277, -0.021791127250558782, 0.22217097012198694], [0.9663178535818794, 0.017504076686428317, 0.256755551348486, -0.17197004085168716], [0.0, 0.0, 0.0, 1.0]]","[[0.37055743750983633, -0.0, -0.9288095528719242, 0.3], [0.0, 1.0, -0.0, -0.22], [0.9288095528719242, 0.0, 0.37055743750983633, -0.18291666666666662], [0.0, 0.0, 0.0, 1.0]]","[[0.2583712824782387, 0.0181738465054644, -0.965874728778917, 0.3037506677909598], [0.01218355136238914, 0.9996822082587006, 0.02206906357797088, -0.22219764502996714], [0.9659688615409664, -0.017469796627445737, 0.25806775222612666, -0.17233262320355947], [0.0, 0.0, 0.0, 1.0]]"
1.525,8.592516287206733,-14.510554184131792,11.864113720393018,-126.21166423845897,-4.197801393604456,42.54839022702763,3.396701952788589,8.578060191828401,14.537774195521585,-11.883912731249593,-126.22483284317875,4.19094345679094,42.57172215323239,-3.3659240531714536,"[[0.36447049987914976, -0.0, -0.9312149347588035, 0.3], [0.0, 1.0, -0.0, 0.22], [0.9312149347588035, 0.0, 0.36447049987914976, -0.18062499999999998], [0.0, 0.0, 0.0, 1.0]]","[[0.25039133284750403, -0.018116607766260107, -0.9679751902594892, 0.3036986506020646], [-0.012755375834226958, 0.9996763903634885, -0.022009428369540927, 0.22219215618033933], [0.9680606803409476, 0.01785785745462815, 0.25007921965839564, -0.1696908556218464], [0.0, 0.0, 0.0, 1.0]]","[[0.36447049987914976, -0.0, -0.9312149347588035, 0.3], [0.0, 1.0, -0.0, -0.22], [0.9312149347588035, 0.0, 0.36447049987914976, -0.18062499999999998], [0.0, 0.0, 0.0, 1.0]]","[[0.2510362736108956, 0.01843051767644685, -0.9678022036293022, 0.30368906123761175], [0.012649564629596015, 0.9996708810406594, 0.02231855985661351, -0.22222261876607072], [0.9678950241871466, -0.017845044622240284, 0.250720514789263, -0.1698240407725164], [0.0, 0.0, 0.0, 1.0]]"
1.5333333333333332,8.448407833455928,-14.484075248266945,11.921941517000931,-126.46240048289013,-4.197801393604456,42.54839022702763,3.396701952788589,8.442562045300042,14.50993946710649,-11.93682449920239,-126.46268735083527,4.19094345679094,42.57172215323239,-3.3659240531714536,"[[0.35836794954530016, -0.0, -0.9335804264972016, 0.3], [0.0, 0.9999999999999999, -0.0, 0.22], [0.9335804264972016, 0.0, 0.35836794954530016, -0.17833333333333323], [0.0, 0.0, 0.0, 1.0]]","[[0.24451378236591048, -0.018315278995823036, -0.9694728262248621, 0.30364450230659185], [-0.013138127894270183, 0.999667234523683, -0.022199320151885724, 0.22221026166420912], [0.9695568058801661, 0.018165097717251163, 0.24419178814278897, -0.16768893668666085], [0.0, 0.0, 0.0, 1.0]]","[[0.35836794954530016, -0.0, -0.9335804264972016, 0.3], [0.0, 0.9999999999999999, -0.0, -0.22], [0.9335804264972016, 0.0, 0.35836794954530016, -0.17833333333333323], [0.0, 0.0, 0.0, 1.0]]","[[0.24486700375671305, 0.018610049468978408, -0.9693780565548057, 0.30363473379999295], [0.013102910880495762, 0.9996609464398851, 0.022501241951743182, -0.2222403820109494], [0.969468134699469, -0.018211485982074005, 0.24454013490766097, -0.16772177419370338], [0.0, 0.0, 0.0, 1.0]]"
1.5416666666666667,8.285975689709268,-14.453050821509454,11.985999299905542,-126.7352528798538,-4.197801393604456,42.54839022702763,3.396701952788589,8.27937004300822,14.480707965006129,-12.001988772752542,-126.73575831385237,4.19094345679094,42.57172215323239,-3.3659240531714536,"[[0.35225004792123343, -0.0, -0.9359059267573256, 0.3], [0.0, 1.0, -0.0, 0.22], [0.9359059267573256, 0.0, 0.35225004792123343, -0.1760416666666666], [0.0, 0.0, 0.0, 1.0]]","[[0.23675602702233778, -0.0185719761102061, -0.9713916127762069, 0.3035776046441409], [-0.01366176246778585, 0.9996547945707017, -0.0224421019087369, 0.2222343924926647], [0.9714730772980135, 0.01858422436289092, 0.23642057163021546, -0.16505824948865824], [0.0, 0.0, 0.0, 1.0]]","[[0.35225004792123343, -0.0, -0.9359059267573256, 0.3], [0.0, 1.0, -0.0, -0.22], [0.9359059267573256, 0.0, 0.35225004792123343, -0.1760416666666666], [0.0, 0.0, 0.0, 1.0]]","[[0.23709833526203905, 0.018889283386674914, -0.9713019995805157, 0.30356866214737915], [0.013593645156634977, 0.9996485629829709, 0.02275880790896722, -0.22226610199259636], [0.9713905456752838, -0.018599610189992198, 0.23675823591473033, -0.16508794287354225], [0.0, 0.0, 0.0, 1.0]]"
1.55,8.13430792409455,-14.424317923218503,12.045371573039525,-126.98075719938073,-4.197801393604456,42.54839022702763,3.396701952788589,8.108732280747438,14.450347774145422,-12.06957776345805,-127.00799599379074,4.19094345679094,42.57172215323239,-3.3659240531714536,"[[0.346117057077493, -0.0, -0.938191335922484, 0.3], [0.0, 1.0, -0.0, 0.22], [0.938191335922484, 0.0, 0.346117057077493, -0.1737499999999999], [0.0, 0.0, 0.0, 1.0]]","[[0.22964399933441149, -0.01881995769862887, -0.9730927205369067, 0.30351831853607236], [-0.014126594550510877, 0.9996432540239607, -0.022667245328724148, 0.22225710547701813], [0.9731721702227731, 0.018951883194260943, 0.22929621284986113, -0.16265822533464028], [0.0, 0.0, 0.0, 1.0]]","[[0.346117057077493, -0.0, -0.938191335922484, 0.3], [0.0, 1.0, -0.0, -0.22], [0.938191335922484, 0.0, 0.346117057077493, -0.1737499999999999], [0.0, 0.0, 0.0, 1.0]]","[[0.23135532863239627, 0.01907321356208615, -0.9726823348029978, 0.30351708165460356], [0.013994417274183431, 0.999639110969912, 0.022930418758502488, -0.2222826288743447], [0.9727686611926558, -0.01891719703601195, 0.231004916522893, -0.16314800299465426], [0.0, 0.0, 0.0, 1.0]]"
1.5583333333333333,7.960950038996811,-14.391249562351886,12.112560997678585,-127.2499212941926,-4.197801393604456,42.54839022702763,3.396701952788589,7.954858364030805,14.4171667151575,-12.12733555062697,-127.2502628036511,4.19094345679094,42.57172215323239,-3.3659240531714536,"[[0.33996923973099424, -0.0, -0.9404365560933547, 0.3], [0.0, 0.9999999999999999, -0.0, 0.22], [0.9404365560933547, 0.0, 0.33996923973099424, -0.17145833333333327], [0.0, 0.0, 0.0, 1.0]]","[[0.2219482053041022, -0.019105913149946994, -0.9748712521379401, 0.3034552521431541], [-0.014606318073198428, 0.9996306750006446, -0.02291656758986196, 0.22228258277585602], [0.9749490497634392, 0.01932557063744399, 0.22158716723877425, -0.16007351897680927], [0.0, 0.0, 0.0, 1.0]]","[[0.33996923973099424, -0.0, -0.9404365560933547, 0.3], [0.0, 0.9999999999999999, -0.0, -0.22], [0.9404365560933547, 0.0, 0.33996923973099424, -0.17145833333333327], [0.0, 0.0, 0.0, 1.0]]","[[0.22332210943722902, 0.019339318502298527, -0.9745528339686735, 0.3034487772837817], [0.014549607354043714, 0.9996256376276409, 0.02317096293586739, -0.2223067255242497], [0.9746361086899815, -0.019353949400544506, 0.2229571265518367, -0.16044650190621518], [0.0, 0.0, 0.0, 1.0]]"
1.5666666666666667,7.800830768057848,-14.361679965887609,12.17452703514988,-127.49038493411207,-4.197801393604456,42.54839022702763,3.396701952788589,7.784250483847642,14.388631892352478,-12.194632550745458,-127.50412727472214,4.19094345679094,42.57172215323239,-3.3659240531714536,"[[0.3338068592337709, -0.0, -0.9426414910921784, 0.3], [0.0, 1.0, -0.0, 0.22], [0.9426414910921784, 0.0, 0.3338068592337709, -0.16916666666666663], [0.0, 0.0, 0.0, 1.0]]","[[0.21475111847500472, -0.019368177554353473, -0.9764767436103933, 0.30339425960584265], [-0.01506624928359577, 0.9996186870100091, -0.02314062905173574, 0.22230513823228157], [0.9765525921558241, 0.019681318009943456, 0.2143774252927123, -0.15766666628948364], [0.0, 0.0, 0.0, 1.0]]","[[0.3338068592337709, -0.0, -0.9426414910921784, 0.3], [0.0, 1.0, -0.0, -0.22], [0.9426414910921784, 0.0, 0.3338068592337709, -0.16916666666666663], [0.0, 0.0, 0.0, 1.0]]","[[0.2157020066204396, 0.01967932642639475, -0.9762609120779747, 0.3033872530953024], [0.01493547394627305, 0.999613439544523, 0.02345001279250005, -0.22233532368467], [0.9763450086715842, -0.019639134231722595, 0.2153247046873915, -0.157899059922179], [0.0, 0.0, 0.0, 1.0]]"
1.575,7.628767203807826,-14.330619680636977,12.240921596524283,-127.73997370676267,-4.197801393604456,42.54839022702763,3.396701952788589,7.610661226091768,14.357146427826013,-12.261427531959953,-127.75517770785513,4.19094345679094,42.57172215323239,-3.3659240531714536,"[[0.3276301795616937, -0.0, -0.9448060464668778, 0.3], [0.0, 0.9999999999999999, -0.0, 0.22], [0.9448060464668778, 0.0, 0.3276301795616937, -0.16687499999999994], [0.0, 0.0, 0.0, 1.0]]","[[0.20764428542625557, -0.019605821700931288, -0.9780079051241106, 0.30333021351968203], [-0.015558351707521205, 0.9996064657733573, -0.023342049529622284, 0.22232480787479708], [0.978080665600729, 0.020063034155619625, 0.20725753602343544, -0.15529888448763607], [0.0, 0.0, 0.0, 1.0]]","[[0.3276301795616937, -0.0, -0.9448060464668778, 0.3], [0.0, 0.9999999999999999, -0.0, -0.22], [0.9448060464668778, 0.0, 0.3276301795616937, -0.16687499999999994], [0.0, 0.0, 0.0, 1.0]]","[[0.2085740987524109, 0.019917225605110524, -0.9778037376967911, 0.3033235798513935], [0.015431617502522154, 0.9996011226492814, 0.02365292327710426, -0.222355172735787], [0.9778848145415061, -0.02002248042805532, 0.20818354826122248, -0.1555233061870704], [0.0, 0.0, 0.0, 1.0]]"
1.5833333333333333,7.443451365020686,-14.291582588209414,12.309338747666654,-128.00019025376182,-4.197801393604456,42.54839022702763,3.396701952788589,7.44558238404173,14.320610038408322,-12.321470017406243,-127.98852429065944,4.19094345679094,42.57172215323239,-3.3659240531714536,"[[0.3214394653031616, -0.0, -0.9469301294951057, 0.3], [0.0, 1.0, -0.0, 0.22], [0.9469301294951057, 0.0, 0.3214394653031616, -0.1645833333333333], [0.0, 0.0, 0.0, 1.0]]","[[0.2010994984899927, -0.019801355561074055, -0.9793706642660976, 0.30326702319872006], [-0.016051923013556985, 0.999594813077743, -0.023506285024205154, 0.22234000025890413], [0.979439292388579, 0.02044788463426605, 0.20070016576810162, -0.15312579702049411], [0.0, 0.0, 0.0, 1.0]]","[[0.3214394653031616, -0.0, -0.9469301294951057, 0.3], [0.0, 1.0, -0.0, -0.22], [0.9469301294951057, 0.0, 0.3214394653031616, -0.1645833333333333], [0.0, 0.0, 0.0, 1.0]]","[[0.20275440946829731, 0.020079085721375994, -0.9790237380971697, 0.3032702591958258], [0.015894188537889663, 0.9995905606012696, 0.023792560340612348, -0.22236848622303956], [0.9791006200651106, -0.020384834397985614, 0.20235225305067067, -0.1535896990807736], [0.0, 0.0, 0.0, 1.0]]"
1.5916666666666666,7.263055823756894,-14.254476731769673,12.375806733574633,-128.24476566756164,-4.197801393604456,42.54839022702763,3.396701952788589,7.254893747698729,14.282157780928443,-12.39201989511695,-128.24609072426063,4.19094345679094,42.57172215323239,-3.3659240531714536,"[[0.3152349816477698, -0.0, -0.9490136491882138, 0.3], [0.0, 1.0, -0.0, 0.22], [0.9490136491882138, 0.0, 0.3152349816477698, -0.1622916666666666], [0.0, 0.0, 0.0, 1.0]]","[[0.1934668454635486, -0.02008563705346476, -0.9809011911964121, 0.30320210436092965], [-0.01654342652268179, 0.9995814880850598, -0.023731070699534812, 0.2223628602562167], [0.9809673260334781, 0.02081864217028033, 0.19305359202282096, -0.15060439122234115], [0.0, 0.0, 0.0, 1.0]]","[[0.3152349816477698, -0.0, -0.9490136491882138, 0.3], [0.0, 1.0, -0.0, -0.22], [0.9490136491882138, 0.0, 0.3152349816477698, -0.1622916666666666], [0.0, 0.0, 0.0, 1.0]]","[[0.19505933225336486, 0.020331071545123234, -0.9805806975617555, 0.30320047746195766], [0.016447483596626598, 0.9995767297488118, 0.02399670035671657, -0.2223884063976812], [0.9806535255553872, -0.020808865286180853, 0.1946423744750651, -0.15104409908643399], [0.0, 0.0, 0.0, 1.0]]"
1.6,7.088906063602256,-14.218777040525309,12.4395443513619,-128.47374092929715,-4.197801393604456,42.54839022702763,3.396701952788589,7.068722854604868,14.247294787857404,-12.461549513320387,-128.48883564736286,4.19094345679094,42.57172215323239,-3.3659240531714536,"[[0.30901699437494745, -0.0, -0.9510565162951536, 0.3], [0.0, 1.0, -0.0, 0.22], [0.9510565162951536, 0.0, 0.30901699437494745, -0.15999999999999992], [0.0, 0.0, 0.0, 1.0]]","[[0.18745964017680833, -0.020246979879875664, -0.9820636145945565, 0.30314241983383383], [-0.017034524906323047, 0.9995701818388221, -0.0238595167578937, 0.22237433733555184], [0.9821245889733123, 0.02120168352863189, 0.1870341689359309, -0.14862467211161687], [0.0, 0.0, 0.0, 1.0]]","[[0.30901699437494745, -0.0, -0.9510565162951536, 0.3], [0.0, 1.0, -0.0, -0.22], [0.9510565162951536, 0.0, 0.30901699437494745, -0.15999999999999992], [0.0, 0.0, 0.0, 1.0]]","[[0.18779761178173832, 0.020576638863281215, -0.9819921888396903, 0.3031356138142928], [0.016961885810684762, 0.9995635067152446, 0.02418864346896896, -0.22240738518058467], [0.9820612768248329, -0.021199008849795527, 0.18736662078653582, -0.14865227540504636], [0.0, 0.0, 0.0, 1.0]]"
1.6083333333333334,6.897919460256713,-14.182483976596801,12.510248762102579,-128.71405430505487,-4.197801393604456,42.54839022702763,3.396701952788589,6.8936796203294275,14.206467332093654,-12.522849607347606,-128.7132483427328,4.19094345679094,42.57172215323239,-3.3659240531714536,"[[0.3027857698425746, -0.0, -0.9530586433062971, 0.3], [0.0, 1.0, -0.0, 0.22], [0.9530586433062971, 0.0, 0.3027857698425746, -0.15770833333333328], [0.0, 0.0, 0.0, 1.0]]","[[0.17965270642033881, -0.02053975291946615, -0.9835156448302462, 0.3030744604300728], [-0.017542257755371243, 0.999556135084825, -0.024079078203521582, 0.22239661606177671], [0.9835736750588091, 0.021578956515421976, 0.17921265124709762, -0.14606517731554586], [0.0, 0.0, 0.0, 1.0]]","[[0.3027857698425746, -0.0, -0.9530586433062971, 0.3], [0.0, 1.0, -0.0, -0.22], [0.9530586433062971, 0.0, 0.3027857698425746, -0.15770833333333328], [0.0, 0.0, 0.0, 1.0]]","[[0.18005686753702632, 0.020818473317484293, -0.9834358726533636, 0.3030659235962255], [0.01755068902327464, 0.9995488652908731, 0.024372919614531478, -0.22242563647146507], [0.9834996175736734, -0.021648488733796194, 0.17961025908332917, -0.14611246865161234], [0.0, 0.0, 0.0, 1.0]]"
1.6166666666666667,6.692996709683405,-14.142311365219724,12.585006890115661,-128.96372503997551,-4.197801393604456,42.54839022702763,3.396701952788589,6.6865545606356145,14.167739305726036,-12.599176117548852,-128.9645719834326,4.19094345679094,42.57172215323239,-3.3659240531714536,"[[0.2965415749755708, -0.0, -0.9550199444571866, 0.3], [0.0, 1.0, -0.0, 0.22], [0.9550199444571866, 0.0, 0.2965415749755708, -0.1554166666666666], [0.0, 0.0, 0.0, 1.0]]","[[0.17160077197429807, -0.020807187573110397, -0.9849468188705024, 0.3030027782976041], [-0.018131547977180903, 0.9995408941216073, -0.024274429890919325, 0.22241636600639478], [0.9849997066120253, 0.022024121409839954, 0.17114472253139584, -0.14343533629054223], [0.0, 0.0, 0.0, 1.0]]","[[0.2965415749755708, -0.0, -0.9550199444571866, 0.3], [0.0, 1.0, -0.0, -0.22], [0.9550199444571866, 0.0, 0.2965415749755708, -0.1554166666666666], [0.0, 0.0, 0.0, 1.0]]","[[0.17315886143859166, 0.021065703467989434, -0.9846685964539997, 0.30300154356918063], [0.01802170347272831, 0.9995360770786745, 0.024552979902967568, -0.22244307910607447], [0.9847290119160866, -0.021996971509124042, 0.172698889212395, -0.14385895958180947], [0.0, 0.0, 0.0, 1.0]]"
1.625,6.495583325215704,-14.10084699431587,12.655275022523105,-129.1971672454282,-4.197801393604456,42.54839022702763,3.396701952788589,6.493202577403132,14.124090981835069,-12.666575570504891,-129.19489962262378,4.19094345679094,42.57172215323239,-3.3659240531714536,"[[0.29028467725446244, -0.0, -0.9569403357322089, 0.3], [0.0, 1.0, -0.0, 0.22], [0.9569403357322089, 0.0, 0.29028467725446244, -0.15312499999999996], [0.0, 0.0, 0.0, 1.0]]","[[0.1641700905567307, -0.021083436199453947, -0.9862067075844794, 0.3029351560180768], [-0.018626487376978206, 0.9995270520163299, -0.024468883414261074, 0.22243580147254272], [0.9862561712529816, 0.022386625595854866, 0.16369973628519052, -0.14101916560205474], [0.0, 0.0, 0.0, 1.0]]","[[0.29028467725446244, -0.0, -0.9569403357322089, 0.3], [0.0, 1.0, -0.0, -0.22], [0.9569403357322089, 0.0, 0.29028467725446244, -0.15312499999999996], [0.0, 0.0, 0.0, 1.0]]","[[0.1657792439635593, 0.021336783441829342, -0.9859320381969678, 0.30293406744928414], [0.018520170958872553, 0.9995222309674756, 0.024744960486019783, -0.22246213041757476], [0.9859889682641103, -0.02236183074251802, 0.16530487889750306, -0.14145756249014435], [0.0, 0.0, 0.0, 1.0]]"
1.6333333333333333,6.290707105306117,-14.06013052912613,12.728737122141178,-129.42943465834367,-4.197801393604456,42.54839022702763,3.396701952788589,6.276509276455776,14.08131777593151,-12.744362033641227,-129.43918816847844,4.19094345679094,42.57172215323239,-3.3659240531714536,"[[0.28401534470392276, -0.0, -0.9588197348681929, 0.3], [0.0, 0.9999999999999999, -0.0, 0.22], [0.9588197348681929, 0.0, 0.28401534470392276, -0.15083333333333326], [0.0, 0.0, 0.0, 1.0]]","[[0.1563910762120418, -0.02137221373451397, -0.9874639536516389, 0.3028672807458664], [-0.019153503431210653, 0.999512235920581, -0.024666445859741745, 0.2224563141301222], [0.9875094807583117, 0.022771006238794578, 0.15590544149362734, -0.1384998777888508], [0.0, 0.0, 0.0, 1.0]]","[[0.28401534470392276, -0.0, -0.9588197348681929, 0.3], [0.0, 0.9999999999999999, -0.0, -0.22], [0.9588197348681929, 0.0, 0.28401534470392276, -0.15083333333333326], [0.0, 0.0, 0.0, 1.0]]","[[0.15708961256057558, 0.02163782936607492, -0.9873472833638085, 0.3028603061334125], [0.019152326043296062, 0.9995051841583191, 0.02495145782866619, -0.22248402435761444], [0.987398623673691, -0.022829611932073, 0.1565974673688289, -0.13864146636621227], [0.0, 0.0, 0.0, 1.0]]"
1.6416666666666666,6.105691794842458,-14.01974703565843,12.792544749367437,-129.48846115315092,-4.197801393604456,42.54839022702763,3.396701952788589,6.09484716198777,14.050001358587002,-12.8105696185871,-129.48846115315092,4.19094345679094,42.57172215323239,-3.3659240531714536,"[[0.2777338458812922, -0.0, -0.9606580613579353, 0.3], [0.0, 1.0, -0.0, 0.22], [0.9606580613579353, 0.0, 0.2777338458812922, -0.14854166666666663], [0.0, 0.0, 0.0, 1.0]]","[[0.15285292238119308, -0.021602301869459377, -0.9880128160471755, 0.30316476426672545], [-0.019414768440577747, 0.9995024712809509, -0.024857125128835953, 0.2225258811542556], [0.9880582224170436, 0.022981524257816615, 0.15235746997393884, -0.1373881130339983], [0.0, 0.0, 0.0, 1.0]]","[[0.2777338458812922, -0.0, -0.9606580613579353, 0.3], [0.0, 1.0, -0.0, -0.22], [0.9606580613579353, 0.0, 0.2777338458812922, -0.14854166666666663], [0.0, 0.0, 0.0, 1.0]]","[[0.15357817688619047, 0.021930535623380352, -0.9878931091932902, 0.30310813588501856], [0.019270380334857676, 0.9994970849662386, 0.025183915218685918, -0.2225506103115307], [0.987948579646767, -0.022904775730481948, 0.15307833034976703, -0.1375360411963242], [0.0, 0.0, 0.0, 1.0]]"
1.65,5.914092182018907,-13.987152519165484,12.861060938252773,-129.48846115315092,-4.197801393604456,42.54839022702763,3.396701952788589,5.892112206382982,14.015473898558941,-12.882990114356746,-129.48846115315092,4.19094345679094,42.57172215323239,-3.3659240531714536,"[[0.2714404498650742, -0.0, -0.9624552364536473, 0.3], [0.0, 1.0, -0.0, 0.22], [0.9624552364536473, 0.0, 0.2714404498650742, -0.14625], [0.0, 0.0, 0.0, 1.0]]","[[0.14935166314875908, -0.02200092942906724, -0.9885393466215479, 0.3036432582886666], [-0.01943995672812306, 0.9994938548440508, -0.02518178332422566, 0.2226322564564365], [0.9885930248576046, 0.022978103342894726, 0.14884837241184384, -0.13630970629304331], [0.0, 0.0, 0.0, 1.0]]","[[0.2714404498650742, -0.0, -0.9624552364536473, 0.3], [0.0, 1.0, -0.0, -0.22], [0.9624552364536473, 0.0, 0.2714404498650742, -0.14625], [0.0, 0.0, 0.0, 1.0]]","[[0.15066041473472136, 0.022201261791035973, -0.9883362501734153, 0.3035088661302884], [0.019401175754607834, 0.9994888510471047, 0.025409270195687565, -0.2226345984230208], [0.9883951809935644, -0.02300305648005337, 0.15015267423950496, -0.1366355653190468], [0.0, 0.0, 0.0, 1.0]]"
1.6583333333333332,5.7042580985455364,-13.95893700770416,12.938568217406786,-129.48846115315092,-4.197801393604456,42.54839022702763,3.396701952788589,5.688421024294392,13.983015985849395,-12.95578456298345,-129.48846115315092,4.19094345679094,42.57172215323239,-3.3659240531714536,"[[0.2651354262434081, -0.0, -0.9642111831703293, 0.3], [0.0, 1.0, -0.0, 0.22], [0.9642111831703293, 0.0, 0.2651354262434081, -0.14395833333333324], [0.0, 0.0, 0.0, 1.0]]","[[0.14603840055864215, -0.022377235499187128, -0.9890258059796455, 0.30409228383540654], [-0.01943405082863806, 0.999486322016218, -0.02548351959370578, 0.22272849351841179], [0.9890880159170181, 0.022942350226312764, 0.14552850351539282, -0.13528888350551804], [0.0, 0.0, 0.0, 1.0]]","[[0.2651354262434081, -0.0, -0.9642111831703293, 0.3], [0.0, 1.0, -0.0, -0.22], [0.9642111831703293, 0.0, 0.2651354262434081, -0.14395833333333324], [0.0, 0.0, 0.0, 1.0]]","[[0.14665041956676877, 0.022623731189315908, -0.9889296341135522, 0.30405394120328644], [0.01946075337699996, 0.9994789482571922, 0.02575094306421531, -0.22274951764694859], [0.9889969330179392, -0.023021702321297795, 0.14613373225692722, -0.13539902028852982], [0.0, 0.0, 0.0, 1.0]]"
1.6666666666666667,5.503182025135415,-13.93108349626885,13.011857854748316,-129.48846115315092,-4.197801393604456,42.54839022702763,3.396701952788589,5.497302939807327,13.955025870630681,-13.024592742455804,-129.48846115315092,4.19094345679094,42.57172215323239,-3.3659240531714536,"[[0.25881904510252074, -0.0, -0.9659258262890683, 0.3], [0.0, 1.0, -0.0, 0.22], [0.9659258262890683, 0.0, 0.25881904510252074, -0.1416666666666666], [0.0, 0.0, 0.0, 1.0]]","[[0.1424578111925765, -0.0227987955918425, -0.9895382695731285, 0.3045730957476836], [-0.019383977237428417, 0.9994786995638542, -0.025818414835263315, 0.22283140595857023], [0.9896110516039516, 0.022859222158863386, 0.14194161653867632, -0.1341854683149083], [0.0, 0.0, 0.0, 1.0]]","[[0.25881904510252074, -0.0, -0.9659258262890683, 0.3], [0.0, 1.0, -0.0, -0.22], [0.9659258262890683, 0.0, 0.25881904510252074, -0.1416666666666666], [0.0, 0.0, 0.0, 1.0]]","[[0.14337327474106637, 0.0230312845075266, -0.9894006589971305, 0.3044941394231009], [0.019374005271875775, 0.999472278737648, 0.02607320376744062, -0.22284511105623034], [0.9894790306063832, -0.02290685419053684, 0.14285140538806557, -0.13438993349857606], [0.0, 0.0, 0.0, 1.0]]"
1.675,5.308738919183023,-13.905581277455314,13.082847425886843,-129.48846115315092,-4.197801393604456,42.54839022702763,3.396701952788589,5.290626965051442,13.928677562133712,-13.100260139402144,-129.48846115315092,4.19094345679094,42.57172215323239,-3.3659240531714536,"[[0.25249157701515795, -0.0, -0.9675990923602598, 0.3], [0.0, 1.0, -0.0, 0.22], [0.9675990923602598, 0.0, 0.25249157701515795, -0.13937499999999992], [0.0, 0.0, 0.0, 1.0]]","[[0.13933261295199167, -0.02316592441666401, -0.9899746274091535, 0.30498925842769553], [-0.019326122649572574, 0.9994722921164987, -0.02610820320754957, 0.22291915455114705], [0.9900570306559641, 0.02277009524166366, 0.13881137853714093, -0.13322180147824897], [0.0, 0.0, 0.0, 1.0]]","[[0.25249157701515795, -0.0, -0.9675990923602598, 0.3], [0.0, 1.0, -0.0, -0.22], [0.9675990923602598, 0.0, 0.25249157701515795, -0.13937499999999992], [0.0, 0.0, 0.0, 1.0]]","[[0.13972208566439553, 0.02344081731974994, -0.9899132622916884, 0.3049812366455822], [0.019341406495839323, 0.9994644122597021, 0.026396943405080666, -0.22294602461229904], [0.990001842812605, -0.022834550789328844, 0.1391938738518888, -0.13326349599119752], [0.0, 0.0, 0.0, 1.0]]"
1.6833333333333333,5.081641105695623,-13.876799714066525,13.16613646017327,-129.48846115315092,-4.197801393604456,42.54839022702763,3.396701952788589,5.064001288390418,13.899395687388221,-13.18310094252429,-129.48846115315092,4.19094345679094,42.57172215323239,-3.3659240531714536,"[[0.24615329302899303, -0.0, -0.9692309097067543, 0.3], [0.0, 0.9999999999999999, -0.0, 0.22], [0.9692309097067543, 0.0, 0.24615329302899303, -0.13708333333333328], [0.0, 0.0, 0.0, 1.0]]","[[0.13548349619961536, -0.02363212486980419, -0.9904977258589072, 0.30549703851446], [-0.019225761274060553, 0.9994645570443002, -0.02647582511790529, 0.223028053434922], [0.9905930508341767, 0.022630110171606627, 0.1349566069248161, -0.13203428406630566], [0.0, 0.0, 0.0, 1.0]]","[[0.24615329302899303, -0.0, -0.9692309097067543, 0.3], [0.0, 0.9999999999999999, -0.0, -0.22], [0.9692309097067543, 0.0, 0.24615329302899303, -0.13708333333333328], [0.0, 0.0, 0.0, 1.0]]","[[0.1366272242947692, 0.023812332741163306, -0.9903362935846244, 0.3053901230541273], [0.01925654655936845, 0.9994583130385588, 0.02668831041346354, -0.22303187603850214], [0.9904353522548123, -0.02271680671975341, 0.13609467181467344, -0.13230887880487102], [0.0, 0.0, 0.0, 1.0]]"
1.6916666666666667,4.871969666101864,-13.848259768619627,13.24076737591306,-129.48846115315092,-4.197801393604456,42.54839022702763,3.396701952788589,4.863607380123653,13.872603416595199,-13.254285174054163,-129.48846115315092,4.19094345679094,42.57172215323239,-3.3659240531714536,"[[0.23980446465501654, -0.0, -0.9708212084269281, 0.3], [0.0, 1.0, -0.0, 0.22], [0.9708212084269281, 0.0, 0.23980446465501654, -0.1347916666666666], [0.0, 0.0, 0.0, 1.0]]","[[0.13174053988463563, -0.02404434669766089, -0.9909925829908051, 0.3059869058503109], [-0.01915700852354344, 0.9994573332114841, -0.02679641980223486, 0.2231247019436842], [0.9910991066363313, 0.02251462817084494, 0.1312084309143089, -0.13087798026448205], [0.0, 0.0, 0.0, 1.0]]","[[0.23980446465501654, -0.0, -0.9708212084269281, 0.3], [0.0, 1.0, -0.0, -0.22], [0.9708212084269281, 0.0, 0.23980446465501654, -0.1347916666666666], [0.0, 0.0, 0.0, 1.0]]","[[0.13245579626651355, 0.024285686052649455, -0.990891349991691, 0.3059367349067504], [0.019165311646409555, 0.999450144286782, 0.02705734492936069, -0.2231420648139759], [0.9910036089060926, -0.02257464369779843, 0.1319175219484417, -0.13102058189461308], [0.0, 0.0, 0.0, 1.0]]"
1.7,4.650429065277915,-13.818925813681716,13.319793518383754,-129.48846115315092,-4.197801393604456,42.54839022702763,3.396701952788589,4.643826406784629,13.84351278714647,-13.332787953279704,-129.48846115315092,4.19094345679094,42.57172215323239,-3.3659240531714536,"[[0.23344536385590547, -0.0, -0.9723699203976766, 0.3], [0.0, 1.0, -0.0, 0.22], [0.9723699203976766, 0.0, 0.23344536385590547, -0.13249999999999995], [0.0, 0.0, 0.0, 1.0]]","[[0.1282675757226196, -0.024475975914755765, -0.9914375197768451, 0.306436241546811], [-0.019005988749392102, 0.9994511433926105, -0.02713271757236235, 0.22321901345015385], [0.9915574624851048, 0.02232349825237737, 0.1277319850933042, -0.12980559132674524], [0.0, 0.0, 0.0, 1.0]]","[[0.23344536385590547, -0.0, -0.9723699203976766, 0.3], [0.0, 1.0, -0.0, -0.22], [0.9723699203976766, 0.0, 0.23344536385590547, -0.13249999999999995], [0.0, 0.0, 0.0, 1.0]]","[[0.1287664195257769, 0.02468009398401368, -0.9913677935879561, 0.30641584322298226], [0.01911265409558058, 0.9994428141755174, 0.027363619028657374, -0.22323557719450612], [0.99149075419589, -0.022471184967933155, 0.1282229706027848, -0.12987945423548364], [0.0, 0.0, 0.0, 1.0]]"
1.7083333333333333,4.429151853623836,-13.78718250951408,13.396961849400205,-129.48846115315092,-4.197801393604456,42.54839022702763,3.396701952788589,4.423884497113287,13.811202577277724,-13.408996642717767,-129.48846115315092,4.19094345679094,42.57172215323239,-3.3659240531714536,"[[0.22707626303437323, -0.0, -0.9738769792773336, 0.3], [0.0, 1.0, -0.0, 0.22], [0.9738769792773336, 0.0, 0.22707626303437323, -0.13020833333333331], [0.0, 0.0, 0.0, 1.0]]","[[0.12422904018245007, -0.024836440638982417, -0.991942688259626, 0.30695663834719156], [-0.019050100850615287, 0.9994427367653496, -0.027410027080787547, 0.22331189164572704], [0.9920706825790834, 0.022301729604997517, 0.12368667520673748, -0.1285533441749442], [0.0, 0.0, 0.0, 1.0]]","[[0.22707626303437323, -0.0, -0.9738769792773336, 0.3], [0.0, 1.0, -0.0, -0.22], [0.9738769792773336, 0.0, 0.22707626303437323, -0.13020833333333331], [0.0, 0.0, 0.0, 1.0]]","[[0.12517859250068658, 0.025081226737648864, -0.9918171464765476, 0.3068770527750833], [0.01901199593876008, 0.999436203748512, 0.027673428540512957, -0.22332592517979064], [0.9919520472230355, -0.022320544395174478, 0.1246311730985929, -0.12876959735985308], [0.0, 0.0, 0.0, 1.0]]"
1.7166666666666666,4.2064193847897196,-13.752404893807668,13.47307918505812,-129.48846115315092,-4.197801393604456,42.54839022702763,3.396701952788589,4.181056331080524,13.777615975807832,-13.494203252613676,-129.48846115315092,4.19094345679094,42.57172215323239,-3.3659240531714536,"[[0.2206974350215014, -0.0, -0.9753423205085126, 0.3], [0.0, 1.0, -0.0, 0.22], [0.9753423205085126, 0.0, 0.2206974350215014, -0.12791666666666662], [0.0, 0.0, 0.0, 1.0]]","[[0.12033711731238306, -0.02523846541785692, -0.9924122117649993, 0.3074518875492712], [-0.01899067943317539, 0.9994353231392602, -0.027719829656571115, 0.2234059115857257], [0.9925514255148761, 0.02218230657245974, 0.11978987012061271, -0.12734710329825896], [0.0, 0.0, 0.0, 1.0]]","[[0.2206974350215014, -0.0, -0.9753423205085126, 0.3], [0.0, 1.0, -0.0, -0.22], [0.9753423205085126, 0.0, 0.2206974350215014, -0.12791666666666662], [0.0, 0.0, 0.0, 1.0]]","[[0.12091671943334914, 0.025489367508908404, -0.9923353460929792, 0.3074207808638778], [0.019005529926210383, 0.9994275844538525, 0.027987376886051477, -0.22342603129196975], [0.9924806984489426, -0.022244000915612537, 0.12036306588636558, -0.1274477064991272], [0.0, 0.0, 0.0, 1.0]]"
1.7249999999999999,3.9737425874108885,-13.718755113087955,13.553229747420927,-129.48846115315092,-4.197801393604456,42.54839022702763,3.396701952788589,3.968132867668192,13.74368359601121,-13.565617149254392,-129.48846115315092,4.19094345679094,42.57172215323239,-3.3659240531714536,"[[0.21430915306505066, -0.0, -0.9767658813208725, 0.3], [0.0, 1.0, -0.0, 0.22], [0.9767658813208725, 0.0, 0.21430915306505066, -0.12562499999999993], [0.0, 0.0, 0.0, 1.0]]","[[0.1166281178903798, -0.025577301597344695, -0.9928462538380987, 0.30792012093188703], [-0.018995369529347803, 0.9994280341243953, -0.027978215502247116, 0.2234891872965407], [0.9929939869172377, 0.022122528093441857, 0.11607556029140537, -0.12619525317257857], [0.0, 0.0, 0.0, 1.0]]","[[0.21430915306505066, -0.0, -0.9767658813208725, 0.3], [0.0, 1.0, -0.0, -0.22], [0.9767658813208725, 0.0, 0.21430915306505066, -0.12562499999999993], [0.0, 0.0, 0.0, 1.0]]","[[0.11723856895880058, 0.025833591090424057, -0.9927677188143588, 0.3078853715284954], [0.018992190231872933, 0.9994204620152224, 0.028249545403003094, -0.2235089150344202], [0.9929221594156762, -0.02216676964856958, 0.11667998827844617, -0.12630582769334828], [0.0, 0.0, 0.0, 1.0]]"
1.7333333333333334,3.7380361742483332,-13.6843514502386,13.6337636541509,-129.48846115315092,-4.197801393604456,42.54839022702763,3.396701952788589,3.718858283719407,13.707761069845173,-13.650848518586042,-129.48846115315092,4.19094345679094,42.57172215323239,-3.3659240531714536,"[[0.2079116908177593, -0.0, -0.9781476007338057, 0.3], [0.0, 1.0, -0.0, 0.22], [0.9781476007338057, 0.0, 0.2079116908177593, -0.12333333333333324], [0.0, 0.0, 0.0, 1.0]]","[[0.11240213667583465, -0.02598802418242064, -0.9933228992980084, 0.30844755858421036], [-0.018938914646488808, 0.9994203107760772, -0.028290633083458992, 0.22358430927156958], [0.9934822983741182, 0.021992385212700617, 0.111844793396636, -0.1248826202658888], [0.0, 0.0, 0.0, 1.0]]","[[0.2079116908177593, -0.0, -0.9781476007338057, 0.3], [0.0, 1.0, -0.0, -0.22], [0.9781476007338057, 0.0, 0.2079116908177593, -0.12333333333333324], [0.0, 0.0, 0.0, 1.0]]","[[0.11319606207963412, 0.026222774907114034, -0.9932265691199741, 0.30839059566434857], [0.018943346401553443, 0.9994129928124686, 0.028545042034219016, -0.22359930775849574], [0.9933920681970309, -0.022046221304237355, 0.11263286806891765, -0.12505017479549646], [0.0, 0.0, 0.0, 1.0]]"
1.7416666666666667,3.498052141674646,-13.64935697602604,13.715257202459261,-129.48846115315092,-4.197801393604456,42.54839022702763,3.396701952788589,3.493151480945162,13.672895515453197,-13.726551774025523,-129.48846115315092,4.19094345679094,42.57172215323239,-3.3659240531714536,"[[0.20150532232561713, -0.0, -0.9794874195590514, 0.3], [0.0, 1.0, -0.0, 0.22], [0.9794874195590514, 0.0, 0.20150532232561713, -0.1210416666666666], [0.0, 0.0, 0.0, 1.0]]","[[0.10848051385980695, -0.026365980977979653, -0.9937488682558494, 0.30893180244823737], [-0.01887488760295304, 0.9994133831142603, -0.028576708524343183, 0.22367030469364504], [0.9939193713429116, 0.021856914219033612, 0.10791922243110208, -0.12366342689285723], [0.0, 0.0, 0.0, 1.0]]","[[0.20150532232561713, -0.0, -0.9794874195590514, 0.3], [0.0, 1.0, -0.0, -0.22], [0.9794874195590514, 0.0, 0.20150532232561713, -0.1210416666666666], [0.0, 0.0, 0.0, 1.0]]","[[0.10914201743167179, 0.026592771465066584, -0.9936703902888278, 0.30889227468200353], [0.01891826988799241, 0.9994054559740966, 0.02882418487404755, -0.22368658247899065], [0.9938461244555867, -0.021944454311167826, 0.10857403846958685, -0.12378910021611222], [0.0, 0.0, 0.0, 1.0]]"
1.75,3.2444196835919814,-13.611203539322348,13.80141833129168,-129.48846115315092,-4.197801393604456,42.54839022702763,3.396701952788589,3.2397420712275804,13.634403130611943,-13.81241749717634,-129.48846115315092,4.19094345679094,42.57172215323239,-3.3659240531714536,"[[0.19509032201612836, -0.0, -0.9807852804032304, 0.3], [0.0, 1.0, -0.0, 0.22], [0.9807852804032304, 0.0, 0.19509032201612836, -0.11874999999999991], [0.0, 0.0, 0.0, 1.0]]","[[0.10364438919681268, -0.026841828299049526, -0.9942521595860803, 0.3095217783775225], [-0.018820481645962665, 0.9994038735437074, -0.028942823228697664, 0.22378282586575982], [0.9944363378611192, 0.021712065756118254, 0.10307742789751978, -0.1221574031069508], [0.0, 0.0, 0.0, 1.0]]","[[0.19509032201612836, -0.0, -0.9807852804032304, 0.3], [0.0, 1.0, -0.0, -0.22], [0.9807852804032304, 0.0, 0.19509032201612836, -0.11874999999999991], [0.0, 0.0, 0.0, 1.0]]","[[0.10525788014858545, 0.026939856219432172, -0.9940799881365194, 0.3093680066274809], [0.018893222198980722, 0.9993983883319011, 0.02908448993086858, -0.22376781770225085], [0.9942654699935858, -0.021842745854749483, 0.10468557509016635, -0.12257960698118472], [0.0, 0.0, 0.0, 1.0]]"
1.7583333333333333,3.00238381950294,-13.576069046231803,13.88168671441767,-129.48846115315092,-4.197801393604456,42.54839022702763,3.396701952788589,2.9935259179230798,13.600775548007032,-13.895048271981507,-129.48846115315092,4.19094345679094,42.57172215323239,-3.3659240531714536,"[[0.18866696468655514, -0.0, -0.9820411276703038, 0.3], [0.0, 1.0, -0.0, 0.22], [0.9820411276703038, 0.0, 0.18866696468655514, -0.11645833333333327], [0.0, 0.0, 0.0, 1.0]]","[[0.09982962111936589, -0.02715004243142466, -0.994634064338808, 0.3099831695107186], [-0.018781640773411525, 0.9993981404603101, -0.029165164397499097, 0.22385063929787694], [0.9948272697895965, 0.021592407009096128, 0.09925961536562167, -0.12096845455657686], [0.0, 0.0, 0.0, 1.0]]","[[0.18866696468655514, -0.0, -0.9820411276703038, 0.3], [0.0, 1.0, -0.0, -0.22], [0.9820411276703038, 0.0, 0.18866696468655514, -0.11645833333333327], [0.0, 0.0, 0.0, 1.0]]","[[0.10027622440518796, 0.027438480937531092, -0.9945812227178237, 0.3099697443017859], [0.018756290890192765, 0.9993899040540797, 0.029462199965720026, -0.2238766860147767], [0.9947828307580922, -0.02160901290245216, 0.09970040215715686, -0.12102848431679242], [0.0, 0.0, 0.0, 1.0]]"
1.7666666666666666,2.747653621954607,-13.538882081295668,13.966714885621512,-129.48846115315092,-4.197801393604456,42.54839022702763,3.396701952788589,2.740728237023037,13.56319413964633,-13.97883761762464,-129.48846115315092,4.19094345679094,42.57172215323239,-3.3659240531714536,"[[0.18223552549214767, -0.0, -0.9832549075639545, 0.3], [0.0, 1.0, -0.0, 0.22], [0.9832549075639545, 0.0, 0.18223552549214767, -0.11416666666666664], [0.0, 0.0, 0.0, 1.0]]","[[0.09589713315415177, -0.02751353650535324, -0.9950109271569754, 0.31045281060840857], [-0.018702337988247438, 0.9993916529370719, -0.029437163475453422, 0.22393074907354013], [0.995215535653754, 0.02143197024717529, 0.09532422695587911, -0.11974204423932917], [0.0, 0.0, 0.0, 1.0]]","[[0.18223552549214767, -0.0, -0.9832549075639545, 0.3], [0.0, 1.0, -0.0, -0.22], [0.9832549075639545, 0.0, 0.18223552549214767, -0.11416666666666664], [0.0, 0.0, 0.0, 1.0]]","[[0.09604993610518969, 0.027793393016578846, -0.9949884105248741, 0.3104753149922232], [0.018716624018264693, 0.9993829272556085, 0.02972293214624735, -0.2239567472794665], [0.9952005314304992, -0.021477709715830812, 0.09547046782023544, -0.11970958781426083], [0.0, 0.0, 0.0, 1.0]]"
1.775,2.510072535308295,-13.500393965322647,14.043554513784157,-129.48846115315092,-4.197801393604456,42.54839022702763,3.396701952788589,2.4813460403196905,13.521620485715754,-14.063551600126662,-129.48846115315092,4.19094345679094,42.57172215323239,-3.3659240531714536,"[[0.1757962799343547, -0.0, -0.9844265680898915, 0.3], [0.0, 1.0, -0.0, 0.22], [0.9844265680898915, 0.0, 0.1757962799343547, -0.11187499999999995], [0.0, 0.0, 0.0, 1.0]]","[[0.09114086098297047, -0.027882880509715303, -0.9954475819618852, 0.3110155844335578], [-0.018719436173987032, 0.9993833473846236, -0.029707030811462636, 0.22401881238102772], [0.9956620541974125, 0.021341741840489564, 0.09056270693062918, -0.11825476138866445], [0.0, 0.0, 0.0, 1.0]]","[[0.1757962799343547, -0.0, -0.9844265680898915, 0.3], [0.0, 1.0, -0.0, -0.22], [0.9844265680898915, 0.0, 0.1757962799343547, -0.11187499999999995], [0.0, 0.0, 0.0, 1.0]]","[[0.09225161058989068, 0.028093186781590028, -0.9953393457509987, 0.31092511262873956], [0.01871778193684634, 0.9993763673281981, 0.029941961613419447, -0.2240270892994758], [0.9955597847356712, -0.021392739009989118, 0.09166823732741153, -0.11852217324374108], [0.0, 0.0, 0.0, 1.0]]"
1.7833333333333332,2.253839269255736,-13.456923226350101,14.125375911172677,-129.48846115315092,-4.197801393604456,42.54839022702763,3.396701952788589,2.2281078122181825,13.484819426467725,-14.14761671465753,-129.48846115315092,4.19094345679094,42.57172215323239,-3.3659240531714536,"[[0.16934950384902447, -0.0, -0.9855560590580779, 0.3], [0.0, 1.0, -0.0, 0.22], [0.9855560590580779, 0.0, 0.16934950384902447, -0.10958333333333325], [0.0, 0.0, 0.0, 1.0]]","[[0.08694945988678959, -0.028201106381565214, -0.9958134810416314, 0.31150554782421236], [-0.018739991011494657, 0.999376061417192, -0.02993827989631551, 0.22409480198096646], [0.9960364472057662, 0.021264652950769538, 0.08636672028390713, -0.11694237916727039], [0.0, 0.0, 0.0, 1.0]]","[[0.16934950384902447, -0.0, -0.9855560590580779, 0.3], [0.0, 1.0, -0.0, -0.22], [0.9855560590580779, 0.0, 0.16934950384902447, -0.10958333333333325], [0.0, 0.0, 0.0, 1.0]]","[[0.08753076372534013, 0.028533366410251716, -0.9957530880710125, 0.31147609393517095], [0.018621706710517303, 0.9993681624847355, 0.030273880674129505, -0.22412492684893462], [0.9959877496439636, -0.021192517858486665, 0.08694411852432321, -0.11704641328698903], [0.0, 0.0, 0.0, 1.0]]"
1.7916666666666667,1.967913463333839,-13.409952015427923,14.217469059299251,-129.48846115315092,-4.197801393604456,42.54839022702763,3.396701952788589,1.9496012992822118,13.436413875819845,-14.236225612533753,-129.48846115315092,4.19094345679094,42.57172215323239,-3.3659240531714536,"[[0.16289547339458893, -0.0, -0.986643332084879, 0.3], [0.0, 1.0, -0.0, 0.22], [0.986643332084879, 0.0, 0.16289547339458893, -0.10729166666666656], [0.0, 0.0, 0.0, 1.0]]","[[0.08217350679537777, -0.028565194448759747, -0.9962085848089518, 0.3120568183760859], [-0.01874360482534207, 0.9993680622302126, -0.030201878623382257, 0.22417964534066118], [0.9964417655132193, 0.02115433431556394, 0.08158616353625131, -0.11544554076934707], [0.0, 0.0, 0.0, 1.0]]","[[0.16289547339458893, -0.0, -0.986643332084879, 0.3], [0.0, 1.0, -0.0, -0.22], [0.986643332084879, 0.0, 0.16289547339458893, -0.10729166666666656], [0.0, 0.0, 0.0, 1.0]]","[[0.08248092315963956, 0.028909441094639693, -0.99617324875261, 0.3120594839576719], [0.01866394592250565, 0.9993590565905537, 0.030547227910901514, -0.2242163632626585], [0.9964178613600498, -0.021112087202224548, 0.08188849331029519, -0.11546288620619771], [0.0, 0.0, 0.0, 1.0]]"
1.8,1.7030376601036867,-13.366474446266206,14.301016787000494,-129.48846115315092,-4.197801393604456,42.54839022702763,3.396701952788589,1.682046781236945,13.39107934897753,-14.318482434481863,-129.48846115315092,4.19094345679094,42.57172215323239,-3.3659240531714536,"[[0.1564344650402309, -0.0, -0.9876883405951378, 0.3], [0.0, 1.0, -0.0, 0.22], [0.9876883405951378, 0.0, 0.1564344650402309, -0.10499999999999993], [0.0, 0.0, 0.0, 1.0]]","[[0.07740154884777184, -0.02894718867487686, -0.9965796809607285, 0.31259979365002427], [-0.018710782382193744, 0.9993601978654407, -0.030481167054323702, 0.22426625355610727], [0.9968244112473431, 0.02100607507766459, 0.07681040262372885, -0.11394869087152842], [0.0, 0.0, 0.0, 1.0]]","[[0.1564344650402309, -0.0, -0.9876883405951378, 0.3], [0.0, 1.0, -0.0, -0.22], [0.9876883405951378, 0.0, 0.1564344650402309, -0.10499999999999993], [0.0, 0.0, 0.0, 1.0]]","[[0.07869983838246697, 0.02914494027009138, -0.9964722313718666, 0.3124918733521497], [0.01868855537690165, 0.999353755090026, 0.03070521267454772, -0.22426922735856034], [0.996723167853792, -0.021039121752524058, 0.07810430218230235, -0.11427626800567123], [0.0, 0.0, 0.0, 1.0]]"
1.8083333333333333,1.4124934723640976,-13.324900792335631,14.396727374066236,-129.48846115315092,-4.197801393604456,42.54839022702763,3.396701952788589,1.4178404432671599,13.348763765748364,-14.402225676348097,-129.48846115315092,4.19094345679094,42.57172215323239,-3.3659240531714536,"[[0.1499667555540451, -0.0, -0.9886910398241674, 0.3], [0.0, 1.0, -0.0, 0.22], [0.9886910398241674, 0.0, 0.1499667555540451, -0.10270833333333329], [0.0, 0.0, 0.0, 1.0]]","[[0.07255107449759368, -0.029360556944098243, -0.9969324446948133, 0.3131435362838677], [-0.018598176046690045, 0.9993529768471767, -0.030785313290965927, 0.22435368173280668], [0.9971912802652163, 0.020774632671095854, 0.07195807946575628, -0.11242691071884676], [0.0, 0.0, 0.0, 1.0]]","[[0.1499667555540451, -0.0, -0.9886910398241674, 0.3], [0.0, 1.0, -0.0, -0.22], [0.9886910398241674, 0.0, 0.1499667555540451, -0.10270833333333329], [0.0, 0.0, 0.0, 1.0]]","[[0.07423597668075388, 0.02948921226945961, -0.99680459776527, 0.3129948825713624], [0.018642134332540198, 0.9993469849355654, 0.030952778998381815, -0.22434445795661515], [0.9970664424168443, -0.02088037499476226, 0.07363775761317026, -0.11287507442036424], [0.0, 0.0, 0.0, 1.0]]"
1.8166666666666667,1.1288774443204288,-13.277216680418833,14.48628822955803,-129.48846115315092,-4.197801393604456,42.54839022702763,3.396701952788589,1.1426573509709295,13.30229969637206,-14.489708446784913,-129.48846115315092,4.19094345679094,42.57172215323239,-3.3659240531714536,"[[0.1434926219911793, -0.0, -0.9896513868196701, 0.3], [0.0, 0.9999999999999999, -0.0, 0.22], [0.9896513868196701, 0.0, 0.1434926219911793, -0.1004166666666666], [0.0, 0.0, 0.0, 1.0]]","[[0.06787224501622269, -0.02968771972382729, -0.9972522236897031, 0.31366237272047964], [-0.018586260856804135, 0.999346095913456, -0.031015020391683794, 0.22442626422895404], [0.9975208816179343, 0.02064024903273231, 0.06727607937481295, -0.11095521666523114], [0.0, 0.0, 0.0, 1.0]]","[[0.1434926219911793, -0.0, -0.9896513868196701, 0.3], [0.0, 0.9999999999999999, -0.0, -0.22], [0.9896513868196701, 0.0, 0.1434926219911793, -0.1004166666666666], [0.0, 0.0, 0.0, 1.0]]","[[0.06946379840032207, 0.029835639389043017, -0.9971382127539024, 0.3135259403969203], [0.018626846293744136, 0.9993396099166736, 0.031199112947967275, -0.22442207975414957], [0.9974105580496673, -0.02074074911467215, 0.06886218132773309, -0.11137449493653719], [0.0, 0.0, 0.0, 1.0]]"
1.825,0.8495272429394028,-13.229535983596621,14.57249204707276,-129.48846115315092,-4.197801393604456,42.54839022702763,3.396701952788589,0.8334462028688425,13.24894652744415,-14.585430132908057,-129.48846115315092,4.19094345679094,42.57172215323239,-3.3659240531714536,"[[0.13701234168196819, -0.0, -0.9905693404435773, 0.3], [0.0, 1.0, -0.0, 0.22], [0.9905693404435773, 0.0, 0.13701234168196819, -0.0981249999999999], [0.0, 0.0, 0.0, 1.0]]","[[0.0628530628486263, -0.03005092096918619, -0.9975702655148911, 0.31421076896257183], [-0.018598089394755886, 0.9993377434470445, -0.03127595870686988, 0.22451098706195374], [0.9978494894328559, 0.020518690773850243, 0.062252548281301834, -0.10937362986579521], [0.0, 0.0, 0.0, 1.0]]","[[0.13701234168196819, -0.0, -0.9905693404435773, 0.3], [0.0, 1.0, -0.0, -0.22], [0.9905693404435773, 0.0, 0.13701234168196819, -0.0981249999999999], [0.0, 0.0, 0.0, 1.0]]","[[0.06403783389961965, 0.030204441037868204, -0.9974902744242848, 0.3141213209501576], [0.01865700105019066, 0.9993309334313685, 0.03145793697945928, -0.22450777409176106], [0.9977730564318013, -0.020624675240604164, 0.06343146403766592, -0.1096649257813898], [0.0, 0.0, 0.0, 1.0]]"
1.8333333333333333,0.5957933458753926,-13.185318192683605,14.648592307257749,-129.48846115315092,-4.197801393604456,42.54839022702763,3.396701952788589,0.5920086206624121,13.207478741445712,-14.657678166401158,-129.48846115315092,4.19094345679094,42.57172215323239,-3.3659240531714536,"[[0.13052619222005163, -0.0, -0.9914448613738104, 0.3], [0.0, 1.0, -0.0, 0.22], [0.9914448613738104, 0.0, 0.13052619222005163, -0.09583333333333333], [0.0, 0.0, 0.0, 1.0]]","[[0.05870108730781243, -0.030297099346869433, -0.9978157485828967, 0.3146594566651958], [-0.01862186749938995, 0.9993321953533547, -0.03143866061205563, 0.2245652833161704], [0.9981019028133931, 0.02042667622034426, 0.058097697879291865, -0.1080636851902402], [0.0, 0.0, 0.0, 1.0]]","[[0.13052619222005163, -0.0, -0.9914448613738104, 0.3], [0.0, 1.0, -0.0, -0.22], [0.9914448613738104, 0.0, 0.13052619222005163, -0.09583333333333333], [0.0, 0.0, 0.0, 1.0]]","[[0.05911590526646332, 0.030529520313861153, -0.9977841741248116, 0.31465334172331505], [0.018666281331594706, 0.9993236642924446, 0.0316825492404129, -0.224580628579868], [0.9980765900900473, -0.02049786268192292, 0.05850605045374996, -0.10811243352500925], [0.0, 0.0, 0.0, 1.0]]"
1.8416666666666666,0.2983323909819755,-13.133721236146036,14.740115134588628,-129.48846115315092,-4.197801393604456,42.54839022702763,3.396701952788589,0.2798718303984591,13.155325124490787,-14.75389674878642,-129.48846115315092,4.19094345679094,42.57172215323239,-3.3659240531714536,"[[0.12403445145048547, -0.0, -0.9922779121059669, 0.3], [0.0, 1.0, -0.0, 0.22], [0.9922779121059669, 0.0, 0.12403445145048547, -0.09354166666666663], [0.0, 0.0, 0.0, 1.0]]","[[0.053296071880744755, -0.030664663552724524, -0.9981078133805389, 0.31523412308024035], [-0.018625311874321173, 0.9993239842467938, -0.03169656553473893, 0.2246482808919102], [0.9984050412931952, 0.020279371743521478, 0.05268890397437881, -0.10635646173964243], [0.0, 0.0, 0.0, 1.0]]","[[0.12403445145048547, -0.0, -0.9922779121059669, 0.3], [0.0, 1.0, -0.0, -0.22], [0.9922779121059669, 0.0, 0.12403445145048547, -0.09354166666666663], [0.0, 0.0, 0.0, 1.0]]","[[0.05387206884327955, 0.030909810474183, -0.9980693281606218, 0.3152107462912803], [0.01863646181284418, 0.9993155672268145, 0.031954332871278905, -0.22466510768144402], [0.9983739191753976, -0.020321926941119083, 0.0532591475312596, -0.10645679283826541], [0.0, 0.0, 0.0, 1.0]]"
1.8499999999999999,0.0005003682089402542,-13.079249623741537,14.828368008854362,-129.48846115315092,-4.197801393604456,42.54839022702763,3.396701952788589,-0.014924083398396865,13.104447899137007,-14.843647142027681,-129.48846115315092,4.19094345679094,42.57172215323239,-3.3659240531714536,"[[0.11753739745783764, -0.0, -0.9930684569549264, 0.3], [0.0, 1.0, -0.0, 0.22], [0.9930684569549264, 0.0, 0.11753739745783764, -0.09124999999999994], [0.0, 0.0, 0.0, 1.0]]","[[0.04814955983056912, -0.03096245631771994, -0.9983601285041867, 0.3157736972908952], [-0.01867310097881269, 0.999316851959212, -0.0318927059084938, 0.22471544862615048], [0.9986655772519436, 0.020178099244078852, 0.04753850147973315, -0.10472777057853594], [0.0, 0.0, 0.0, 1.0]]","[[0.11753739745783764, -0.0, -0.9930684569549264, 0.3], [0.0, 1.0, -0.0, -0.22], [0.9930684569549264, 0.0, 0.11753739745783764, -0.09124999999999994], [0.0, 0.0, 0.0, 1.0]]","[[0.04893684449985125, 0.031218428668806225, -0.9983138759738082, 0.3157283253407984], [0.018632969827606226, 0.9993089405861807, 0.03216292430623932, -0.22473168023944937], [0.9986280577301045, -0.02017550435493551, 0.04832133419332585, -0.10489613556804703], [0.0, 0.0, 0.0, 1.0]]"
1.8583333333333334,-0.2807868889842557,-13.028284459702196,14.912179552612296,-129.48846115315092,-4.197801393604456,42.54839022702763,3.396701952788589,-0.3013311908731549,13.050087277306522,-14.92755089333941,-129.48846115315092,4.19094345679094,42.57172215323239,-3.3659240531714536,"[[0.11103530855427785, -0.0, -0.9938164620563781, 0.3], [0.0, 1.0, -0.0, 0.22], [0.9938164620563781, 0.0, 0.11103530855427785, -0.08895833333333325], [0.0, 0.0, 0.0, 1.0]]","[[0.04325485934634238, -0.03125425864447944, -0.9985750790298709, 0.31627872927827805], [-0.018707755323229717, 0.9993099643290593, -0.03208761573287726, 0.22478104436693966], [0.9988889012466275, 0.020069043555650683, 0.04264031492692205, -0.10317680283423916], [0.0, 0.0, 0.0, 1.0]]","[[0.11103530855427785, -0.0, -0.9938164620563781, 0.3], [0.0, 1.0, -0.0, -0.22], [0.9938164620563781, 0.0, 0.11103530855427785, -0.08895833333333325], [0.0, 0.0, 0.0, 1.0]]","[[0.044002229914213875, 0.03148897508566478, -0.9985350510676285, 0.3162388307167868], [0.01870747739571321, 0.9993019133451378, 0.03233753661360094, -0.22479433976810037], [0.9988562629588233, -0.020102995617605965, 0.043382433255097386, -0.10333185949118476], [0.0, 0.0, 0.0, 1.0]]"
1.8666666666666667,-0.600900406383858,-12.969799257386669,15.009371436954286,-129.48846115315092,-4.197801393604456,42.54839022702763,3.396701952788589,-0.6363783299236083,12.989305423882579,-15.028395221340062,-129.48846115315092,4.19094345679094,42.57172215323239,-3.3659240531714536,"[[0.10452846326765347, -0.0, -0.9945218953682734, 0.3], [0.0, 1.0, -0.0, 0.22], [0.9945218953682734, 0.0, 0.10452846326765347, -0.08666666666666656], [0.0, 0.0, 0.0, 1.0]]","[[0.03767909080275644, -0.031601617265860395, -0.9987900799980244, 0.31684425659481963], [-0.018718532264016617, 0.9993021452359133, -0.03232397062216781, 0.22485778770792478], [0.9991145593304899, 0.019913822161601046, 0.03706126037734725, -0.10140806200269874], [0.0, 0.0, 0.0, 1.0]]","[[0.10452846326765347, -0.0, -0.9945218953682734, 0.3], [0.0, 1.0, -0.0, -0.22], [0.9945218953682734, 0.0, 0.10452846326765347, -0.08666666666666656], [0.0, 0.0, 0.0, 1.0]]","[[0.03789543547338653, 0.03187831581999352, -0.998773101835829, 0.3168584580450565], [0.01873577515102834, 0.9992926670354059, 0.03260577155590129, -0.22488288163153655], [0.9991060537799641, -0.01994839817494786, 0.03727136582527174, -0.10139423101235803], [0.0, 0.0, 0.0, 1.0]]"
1.875,-0.8995823376326942,-12.91992863116182,15.097253773457547,-129.48846115315092,-4.197801393604456,42.54839022702763,3.396701952788589,-0.9263452599566256,12.9433365432211,-15.117431859813058,-129.48846115315092,4.19094345679094,42.57172215323239,-3.3659240531714536,"[[0.09801714032956071, -0.0, -0.9951847266721968, 0.3], [0.0, 1.0, -0.0, 0.22], [0.9951847266721968, 0.0, 0.09801714032956071, -0.08437499999999998], [0.0, 0.0, 0.0, 1.0]]","[[0.03233912812441686, -0.03192275959306659, -0.9989670255879901, 0.317376717021349], [-0.018707923740568233, 0.999295369329608, -0.03253887560625866, 0.224925737125312], [0.9993018534864577, 0.01974087780129765, 0.03171913243083102, -0.09971216017529251], [0.0, 0.0, 0.0, 1.0]]","[[0.09801714032956071, -0.0, -0.9951847266721968, 0.3], [0.0, 1.0, -0.0, -0.22], [0.9951847266721968, 0.0, 0.09801714032956071, -0.08437499999999998], [0.0, 0.0, 0.0, 1.0]]","[[0.03289724383841913, 0.0322309780235485, -0.9989389047401653, 0.3173558461276096], [0.018637650956697074, 0.9992863070648879, 0.032855965659758, -0.22495432014350006], [0.9992849490083657, -0.019698745347468252, 0.032273055589511046, -0.09980871192506385], [0.0, 0.0, 0.0, 1.0]]"
1.8833333333333333,-1.219819705571856,-12.859939933455244,15.190111902771163,-129.48846115315092,-4.197801393604456,42.54839022702763,3.396701952788589,-1.2149833980309581,12.89000642618164,-15.199581960055385,-129.48846115315092,4.19094345679094,42.57172215323239,-3.3659240531714536,"[[0.0915016186634024, -0.0, -0.9958049275746617, 0.3], [0.0, 1.0, -0.0, 0.22], [0.9958049275746617, 0.0, 0.0915016186634024, -0.08208333333333329], [0.0, 0.0, 0.0, 1.0]]","[[0.027310884275993097, -0.03220027402233171, -0.9991082313508133, 0.31787025649404954], [-0.018737092921371906, 0.9992889648935199, -0.03271828221183943, 0.22498586935308776], [0.9994513679759107, 0.01961394898852456, 0.026688125752033776, -0.09811215164090727], [0.0, 0.0, 0.0, 1.0]]","[[0.0915016186634024, -0.0, -0.9958049275746617, 0.3], [0.0, 1.0, -0.0, -0.22], [0.9958049275746617, 0.0, 0.0915016186634024, -0.08208333333333329], [0.0, 0.0, 0.0, 1.0]]","[[0.028604700653925674, 0.032442057203209564, -0.9990642041555304, 0.31777869359433913], [0.018652928432568487, 0.9992818309913098, 0.03298318528500786, -0.22499647964192523], [0.9994167495901742, -0.01957894724134471, 0.02797901827319632, -0.09844342489984774], [0.0, 0.0, 0.0, 1.0]]"
1.8916666666666666,-1.5332568731403295,-12.80094417449926,15.280625569652171,-129.48846115315092,-4.197801393604456,42.54839022702763,3.396701952788589,-1.520236611591581,12.830121888859908,-15.286349268176643,-129.48846115315092,4.19094345679094,42.57172215323239,-3.3659240531714536,"[[0.08498217737244168, -0.0, -0.9963824715083254, 0.3], [0.0, 1.0, -0.0, 0.22], [0.9963824715083254, 0.0, 0.08498217737244168, -0.0797916666666666], [0.0, 0.0, 0.0, 1.0]]","[[0.021875748699483055, -0.032492740460735844, -0.999232542222374, 0.31839473808913094], [-0.018780732806505558, 0.9992819980857218, -0.03290550678926429, 0.22504980424350904], [0.9995842814360818, 0.019486151984394764, 0.02124980439329638, -0.09637990543699491], [0.0, 0.0, 0.0, 1.0]]","[[0.08498217737244168, -0.0, -0.9963824715083254, 0.3], [0.0, 1.0, -0.0, -0.22], [0.9963824715083254, 0.0, 0.08498217737244168, -0.0797916666666666], [0.0, 0.0, 0.0, 1.0]]","[[0.023771926345816596, 0.03268371439185211, -0.9991830014223424, 0.3182475562255761], [0.01872143663410144, 0.9992756217768033, 0.0331321525551595, -0.22505037747651696], [0.9995420968264239, -0.01949375633721928, 0.023142820392094143, -0.09690305151285052], [0.0, 0.0, 0.0, 1.0]]"
1.9,-1.8508508511489905,-12.740446627699518,15.371574661092769,-129.48846115315092,-4.197801393604456,42.54839022702763,3.396701952788589,-1.8551399965043471,12.764934563421306,-15.38157576558496,-129.48846115315092,4.19094345679094,42.57172215323239,-3.3659240531714536,"[[0.0784590957278451, -0.0, -0.9969173337331279, 0.3], [0.0, 1.0, -0.0, 0.22], [0.9969173337331279, 0.0, 0.0784590957278451, -0.07750000000000001], [0.0, 0.0, 0.0, 1.0]]","[[0.016068248131873297, -0.032798301129862456, -0.9993328188571449, 0.31894479164691125], [-0.01882684776187927, 0.9992747363142929, -0.033099111277368476, 0.2251160058218044], [0.9996936336724984, 0.019346131577022384, 0.01543910579279012, -0.09452615737449348], [0.0, 0.0, 0.0, 1.0]]","[[0.0784590957278451, -0.0, -0.9969173337331279, 0.3], [0.0, 1.0, -0.0, -0.22], [0.9969173337331279, 0.0, 0.0784590957278451, -0.07750000000000001], [0.0, 0.0, 0.0, 1.0]]","[[0.017877686095711, 0.03297471757878928, -0.9992962805597059, 0.3188092980253922], [0.01881526145668199, 0.9992679338863644, 0.03331039241428019, -0.22511592721966406], [0.9996631303975254, -0.019397533530728164, 0.017244170514824908, -0.09502132051362078], [0.0, 0.0, 0.0, 1.0]]"
1.9083333333333332,-2.173120307087937,-12.678792217609105,15.46324262994351,-129.48846115315092,-4.197801393604456,42.54839022702763,3.396701952788589,-2.176846602167002,12.702459676856845,-15.472634140052278,-129.48846115315092,4.19094345679094,42.57172215323239,-3.3659240531714536,"[[0.07193265315671937, -0.0, -0.9974094913373518, 0.3], [0.0, 0.9999999999999999, -0.0, 0.22], [0.9974094913373518, 0.0, 0.07193265315671937, -0.07520833333333321], [0.0, 0.0, 0.0, 1.0]]","[[0.010468308237878032, -0.03308449443219297, -0.9993977340132423, 0.3194650930911203], [-0.018873309007091187, 0.9992679222275701, -0.0332778877652742, 0.22517748412384334], [0.9997670792388396, 0.019210305441651043, 0.009836230735340012, -0.09273584562498448], [0.0, 0.0, 0.0, 1.0]]","[[0.07193265315671937, -0.0, -0.9974094913373518, 0.3], [0.0, 0.9999999999999999, -0.0, -0.22], [0.9974094913373518, 0.0, 0.07193265315671937, -0.07520833333333321], [0.0, 0.0, 0.0, 1.0]]","[[0.011533499348542031, 0.033289627863632626, -0.999379196836455, 0.3194013751145501], [0.018893755038242335, 0.9992599901279615, 0.033503703526942125, -0.22518493631832842], [0.9997549721873514, -0.019268440678145083, 0.010895998370995252, -0.09299306434041063], [0.0, 0.0, 0.0, 1.0]]"
1.9166666666666667,-2.4995666371477574,-12.615925448941017,15.55540749505637,-129.48846115315092,-4.197801393604456,42.54839022702763,3.396701952788589,-2.5136761004257115,12.639652672343994,-15.569277901713374,-129.48846115315092,4.19094345679094,42.57172215323239,-3.3659240531714536,"[[0.06540312923014302, -0.0, -0.9978589232386034, 0.3], [0.0, 0.9999999999999999, -0.0, 0.22], [0.9978589232386034, 0.0, 0.06540312923014302, -0.07291666666666663], [0.0, 0.0, 0.0, 1.0]]","[[0.005098546947638061, -0.03335016099165484, -0.9994307237527038, 0.319954728212433], [-0.018922456459696133, 0.9992615458294221, -0.033441047652919005, 0.22523419609359563], [0.9998079542894993, 0.01908218510612974, 0.004463714935092289, -0.09101645942596899], [0.0, 0.0, 0.0, 1.0]]","[[0.06540312923014302, -0.0, -0.9978589232386034, 0.3], [0.0, 0.9999999999999999, -0.0, -0.22], [0.9978589232386034, 0.0, 0.06540312923014302, -0.07291666666666663], [0.0, 0.0, 0.0, 1.0]]","[[0.00535183417290741, 0.03362554387703864, -0.9994201722348611, 0.3199651307042457], [0.018904680381556373, 0.9992524696586293, 0.03372113492754235, -0.22525562979249747], [0.999806966834427, -0.019074188845234506, 0.004712153354829773, -0.09101482052610094], [0.0, 0.0, 0.0, 1.0]]"
1.925,-2.8359886719337934,-12.549997901751114,15.650523001890674,-129.48846115315092,-4.197801393604456,42.54839022702763,3.396701952788589,-2.8389967299329495,12.577513318822511,-15.660320908255057,-129.48846115315092,4.19094345679094,42.57172215323239,-3.3659240531714536,"[[0.05887080365118885, -0.0, -0.9982656101847159, 0.3], [0.0, 1.0, -0.0, 0.22], [0.9982656101847159, 0.0, 0.05887080365118885, -0.07062499999999994], [0.0, 0.0, 0.0, 1.0]]","[[-0.0005876350858957102, -0.033623885500221315, -0.9994343845440151, 0.3204632737557195], [-0.018975665590149397, 0.9992549796322894, -0.033606692718629275, 0.22529206835018722], [0.9998197731593516, 0.01894518418864162, -0.0012252328928816225, -0.08919299454165502], [0.0, 0.0, 0.0, 1.0]]","[[0.05887080365118885, -0.0, -0.9982656101847159, 0.3], [0.0, 1.0, -0.0, -0.22], [0.9982656101847159, 0.0, 0.05887080365118885, -0.07062499999999994], [0.0, 0.0, 0.0, 1.0]]","[[4.127530602454632e-05, 0.033881854248586654, -0.9994258442971279, 0.3204403736584266], [0.018932440460628426, 0.9992466868664871, 0.03387656246660113, -0.2253079495549621], [0.999820764434583, -0.01892296855745153, -0.000600221975462667, -0.08931239393334542], [0.0, 0.0, 0.0, 1.0]]"
1.9333333333333333,-3.1701432973587966,-12.48676998683066,15.743323074596345,-129.48846115315092,-4.197801393604456,42.54839022702763,3.396701952788589,-3.1855829399776106,12.51182909712179,-15.758069453014404,-129.48846115315092,4.19094345679094,42.57172215323239,-3.3659240531714536,"[[0.052335956242943904, -0.0, -0.9986295347545737, 0.3], [0.0, 0.9999999999999998, -0.0, 0.22], [0.9986295347545737, 0.0, 0.052335956242943904, -0.06833333333333325], [0.0, 0.0, 0.0, 1.0]]","[[-0.006861592753094392, -0.03393800671120001, -0.9994003853538186, 0.32101202101151194], [-0.01898920205272576, 0.999248119233334, -0.03380246165658912, 0.22535604288195132], [0.999796143596429, 0.018745877123116046, -0.007500889320180448, -0.0871787960254064], [0.0, 0.0, 0.0, 1.0]]","[[0.052335956242943904, -0.0, -0.9986295347545737, 0.3], [0.0, 0.9999999999999998, -0.0, -0.22], [0.9986295347545737, 0.0, 0.052335956242943904, -0.06833333333333325], [0.0, 0.0, 0.0, 1.0]]","[[-0.0059921450404974985, 0.03419169330604718, -0.9993973295475025, 0.3209688442138994], [0.018945562097653097, 0.9992397690868936, 0.0340727097832845, -0.22537201438036736], [0.9998025604461203, -0.018729975548226665, -0.006635370475355562, -0.08737557341778947], [0.0, 0.0, 0.0, 1.0]]"
1.9416666666666667,-3.4845798069802076,-12.424167887992908,15.829567873246097,-129.48846115315092,-4.197801393604456,42.54839022702763,3.396701952788589,-3.511165037664013,12.445781167847766,-15.84618060085486,-129.48846115315092,4.19094345679094,42.57172215323239,-3.3659240531714536,"[[0.045798866936520743, -0.0, -0.9989506813588601, 0.3], [0.0, 1.0, -0.0, 0.22], [0.9989506813588601, 0.0, 0.045798866936520743, -0.06604166666666655], [0.0, 0.0, 0.0, 1.0]]","[[-0.012372908067599497, -0.03418260007153101, -0.9993390120466132, 0.3214843513050245], [-0.019050519168033343, 0.9992421737788354, -0.03394342147127234, 0.22540672702819028], [0.9997419611406633, 0.018617948170993666, -0.013014727831309858, -0.08540549910761462], [0.0, 0.0, 0.0, 1.0]]","[[0.045798866936520743, -0.0, -0.9989506813588601, 0.3], [0.0, 1.0, -0.0, -0.22], [0.9989506813588601, 0.0, 0.045798866936520743, -0.06604166666666655], [0.0, 0.0, 0.0, 1.0]]","[[-0.011637229011370764, 0.03442437175089677, -0.9993395506685868, 0.3214540444486627], [0.019023603042770693, 0.9992339650032201, 0.03419920629509575, -0.22541955860040394], [0.9997513077901964, -0.018613054921196887, -0.012283190069868222, -0.0855591729554203], [0.0, 0.0, 0.0, 1.0]]"
1.95,-3.8457627716114207,-12.3516022507034,15.927980653902225,-129.48846115315092,-4.197801393604456,42.54839022702763,3.396701952788589,-3.8498745454917684,12.37622166756671,-15.937633418746746,-129.48846115315092,4.19094345679094,42.57172215323239,-3.3659240531714536,"[[0.03925981575906867, -0.0, -0.9992290362407229, 0.3], [0.0, 1.0, -0.0, 0.22], [0.9992290362407229, 0.0, 0.03925981575906867, -0.06374999999999997], [0.0, 0.0, 0.0, 1.0]]","[[-0.01863937377521019, -0.03445828188221753, -0.9992323056001511, 0.3220095770930482], [-0.019113958711155322, 0.9992355680792959, -0.03410184844895174, 0.22546320075659854], [0.9996435516361102, 0.01846364793242824, -0.019283759420068547, -0.08338613223419891], [0.0, 0.0, 0.0, 1.0]]","[[0.03925981575906867, -0.0, -0.9992290362407229, 0.3], [0.0, 1.0, -0.0, -0.22], [0.9992290362407229, 0.0, 0.03925981575906867, -0.06374999999999997], [0.0, 0.0, 0.0, 1.0]]","[[-0.01788977921042001, 0.034686233479495746, -0.9992381202730451, 0.3219793856145497], [0.01911521628000875, 0.9992272632703241, 0.03434362886864832, -0.22547406501268247], [0.9996572234052887, -0.018486252846503924, -0.018538989975837916, -0.0835438554927287], [0.0, 0.0, 0.0, 1.0]]"
1.9583333333333333,-4.210849189353296,-12.276166226415194,16.028331500735344,-129.48846115315092,-4.197801393604456,42.54839022702763,3.396701952788589,-4.215850595373038,12.300705388555757,-16.038204539180597,-129.48846115315092,4.19094345679094,42.57172215323239,-3.3659240531714536,"[[0.03271908282177616, -0.0, -0.9994645874763657, 0.3], [0.0, 1.0, -0.0, 0.22], [0.9994645874763657, 0.0, 0.03271908282177616, -0.06145833333333328], [0.0, 0.0, 0.0, 1.0]]","[[-0.02468209141177763, -0.034745191474382715, -0.9990913702124291, 0.32250356811271463], [-0.019207457649753058, 0.9992278362550464, -0.03427542594471071, 0.22552722441463885], [0.99951081431577, 0.01834401598524402, -0.025330399589416575, -0.08143462982747975], [0.0, 0.0, 0.0, 1.0]]","[[0.03271908282177616, -0.0, -0.9994645874763657, 0.3], [0.0, 1.0, -0.0, -0.22], [0.9994645874763657, 0.0, 0.03271908282177616, -0.06145833333333328], [0.0, 0.0, 0.0, 1.0]]","[[-0.023239640499799097, 0.03491592310954088, -0.9991200115215634, 0.32241875456302116], [0.019166108554423453, 0.9992218102226259, 0.034473674859210005, -0.22552031637239242], [0.9995461867229148, -0.018348086789284093, -0.023890758021727687, -0.08181740973561792], [0.0, 0.0, 0.0, 1.0]]"
1.9666666666666666,-4.554761593781309,-12.210131957519511,16.123349677373977,-129.48846115315092,-4.197801393604456,42.54839022702763,3.396701952788589,-4.551944994522325,12.237375020797753,-16.129732489153355,-129.48846115315092,4.19094345679094,42.57172215323239,-3.3659240531714536,"[[0.026176948307873427, -0.0, -0.9996573249755574, 0.3], [0.0, 1.0, -0.0, 0.22], [0.9996573249755574, 0.0, 0.026176948307873427, -0.05916666666666659], [0.0, 0.0, 0.0, 1.0]]","[[-0.030977601033225666, -0.03504779210490188, -0.9989054212000243, 0.3230056199143495], [-0.019194963276650455, 0.9992216031812706, -0.034463620248887286, 0.22558643660638056], [0.9993357501956159, 0.018106352598550896, -0.03162622924951086, -0.0794008408437192], [0.0, 0.0, 0.0, 1.0]]","[[0.026176948307873427, -0.0, -0.9996573249755574, 0.3], [0.0, 1.0, -0.0, -0.22], [0.9996573249755574, 0.0, 0.026176948307873427, -0.05916666666666659], [0.0, 0.0, 0.0, 1.0]]","[[-0.029354991348554127, 0.03522607193507056, -0.9989481509762915, 0.3229085528242184], [0.01916603082860659, 0.9992149403637435, 0.03467226869066263, -0.22558398248295472], [0.9993852849352963, -0.018128066910342005, -0.03000708991040202, -0.07984205997059791], [0.0, 0.0, 0.0, 1.0]]"
1.9749999999999999,-4.912017626526588,-12.13977417887921,16.21723404261039,-129.48846115315092,-4.197801393604456,42.54839022702763,3.396701952788589,-4.925339910502697,12.159942019950964,-16.227294911257818,-129.48846115315092,4.19094345679094,42.57172215323239,-3.3659240531714536,"[[0.019633692460628183, -0.0, -0.9998072404820649, 0.3], [0.0, 1.0, -0.0, 0.22], [0.9998072404820649, 0.0, 0.019633692460628183, -0.0568749999999999], [0.0, 0.0, 0.0, 1.0]]","[[-0.037196415923976156, -0.03527739899137831, -0.9986851014022456, 0.3234906821641553], [-0.019211987083753733, 0.9992172331525195, -0.034580637983082564, 0.22562547543356656], [0.9991232787773009, 0.017900449475542042, -0.03784504873651651, -0.07738800621491948], [0.0, 0.0, 0.0, 1.0]]","[[0.019633692460628183, -0.0, -0.9998072404820649, 0.3], [0.0, 1.0, -0.0, -0.22], [0.9998072404820649, 0.0, 0.019633692460628183, -0.0568749999999999], [0.0, 0.0, 0.0, 1.0]]","[[-0.03591894278130131, 0.03545589834009582, -0.9987255422899579, 0.32342334874648376], [0.01925631736938504, 0.9992094420606075, 0.03478052814865363, -0.2256267746089979], [0.9991691667534799, -0.017982496206771684, -0.03657329680696447, -0.07771636832078553], [0.0, 0.0, 0.0, 1.0]]"
1.9833333333333334,-5.243567815443701,-12.069452258732051,16.303987690353306,-129.48846115315092,-4.197801393604456,42.54839022702763,3.396701952788589,-5.250894047102185,12.093325477428538,-16.313485068394208,-129.48846115315092,4.19094345679094,42.57172215323239,-3.3659240531714536,"[[0.013089595571344315, -0.0, -0.9999143275740069, 0.3], [0.0, 0.9999999999999998, -0.0, 0.22], [0.9999143275740069, 0.0, 0.013089595571344315, -0.054583333333333206], [0.0, 0.0, 0.0, 1.0]]","[[-0.04206344894243935, -0.035437847829813685, -0.9984862669081924, 0.3238620763354752], [-0.019316409274113953, 0.9992128209791817, -0.034649887785975206, 0.22565703146602975], [0.9989281969169865, 0.0178296756004342, -0.042714869450363124, -0.07580806244251133], [0.0, 0.0, 0.0, 1.0]]","[[0.013089595571344315, -0.0, -0.9999143275740069, 0.3], [0.0, 0.9999999999999998, -0.0, -0.22], [0.9999143275740069, 0.0, 0.013089595571344315, -0.054583333333333206], [0.0, 0.0, 0.0, 1.0]]","[[-0.04215916256725433, 0.03573470599184174, -0.9984716499727496, 0.32389841774528], [0.01932470226697157, 0.9992023868894324, 0.03494489829366271, -0.2256855958597336], [0.9989240015606399, -0.01782191970967654, -0.042816098420350224, -0.07569209308909962], [0.0, 0.0, 0.0, 1.0]]"
1.9916666666666667,-5.609420068146263,-11.988485488763427,16.396644329086406,-129.48846115315092,-4.197801393604456,42.54839022702763,3.396701952788589,-5.604013973418198,12.017715283316496,-16.405108641015342,-129.48846115315092,4.19094345679094,42.57172215323239,-3.3659240531714536,"[[0.006544937967351894, -0.0, -0.9999785816641292, 0.3], [0.0, 1.0, -0.0, 0.22], [0.9999785816641292, 0.0, 0.006544937967351894, -0.052291666666666625], [0.0, 0.0, 0.0, 1.0]]","[[-0.04906603599111298, -0.03568057313479682, -0.9981580139501417, 0.3243827397347614], [-0.019454030871281718, 0.9992062656777738, -0.03476175072025586, 0.2257052226181627], [0.998606060864332, 0.01771257550584913, -0.049721221565560636, -0.07353142169310412], [0.0, 0.0, 0.0, 1.0]]","[[0.006544937967351894, -0.0, -0.9999785816641292, 0.3], [0.0, 1.0, -0.0, -0.22], [0.9999785816641292, 0.0, 0.006544937967351894, -0.052291666666666625], [0.0, 0.0, 0.0, 1.0]]","[[-0.04761587675172513, 0.03591053030659577, -0.9982199968415097, 0.3243051886273652], [0.01938515625836846, 0.999198549859883, 0.035021046168632275, -0.22571542155554983], [0.9986775976249809, -0.017683092800918666, -0.04827384624194492, -0.07391947900744565], [0.0, 0.0, 0.0, 1.0]]"
2.0,-5.9728177216158524,-11.909567775545808,16.489792741439746,-129.48846115315092,-4.197801393604456,42.54839022702763,3.396701952788589,-6.014618906223154,11.926193309759265,-16.511128544859574,-129.48846115315092,4.19094345679094,42.57172215323239,-3.3659240531714536,"[[2.220446049250313e-16, -0.0, -1.0, 0.3], [0.0, 1.0, -0.0, 0.22], [1.0, 0.0, 2.220446049250313e-16, -0.04999999999999993], [0.0, 0.0, 0.0, 1.0]]","[[-0.05551360659639726, -0.03591236283533045, -0.997811876897767, 0.3248479364281307], [-0.01954252992225923, 0.9992005893247493, -0.03487508877855256, 0.22574948515743778], [0.9982666622736124, 0.017563726502593253, -0.056171046851950956, -0.07143229438856158], [0.0, 0.0, 0.0, 1.0]]","[[2.220446049250313e-16, -0.0, -1.0, 0.3], [0.0, 1.0, -0.0, -0.22], [1.0, 0.0, 2.220446049250313e-16, -0.04999999999999993], [0.0, 0.0, 0.0, 1.0]]","[[-0.05461808100867749, 0.03613591153836143, -0.9978532262433295, 0.3248130951191632], [0.01953753003546286, 0.9991922844495879, 0.035115005574930795, -0.22575918582762544], [0.9983161574105885, -0.017577673159600835, -0.05527997159235276, -0.07163899106154599], [0.0, 0.0, 0.0, 1.0]]"
2.0083333333333333,-6.3774727058800815,-11.82295329290723,16.594767626340964,-129.48846115315092,-4.197801393604456,42.54839022702763,3.396701952788589,-6.399878287678662,11.847323407865835,-16.611291561490518,-129.48846115315092,4.19094345679094,42.57172215323239,-3.3659240531714536,"[[-0.006544937967351894, -0.0, -0.9999785816641292, 0.3], [0.0, 1.0, -0.0, 0.22], [0.9999785816641292, 0.0, -0.006544937967351894, -0.04770833333333324], [0.0, 0.0, 0.0, 1.0]]","[[-0.06248254779194268, -0.03617347004460557, -0.9973903003771191, 0.3253353824849447], [-0.01965617939566635, 0.9991937299051872, -0.03500749533636359, 0.22580211360389887], [0.9978524769889551, 0.017417525171279646, -0.06314320219877084, -0.06915873412665775], [0.0, 0.0, 0.0, 1.0]]","[[-0.006544937967351894, -0.0, -0.9999785816641292, 0.3], [0.0, 1.0, -0.0, -0.22], [0.9999785816641292, 0.0, -0.006544937967351894, -0.04770833333333324], [0.0, 0.0, 0.0, 1.0]]","[[-0.06235899887074475, 0.03646040792149334, -0.9973875845999073, 0.3253543037494099], [0.01959475879607115, 0.9991846103436488, 0.035300989789736316, -0.22582393722194916], [0.9978614135678173, -0.01734223476399685, -0.06302258488691309, -0.06911532772594844], [0.0, 0.0, 0.0, 1.0]]"
2.0166666666666666,-6.7328167125445795,-11.74858619322413,16.68538716115411,-129.48846115315092,-4.197801393604456,42.54839022702763,3.396701952788589,-6.751689805881794,11.77416012902395,-16.7009685301982,-129.48846115315092,4.19094345679094,42.57172215323239,-3.3659240531714536,"[[-0.013089595571344148, -0.0, -0.999914327574007, 0.3], [0.0, 1.0, -0.0, 0.22], [0.999914327574007, 0.0, -0.013089595571344148, -0.04541666666666666], [0.0, 0.0, 0.0, 1.0]]","[[-0.06902428030179703, -0.03640058941236989, -0.996950673714227, 0.3257790867006279], [-0.019695512838429616, 0.9991890533682934, -0.035118690223366424, 0.22584128364883363], [0.9974205409469218, 0.017211412475609984, -0.06968523357027817, -0.06702242596936199], [0.0, 0.0, 0.0, 1.0]]","[[-0.013089595571344148, -0.0, -0.999914327574007, 0.3], [0.0, 1.0, -0.0, -0.22], [0.999914327574007, 0.0, -0.013089595571344148, -0.04541666666666666], [0.0, 0.0, 0.0, 1.0]]","[[-0.0677442783699928, 0.03665097971632175, -0.9970292966778674, 0.325720238406205], [0.019620456195937303, 0.9991807118303226, 0.035396932139850415, -0.22585699751997032], [0.9975097746121552, -0.0171642300172085, -0.06840788522622326, -0.06735702670716469], [0.0, 0.0, 0.0, 1.0]]"
2.025,-7.0953721183121425,-11.668801899755564,16.77548589404304,-129.48846115315092,-4.197801393604456,42.54839022702763,3.396701952788589,-7.108699524930129,11.695366212985038,-16.78880134782998,-129.48846115315092,4.19094345679094,42.57172215323239,-3.3659240531714536,"[[-0.019633692460628183, -0.0, -0.9998072404820649, 0.3], [0.0, 1.0, -0.0, 0.22], [0.9998072404820649, 0.0, -0.019633692460628183, -0.04312499999999997], [0.0, 0.0, 0.0, 1.0]]","[[-0.07501779474662423, -0.03658060419309398, -0.9965110084029287, 0.3261741270574163], [-0.019797560387666432, 0.9991845848614636, -0.03518837844973796, 0.22587276634318856], [0.9969856503852252, 0.017088732313822373, -0.07568083082165816, -0.06506020150710233], [0.0, 0.0, 0.0, 1.0]]","[[-0.019633692460628183, -0.0, -0.9998072404820649, 0.3], [0.0, 1.0, -0.0, -0.22], [0.9998072404820649, 0.0, -0.019633692460628183, -0.04312499999999997], [0.0, 0.0, 0.0, 1.0]]","[[-0.07473349279149155, 0.03684570798051614, -0.9965226032853437, 0.326182445853031], [0.019730283147561416, 0.9991761651760118, 0.03546416319436503, -0.22588838318241858], [0.9970083354626987, -0.01701131234132249, -0.07539890098883961, -0.06506942843888211], [0.0, 0.0, 0.0, 1.0]]"
2.033333333333333,-7.504412510910342,-11.57991808676525,16.880464194038844,-129.48846115315092,-4.197801393604456,42.54839022702763,3.396701952788589,-7.5309776779134605,11.601743956258026,-16.896084836670664,-129.48846115315092,4.19094345679094,42.57172215323239,-3.3659240531714536,"[[-0.026176948307873038, -0.0, -0.9996573249755574, 0.3], [0.0, 1.0, -0.0, 0.22], [0.9996573249755574, 0.0, -0.026176948307873038, -0.04083333333333328], [0.0, 0.0, 0.0, 1.0]]","[[-0.0821625134410236, -0.036859975722281876, -0.9959370781203031, 0.32662822292565447], [-0.019876141901289224, 0.9991776673860375, -0.0353401751568523, 0.22592846803498862], [0.9964207245778128, 0.01689174907314151, -0.08282758263451001, -0.06271769891827306], [0.0, 0.0, 0.0, 1.0]]","[[-0.026176948307873038, -0.0, -0.9996573249755574, 0.3], [0.0, 1.0, -0.0, -0.22], [0.9996573249755574, 0.0, -0.026176948307873038, -0.04083333333333328], [0.0, 0.0, 0.0, 1.0]]","[[-0.08141609865769278, 0.03710244634333835, -0.9959893711052847, 0.32660782075233413], [0.01984826364696602, 0.9991690542234493, 0.03559842008317617, -0.2259419873752183], [0.9964825464149192, -0.016870375145723704, -0.08208486543133992, -0.06287743163502649], [0.0, 0.0, 0.0, 1.0]]"
2.0416666666666665,-7.880420401135068,-11.4975793025471,16.972779323313443,-129.48846115315092,-4.197801393604456,42.54839022702763,3.396701952788589,-7.910761808975557,11.518331124792892,-16.989122258449992,-129.48846115315092,4.19094345679094,42.57172215323239,-3.3659240531714536,"[[-0.032719082821775936, -0.0, -0.9994645874763656, 0.3], [0.0, 0.9999999999999999, -0.0, 0.22], [0.9994645874763656, 0.0, -0.032719082821775936, -0.038541666666666585], [0.0, 0.0, 0.0, 1.0]]","[[-0.0888946042629491, -0.03703573137002812, -0.995352251182877, 0.3270430751989313], [-0.019937385944455786, 0.999174423428054, -0.0353973474842131, 0.22595228252140456], [0.9958414783361034, 0.016698088785948695, -0.0895596106303565, -0.06050700291426411], [0.0, 0.0, 0.0, 1.0]]","[[-0.032719082821775936, -0.0, -0.9994645874763656, 0.3], [0.0, 0.9999999999999999, -0.0, -0.22], [0.9994645874763656, 0.0, -0.032719082821775936, -0.038541666666666585], [0.0, 0.0, 0.0, 1.0]]","[[-0.0884024495214959, 0.0373019346727556, -0.9953861424534043, 0.32703871688845304], [0.019925779204794318, 0.99916481977818, 0.03567388737885231, -0.22597312099993697], [0.9958855206506827, -0.01668018546979396, -0.0890718876582961, -0.060583010374697197], [0.0, 0.0, 0.0, 1.0]]"
2.05,-8.244893809398935,-11.415050126805836,17.05924098046934,-129.48846115315092,-4.197801393604456,42.54839022702763,3.396701952788589,-8.265179471233873,11.439720770087922,-17.074141038143726,-129.48846115315092,4.19094345679094,42.57172215323239,-3.3659240531714536,"[[-0.039259815759068395, -0.0, -0.9992290362407229, 0.3], [0.0, 1.0, -0.0, 0.22], [0.9992290362407229, 0.0, -0.039259815759068395, -0.036250000000000004], [0.0, 0.0, 0.0, 1.0]]","[[-0.09510310333426591, -0.03719990016436733, -0.994772118207961, 0.3274125405323359], [-0.020063522131572795, 0.9991701654069067, -0.03544623591314971, 0.22597925495058996], [0.995265218329199, 0.016587585372677925, -0.09577054450944872, -0.05846279316740613], [0.0, 0.0, 0.0, 1.0]]","[[-0.039259815759068395, -0.0, -0.9992290362407229, 0.3], [0.0, 1.0, -0.0, -0.22], [0.9992290362407229, 0.0, -0.039259815759068395, -0.036250000000000004], [0.0, 0.0, 0.0, 1.0]]","[[-0.09493985770675373, 0.0374668450103738, -0.9947776932277835, 0.3274280793871278], [0.020002955266767694, 0.9991615262823348, 0.035722908304770554, -0.22599574526035002], [0.9952820229458669, -0.016506965866687387, -0.09560970075603703, -0.058432015090337935], [0.0, 0.0, 0.0, 1.0]]"
2.058333333333333,-8.64486968719488,-11.324418639161644,17.15653531764888,-129.48846115315092,-4.197801393604456,42.54839022702763,3.396701952788589,-8.638541516928864,11.352287518522589,-17.162547591665785,-129.48846115315092,4.19094345679094,42.57172215323239,-3.3659240531714536,"[[-0.045798866936520466, -0.0, -0.9989506813588601, 0.3], [0.0, 1.0, -0.0, 0.22], [0.9989506813588601, 0.0, -0.045798866936520466, -0.03395833333333331], [0.0, 0.0, 0.0, 1.0]]","[[-0.1020958197514048, -0.037410737117458834, -0.9940708628350482, 0.3278129832641848], [-0.020173275899605176, 0.9991649606167081, -0.035530556079106365, 0.22601611775626382], [0.9945699988079105, 0.016426144530610375, -0.10276526284252108, -0.05615693527485893], [0.0, 0.0, 0.0, 1.0]]","[[-0.045798866936520466, -0.0, -0.9989506813588601, 0.3], [0.0, 1.0, -0.0, -0.22], [0.9989506813588601, 0.0, -0.045798866936520466, -0.03395833333333331], [0.0, 0.0, 0.0, 1.0]]","[[-0.10059838583873981, 0.03760598461206498, -0.9942161508887277, 0.3277539399261251], [0.020138561932772796, 0.9991576471124564, 0.035755202977753885, -0.22601823678229288], [0.9947232796561665, -0.016425167824337082, -0.10127097694809928, -0.05656529324394867], [0.0, 0.0, 0.0, 1.0]]"
2.0666666666666664,-9.03731272010995,-11.233892165675941,17.249820333785625,-129.48846115315092,-4.197801393604456,42.54839022702763,3.396701952788589,-9.066962571296976,11.252783615146551,-17.265473419816,-129.48846115315092,4.19094345679094,42.57172215323239,-3.3659240531714536,"[[-0.05233595624294374, -0.0, -0.9986295347545739, 0.3], [0.0, 1.0, -0.0, 0.22], [0.9986295347545739, 0.0, -0.05233595624294374, -0.03166666666666651], [0.0, 0.0, 0.0, 1.0]]","[[-0.10950873180084825, -0.03762732670161749, -0.9932733873132109, 0.32822021602210544], [-0.020307970029573612, 0.9991593560971246, -0.03561133916125166, 0.22605408072526503], [0.9937783575891801, 0.016271613591451198, -0.11018080857609774, -0.05370723069171099], [0.0, 0.0, 0.0, 1.0]]","[[-0.05233595624294374, -0.0, -0.9986295347545739, 0.3], [0.0, 1.0, -0.0, -0.22], [0.9986295347545739, 0.0, -0.05233595624294374, -0.03166666666666651], [0.0, 0.0, 0.0, 1.0]]","[[-0.10796841968685184, 0.03779733261749249, -0.9934355449637013, 0.3281624312776833], [0.02028233581206689, 0.9991527573442578, 0.03581053400010833, -0.22604884460471403], [0.9939474066590899, -0.016282786566463495, -0.10864356242916845, -0.05413042010895883], [0.0, 0.0, 0.0, 1.0]]"
2.075,-9.43543847041447,-11.1439556497798,17.344380887749864,-129.48846115315092,-4.197801393604456,42.54839022702763,3.396701952788589,-9.422148629836917,11.173767717959612,-17.34909201072988,-129.48846115315092,4.19094345679094,42.57172215323239,-3.3659240531714536,"[[-0.05887080365118913, -0.0, -0.9982656101847159, 0.3], [0.0, 1.0, -0.0, 0.22], [0.9982656101847159, 0.0, -0.05887080365118913, -0.02937499999999993], [0.0, 0.0, 0.0, 1.0]]","[[-0.11550417154509246, -0.03776625549173748, -0.9925887850977435, 0.32853732526753787], [-0.02037610010478847, 0.9991567666585794, -0.035645058351650334, 0.22607099328895514], [0.9930979815205554, 0.01610793551345814, -0.11617630357905512, -0.05172350845861448], [0.0, 0.0, 0.0, 1.0]]","[[-0.05887080365118913, -0.0, -0.9982656101847159, 0.3], [0.0, 1.0, -0.0, -0.22], [0.9982656101847159, 0.0, -0.05887080365118913, -0.02937499999999993], [0.0, 0.0, 0.0, 1.0]]","[[-0.1147291747107615, 0.0379851315716126, -0.9926703109540825, 0.32852121291329445], [0.020347590086906092, 0.9991488903544425, 0.03588133889839705, -0.22607738539877925], [0.9931883970565921, -0.016081812179405037, -0.11540443349015472, -0.05189420435699542], [0.0, 0.0, 0.0, 1.0]]"
2.0833333333333335,-9.80102690706034,-11.057738171886728,17.428837884384365,-129.48846115315092,-4.197801393604456,42.54839022702763,3.396701952788589,-9.82719763063889,11.076544243992712,-17.442537536312116,-129.48846115315092,4.19094345679094,42.57172215323239,-3.3659240531714536,"[[-0.06540312923014313, -0.0, -0.9978589232386035, 0.3], [0.0, 1.0, -0.0, 0.22], [0.9978589232386035, 0.0, -0.06540312923014313, -0.027083333333333237], [0.0, 0.0, 0.0, 1.0]]","[[-0.122307773272752, -0.03792218851455188, -0.9917674708394747, 0.32888293852547734], [-0.02051000542618526, 0.9991529500451888, -0.035675230810955166, 0.22609266113463952], [0.9922802770762297, 0.01597779816695225, -0.12298195677113455, -0.0494669391430147], [0.0, 0.0, 0.0, 1.0]]","[[-0.06540312923014313, -0.0, -0.9978589232386035, 0.3], [0.0, 1.0, -0.0, -0.22], [0.9978589232386035, 0.0, -0.06540312923014313, -0.027083333333333237], [0.0, 0.0, 0.0, 1.0]]","[[-0.12084532950782645, 0.03812686519994472, -0.9919388834430127, 0.32883357465668606], [0.020497146062702115, 0.9991449213755876, 0.03590672767958425, -0.22609891069601445], [0.9924597086730673, -0.015992755841217926, -0.12152348917462041, -0.049865345601687185], [0.0, 0.0, 0.0, 1.0]]"
2.091666666666667,-10.219024238981365,-10.957709197718245,17.524721787500297,-129.48846115315092,-4.197801393604456,42.54839022702763,3.396701952788589,-10.226651852736978,10.985587468589298,-17.537729882774585,-129.48846115315092,4.19094345679094,42.57172215323239,-3.3659240531714536,"[[-0.0719326531567196, -0.0, -0.997409491337352, 0.3], [0.0, 1.0, -0.0, 0.22], [0.997409491337352, 0.0, -0.0719326531567196, -0.024791666666666545], [0.0, 0.0, 0.0, 1.0]]","[[-0.13003314950130462, -0.038100713238076796, -0.9907773290106721, 0.3292568819576316], [-0.02067324600694577, 0.9991483653970893, -0.03570939405619782, 0.22611823589909838], [0.9912941021363477, 0.015839178484831698, -0.13071007418947478, -0.04689921022488481], [0.0, 0.0, 0.0, 1.0]]","[[-0.0719326531567196, -0.0, -0.997409491337352, 0.3], [0.0, 1.0, -0.0, -0.22], [0.997409491337352, 0.0, -0.0719326531567196, -0.024791666666666545], [0.0, 0.0, 0.0, 1.0]]","[[-0.12847178113318214, 0.03832387248488838, -0.990972392274492, 0.3292053302052671], [0.020603989823605673, 0.9991404978948182, 0.03596861228687713, -0.22612831362502298], [0.9914991059278957, -0.015797033400513836, -0.1291509840455216, -0.047332729130810214], [0.0, 0.0, 0.0, 1.0]]"
2.1,-10.646159510238222,-10.857854393373598,17.624123238038784,-129.48846115315092,-4.197801393604456,42.54839022702763,3.396701952788589,-10.669963573269364,10.879996159115487,-17.64068986187065,-129.48846115315092,4.19094345679094,42.57172215323239,-3.3659240531714536,"[[-0.07845909572784493, -0.0, -0.9969173337331281, 0.3], [0.0, 1.0, -0.0, 0.22], [0.9969173337331281, 0.0, -0.07845909572784493, -0.022499999999999853], [0.0, 0.0, 0.0, 1.0]]","[[-0.1373488872605222, -0.038275816577497845, -0.989782928239128, 0.3295926979406749], [-0.020776197539878295, 0.9991446061901164, -0.03575479739813432, 0.22614201288569175], [0.99030481811616, 0.015653044001836137, -0.13802662579877945, -0.04446393252535544], [0.0, 0.0, 0.0, 1.0]]","[[-0.07845909572784493, -0.0, -0.9969173337331281, 0.3], [0.0, 1.0, -0.0, -0.22], [0.9969173337331281, 0.0, -0.07845909572784493, -0.022499999999999853], [0.0, 0.0, 0.0, 1.0]]","[[-0.13657737628790134, 0.03856856008719879, -0.9898783190165917, 0.329578525707465], [0.020744571353633653, 0.9991340428899252, 0.036066980713486144, -0.22617243255394315], [0.9904121783609424, -0.015608667823780344, -0.13725919438456524, -0.044634341155344356], [0.0, 0.0, 0.0, 1.0]]"
2.1083333333333334,-11.055647280227058,-10.762666315779361,17.71699502773074,-129.48846115315092,-4.197801393604456,42.54839022702763,3.396701952788589,-11.05927069558175,10.788879728040223,-17.726418981238066,-129.48846115315092,4.19094345679094,42.57172215323239,-3.3659240531714536,"[[-0.08498217737244168, -0.0, -0.9963824715083254, 0.3], [0.0, 1.0, -0.0, 0.22], [0.9963824715083254, 0.0, -0.08498217737244168, -0.020208333333333273], [0.0, 0.0, 0.0, 1.0]]","[[-0.14422572655094096, -0.03844071448718599, -0.9887978819104378, 0.3298922146991582], [-0.02086407884828604, 0.9991411708178408, -0.035799594838025216, 0.22616424552869757], [0.9893248354381213, 0.0154671343974541, -0.1449038913862059, -0.04217050841991185], [0.0, 0.0, 0.0, 1.0]]","[[-0.08498217737244168, -0.0, -0.9963824715083254, 0.3], [0.0, 1.0, -0.0, -0.22], [0.9963824715083254, 0.0, -0.08498217737244168, -0.020208333333333273], [0.0, 0.0, 0.0, 1.0]]","[[-0.14286990054298687, 0.03866038083642166, -0.9889861305763697, 0.32985574083757885], [0.020822556038015944, 0.9991330700527291, 0.036048987323535085, -0.2261736433383752], [0.9895224164610325, -0.015442903891158157, -0.1435510502940599, -0.04253652220538853], [0.0, 0.0, 0.0, 1.0]]"
2.1166666666666667,-11.478203763419067,-10.662253143470064,17.813124817656792,-129.48846115315092,-4.197801393604456,42.54839022702763,3.396701952788589,-11.484052966669536,10.688384593460887,-17.822588044751846,-129.48846115315092,4.19094345679094,42.57172215323239,-3.3659240531714536,"[[-0.0915016186634024, -0.0, -0.9958049275746617, 0.3], [0.0, 1.0, -0.0, 0.22], [0.9958049275746617, 0.0, -0.0915016186634024, -0.01791666666666658], [0.0, 0.0, 0.0, 1.0]]","[[-0.15160135848268658, -0.03861972151800812, -0.9876869672199159, 0.33019595826670944], [-0.020975141464984182, 0.9991371122509705, -0.03584793387791825, 0.2261896898477533], [0.9882191414593869, 0.015282278385869, -0.15228059764989427, -0.039705444454027336], [0.0, 0.0, 0.0, 1.0]]","[[-0.0915016186634024, -0.0, -0.9958049275746617, 0.3], [0.0, 1.0, -0.0, -0.22], [0.9958049275746617, 0.0, -0.0915016186634024, -0.01791666666666658], [0.0, 0.0, 0.0, 1.0]]","[[-0.15076149672702627, 0.03884086975203948, -0.9878068424249409, 0.33018318622085086], [0.020938127252055884, 0.9991291583552395, 0.03609043850561171, -0.22619727582831026], [0.9883484031108685, -0.015241776840504212, -0.15144346241069856, -0.03989976402169622], [0.0, 0.0, 0.0, 1.0]]"
2.125,-11.88972863732786,-10.56452765059917,17.90398511663818,-129.48846115315092,-4.197801393604456,42.54839022702763,3.396701952788589,-11.8777843440168,10.594324350853348,-17.909370720798734,-129.48846115315092,4.19094345679094,42.57172215323239,-3.3659240531714536,"[[-0.09801714032956071, -0.0, -0.9951847266721968, 0.3], [0.0, 1.0, -0.0, 0.22], [0.9951847266721968, 0.0, -0.09801714032956071, -0.015624999999999889], [0.0, 0.0, 0.0, 1.0]]","[[-0.1591806204834893, -0.03876337518033987, -0.986488180774164, 0.330490240994738], [-0.021074473784737303, 0.9991345993653606, -0.03585971145612635, 0.22620236299335703], [0.9870245167254904, 0.015081548184733234, -0.1598597832075465, -0.03716759335121162], [0.0, 0.0, 0.0, 1.0]]","[[-0.09801714032956071, -0.0, -0.9951847266721968, 0.3], [0.0, 1.0, -0.0, -0.22], [0.9951847266721968, 0.0, -0.09801714032956071, -0.015624999999999889], [0.0, 0.0, 0.0, 1.0]]","[[-0.15753264341002093, 0.03897281501227943, -0.986744438013344, 0.3304482027664876], [0.0210278714030315, 0.9991267549089679, 0.03610479537863777, -0.22620991032613227], [0.9872898737880932, -0.01506145129442647, -0.15821459414477823, -0.037633105315410906], [0.0, 0.0, 0.0, 1.0]]"
2.1333333333333333,-12.31596744625615,-10.462934563110753,17.997948029050043,-129.48846115315092,-4.197801393604456,42.54839022702763,3.396701952788589,-12.312435384681608,10.488312984745582,-18.004457199329067,-129.48846115315092,4.19094345679094,42.57172215323239,-3.3659240531714536,"[[-0.10452846326765325, -0.0, -0.9945218953682733, 0.3], [0.0, 0.9999999999999998, -0.0, 0.22], [0.9945218953682733, 0.0, -0.10452846326765325, -0.013333333333333308], [0.0, 0.0, 0.0, 1.0]]","[[-0.16660625165654003, -0.03891004211584315, -0.9852554823656149, 0.3307597956222401], [-0.021168448304324558, 0.9991319389376236, -0.03587848089218803, 0.22621679742304715], [0.9857962536474484, 0.014878750528430636, -0.16728529247177687, -0.03467608006523746], [0.0, 0.0, 0.0, 1.0]]","[[-0.10452846326765325, -0.0, -0.9945218953682733, 0.3], [0.0, 0.9999999999999998, -0.0, -0.22], [0.9945218953682733, 0.0, -0.10452846326765325, -0.013333333333333308], [0.0, 0.0, 0.0, 1.0]]","[[-0.16519489744834132, 0.03911442835458736, -0.9854850112262113, 0.33072982791468725], [0.021176088402145105, 0.9991235793498852, 0.036106044744036184, -0.2262235753525608], [0.9860335791123022, -0.014904183357958933, -0.1658784078215601, -0.03506179637805526], [0.0, 0.0, 0.0, 1.0]]"
2.1416666666666666,-12.7144850786643,-10.365565093850343,18.084336261672366,-129.48846115315092,-4.197801393604456,42.54839022702763,3.396701952788589,-12.731575065741318,10.388259251141356,-18.097486083371933,-129.48846115315092,4.19094345679094,42.57172215323239,-3.3659240531714536,"[[-0.11103530855427751, -0.0, -0.9938164620563781, 0.3], [0.0, 1.0, -0.0, 0.22], [0.9938164620563781, 0.0, -0.11103530855427751, -0.011041666666666616], [0.0, 0.0, 0.0, 1.0]]","[[-0.17269124024370003, -0.03902249181564918, -0.9842027132027173, 0.3309670995727151], [-0.02127243953814839, 0.999129611149953, -0.035881798163409404, 0.2262271755832969], [0.984746271310122, 0.014739920482873117, -0.1733710353114673, -0.03262986060471658], [0.0, 0.0, 0.0, 1.0]]","[[-0.11103530855427751, -0.0, -0.9938164620563781, 0.3], [0.0, 1.0, -0.0, -0.22], [0.9938164620563781, 0.0, -0.11103530855427751, -0.011041666666666616], [0.0, 0.0, 0.0, 1.0]]","[[-0.17248416318749665, 0.039280166741080424, -0.9842287752094541, 0.3309786898182324], [0.021255511506568958, 0.9991203216846107, 0.036149495534987794, -0.22624461342803057], [0.9847829287107404, -0.014685070569558305, -0.17316735264553768, -0.032612137535878785], [0.0, 0.0, 0.0, 1.0]]"
2.15,-13.144162887839693,-10.256883977550746,18.175258032356282,-129.48846115315092,-4.197801393604456,42.54839022702763,3.396701952788589,-13.186304301245025,10.272026506940666,-18.194146920505954,-129.48846115315092,4.19094345679094,42.57172215323239,-3.3659240531714536,"[[-0.11753739745783753, -0.0, -0.9930684569549263, 0.3], [0.0, 1.0, -0.0, 0.22], [0.9930684569549263, 0.0, -0.11753739745783753, -0.008749999999999925], [0.0, 0.0, 0.0, 1.0]]","[[-0.1816917772619328, -0.03919972821633133, -0.9825739053033957, 0.3312506002425599], [-0.02148406076976124, 0.999124884690151, -0.03588732263256875, 0.22624790159098307], [0.9831208131294149, 0.014589246062035975, -0.18237494534913495, -0.029595291117529083], [0.0, 0.0, 0.0, 1.0]]","[[-0.11753739745783753, -0.0, -0.9930684569549263, 0.3], [0.0, 1.0, -0.0, -0.22], [0.9930684569549263, 0.0, -0.11753739745783753, -0.008749999999999925], [0.0, 0.0, 0.0, 1.0]]","[[-0.17924606923156627, 0.0393767793245452, -0.9830159286171605, 0.3311950261349056], [0.021426626675585505, 0.9991179220143986, 0.036114783384852335, -0.22624879791482844], [0.983570915762731, -0.014589282355749649, -0.17993167177016556, -0.030332811900465363], [0.0, 0.0, 0.0, 1.0]]"
2.158333333333333,-13.585840485613152,-10.150152026485543,18.271713963815202,-129.48846115315092,-4.197801393604456,42.54839022702763,3.396701952788589,-13.607965175882116,10.169746131667017,-18.2834670118295,-129.48846115315092,4.19094345679094,42.57172215323239,-3.3659240531714536,"[[-0.12403445145048497, -0.0, -0.9922779121059672, 0.3], [0.0, 1.0, -0.0, 0.22], [0.9922779121059672, 0.0, -0.12403445145048497, -0.006458333333333344], [0.0, 0.0, 0.0, 1.0]]","[[-0.1891475054601906, -0.03933435651058362, -0.9811605523950122, 0.33146501892804237], [-0.021548437339629134, 0.9991230295507727, -0.03590037143966557, 0.22625785065018572], [0.9817122215936844, 0.01435201098049281, -0.18982922260391982, -0.027078782083016624], [0.0, 0.0, 0.0, 1.0]]","[[-0.12403445145048497, -0.0, -0.9922779121059672, 0.3], [0.0, 1.0, -0.0, -0.22], [0.9922779121059672, 0.0, -0.12403445145048497, -0.006458333333333344], [0.0, 0.0, 0.0, 1.0]]","[[-0.18803984508434463, 0.03957698049900729, -0.9813636834911087, 0.33145135443169865], [0.021581117689801116, 0.9991130478742722, 0.03615761229176165, -0.22627635401295612], [0.9819242700024858, -0.014379853335955695, -0.18872717821798163, -0.02736378737705926], [0.0, 0.0, 0.0, 1.0]]"
2.1666666666666665,-14.02829757872564,-10.040630796918034,18.363509998712882,-129.48846115315092,-4.197801393604456,42.54839022702763,3.396701952788589,-14.026788106919067,10.064922364701184,-18.370210414288664,-129.48846115315092,4.19094345679094,42.57172215323239,-3.3659240531714536,"[[-0.13052619222005124, -0.0, -0.9914448613738104, 0.3], [0.0, 0.9999999999999999, -0.0, 0.22], [0.9914448613738104, 0.0, -0.13052619222005124, -0.004166666666666652], [0.0, 0.0, 0.0, 1.0]]","[[-0.1960271947271594, -0.03942913274279391, -0.9798054308986819, 0.3316468873075026], [-0.02165940009857894, 0.9991216094302835, -0.03587310910430905, 0.22625905003952107], [0.980359224628794, 0.014189892902736059, -0.19670901764951937, -0.02475072768361768], [0.0, 0.0, 0.0, 1.0]]","[[-0.13052619222005124, -0.0, -0.9914448613738104, 0.3], [0.0, 0.9999999999999999, -0.0, -0.22], [0.9914448613738104, 0.0, -0.13052619222005124, -0.004166666666666652], [0.0, 0.0, 0.0, 1.0]]","[[-0.19471418336178292, 0.039642106179359315, -0.9800586157038866, 0.33163062312239033], [0.02164815679565743, 0.9991132518737817, 0.03611187114437282, -0.22626768859595395], [0.9806211011930677, -0.01418496908215022, -0.1953996994548195, -0.025107014682457036], [0.0, 0.0, 0.0, 1.0]]"
2.175,-14.459201406857051,-9.931768680605433,18.452068523943975,-129.48846115315092,-4.197801393604456,42.54839022702763,3.396701952788589,-14.513419448488612,9.94440623811725,-18.4733138273573,-129.48846115315092,4.19094345679094,42.57172215323239,-3.3659240531714536,"[[-0.13701234168196796, -0.0, -0.9905693404435773, 0.3], [0.0, 1.0, -0.0, 0.22], [0.9905693404435773, 0.0, -0.13701234168196796, -0.00187499999999996], [0.0, 0.0, 0.0, 1.0]]","[[-0.20394164802993814, -0.03954331151067922, -0.9781840985794046, 0.33183601603470214], [-0.021802023457435912, 0.9991195475735355, -0.035844126849672114, 0.2262625336190782], [0.9787402494901261, 0.014016282361002691, -0.2046242113162136, -0.022066537130237263], [0.0, 0.0, 0.0, 1.0]]","[[-0.13701234168196796, -0.0, -0.9905693404435773, 0.3], [0.0, 1.0, -0.0, -0.22], [0.9905693404435773, 0.0, -0.13701234168196796, -0.00187499999999996], [0.0, 0.0, 0.0, 1.0]]","[[-0.20312716335354492, 0.039804714321305945, -0.9783429563428878, 0.33183288955059326], [0.02179555122431117, 0.999109596225698, 0.036124350188638174, -0.2262848790785907], [0.9789097555212998, -0.013985687238107274, -0.20381386385059058, -0.02225448698327278], [0.0, 0.0, 0.0, 1.0]]"
2.183333333333333,-14.912451052631804,-9.815079167503995,18.543741615436595,-129.48846115315092,-4.197801393604456,42.54839022702763,3.396701952788589,-14.930764497343901,9.840980952383976,-18.559200041075623,-129.48846115315092,4.19094345679094,42.57172215323239,-3.3659240531714536,"[[-0.14349262199117918, -0.0, -0.9896513868196702, 0.3], [0.0, 1.0, -0.0, 0.22], [0.9896513868196702, 0.0, -0.14349262199117918, 0.0004166666666667318], [0.0, 0.0, 0.0, 1.0]]","[[-0.2118073749664005, -0.039650936000199144, -0.976506753271144, 0.33200286943215535], [-0.021968509133869295, 0.9991173396369084, -0.03580399758828294, 0.22626458080013487], [0.9770644914826645, 0.013868846786044631, -0.21249149294159403, -0.01939229050678425], [0.0, 0.0, 0.0, 1.0]]","[[-0.14349262199117918, -0.0, -0.9896513868196702, 0.3], [0.0, 1.0, -0.0, -0.22], [0.9896513868196702, 0.0, -0.14349262199117918, 0.0004166666666667318], [0.0, 0.0, 0.0, 1.0]]","[[-0.21046444899742411, 0.03988627439237332, -0.9767874901038134, 0.3319910635447997], [0.021893656788425496, 0.9991090387118811, 0.03608041791127168, -0.2262795733172271], [0.9773563237124123, -0.01379180478826787, -0.21115018972295752, -0.019762116157072303], [0.0, 0.0, 0.0, 1.0]]"
2.1916666666666664,-15.342315838235727,-9.706278522893925,18.630729197158583,-129.48846115315092,-4.197801393604456,42.54839022702763,3.396701952788589,-15.33078306382216,9.7395270299999,-18.63869490527811,-129.48846115315092,4.19094345679094,42.57172215323239,-3.3659240531714536,"[[-0.1499667555540451, -0.0, -0.9886910398241674, 0.3], [0.0, 1.0, -0.0, 0.22], [0.9886910398241674, 0.0, -0.1499667555540451, 0.0027083333333334236], [0.0, 0.0, 0.0, 1.0]]","[[-0.21932226543723204, -0.039757884234708156, -0.9748420664521307, 0.33214227418118514], [-0.022064307073246137, 0.9991159526382083, -0.035783788748867965, 0.22626668245451653], [0.9754029476256765, 0.01366103308778856, -0.22000560433342714, -0.01683346996169519], [0.0, 0.0, 0.0, 1.0]]","[[-0.1499667555540451, -0.0, -0.9886910398241674, 0.3], [0.0, 1.0, -0.0, -0.22], [0.9886910398241674, 0.0, -0.1499667555540451, 0.0027083333333334236], [0.0, 0.0, 0.0, 1.0]]","[[-0.21765167051631173, 0.03998753129601902, -0.9752070281034223, 0.33212749132827124], [0.021985361170503093, 0.9991077348708882, 0.03606075450355591, -0.22628147522742978], [0.9757788654278498, -0.01359159527108914, -0.2183366078382768, -0.017315798682394305], [0.0, 0.0, 0.0, 1.0]]"
2.2,-15.758212886986973,-9.601023600236735,18.71683397693035,-129.48846115315092,-4.197801393604456,42.54839022702763,3.396701952788589,-15.767563415960721,9.625220399145151,-18.725440015284565,-129.48846115315092,4.19094345679094,42.57172215323239,-3.3659240531714536,"[[-0.15643446504023117, -0.0, -0.9876883405951377, 0.3], [0.0, 1.0, -0.0, 0.22], [0.9876883405951377, 0.0, -0.15643446504023117, 0.0050000000000001155], [0.0, 0.0, 0.0, 1.0]]","[[-0.22606117626347572, -0.039889606709270164, -0.9732960309499643, 0.33224973333809515], [-0.022178856090377577, 0.9991129664344596, -0.035796349605195114, 0.22628096814234008], [0.9738605870086829, 0.013494427706085922, -0.22674535825897096, -0.014533415996097528], [0.0, 0.0, 0.0, 1.0]]","[[-0.15643446504023117, -0.0, -0.9876883405951377, 0.3], [0.0, 1.0, -0.0, -0.22], [0.9876883405951377, 0.0, -0.15643446504023117, 0.0050000000000001155], [0.0, 0.0, 0.0, 1.0]]","[[-0.22469884800203532, 0.04008788596316004, -0.9736033017125421, 0.3322438906760703], [0.022139345706781135, 0.9991055028268274, 0.0360283720535406, -0.22628487214134144], [0.9741767175816891, -0.013459406382058206, -0.22538537508367473, -0.014910592522011289], [0.0, 0.0, 0.0, 1.0]]"
2.2083333333333335,-16.264348687505137,-9.474175888292196,18.81734191811438,-129.48846115315092,-4.197801393604456,42.54839022702763,3.396701952788589,-16.246904384364925,9.501140621361762,-18.81957197487839,-129.48846115315092,4.19094345679094,42.57172215323239,-3.3659240531714536,"[[-0.16289547339458865, -0.0, -0.986643332084879, 0.3], [0.0, 1.0, -0.0, 0.22], [0.986643332084879, 0.0, -0.16289547339458865, 0.007291666666666807], [0.0, 0.0, 0.0, 1.0]]","[[-0.2343873726523355, -0.03999209607773764, -0.9713203342834146, 0.33236224590601354], [-0.02225792370456458, 0.9991123180075803, -0.03576535807008532, 0.22627811462059058], [0.9718884423499937, 0.01323662558315511, -0.23506945222566528, -0.011687306904888568], [0.0, 0.0, 0.0, 1.0]]","[[-0.16289547339458865, -0.0, -0.986643332084879, 0.3], [0.0, 1.0, -0.0, -0.22], [0.986643332084879, 0.0, -0.16289547339458865, 0.007291666666666807], [0.0, 0.0, 0.0, 1.0]]","[[-0.23355882332223626, 0.04019242165026959, -0.9715116290041101, 0.33236629749661506], [0.022307895157576592, 0.9991038227128288, 0.03597095014384328, -0.22628154431104464], [0.9720867419433161, -0.013271046774811274, -0.23424612153785968, -0.011880559284847894], [0.0, 0.0, 0.0, 1.0]]"
2.216666666666667,-16.672899867804034,-9.36485017288968,18.89376490473765,-129.48846115315092,-4.197801393604456,42.54839022702763,3.396701952788589,-16.677571717196322,9.38932871710136,-18.903991405472453,-129.48846115315092,4.19094345679094,42.57172215323239,-3.3659240531714536,"[[-0.16934950384902459, -0.0, -0.9855560590580776, 0.3], [0.0, 0.9999999999999999, -0.0, 0.22], [0.9855560590580776, 0.0, -0.16934950384902459, 0.009583333333333388], [0.0, 0.0, 0.0, 1.0]]","[[-0.24232871181476134, -0.04004731099824382, -0.9693673237282183, 0.33244806913985947], [-0.022447639070370333, 0.9991116778923731, -0.03566452858588463, 0.22626278280944578], [0.9699344817720241, 0.013117468539963723, -0.24301241344577107, -0.008963408045135624], [0.0, 0.0, 0.0, 1.0]]","[[-0.16934950384902459, -0.0, -0.9855560590580776, 0.3], [0.0, 0.9999999999999999, -0.0, -0.22], [0.9855560590580776, 0.0, -0.16934950384902459, 0.009583333333333388], [0.0, 0.0, 0.0, 1.0]]","[[-0.24065391846317863, 0.040264951595528876, -0.9697754509170293, 0.33244482762937166], [0.02244338763889602, 0.9991028657974301, 0.035913199615917116, -0.22627515290395464], [0.9703514754353744, -0.013122394155495293, -0.2413417015188628, -0.009448584166577609], [0.0, 0.0, 0.0, 1.0]]"
2.225,-17.15180541164865,-9.237842805273294,18.986259326477963,-129.48846115315092,-4.197801393604456,42.54839022702763,3.396701952788589,-17.161891893505462,9.261787740956066,-18.99607943095715,-129.48846115315092,4.19094345679094,42.57172215323239,-3.3659240531714536,"[[-0.1757962799343546, -0.0, -0.9844265680898917, 0.3], [0.0, 1.0, -0.0, 0.22], [0.9844265680898917, 0.0, -0.1757962799343546, 0.01187500000000008], [0.0, 0.0, 0.0, 1.0]]","[[-0.2503344882288766, -0.04012238830070385, -0.9673276786902327, 0.33251161571426824], [-0.022591931642909353, 0.9991109364124174, -0.03559411981977956, 0.22625313442136222], [0.9678957839704794, 0.012943365024222088, -0.251018367204516, -0.006212377679670714], [0.0, 0.0, 0.0, 1.0]]","[[-0.1757962799343546, -0.0, -0.9844265680898917, 0.3], [0.0, 1.0, -0.0, -0.22], [0.9844265680898917, 0.0, -0.1757962799343546, 0.01187500000000008], [0.0, 0.0, 0.0, 1.0]]","[[-0.2489126110042142, 0.040373461369061184, -0.9676840887914535, 0.33251331102788606], [0.022585676668283833, 0.9991010450410103, 0.03587462902103573, -0.2262755184865013], [0.9682625673300091, -0.012926152368053072, -0.24960071172265802, -0.0066119407016392295], [0.0, 0.0, 0.0, 1.0]]"
2.2333333333333334,-17.61083168991394,-9.118299126872438,19.07302492705193,-129.48846115315092,-4.197801393604456,42.54839022702763,3.396701952788589,-17.576448517632095,9.153552294499812,-19.073240078010784,-129.48846115315092,4.19094345679094,42.57172215323239,-3.3659240531714536,"[[-0.18223552549214767, -0.0, -0.9832549075639545, 0.3], [0.0, 1.0, -0.0, 0.22], [0.9832549075639545, 0.0, -0.18223552549214767, 0.014166666666666772], [0.0, 0.0, 0.0, 1.0]]","[[-0.25763708004823505, -0.040226249374145234, -0.9654040521178211, 0.33254886042567555], [-0.02271938331250989, 0.9991089927408472, -0.03556754484455191, 0.22625602920898086], [0.9659746190279115, 0.012769866313280035, -0.25832143911844097, -0.0036975403746312974], [0.0, 0.0, 0.0, 1.0]]","[[-0.18223552549214767, -0.0, -0.9832549075639545, 0.3], [0.0, 1.0, -0.0, -0.22], [0.9832549075639545, 0.0, -0.18223552549214767, 0.014166666666666772], [0.0, 0.0, 0.0, 1.0]]","[[-0.2564848979714439, 0.04042285397230796, -0.9657025887866882, 0.3325562067162467], [0.022696743227766707, 0.9991014644158777, 0.03579275972737324, -0.22625920851799283], [0.96628171614671, -0.012738001365289313, -0.2571719043009696, -0.004005724387649026], [0.0, 0.0, 0.0, 1.0]]"
2.2416666666666667,-18.041831994467376,-9.002728911021237,19.151181074177092,-129.48846115315092,-4.197801393604456,42.54839022702763,3.396701952788589,-18.022628917615886,9.034077771764302,-19.155723149975152,-129.48846115315092,4.19094345679094,42.57172215323239,-3.3659240531714536,"[[-0.18866696468655514, -0.0, -0.9820411276703038, 0.3], [0.0, 1.0, -0.0, 0.22], [0.9820411276703038, 0.0, -0.18866696468655514, 0.016458333333333464], [0.0, 0.0, 0.0, 1.0]]","[[-0.2655054502357753, -0.04026982501937885, -0.963267977817184, 0.3325695091923032], [-0.022878421387111512, 0.9991091081960034, -0.03546220177344557, 0.22623650190609962], [0.9638378669309129, 0.012622642857001742, -0.26619022363222256, -0.0009813904603498715], [0.0, 0.0, 0.0, 1.0]]","[[-0.18866696468655514, -0.0, -0.9820411276703038, 0.3], [0.0, 1.0, -0.0, -0.22], [0.9820411276703038, 0.0, -0.18866696468655514, 0.016458333333333464], [0.0, 0.0, 0.0, 1.0]]","[[-0.2641619382666469, 0.04049040517081259, -0.9636280389550274, 0.3325783993436774], [0.02285094497314341, 0.9991006704129233, 0.035716728493540635, -0.22624862937159174], [0.9642076045567378, -0.012584811065342155, -0.2648496136402827, -0.0013564930658251234], [0.0, 0.0, 0.0, 1.0]]"
2.25,-18.501058055765892,-8.879194694597802,19.234398391477235,-129.48846115315092,-4.197801393604456,42.54839022702763,3.396701952788589,-18.50185548035149,8.904467248300495,-19.24229579770506,-129.48846115315092,4.19094345679094,42.57172215323239,-3.3659240531714536,"[[-0.19509032201612836, -0.0, -0.9807852804032304, 0.3], [0.0, 1.0, -0.0, 0.22], [0.9807852804032304, 0.0, -0.19509032201612836, 0.018750000000000044], [0.0, 0.0, 0.0, 1.0]]","[[-0.27385174919400895, -0.040329321260040484, -0.9609259936696927, 0.33256679190843574], [-0.02304016286197074, 0.9991088130403833, -0.03536566979897866, 0.2262200407892978], [0.9614959024138771, 0.012454940856582736, -0.27453689021620314, 0.0019063455185860528], [0.0, 0.0, 0.0, 1.0]]","[[-0.19509032201612836, -0.0, -0.9807852804032304, 0.3], [0.0, 1.0, -0.0, -0.22], [0.9807852804032304, 0.0, -0.19509032201612836, 0.018750000000000044], [0.0, 0.0, 0.0, 1.0]]","[[-0.2725896176505001, 0.04057012023608915, -0.9612746567413413, 0.33257829409717576], [0.023036391465898132, 0.9990993643351802, 0.03563404065312744, -0.2262387111360651], [0.9618545758155876, -0.012430829781962005, -0.2732787028905615, 0.0015590025357254851], [0.0, 0.0, 0.0, 1.0]]"
2.2583333333333333,-18.926087067437443,-8.767241917685768,19.31188005742186,-129.48846115315092,-4.197801393604456,42.54839022702763,3.396701952788589,-18.97065575931907,8.77837512603289,-19.326650341502013,-129.48846115315092,4.19094345679094,42.57172215323239,-3.3659240531714536,"[[-0.20150532232561713, -0.0, -0.9794874195590514, 0.3], [0.0, 1.0, -0.0, 0.22], [0.9794874195590514, 0.0, -0.20150532232561713, 0.021041666666666736], [0.0, 0.0, 0.0, 1.0]]","[[-0.2819546864931932, -0.040416224966125396, -0.9585760708071179, 0.3325393102050762], [-0.023117930749872555, 0.9991084449600307, -0.035325295290958986, 0.22621406193987953], [0.95914916256147, 0.012200162664362068, -0.28263764786134526, 0.004714452893362104], [0.0, 0.0, 0.0, 1.0]]","[[-0.20150532232561713, -0.0, -0.9794874195590514, 0.3], [0.0, 1.0, -0.0, -0.22], [0.9794874195590514, 0.0, -0.20150532232561713, 0.021041666666666736], [0.0, 0.0, 0.0, 1.0]]","[[-0.2796269889968037, 0.040601653022156264, -0.9592498385699367, 0.33255949438583743], [0.02312843244559416, 0.9991003630475015, 0.03554631022989903, -0.2262188189891757], [0.9598301009226534, -0.012246237390278934, -0.28031447881368887, 0.003997279018981975], [0.0, 0.0, 0.0, 1.0]]"
2.2666666666666666,-19.38531995892513,-8.639965611370812,19.392126242433047,-129.48846115315092,-4.197801393604456,42.54839022702763,3.396701952788589,-19.420626914292217,8.655630650232236,-19.406047875508825,-129.48846115315092,4.19094345679094,42.57172215323239,-3.3659240531714536,"[[-0.20791169081775907, -0.0, -0.9781476007338056, 0.3], [0.0, 0.9999999999999999, -0.0, 0.22], [0.9781476007338056, 0.0, -0.20791169081775907, 0.023333333333333428], [0.0, 0.0, 0.0, 1.0]]","[[-0.28907422237456754, -0.04043278394598471, -0.9564524472972593, 0.33249702280785093], [-0.02333057018912485, 0.9991084640884467, -0.035184676799365516, 0.22618802502409127], [0.9570223500280386, 0.012143597868951866, -0.28975982222800983, 0.007191192135870928], [0.0, 0.0, 0.0, 1.0]]","[[-0.20791169081775907, -0.0, -0.9781476007338056, 0.3], [0.0, 0.9999999999999999, -0.0, -0.22], [0.9781476007338056, 0.0, -0.20791169081775907, 0.023333333333333428], [0.0, 0.0, 0.0, 1.0]]","[[-0.2883794347263363, 0.040678987077583384, -0.9566517243162532, 0.3325099975544533], [0.023339877803448542, 0.9990989312740223, 0.03544821055041808, -0.2262062847448368], [0.9572317126647231, -0.012105599425409966, -0.2890690276240483, 0.007039460747883704], [0.0, 0.0, 0.0, 1.0]]"
2.275,-19.818756933464968,-8.52009323011615,19.46719855914795,-129.48846115315092,-4.197801393604456,42.54839022702763,3.396701952788589,-19.900855807288522,8.520871017907885,-19.49408901391029,-129.48846115315092,4.19094345679094,42.57172215323239,-3.3659240531714536,"[[-0.21430915306505055, -0.0, -0.9767658813208724, 0.3], [0.0, 1.0, -0.0, 0.22], [0.9767658813208724, 0.0, -0.21430915306505055, 0.02562500000000001], [0.0, 0.0, 0.0, 1.0]]","[[-0.29601008605549106, -0.040473133252714934, -0.9543269641156165, 0.33243733164129696], [-0.02348750065691079, 0.9991082210280962, -0.035087034456689516, 0.22617077588833417], [0.9548959976177054, 0.012028639107616574, -0.29669672322913554, 0.009607665157553888], [0.0, 0.0, 0.0, 1.0]]","[[-0.21430915306505055, -0.0, -0.9767658813208724, 0.3], [0.0, 1.0, -0.0, -0.22], [0.9767658813208724, 0.0, -0.21430915306505055, 0.02562500000000001], [0.0, 0.0, 0.0, 1.0]]","[[-0.29692257460791116, 0.04079842821219376, -0.9540295975197121, 0.33243346696565457], [0.02355149980892132, 0.9990958260594065, 0.03539572301030918, -0.22620838927313805], [0.9546110786833347, -0.011959038677361304, -0.2976149691278205, 0.01001658834708842], [0.0, 0.0, 0.0, 1.0]]"
2.283333333333333,-20.325218875516,-8.379650880402348,19.554942584320518,-129.48846115315092,-4.197801393604456,42.54839022702763,3.396701952788589,-20.401310597964525,8.387627687579275,-19.58046870879615,-129.48846115315092,4.19094345679094,42.57172215323239,-3.3659240531714536,"[[-0.2206974350215009, -0.0, -0.9753423205085128, 0.3], [0.0, 1.0, -0.0, 0.22], [0.9753423205085128, 0.0, -0.2206974350215009, 0.0279166666666667], [0.0, 0.0, 0.0, 1.0]]","[[-0.3051575801819612, -0.04054047118404648, -0.9514385536931248, 0.3323310821884281], [-0.023681398058934613, 0.9991075291751357, -0.0349762280917949, 0.22615261633606273], [0.9520073753093848, 0.011858133990239458, -0.30584529098026886, 0.01280190831549113], [0.0, 0.0, 0.0, 1.0]]","[[-0.2206974350215009, -0.0, -0.9753423205085128, 0.3], [0.0, 1.0, -0.0, -0.22], [0.9753423205085128, 0.0, -0.2206974350215009, 0.0279166666666667], [0.0, 0.0, 0.0, 1.0]]","[[-0.30401918178696025, 0.040835095630425006, -0.9517903298891206, 0.3323510678123096], [0.02362234946693745, 0.999096857986985, 0.035319300194033176, -0.2261902257898561], [0.9523729950556394, -0.0117457790456145, -0.30470923019062385, 0.012492450807991787], [0.0, 0.0, 0.0, 1.0]]"
2.2916666666666665,-20.801247202172746,-8.249610908794475,19.63523828820319,-129.48846115315092,-4.197801393604456,42.54839022702763,3.396701952788589,-20.82745293047079,8.273160547279032,-19.65084014781479,-129.48846115315092,4.19094345679094,42.57172215323239,-3.3659240531714536,"[[-0.22707626303437323, -0.0, -0.9738769792773336, 0.3], [0.0, 1.0, -0.0, 0.22], [0.9738769792773336, 0.0, -0.22707626303437323, 0.030208333333333393], [0.0, 0.0, 0.0, 1.0]]","[[-0.3132652698015929, -0.04056759136674046, -0.9487987886094904, 0.33221174720988134], [-0.023810084232137582, 0.9991086272088561, -0.03485729372302854, 0.22612601153071607], [0.9493671316329599, 0.011671399553444164, -0.3139519514312185, 0.015639152052688808], [0.0, 0.0, 0.0, 1.0]]","[[-0.22707626303437323, -0.0, -0.9738769792773336, 0.3], [0.0, 1.0, -0.0, -0.22], [0.9738769792773336, 0.0, -0.22707626303437323, 0.030208333333333393], [0.0, 0.0, 0.0, 1.0]]","[[-0.31234939103410353, 0.04083475353219017, -0.9490892375454432, 0.33223159766299787], [0.02371607407396073, 0.9990995032903704, 0.03518139217617651, -0.22615439573338658], [0.9496712092883219, -0.011519784238465936, -0.31303656147478365, 0.01540566362965811], [0.0, 0.0, 0.0, 1.0]]"
2.3,-21.289388869322508,-8.114472200971187,19.718124341328586,-129.48846115315092,-4.197801393604456,42.54839022702763,3.396701952788589,-21.360672138595348,8.124246201673476,-19.740827890129708,-129.48846115315092,4.19094345679094,42.57172215323239,-3.3659240531714536,"[[-0.23344536385590514, -0.0, -0.9723699203976767, 0.3], [0.0, 1.0, -0.0, 0.22], [0.9723699203976767, 0.0, -0.23344536385590514, 0.03249999999999997], [0.0, 0.0, 0.0, 1.0]]","[[-0.32241355215176615, -0.04062472474321531, -0.9457267750933238, 0.33204675850326776], [-0.023957315059146736, 0.9991088322235961, -0.03475037306215355, 0.22610491809896818], [0.9462956982064523, 0.011453083093213596, -0.32309948691327706, 0.018848876153904175], [0.0, 0.0, 0.0, 1.0]]","[[-0.23344536385590514, -0.0, -0.9723699203976767, 0.3], [0.0, 1.0, -0.0, -0.22], [0.9723699203976767, 0.0, -0.23344536385590514, 0.03249999999999997], [0.0, 0.0, 0.0, 1.0]]","[[-0.32178263898318615, 0.04087821209242742, -0.945930708363537, 0.3320637159571954], [0.02390377841195166, 0.9990998438104306, 0.03504442146198601, -0.22612727308673358], [0.9465117762746794, -0.011334631626105592, -0.32247012807274356, 0.01871564434520101], [0.0, 0.0, 0.0, 1.0]]"
2.308333333333333,-21.794597471660843,-7.977040257134068,19.8007781680222,-129.48846115315092,-4.197801393604456,42.54839022702763,3.396701952788589,-21.80901087835686,8.002380258954815,-19.81310324437949,-129.48846115315092,4.19094345679094,42.57172215323239,-3.3659240531714536,"[[-0.23980446465501631, -0.0, -0.9708212084269282, 0.3], [0.0, 1.0, -0.0, 0.22], [0.9708212084269282, 0.0, -0.23980446465501631, 0.034791666666666665], [0.0, 0.0, 0.0, 1.0]]","[[-0.33050515939234554, -0.04063361092171146, -0.9429290796653285, 0.33187551290629214], [-0.02405199156871436, 0.9991109375535208, -0.034624213529020204, 0.2260729511502725], [0.9434976636519132, 0.011235841062762642, -0.3311886389340574, 0.02169428529279569], [0.0, 0.0, 0.0, 1.0]]","[[-0.23980446465501631, -0.0, -0.9708212084269282, 0.3], [0.0, 1.0, -0.0, -0.22], [0.9708212084269282, 0.0, -0.23980446465501631, 0.034791666666666665], [0.0, 0.0, 0.0, 1.0]]","[[-0.329379188489035, 0.040866712660385586, -0.9433129183821445, 0.33190527808146597], [0.023988859810034437, 0.999102601116881, 0.03490740675698174, -0.22609095542332683], [0.9438929413844133, -0.011131228046192411, -0.3300639498140693, 0.021386198498687163], [0.0, 0.0, 0.0, 1.0]]"
2.3166666666666664,-22.256224344452615,-7.851011314116286,19.876989418781204,-129.48846115315092,-4.197801393604456,42.54839022702763,3.396701952788589,-22.26604957157368,7.873564598755667,-19.885450315615557,-129.48846115315092,4.19094345679094,42.57172215323239,-3.3659240531714536,"[[-0.24615329302899303, -0.0, -0.9692309097067543, 0.3], [0.0, 0.9999999999999999, -0.0, 0.22], [0.9692309097067543, 0.0, -0.24615329302899303, 0.03708333333333347], [0.0, 0.0, 0.0, 1.0]]","[[-0.3381009856937717, -0.040686671896288315, -0.9402299283701322, 0.33169079288323067], [-0.024145342344676926, 0.9991111814496259, -0.03455212794302398, 0.2260582002172112], [0.9408000456611162, 0.011020064987854183, -0.33878286888758885, 0.024371810032887666], [0.0, 0.0, 0.0, 1.0]]","[[-0.24615329302899303, -0.0, -0.9692309097067543, 0.3], [0.0, 0.9999999999999999, -0.0, -0.22], [0.9692309097067543, 0.0, -0.24615329302899303, 0.03708333333333347], [0.0, 0.0, 0.0, 1.0]]","[[-0.3355646538251856, 0.04087090324673379, -0.9411301357256497, 0.3317596416699271], [0.02410354347254131, 0.999103785871746, 0.03479431345510729, -0.22606495508740262], [0.9417087566202468, -0.011008829390133819, -0.33624904963465446, 0.023566485187022666], [0.0, 0.0, 0.0, 1.0]]"
2.325,-22.740923596260693,-7.713855992940552,19.952905263858604,-129.48846115315092,-4.197801393604456,42.54839022702763,3.396701952788589,-22.757336540836235,7.734911758604409,-19.963869425023766,-129.48846115315092,4.19094345679094,42.57172215323239,-3.3659240531714536,"[[-0.25249157701515795, -0.0, -0.9675990923602598, 0.3], [0.0, 1.0, -0.0, 0.22], [0.9675990923602598, 0.0, -0.25249157701515795, 0.03937500000000016], [0.0, 0.0, 0.0, 1.0]]","[[-0.3460972237180015, -0.04067154424510252, -0.9373166685936032, 0.3314741875967904], [-0.02429193411747537, 0.9991134495461964, -0.034383380763571586, 0.22601722809000788], [0.9378841152677255, 0.010869242136376243, -0.34677838154051227, 0.027198601890618727], [0.0, 0.0, 0.0, 1.0]]","[[-0.25249157701515795, -0.0, -0.9675990923602598, 0.3], [0.0, 1.0, -0.0, -0.22], [0.9675990923602598, 0.0, -0.25249157701515795, 0.03937500000000016], [0.0, 0.0, 0.0, 1.0]]","[[-0.34444270643372793, 0.04090424648597613, -0.9379158089103857, 0.33152413887359183], [0.024275129130389143, 0.9991043719270118, 0.0346579298578869, -0.2260365772136869], [0.9384934416874268, -0.010830356215092136, -0.34512716974173824, 0.026703235381879395], [0.0, 0.0, 0.0, 1.0]]"
2.3333333333333335,-23.198950959359873,-7.583670879812816,20.024311476536504,-129.48846115315092,-4.197801393604456,42.54839022702763,3.396701952788589,-23.216916064424296,7.605921074807779,-20.036455552880785,-129.48846115315092,4.19094345679094,42.57172215323239,-3.3659240531714536,"[[-0.25881904510252074, -0.0, -0.9659258262890683, 0.3], [0.0, 1.0, -0.0, 0.22], [0.9659258262890683, 0.0, -0.25881904510252074, 0.04166666666666674], [0.0, 0.0, 0.0, 1.0]]","[[-0.35399799076970134, -0.04067067842224373, -0.9343614495727492, 0.33123535215906547], [-0.02446255223166702, 0.999114854229435, -0.03422121558928219, 0.22598051652887016], [0.9349262035419308, 0.010742624203126817, -0.35467955954058433, 0.02999919202413181], [0.0, 0.0, 0.0, 1.0]]","[[-0.25881904510252074, -0.0, -0.9659258262890683, 0.3], [0.0, 1.0, -0.0, -0.22], [0.9659258262890683, 0.0, -0.25881904510252074, 0.04166666666666674], [0.0, 0.0, 0.0, 1.0]]","[[-0.3526665067892738, 0.04092679535193931, -0.9348536422410042, 0.33127889900318985], [0.024399832424862353, 0.999105590407227, 0.03453501693448195, -0.22600832402029264], [0.9354309077460984, -0.010630928428260555, -0.3533496854308258, 0.029615516178391664], [0.0, 0.0, 0.0, 1.0]]"
2.341666666666667,-23.667481445855238,-7.448757568232139,20.093600330571697,-129.48846115315092,-4.197801393604456,42.54839022702763,3.396701952788589,-23.721766081831205,7.4636772627003864,-20.112806822517772,-129.48846115315092,4.19094345679094,42.57172215323239,-3.3659240531714536,"[[-0.2651354262434082, -0.0, -0.9642111831703294, 0.3], [0.0, 1.0, -0.0, 0.22], [0.9642111831703294, 0.0, -0.2651354262434082, 0.04395833333333343], [0.0, 0.0, 0.0, 1.0]]","[[-0.3612480202206702, -0.04067137002387943, -0.931582367559105, 0.3309945751086224], [-0.024599128690998527, 0.9991163016089375, -0.03408076769855348, 0.2259477187826884], [0.9321452412335164, 0.010604504687148504, -0.36192926619168325, 0.03257459967819481], [0.0, 0.0, 0.0, 1.0]]","[[-0.2651354262434082, -0.0, -0.9642111831703294, 0.3], [0.0, 1.0, -0.0, -0.22], [0.9642111831703294, 0.0, -0.2651354262434082, 0.04395833333333343], [0.0, 0.0, 0.0, 1.0]]","[[-0.361169235352683, 0.040911886972903495, -0.9316023834979571, 0.33099846372065755], [0.024527653691197006, 0.9991082397398743, 0.03436741899379166, -0.22596602235777527], [0.9321776534755396, -0.010437566201298588, -0.36185063157694014, 0.032634386668184], [0.0, 0.0, 0.0, 1.0]]"
2.35,-24.175881454083257,-7.305272369243097,20.171792336190002,-129.48846115315092,-4.197801393604456,42.54839022702763,3.396701952788589,-24.18324952065041,7.332317357035408,-20.18283333698333,-129.48846115315092,4.19094345679094,42.57172215323239,-3.3659240531714536,"[[-0.2714404498650742, -0.0, -0.9624552364536473, 0.3], [0.0, 1.0, -0.0, 0.22], [0.9624552364536473, 0.0, -0.2714404498650742, 0.046250000000000124], [0.0, 0.0, 0.0, 1.0]]","[[-0.36976410353284433, -0.040692121716972486, -0.928234161711754, 0.33068458829479047], [-0.024714671351742303, 0.9991177530964799, -0.033954388043618854, 0.22591754751625365], [0.9287969060879386, 0.010385888388210964, -0.3704435727123097, 0.03560591734014504], [0.0, 0.0, 0.0, 1.0]]","[[-0.2714404498650742, -0.0, -0.9624552364536473, 0.3], [0.0, 1.0, -0.0, -0.22], [0.9624552364536473, 0.0, -0.2714404498650742, 0.046250000000000124], [0.0, 0.0, 0.0, 1.0]]","[[-0.36834901673762754, 0.040926599403118005, -0.9287863130611477, 0.33073862187513525], [0.02463544777447987, 0.9991094433625625, 0.03425514409109984, -0.22593966660057654], [0.9293611228050022, -0.010263218064907228, -0.3690292261780608, 0.03518974378403479], [0.0, 0.0, 0.0, 1.0]]"
2.3583333333333334,-24.656166696140215,-7.1681016801417305,20.242534312971117,-129.48846115315092,-4.197801393604456,42.54839022702763,3.396701952788589,-24.660012092642933,7.19401968672099,-20.252463700477023,-129.48846115315092,4.19094345679094,42.57172215323239,-3.3659240531714536,"[[-0.2777338458812922, -0.0, -0.9606580613579353, 0.3], [0.0, 1.0, -0.0, 0.22], [0.9606580613579353, 0.0, -0.2777338458812922, 0.048541666666666705], [0.0, 0.0, 0.0, 1.0]]","[[-0.3782615219319829, -0.04068317758201491, -0.9248043577360189, 0.3303471100141706], [-0.02484722100822369, 0.999120057171504, -0.03378945051016935, 0.2258765372134272], [0.925365244989171, 0.01019756929081315, -0.3789395373231599, 0.03863922131931072], [0.0, 0.0, 0.0, 1.0]]","[[-0.2777338458812922, -0.0, -0.9606580613579353, 0.3], [0.0, 1.0, -0.0, -0.22], [0.9606580613579353, 0.0, -0.2777338458812922, 0.048541666666666705], [0.0, 0.0, 0.0, 1.0]]","[[-0.3754946685276145, 0.040898941478622344, -0.9259217194197708, 0.3304606774970458], [0.024763122583759095, 0.9991119528433537, 0.03408949171579519, -0.22589797464120898], [0.9264936813962835, -0.010128290648859409, -0.37617399705627397, 0.037739313606791475], [0.0, 0.0, 0.0, 1.0]]"
2.3666666666666667,-25.144853070876287,-7.02855280454873,20.312328601004893,-129.48846115315092,-4.197801393604456,42.54839022702763,3.396701952788589,-25.171475440713703,7.045491673690362,-20.325365724583154,-129.48846115315092,4.19094345679094,42.57172215323239,-3.3659240531714536,"[[-0.2840153447039226, -0.0, -0.958819734868193, 0.3], [0.0, 1.0, -0.0, 0.22], [0.958819734868193, 0.0, -0.2840153447039226, 0.0508333333333334], [0.0, 0.0, 0.0, 1.0]]","[[-0.3863996050320755, -0.04065412748508198, -0.921435069415899, 0.3299970316000074], [-0.02496279584102406, 0.9991231037370631, -0.03361372342685321, 0.22583054762782115], [0.9219936030444329, 0.01001326606279542, -0.3870756133469275, 0.04155165188420404], [0.0, 0.0, 0.0, 1.0]]","[[-0.2840153447039226, -0.0, -0.958819734868193, 0.3], [0.0, 1.0, -0.0, -0.22], [0.958819734868193, 0.0, -0.2840153447039226, 0.0508333333333334], [0.0, 0.0, 0.0, 1.0]]","[[-0.38413905695914324, 0.040888710775609516, -0.9223693935997925, 0.3300962377097859], [0.02494132594796679, 0.9991138492448062, 0.03390348812710351, -0.22585427647763395], [0.9229383051853997, -0.00998146173342985, -0.38481847050676593, 0.0408319770575194], [0.0, 0.0, 0.0, 1.0]]"
2.375,-25.612044840294327,-6.891678801789437,20.3771727094377,-129.48846115315092,-4.197801393604456,42.54839022702763,3.396701952788589,-25.671042306797606,6.90192878129951,-20.39642359761338,-129.48846115315092,4.19094345679094,42.57172215323239,-3.3659240531714536,"[[-0.29028467725446205, -0.0, -0.9569403357322089, 0.3], [0.0, 1.0, -0.0, 0.22], [0.9569403357322089, 0.0, -0.29028467725446205, 0.05312500000000009], [0.0, 0.0, 0.0, 1.0]]","[[-0.39418881333069966, -0.0406327458100491, -0.9181307964625034, 0.3296363816472498], [-0.025121030311574092, 0.9991252414115743, -0.03343180836192558, 0.22578639268428724], [0.9186860798341401, 0.009885946702237405, -0.39486472971991393, 0.04434766961536177], [0.0, 0.0, 0.0, 1.0]]","[[-0.29028467725446205, -0.0, -0.9569403357322089, 0.3], [0.0, 1.0, -0.0, -0.22], [0.9569403357322089, 0.0, -0.29028467725446205, 0.05312500000000009], [0.0, 0.0, 0.0, 1.0]]","[[-0.39320385934772045, 0.040894984138246916, -0.9185414118407458, 0.32968082281772576], [0.025084197978669613, 0.9991156586974503, 0.03374438556747957, -0.22581604263633867], [0.9191090838446898, -0.009772451989769474, -0.39388195081303573, 0.04408295556608049], [0.0, 0.0, 0.0, 1.0]]"
2.3833333333333333,-26.105264753091998,-6.747442708878516,20.444859884112528,-129.48846115315092,-4.197801393604456,42.54839022702763,3.396701952788589,-26.139736717833053,6.767902113650466,-20.461074753202137,-129.48846115315092,4.19094345679094,42.57172215323239,-3.3659240531714536,"[[-0.2965415749755708, -0.0, -0.9550199444571866, 0.3], [0.0, 1.0, -0.0, 0.22], [0.9550199444571866, 0.0, -0.2965415749755708, 0.05541666666666678], [0.0, 0.0, 0.0, 1.0]]","[[-0.4023587315008404, -0.04060861152320805, -0.9145809925070562, 0.3292311508662258], [-0.025268477634125427, 0.999127721972872, -0.03324604071695217, 0.22574003619103925], [0.9151332991554227, 0.009733234583462617, -0.4030338806123562, 0.04728739703450033], [0.0, 0.0, 0.0, 1.0]]","[[-0.2965415749755708, -0.0, -0.9550199444571866, 0.3], [0.0, 1.0, -0.0, -0.22], [0.9550199444571866, 0.0, -0.2965415749755708, 0.05541666666666678], [0.0, 0.0, 0.0, 1.0]]","[[-0.40112539342659104, 0.04087961843141794, -0.9151105264093865, 0.3292905530753722], [0.025175876673219376, 0.9991183225249582, 0.033596916951537804, -0.2257769596357068], [0.9156771232165285, -0.00956213322514147, -0.4018009104346172, 0.04693079842752333], [0.0, 0.0, 0.0, 1.0]]"
2.3916666666666666,-26.663246812052435,-6.586828249224728,20.523125314264412,-129.48846115315092,-4.197801393604456,42.54839022702763,3.396701952788589,-26.698219088150193,6.606539321395738,-20.53785973985142,-129.48846115315092,4.19094345679094,42.57172215323239,-3.3659240531714536,"[[-0.3027857698425745, -0.0, -0.953058643306297, 0.3], [0.0, 1.0, -0.0, 0.22], [0.953058643306297, 0.0, -0.3027857698425745, 0.05770833333333336], [0.0, 0.0, 0.0, 1.0]]","[[-0.41091875557489094, -0.040587603113691854, -0.9107680400575487, 0.3287764525407158], [-0.025364598676440094, 0.9991307493977677, -0.033081456162602094, 0.22569587553347076], [0.9113190514033854, 0.00950747502444588, -0.4115910524633563, 0.05037424395558583], [0.0, 0.0, 0.0, 1.0]]","[[-0.3027857698425745, -0.0, -0.953058643306297, 0.3], [0.0, 1.0, -0.0, -0.22], [0.953058643306297, 0.0, -0.3027857698425745, 0.05770833333333336], [0.0, 0.0, 0.0, 1.0]]","[[-0.409594306161346, 0.04081309661645065, -0.9113543742720402, 0.32884563895239516], [0.02528189858703421, 0.9991228804798671, 0.03338106207789212, -0.22571723215075745], [0.9119173920723525, -0.009368075906472699, -0.41026687556975644, 0.049983891573121525], [0.0, 0.0, 0.0, 1.0]]"
2.4,-27.106063343869994,-6.457475138515264,20.580592818393605,-129.48846115315092,-4.197801393604456,42.54839022702763,3.396701952788589,-27.14224456345084,6.475538427549009,-20.594437611841222,-129.48846115315092,4.19094345679094,42.57172215323239,-3.3659240531714536,"[[-0.30901699437494745, -0.0, -0.9510565162951536, 0.3], [0.0, 1.0, -0.0, 0.22], [0.9510565162951536, 0.0, -0.30901699437494745, 0.06000000000000005], [0.0, 0.0, 0.0, 1.0]]","[[-0.4192723985788662, -0.04054871689716648, -0.9069544957427127, 0.32830325083911127], [-0.025487387227994877, 0.9991340285294863, -0.03288747674617554, 0.22564467763153034], [0.907502644008388, 0.009327089172589644, -0.4199428014924793, 0.053395920668480416], [0.0, 0.0, 0.0, 1.0]]","[[-0.30901699437494745, -0.0, -0.9510565162951536, 0.3], [0.0, 1.0, -0.0, -0.22], [0.9510565162951536, 0.0, -0.30901699437494745, 0.06000000000000005], [0.0, 0.0, 0.0, 1.0]]","[[-0.417465735652852, 0.04076984284079925, -0.9077776046315308, 0.32840438946569417], [0.025416102050368303, 0.999126033914929, 0.03318418463650588, -0.225666109302609], [0.9083371517847262, -0.00921890818703488, -0.4181370952444315, 0.05283017507550539], [0.0, 0.0, 0.0, 1.0]]"
2.408333333333333,-27.59149854856114,-6.313858458384698,20.642588737942518,-129.48846115315092,-4.197801393604456,42.54839022702763,3.396701952788589,-27.59008640695024,6.341594149056828,-20.651263078188435,-129.48846115315092,4.19094345679094,42.57172215323239,-3.3659240531714536,"[[-0.3152349816477694, -0.0, -0.9490136491882141, 0.3], [0.0, 1.0, -0.0, 0.22], [0.9490136491882141, 0.0, -0.3152349816477694, 0.062291666666666745], [0.0, 0.0, 0.0, 1.0]]","[[-0.4258057826309789, -0.0405115085305483, -0.9039072149034983, 0.3279124741231264], [-0.02559991108051224, 0.9991366468197549, -0.03272010902253776, 0.22560109200387465], [0.9044523647106517, 0.009207532696450374, -0.42647525287049715, 0.05576550766996383], [0.0, 0.0, 0.0, 1.0]]","[[-0.3152349816477694, -0.0, -0.9490136491882141, 0.3], [0.0, 1.0, -0.0, -0.22], [0.9490136491882141, 0.0, -0.3152349816477694, 0.062291666666666745], [0.0, 0.0, 0.0, 1.0]]","[[-0.4252787920762478, 0.040730905777668025, -0.9041454210052156, 0.3279400540618484], [0.02557506107526823, 0.9991287321275213, 0.03298018933008415, -0.22561491750638785], [0.9047009811319782, -0.009097799282388344, -0.42594995573078004, 0.05566342078599153], [0.0, 0.0, 0.0, 1.0]]"
2.4166666666666665,-28.111202519865532,-6.158340173625385,20.707294535044635,-129.48846115315092,-4.197801393604456,42.54839022702763,3.396701952788589,-28.17264177899709,6.168862506928614,-20.727622885561885,-129.48846115315092,4.19094345679094,42.57172215323239,-3.3659240531714536,"[[-0.32143946530316136, -0.0, -0.9469301294951058, 0.3], [0.0, 1.0, -0.0, 0.22], [0.9469301294951058, 0.0, -0.32143946530316136, 0.06458333333333333], [0.0, 0.0, 0.0, 1.0]]","[[-0.4348107383797919, -0.040462769695540586, -0.8996123532156428, 0.32734340210229573], [-0.025774959183064987, 0.999139932635579, -0.03248147921635919, 0.225540255663793], [0.9001529166029136, 0.009064175722981228, -0.4354796980913478, 0.05904058785291251], [0.0, 0.0, 0.0, 1.0]]","[[-0.32143946530316136, -0.0, -0.9469301294951058, 0.3], [0.0, 1.0, -0.0, -0.22], [0.9469301294951058, 0.0, -0.32143946530316136, 0.06458333333333333], [0.0, 0.0, 0.0, 1.0]]","[[-0.43531858046466193, 0.0407222485772937, -0.8993550088663772, 0.32730334839619346], [0.0257397078762584, 0.9991310543388394, 0.032781148457685615, -0.22556582215584292], [0.8999084403097225, -0.008878892192669288, -0.43598849105538834, 0.059313794214361004], [0.0, 0.0, 0.0, 1.0]]"
2.425,-28.61909538654768,-6.010509693663745,20.773484190743936,-129.48846115315092,-4.197801393604456,42.54839022702763,3.396701952788589,-28.637188557659044,6.0343047920716,-20.786435936957574,-129.48846115315092,4.19094345679094,42.57172215323239,-3.3659240531714536,"[[-0.32763017956169344, -0.0, -0.9448060464668782, 0.3], [0.0, 1.0000000000000002, -0.0, 0.22], [0.9448060464668782, 0.0, -0.32763017956169344, 0.06687500000000002], [0.0, 0.0, 0.0, 1.0]]","[[-0.4430631180001117, -0.04044281892342749, -0.8955777196120646, 0.32678988515066854], [-0.02584829247462961, 0.9991428896673207, -0.032331900707847014, 0.2254988640208093], [0.8961177039006455, 0.008824082091805758, -0.44372874183567595, 0.062048187691796056], [0.0, 0.0, 0.0, 1.0]]","[[-0.32763017956169344, -0.0, -0.9448060464668782, 0.3], [0.0, 1.0000000000000002, -0.0, -0.22], [0.9448060464668782, 0.0, -0.32763017956169344, 0.06687500000000002], [0.0, 0.0, 0.0, 1.0]]","[[-0.44239510283520594, 0.040678312892509755, -0.8958972306284056, 0.3268289583224678], [0.02578945306472545, 0.9991346879332534, 0.032630958906269374, -0.22552211387072066], [0.89644937230055, -0.00866892315915837, -0.4430613644555465, 0.06189243021563197], [0.0, 0.0, 0.0, 1.0]]"
2.433333333333333,-29.091274901607125,-5.870281641135152,20.828888977743787,-129.48846115315092,-4.197801393604456,42.54839022702763,3.396701952788589,-29.173886039618427,5.873674110718532,-20.85125101708641,-129.48846115315092,4.19094345679094,42.57172215323239,-3.3659240531714536,"[[-0.3338068592337708, -0.0, -0.9426414910921785, 0.3], [0.0, 1.0, -0.0, 0.22], [0.9426414910921785, 0.0, -0.3338068592337708, 0.06916666666666671], [0.0, 0.0, 0.0, 1.0]]","[[-0.4511824153999136, -0.040361300204478874, -0.8915185884095204, 0.326217335672733], [-0.02596442378754752, 0.9991475556044975, -0.03209378174877567, 0.2254329159702456], [0.8920539651452039, 0.008667616475210664, -0.45184576538168214, 0.06501704009240644], [0.0, 0.0, 0.0, 1.0]]","[[-0.3338068592337708, -0.0, -0.9426414910921785, 0.3], [0.0, 1.0, -0.0, -0.22], [0.9426414910921785, 0.0, -0.3338068592337708, 0.06916666666666671], [0.0, 0.0, 0.0, 1.0]]","[[-0.44924360330601415, 0.0405988384304103, -0.8924863691994013, 0.3263496164385647], [0.025893826089494504, 0.9991389708609975, 0.03241645688957788, -0.2254626692064491], [0.8930339829251043, -0.008547000931805649, -0.4499080507348097, 0.0643956477347323], [0.0, 0.0, 0.0, 1.0]]"
2.4416666666666664,-29.585924031488616,-5.723220838115608,20.88691655738492,-129.48846115315092,-4.197801393604456,42.54839022702763,3.396701952788589,-29.625692807931017,5.741354563475168,-20.903672718966256,-129.48846115315092,4.19094345679094,42.57172215323239,-3.3659240531714536,"[[-0.33996923973099424, -0.0, -0.9404365560933547, 0.3], [0.0, 0.9999999999999999, -0.0, 0.22], [0.9404365560933547, 0.0, -0.33996923973099424, 0.07145833333333351], [0.0, 0.0, 0.0, 1.0]]","[[-0.4598150111304387, -0.04030041197722416, -0.8870997871342214, 0.32557517707076], [-0.026081471966318034, 0.9991516090386032, -0.031871915154899545, 0.22537225982499529], [0.887631631004205, 0.008481683207769361, -0.460476002296296, 0.06818248629454772], [0.0, 0.0, 0.0, 1.0]]","[[-0.33996923973099424, -0.0, -0.9404365560933547, 0.3], [0.0, 0.9999999999999999, -0.0, -0.22], [0.9404365560933547, 0.0, -0.33996923973099424, 0.07145833333333351], [0.0, 0.0, 0.0, 1.0]]","[[-0.4593499032860729, 0.04058942220164537, -0.8873275410784973, 0.3256006070094275], [0.025997260117313972, 0.9991418012459548, 0.03224598377135486, -0.22541725769813253], [0.8878748835379164, -0.008255895367938164, -0.4600109035383895, 0.06809865413832594], [0.0, 0.0, 0.0, 1.0]]"
2.45,-30.11811871123767,-5.562044595402585,20.94817823159806,-129.48846115315092,-4.197801393604456,42.54839022702763,3.396701952788589,-30.123476994641546,5.594304005739379,-20.961382694810986,-129.48846115315092,4.19094345679094,42.57172215323239,-3.3659240531714536,"[[-0.34611705707749313, -0.0, -0.9381913359224842, 0.3], [0.0, 1.0, -0.0, 0.22], [0.9381913359224842, 0.0, -0.34611705707749313, 0.0737500000000001], [0.0, 0.0, 0.0, 1.0]]","[[-0.4675361162052424, -0.04022339629260316, -0.8830583550561122, 0.32497247606380664], [-0.026212980997565333, 0.999155755164492, -0.03163315584786921, 0.22530748116836513], [0.8835852305640581, 0.008357949052399248, -0.4681957763763981, 0.07102267405169216], [0.0, 0.0, 0.0, 1.0]]","[[-0.34611705707749313, -0.0, -0.9381913359224842, 0.3], [0.0, 1.0, -0.0, -0.22], [0.9381913359224842, 0.0, -0.34611705707749313, 0.0737500000000001], [0.0, 0.0, 0.0, 1.0]]","[[-0.46654409290109733, 0.04048638934201186, -0.8835708583113973, 0.32504156571611253], [0.02606613912726773, 0.9991473134139712, 0.03201878337228694, -0.22535056572908968], [0.8841137742225771, -0.008093106677323896, -0.46720160086863927, 0.07074283178695741], [0.0, 0.0, 0.0, 1.0]]"
2.4583333333333335,-30.60471504808772,-5.414276014030298,21.000338678742153,-129.48846115315092,-4.197801393604456,42.54839022702763,3.396701952788589,-30.611278859880102,5.446902120148157,-21.015441934544345,-129.48846115315092,4.19094345679094,42.57172215323239,-3.3659240531714536,"[[-0.35225004792123343, -0.0, -0.9359059267573256, 0.3], [0.0, 1.0, -0.0, 0.22], [0.9359059267573256, 0.0, -0.35225004792123343, 0.07604166666666679], [0.0, 0.0, 0.0, 1.0]]","[[-0.47481812533642725, -0.040164097675096565, -0.8791669881825329, 0.32437827181899975], [-0.02630805175045151, 0.9991594322618071, -0.03143748296792938, 0.22525325442516864], [0.8796906469123656, 0.00820208389426658, -0.4754756476989069, 0.07370759147719855], [0.0, 0.0, 0.0, 1.0]]","[[-0.35225004792123343, -0.0, -0.9359059267573256, 0.3], [0.0, 1.0, -0.0, -0.22], [0.9359059267573256, 0.0, -0.35225004792123343, 0.07604166666666679], [0.0, 0.0, 0.0, 1.0]]","[[-0.47464794589714704, 0.040390556600691754, -0.879248503207771, 0.32438247132364045], [0.026193329434840807, 0.9991522909007953, 0.03175860640536844, -0.22527851364752569], [0.8797859040407146, -0.007956288404747726, -0.4753035456695895, 0.07373077930999627], [0.0, 0.0, 0.0, 1.0]]"
2.466666666666667,-31.09907731002407,-5.264642364127774,21.053894192024224,-129.48846115315092,-4.197801393604456,42.54839022702763,3.396701952788589,-31.13258963318674,5.285357474106777,-21.068833523286337,-129.48846115315092,4.19094345679094,42.57172215323239,-3.3659240531714536,"[[-0.3583679495453004, -0.0, -0.9335804264972017, 0.3], [0.0, 1.0, -0.0, 0.22], [0.9335804264972017, 0.0, -0.3583679495453004, 0.07833333333333348], [0.0, 0.0, 0.0, 1.0]]","[[-0.48350689067817165, -0.04009272673721801, -0.8744219004173565, 0.32363654865273095], [-0.026455188022989316, 0.9991634924737922, -0.03118394353256631, 0.22518513393766032], [0.8749406892432164, 0.008055344210445984, -0.48416309414933356, 0.07692134063341087], [0.0, 0.0, 0.0, 1.0]]","[[-0.3583679495453004, -0.0, -0.9335804264972017, 0.3], [0.0, 1.0, -0.0, -0.22], [0.9335804264972017, 0.0, -0.3583679495453004, 0.07833333333333348], [0.0, 0.0, 0.0, 1.0]]","[[-0.4826432149761427, 0.04031738663206086, -0.8748885845481436, 0.3237012812737948], [0.026367714472503915, 0.9991559565663802, 0.031497906143401824, -0.22521051314787643], [0.8754200538432906, -0.007866561706550293, -0.48329892047875267, 0.07668852066145898], [0.0, 0.0, 0.0, 1.0]]"
2.475,-31.56086298471405,-5.122636754867686,21.101579157714667,-129.48846115315092,-4.197801393604456,42.54839022702763,3.396701952788589,-31.669473237801007,5.1231336511298045,-21.127149678419904,-129.48846115315092,4.19094345679094,42.57172215323239,-3.3659240531714536,"[[-0.36447049987914965, -0.0, -0.9312149347588037, 0.3], [0.0, 1.0, -0.0, 0.22], [0.9312149347588037, 0.0, -0.36447049987914965, 0.08062500000000006], [0.0, 0.0, 0.0, 1.0]]","[[-0.4912159901030973, -0.0400067116688338, -0.8701185632363447, 0.3229488067549025], [-0.026603601166085268, 0.999167710789205, -0.030921418487123847, 0.22511424561926924], [0.8706314372178562, 0.007959192026002098, -0.49187147893556876, 0.07978184138968919], [0.0, 0.0, 0.0, 1.0]]","[[-0.36447049987914965, -0.0, -0.9312149347588037, 0.3], [0.0, 1.0, -0.0, -0.22], [0.9312149347588037, 0.0, -0.36447049987914965, 0.08062500000000006], [0.0, 0.0, 0.0, 1.0]]","[[-0.491058487510677, 0.040242141801708695, -0.8701966052949975, 0.32295120671681676], [0.026479966074984193, 0.9991603589945102, 0.031263211777256814, -0.2251452942556373], [0.8707240511438709, -0.007690711096712233, -0.491711785218163, 0.07980883924960155], [0.0, 0.0, 0.0, 1.0]]"
2.4833333333333334,-32.1107785902647,-4.955018789993695,21.15872393540558,-129.48846115315092,-4.197801393604456,42.54839022702763,3.396701952788589,-32.152500800809726,4.974121975328575,-21.17480220071179,-129.48846115315092,4.19094345679094,42.57172215323239,-3.3659240531714536,"[[-0.3705574375098362, -0.0, -0.9288095528719241, 0.3], [0.0, 1.0, -0.0, 0.22], [0.9288095528719241, 0.0, -0.3705574375098362, 0.08291666666666675], [0.0, 0.0, 0.0, 1.0]]","[[-0.499398521340671, -0.03993374834485435, -0.8654515657307933, 0.32218669002810557], [-0.02671587238964914, 0.9991719173965002, -0.030687809447099628, 0.22504939266462487], [0.8659603796047552, 0.0077958469284200894, -0.5000518430377566, 0.08282550410765901], [0.0, 0.0, 0.0, 1.0]]","[[-0.3705574375098362, -0.0, -0.9288095528719241, 0.3], [0.0, 1.0, -0.0, -0.22], [0.9288095528719241, 0.0, -0.3705574375098362, 0.08291666666666675], [0.0, 0.0, 0.0, 1.0]]","[[-0.49754507537410864, 0.04015027131873711, -0.8665084267818774, 0.32235050124942805], [0.026602456483202263, 0.999164624018924, 0.031021982821569292, -0.22507889465997075], [0.8670301074818751, -0.007616417934580958, -0.498197534014184, 0.08222178469139407], [0.0, 0.0, 0.0, 1.0]]"
2.4916666666666667,-32.61120947527861,-4.802598422909806,21.20778347666649,-129.48846115315092,-4.197801393604456,42.54839022702763,3.396701952788589,-32.63269725040747,4.82717856618539,-21.222220789024604,-129.48846115315092,4.19094345679094,42.57172215323239,-3.3659240531714536,"[[-0.3766285016932108, -0.0, -0.9263643838751181, 0.3], [0.0, 1.0, -0.0, 0.22], [0.9263643838751181, 0.0, -0.3766285016932108, 0.08520833333333344], [0.0, 0.0, 0.0, 1.0]]","[[-0.5068177235798407, -0.03984005977490821, -0.8611321412550341, 0.32146783615537855], [-0.02681174202208677, 0.9991767269108719, -0.030446656457127127, 0.22498065205563403], [0.8616361909501535, 0.007657547702038529, -0.5074686555917535, 0.0855932057044868], [0.0, 0.0, 0.0, 1.0]]","[[-0.3766285016932108, -0.0, -0.9263643838751181, 0.3], [0.0, 1.0, -0.0, -0.22], [0.9263643838751181, 0.0, -0.3766285016932108, 0.08520833333333344], [0.0, 0.0, 0.0, 1.0]]","[[-0.506205464499935, 0.040067896342145054, -0.8614816256851451, 0.32151502183888714], [0.026721449233140765, 0.9991692306813873, 0.030770320285063615, -0.22500883566783503], [0.8619988351855737, -0.007443933253316786, -0.5068555967890995, 0.08545096404372027], [0.0, 0.0, 0.0, 1.0]]"
2.5,-33.083407773358275,-4.658170657815302,21.252994206330097,-129.48846115315092,-4.197801393604456,42.54839022702763,3.396701952788589,-33.16990187391273,4.66360450018687,-21.2745178399521,-129.48846115315092,4.19094345679094,42.57172215323239,-3.3659240531714536,"[[-0.3826834323650897, -0.0, -0.9238795325112868, 0.3], [0.0, 1.0, -0.0, 0.22], [0.9238795325112868, 0.0, -0.3826834323650897, 0.08750000000000002], [0.0, 0.0, 0.0, 1.0]]","[[-0.5151163731264572, -0.0397363361363978, -0.8561986601995474, 0.3206309987942859], [-0.026915491967818374, 0.9991820574650907, -0.030179004820553385, 0.2249041194560144], [0.8566975419768491, 0.007499308653728443, -0.5157645605705585, 0.08869806686034538], [0.0, 0.0, 0.0, 1.0]]","[[-0.3826834323650897, -0.0, -0.9238795325112868, 0.3], [0.0, 1.0, -0.0, -0.22], [0.9238795325112868, 0.0, -0.3826834323650897, 0.08750000000000002], [0.0, 0.0, 0.0, 1.0]]","[[-0.5146358513653595, 0.03996887270933226, -0.856476753743963, 0.32066614961563844], [0.02681710214899799, 0.9991745178321518, 0.030514356411654724, -0.22493530931873354], [0.8569893718837953, -0.007264442802616107, -0.5152828779893484, 0.0886040017490482], [0.0, 0.0, 0.0, 1.0]]"
2.5083333333333333,-33.60512835801511,-4.4970268585008375,21.301037756951967,-129.48846115315092,-4.197801393604456,42.54839022702763,3.396701952788589,-33.67131289107253,4.509859503290822,-21.32074114516016,-129.48846115315092,4.19094345679094,42.57172215323239,-3.3659240531714536,"[[-0.38872197015239557, -0.0, -0.9213551052231925, 0.3], [0.0, 1.0, -0.0, 0.22], [0.9213551052231925, 0.0, -0.38872197015239557, 0.08979166666666671], [0.0, 0.0, 0.0, 1.0]]","[[-0.5227784671403475, -0.03964114753482036, -0.8515463896444584, 0.3198271356231312], [-0.027029699896560268, 0.9991867603838407, -0.02992011358848634, 0.22483133071064595], [0.8520399460224215, 0.007375452241635112, -0.5234248113018152, 0.09157405767018045], [0.0, 0.0, 0.0, 1.0]]","[[-0.38872197015239557, -0.0, -0.9213551052231925, 0.3], [0.0, 1.0, -0.0, -0.22], [0.9213551052231925, 0.0, -0.38872197015239557, 0.08979166666666671], [0.0, 0.0, 0.0, 1.0]]","[[-0.5218536705875163, 0.03985941077122257, -0.852103264790898, 0.3199112794538211], [0.02691336359462536, 0.9991797634482944, 0.030256754211819194, -0.22486131105262402], [0.8526103549420215, -0.0071433667399826255, -0.522498377947012, 0.09131213883115116], [0.0, 0.0, 0.0, 1.0]]"
2.5166666666666666,-34.12720411250879,-4.337463394205584,21.348497326399798,-129.48846115315092,-4.197801393604456,42.54839022702763,3.396701952788589,-34.149525170716394,4.363136794635193,-21.362979034987518,-129.48846115315092,4.19094345679094,42.57172215323239,-3.3659240531714536,"[[-0.3947438563842669, -0.0, -0.9187912101488984, 0.3], [0.0, 1.0, -0.0, 0.22], [0.9187912101488984, 0.0, -0.3947438563842669, 0.0920833333333334], [0.0, 0.0, 0.0, 1.0]]","[[-0.530529691846954, -0.03954622931498072, -0.8467433742378757, 0.3189828844289897], [-0.027097845858726106, 0.9991918402266957, -0.029687929772987204, 0.22476298203422188], [0.8472331159831944, 0.007194593202958677, -0.531172556717731, 0.09449081412644161], [0.0, 0.0, 0.0, 1.0]]","[[-0.3947438563842669, -0.0, -0.9187912101488984, 0.3], [0.0, 1.0, -0.0, -0.22], [0.9187912101488984, 0.0, -0.3947438563842669, 0.0920833333333334], [0.0, 0.0, 0.0, 1.0]]","[[-0.5303893709057885, 0.03974986058786004, -0.8468217426432836, 0.3189831731954126], [0.026990596601648546, 0.9991855175486133, 0.02999682010142509, -0.2247848625541974], [0.8473243906115586, -0.006946229506420947, -0.5310302505228823, 0.09452335117154273], [0.0, 0.0, 0.0, 1.0]]"
2.525,-34.63051392225786,-4.183218939726479,21.39297893336951,-129.48846115315092,-4.197801393604456,42.54839022702763,3.396701952788589,-34.63595416793178,4.212100394631878,-21.404848094599696,-129.48846115315092,4.19094345679094,42.57172215323239,-3.3659240531714536,"[[-0.40074883310314074, -0.0, -0.9161879571171361, 0.3], [0.0, 1.0, -0.0, 0.22], [0.9161879571171361, 0.0, -0.40074883310314074, 0.0943750000000001], [0.0, 0.0, 0.0, 1.0]]","[[-0.5381492466783773, -0.03942865388786355, -0.8419268195942486, 0.3181227471168778], [-0.027179458885045173, 0.9991975161449083, -0.02942109353104489, 0.22468472672997608], [0.8424112210281933, 0.007050176057192839, -0.5387890400735258, 0.09736725273823002], [0.0, 0.0, 0.0, 1.0]]","[[-0.40074883310314074, -0.0, -0.9161879571171361, 0.3], [0.0, 1.0, -0.0, -0.22], [0.9161879571171361, 0.0, -0.40074883310314074, 0.0943750000000001], [0.0, 0.0, 0.0, 1.0]]","[[-0.5362767995284681, 0.03965795915701919, -0.843109981297223, 0.3183211147269077], [0.027075730316824247, 0.9991897732350778, 0.029777540030112612, -0.2247221565223007], [0.8436077874909135, -0.006858814615846712, -0.5369160619191342, 0.09674554741963592], [0.0, 0.0, 0.0, 1.0]]"
2.533333333333333,-35.132911901752735,-4.026747843577949,21.435051191109494,-129.48846115315092,-4.197801393604456,42.54839022702763,3.396701952788589,-35.17383156507028,4.0456341704066805,-21.450005890297238,-129.48846115315092,4.19094345679094,42.57172215323239,-3.3659240531714536,"[[-0.40673664307579993, -0.0, -0.913545457642601, 0.3], [0.0, 1.0, -0.0, 0.22], [0.913545457642601, 0.0, -0.40673664307579993, 0.09666666666666668], [0.0, 0.0, 0.0, 1.0]]","[[-0.5462781592146189, -0.039318293448411826, -0.8366804913259257, 0.3171703136216725], [-0.02728843941869175, 0.9992028177578285, -0.029138806751623662, 0.22460396549421827], [0.8371591926504661, 0.006913811186361286, -0.5469156108356201, 0.10044618955339744], [0.0, 0.0, 0.0, 1.0]]","[[-0.40673664307579993, -0.0, -0.913545457642601, 0.3], [0.0, 1.0, -0.0, -0.22], [0.913545457642601, 0.0, -0.40673664307579993, 0.09666666666666668], [0.0, 0.0, 0.0, 1.0]]","[[-0.5451049268250596, 0.03953176491163646, -0.8374352860454459, 0.3172932372701908], [0.027190309300822266, 0.9991958084306245, 0.02946902602388942, -0.22463346679735474], [0.8379267902574619, -0.006706413172640221, -0.5457414389536366, 0.10008702140880228], [0.0, 0.0, 0.0, 1.0]]"
2.5416666666666665,-35.67170454424002,-3.860980006195386,21.4794644961875,-129.48846115315092,-4.197801393604456,42.54839022702763,3.396701952788589,-35.68043694109388,3.888722100169862,-21.491029713999627,-129.48846115315092,4.19094345679094,42.57172215323239,-3.3659240531714536,"[[-0.41270702980439467, -0.0, -0.9108638249211758, 0.3], [0.0, 1.0, -0.0, 0.22], [0.9108638249211758, 0.0, -0.41270702980439467, 0.09895833333333337], [0.0, 0.0, 0.0, 1.0]]","[[-0.5544441044618731, -0.03919274564496267, -0.831297578317344, 0.3161775550509729], [-0.027355068984097813, 0.9992089611259696, -0.02886437607909969, 0.22452193199893336], [0.8317712637668764, 0.006736519455157262, -0.555077637882561, 0.1035481944471825], [0.0, 0.0, 0.0, 1.0]]","[[-0.41270702980439467, -0.0, -0.9108638249211758, 0.3], [0.0, 1.0, -0.0, -0.22], [0.9108638249211758, 0.0, -0.41270702980439467, 0.09895833333333337], [0.0, 0.0, 0.0, 1.0]]","[[-0.5528261459082715, 0.03941368067405207, -0.8323639913979521, 0.31635962573376886], [0.027273766855559184, 0.9992014485765632, 0.02919943156991687, -0.2245544740171689], [0.8328501630195644, -0.006559492222840968, -0.553459645340167, 0.10301884726470634], [0.0, 0.0, 0.0, 1.0]]"
2.55,-36.12062555762828,-3.721973276867756,21.51352494203106,-129.48846115315092,-4.197801393604456,42.54839022702763,3.396701952788589,-36.15328410714469,3.744771594543612,-21.529534905445573,-129.48846115315092,4.19094345679094,42.57172215323239,-3.3659240531714536,"[[-0.4186597375374277, -0.0, -0.9081431738250815, 0.3], [0.0, 1.0, -0.0, 0.22], [0.9081431738250815, 0.0, -0.4186597375374277, 0.10125000000000006], [0.0, 0.0, 0.0, 1.0]]","[[-0.5620361261177806, -0.039066967855731764, -0.8261895454198616, 0.3152214779190201], [-0.027386104305911797, 0.9992151826451481, -0.028618526558320444, 0.22444587673634675], [0.8266591765833511, 0.006541467265284935, -0.5626649224685625, 0.10644068341713198], [0.0, 0.0, 0.0, 1.0]]","[[-0.4186597375374277, -0.0, -0.9081431738250815, 0.3], [0.0, 1.0, -0.0, -0.22], [0.9081431738250815, 0.0, -0.4186597375374277, 0.10125000000000006], [0.0, 0.0, 0.0, 1.0]]","[[-0.5603183551021547, 0.039280697566510814, -0.8273453739124336, 0.3154225601211595], [0.027314562860118047, 0.9992078343770041, 0.028941637399751623, -0.22447544993786478], [0.8278268270546546, -0.006382046560967202, -0.5609474252461788, 0.10587151988575619], [0.0, 0.0, 0.0, 1.0]]"
2.558333333333333,-36.65683980370388,-3.557814802808377,21.555183973326262,-129.48846115315092,-4.197801393604456,42.54839022702763,3.396701952788589,-36.68104599412241,3.581573615836266,-21.568950219598424,-129.48846115315092,4.19094345679094,42.57172215323239,-3.3659240531714536,"[[-0.42459451128071285, -0.0, -0.9053836208979553, 0.3], [0.0, 1.0, -0.0, 0.22], [0.9053836208979553, 0.0, -0.42459451128071285, 0.10354166666666664], [0.0, 0.0, 0.0, 1.0]]","[[-0.5684564521466886, -0.0389438528333331, -0.8217911160016852, 0.3143878943144123], [-0.027451228122102187, 0.9992206741023633, -0.02836326005604922, 0.22436985175342952], [0.8222552475280337, 0.006435897211303571, -0.5690824958999334, 0.10889519001940917], [0.0, 0.0, 0.0, 1.0]]","[[-0.42459451128071285, -0.0, -0.9053836208979553, 0.3], [0.0, 1.0, -0.0, -0.22], [0.9053836208979553, 0.0, -0.42459451128071285, 0.10354166666666664], [0.0, 0.0, 0.0, 1.0]]","[[-0.5683629652359282, 0.03914047907413446, -0.8218464349536783, 0.3143809594111412], [0.02736601689138924, 0.9992144820185901, 0.028662170954433748, -0.22439042778244805], [0.8223227109035256, -0.006200146947309332, -0.5689876249182476, 0.10894465163921929], [0.0, 0.0, 0.0, 1.0]]"
2.5666666666666664,-37.18113195458323,-3.393685570496382,21.591935513702808,-129.48846115315092,-4.197801393604456,42.54839022702763,3.396701952788589,-37.19108012510936,3.4211600064327583,-21.60468406178864,-129.48846115315092,4.19094345679094,42.57172215323239,-3.3659240531714536,"[[-0.43051109680829525, -0.0, -0.9025852843498606, 0.3], [0.0, 1.0, -0.0, 0.22], [0.9025852843498606, 0.0, -0.43051109680829525, 0.10583333333333345], [0.0, 0.0, 0.0, 1.0]]","[[-0.5767412567813452, -0.03879519745803895, -0.816005180976485, 0.31327673140556556], [-0.02754377436902617, 0.9992272920120593, -0.028038534051458133, 0.22427400688430837], [0.8164624077199039, 0.0063048832216281644, -0.5773641703706414, 0.11207257647748639], [0.0, 0.0, 0.0, 1.0]]","[[-0.43051109680829525, -0.0, -0.9025852843498606, 0.3], [0.0, 1.0, -0.0, -0.22], [0.9025852843498606, 0.0, -0.43051109680829525, 0.10583333333333345], [0.0, 0.0, 0.0, 1.0]]","[[-0.5756612357034261, 0.03902247338628461, -0.8167566273249466, 0.3134034382711095], [0.027445812573055887, 0.9992198957705032, 0.02839590232040249, -0.2243121712025683], [0.817227550368078, -0.0060701290926850615, -0.5762831634293932, 0.11174265467117359], [0.0, 0.0, 0.0, 1.0]]"
2.575,-37.66462738555009,-3.2427919641354026,21.624944110414187,-129.48846115315092,-4.197801393604456,42.54839022702763,3.396701952788589,-37.70833376604901,3.2633290623091615,-21.642608687155132,-129.48846115315092,4.19094345679094,42.57172215323239,-3.3659240531714536,"[[-0.4364092406733424, -0.0, -0.8997482840522213, 0.3], [0.0, 1.0, -0.0, 0.22], [0.8997482840522213, 0.0, -0.4364092406733424, 0.10812500000000014], [0.0, 0.0, 0.0, 1.0]]","[[-0.5843381982266329, -0.03865411723137031, -0.8105891248433548, 0.3122224098108955], [-0.027610373514631158, 0.9992336165724454, -0.027746112987834387, 0.22418619766022965], [0.8110404042756654, 0.006167554832719288, -0.5849576257300615, 0.11499563021786474], [0.0, 0.0, 0.0, 1.0]]","[[-0.4364092406733424, -0.0, -0.8997482840522213, 0.3], [0.0, 1.0, -0.0, -0.22], [0.8997482840522213, 0.0, -0.4364092406733424, 0.10812500000000014], [0.0, 0.0, 0.0, 1.0]]","[[-0.5836934269491061, 0.03886490036153236, -0.8110434654544088, 0.31229216551640304], [0.02747063515899866, 0.9992272279462393, 0.028112472940598418, -0.22422349492729235], [0.8115093021896729, -0.005870813466876089, -0.5843100084791184, 0.11483049786279072], [0.0, 0.0, 0.0, 1.0]]"
2.5833333333333335,-38.13093464547062,-3.0963574040853836,21.65519331070088,-129.48846115315092,-4.197801393604456,42.54839022702763,3.396701952788589,-38.12655649421264,3.1314457933990316,-21.668851981493614,-129.48846115315092,4.19094345679094,42.57172215323239,-3.3659240531714536,"[[-0.4422886902190012, -0.0, -0.8968727415326885, 0.3], [0.0, 1.0, -0.0, 0.22], [0.8968727415326885, 0.0, -0.4422886902190012, 0.11041666666666683], [0.0, 0.0, 0.0, 1.0]]","[[-0.591258680989581, -0.038525387172676805, -0.8055612743284377, 0.31123177630511717], [-0.02768257220423586, 0.9992392563112822, -0.027469689525606918, 0.22410401835475777], [0.8060067290976041, 0.006058315745429574, -0.5918753664917222, 0.1176672345591726], [0.0, 0.0, 0.0, 1.0]]","[[-0.4422886902190012, -0.0, -0.8968727415326885, 0.3], [0.0, 1.0, -0.0, -0.22], [0.8968727415326885, 0.0, -0.4422886902190012, 0.11041666666666683], [0.0, 0.0, 0.0, 1.0]]","[[-0.5899260155451728, 0.038747602922222596, -0.8065270729806772, 0.31140307804811884], [0.02752379629541994, 0.9992324553813982, 0.02787365691742929, -0.22415165912689575], [0.8069880648562809, -0.005755291499489244, -0.5905397021363349, 0.11723496867286895], [0.0, 0.0, 0.0, 1.0]]"
2.591666666666667,-38.650309060147556,-2.9320234795416997,21.68691100165913,-129.48846115315092,-4.197801393604456,42.54839022702763,3.396701952788589,-38.681857703923846,2.9560762041473114,-21.70269556883103,-129.48846115315092,4.19094345679094,42.57172215323239,-3.3659240531714536,"[[-0.44814919358922245, -0.0, -0.8939587799699322, 0.3], [0.0, 1.0, -0.0, 0.22], [0.8939587799699322, 0.0, -0.44814919358922245, 0.11270833333333341], [0.0, 0.0, 0.0, 1.0]]","[[-0.5980006183060923, -0.038399871491504506, -0.8005752371732261, 0.3102384832159132], [-0.02776434943427379, 0.9992446328086345, -0.027190158212644033, 0.2240216985745089], [0.801014607486045, 0.0059677192103024575, -0.598615055708929, 0.1202781856945179], [0.0, 0.0, 0.0, 1.0]]","[[-0.44814919358922245, -0.0, -0.8939587799699322, 0.3], [0.0, 1.0, -0.0, -0.22], [0.8939587799699322, 0.0, -0.44814919358922245, 0.11270833333333341], [0.0, 0.0, 0.0, 1.0]]","[[-0.5980780109679853, 0.038583671959470725, -0.8005085839981371, 0.31020461186130066], [0.027617124010912417, 0.9992394374464957, 0.027528914126360278, -0.22404944227349047], [0.8009619137374414, -0.005643306631274422, -0.5986887052820697, 0.12039078278394275], [0.0, 0.0, 0.0, 1.0]]"
2.6,-39.14796347326386,-2.774406405716489,21.715812947132036,-129.48846115315092,-4.197801393604456,42.54839022702763,3.396701952788589,-39.179375513256744,2.799162639806612,-21.732734740800744,-129.48846115315092,4.19094345679094,42.57172215323239,-3.3659240531714536,"[[-0.45399049973954675, -0.0, -0.8910065241883679, 0.3], [0.0, 1.0, -0.0, 0.22], [0.8910065241883679, 0.0, -0.45399049973954675, 0.1150000000000001], [0.0, 0.0, 0.0, 1.0]]","[[-0.6057128617961063, -0.03825098634333819, -0.7947633554074651, 0.3090675518800151], [-0.02785063650717794, 0.9992509747017715, -0.026866923971767216, 0.22392576671073214], [0.7951957438900916, 0.005861023914080854, -0.606324481855848, 0.1232745170127011], [0.0, 0.0, 0.0, 1.0]]","[[-0.45399049973954675, -0.0, -0.8910065241883679, 0.3], [0.0, 1.0, -0.0, -0.22], [0.8910065241883679, 0.0, -0.45399049973954675, 0.1150000000000001], [0.0, 0.0, 0.0, 1.0]]","[[-0.6046845800488798, 0.0384539236739401, -0.7955362055904112, 0.3092028535004171], [0.027711551563519562, 0.9992448187345047, 0.02723714636648867, -0.22396431190928434], [0.7959828066993988, -0.005575660169515301, -0.605293551471203, 0.12295740956529483], [0.0, 0.0, 0.0, 1.0]]"
2.6083333333333334,-39.660132038366434,-2.61330977739598,21.74461585486198,-129.48846115315092,-4.197801393604456,42.54839022702763,3.396701952788589,-39.683064398504754,2.640210477442075,-21.76025015787214,-129.48846115315092,4.19094345679094,42.57172215323239,-3.3659240531714536,"[[-0.4598123584478598, -0.0, -0.8880161006528073, 0.3], [0.0, 1.0, -0.0, 0.22], [0.8880161006528073, 0.0, -0.4598123584478598, 0.1172916666666668], [0.0, 0.0, 0.0, 1.0]]","[[-0.6131322852533336, -0.0380967020648802, -0.7890611142819068, 0.307905578364728], [-0.027907740285829354, 0.9992575927234926, -0.02655977064263471, 0.22383237874568998], [0.7894871492381388, 0.005736259777103552, -0.613740284250273, 0.1261664498670883], [0.0, 0.0, 0.0, 1.0]]","[[-0.4598123584478598, -0.0, -0.8880161006528073, 0.3], [0.0, 1.0, -0.0, -0.22], [0.8880161006528073, 0.0, -0.4598123584478598, 0.1172916666666668], [0.0, 0.0, 0.0, 1.0]]","[[-0.6125729381329967, 0.03829056972449507, -0.7894860529086513, 0.30797054932418766], [0.027769308971163115, 0.9992518699846384, 0.026917760149525308, -0.2238670440471878], [0.7899261110675936, -0.005434390708890362, -0.6131779565927424, 0.12603064041684195], [0.0, 0.0, 0.0, 1.0]]"
2.6166666666666667,-40.166027074716354,-2.4543667930981403,21.77165315869148,-129.48846115315092,-4.197801393604456,42.54839022702763,3.396701952788589,-40.20903677591993,2.477578123775371,-21.790504480800713,-129.48846115315092,4.19094345679094,42.57172215323239,-3.3659240531714536,"[[-0.46561452032511136, -0.0, -0.8849876374630418, 0.3], [0.0, 0.9999999999999998, -0.0, 0.22], [0.8849876374630418, 0.0, -0.46561452032511136, 0.11958333333333337], [0.0, 0.0, 0.0, 1.0]]","[[-0.6205570042472377, -0.03793007527329576, -0.783243457597608, 0.30670718769240124], [-0.027938018354847154, 0.999264767318264, -0.02625627404603377, 0.22373776164387243], [0.7836634938607886, 0.005588755329974706, -0.621160441596021, 0.12906982714683335], [0.0, 0.0, 0.0, 1.0]]","[[-0.46561452032511136, -0.0, -0.8849876374630418, 0.3], [0.0, 0.9999999999999998, -0.0, -0.22], [0.8849876374630418, 0.0, -0.46561452032511136, 0.11958333333333337], [0.0, 0.0, 0.0, 1.0]]","[[-0.619979039314505, 0.038125843133086534, -0.7836915278960561, 0.30677704600496813], [0.02781133229390664, 0.9992589064224868, 0.026611421070174834, -0.22377255258105758], [0.7841253220032507, -0.005296982228355852, -0.6205799073226357, 0.12892605284596087], [0.0, 0.0, 0.0, 1.0]]"
2.625,-40.67282028094213,-2.296113657906472,21.79803476436065,-129.48846115315092,-4.197801393604456,42.54839022702763,3.396701952788589,-40.680367639974996,2.3297314221144516,-21.81405155796433,-129.48846115315092,4.19094345679094,42.57172215323239,-3.3659240531714536,"[[-0.47139673682599786, -0.0, -0.8819212643483549, 0.3], [0.0, 1.0, -0.0, 0.22], [0.8819212643483549, 0.0, -0.47139673682599786, 0.12187500000000007], [0.0, 0.0, 0.0, 1.0]]","[[-0.6276415505856456, -0.03777312186247684, -0.7775855420744454, 0.30552939078906705], [-0.027975086299797315, 0.9992714325274674, -0.025961484568918437, 0.22364654324101954], [0.7779996648617308, 0.005458516214666007, -0.6282409777113944, 0.13185003979685317], [0.0, 0.0, 0.0, 1.0]]","[[-0.47139673682599786, -0.0, -0.8819212643483549, 0.3], [0.0, 1.0, -0.0, -0.22], [0.8819212643483549, 0.0, -0.47139673682599786, 0.12187500000000007], [0.0, 0.0, 0.0, 1.0]]","[[-0.6272885823073424, 0.03795253070941498, -0.7778615814652345, 0.3055636123955079], [0.027807617996818648, 0.9992664581243242, 0.026330249695200595, -0.22368204251221416], [0.778290287031894, -0.005113812708685755, -0.6278838093400665, 0.13179247666061716], [0.0, 0.0, 0.0, 1.0]]"
2.6333333333333333,-41.15887703284775,-2.1456102261018297,21.822063369860757,-129.48846115315092,-4.197801393604456,42.54839022702763,3.396701952788589,-41.197518828077094,2.165842100197054,-21.837520087952495,-129.48846115315092,4.19094345679094,42.57172215323239,-3.3659240531714536,"[[-0.4771587602596085, -0.0, -0.8788171126619653, 0.3], [0.0, 1.0, -0.0, 0.22], [0.8788171126619653, 0.0, -0.4771587602596085, 0.12416666666666676], [0.0, 0.0, 0.0, 1.0]]","[[-0.6347956047570699, -0.037595471258991826, -0.7717649387747025, 0.30430587744499527], [-0.027984855260489144, 0.9992789391519198, -0.025660273643581206, 0.22355082150330358], [0.772173159373696, 0.00530870118092128, -0.6353899823215788, 0.134666597353229], [0.0, 0.0, 0.0, 1.0]]","[[-0.4771587602596085, -0.0, -0.8788171126619653, 0.3], [0.0, 1.0, -0.0, -0.22], [0.8788171126619653, 0.0, -0.4771587602596085, 0.12416666666666676], [0.0, 0.0, 0.0, 1.0]]","[[-0.6333089916275184, 0.037807406856307124, -0.772974980908527, 0.3045369747594112], [0.02784449591788972, 0.9992724480465972, 0.026062590470627985, -0.22359949439959942], [0.7733979604128877, -0.005017425810383983, -0.6339009546194286, 0.1341622603170638], [0.0, 0.0, 0.0, 1.0]]"
2.6416666666666666,-41.648755275593984,-1.990536757412214,21.84326086194989,-129.48846115315092,-4.197801393604456,42.54839022702763,3.396701952788589,-41.69305929764528,2.0085680299342243,-21.858748315892896,-129.48846115315092,4.19094345679094,42.57172215323239,-3.3659240531714536,"[[-0.48290034380003716, -0.0, -0.8756753153753999, 0.3], [0.0, 1.0, -0.0, 0.22], [0.8756753153753999, 0.0, -0.48290034380003716, 0.12645833333333345], [0.0, 0.0, 0.0, 1.0]]","[[-0.6417887032076772, -0.037427936317469684, -0.7659676298761086, 0.3030752514681411], [-0.028029504243963554, 0.9992857757108959, -0.025343349299386277, 0.22345318062286346], [0.7663691064538324, 0.005204617650558775, -0.642379408627227, 0.13743049512523375], [0.0, 0.0, 0.0, 1.0]]","[[-0.48290034380003716, -0.0, -0.8756753153753999, 0.3], [0.0, 1.0, -0.0, -0.22], [0.8756753153753999, 0.0, -0.48290034380003716, 0.12645833333333345], [0.0, 0.0, 0.0, 1.0]]","[[-0.6407534212796102, 0.037630846437995163, -0.7668239514483324, 0.30323260333210605], [0.027905210873413692, 0.9992796085781779, 0.025720868685836108, -0.22349532233868621], [0.7672394361114296, -0.004917649459216977, -0.6413419247166146, 0.13710279095215328], [0.0, 0.0, 0.0, 1.0]]"
2.65,-42.17290740759535,-1.8236590142895235,21.86408610872926,-129.48846115315092,-4.197801393604456,42.54839022702763,3.396701952788589,-42.20482488158682,1.8481147200561658,-21.88042221367664,-129.48846115315092,4.19094345679094,42.57172215323239,-3.3659240531714536,"[[-0.48862124149695463, -0.0, -0.8724960070727973, 0.3], [0.0, 1.0, -0.0, 0.22], [0.8724960070727973, 0.0, -0.48862124149695463, 0.12875000000000003], [0.0, 0.0, 0.0, 1.0]]","[[-0.6491420365625302, -0.03724690708512446, -0.7597547527196143, 0.3017437568349765], [-0.028068921836585835, 0.999293120770502, -0.025007886909578822, 0.22334912510620192], [0.760149164305521, 0.005091826130452021, -0.6497286520635173, 0.14034715648066998], [0.0, 0.0, 0.0, 1.0]]","[[-0.48862124149695463, -0.0, -0.8724960070727973, 0.3], [0.0, 1.0, -0.0, -0.22], [0.8724960070727973, 0.0, -0.48862124149695463, 0.12875000000000003], [0.0, 0.0, 0.0, 1.0]]","[[-0.6483528271027107, 0.037437774858605416, -0.7604189796431694, 0.3018608225459338], [0.027924449681514613, 0.9992875604687409, 0.02538890707409213, -0.22339057096922824], [0.7608277312886979, -0.00477331185537872, -0.6489363441787063, 0.14011474633504561], [0.0, 0.0, 0.0, 1.0]]"
2.658333333333333,-42.68593657653335,-1.6600567737606775,21.88278375158217,-129.48846115315092,-4.197801393604456,42.54839022702763,3.396701952788589,-42.69208374678636,1.692461645782451,-21.897837488512877,-129.48846115315092,4.19094345679094,42.57172215323239,-3.3659240531714536,"[[-0.49432120828614434, -0.0, -0.8692793239451438, 0.3], [0.0, 1.0, -0.0, 0.22], [0.8692793239451438, 0.0, -0.49432120828614434, 0.13104166666666672], [0.0, 0.0, 0.0, 1.0]]","[[-0.6560075052778385, -0.03707484635308962, -0.7538432256026724, 0.30046505525718037], [-0.028107557218816737, 0.9993000136954224, -0.02468699770161084, 0.2232496718461206], [0.7542308123156583, 0.004993835822611028, -0.6565903923736922, 0.14308041140300953], [0.0, 0.0, 0.0, 1.0]]","[[-0.49432120828614434, -0.0, -0.8692793239451438, 0.3], [0.0, 1.0, -0.0, -0.22], [0.8692793239451438, 0.0, -0.49432120828614434, 0.13104166666666672], [0.0, 0.0, 0.0, 1.0]]","[[-0.6551087434111821, 0.037269203176436824, -0.7546148294334108, 0.3006059158896775], [0.0279800860062685, 0.9992942317099652, 0.025062985821173292, -0.22329100972001656], [0.7550163237263842, -0.004695206681711363, -0.6556891839438196, 0.14280346390882342], [0.0, 0.0, 0.0, 1.0]]"
2.6666666666666665,-43.17420630973005,-1.506338777456192,21.900115356601077,-129.48846115315092,-4.197801393604456,42.54839022702763,3.396701952788589,-43.19044508448175,1.5330536750125217,-21.914110414210434,-129.48846115315092,4.19094345679094,42.57172215323239,-3.3659240531714536,"[[-0.4999999999999998, -0.0, -0.8660254037844388, 0.3], [0.0, 1.0, -0.0, 0.22], [0.8660254037844388, 0.0, -0.4999999999999998, 0.13333333333333341], [0.0, 0.0, 0.0, 1.0]]","[[-0.6633157906234817, -0.03688169339599435, -0.7474301991502545, 0.2990654160793189], [-0.028129521114842505, 0.9993077462217674, -0.024346629808281915, 0.2231424783863382], [0.7478107327067425, 0.004875349568570284, -0.6638940721343949, 0.1460003542228207], [0.0, 0.0, 0.0, 1.0]]","[[-0.4999999999999998, -0.0, -0.8660254037844388, 0.3], [0.0, 1.0, -0.0, -0.22], [0.8660254037844388, 0.0, -0.4999999999999998, 0.13333333333333341], [0.0, 0.0, 0.0, 1.0]]","[[-0.6615514546370764, 0.037104850946030415, -0.7489812433591655, 0.2993776028066559], [0.02803132908675704, 0.9993006807631266, 0.024746596048386894, -0.22319411146813967], [0.749375685125424, -0.0046237930992827515, -0.6621289172662501, 0.14537641214444375], [0.0, 0.0, 0.0, 1.0]]"
2.675,-43.599597321427616,-1.3753699001211974,21.915737706780188,-129.48846115315092,-4.197801393604456,42.54839022702763,3.396701952788589,-43.6983379511639,1.3818221877310382,-21.935893595020897,-129.48846115315092,4.19094345679094,42.57172215323239,-3.3659240531714536,"[[-0.5056573733779843, -0.0, -0.862734385977792, 0.3], [0.0, 1.0, -0.0, 0.22], [0.862734385977792, 0.0, -0.5056573733779843, 0.135625], [0.0, 0.0, 0.0, 1.0]]","[[-0.6693786945148714, -0.03669203898504074, -0.7420147286979464, 0.29787407873669475], [-0.028056116006735562, 0.9993156513364365, -0.024105670466728266, 0.22305863109936316], [0.7423914181105431, 0.004682229079631738, -0.6699500422021503, 0.1484288840303608], [0.0, 0.0, 0.0, 1.0]]","[[-0.5056573733779843, -0.0, -0.862734385977792, 0.3], [0.0, 1.0, -0.0, -0.22], [0.862734385977792, 0.0, -0.5056573733779843, 0.135625], [0.0, 0.0, 0.0, 1.0]]","[[-0.6684735706351081, 0.03687461657808435, -0.7428212086461776, 0.2980241399783156], [0.027881804943122514, 0.9993105496940597, 0.02451591775295786, -0.22310675400641666], [0.7432130854038177, -0.004322952969370854, -0.6690408221941035, 0.1481448849752789], [0.0, 0.0, 0.0, 1.0]]"
2.683333333333333,-44.15043158742163,-1.1987603113700025,21.93034235877297,-129.48846115315092,-4.197801393604456,42.54839022702763,3.396701952788589,-44.142481247227735,1.2368044650469736,-21.945734190067594,-129.48846115315092,4.19094345679094,42.57172215323239,-3.3659240531714536,"[[-0.5112930860770519, -0.0, -0.8594064115014527, 0.3], [0.0, 1.0, -0.0, 0.22], [0.8594064115014527, 0.0, -0.5112930860770519, 0.1379166666666667], [0.0, 0.0, 0.0, 1.0]]","[[-0.6762327803827883, -0.036519480711719426, -0.7357822736817666, 0.2964913356700746], [-0.02814318913828398, 0.9993220889632013, -0.02373443522291136, 0.222947361689303], [0.7361502480070835, 0.004657256571218052, -0.6768021293704236, 0.1511889789389555], [0.0, 0.0, 0.0, 1.0]]","[[-0.5112930860770519, -0.0, -0.8594064115014527, 0.3], [0.0, 1.0, -0.0, -0.22], [0.8594064115014527, 0.0, -0.5112930860770519, 0.1379166666666667], [0.0, 0.0, 0.0, 1.0]]","[[-0.6753061537440892, 0.036698792638930916, -0.7366239185189476, 0.2966499859870169], [0.02798443960836386, 0.9993170434552243, 0.02413126187572692, -0.22299255182410077], [0.73700642456845, -0.004318017919581311, -0.6758719441329666, 0.15089514700083284], [0.0, 0.0, 0.0, 1.0]]"
2.6916666666666664,-44.6575014163088,-1.0390676070890483,21.943942972957757,-129.48846115315092,-4.197801393604456,42.54839022702763,3.396701952788589,-44.67113447389214,1.067488237668883,-21.95837174757941,-129.48846115315092,4.19094345679094,42.57172215323239,-3.3659240531714536,"[[-0.5169068966820273, -0.0, -0.8560416229147715, 0.3], [0.0, 0.9999999999999999, -0.0, 0.22], [0.8560416229147715, 0.0, -0.5169068966820273, 0.1402083333333335], [0.0, 0.0, 0.0, 1.0]]","[[-0.6830246411847496, -0.036320348417470935, -0.7294917215604835, 0.2950846918590555], [-0.02813850030953284, 0.9993298956607244, -0.023409067453798223, 0.22284258994656095], [0.7298531114784501, 0.004537833134831179, -0.6835889435440468, 0.15393193830046126], [0.0, 0.0, 0.0, 1.0]]","[[-0.5169068966820273, -0.0, -0.8560416229147715, 0.3], [0.0, 0.9999999999999999, -0.0, -0.22], [0.8560416229147715, 0.0, -0.5169068966820273, 0.1402083333333335], [0.0, 0.0, 0.0, 1.0]]","[[-0.6824686563464397, 0.036494513449628216, -0.7300032079331981, 0.29516986547347995], [0.0280028849718041, 0.9993249696281623, 0.023779056140396736, -0.22288122931628226], [0.7303782386804395, -0.004213735367478223, -0.6830299209378106, 0.15378692028085603], [0.0, 0.0, 0.0, 1.0]]"
2.7,-45.155483678505256,-0.8824334401740848,21.955748954938123,-129.48846115315092,-4.197801393604456,42.54839022702763,3.396701952788589,-45.20353405931629,0.8997083759672221,-21.970833427720095,-129.48846115315092,4.19094345679094,42.57172215323239,-3.3659240531714536,"[[-0.5224985647159488, -0.0, -0.8526401643540922, 0.3], [0.0, 1.0, -0.0, 0.22], [0.8526401643540922, 0.0, -0.5224985647159488, 0.14250000000000018], [0.0, 0.0, 0.0, 1.0]]","[[-0.689643591424218, -0.03611779019123497, -0.72324769065598, 0.29367749111352204], [-0.028126267846883074, 0.9993377595401731, -0.023085827129047602, 0.22273782413686596], [0.7236025358333894, 0.004421265534754694, -0.6902027401760729, 0.15661520840200774], [0.0, 0.0, 0.0, 1.0]]","[[-0.5224985647159488, -0.0, -0.8526401643540922, 0.3], [0.0, 1.0, -0.0, -0.22], [0.8526401643540922, 0.0, -0.5224985647159488, 0.14250000000000018], [0.0, 0.0, 0.0, 1.0]]","[[-0.6883616223732085, 0.03631867641288686, -0.7244578873801709, 0.29392069088419104], [0.02801338963553837, 0.9993317208367578, 0.023481093044659944, -0.22278659420610358], [0.7248265494894982, -0.0041310377704013215, -0.6889190138776022, 0.15617495178245436], [0.0, 0.0, 0.0, 1.0]]"
2.7083333333333335,-45.64987326119829,-0.7270327093736901,21.966014729260653,-129.48846115315092,-4.197801393604456,42.54839022702763,3.396701952788589,-45.664271299968675,0.7531668807680101,-21.97957436231042,-129.48846115315092,4.19094345679094,42.57172215323239,-3.3659240531714536,"[[-0.5280678506503679, -0.0, -0.8492021815265789, 0.3], [0.0, 0.9999999999999999, -0.0, 0.22], [0.8492021815265789, 0.0, -0.5280678506503679, 0.14479166666666676], [0.0, 0.0, 0.0, 1.0]]","[[-0.6961599998828861, -0.035911765445894174, -0.7169878657729287, 0.2922560516545395], [-0.02810792298850018, 0.9993456855845012, -0.02276280670119909, 0.22263258054754048], [0.7173361828517593, 0.004306484204393663, -0.6967138974970034, 0.15926696934465095], [0.0, 0.0, 0.0, 1.0]]","[[-0.5280678506503679, -0.0, -0.8492021815265789, 0.3], [0.0, 0.9999999999999999, -0.0, -0.22], [0.8492021815265789, 0.0, -0.5280678506503679, 0.14479166666666676], [0.0, 0.0, 0.0, 1.0]]","[[-0.6947487966591884, 0.0361363030711156, -0.7183441216721707, 0.2925334557885523], [0.02805432052823719, 0.9993385543628456, 0.02313890368355792, -0.2226804919821758], [0.7187051305231575, -0.004076930748801369, -0.6953030375277823, 0.1587733903446611], [0.0, 0.0, 0.0, 1.0]]"
2.716666666666667,-46.129359371122355,-0.5774053560518075,21.97498959783005,-129.48846115315092,-4.197801393604456,42.54839022702763,3.396701952788589,-46.1576841656104,0.5985137888774675,-21.98868071202134,-129.48846115315092,4.19094345679094,42.57172215323239,-3.3659240531714536,"[[-0.5336145159156114, -0.0, -0.8457278217039732, 0.3], [0.0, 1.0, -0.0, 0.22], [0.8457278217039732, 0.0, -0.5336145159156114, 0.14708333333333345], [0.0, 0.0, 0.0, 1.0]]","[[-0.7024336773872469, -0.03570022043244769, -0.7108533063391518, 0.29085308775101193], [-0.028068685546256553, 0.9993537979504207, -0.022452960022578253, 0.22252969132120842], [0.7111955270978121, 0.0041810026482619455, -0.7029818215664762, 0.16182921654180815], [0.0, 0.0, 0.0, 1.0]]","[[-0.5336145159156114, -0.0, -0.8457278217039732, 0.3], [0.0, 1.0, -0.0, -0.22], [0.8457278217039732, 0.0, -0.5336145159156114, 0.14708333333333345], [0.0, 0.0, 0.0, 1.0]]","[[-0.7016171927710992, 0.035914266117994, -0.7116484246432421, 0.2910030867180705], [0.028031376863070702, 0.999347053908717, 0.022797099708704603, -0.22256880119214892], [0.7120024976916602, -0.00395364808424112, -0.7021658008958165, 0.16157682280852576], [0.0, 0.0, 0.0, 1.0]]"
2.725,-46.5757771201798,-0.43663817214603307,21.981345088852745,-129.48846115315092,-4.197801393604456,42.54839022702763,3.396701952788589,-46.63913395492084,0.4423157668936062,-21.9932910897111,-129.48846115315092,4.19094345679094,42.57172215323239,-3.3659240531714536,"[[-0.5391383229110004, -0.0, -0.8422172337162865, 0.3], [0.0, 1.0000000000000002, -0.0, 0.22], [0.8422172337162865, 0.0, -0.5391383229110004, 0.14937500000000015], [0.0, 0.0, 0.0, 1.0]]","[[-0.7089721963113503, -0.035486052279565014, -0.7043430733322165, 0.2893533524047224], [-0.028055442023532884, 0.9993618210421115, -0.02210979005460676, 0.22241843884795132], [0.7046781655694494, 0.004085429843551567, -0.7095153220563098, 0.1645109480749905], [0.0, 0.0, 0.0, 1.0]]","[[-0.5391383229110004, -0.0, -0.8422172337162865, 0.3], [0.0, 1.0000000000000002, -0.0, -0.22], [0.8422172337162865, 0.0, -0.5391383229110004, 0.14937500000000015], [0.0, 0.0, 0.0, 1.0]]","[[-0.7076716590065184, 0.03571474905607728, -0.7056382073972637, 0.289619450707274], [0.028015221541234987, 0.9993545827340256, 0.0224847799744115, -0.22246717358159213], [0.7059858145890453, -0.0038567691613059316, -0.7082154721062504, 0.1640579678227368], [0.0, 0.0, 0.0, 1.0]]"
2.7333333333333334,-47.10811864899601,-0.26544676435608305,21.985695919354043,-129.48846115315092,-4.197801393604456,42.54839022702763,3.396701952788589,-47.11644806468884,0.2891826855780823,-21.997442137179174,-129.48846115315092,4.19094345679094,42.57172215323239,-3.3659240531714536,"[[-0.5446390350150272, -0.0, -0.838670567945424, 0.3], [0.0, 1.0, -0.0, 0.22], [0.838670567945424, 0.0, -0.5446390350150272, 0.15166666666666673], [0.0, 0.0, 0.0, 1.0]]","[[-0.714755496144541, -0.035297732580019, -0.6984831070297124, 0.2879941835901496], [-0.028055013150256432, 0.9993687623174989, -0.021794337363848275, 0.22231722173143442], [0.6988114888639927, 0.00401833033731167, -0.7152945938933064, 0.16689245886313947], [0.0, 0.0, 0.0, 1.0]]","[[-0.5446390350150272, -0.0, -0.838670567945424, 0.3], [0.0, 1.0, -0.0, -0.22], [0.838670567945424, 0.0, -0.5446390350150272, 0.15166666666666673], [0.0, 0.0, 0.0, 1.0]]","[[-0.7140627160663668, 0.03553379724509284, -0.6991793666701471, 0.2881217562136549], [0.028082960392994225, 0.9993610674453641, 0.022108916979997412, -0.22235266199172035], [0.6995182519845276, -0.003847873153773756, -0.7146043723716669, 0.1666896187985606], [0.0, 0.0, 0.0, 1.0]]"
2.7416666666666667,-47.53952705735235,-0.13375732874407864,21.991465721655413,-129.48846115315092,-4.197801393604456,42.54839022702763,3.396701952788589,-47.58371155109317,0.14807828776246487,-22.00441746786905,-129.48846115315092,4.19094345679094,42.57172215323239,-3.3659240531714536,"[[-0.5501164165954935, -0.0, -0.8350879763187431, 0.3], [0.0, 1.0, -0.0, 0.22], [0.8350879763187431, 0.0, -0.5501164165954935, 0.15395833333333342], [0.0, 0.0, 0.0, 1.0]]","[[-0.7209684175780429, -0.035068714598868365, -0.6920799997914953, 0.2864997748856387], [-0.027994138762249203, 0.9993773336914586, -0.021477269349501435, 0.22221007619988534], [0.6924022451219904, 0.0038897506519330657, -0.7215012132975891, 0.16945911751249249], [0.0, 0.0, 0.0, 1.0]]","[[-0.5501164165954935, -0.0, -0.8350879763187431, 0.3], [0.0, 1.0, -0.0, -0.22], [0.8350879763187431, 0.0, -0.5501164165954935, 0.15395833333333342], [0.0, 0.0, 0.0, 1.0]]","[[-0.7200069901050405, 0.035281130393268724, -0.6930693876070805, 0.2866968767767472], [0.027944114499548516, 0.9993707987962122, 0.021843373783760917, -0.2222550675380237], [0.6934039664327832, -0.003639828511639173, -0.7205398607875138, 0.1691414488484575], [0.0, 0.0, 0.0, 1.0]]"
2.75,-48.0562342831584,0.03179935640854266,21.99258928777388,-129.41763209145788,-4.197801393604456,42.54839022702763,3.396701952788589,-48.057900849315885,-0.004772116102397046,-22.005020232063302,-129.41800092167307,4.19094345679094,42.57172215323239,-3.3659240531714536,"[[-0.555570233019602, -0.0, -0.8314696123025455, 0.3], [0.0, 1.0, -0.0, 0.22], [0.8314696123025455, 0.0, -0.555570233019602, 0.1562500000000001], [0.0, 0.0, 0.0, 1.0]]","[[-0.7261472161408813, -0.03481530177594759, -0.686657203598053, 0.2854760576240319], [-0.02789608723633508, 0.9993866085443108, -0.021171088285753648, 0.22213128513732266], [0.6869730917639724, 0.003781722431656356, -0.726673014338429, 0.1719012064384421], [0.0, 0.0, 0.0, 1.0]]","[[-0.555570233019602, -0.0, -0.8314696123025455, 0.3], [0.0, 1.0, -0.0, -0.22], [0.8314696123025455, 0.0, -0.555570233019602, 0.1562500000000001], [0.0, 0.0, 0.0, 1.0]]","[[-0.7249370916636946, 0.03507735819868435, -0.6879213560226093, 0.28565427583041664], [0.027911505413622067, 0.9993781809755624, 0.02154528383479292, -0.2221752890012911], [0.6882493450746828, -0.0035819452505077027, -0.7254653738618355, 0.17138034720172582], [0.0, 0.0, 0.0, 1.0]]"
2.7583333333333333,-48.5468740919971,0.18248479207723553,21.992970070820107,-129.22335419070603,-4.197801393604456,42.54839022702763,3.396701952788589,-48.56701290476488,-0.1557566476891757,-22.007946968122653,-129.21909215266396,4.19094345679094,42.57172215323239,-3.3659240531714536,"[[-0.5610002506640097, -0.0, -0.8278156308955023, 0.3], [0.0, 1.0, -0.0, 0.22], [0.8278156308955023, 0.0, -0.5610002506640097, 0.1585416666666667], [0.0, 0.0, 0.0, 1.0]]","[[-0.7298962849793734, -0.03441496166291717, -0.682691016190377, 0.2851599682543174], [-0.02753000562094913, 0.9994014823038443, -0.020946979719987324, 0.22209687502241246], [0.6830033030401976, 0.0035053648339355235, -0.7304068732244796, 0.17419912956443695], [0.0, 0.0, 0.0, 1.0]]","[[-0.5610002506640097, -0.0, -0.8278156308955023, 0.3], [0.0, 1.0, -0.0, -0.22], [0.8278156308955023, 0.0, -0.5610002506640097, 0.1585416666666667], [0.0, 0.0, 0.0, 1.0]]","[[-0.72935367443896, 0.034597767769561284, -0.6832614521892413, 0.28519768906402393], [0.02742611252833103, 0.9993962506845367, 0.021329380424058835, -0.22213557416137225], [0.6835868825057798, -0.00318254348821927, -0.729862209929364, 0.17397584842957314], [0.0, 0.0, 0.0, 1.0]]"
2.7666666666666666,-48.95725576299356,0.29965360569954985,21.99460760867362,-129.01766987404028,-4.197801393604456,42.54839022702763,3.396701952788589,-49.04444312774877,-0.2853190663441029,-22.01266492129184,-128.97735809755886,4.19094345679094,42.57172215323239,-3.3659240531714536,"[[-0.5664062369248325, -0.0, -0.8241261886220158, 0.3], [0.0, 0.9999999999999999, -0.0, 0.22], [0.8241261886220158, 0.0, -0.5664062369248325, 0.16083333333333338], [0.0, 0.0, 0.0, 1.0]]","[[-0.7327095711922802, -0.033935483502223654, -0.6796948339090827, 0.28513981326111704], [-0.026988446034933243, 0.9994192182858397, -0.020805045098274168, 0.22208150979758268], [0.6800061088430345, 0.0030998516725856753, -0.7331998928367103, 0.1762061799667804], [0.0, 0.0, 0.0, 1.0]]","[[-0.5664062369248325, -0.0, -0.8241261886220158, 0.3], [0.0, 0.9999999999999999, -0.0, -0.22], [0.8241261886220158, 0.0, -0.5664062369248325, 0.16083333333333338], [0.0, 0.0, 0.0, 1.0]]","[[-0.732553361367403, 0.034014644859255844, -0.6798592329919615, 0.2851761557154651], [0.0267342662839208, 0.9994178264298202, 0.021196396404919764, -0.22212083874076075], [0.6801844248110802, -0.002648046335089341, -0.7330362447348887, 0.17625492636919177], [0.0, 0.0, 0.0, 1.0]]"
2.775,-49.413208456132345,0.427485958782054,21.995444306846945,-128.77163279975807,-4.197801393604456,42.54839022702763,3.396701952788589,-49.51197299153073,-0.40514008777785815,-22.01829299716793,-128.72343898497448,4.19094345679094,42.57172215323239,-3.3659240531714536,"[[-0.571787960227612, -0.0, -0.8204014435255137, 0.3], [0.0, 0.9999999999999999, -0.0, 0.22], [0.8204014435255137, 0.0, -0.571787960227612, 0.16312500000000008], [0.0, 0.0, 0.0, 1.0]]","[[-0.7355103392178224, -0.033380088102073324, -0.6766907052871214, 0.28520833889650477], [-0.026352586224926568, 0.9994392462407042, -0.020657547605431623, 0.22206724185310267], [0.6770007991892932, 0.0026387103120059097, -0.7359775506800108, 0.1783437138051276], [0.0, 0.0, 0.0, 1.0]]","[[-0.571787960227612, -0.0, -0.8204014435255137, 0.3], [0.0, 0.9999999999999999, -0.0, -0.22], [0.8204014435255137, 0.0, -0.571787960227612, 0.16312500000000008], [0.0, 0.0, 0.0, 1.0]]","[[-0.7348111757548741, 0.03345266460786415, -0.677446274782269, 0.28524566612435737], [0.02598901094472278, 0.9994381897009612, 0.021163087614537383, -0.22211784165643816], [0.6777736401600868, -0.002055285357136437, -0.7352677529351099, 0.1779831787379237], [0.0, 0.0, 0.0, 1.0]]"
2.783333333333333,-49.92278837953949,0.5639023388669567,21.997530929638383,-128.4881936095809,-4.197801393604456,42.54839022702763,3.396701952788589,-49.99317006384189,-0.5255787344033971,-22.023859601341492,-128.45493058832292,4.19094345679094,42.57172215323239,-3.3659240531714536,"[[-0.5771451900372336, -0.0, -0.816641555161679, 0.3], [0.0, 1.0, -0.0, 0.22], [0.816641555161679, 0.0, -0.5771451900372336, 0.16541666666666677], [0.0, 0.0, 0.0, 1.0]]","[[-0.7379778875814105, -0.03279375372665927, -0.6740276011836566, 0.28530602673830324], [-0.025627283458370773, 0.9994599456349937, -0.020568408150363315, 0.2220588215153748], [0.674338104946935, 0.0020944659965818676, -0.7384197542243611, 0.18029868174481734], [0.0, 0.0, 0.0, 1.0]]","[[-0.5771451900372336, -0.0, -0.816641555161679, 0.3], [0.0, 1.0, -0.0, -0.22], [0.816641555161679, 0.0, -0.5771451900372336, 0.16541666666666677], [0.0, 0.0, 0.0, 1.0]]","[[-0.7375576467579245, 0.03276118727122375, -0.6744890082999815, 0.2853560906119037], [0.025107060183571162, 0.9994622574686146, 0.021091027112954942, -0.22211109859719644], [0.6748172739622567, -0.001378587799406238, -0.7379835677424181, 0.18015324887591577], [0.0, 0.0, 0.0, 1.0]]"
2.7916666666666665,-50.33683786212025,0.6786056543020949,21.99634930691197,-128.2534946493209,-4.197801393604456,42.54839022702763,3.396701952788589,-50.41689792447655,-0.6496117680796551,-22.019737582177388,-128.21497238240204,4.19094345679094,42.57172215323239,-3.3659240531714536,"[[-0.5824776968678019, -0.0, -0.8128466845916152, 0.3], [0.0, 0.9999999999999999, -0.0, 0.22], [0.8128466845916152, 0.0, -0.5824776968678019, 0.16770833333333335], [0.0, 0.0, 0.0, 1.0]]","[[-0.7405624959170188, -0.03219883428962162, -0.6712156320524316, 0.285420508453182], [-0.024936632404657124, 0.9994801929311127, -0.020433019911429182, 0.22204575607243962], [0.6715246488443076, 0.001605929256020943, -0.740980476791227, 0.18239986552525234], [0.0, 0.0, 0.0, 1.0]]","[[-0.5824776968678019, -0.0, -0.8128466845916152, 0.3], [0.0, 0.9999999999999999, -0.0, -0.22], [0.8128466845916152, 0.0, -0.5824776968678019, 0.16770833333333335], [0.0, 0.0, 0.0, 1.0]]","[[-0.7402322407391195, 0.03220890181513086, -0.6715793448388702, 0.2854562183318803], [0.02452132877747304, 0.9994806664396012, 0.02090698085420404, -0.22209330778931372], [0.6719039620402084, -0.0009919966301565521, -0.7406376183649845, 0.18230747537940772], [0.0, 0.0, 0.0, 1.0]]"
2.8,-50.76324315690956,0.791917692219813,21.996181967277305,-128.00743025428204,-4.197801393604456,42.54839022702763,3.396701952788589,-50.81691136831293,-0.7595168756228592,-22.018026619790298,-127.98453546018415,4.19094345679094,42.57172215323239,-3.3659240531714536,"[[-0.587785252292473, -0.0, -0.8090169943749473, 0.3], [0.0, 0.9999999999999999, -0.0, 0.22], [0.8090169943749473, 0.0, -0.587785252292473, 0.17000000000000004], [0.0, 0.0, 0.0, 1.0]]","[[-0.7430132223213696, -0.0315547982701778, -0.6685324570742572, 0.28555046588864746], [-0.024147039065791683, 0.9995014919346566, -0.02033932458934543, 0.22203674556440278], [0.6688409915368303, 0.0010306922547519762, -0.7434047791839288, 0.18444906065815908], [0.0, 0.0, 0.0, 1.0]]","[[-0.587785252292473, -0.0, -0.8090169943749473, 0.3], [0.0, 0.9999999999999999, -0.0, -0.22], [0.8090169943749473, 0.0, -0.587785252292473, 0.17000000000000004], [0.0, 0.0, 0.0, 1.0]]","[[-0.7420166929534194, 0.03178345665579405, -0.6696275377114357, 0.2855457445132049], [0.024037409803805542, 0.9994945611575704, 0.020804450157590547, -0.22208331876804824], [0.6699503192837472, -0.0006588622352334417, -0.7424056408676863, 0.18379209638681204], [0.0, 0.0, 0.0, 1.0]]"
2.808333333333333,-51.242927342319554,0.9175273790164333,21.995691901204356,-127.72687340393459,-4.197801393604456,42.54839022702763,3.396701952788589,-51.29202957226278,-0.8895864625040864,-22.014852289373536,-127.70503045896889,4.19094345679094,42.57172215323239,-3.3659240531714536,"[[-0.5930676289532371, -0.0, -0.8051526485628583, 0.3], [0.0, 1.0, -0.0, 0.22], [0.8051526485628583, 0.0, -0.5930676289532371, 0.17229166666666673], [0.0, 0.0, 0.0, 1.0]]","[[-0.7452687344750009, -0.03092856331992572, -0.6660464979151199, 0.28568250031087317], [-0.023377160942757155, 0.9995214851368714, -0.020256087875976214, 0.22202866041221928], [0.666354276462819, 0.00047404720037832505, -0.7456351343109877, 0.18638160213268457], [0.0, 0.0, 0.0, 1.0]]","[[-0.5930676289532371, -0.0, -0.8051526485628583, 0.3], [0.0, 1.0, -0.0, -0.22], [0.8051526485628583, 0.0, -0.5930676289532371, 0.17229166666666673], [0.0, 0.0, 0.0, 1.0]]","[[-0.7449030376121817, 0.031052970442230408, -0.6664496812084607, 0.2857035653769536], [0.023194736719458698, 0.9995177371720156, 0.020646967502478186, -0.222067981834618], [0.666769426972068, -7.81360823214252e-05, -0.7452640640404533, 0.18624816495382102], [0.0, 0.0, 0.0, 1.0]]"
2.8166666666666664,-51.70943267772601,1.0424167476598818,21.99284200477317,-127.45018244065737,-4.197801393604456,42.54839022702763,3.396701952788589,-51.73028866035664,-1.011449096849867,-22.01009335506933,-127.44440410061954,4.19094345679094,42.57172215323239,-3.3659240531714536,"[[-0.5983246005706591, -0.0, -0.8012538126910607, 0.3], [0.0, 1.0, -0.0, 0.22], [0.8012538126910607, 0.0, -0.5983246005706591, 0.17458333333333342], [0.0, 0.0, 0.0, 1.0]]","[[-0.7475180789218239, -0.030353238104824896, -0.6635475888145309, 0.2858087307729889], [-0.022722193020693372, 0.9995392337599192, -0.020125161340073937, 0.22201601856904216], [0.6638527123009713, 3.3334448535621286e-05, -0.7478633399622274, 0.18833882703862614], [0.0, 0.0, 0.0, 1.0]]","[[-0.5983246005706591, -0.0, -0.8012538126910607, 0.3], [0.0, 1.0, -0.0, -0.22], [0.8012538126910607, 0.0, -0.5983246005706591, 0.17458333333333342], [0.0, 0.0, 0.0, 1.0]]","[[-0.7471495675711275, 0.030499565239419876, -0.6639557968709092, 0.2858280594951445], [0.02258711047591855, 0.999534729509032, 0.02049748632529648, -0.22205350096647175], [0.6642720422527403, 0.0003178451091905999, -0.7474908379745271, 0.18820032422524868], [0.0, 0.0, 0.0, 1.0]]"
2.825,-52.153466690763125,1.1610913912105592,21.989099061108003,-127.18267125162465,-4.197801393604456,42.54839022702763,3.396701952788589,-52.19343695778604,-1.1368141241359835,-22.005472732095814,-127.16498106167433,4.19094345679094,42.57172215323239,-3.3659240531714536,"[[-0.6035559419535715, -0.0, -0.7973206537727071, 0.3], [0.0, 1.0, -0.0, 0.22], [0.7973206537727071, 0.0, -0.6035559419535715, 0.17687500000000012], [0.0, 0.0, 0.0, 1.0]]","[[-0.7499778913228614, -0.02964706169852012, -0.6607981645400951, 0.28597744871441383], [-0.021888596926797177, 0.9995602844722953, -0.020003175503921996, 0.22200416362604436], [0.6611006367047991, -0.0005379947106069899, -0.7502970469821941, 0.19055441712237375], [0.0, 0.0, 0.0, 1.0]]","[[-0.6035559419535715, -0.0, -0.7973206537727071, 0.3], [0.0, 1.0, -0.0, -0.22], [0.7973206537727071, 0.0, -0.6035559419535715, 0.17687500000000012], [0.0, 0.0, 0.0, 1.0]]","[[-0.7495223218133176, 0.029831780546920005, -0.6613065506805254, 0.2859874369547206], [0.02181162145462026, 0.9995545779939223, 0.020369064311161166, -0.2220409674029473], [0.6616196356465656, 0.0008429002267620299, -0.7498391475817421, 0.1903305153454775], [0.0, 0.0, 0.0, 1.0]]"
2.8333333333333335,-52.61032438396693,1.2799095754555125,21.985470523111434,-126.9021144012772,-4.197801393604456,42.54839022702763,3.396701952788589,-52.62394719626653,-1.2502528940793172,-22.00144292048551,-126.9007483634432,4.19094345679094,42.57172215323239,-3.3659240531714536,"[[-0.6087614290087208, -0.0, -0.7933533402912352, 0.3], [0.0, 1.0, -0.0, 0.22], [0.7933533402912352, 0.0, -0.6087614290087208, 0.1791666666666668], [0.0, 0.0, 0.0, 1.0]]","[[-0.7521822288803723, -0.028962014574583764, -0.6583183851817728, 0.28614924867775426], [-0.021068977548419632, 0.9995799074399976, -0.01990243269830566, 0.22199419924230873], [0.658618245071923, -0.0011001609100465201, -0.7524764427570825, 0.19260220015146962], [0.0, 0.0, 0.0, 1.0]]","[[-0.6087614290087208, -0.0, -0.7933533402912352, 0.3], [0.0, 1.0, -0.0, -0.22], [0.7933533402912352, 0.0, -0.6087614290087208, 0.1791666666666668], [0.0, 0.0, 0.0, 1.0]]","[[-0.7516159524951572, 0.029195103928799725, -0.6589545552322892, 0.28614691685852056], [0.021060714900725787, 0.9995728168110686, 0.02026401194868007, -0.22203059681956483], [0.6592646708588804, 0.0013527006218986073, -0.7519097445560602, 0.19226654783631852], [0.0, 0.0, 0.0, 1.0]]"
2.841666666666667,-53.011925846785346,1.379518386268334,21.98367418335972,-126.65297642111182,-4.197801393604456,42.54839022702763,3.396701952788589,-53.03167192367585,-1.360106881925452,-21.995787523852737,-126.64860510004301,4.19094345679094,42.57172215323239,-3.3659240531714536,"[[-0.6139408387503666, -0.0, -0.78935204219315, 0.3], [0.0, 1.0, -0.0, 0.22], [0.78935204219315, 0.0, -0.6139408387503666, 0.1814583333333335], [0.0, 0.0, 0.0, 1.0]]","[[-0.7538731977697142, -0.028384131565388285, -0.6564065377186189, 0.28628695110256186], [-0.02035195808775385, 0.999595800119597, -0.019850294336799423, 0.2219890337029928], [0.6567046516406444, -0.001605446524176081, -0.7541461549693125, 0.19420260943395368], [0.0, 0.0, 0.0, 1.0]]","[[-0.6139408387503666, -0.0, -0.78935204219315, 0.3], [0.0, 1.0, -0.0, -0.22], [0.78935204219315, 0.0, -0.6139408387503666, 0.1814583333333335], [0.0, 0.0, 0.0, 1.0]]","[[-0.7534169530410499, 0.028652468494704156, -0.6569185116279647, 0.2862821962040884], [0.020434845636154466, 0.9995878732616286, 0.020161862813758515, -0.22202068097035893], [0.6572254650834574, 0.001766260868123792, -0.7536919585403434, 0.19395667163672506], [0.0, 0.0, 0.0, 1.0]]"
2.85,-53.494772409781056,1.5070585086399821,21.977052314959394,-126.35086349374382,-4.197801393604456,42.54839022702763,3.396701952788589,-53.4762455216574,-1.4752713418512715,-21.99072123103588,-126.36981043850143,4.19094345679094,42.57172215323239,-3.3659240531714536,"[[-0.6190939493098342, -0.0, -0.7853169308807448, 0.3], [0.0, 1.0, -0.0, 0.22], [0.7853169308807448, 0.0, -0.6190939493098342, 0.18375000000000008], [0.0, 0.0, 0.0, 1.0]]","[[-0.756143249729967, -0.02766243412561681, -0.6538212107495829, 0.2864691575958147], [-0.01951043668509644, 0.9996149848157118, -0.01972878587853723, 0.22197737309421484], [0.654115225895378, -0.0021614509317209943, -0.7563918292668875, 0.1963888340913788], [0.0, 0.0, 0.0, 1.0]]","[[-0.6190939493098342, -0.0, -0.7853169308807448, 0.3], [0.0, 1.0, -0.0, -0.22], [0.7853169308807448, 0.0, -0.6190939493098342, 0.18375000000000008], [0.0, 0.0, 0.0, 1.0]]","[[-0.7554887060038258, 0.02799104652792425, -0.6545634548421845, 0.28645284675559207], [0.019665256912067552, 0.9996055864612408, 0.02004867043126152, -0.22200969597179707], [0.6548664694204821, 0.002274385576488843, -0.7557411821510076, 0.19595171563855948], [0.0, 0.0, 0.0, 1.0]]"
2.8583333333333334,-53.9089380055777,1.6204576848304708,21.968314795463655,-126.08626196529752,-4.197801393604456,42.54839022702763,3.396701952788589,-53.935507441449055,-1.6011756339167016,-21.981071881285946,-126.07667237970283,4.19094345679094,42.57172215323239,-3.3659240531714536,"[[-0.6242205399450178, -0.0, -0.7812481792047584, 0.3], [0.0, 1.0, -0.0, 0.22], [0.7812481792047584, 0.0, -0.6242205399450178, 0.18604166666666677], [0.0, 0.0, 0.0, 1.0]]","[[-0.7582293879672987, -0.027027414169361788, -0.6514274434701486, 0.28665750625665726], [-0.01882295789973177, 0.9996313809630862, -0.01956523574450332, 0.22196141321361854], [0.6517161126431052, -0.0025731453808221626, -0.758458626059595, 0.1984705529667795], [0.0, 0.0, 0.0, 1.0]]","[[-0.6242205399450178, -0.0, -0.7812481792047584, 0.3], [0.0, 1.0, -0.0, -0.22], [0.7812481792047584, 0.0, -0.6242205399450178, 0.18604166666666677], [0.0, 0.0, 0.0, 1.0]]","[[-0.757752985857968, 0.02728864644878525, -0.6519706605349106, 0.2866512003447536], [0.018889262934147204, 0.9996238037663686, 0.01988584143207745, -0.22199392834463938], [0.6522680493241556, 0.0027533104892612185, -0.7579833844565532, 0.1981934396641286], [0.0, 0.0, 0.0, 1.0]]"
2.8666666666666667,-54.35167086757793,1.738001398464982,21.959666068427126,-125.79976285037218,-4.197801393604456,42.54839022702763,3.396701952788589,-54.3599456417574,-1.7138431260923528,-21.972721975025603,-125.80115620896285,4.19094345679094,42.57172215323239,-3.3659240531714536,"[[-0.6293203910498372, -0.0, -0.777145961456971, 0.3], [0.0, 0.9999999999999999, -0.0, 0.22], [0.777145961456971, 0.0, -0.6293203910498372, 0.18833333333333346], [0.0, 0.0, 0.0, 1.0]]","[[-0.7601869993468885, -0.026346278518284857, -0.6491699312446712, 0.28685904420183156], [-0.018043523244072508, 0.9996481761610102, -0.019441069078289575, 0.22194907348821188], [0.6494537376079336, -0.003065535222954356, -0.7603949271272675, 0.20049050500634186], [0.0, 0.0, 0.0, 1.0]]","[[-0.6293203910498372, -0.0, -0.777145961456971, 0.3], [0.0, 0.9999999999999999, -0.0, -0.22], [0.777145961456971, 0.0, -0.6293203910498372, 0.18833333333333346], [0.0, 0.0, 0.0, 1.0]]","[[-0.7596293124753796, 0.026616919093720534, -0.6498113935952037, 0.286846312562036], [0.01810819140714494, 0.9996404015146144, 0.01977779218373123, -0.22198308861288762], [0.6501041462966872, 0.0032568815850431455, -0.7598381351907765, 0.20012496116144618], [0.0, 0.0, 0.0, 1.0]]"
2.875,-54.78037793611754,1.857595236067555,21.947576633596203,-125.51833173581096,-4.197801393604456,42.54839022702763,3.396701952788589,-54.79500137113053,-1.831210642190619,-21.962389606358666,-125.515681622413,4.19094345679094,42.57172215323239,-3.3659240531714536,"[[-0.6343932841636454, -0.0, -0.7730104533627371, 0.3], [0.0, 1.0, -0.0, 0.22], [0.7730104533627371, 0.0, -0.6343932841636454, 0.19062500000000004], [0.0, 0.0, 0.0, 1.0]]","[[-0.7617359527603861, -0.025831548478155622, -0.647372434828243, 0.28701447635501565], [-0.0174797307142047, 0.9996605226442185, -0.019320933746771782, 0.22193744103906526], [0.6476517561825845, -0.0034015540432207787, -0.7619288891646682, 0.202111345505954], [0.0, 0.0, 0.0, 1.0]]","[[-0.6343932841636454, -0.0, -0.7730104533627371, 0.3], [0.0, 1.0, -0.0, -0.22], [0.7730104533627371, 0.0, -0.6343932841636454, 0.19062500000000004], [0.0, 0.0, 0.0, 1.0]]","[[-0.7615123857334261, 0.025962760884013156, -0.6476301579002212, 0.2870452441746357], [0.01737785858277638, 0.9996560531581185, 0.019641420911180357, -0.22196968477643858], [0.6479173530672434, 0.0037027599993361762, -0.76170164314036, 0.20210476958068466], [0.0, 0.0, 0.0, 1.0]]"
2.8833333333333333,-55.24211579948332,1.9830126637112102,21.93498859495587,-125.21076831748529,-4.197801393604456,42.54839022702763,3.396701952788589,-55.24820832822297,-1.956748238474984,-21.94899389784898,-125.21400582715188,4.19094345679094,42.57172215323239,-3.3659240531714536,"[[-0.6394390019805846, -0.0, -0.7688418320734596, 0.3], [0.0, 0.9999999999999999, -0.0, 0.22], [0.7688418320734596, 0.0, -0.6394390019805846, 0.19291666666666674], [0.0, 0.0, 0.0, 1.0]]","[[-0.7637952752561916, -0.025098721020238014, -0.6449704114914626, 0.2872515356247986], [-0.016672356329007623, 0.9996774493120022, -0.019158023684292598, 0.22192137162903794], [0.6452432177332489, -0.00387963145125657, -0.7639673673849201, 0.20434787423956993], [0.0, 0.0, 0.0, 1.0]]","[[-0.6394390019805846, -0.0, -0.7688418320734596, 0.3], [0.0, 0.9999999999999999, -0.0, -0.22], [0.7688418320734596, 0.0, -0.6394390019805846, 0.19291666666666674], [0.0, 0.0, 0.0, 1.0]]","[[-0.7633208574010427, 0.02534915215558904, -0.6455220283937105, 0.2872438378109309], [0.016721195665998098, 0.9996703391693916, 0.019483700892114268, -0.2219543232601473], [0.6458031203641222, 0.00407841512683091, -0.7634930885463317, 0.2040536041822184], [0.0, 0.0, 0.0, 1.0]]"
2.8916666666666666,-55.6875260956382,2.1013674623096605,21.922885499746606,-124.90920180525089,-4.197801393604456,42.54839022702763,3.396701952788589,-55.70005949276517,-2.073467847097451,-21.93836612350044,-124.90812263536202,4.19094345679094,42.57172215323239,-3.3659240531714536,"[[-0.6444573283588975, -0.0, -0.7646402761590004, 0.3], [0.0, 1.0, -0.0, 0.22], [0.7646402761590004, 0.0, -0.6444573283588975, 0.19520833333333343], [0.0, 0.0, 0.0, 1.0]]","[[-0.7657564228817062, -0.024324714721758994, -0.6426705291742564, 0.2875124442779723], [-0.015800343222441903, 0.9996944112033193, -0.019011400866375167, 0.22190637828060794], [0.6429365831631194, -0.004403687381504003, -0.7659067551392789, 0.20657137872443024], [0.0, 0.0, 0.0, 1.0]]","[[-0.6444573283588975, -0.0, -0.7646402761590004, 0.3], [0.0, 1.0, -0.0, -0.22], [0.7646402761590004, 0.0, -0.6444573283588975, 0.19520833333333343], [0.0, 0.0, 0.0, 1.0]]","[[-0.7653624810318442, 0.024521121835597612, -0.6431321693187985, 0.28751447360923776], [0.015772582404043535, 0.9996884393248588, 0.019345540171724785, -0.22194012416559245], [0.6434061689734468, 0.004662495485460463, -0.7655107855953178, 0.2063592351148223], [0.0, 0.0, 0.0, 1.0]]"
2.9,-56.10041786115464,2.2102432390006026,21.91128442344134,-124.62718329442106,-4.197801393604456,42.54839022702763,3.396701952788589,-56.111817446879385,-2.18382364040417,-21.92597957544062,-124.62654125663909,4.19094345679094,42.57172215323239,-3.3659240531714536,"[[-0.6494480483301835, -0.0, -0.7604059656000309, 0.3], [0.0, 0.9999999999999999, -0.0, 0.22], [0.7604059656000309, 0.0, -0.6494480483301835, 0.1975], [0.0, 0.0, 0.0, 1.0]]","[[-0.7672278619123681, -0.023739935909018503, -0.6409351163327004, 0.2877036298743108], [-0.015144562010718864, 0.9997066740225057, -0.01889995122648453, 0.22189543083980529], [0.6411957970439919, -0.004793887555595872, -0.7673623449813162, 0.20826235677503507], [0.0, 0.0, 0.0, 1.0]]","[[-0.6494480483301835, -0.0, -0.7604059656000309, 0.3], [0.0, 0.9999999999999999, -0.0, -0.22], [0.7604059656000309, 0.0, -0.6494480483301835, 0.1975], [0.0, 0.0, 0.0, 1.0]]","[[-0.7667679744121398, 0.023957911342029934, -0.6414771172068664, 0.28770329020474056], [0.015143996474125291, 0.9997002925466205, 0.01923497993223757, -0.22192903328878574], [0.6417456916775491, 0.00503423939928712, -0.7669009868600867, 0.20798028511084618], [0.0, 0.0, 0.0, 1.0]]"
2.908333333333333,-56.54940717643459,2.3343857691469925,21.894924412831866,-124.31643700794216,-4.197801393604456,42.54839022702763,3.396701952788589,-56.55558508253887,-2.3085917731898506,-21.90893142327227,-124.31960621571704,4.19094345679094,42.57172215323239,-3.3659240531714536,"[[-0.6544109481086102, -0.0, -0.7561390817803227, 0.3], [0.0, 1.0, -0.0, 0.22], [0.7561390817803227, 0.0, -0.6544109481086102, 0.1997916666666667], [0.0, 0.0, 0.0, 1.0]]","[[-0.7690500997045142, -0.02303377663007376, -0.6387733473452324, 0.28795981180815144], [-0.014391498192118563, 0.9997211335124361, -0.018722713168681713, 0.22187798788910856], [0.639026469658545, -0.005205798955621256, -0.7691671279591781, 0.2104280694559843], [0.0, 0.0, 0.0, 1.0]]","[[-0.6544109481086102, -0.0, -0.7561390817803227, 0.3], [0.0, 1.0, -0.0, -0.22], [0.7561390817803227, 0.0, -0.6544109481086102, 0.1997916666666667], [0.0, 0.0, 0.0, 1.0]]","[[-0.7686298997236523, 0.023275938775835503, -0.6392701368943431, 0.28795058793853495], [0.01443898238218244, 0.9997144755139693, 0.019038992504764516, -0.22191012628726203], [0.639530760040966, 0.005403528655703739, -0.7687465179364987, 0.21016695918216372], [0.0, 0.0, 0.0, 1.0]]"
2.9166666666666665,-56.99377928383562,2.4498044401759835,21.88111889297198,-124.00410611757582,-4.197801393604456,42.54839022702763,3.396701952788589,-56.979787641320854,-2.419133048821218,-21.89561426193804,-124.02118159050085,4.19094345679094,42.57172215323239,-3.3659240531714536,"[[-0.6593458151000688, -0.0, -0.7518398074789774, 0.3], [0.0, 1.0, -0.0, 0.22], [0.7518398074789774, 0.0, -0.6593458151000688, 0.2020833333333334], [0.0, 0.0, 0.0, 1.0]]","[[-0.7706100932214871, -0.022331741878884582, -0.6369155183616004, 0.2882065815976315], [-0.013597437855594963, 0.999734514437317, -0.018601352814937227, 0.22186562605426532], [0.6371618270964878, -0.005673971046578631, -0.7707091618396841, 0.21235567299444114], [0.0, 0.0, 0.0, 1.0]]","[[-0.6593458151000688, -0.0, -0.7518398074789774, 0.3], [0.0, 1.0, -0.0, -0.22], [0.7518398074789774, 0.0, -0.6593458151000688, 0.2020833333333334], [0.0, 0.0, 0.0, 1.0]]","[[-0.7701945087829294, 0.022545444455036028, -0.6374104812245773, 0.2882038655423766], [0.013599950914166173, 0.9997283549113547, 0.018927697201953596, -0.22189850356185647], [0.6376640651438299, 0.005909257192021386, -0.7702919061652433, 0.21210286699480502], [0.0, 0.0, 0.0, 1.0]]"
2.925,-57.39366978426695,2.5620701251293676,21.863848759655603,-123.71991560658992,-4.197801393604456,42.54839022702763,3.396701952788589,-57.40565676626032,-2.535056513518555,-21.879119355092456,-123.71900036124114,4.19094345679094,42.57172215323239,-3.3659240531714536,"[[-0.6642524379112815, -0.0, -0.747508326862597, 0.3], [0.0, 1.0, -0.0, 0.22], [0.747508326862597, 0.0, -0.6642524379112815, 0.20437500000000008], [0.0, 0.0, 0.0, 1.0]]","[[-0.772229467797846, -0.02166938846173603, -0.6349740834619552, 0.288469699417721], [-0.012910513050172226, 0.9997470427785816, -0.018416544416981578, 0.22184731705649566], [0.6352125374372243, -0.006023957102744355, -0.7723138896998988, 0.21441227579873207], [0.0, 0.0, 0.0, 1.0]]","[[-0.6642524379112815, -0.0, -0.747508326862597, 0.3], [0.0, 1.0, -0.0, -0.22], [0.747508326862597, 0.0, -0.6642524379112815, 0.20437500000000008], [0.0, 0.0, 0.0, 1.0]]","[[-0.7717461784285193, 0.02190519830117046, -0.6355533009656721, 0.2884504766564383], [0.01292896829287474, 0.9997404582198426, 0.018757877738728022, -0.2218817997781765], [0.6357992433621306, 0.006259271983675697, -0.7718290896658253, 0.21405782385811506], [0.0, 0.0, 0.0, 1.0]]"
2.933333333333333,-57.85004253403969,2.6864685739262213,21.844797654513144,-123.39094637540543,-4.197801393604456,42.54839022702763,3.396701952788589,-57.88236298919219,-2.6662932623350613,-21.8585417026705,-123.37452660064072,4.19094345679094,42.57172215323239,-3.3659240531714536,"[[-0.669130606358858, -0.0, -0.7431448254773945, 0.3], [0.0, 1.0, -0.0, 0.22], [0.7431448254773945, 0.0, -0.669130606358858, 0.20666666666666667], [0.0, 0.0, 0.0, 1.0]]","[[-0.7738016108920831, -0.020961497369358414, -0.6330811027102704, 0.28875125107662625], [-0.012154380822395013, 0.9997596431280031, -0.018246287276939506, 0.22183016856400553], [0.6333114068194586, -0.006424297673893109, -0.7738703963789775, 0.2164882007261436], [0.0, 0.0, 0.0, 1.0]]","[[-0.669130606358858, -0.0, -0.7431448254773945, 0.3], [0.0, 1.0, -0.0, -0.22], [0.7431448254773945, 0.0, -0.669130606358858, 0.20666666666666667], [0.0, 0.0, 0.0, 1.0]]","[[-0.7734418711357964, 0.021165051170520775, -0.6335137824727314, 0.28874888282862504], [0.01215405128152982, 0.9997538321909933, 0.018562167353771704, -0.2218621987670149], [0.6337507009948028, 0.006656998450707479, -0.7735087157622875, 0.21628365643710182], [0.0, 0.0, 0.0, 1.0]]"
2.9416666666666664,-58.25823512940716,2.799099460556789,21.826111964491282,-123.09269933510765,-4.197801393604456,42.54839022702763,3.396701952788589,-58.28620475405836,-2.7805042705414293,-21.83875122955039,-123.07938046622613,4.19094345679094,42.57172215323239,-3.3659240531714536,"[[-0.6739801114782978, -0.0, -0.7387494902412461, 0.3], [0.0, 0.9999999999999999, -0.0, 0.22], [0.7387494902412461, 0.0, -0.6739801114782978, 0.20895833333333347], [0.0, 0.0, 0.0, 1.0]]","[[-0.7752003628876484, -0.020330186691253225, -0.6313882172546121, 0.28901410535846445], [-0.011496461294705485, 0.9997705045349509, -0.018076770719054964, 0.22181323905505837], [0.63161082064556, -0.0067543890196474785, -0.7752561831242714, 0.21839233309984146], [0.0, 0.0, 0.0, 1.0]]","[[-0.6739801114782978, -0.0, -0.7387494902412461, 0.3], [0.0, 0.9999999999999999, -0.0, -0.22], [0.7387494902412461, 0.0, -0.6739801114782978, 0.20895833333333347], [0.0, 0.0, 0.0, 1.0]]","[[-0.7745033864448543, 0.02070020262039872, -0.632230975195717, 0.2889457165541954], [0.011679172814428339, 0.9997620047216067, 0.01842636256576562, -0.22184866887915425], [0.6324619366474346, 0.006887345389100831, -0.774560819539478, 0.2177191114883671], [0.0, 0.0, 0.0, 1.0]]"
2.95,-58.67956900873774,2.917702280399476,21.804771038429575,-122.78128369009009,-4.197801393604456,42.54839022702763,3.396701952788589,-58.713665313074436,-2.898951276693675,-21.818023312966695,-122.76315636803288,4.19094345679094,42.57172215323239,-3.3659240531714536,"[[-0.6788007455329419, -0.0, -0.7343225094356854, 0.3], [0.0, 1.0, -0.0, 0.22], [0.7343225094356854, 0.0, -0.6788007455329419, 0.21125000000000016], [0.0, 0.0, 0.0, 1.0]]","[[-0.7765391520817524, -0.019707931863411472, -0.6297607027322523, 0.28927738984978135], [-0.010849895273015893, 0.9997807537474015, -0.017908774632632816, 0.22179667729851232], [0.6299755749683615, -0.007074026996342052, -0.7765827277794282, 0.22026768037448602], [0.0, 0.0, 0.0, 1.0]]","[[-0.6788007455329419, -0.0, -0.7343225094356854, 0.3], [0.0, 1.0, -0.0, -0.22], [0.7343225094356854, 0.0, -0.6788007455329419, 0.21125000000000016], [0.0, 0.0, 0.0, 1.0]]","[[-0.7762980874312295, 0.019874243048638447, -0.630052612020503, 0.28930242318903365], [0.010831767384620865, 0.9997758602138842, 0.018190716008805622, -0.22182513461223874], [0.6302729188739908, 0.0072968347131615865, -0.776339361321599, 0.22023182343207368], [0.0, 0.0, 0.0, 1.0]]"
2.9583333333333335,-59.1329979469782,3.0407208175405755,21.782975904788067,-122.44182328834046,-4.197801393604456,42.54839022702763,3.396701952788589,-59.16373379824326,-3.021915385764826,-21.79596692458943,-122.42584064568263,4.19094345679094,42.57172215323239,-3.3659240531714536,"[[-0.6835923020228715, -0.0, -0.7298640726978355, 0.3], [0.0, 1.0, -0.0, 0.22], [0.7298640726978355, 0.0, -0.6835923020228715, 0.21354166666666674], [0.0, 0.0, 0.0, 1.0]]","[[-0.777891940555748, -0.019045738265099706, -0.6281093763607977, 0.2895694503668214], [-0.010163883104087277, 0.9997911783028665, -0.017728374657944034, 0.2217785493260052], [0.6283158634784414, -0.007406729487655121, -0.7779230784978922, 0.22224311563571653], [0.0, 0.0, 0.0, 1.0]]","[[-0.6835923020228715, -0.0, -0.7298640726978355, 0.3], [0.0, 1.0, -0.0, -0.22], [0.7298640726978355, 0.0, -0.6835923020228715, 0.21354166666666674], [0.0, 0.0, 0.0, 1.0]]","[[-0.7775022854592288, 0.01931014870295088, -0.6285835777863956, 0.28955517608232423], [0.010262253337510643, 0.9997849599075681, 0.018019991649800865, -0.22180826015420596], [0.628796375834111, 0.007559900772633575, -0.7775332569338724, 0.22197644037109243], [0.0, 0.0, 0.0, 1.0]]"
2.966666666666667,-59.55856654359419,3.1596173355175723,21.75985229935299,-122.11928809535412,-4.197801393604456,42.54839022702763,3.396701952788589,-59.57073111050598,-3.1361302359526024,-21.773601470152222,-122.116993151793,4.19094345679094,42.57172215323239,-3.3659240531714536,"[[-0.6883545756937541, -0.0, -0.7253743710122875, 0.3], [0.0, 1.0, -0.0, 0.22], [0.7253743710122875, 0.0, -0.6883545756937541, 0.21583333333333343], [0.0, 0.0, 0.0, 1.0]]","[[-0.7792563867998163, -0.01836116870473514, -0.6264362306855275, 0.2898856837598052], [-0.009466163701655084, 0.9998015389067774, -0.017529248255799403, 0.2217585055263291], [0.6266337649508432, -0.007729830750814257, -0.779275544554104, 0.22431419245212492], [0.0, 0.0, 0.0, 1.0]]","[[-0.6883545756937541, -0.0, -0.7253743710122875, 0.3], [0.0, 1.0, -0.0, -0.22], [0.7253743710122875, 0.0, -0.6883545756937541, 0.21583333333333343], [0.0, 0.0, 0.0, 1.0]]","[[-0.7788204079736967, 0.0186474310878364, -0.6269697324731943, 0.2898591972189591], [0.00958593903188244, 0.9997951074539495, 0.017828429095753443, -0.2217889033135884], [0.6271737254513788, 0.007875050791561138, -0.7788395866149003, 0.2239681943325657], [0.0, 0.0, 0.0, 1.0]]"
2.975,-59.97863683792831,3.279977861854479,21.734467901302637,-121.79634309101758,-4.197801393604456,42.54839022702763,3.396701952788589,-59.96570045964031,-3.2502573608982264,-21.749427723132257,-121.81385569604949,4.19094345679094,42.57172215323239,-3.3659240531714536,"[[-0.6930873625456356, -0.0, -0.7208535967029189, 0.3], [0.0, 0.9999999999999999, -0.0, 0.22], [0.7208535967029189, 0.0, -0.6930873625456356, 0.21812500000000012], [0.0, 0.0, 0.0, 1.0]]","[[-0.7804523787843438, -0.01776766467044295, -0.6249627145214489, 0.29017716952250855], [-0.008882722423563433, 0.999810334319744, -0.017331838615331996, 0.22173884307313552], [0.625152126839704, -0.007975304357871455, -0.7804621789863966, 0.22619270270512648], [0.0, 0.0, 0.0, 1.0]]","[[-0.6930873625456356, -0.0, -0.7208535967029189, 0.3], [0.0, 0.9999999999999999, -0.0, -0.22], [0.7208535967029189, 0.0, -0.6930873625456356, 0.21812500000000012], [0.0, 0.0, 0.0, 1.0]]","[[-0.7800809343187276, 0.018008443321015647, -0.6254194047849609, 0.29016296521627927], [0.008945902018885017, 0.9998045507681823, 0.017630402726595808, -0.22176923204548182], [0.6256146631509604, 0.00815820031546265, -0.7800895698688217, 0.2259343491567481], [0.0, 0.0, 0.0, 1.0]]"
2.9833333333333334,-60.40094060412103,3.400089940060327,21.70842609754467,-121.46790661458834,-4.197801393604456,42.54839022702763,3.396701952788589,-60.413289586140415,-3.3724904262847746,-21.724591447762798,-121.46671816167276,4.19094345679094,42.57172215323239,-3.3659240531714536,"[[-0.69779045984168, -0.0, -0.7163019434246544, 0.3], [0.0, 1.0, -0.0, 0.22], [0.7163019434246544, 0.0, -0.69779045984168, 0.22041666666666682], [0.0, 0.0, 0.0, 1.0]]","[[-0.7817062628168742, -0.01711394910246211, -0.6234119275559256, 0.2905087837333197], [-0.008241270273014332, 0.9998195926624031, -0.01711325780421464, 0.2217168611003694], [0.6235923348928876, -0.008239834616345119, -0.7817062779512086, 0.22824835993961523], [0.0, 0.0, 0.0, 1.0]]","[[-0.69779045984168, -0.0, -0.7163019434246544, 0.3], [0.0, 1.0, -0.0, -0.22], [0.7163019434246544, 0.0, -0.69779045984168, 0.22041666666666682], [0.0, 0.0, 0.0, 1.0]]","[[-0.7813714212617922, 0.017280948868732715, -0.623826955847151, 0.2905015433729425], [0.008190133616919289, 0.9998144042042838, 0.01743785700623979, -0.22174981588936685], [0.6240125189021963, 0.00851621699050131, -0.7813679352913752, 0.22803508560128627], [0.0, 0.0, 0.0, 1.0]]"
2.9916666666666667,-60.84344806987865,3.5222344264310763,21.682005218287767,-121.11994945751121,-4.197801393604456,42.54839022702763,3.396701952788589,-60.85123448553246,-3.499064076888866,-21.69552045510793,-121.12130183496687,4.19094345679094,42.57172215323239,-3.3659240531714536,"[[-0.7024636661168517, -0.0, -0.7117196061551715, 0.3], [0.0, 1.0, -0.0, 0.22], [0.7117196061551715, 0.0, -0.7024636661168517, 0.2227083333333334], [0.0, 0.0, 0.0, 1.0]]","[[-0.7828651467123934, -0.016446836918574622, -0.6219740055809059, 0.29083618379656434], [-0.0075603789466653784, 0.9998282228141399, -0.016922338328431714, 0.22169762936747586], [0.6221454835753176, -0.008545549701037436, -0.7828550126601616, 0.23022254906466405], [0.0, 0.0, 0.0, 1.0]]","[[-0.7024636661168517, -0.0, -0.7117196061551715, 0.3], [0.0, 1.0, -0.0, -0.22], [0.7117196061551715, 0.0, -0.7024636661168517, 0.2227083333333334], [0.0, 0.0, 0.0, 1.0]]","[[-0.7824680187609147, 0.016690073997566814, -0.6224670602098754, 0.29080524617277126], [0.007613038783332319, 0.9998224289666146, 0.017238102441465557, -0.22172992011825593], [0.6226442332960713, 0.008749397993846601, -0.7824561372868725, 0.22988943291815736], [0.0, 0.0, 0.0, 1.0]]"
3.0,-61.24649070261193,3.636954497174022,21.655295763538433,-120.79932671749248,-4.197801393604456,42.54839022702763,3.396701952788589,-61.235521418804886,-3.6062246223244885,-21.671374028844642,-120.8163338885258,4.19094345679094,42.57172215323239,-3.3659240531714536,"[[-0.7071067811865475, -0.0, -0.7071067811865477, 0.3], [0.0, 1.0, -0.0, 0.22], [0.7071067811865477, 0.0, -0.7071067811865475, 0.2250000000000001], [0.0, 0.0, 0.0, 1.0]]","[[-0.7839747513405524, -0.01581102857107641, -0.6205913314219301, 0.29117356020944807], [-0.006937100176709378, 0.9998363169661408, -0.01670975513649396, 0.2216761265530177], [0.620753949565895, -0.008794921893222993, -0.7839561106638782, 0.23219889671892446], [0.0, 0.0, 0.0, 1.0]]","[[-0.7071067811865475, -0.0, -0.7071067811865477, 0.3], [0.0, 1.0, -0.0, -0.22], [0.7071067811865477, 0.0, -0.7071067811865475, 0.2250000000000001], [0.0, 0.0, 0.0, 1.0]]","[[-0.7834220359507527, 0.0161285145759183, -0.6212807614954385, 0.29109366955157007], [0.007051306792697095, 0.999829532729734, 0.01706413062412975, -0.2217121965200294], [0.6214500725394543, 0.00898757470158051, -0.7834022152392031, 0.23157594591905087], [0.0, 0.0, 0.0, 1.0]]"
3.0083333333333333,-61.642429938608394,3.753051918251783,21.62641089353845,-120.48042518514458,-4.197801393604456,42.54839022702763,3.396701952788589,-61.67788545058993,-3.731786551157772,-21.641292168192614,-120.46018050444466,4.19094345679094,42.57172215323239,-3.3659240531714536,"[[-0.7117196061551714, -0.0, -0.7024636661168518, 0.3], [0.0, 1.0, -0.0, 0.22], [0.7024636661168518, 0.0, -0.7117196061551714, 0.22729166666666678], [0.0, 0.0, 0.0, 1.0]]","[[-0.7850325899617865, -0.015223814925126446, -0.6192673640335128, 0.29151253358502566], [-0.0063923315291156925, 0.9998438222535193, -0.01647632237772885, 0.22165288842212488], [0.6194214807346542, -0.00897588773317003, -0.7850073010131118, 0.23415781617303139], [0.0, 0.0, 0.0, 1.0]]","[[-0.7117196061551714, -0.0, -0.7024636661168518, 0.3], [0.0, 1.0, -0.0, -0.22], [0.7024636661168518, 0.0, -0.7117196061551714, 0.22729166666666678], [0.0, 0.0, 0.0, 1.0]]","[[-0.7846574442454016, 0.015451359517507084, -0.619737001218529, 0.29147910785022557], [0.006423555827769885, 0.9998383175117124, 0.016795141138905578, -0.22168566301439688], [0.6198963083619726, 0.009197517295932541, -0.7846298315478383, 0.23383212317851354], [0.0, 0.0, 0.0, 1.0]]"
3.0166666666666666,-62.0823214419139,3.8795978212123714,21.594421702560695,-120.12156704615211,-4.197801393604456,42.54839022702763,3.396701952788589,-62.09174710296852,-3.854281298166896,-21.609482269680573,-120.12215444242074,4.19094345679094,42.57172215323239,-3.3659240531714536,"[[-0.7163019434246543, -0.0, -0.6977904598416801, 0.3], [0.0, 1.0, -0.0, 0.22], [0.6977904598416801, 0.0, -0.7163019434246543, 0.22958333333333336], [0.0, 0.0, 0.0, 1.0]]","[[-0.7860125956454094, -0.01463363535968612, -0.6180372611768047, 0.2918485053097394], [-0.00582889366599702, 0.9998507917503328, -0.016260942004177024, 0.22163139808873636], [0.6181830016147295, -0.009178831755319028, -0.7859806139862555, 0.23605024576319517], [0.0, 0.0, 0.0, 1.0]]","[[-0.7163019434246543, -0.0, -0.6977904598416801, 0.3], [0.0, 1.0, -0.0, -0.22], [0.6977904598416801, 0.0, -0.7163019434246543, 0.22958333333333336], [0.0, 0.0, 0.0, 1.0]]","[[-0.7856862866346231, 0.014812606041735506, -0.6184477711953933, 0.29183474357377065], [0.005803757641216195, 0.999845791254874, 0.016574381048990425, -0.2216633277584509], [0.6185979109175355, 0.009432942921880166, -0.7856510957137993, 0.23581771101934862], [0.0, 0.0, 0.0, 1.0]]"
3.025,-62.499079094500566,4.00019761761364,21.562857690858774,-119.7780495120355,-4.197801393604456,42.54839022702763,3.396701952788589,-62.51088849157552,-3.975006172407341,-21.578051446667466,-119.77642392701303,4.19094345679094,42.57172215323239,-3.3659240531714536,"[[-0.7208535967029187, -0.0, -0.6930873625456359, 0.3], [0.0, 0.9999999999999999, -0.0, 0.22], [0.6930873625456359, 0.0, -0.7208535967029187, 0.23187500000000005], [0.0, 0.0, 0.0, 1.0]]","[[-0.7870164016549469, -0.01399339055875446, -0.6167733526561998, 0.2922268017768627], [-0.0052209523169326755, 0.9998579958870438, -0.016022787449387652, 0.22160715281627982], [0.6169099814259802, -0.009390052258326398, -0.7869777009138076, 0.23809785562506613], [0.0, 0.0, 0.0, 1.0]]","[[-0.7208535967029187, -0.0, -0.6930873625456359, 0.3], [0.0, 0.9999999999999999, -0.0, -0.22], [0.6930873625456359, 0.0, -0.7208535967029187, 0.23187500000000005], [0.0, 0.0, 0.0, 1.0]]","[[-0.7867164022863125, 0.014171919544852658, -0.6171518930296622, 0.2922187915814377], [0.005206621729275579, 0.999853216346243, 0.01632289350089625, -0.22163785066794067], [0.6172926319533141, 0.009628211593415929, -0.7866747130025618, 0.23790695133504947], [0.0, 0.0, 0.0, 1.0]]"
3.033333333333333,-62.91867127559279,4.119372465799315,21.531273188589342,-119.42849409069258,-4.197801393604456,42.54839022702763,3.396701952788589,-62.9284862574301,-4.09448752533202,-21.54627911419586,-119.42857605296261,4.19094345679094,42.57172215323239,-3.3659240531714536,"[[-0.7253743710122873, -0.0, -0.6883545756937542, 0.3], [0.0, 1.0, -0.0, 0.22], [0.6883545756937542, 0.0, -0.7253743710122873, 0.23416666666666675], [0.0, 0.0, 0.0, 1.0]]","[[-0.7879681318035319, -0.013309509668786317, -0.615572156789461, 0.29261828195812073], [-0.004544111206789931, 0.9998648192944191, -0.015801714801865995, 0.22158416430277847], [0.6156992563869088, -0.009654019355463726, -0.787922093607542, 0.2401455736039223], [0.0, 0.0, 0.0, 1.0]]","[[-0.7253743710122873, -0.0, -0.6883545756937542, 0.3], [0.0, 1.0, -0.0, -0.22], [0.6883545756937542, 0.0, -0.7253743710122873, 0.23416666666666675], [0.0, 0.0, 0.0, 1.0]]","[[-0.7876467376143118, 0.013560985814222605, -0.6159778538139811, 0.2925889349192081], [0.004633584146579989, 0.9998598535429873, 0.016087360596221324, -0.22161412327356567], [0.6161096871690044, 0.009816971872361923, -0.7875991876835381, 0.23988148256490893], [0.0, 0.0, 0.0, 1.0]]"
3.0416666666666665,-63.264797941972354,4.220533970709551,21.503219894120807,-119.13796516415691,-4.197801393604456,42.54839022702763,3.396701952788589,-63.305280473183025,-4.201449568394889,-21.51744547061465,-119.11244757741774,4.19094345679094,42.57172215323239,-3.3659240531714536,"[[-0.7298640726978355, -0.0, -0.6835923020228716, 0.3], [0.0, 1.0, -0.0, 0.22], [0.6835923020228716, 0.0, -0.7298640726978355, 0.23645833333333344], [0.0, 0.0, 0.0, 1.0]]","[[-0.7887597424885465, -0.012819338002822771, -0.6145679239942248, 0.2929396862850766], [-0.004110907271237798, 0.9998701688459236, -0.015580304664272602, 0.2215630072302726], [0.6146878631230726, -0.009762685347467381, -0.7887100360106986, 0.24187980598860268], [0.0, 0.0, 0.0, 1.0]]","[[-0.7298640726978355, -0.0, -0.6835923020228716, 0.3], [0.0, 1.0, -0.0, -0.22], [0.6835923020228716, 0.0, -0.7298640726978355, 0.23645833333333344], [0.0, 0.0, 0.0, 1.0]]","[[-0.7884374498329302, 0.012972865468415189, -0.6149781235641513, 0.2929205501161626], [0.004046367333204463, 0.9998653306384849, 0.01590432326753531, -0.22159588345429154], [0.6151016294990209, 0.010051136688548713, -0.7883837644440158, 0.24162422932202116], [0.0, 0.0, 0.0, 1.0]]"
3.05,-63.747002467186086,4.362859318200161,21.461675268494204,-118.7258861911517,-4.197801393604456,42.54839022702763,3.396701952788589,-63.758511335937555,-4.334628865700029,-21.47889929803368,-118.72554468169321,4.19094345679094,42.57172215323239,-3.3659240531714536,"[[-0.7343225094356852, -0.0, -0.678800745532942, 0.3], [0.0, 0.9999999999999999, -0.0, 0.22], [0.678800745532942, 0.0, -0.7343225094356852, 0.23875000000000002], [0.0, 0.0, 0.0, 1.0]]","[[-0.7896277542808187, -0.012217017170859294, -0.6134645500441555, 0.2933434483996949], [-0.003569463903538213, 0.9998763035428829, -0.015317850399513762, 0.2215364129026946], [0.6135758050940997, -0.009905660243894667, -0.7895736883269732, 0.2439300251155616], [0.0, 0.0, 0.0, 1.0]]","[[-0.7343225094356852, -0.0, -0.678800745532942, 0.3], [0.0, 0.9999999999999999, -0.0, -0.22], [0.678800745532942, 0.0, -0.7343225094356852, 0.23875000000000002], [0.0, 0.0, 0.0, 1.0]]","[[-0.7893405954101068, 0.01229274850183334, -0.6138324794045106, 0.29332960269157204], [0.0033881777461696513, 0.9998715287794292, 0.015666722307105155, -0.22157213402649484], [0.6139462066738247, 0.010286606367420683, -0.7892808378772814, 0.24372299159608224], [0.0, 0.0, 0.0, 1.0]]"
3.058333333333333,-64.14645242041594,4.477977887792495,21.428104888723592,-118.38246427968346,-4.197801393604456,42.54839022702763,3.396701952788589,-64.18000913980822,-4.453790053507364,-21.44466638991358,-118.36283431600884,4.19094345679094,42.57172215323239,-3.3659240531714536,"[[-0.7387494902412459, -0.0, -0.6739801114782981, 0.3], [0.0, 1.0, -0.0, 0.22], [0.6739801114782981, 0.0, -0.7387494902412459, 0.2410416666666667], [0.0, 0.0, 0.0, 1.0]]","[[-0.7904374755424215, -0.011599717924351199, -0.6124328892231369, 0.29375862602332325], [-0.0030040611341255385, 0.9998820645919662, -0.015060960261869217, 0.22150981866133593], [0.6125353645911605, -0.010064961568861197, -0.7903791012380017, 0.24596858865900395], [0.0, 0.0, 0.0, 1.0]]","[[-0.7387494902412459, -0.0, -0.6739801114782981, 0.3], [0.0, 1.0, -0.0, -0.22], [0.6739801114782981, 0.0, -0.7387494902412459, 0.2410416666666667], [0.0, 0.0, 0.0, 1.0]]","[[-0.7901371478321958, 0.011747445794313357, -0.6128174974108629, 0.2937276993262213], [0.002928943471489211, 0.9998772651176752, 0.015390776164291636, -0.22154425301319738], [0.6129230856361538, 0.01036591617312123, -0.7900745780470019, 0.2457049874108202], [0.0, 0.0, 0.0, 1.0]]"
3.0666666666666664,-64.57698656455852,4.603416019447072,21.38993096145239,-118.00706342252123,-4.197801393604456,42.54839022702763,3.396701952788589,-64.58758701815039,-4.57784464496819,-21.405729189002628,-118.00658530927932,4.19094345679094,42.57172215323239,-3.3659240531714536,"[[-0.7431448254773944, -0.0, -0.669130606358858, 0.3], [0.0, 0.9999999999999999, -0.0, 0.22], [0.669130606358858, 0.0, -0.7431448254773944, 0.2433333333333335], [0.0, 0.0, 0.0, 1.0]]","[[-0.7911834114617058, -0.010984715854689742, -0.6114802903163838, 0.2941627525021684], [-0.0024247257081735493, 0.999887166623739, -0.014824801057398945, 0.22148579205509472], [0.6115741411579281, -0.010246464694862439, -0.7911207744890787, 0.24793428832993086], [0.0, 0.0, 0.0, 1.0]]","[[-0.7431448254773944, -0.0, -0.669130606358858, 0.3], [0.0, 0.9999999999999999, -0.0, -0.22], [0.669130606358858, 0.0, -0.7431448254773944, 0.2433333333333335], [0.0, 0.0, 0.0, 1.0]]","[[-0.7909431446038323, 0.011107405550931771, -0.6117888259408867, 0.2941765628708833], [0.0023559289181394345, 0.9998830971805436, 0.015107665987058705, -0.22151465793859654], [0.6118851130752684, 0.010507973856599864, -0.7908768493781412, 0.24785601400550444], [0.0, 0.0, 0.0, 1.0]]"
3.075,-64.9733561024727,4.7231633228625585,21.351705807762414,-117.65784951063681,-4.197801393604456,42.54839022702763,3.396701952788589,-64.98597146186972,-4.693901084910931,-21.36989630906945,-117.65679766150463,4.19094345679094,42.57172215323239,-3.3659240531714536,"[[-0.7475083268625969, -0.0, -0.6642524379112816, 0.3], [0.0, 1.0, -0.0, 0.22], [0.6642524379112816, 0.0, -0.7475083268625969, 0.2456250000000001], [0.0, 0.0, 0.0, 1.0]]","[[-0.7918524775699105, -0.010482531280778928, -0.6106224449726214, 0.294540540115439], [-0.001997700497136104, 0.9998917908106106, -0.014574493551191768, 0.2214614710568176], [0.6107091475973798, -0.010321008065953615, -0.7917877328131475, 0.2497749324622647], [0.0, 0.0, 0.0, 1.0]]","[[-0.7475083268625969, -0.0, -0.6642524379112816, 0.3], [0.0, 1.0, -0.0, -0.22], [0.6642524379112816, 0.0, -0.7475083268625969, 0.2456250000000001], [0.0, 0.0, 0.0, 1.0]]","[[-0.7915201317082942, 0.010622711407605283, -0.6110507663875693, 0.294485252088481], [0.0018909906252040027, 0.999886710132971, 0.014932884983134578, -0.22149868078922105], [0.611140168255156, 0.010664187817872872, -0.791450547945508, 0.24939413335438126], [0.0, 0.0, 0.0, 1.0]]"
3.0833333333333335,-65.4077151525505,4.853032112854358,21.309066644321316,-117.2696625393483,-4.197801393604456,42.54839022702763,3.396701952788589,-65.40886262433106,-4.824734212236171,-21.326072107807356,-117.27813197391912,4.19094345679094,42.57172215323239,-3.3659240531714536,"[[-0.7518398074789772, -0.0, -0.659345815100069, 0.3], [0.0, 1.0, -0.0, 0.22], [0.659345815100069, 0.0, -0.7518398074789772, 0.24791666666666679], [0.0, 0.0, 0.0, 1.0]]","[[-0.7925375243551216, -0.009893404066141694, -0.6097428909343999, 0.2949923161118464], [-0.0014896857609791028, 0.9998968175993133, -0.014287581709292937, 0.22143134448516852], [0.6098213290180895, -0.010415119334421331, -0.792470486493889, 0.25185335763861755], [0.0, 0.0, 0.0, 1.0]]","[[-0.7518398074789772, -0.0, -0.659345815100069, 0.3], [0.0, 1.0, -0.0, -0.22], [0.659345815100069, 0.0, -0.7518398074789772, 0.24791666666666679], [0.0, 0.0, 0.0, 1.0]]","[[-0.7922701945098177, 0.010058413113872369, -0.6100875078355616, 0.29496991211836326], [0.0014610555612205632, 0.9998925262011936, 0.01458771276255335, -0.22146318347125987], [0.6101686686548424, 0.010666038281687152, -0.7921997421227497, 0.2516450429539912], [0.0, 0.0, 0.0, 1.0]]"
3.091666666666667,-65.79647585972928,4.970399095344095,21.2699159999988,-116.9205169293556,-4.197801393604456,42.54839022702763,3.396701952788589,-65.81423435157132,-4.944110977889185,-21.286836086120218,-116.91394628737405,4.19094345679094,42.57172215323239,-3.3659240531714536,"[[-0.7561390817803226, -0.0, -0.6544109481086106, 0.3], [0.0, 1.0, -0.0, 0.22], [0.6544109481086106, 0.0, -0.7561390817803226, 0.2502083333333335], [0.0, 0.0, 0.0, 1.0]]","[[-0.7931341086625675, -0.00938299240386169, -0.608974749172397, 0.29539256463593444], [-0.0010546796829848338, 0.9999009805672924, -0.014032701498053196, 0.22140649682314376], [0.6090461175697627, -0.010487540899383382, -0.7930654690245206, 0.25372033142679534], [0.0, 0.0, 0.0, 1.0]]","[[-0.7561390817803226, -0.0, -0.6544109481086106, 0.3], [0.0, 1.0, -0.0, -0.22], [0.6544109481086106, 0.0, -0.7561390817803226, 0.2502083333333335], [0.0, 0.0, 0.0, 1.0]]","[[-0.7929034660498658, 0.009456002337383846, -0.6092738937012687, 0.295414329270291], [0.000920032975512795, 0.9998970231306289, 0.01432119666197334, -0.22143556993704985], [0.6093465738522155, 0.010794774397936186, -0.7928305151671854, 0.2536681108685136], [0.0, 0.0, 0.0, 1.0]]"
3.1,-66.21594509741645,5.094794342489775,21.227527846009703,-116.53899622269702,-4.197801393604456,42.54839022702763,3.396701952788589,-66.22586936228048,-5.0707341473647585,-21.24273526219674,-116.53849078869844,4.19094345679094,42.57172215323239,-3.3659240531714536,"[[-0.7604059656000309, -0.0, -0.6494480483301838, 0.3], [0.0, 1.0, -0.0, 0.22], [0.6494480483301838, 0.0, -0.7604059656000309, 0.25250000000000017], [0.0, 0.0, 0.0, 1.0]]","[[-0.7937217949049379, -0.008793945318592239, -0.6082173779321154, 0.29585283699181364], [-0.0005388699388123898, 0.9999052645709811, -0.013753963153431815, 0.22137701478569635], [0.6082807097977652, -0.010589070259967368, -0.7936513401229514, 0.2557617534346776], [0.0, 0.0, 0.0, 1.0]]","[[-0.7604059656000309, -0.0, -0.6494480483301838, 0.3], [0.0, 1.0, -0.0, -0.22], [0.6494480483301838, 0.0, -0.7604059656000309, 0.25250000000000017], [0.0, 0.0, 0.0, 1.0]]","[[-0.7934858189289458, 0.008939012449898403, -0.6085230884815145, 0.2958605122793348], [0.0005102490404098161, 0.999901544147237, 0.014022897628109827, -0.22140506493393827], [0.6085885266783932, 0.010816472086232584, -0.7934122567285122, 0.2556698052495974], [0.0, 0.0, 0.0, 1.0]]"
3.1083333333333334,-66.62748448547723,5.217399226299266,21.184651333494948,-116.16089061062345,-4.197801393604456,42.54839022702763,3.396701952788589,-66.63768195790806,-5.1919465263572135,-21.2008115610712,-116.16060374267832,4.19094345679094,42.57172215323239,-3.3659240531714536,"[[-0.7646402761590002, -0.0, -0.6444573283588975, 0.3], [0.0, 0.9999999999999999, -0.0, 0.22], [0.6444573283588975, 0.0, -0.7646402761590002, 0.25479166666666675], [0.0, 0.0, 0.0, 1.0]]","[[-0.7942497620339299, -0.008271996490427886, -0.6075350932934723, 0.2962980190472546], [-0.00010977535931280379, 0.9999092570108861, -0.01347092028439529, 0.22134785837548623], [0.6075913951484305, -0.01063258284709757, -0.7941785974978068, 0.2577211466914193], [0.0, 0.0, 0.0, 1.0]]","[[-0.7646402761590002, -0.0, -0.6444573283588975, 0.3], [0.0, 0.9999999999999999, -0.0, -0.22], [0.6444573283588975, 0.0, -0.7646402761590002, 0.25479166666666675], [0.0, 0.0, 0.0, 1.0]]","[[-0.7940188668473642, 0.008402382502421639, -0.6078350426379766, 0.296306040565237], [6.0236013086348815e-05, 0.999905552293531, 0.01374346623642533, -0.22137650292708308], [0.6078931118725155, 0.010875957928018765, -0.7939443797125196, 0.2576351304702672], [0.0, 0.0, 0.0, 1.0]]"
3.1166666666666667,-67.02519957065789,5.341341119638787,21.13929716985877,-115.79115881047233,-4.197801393604456,42.54839022702763,3.396701952788589,-67.03084130691232,-5.3146880139501045,-21.156087482385956,-115.79539352775774,4.19094345679094,42.57172215323239,-3.3659240531714536,"[[-0.7688418320734596, -0.0, -0.6394390019805848, 0.3], [0.0, 1.0, -0.0, 0.22], [0.6394390019805848, 0.0, -0.7688418320734596, 0.25708333333333344], [0.0, 0.0, 0.0, 1.0]]","[[-0.794734832200396, -0.00777688305443654, -0.6069069669870054, 0.29673484703436515], [0.0002911445680456718, 0.999912911746627, -0.013194095543935202, 0.22132039152875765], [0.6069567214573449, -0.010662504974892673, -0.7946633559347074, 0.2596346149478567], [0.0, 0.0, 0.0, 1.0]]","[[-0.7688418320734596, -0.0, -0.6394390019805848, 0.3], [0.0, 1.0, -0.0, -0.22], [0.6394390019805848, 0.0, -0.7688418320734596, 0.25708333333333344], [0.0, 0.0, 0.0, 1.0]]","[[-0.794509049214842, 0.007876201235419225, -0.6072012320226527, 0.2967572767229121], [-0.0003755947577248316, 0.999909318007978, 0.013461600551144341, -0.22134766798067573], [0.6072521960802664, 0.010923425054431448, -0.7944340432916847, 0.25959164857477296], [0.0, 0.0, 0.0, 1.0]]"
3.125,-67.42219748597572,5.463070458574046,21.0943067137959,-115.41922768940844,-4.197801393604456,42.54839022702763,3.396701952788589,-67.43212858102892,-5.43743974682675,-21.11076063950646,-115.41918670827343,4.19094345679094,42.57172215323239,-3.3659240531714536,"[[-0.773010453362737, -0.0, -0.6343932841636455, 0.3], [0.0, 1.0, -0.0, 0.22], [0.6343932841636455, 0.0, -0.773010453362737, 0.25937500000000013], [0.0, 0.0, 0.0, 1.0]]","[[-0.7951807053364848, -0.007277345083848792, -0.6063288597032978, 0.2971865906312221], [0.0006939832068424382, 0.9999164030562124, -0.012911440137915245, 0.2212917597079246], [0.6063721334691093, -0.010687710122235256, -0.7951091803044812, 0.2615665491012254], [0.0, 0.0, 0.0, 1.0]]","[[-0.773010453362737, -0.0, -0.6343932841636455, 0.3], [0.0, 1.0, -0.0, -0.22], [0.6343932841636455, 0.0, -0.773010453362737, 0.25937500000000013], [0.0, 0.0, 0.0, 1.0]]","[[-0.7949543995039213, 0.007383816664800683, -0.6066242510490498, 0.29720469973815083], [-0.0007688023238160793, 0.9999128655828681, 0.013178398417275633, -0.22131933890028663], [0.6066687000763653, 0.010942599934118476, -0.7948794549202635, 0.2615106660461156], [0.0, 0.0, 0.0, 1.0]]"
3.1333333333333333,-67.81386785374093,5.583986578111252,21.048641776552486,-115.04885385147534,-4.197801393604456,42.54839022702763,3.396701952788589,-67.82377162803745,-5.558361415892656,-21.065196447553305,-115.04882653071866,4.19094345679094,42.57172215323239,-3.3659240531714536,"[[-0.7771459614569709, -0.0, -0.6293203910498374, 0.3], [0.0, 1.0, -0.0, 0.22], [0.6293203910498374, 0.0, -0.7771459614569709, 0.2616666666666667], [0.0, 0.0, 0.0, 1.0]]","[[-0.7955842511941967, -0.006813701329764225, -0.6058046489801463, 0.2976306167766569], [0.0010549743192685835, 0.9999196576066977, -0.012631918337700538, 0.22126464811805352], [0.6058420473035486, -0.010688863639013295, -0.7955131437714599, 0.26345187885069804], [0.0, 0.0, 0.0, 1.0]]","[[-0.7771459614569709, -0.0, -0.6293203910498374, 0.3], [0.0, 1.0, -0.0, -0.22], [0.6293203910498374, 0.0, -0.7771459614569709, 0.2616666666666667], [0.0, 0.0, 0.0, 1.0]]","[[-0.7953494526597188, 0.006934744171162209, -0.606111505811568, 0.2976323927423399], [-0.0011193835625641808, 0.9999160452124433, 0.012909279884917392, -0.22129402809208568], [0.6061501424022977, 0.010945859947386657, -0.7952749166267515, 0.26333557001991004], [0.0, 0.0, 0.0, 1.0]]"
3.1416666666666666,-68.21364565605094,5.707259112912111,21.000932905199946,-114.66682771081818,-4.197801393604456,42.54839022702763,3.396701952788589,-68.22355626053664,-5.681586993142972,-21.017619057342287,-114.66678672968317,4.19094345679094,42.57172215323239,-3.3659240531714536,"[[-0.7812481792047583, -0.0, -0.624220539945018, 0.3], [0.0, 1.0, -0.0, 0.22], [0.624220539945018, 0.0, -0.7812481792047583, 0.2639583333333334], [0.0, 0.0, 0.0, 1.0]]","[[-0.7959535964733361, -0.006325569668281341, -0.6053245901411355, 0.2981039604185414], [0.0014364421918688463, 0.999922853682398, -0.0123378814015757, 0.22123439475662876], [0.6053559357064167, -0.010689894855500105, -0.7958831052692267, 0.26540323009600664], [0.0, 0.0, 0.0, 1.0]]","[[-0.7812481792047583, -0.0, -0.624220539945018, 0.3], [0.0, 1.0, -0.0, -0.22], [0.624220539945018, 0.0, -0.7812481792047583, 0.2639583333333334], [0.0, 0.0, 0.0, 1.0]]","[[-0.7957266916336121, 0.0064237918269280546, -0.6056218020517349, 0.298123196777129], [-0.0015194472321484317, 0.9999194310946056, 0.012602483864260572, -0.22126164751508304], [0.6056539634989068, 0.0109483431625303, -0.7956528201923627, 0.2653468998075944], [0.0, 0.0, 0.0, 1.0]]"
3.15,-68.60384070295544,5.828586751346809,20.95306864704379,-114.29061406114471,-4.197801393604456,42.54839022702763,3.396701952788589,-68.61368300554942,-5.80301708441522,-20.969792365226564,-114.29057991019886,4.19094345679094,42.57172215323239,-3.3659240531714536,"[[-0.7853169308807447, -0.0, -0.6190939493098342, 0.3], [0.0, 0.9999999999999999, -0.0, 0.22], [0.6190939493098342, 0.0, -0.7853169308807447, 0.2662500000000001], [0.0, 0.0, 0.0, 1.0]]","[[-0.7962794638605446, -0.00588835093138656, -0.6049002750514109, 0.29857058680328163], [0.001752703097392496, 0.9999259693849816, -0.012040921117493365, 0.22120501127835926], [0.6049263950811009, -0.010648148797520907, -0.7962101942711923, 0.2673080769146396], [0.0, 0.0, 0.0, 1.0]]","[[-0.7853169308807447, -0.0, -0.6190939493098342, 0.3], [0.0, 0.9999999999999999, -0.0, -0.22], [0.6190939493098342, 0.0, -0.7853169308807447, 0.2662500000000001], [0.0, 0.0, 0.0, 1.0]]","[[-0.7960449533703943, 0.005991662424414566, -0.6052078421459184, 0.2985670472797908], [-0.001846014303372378, 0.999922309314255, 0.012327512597403513, -0.22123580920847238], [0.6052346854276602, 0.010930476523887523, -0.7959720473975466, 0.2671702015133169], [0.0, 0.0, 0.0, 1.0]]"
3.158333333333333,-69.00215684478307,5.952548708367017,20.902960671745284,-113.90273444836886,-4.197801393604456,42.54839022702763,3.396701952788589,-69.01406869469557,-5.929130551023982,-20.9184908143706,-113.90007067459256,4.19094345679094,42.57172215323239,-3.3659240531714536,"[[-0.7893520421931498, -0.0, -0.6139408387503666, 0.3], [0.0, 0.9999999999999999, -0.0, 0.22], [0.6139408387503666, 0.0, -0.7893520421931498, 0.2685416666666667], [0.0, 0.0, 0.0, 1.0]]","[[-0.79657035240448, -0.005418426978586779, -0.6045215581923278, 0.2990483932782573], [0.002118102194173111, 0.9999286816285264, -0.011753522864736889, 0.22117630025349883], [0.6045421303046605, -0.010642946289189697, -0.7965020655221102, 0.26922524424082844], [0.0, 0.0, 0.0, 1.0]]","[[-0.7893520421931498, -0.0, -0.6139408387503666, 0.3], [0.0, 0.9999999999999999, -0.0, -0.22], [0.6139408387503666, 0.0, -0.7893520421931498, 0.2685416666666667], [0.0, 0.0, 0.0, 1.0]]","[[-0.7963470541720513, 0.005494802227405818, -0.6048149935806635, 0.29907778486050846], [-0.0022216687439171948, 0.9999254135579706, 0.012009642330822707, -0.22120193734867435], [0.6048358731916359, 0.01090754185890127, -0.7962754498482972, 0.26920256850903246], [0.0, 0.0, 0.0, 1.0]]"
3.1666666666666665,-69.38366389106329,6.072077445729064,20.853942111619393,-113.52792098747524,-4.197801393604456,42.54839022702763,3.396701952788589,-69.40039102434066,-6.049730347425251,-20.86913586742809,-113.52061268506333,4.19094345679094,42.57172215323239,-3.3659240531714536,"[[-0.7933533402912349, -0.0, -0.6087614290087208, 0.3], [0.0, 1.0, -0.0, 0.22], [0.6087614290087208, 0.0, -0.7933533402912349, 0.27083333333333337], [0.0, 0.0, 0.0, 1.0]]","[[-0.7968217180819961, -0.0049769394103654305, -0.6041939917501346, 0.29953403669366285], [0.0024405866650802667, 0.9999314058163458, -0.011455444071560824, 0.22114648079791052], [0.6042095606075647, -0.010602534425880305, -0.7967549140947685, 0.2711418772816882], [0.0, 0.0, 0.0, 1.0]]","[[-0.7933533402912349, -0.0, -0.6087614290087208, 0.3], [0.0, 1.0, -0.0, -0.22], [0.6087614290087208, 0.0, -0.7933533402912349, 0.27083333333333337], [0.0, 0.0, 0.0, 1.0]]","[[-0.7965864333114029, 0.005085403357065615, -0.6045032613120579, 0.29953236336086214], [-0.002520891562773703, 0.9999279784476861, 0.011733840942033844, -0.22117639421068963], [0.6045193953629172, 0.010870905676168803, -0.7965162421695072, 0.27100295101438787], [0.0, 0.0, 0.0, 1.0]]"
3.175,-69.77296418318652,6.238174412852256,20.774145011546135,-113.12690692092545,-5.029120792959633,42.47965803340979,3.8522979819866534,-69.78262207067291,-6.212880087921584,-20.79099167313397,-113.12687960016878,5.039832664012328,42.481584146755736,-3.8282382137484605,"[[-0.7973206537727071, -0.0, -0.6035559419535717, 0.3], [0.0, 1.0, -0.0, 0.22], [0.6035559419535717, 0.0, -0.7973206537727071, 0.27312500000000006], [0.0, 0.0, 0.0, 1.0]]","[[-0.7973118756466885, -8.387682306374617e-05, -0.603567532192909, 0.29999237680665214], [4.030191167304948e-05, 0.9999999807160774, -0.00019220718154431765, 0.22001955265646456], [0.6035675366754873, -0.0001775739938010225, -0.7973118568909917, 0.2730922706276909], [0.0, 0.0, 0.0, 1.0]]","[[-0.7973206537727071, -0.0, -0.6035559419535717, 0.3], [0.0, 1.0, -0.0, -0.22], [0.6035559419535717, 0.0, -0.7973206537727071, 0.27312500000000006], [0.0, 0.0, 0.0, 1.0]]","[[-0.7972859426544563, 0.00023495885038634566, -0.6036017482081493, 0.29998019253717456], [-0.00011870557172367197, 0.9999998438652336, 0.0005460572278486559, -0.22005551434599532], [0.6036017822659097, 0.000507014642263051, -0.797285790279477, 0.27303306767140445], [0.0, 0.0, 0.0, 1.0]]"
3.183333333333333,-70.11912500051193,6.469581648819111,20.64849002138541,-112.7390068175821,-4.942674503729367,42.12547174380961,3.911084139512484,-70.12637866141048,-6.4504686450873,-20.661291503437308,-112.73897949682541,4.951104237825632,42.12662946087393,-3.893003775005814,"[[-0.8012538126910604, -0.0, -0.5983246005706592, 0.3], [0.0, 1.0, -0.0, 0.22], [0.5983246005706592, 0.0, -0.8012538126910604, 0.27541666666666675], [0.0, 0.0, 0.0, 1.0]]","[[-0.8011441346658941, -2.581131828171179e-07, -0.5984714491856478, 0.3000002189805711], [-9.530041150059701e-08, 0.9999999999999496, -3.0371343087374536e-07, 0.22000007459043702], [0.598471449185696, -1.862836583850057e-07, -0.8011441346658781, 0.27535248508268756], [0.0, 0.0, 0.0, 1.0]]","[[-0.8012538126910604, -0.0, -0.5983246005706592, 0.3], [0.0, 1.0, -0.0, -0.22], [0.5983246005706592, 0.0, -0.8012538126910604, 0.27541666666666675], [0.0, 0.0, 0.0, 1.0]]","[[-0.8009491717441486, 6.313329559076439e-07, -0.5987323477831843, 0.3000005175502165], [2.1275147802018541e-07, 0.9999999999996811, 7.698428813917126e-07, -0.22000019446808944], [0.5987323477834794, 4.892238262944528e-07, -0.8009491717440274, 0.27523842963826345], [0.0, 0.0, 0.0, 1.0]]"
3.1916666666666664,-70.47093438428095,6.711815588394083,20.514437313640155,-112.33937927943381,-4.836055250785468,41.75470516999923,3.9695987970188065,-70.47852272444884,-6.678660569502372,-20.536430522767596,-112.3437779212593,4.85061379900135,41.76064401948255,-3.9399784010225765,"[[-0.8051526485628582, -0.0, -0.5930676289532372, 0.3], [0.0, 1.0, -0.0, 0.22], [0.5930676289532372, 0.0, -0.8051526485628582, 0.27770833333333345], [0.0, 0.0, 0.0, 1.0]]","[[-0.8051291917539631, -5.763737463904586e-08, -0.5930994727578223, 0.3000000545810638], [-2.8586082454160645e-08, 0.9999999999999978, -5.8374500008116234e-08, 0.2200000156017519], [0.5930994727578245, -3.0044623578802016e-08, -0.8051291917539631, 0.2776944637137235], [0.0, 0.0, 0.0, 1.0]]","[[-0.8051526485628582, -0.0, -0.5930676289532372, 0.3], [0.0, 1.0, -0.0, -0.22], [0.5930676289532372, 0.0, -0.8051526485628582, 0.27770833333333345], [0.0, 0.0, 0.0, 1.0]]","[[-0.8049714895308818, 3.627224178901438e-07, -0.5933134930559916, 0.3000003117268648], [1.3863464783835884e-07, 0.9999999999999009, 4.2325934241879097e-07, -0.2200001159795371], [0.5933134930560862, 2.5845789615715176e-07, -0.8049714895308523, 0.2776013775630484], [0.0, 0.0, 0.0, 1.0]]"
3.2,-70.8203668622188,6.955079605873257,20.377620086828337,-111.93848815628908,-4.728751271377274,41.38200223755914,4.031154596253077,-70.83434142926065,-6.917759025361485,-20.40284739052778,-111.9384608355324,4.745198793785488,41.38420838866105,-3.995609011151861,"[[-0.8090169943749473, -0.0, -0.5877852522924731, 0.3], [0.0, 0.9999999999999999, -0.0, 0.22], [0.5877852522924731, 0.0, -0.8090169943749473, 0.28000000000000014], [0.0, 0.0, 0.0, 1.0]]","[[-0.8089937735077571, -4.908489858599897e-08, -0.587817211746711, 0.3000000361073787], [-2.1340424352002932e-08, 0.9999999999999983, -5.4133542749895937e-08, 0.22000001178496859], [0.5878172117467125, -3.124943028249582e-08, -0.8089937735077567, 0.27998613513784376], [0.0, 0.0, 0.0, 1.0]]","[[-0.8090169943749473, -0.0, -0.5877852522924731, 0.3], [0.0, 0.9999999999999999, -0.0, -0.22], [0.5877852522924731, 0.0, -0.8090169943749473, 0.28000000000000014], [0.0, 0.0, 0.0, 1.0]]","[[-0.8089092013200687, 2.3644033476833494e-07, -0.5879335881030043, 0.3000002337930096], [1.0564128927557071e-07, 0.9999999999999616, 2.568081274641334e-07, -0.22000007275328284], [0.5879335881030423, 1.4562439502390082e-07, -0.8089092013200625, 0.27993580137840635], [0.0, 0.0, 0.0, 1.0]]"
3.2083333333333335,-71.16890458537539,7.171820718144803,20.25621347433136,-111.54446137326022,-4.632798212595997,41.01629683392373,4.072746606317047,-71.18220979387857,-7.149218341520761,-20.271864852814446,-111.53993978802967,4.642912442096317,41.01358183372865,-4.049377967845494,"[[-0.8128466845916152, -0.0, -0.5824776968678023, 0.3], [0.0, 1.0, -0.0, 0.22], [0.5824776968678023, 0.0, -0.8128466845916152, 0.28229166666666683], [0.0, 0.0, 0.0, 1.0]]","[[-0.8127826271136317, -1.4975887344530918e-07, -0.5825670785945948, 0.3000001362996962], [-7.679701641740741e-08, 0.9999999999999859, -1.4992195044350782e-07, 0.22000004118997923], [0.582567078594609, -7.711454324440384e-08, -0.8127826271136317, 0.28225315355592956], [0.0, 0.0, 0.0, 1.0]]","[[-0.8128466845916152, -0.0, -0.5824776968678023, 0.3], [0.0, 1.0, -0.0, -0.22], [0.5824776968678023, 0.0, -0.8128466845916152, 0.28229166666666683], [0.0, 0.0, 0.0, 1.0]]","[[-0.8126687353640187, 3.639861302797519e-07, -0.5827259446444047, 0.30000033454179575], [1.4860555989067364e-07, 0.9999999999999019, 4.173815154286967e-07, -0.22000011425967353], [0.5827259446444996, 2.525965930410531e-07, -0.812668735363993, 0.2821847200828854], [0.0, 0.0, 0.0, 1.0]]"
3.216666666666667,-71.52806325269134,7.394091295436296,20.12997621054389,-111.1357770042725,-4.534254377685168,40.63643244813889,4.115997071688859,-71.53675125331559,-7.357372198458307,-20.154800533082305,-111.14027809893554,4.550666468487063,40.64261376933775,-4.082808328738121,"[[-0.8166415551616788, -0.0, -0.5771451900372336, 0.3], [0.0, 1.0, -0.0, 0.22], [0.5771451900372336, 0.0, -0.8166415551616788, 0.2845833333333334], [0.0, 0.0, 0.0, 1.0]]","[[-0.8166035273208373, -7.939014648573169e-08, -0.5771989944266711, 0.30000006600249723], [-3.200283471832746e-08, 0.9999999999999952, -9.226717178081503e-08, 0.22000002459132081], [0.5771989944266758, -5.68736939139096e-08, -0.816603527320836, 0.2845602357777858], [0.0, 0.0, 0.0, 1.0]]","[[-0.8166415551616788, -0.0, -0.5771451900372336, 0.3], [0.0, 1.0, -0.0, -0.22], [0.5771451900372336, 0.0, -0.8166415551616788, 0.2845833333333334], [0.0, 0.0, 0.0, 1.0]]","[[-0.8164652370878347, 3.715366532009224e-07, -0.577394593520729, 0.3000003183067301], [1.6054324159275155e-07, 0.9999999999999005, 4.1645467430650143e-07, -0.22000011502590336], [0.5773945935208262, 2.473239646720477e-07, -0.8164652370878129, 0.2844763536813818], [0.0, 0.0, 0.0, 1.0]]"
3.225,-71.88218807058898,7.616728995395678,20.001351795641504,-110.72857478633469,-4.435378424825949,40.25720668504144,4.162750997218066,-71.89485124131019,-7.582277521222133,-20.025030353946647,-110.728547465578,4.450897041507041,40.25915670404948,-4.129823935889904,"[[-0.8204014435255135, -0.0, -0.5717879602276122, 0.3], [0.0, 0.9999999999999999, -0.0, 0.22], [0.5717879602276122, 0.0, -0.8204014435255135, 0.2868750000000001], [0.0, 0.0, 0.0, 1.0]]","[[-0.8203637449879063, -8.022554623833948e-08, -0.5718420462937395, 0.3000000728600451], [-2.3371498704480434e-08, 0.9999999999999941, -1.067644753142033e-07, 0.22000002893599613], [0.5718420462937446, -7.422089915630712e-08, -0.8203637449879034, 0.2868519022735494], [0.0, 0.0, 0.0, 1.0]]","[[-0.8204014435255135, -0.0, -0.5717879602276122, 0.3], [0.0, 0.9999999999999999, -0.0, -0.22], [0.5717879602276122, 0.0, -0.8204014435255135, 0.2868750000000001], [0.0, 0.0, 0.0, 1.0]]","[[-0.8202966379477372, 2.2305566977009684e-07, -0.5719383059138363, 0.3000002076324395], [9.739900505285834e-08, 0.9999999999999638, 2.5030600661908054e-07, -0.22000006806929148], [0.5719383059138716, 1.4961895374013082e-07, -0.8202966379477294, 0.2868108267415293], [0.0, 0.0, 0.0, 1.0]]"
3.2333333333333334,-72.23798628483328,7.834906581827042,19.87392266384387,-110.31835362478373,-4.338296250397502,39.87488001606081,4.206503054607052,-72.25230236133363,-7.795693612028352,-19.901028269565064,-110.31832630402704,4.356051754031774,39.8770690916898,-4.1689498207766755,"[[-0.8241261886220157, -0.0, -0.5664062369248328, 0.3], [0.0, 1.0, -0.0, 0.22], [0.5664062369248328, 0.0, -0.8241261886220157, 0.2891666666666668], [0.0, 0.0, 0.0, 1.0]]","[[-0.824088860643286, -8.401138204564894e-08, -0.5664605456372436, 0.30000006926977735], [-3.488742853012916e-08, 0.9999999999999948, -9.75549687318717e-08, 0.22000002664481663], [0.5664605456372487, -6.063161123128226e-08, -0.8240888606432847, 0.2891435604084389], [0.0, 0.0, 0.0, 1.0]]","[[-0.8241261886220157, -0.0, -0.5664062369248328, 0.3], [0.0, 1.0, -0.0, -0.22], [0.5664062369248328, 0.0, -0.8241261886220157, 0.2891666666666668], [0.0, 0.0, 0.0, 1.0]]","[[-0.8240224100123865, 2.0618168018755662e-07, -0.5665572061119125, 0.3000001884336407], [7.973607350889965e-08, 0.9999999999999662, 2.47949134199297e-07, -0.22000006615016057], [0.5665572061119445, 1.5914059608985302e-07, -0.824022410012375, 0.2891025003357599], [0.0, 0.0, 0.0, 1.0]]"
3.2416666666666667,-72.59741132952686,8.043230766607016,19.751467617309295,-109.9050930290521,-4.245462453632805,39.48976321480422,4.242052054802853,-72.60684382077066,-8.003806060944056,-19.778643232469484,-109.90969657655269,4.263423716715823,39.496118705826916,-4.206074460236634,"[[-0.8278156308955021, -0.0, -0.5610002506640098, 0.3], [0.0, 1.0, -0.0, 0.22], [0.5610002506640098, 0.0, -0.8278156308955021, 0.2914583333333335], [0.0, 0.0, 0.0, 1.0]]","[[-0.827778625791675, -8.577895914711783e-08, -0.5610548517591116, 0.3000000884371129], [-3.929992847768683e-08, 0.9999999999999949, -9.490572658127259e-08, 0.22000002623598702], [0.5610548517591167, -5.6511516383014006e-08, -0.8277786257916742, 0.29143521871764644], [0.0, 0.0, 0.0, 1.0]]","[[-0.8278156308955021, -0.0, -0.5610002506640098, 0.3], [0.0, 1.0, -0.0, -0.22], [0.5610002506640098, 0.0, -0.8278156308955021, 0.2914583333333335], [0.0, 0.0, 0.0, 1.0]]","[[-0.8277127987098972, 2.2682716989384642e-07, -0.5611519605701988, 0.3000002144688958], [1.0443294224381856e-07, 0.9999999999999633, 2.501758825702899e-07, -0.2200000699007998], [0.561151960570235, 1.484710296437401e-07, -0.8277127987098906, 0.2913941512752564], [0.0, 0.0, 0.0, 1.0]]"
3.25,-72.95639924211356,8.252924404315577,19.626242929066283,-109.48878616895065,-4.15186837143612,39.10123131896263,4.280193538675497,-72.96977275250845,-8.21583135448053,-19.652192525270454,-109.48875884819397,4.1689173773781185,39.103239394578615,-4.244569833285649,"[[-0.8314696123025455, -0.0, -0.5555702330196022, 0.3], [0.0, 1.0000000000000002, -0.0, 0.22], [0.5555702330196022, 0.0, -0.8314696123025455, 0.29375000000000007], [0.0, 0.0, 0.0, 1.0]]","[[-0.8314329989433163, -9.499986985025127e-08, -0.555625024875693, 0.3000000670025024], [-4.200838172601327e-08, 0.9999999999999932, -1.0811736757982698e-07, 0.22000003117122444], [0.5556250248756994, -6.65514390232487e-08, -0.8314329989433148, 0.2937268952351251], [0.0, 0.0, 0.0, 1.0]]","[[-0.8314696123025455, -0.0, -0.5555702330196022, 0.3], [0.0, 1.0000000000000002, -0.0, -0.22], [0.5555702330196022, 0.0, -0.8314696123025455, 0.29375000000000007], [0.0, 0.0, 0.0, 1.0]]","[[-0.8314085593281996, 1.376478418169588e-07, -0.5556615943861777, 0.3000001162350283], [5.5525314545477045e-08, 0.999999999999985, 1.6463909143390714e-07, -0.22000004737962667], [0.5556615943861919, 1.0602906500903463e-07, -0.8314085593281947, 0.29371149670671426], [0.0, 0.0, 0.0, 1.0]]"
3.2583333333333333,-73.31882957004196,8.453252998898405,19.50575326946538,-109.06941255391186,-4.062386063119783,38.70988538518299,4.310574646990537,-73.32990130668655,-8.42236176082973,-19.5275005917827,-109.06938523315519,4.076725618395402,38.711528045678385,-4.280884241555314,"[[-0.835087976318743, -0.0, -0.5501164165954936, 0.3], [0.0, 1.0, -0.0, 0.22], [0.5501164165954936, 0.0, -0.835087976318743, 0.29604166666666676], [0.0, 0.0, 0.0, 1.0]]","[[-0.8350516918617266, -1.0130418616737432e-07, -0.5501714931899488, 0.30000007632109293], [-5.5599519445566e-08, 0.9999999999999936, -9.974292391901295e-08, 0.22000002972338498], [0.5501714931899553, -5.2701226735796586e-08, -0.8350516918617268, 0.29601854962064017], [0.0, 0.0, 0.0, 1.0]]","[[-0.835087976318743, -0.0, -0.5501164165954936, 0.3], [0.0, 1.0, -0.0, -0.22], [0.5501164165954936, 0.0, -0.835087976318743, 0.29604166666666676], [0.0, 0.0, 0.0, 1.0]]","[[-0.8349199193650625, 3.6731785531239606e-07, -0.5503714457049007, 0.3000003248241336], [1.6582155426765054e-07, 0.9999999999998999, 4.158466766041841e-07, -0.22000011588768278], [0.5503714457049984, 2.5593522514727414e-07, -0.8349199193650396, 0.29593469685433965], [0.0, 0.0, 0.0, 1.0]]"
3.2666666666666666,-73.68272155845273,8.649760956414257,19.386175440118674,-108.6469585235574,-3.974543000204249,38.315418054952666,4.33852804994246,-73.6934312950713,-8.619695317461506,-19.40747709259265,-108.64693120280073,3.9886063597053054,38.31699582865094,-4.309585550221354,"[[-0.8386705679454239, -0.0, -0.5446390350150273, 0.3], [0.0, 1.0, -0.0, 0.22], [0.5446390350150273, 0.0, -0.8386705679454239, 0.29833333333333345], [0.0, 0.0, 0.0, 1.0]]","[[-0.8386346474076457, -1.0197881266986782e-07, -0.544694343799753, 0.3000000690754473], [-5.5827904041388476e-08, 0.9999999999999934, -1.0126706597285297e-07, 0.2200000294494285], [0.5446943437997597, -5.451692660861067e-08, -0.8386346474076457, 0.298310214926405], [0.0, 0.0, 0.0, 1.0]]","[[-0.8386705679454239, -0.0, -0.5446390350150273, 0.3], [0.0, 1.0, -0.0, -0.22], [0.5446390350150273, 0.0, -0.8386705679454239, 0.29833333333333345], [0.0, 0.0, 0.0, 1.0]]","[[-0.8385041665521752, 3.4674973624869046e-07, -0.544895185035179, 0.3000003310651337], [1.5769119399036396e-07, 0.9999999999999102, 3.936995938866699e-07, -0.22000010728102296], [0.5448951850352665, 2.4419357751607433e-07, -0.8385041665521545, 0.29822637247592104], [0.0, 0.0, 0.0, 1.0]]"
3.275,-74.04634033929669,8.847369428160127,19.264037997380505,-108.22140358731977,-3.8860805245083596,37.9175868565561,4.368815670043236,-74.0593450194764,-8.818860218564494,-19.284482461113647,-108.21851441730085,3.899549230664802,37.91645304515388,-4.340253953368357,"[[-0.8422172337162865, -0.0, -0.5391383229110005, 0.3], [0.0, 1.0, -0.0, 0.22], [0.5391383229110005, 0.0, -0.8422172337162865, 0.30062500000000003], [0.0, 0.0, 0.0, 1.0]]","[[-0.8421817318632114, -8.538515090933752e-08, -0.5391937782614658, 0.3000000511909883], [-3.505654222078467e-08, 0.999999999999994, -1.03601290891774e-07, 0.22000002984454062], [0.5391937782614713, -6.834884513369111e-08, -0.8421817318632094, 0.3006019048869114], [0.0, 0.0, 0.0, 1.0]]","[[-0.8422172337162865, -0.0, -0.5391383229110005, 0.3], [0.0, 1.0, -0.0, -0.22], [0.5391383229110005, 0.0, -0.8422172337162865, 0.30062500000000003], [0.0, 0.0, 0.0, 1.0]]","[[-0.8421184043228506, 2.125509845267268e-07, -0.5392926785157489, 0.3000002138942186], [8.382891532127533e-08, 0.9999999999999619, 2.6322833180481496e-07, -0.22000007394228024], [0.5392926785157842, 1.764611024713562e-07, -0.8421184043228364, 0.3005608186666813], [0.0, 0.0, 0.0, 1.0]]"
3.283333333333333,-74.41316930905057,9.036306120981019,19.146300904015117,-107.7927340848206,-3.8015347354146494,37.51690405418106,4.391965742461347,-74.42484893253129,-9.003112255388404,-19.170121188745537,-107.79270676406391,3.8172667955073045,37.51859794109522,-4.359876659966981,"[[-0.8457278217039732, -0.0, -0.5336145159156117, 0.3], [0.0, 1.0, -0.0, 0.22], [0.5336145159156117, 0.0, -0.8457278217039732, 0.3029166666666667], [0.0, 0.0, 0.0, 1.0]]","[[-0.8456926668569547, -8.581061993400443e-08, -0.5336702289095431, 0.30000006077207125], [-3.9242989374824456e-08, 0.9999999999999942, -9.86060468497468e-08, 0.2200000285972851], [0.5336702289095486, -6.244759560582686e-08, -0.8456926668569533, 0.3028935626850698], [0.0, 0.0, 0.0, 1.0]]","[[-0.8457278217039732, -0.0, -0.5336145159156117, 0.3], [0.0, 1.0, -0.0, -0.22], [0.5336145159156117, 0.0, -0.8457278217039732, 0.3029166666666667], [0.0, 0.0, 0.0, 1.0]]","[[-0.8455647819999941, 3.5856377865515695e-07, -0.5338728307763694, 0.30000033907572393], [1.6956664315466433e-07, 0.9999999999999045, 4.030626482502447e-07, -0.22000011453715781], [0.5338728307764629, 2.502885565138314e-07, -0.8455647819999741, 0.3028096811582279], [0.0, 0.0, 0.0, 1.0]]"
3.2916666666666665,-74.77982752407519,9.226194771417482,19.02612714066333,-107.36092952549238,-3.71645234958427,37.112884704396464,4.417303182961156,-74.79538669500448,-9.195024349366482,-19.048813613991527,-107.3562576761001,3.7313997916960195,37.11020385514723,-4.385418152368244,"[[-0.8492021815265788, -0.0, -0.5280678506503681, 0.3], [0.0, 0.9999999999999999, -0.0, 0.22], [0.5280678506503681, 0.0, -0.8492021815265788, 0.3052083333333334], [0.0, 0.0, 0.0, 1.0]]","[[-0.8491053826746663, -2.227570492730772e-07, -0.5282234840603542, 0.30000020557414936], [-1.0705898393549447e-07, 0.9999999999999633, -2.496153498065503e-07, 0.22000007160317728], [0.5282234840603904, -1.553986676245931e-07, -0.8491053826746587, 0.30514413140696417], [0.0, 0.0, 0.0, 1.0]]","[[-0.8492021815265788, -0.0, -0.5280678506503681, 0.3], [0.0, 0.9999999999999999, -0.0, -0.22], [0.5280678506503681, 0.0, -0.8492021815265788, 0.3052083333333334], [0.0, 0.0, 0.0, 1.0]]","[[-0.8491441523633396, 1.3888107342750164e-07, -0.528161157703902, 0.3000001066690589], [7.236222988119226e-08, 0.9999999999999867, 1.4661265400233263e-07, -0.22000004162592623], [0.5281611577039154, 8.627635870046394e-08, -0.8491441523633383, 0.3051698180589657], [0.0, 0.0, 0.0, 1.0]]"
3.3,-75.15262607916365,9.399000264966098,18.916576029018202,-106.9259762489568,-3.6393591506486898,36.706433807267345,4.427262452544681,-75.16357487240319,-9.367494309872122,-18.939491313683593,-106.92594892820013,3.6545268663611723,36.70799109039811,-4.396687964498764,"[[-0.8526401643540922, -0.0, -0.522498564715949, 0.3], [0.0, 1.0, -0.0, 0.22], [0.522498564715949, 0.0, -0.8526401643540922, 0.3075], [0.0, 0.0, 0.0, 1.0]]","[[-0.8525826976608007, -1.3305848491810304e-07, -0.5225923302627145, 0.3000001258962243], [-6.19508108694131e-08, 0.9999999999999863, -1.5354281113242716e-07, 0.22000004254181574], [0.5225923302627278, -9.853292550779628e-08, -0.8525826976607972, 0.30746147600238216], [0.0, 0.0, 0.0, 1.0]]","[[-0.8526401643540922, -0.0, -0.522498564715949, 0.3], [0.0, 1.0, -0.0, -0.22], [0.522498564715949, 0.0, -0.8526401643540922, 0.3075], [0.0, 0.0, 0.0, 1.0]]","[[-0.8524805486321849, 3.5426373196316093e-07, -0.5227589446424075, 0.30000032064708115], [1.7148404108080034e-07, 0.9999999999999061, 3.9803608273644677e-07, -0.22000011287642335], [0.5227589446424994, 2.4967320184815744e-07, -0.8524805486321656, 0.3073930139994656], [0.0, 0.0, 0.0, 1.0]]"
3.308333333333333,-75.52366927563543,9.577397122124015,18.801297803754018,-106.48784693445717,-3.5595895847755226,36.296414136296896,4.443901647136478,-75.53129859693834,-9.541280789340279,-18.827582079227522,-106.49273051971373,3.577007420932701,36.30267400467121,-4.410512694265694,"[[-0.8560416229147715, -0.0, -0.5169068966820276, 0.3], [0.0, 1.0, -0.0, 0.22], [0.5169068966820276, 0.0, -0.8560416229147715, 0.3097916666666667], [0.0, 0.0, 0.0, 1.0]]","[[-0.8559848197045958, -1.3415680353955125e-07, -0.517000955932649, 0.3000001091063667], [-6.247001801735982e-08, 0.999999999999986, -1.5606047823348243e-07, 0.22000004492851657], [0.5170009559326626, -1.012883412915956e-07, -0.8559848197045921, 0.30975316039997924], [0.0, 0.0, 0.0, 1.0]]","[[-0.8560416229147715, -0.0, -0.5169068966820276, 0.3], [0.0, 1.0, -0.0, -0.22], [0.5169068966820276, 0.0, -0.8560416229147715, 0.3097916666666667], [0.0, 0.0, 0.0, 1.0]]","[[-0.8558837295195034, 3.352249202281226e-07, -0.5171682913169304, 0.300000305394591], [1.5232998756032266e-07, 0.9999999999999101, 3.9609575025505416e-07, -0.22000010913801343], [0.5171682913170166, 2.602316685922202e-07, -0.8558837295194774, 0.3096846977044683], [0.0, 0.0, 0.0, 1.0]]"
3.3166666666666664,-75.89450073624293,9.742948954774077,18.69361474884689,-106.05147297857422,-3.485872206837221,35.88828301263195,4.45095979387004,-75.90477334075463,-9.71305065545599,-18.715664307034984,-106.05144565781754,3.5004950015199836,35.88972076745224,-4.421826048852173,"[[-0.8594064115014526, -0.0, -0.511293086077052, 0.3], [0.0, 1.0, -0.0, 0.22], [0.511293086077052, 0.0, -0.8594064115014526, 0.3120833333333335], [0.0, 0.0, 0.0, 1.0]]","[[-0.8593126943752664, -2.0975413373772651e-07, -0.5114505775590407, 0.3000002015358199], [-1.0238300928321706e-07, 0.9999999999999666, -2.3809752010349988e-07, 0.2200000664053979], [0.5114505775590735, -1.5223637229407363e-07, -0.859312694375259, 0.3120191303314027], [0.0, 0.0, 0.0, 1.0]]","[[-0.8594064115014526, -0.0, -0.511293086077052, 0.3], [0.0, 1.0, -0.0, -0.22], [0.511293086077052, 0.0, -0.8594064115014526, 0.3120833333333335], [0.0, 0.0, 0.0, 1.0]]","[[-0.8589722160985565, 8.39208048560464e-07, -0.51202219870825, 0.3000008511778522], [4.028097181903551e-07, 0.9999999999994551, 9.632506041813833e-07, -0.22000026307874324], [0.5120221987087794, 6.2115798856308e-07, -0.8589722160984263, 0.3117861474399739], [0.0, 0.0, 0.0, 1.0]]"
3.3249999999999997,-76.27135642369839,9.919939646736617,18.576142325311842,-105.60198505948486,-3.4067673037476607,35.46725649181403,4.466957804453502,-76.28264672639642,-9.886854210397075,-18.60071393085096,-105.60196456891734,3.423050474728971,35.46882743532313,-4.434627957790894,"[[-0.8627343859777918, -0.0, -0.5056573733779846, 0.3], [0.0, 1.0, -0.0, 0.22], [0.5056573733779846, 0.0, -0.8627343859777918, 0.3143750000000002], [0.0, 0.0, 0.0, 1.0]]","[[-0.8626788052534976, -1.1598081246257276e-07, -0.5057521912620694, 0.300000118995569], [-5.206684316651678e-08, 0.999999999999989, -1.4051120614826132e-07, 0.22000003798184123], [0.50575219126208, -9.488311942114561e-08, -0.862678805253494, 0.3143364906220033], [0.0, 0.0, 0.0, 1.0]]","[[-0.8627343859777918, -0.0, -0.5056573733779846, 0.3], [0.0, 1.0, -0.0, -0.22], [0.5056573733779846, 0.0, -0.8627343859777918, 0.3143750000000002], [0.0, 0.0, 0.0, 1.0]]","[[-0.8625798535727939, 3.494939157454698e-07, -0.5059209386951834, 0.30000035132763514], [1.767297392801809e-07, 0.9999999999999086, 3.8948853080363203e-07, -0.2200001115433646], [0.5059209386952733, 2.4655368427689535e-07, -0.8625798535727766, 0.3142679995788267], [0.0, 0.0, 0.0, 1.0]]"
3.3333333333333335,-76.64664116764474,10.096734824534165,18.456999920524723,-105.15119940445318,-3.327653222591403,35.04475806522996,4.484735933089399,-76.65749433823589,-10.056169477279813,-18.48725765854788,-105.15418419712047,3.3476701591711833,35.0494196693385,-4.446005772287665,"[[-0.8660254037844387, -0.0, -0.49999999999999994, 0.3], [0.0, 1.0, -0.0, 0.22], [0.49999999999999994, 0.0, -0.8660254037844387, 0.31666666666666676], [0.0, 0.0, 0.0, 1.0]]","[[-0.8659924472960496, -8.36506657014262e-08, -0.5000570779682971, 0.30000006610820856], [-4.979792816861762e-08, 0.9999999999999953, -8.104282051374351e-08, 0.2200000221929869], [0.5000570779683016, -4.5280664023597166e-08, -0.8659924472960498, 0.3166435527789221], [0.0, 0.0, 0.0, 1.0]]","[[-0.8660254037844387, -0.0, -0.49999999999999994, 0.3], [0.0, 1.0, -0.0, -0.22], [0.49999999999999994, 0.0, -0.8660254037844387, 0.31666666666666676], [0.0, 0.0, 0.0, 1.0]]","[[-0.8658726501964032, 3.4995396291544876e-07, -0.5002644836901124, 0.3000003324830399], [1.870536745153904e-07, 0.999999999999912, 3.7577982879602325e-07, -0.22000010660149272], [0.5002644836901999, 2.318011663461832e-07, -0.8658726501963924, 0.31655967548992325], [0.0, 0.0, 0.0, 1.0]]"
3.341666666666667,-77.02068281716214,10.261001727846619,18.34536218608816,-104.7031731458462,-3.254515556958906,34.6251283180973,4.49350248088911,-77.03248538404793,-10.226000423444887,-18.371731838926284,-104.70314582508952,3.2719963589224963,34.62674024274143,-4.45912656568326,"[[-0.8692793239451436, -0.0, -0.4943212082861445, 0.3], [0.0, 0.9999999999999999, -0.0, 0.22], [0.4943212082861445, 0.0, -0.8692793239451436, 0.31895833333333345], [0.0, 0.0, 0.0, 1.0]]","[[-0.869246758841862, -7.094674523633791e-08, -0.4943784706506876, 0.30000004568833855], [-2.766138921952456e-08, 0.9999999999999951, -9.48709846738901e-08, 0.2200000245357222], [0.4943784706506919, -6.879110063749296e-08, -0.8692467588418598, 0.3189352324255615], [0.0, 0.0, 0.0, 1.0]]","[[-0.8692793239451436, -0.0, -0.4943212082861445, 0.3], [0.0, 0.9999999999999999, -0.0, -0.22], [0.4943212082861445, 0.0, -0.8692793239451436, 0.31895833333333345], [0.0, 0.0, 0.0, 1.0]]","[[-0.8691283083179288, 3.3222601791115377e-07, -0.49458667964301783, 0.3000003260445382], [1.6669740808904672e-07, 0.9999999999999144, 3.7879018851241635e-07, -0.22000010535488973], [0.4945866796431013, 2.467709581773669e-07, -0.8691283083179097, 0.3188513633443302], [0.0, 0.0, 0.0, 1.0]]"
3.35,-77.39311254203542,10.42528229153741,18.23202544209555,-104.25393794375611,-3.1813038264625977,34.2041666840765,4.504177639675017,-77.41020850552798,-10.388735656835966,-18.25987724598357,-104.24882213206777,3.199791227555118,34.20114091027418,-4.4664779836643085,"[[-0.8724960070727971, -0.0, -0.4886212414969548, 0.3], [0.0, 0.9999999999999999, -0.0, 0.22], [0.4886212414969548, 0.0, -0.8724960070727971, 0.32125000000000015], [0.0, 0.0, 0.0, 1.0]]","[[-0.8724423068157584, -1.4024531221955638e-07, -0.48871711784832983, 0.30000011326475484], [-8.891275150502772e-08, 0.9999999999999879, -1.2824201138504522e-07, 0.22000003655695216], [0.4887171178483418, -6.843057258795974e-08, -0.8724423068157604, 0.3212114767144447], [0.0, 0.0, 0.0, 1.0]]","[[-0.8724960070727971, -0.0, -0.4886212414969548, 0.3], [0.0, 0.9999999999999999, -0.0, -0.22], [0.4886212414969548, 0.0, -0.8724960070727971, 0.32125000000000015], [0.0, 0.0, 0.0, 1.0]]","[[-0.8723467686366823, 3.1971209426451533e-07, -0.4888876304929764, 0.30000030394439925], [1.5599510209990917e-07, 0.9999999999999175, 3.7560833936280583e-07, -0.22000010407217796], [0.488887630493056, 2.5139664528199944e-07, -0.87234676863666, 0.32114302484587337], [0.0, 0.0, 0.0, 1.0]]"
3.3583333333333334,-77.77266615421304,10.583861354818536,18.121492490757234,-103.79634259012194,-3.111009013628707,33.77557572875278,4.508716300378491,-77.78970064600306,-10.556006989609578,-18.142966605507755,-103.78811221217208,3.1253571066407884,33.769257803770515,-4.478527291133858,"[[-0.8756753153753998, -0.0, -0.48290034380003716, 0.3], [0.0, 1.0, -0.0, 0.22], [0.48290034380003716, 0.0, -0.8756753153753998, 0.3235416666666667], [0.0, 0.0, 0.0, 1.0]]","[[-0.8756434727419857, -8.361266551135669e-08, -0.48295808166376963, 0.30000007783238614], [-5.451349833454252e-08, 0.9999999999999958, -7.428859331804524e-08, 0.22000002099916877], [0.48295808166377374, -3.872258725769845e-08, -0.8756434727419864, 0.3235185496943141], [0.0, 0.0, 0.0, 1.0]]","[[-0.8756753153753998, -0.0, -0.48290034380003716, 0.3], [0.0, 1.0, -0.0, -0.22], [0.48290034380003716, 0.0, -0.8756753153753998, 0.3235416666666667], [0.0, 0.0, 0.0, 1.0]]","[[-0.8755277836882275, 3.3899955268117936e-07, -0.48316777623292056, 0.3000003395365205], [1.8334239818722995e-07, 0.9999999999999151, 3.693917473796134e-07, -0.22000010519170268], [0.4831677762330047, 2.3482759907466002e-07, -0.8755277836882153, 0.32343467963956674], [0.0, 0.0, 0.0, 1.0]]"
3.3666666666666667,-78.15473327600522,10.736021747827142,18.0142670585245,-103.33540727398363,-3.043952137348226,33.34402388642386,4.50808664231438,-78.16878297512793,-10.708256175077393,-18.03576166384253,-103.33021633021443,3.0583102622006506,33.34047901824463,-4.478935821823589,"[[-0.8788171126619654, -0.0, -0.4771587602596087, 0.3], [0.0, 1.0000000000000002, -0.0, 0.22], [0.4771587602596087, 0.0, -0.8788171126619654, 0.3258333333333334], [0.0, 0.0, 0.0, 1.0]]","[[-0.8787296317569027, -2.166978385600487e-07, -0.47731984483397627, 0.3000002109470271], [-1.2680067601681285e-07, 0.9999999999999676, -2.2055300728985703e-07, 0.22000006299671904], [0.4773198448340086, -1.3328198387750512e-07, -0.8787296317569018, 0.32576911735810316], [0.0, 0.0, 0.0, 1.0]]","[[-0.8788171126619654, -0.0, -0.4771587602596087, 0.3], [0.0, 1.0000000000000002, -0.0, -0.22], [0.4771587602596087, 0.0, -0.8788171126619654, 0.3258333333333334], [0.0, 0.0, 0.0, 1.0]]","[[-0.8787296721238644, 1.875688776171033e-07, -0.4773197705197753, 0.300000201520933], [8.464394794242571e-08, 0.9999999999999687, 2.3713605843546508e-07, -0.22000006687574575], [0.4773197705198046, 1.679762610699753e-07, -0.8787296721238524, 0.3257691465133024], [0.0, 0.0, 0.0, 1.0]]"
3.375,-78.54214160572833,10.896802693341948,17.898925654010494,-102.86277184379709,-2.9727309801081527,32.90117491120775,4.514540744193219,-78.55350704050724,-10.86225901161461,-17.925744391786548,-102.86275135322958,2.9905419790294303,32.90267072263598,-4.4802446568232925,"[[-0.8819212643483549, -0.0, -0.4713967368259978, 0.3], [0.0, 1.0, -0.0, 0.22], [0.4713967368259978, 0.0, -0.8819212643483549, 0.3281250000000001], [0.0, 0.0, 0.0, 1.0]]","[[-0.8819026119910576, -5.9212763433070346e-08, -0.4714316312715416, 0.3000000545390094], [-3.5426288214946537e-08, 0.9999999999999978, -5.9330400142476154e-08, 0.22000001868327124], [0.471431631271544, -3.56225620130563e-08, -0.8819026119910576, 0.32811111292677625], [0.0, 0.0, 0.0, 1.0]]","[[-0.8819212643483549, -0.0, -0.4713967368259978, 0.3], [0.0, 1.0, -0.0, -0.22], [0.4713967368259978, 0.0, -0.8819212643483549, 0.3281250000000001], [0.0, 0.0, 0.0, 1.0]]","[[-0.8818348860434885, 1.9694996724651908e-07, -0.47155830366629, 0.3000001788801184], [9.755817516840016e-08, 0.9999999999999677, 2.3521961993223854e-07, -0.22000006659544438], [0.47155830366632107, 1.614204991469487e-07, -0.8818348860434791, 0.32806080161435086], [0.0, 0.0, 0.0, 1.0]]"
3.3833333333333333,-78.92080046312468,11.038316528981797,17.79664869383143,-102.40340747116788,-2.9109600299150267,32.47128280484714,4.508353873465657,-78.93653038878321,-11.0193200653527,-17.81168535528921,-102.3931075458995,2.9211826886684205,32.462611879695814,-4.486219364799761,"[[-0.8849876374630419, -0.0, -0.4656145203251116, 0.3], [0.0, 1.0, -0.0, 0.22], [0.4656145203251116, 0.0, -0.8849876374630419, 0.3304166666666668], [0.0, 0.0, 0.0, 1.0]]","[[-0.884956902203715, -8.317588707345318e-08, -0.4656729337657469, 0.3000000964286828], [-5.139871428324916e-08, 0.9999999999999954, -8.09371500278231e-08, 0.22000002324569687], [0.4656729337657515, -4.7690899489751615e-08, -0.8849569022037153, 0.33039354888986633], [0.0, 0.0, 0.0, 1.0]]","[[-0.8849876374630419, -0.0, -0.4656145203251116, 0.3], [0.0, 1.0, -0.0, -0.22], [0.4656145203251116, 0.0, -0.8849876374630419, 0.3304166666666668], [0.0, 0.0, 0.0, 1.0]]","[[-0.8849023200693575, 1.989752506719906e-07, -0.46577664597511614, 0.30000018309010146], [1.1176471340803763e-07, 0.9999999999999707, 2.148549038258819e-07, -0.22000005880743612], [0.46577664597514523, 1.380682095242357e-07, -0.884902320069354, 0.330352471353185], [0.0, 0.0, 0.0, 1.0]]"
3.3916666666666666,-79.3095065287901,11.189127959629324,17.685781063223782,-101.92700860674866,-2.844796627755348,32.02520315015361,4.508268922987855,-79.32085830319066,-11.163187754935263,-17.706286998659454,-101.9238120782171,2.858524027326604,32.02336582926688,-4.481393836151147,"[[-0.8880161006528073, -0.0, -0.45981235844786, 0.3], [0.0, 1.0, -0.0, 0.22], [0.45981235844786, 0.0, -0.8880161006528073, 0.3327083333333334], [0.0, 0.0, 0.0, 1.0]]","[[-0.8879318505013769, -1.8956343978908223e-07, -0.4599750306974984, 0.30000018899098857], [-9.252231769366028e-08, 0.9999999999999685, -2.3351251667681524e-07, 0.2200000661742036], [0.45997503069752815, -1.647852451267331e-07, -0.8879318505013662, 0.3326441419096682], [0.0, 0.0, 0.0, 1.0]]","[[-0.8880161006528073, -0.0, -0.45981235844786, 0.3], [0.0, 1.0, -0.0, -0.22], [0.45981235844786, 0.0, -0.8880161006528073, 0.3327083333333334], [0.0, 0.0, 0.0, 1.0]]","[[-0.8879655533594324, 1.1689367638508575e-07, -0.4599099651530327, 0.30000011583307573], [5.4169630433561e-08, 0.9999999999999873, 1.4957908228620544e-07, -0.22000004302428985], [0.45990996515304433, 1.0790791972821475e-07, -0.8879655533594273, 0.3326698227476792], [0.0, 0.0, 0.0, 1.0]]"
3.4,-79.69614304713701,11.332941861472175,17.578760536666145,-101.45239242170281,-2.782153974669399,31.581022288049343,4.504016276455876,-79.70544576478657,-11.30418249619819,-17.601619472270883,-101.4523719311353,2.7973825217541775,31.582210740964925,-4.475221906462394,"[[-0.8910065241883678, -0.0, -0.4539904997395469, 0.3], [0.0, 1.0, -0.0, 0.22], [0.4539904997395469, 0.0, -0.8910065241883678, 0.3350000000000001], [0.0, 0.0, 0.0, 1.0]]","[[-0.8909565751535276, -1.3711279722646e-07, -0.45408851691127156, 0.30000014101481365], [-7.70137208111227e-08, 0.999999999999986, -1.508448545641916e-07, 0.22000004516687058], [0.45408851691128577, -9.942516873710263e-08, -0.8909565751535253, 0.33496146184618225], [0.0, 0.0, 0.0, 1.0]]","[[-0.8910065241883678, -0.0, -0.4539904997395469, 0.3], [0.0, 1.0, -0.0, -0.22], [0.4539904997395469, 0.0, -0.8910065241883678, 0.3350000000000001], [0.0, 0.0, 0.0, 1.0]]","[[-0.8909233253210866, 1.8725287841178586e-07, -0.4541537497354637, 0.30000019128754146], [9.336966936557604e-08, 0.9999999999999694, 2.2914632358994785e-07, -0.22000006419718346], [0.45415374973549266, 1.6174761914392127e-07, -0.8909233253210769, 0.33493580387194205], [0.0, 0.0, 0.0, 1.0]]"
3.408333333333333,-80.0851086599909,11.471189159141463,17.474636010316594,-100.97429284018027,-2.72248437486311,31.13383614271027,4.495306931490464,-80.0941040191278,-11.443205874111921,-17.497059521361745,-100.97427234961276,2.737429895984156,31.134980199396246,-4.467201129942684,"[[-0.893958779969932, -0.0, -0.44814919358922256, 0.3], [0.0, 1.0, -0.0, 0.22], [0.44814919358922256, 0.0, -0.893958779969932, 0.33729166666666677], [0.0, 0.0, 0.0, 1.0]]","[[-0.8939292036020439, -8.094215540714018e-08, -0.448208187059774, 0.3000000837945078], [-5.128923555726524e-08, 0.9999999999999958, -7.829667312033279e-08, 0.2200000216235203], [0.44820818705977833, -4.7003427362345085e-08, -0.8939292036020441, 0.33726854812095886], [0.0, 0.0, 0.0, 1.0]]","[[-0.893958779969932, -0.0, -0.44814919358922256, 0.3], [0.0, 1.0, -0.0, -0.22], [0.44814919358922256, 0.0, -0.893958779969932, 0.33729166666666677], [0.0, 0.0, 0.0, 1.0]]","[[-0.8938218502201574, 3.145439179066509e-07, -0.44842223413755455, 0.30000032703533563], [1.7580459404218935e-07, 0.999999999999923, 3.510216898262649e-07, -0.2200000975208712], [0.4484222341376304, 2.349161674358739e-07, -0.8938218502201438, 0.33718466679257847], [0.0, 0.0, 0.0, 1.0]]"
3.4166666666666665,-80.47371910300794,11.612297452299343,17.366695115768294,-100.49267571123515,-2.661370190047363,30.6832997895833,4.490622702380304,-80.48590416048725,-11.58877854966605,-17.38575134355263,-100.4874711070876,2.6742224716312113,30.679461223269755,-4.465365516603243,"[[-0.8968727415326883, -0.0, -0.4422886902190013, 0.3], [0.0, 1.0, -0.0, 0.22], [0.4422886902190013, 0.0, -0.8968727415326883, 0.33958333333333335], [0.0, 0.0, 0.0, 1.0]]","[[-0.8968435409293426, -6.286219610469901e-08, -0.44234789825805076, 0.30000009161646396], [-3.1866805849259285e-08, 0.9999999999999968, -7.750157114738202e-08, 0.22000001950622186], [0.4423478982580541, -5.541056890378825e-08, -0.8968435409293415, 0.339560219115185], [0.0, 0.0, 0.0, 1.0]]","[[-0.8968727415326883, -0.0, -0.4422886902190013, 0.3], [0.0, 1.0, -0.0, -0.22], [0.4422886902190013, 0.0, -0.8968727415326883, 0.33958333333333335], [0.0, 0.0, 0.0, 1.0]]","[[-0.8968241256037992, 1.1137499477750087e-07, -0.44238725991484945, 0.3000001048359373], [6.467470432497213e-08, 0.9999999999999907, 1.2064804857365394e-07, -0.22000003133112642], [0.4423872599148588, 7.95888154357444e-08, -0.8968241256037979, 0.33954481263844033], [0.0, 0.0, 0.0, 1.0]]"
3.425,-80.86467913109948,11.747946716763089,17.261629730860577,-100.00750005373247,-2.6032141174724663,30.22975132303236,4.481549649841588,-80.87306660340025,-11.721525837506187,-17.2831482418407,-100.00747956316496,2.6175733095419487,30.230799757069956,-4.454837206884491,"[[-0.8997482840522214, -0.0, -0.43640924067334247, 0.3], [0.0, 1.0000000000000002, -0.0, 0.22], [0.43640924067334247, 0.0, -0.8997482840522214, 0.34187500000000004], [0.0, 0.0, 0.0, 1.0]]","[[-0.8997310590683107, -3.2842664911379046e-08, -0.43644475177027237, 0.30000001801814086], [-1.814628410800582e-08, 0.9999999999999991, -3.784187901386842e-08, 0.2200000073398983], [0.43644475177027325, -2.6127663419211282e-08, -0.8997310590683107, 0.34186113785824446], [0.0, 0.0, 0.0, 1.0]]","[[-0.8997482840522214, -0.0, -0.43640924067334247, 0.3], [0.0, 1.0000000000000002, -0.0, -0.22], [0.43640924067334247, 0.0, -0.8997482840522214, 0.34187500000000004], [0.0, 0.0, 0.0, 1.0]]","[[-0.8996683002470368, 2.1219564709155668e-07, -0.4365741054283484, 0.30000020326103816], [1.3069873078606354e-07, 0.9999999999999679, 2.1671038420379857e-07, -0.2200000644896617], [0.4365741054283804, 1.3790778152896752e-07, -0.8996683002470357, 0.34181078379856583], [0.0, 0.0, 0.0, 1.0]]"
3.433333333333333,-81.24492942257243,11.878352103491556,17.15923665746562,-99.53335515173936,-2.5474938611103255,29.786659876100707,4.47259228363194,-81.25303002692806,-11.852685960137942,-17.180311206149696,-99.53333466117185,2.561562556696671,29.7876639139087,-4.446556883176321,"[[-0.9025852843498605, -0.0, -0.4305110968082955, 0.3], [0.0, 1.0, -0.0, 0.22], [0.4305110968082955, 0.0, -0.9025852843498605, 0.34416666666666673], [0.0, 0.0, 0.0, 1.0]]","[[-0.9025379537119683, -1.0341999665499489e-07, -0.4306103135195468, 0.3000001259354331], [-5.141703104092896e-08, 0.9999999999999901, -1.324031795879896e-07, 0.22000003647793032], [0.43061031351955614, -9.735819091352372e-08, -0.9025379537119645, 0.3441281505630783], [0.0, 0.0, 0.0, 1.0]]","[[-0.9025852843498605, -0.0, -0.4305110968082955, 0.3], [0.0, 1.0, -0.0, -0.22], [0.4305110968082955, 0.0, -0.9025852843498605, 0.34416666666666673], [0.0, 0.0, 0.0, 1.0]]","[[-0.9024537558683817, 3.1679440627153924e-07, -0.43078674366669073, 0.30000033046798563], [1.7514799302446898e-07, 0.9999999999999168, 3.684687248793008e-07, -0.22000010666438866], [0.43078674366677155, 2.570745511125912e-07, -0.902453755868362, 0.34405966524516235], [0.0, 0.0, 0.0, 1.0]]"
3.4416666666666664,-81.64638062122908,12.010542730914336,17.054094432929737,-99.03187583268785,-2.491651942003594,29.318382106604634,4.4594958227852635,-81.65877058438349,-11.986590111268749,-17.07396857586718,-99.02633654927097,2.5050933274033556,29.31421227611634,-4.433492865728201,"[[-0.9053836208979554, -0.0, -0.42459451128071307, 0.3], [0.0, 1.0000000000000002, -0.0, 0.22], [0.42459451128071307, 0.0, -0.9053836208979554, 0.34645833333333353], [0.0, 0.0, 0.0, 1.0]]","[[-0.9053369278313157, -1.348343717846242e-07, -0.424694062949951, 0.3000001199722251], [-8.040444927960699e-08, 0.9999999999999862, -1.460845820610529e-07, 0.22000004456813382], [0.42469406294996476, -9.810847448286583e-08, -0.9053369278313139, 0.34641978975234433], [0.0, 0.0, 0.0, 1.0]]","[[-0.9053836208979554, -0.0, -0.42459451128071307, 0.3], [0.0, 1.0000000000000002, -0.0, -0.22], [0.42459451128071307, 0.0, -0.9053836208979554, 0.34645833333333353], [0.0, 0.0, 0.0, 1.0]]","[[-0.9052538203667457, 3.1137697486516724e-07, -0.4248711813141891, 0.30000035120373486], [1.715985872088096e-07, 0.9999999999999178, 3.672564887601604e-07, -0.2200001065602808], [0.4248711813142686, 2.595530450453592e-07, -0.9052538203667249, 0.3463512841161079], [0.0, 0.0, 0.0, 1.0]]"
3.4499999999999997,-82.04559834802717,12.141791646005302,16.94818551965952,-98.53030089098796,-2.436298381422518,28.850196544662353,4.447637760612475,-82.05589827329554,-12.11816346034529,-16.96794013428649,-98.52694043791631,2.449606791576876,28.848014299222534,-4.422526570128923,"[[-0.9081431738250815, -0.0, -0.418659737537428, 0.3], [0.0, 1.0000000000000002, -0.0, 0.22], [0.418659737537428, 0.0, -0.9081431738250815, 0.3487500000000001], [0.0, 0.0, 0.0, 1.0]]","[[-0.9081155395725357, -6.854532906123047e-08, -0.418719675662463, 0.3000000928204541], [-3.538782262497761e-08, 0.9999999999999959, -8.69533951712397e-08, 0.22000002581016065], [0.4187196756624671, -6.414615176166284e-08, -0.9081155395725341, 0.3487268743143913], [0.0, 0.0, 0.0, 1.0]]","[[-0.9081431738250815, -0.0, -0.418659737537428, 0.3], [0.0, 1.0000000000000002, -0.0, -0.22], [0.418659737537428, 0.0, -0.9081431738250815, 0.3487500000000001], [0.0, 0.0, 0.0, 1.0]]","[[-0.9080971615891189, 1.1280656084604716e-07, -0.41875953137065847, 0.30000010652076403], [5.8197483349028323e-08, 0.9999999999999882, 1.431790488658578e-07, -0.22000004188321828], [0.41875953137066957, 1.056497370199244e-07, -0.9080971615891145, 0.3487114795466727], [0.0, 0.0, 0.0, 1.0]]"
3.4583333333333335,-82.44523954655378,12.267794975813697,16.845152116029876,-98.02718232653565,-2.383854694871279,28.380960841135185,4.432136646291131,-82.44977479216267,-12.243717705215756,-16.86542070239189,-98.0305222890398,2.39729181140281,28.384965039536105,-4.4084000313780445,"[[-0.9108638249211759, -0.0, -0.4127070298043946, 0.3], [0.0, 1.0, -0.0, 0.22], [0.4127070298043946, 0.0, -0.9108638249211759, 0.3510416666666668], [0.0, 0.0, 0.0, 1.0]]","[[-0.9107881793145296, -1.8375858173771243e-07, -0.4128739425307571, 0.30000020097349533], [-1.0230868108631548e-07, 0.9999999999999709, -2.1938183797172765e-07, 0.22000006324462695], [0.4128739425307853, -1.5756979626571596e-07, -0.9107881793145216, 0.3509774577770109], [0.0, 0.0, 0.0, 1.0]]","[[-0.9108638249211759, -0.0, -0.4127070298043946, 0.3], [0.0, 1.0, -0.0, -0.22], [0.4127070298043946, 0.0, -0.9108638249211759, 0.3510416666666668], [0.0, 0.0, 0.0, 1.0]]","[[-0.910788177773704, 1.9989144088722853e-07, -0.41287394592976684, 0.3000002054877061], [1.29717708281277e-07, 0.9999999999999721, 1.9799284150190341e-07, -0.22000005675648224], [0.4128739459297948, 1.2677247724869915e-07, -0.9107881777737045, 0.3509774473928562], [0.0, 0.0, 0.0, 1.0]]"
3.466666666666667,-82.84152712219792,12.388152300499431,16.745419401316642,-97.52704172456147,-2.334433153584359,27.91489093028832,4.4137903312936535,-82.8485690472322,-12.365312147914908,-16.764827383843237,-97.52702123399396,2.3474147818756146,27.9157378737454,-4.390271001773538,"[[-0.9135454576426011, -0.0, -0.40673664307580004, 0.3], [0.0, 1.0, -0.0, 0.22], [0.40673664307580004, 0.0, -0.9135454576426011, 0.3533333333333335], [0.0, 0.0, 0.0, 1.0]]","[[-0.9135007199678087, -1.2122110593085425e-07, -0.40683711066995953, 0.3000001385849087], [-7.423383878889559e-08, 0.9999999999999889, -1.31277209847627e-07, 0.2200000394581905], [0.40683711066997086, -8.97207452243585e-08, -0.9135007199678071, 0.3532948010023674], [0.0, 0.0, 0.0, 1.0]]","[[-0.9135454576426011, -0.0, -0.40673664307580004, 0.3], [0.0, 1.0, -0.0, -0.22], [0.40673664307580004, 0.0, -0.9135454576426011, 0.3533333333333335], [0.0, 0.0, 0.0, 1.0]]","[[-0.9134211977440222, 2.919586325618336e-07, -0.40701562072209324, 0.3000002977006039], [1.607028904722032e-07, 0.9999999999999235, 3.566674065438027e-07, -0.22000010185044164], [0.4070156207221662, 2.6037898296411595e-07, -0.9134211977439993, 0.3532263178148653], [0.0, 0.0, 0.0, 1.0]]"
3.475,-83.2368038298449,12.507973455335318,16.64474582804524,-97.02544629229408,-2.285360378831933,27.447726481626955,4.39654666496031,-83.24359303787989,-12.485800099968518,-16.6637508294108,-97.02542580172656,2.2980784045099085,27.448535859043602,-4.3736224156716315,"[[-0.9161879571171359, -0.0, -0.4007488331031412, 0.3], [0.0, 1.0, -0.0, 0.22], [0.4007488331031412, 0.0, -0.9161879571171359, 0.3556250000000001], [0.0, 0.0, 0.0, 1.0]]","[[-0.9161145179158854, -1.8491696789043682e-07, -0.40091668718539386, 0.300000189633791], [-1.0540069246693056e-07, 0.9999999999999702, -2.2038958753101206e-07, 0.220000064869637], [0.4009166871854226, -1.5964520428376562e-07, -0.9161145179158776, 0.35556079563094795], [0.0, 0.0, 0.0, 1.0]]","[[-0.9161879571171359, -0.0, -0.4007488331031412, 0.3], [0.0, 1.0, -0.0, -0.22], [0.4007488331031412, 0.0, -0.9161879571171359, 0.3556250000000001], [0.0, 0.0, 0.0, 1.0]]","[[-0.9159838522143139, 4.575580599357554e-07, -0.4012151324195248, 0.3000005150054304], [2.617823678702162e-07, 0.9999999999998185, 5.427752359659741e-07, -0.2200001515302926], [0.4012151324197003, 3.921423041365006e-07, -0.9159838522142673, 0.35544667218886816], [0.0, 0.0, 0.0, 1.0]]"
3.4833333333333334,-83.64285174581299,12.627355770517033,16.543059679229383,-96.50863319855588,-2.2371021041380312,26.96682823009199,4.3766797790988585,-83.64939506703786,-12.605862872746295,-16.561648039055573,-96.50861953817754,2.2495467088057945,26.967603456562788,-4.354365551080427,"[[-0.9187912101488983, -0.0, -0.3947438563842674, 0.3], [0.0, 1.0, -0.0, 0.22], [0.3947438563842674, 0.0, -0.9187912101488983, 0.35791666666666677], [0.0, 0.0, 0.0, 1.0]]","[[-0.9187755512572814, -5.0800703792338045e-08, -0.39478030144863635, 0.30000008153720353], [-3.044816874548849e-08, 0.9999999999999979, -5.781866695138739e-08, 0.2200000186722151], [0.39478030144863846, -4.110204036531921e-08, -0.9187755512572809, 0.35790277576602897], [0.0, 0.0, 0.0, 1.0]]","[[-0.9187912101488983, -0.0, -0.3947438563842674, 0.3], [0.0, 1.0, -0.0, -0.22], [0.3947438563842674, 0.0, -0.9187912101488983, 0.35791666666666677], [0.0, 0.0, 0.0, 1.0]]","[[-0.9186706028526098, 2.8487905139041797e-07, -0.3950244593114982, 0.300000315735919], [1.641395816724574e-07, 0.9999999999999291, 3.394444059922117e-07, -0.2200000955482812], [0.3950244593115668, 2.4699844758603314e-07, -0.9186706028525912, 0.3578096538331388], [0.0, 0.0, 0.0, 1.0]]"
3.4916666666666667,-84.04751313337957,12.747765175395187,16.439039313264676,-95.99017402922773,-2.1883012562919366,26.48467834639162,4.359560763717868,-84.05324366209321,-12.728831891015911,-16.455561540866935,-95.99015353866022,2.1993855860978093,26.485349412477575,-4.3398296278661705,"[[-0.9213551052231925, -0.0, -0.38872197015239573, 0.3], [0.0, 1.0, -0.0, 0.22], [0.38872197015239573, 0.0, -0.9213551052231925, 0.36020833333333346], [0.0, 0.0, 0.0, 1.0]]","[[-0.921339726544192, -3.813385933333172e-08, -0.38875841893323926, 0.3000000414575106], [-1.4727432407646457e-08, 0.9999999999999978, -6.318806124785443e-08, 0.2200000184479858], [0.3887584189332408, -5.249225773321308e-08, -0.9213397265441907, 0.360194468015704], [0.0, 0.0, 0.0, 1.0]]","[[-0.9213551052231925, -0.0, -0.38872197015239573, 0.3], [0.0, 1.0, -0.0, -0.22], [0.38872197015239573, 0.0, -0.9213551052231925, 0.36020833333333346], [0.0, 0.0, 0.0, 1.0]]","[[-0.9212363364235812, 3.1116381938688137e-07, -0.3890033578939408, 0.3000003268867316], [1.9085212430555117e-07, 0.9999999999999212, 3.4792477968751513e-07, -0.22000010270199144], [0.3890033578940184, 2.4627883217425686e-07, -0.9212363364235681, 0.3601013083348295], [0.0, 0.0, 0.0, 1.0]]"
3.5,-84.44574731293716,12.856669980390102,16.343677919620248,-95.48053946430723,-2.145757928942631,26.01140258597039,4.334849993074408,-84.45766599303883,-12.84324353602915,-16.355495854431663,-95.47120259571182,2.154130246761186,26.003300274067463,-4.318299164054998,"[[-0.9238795325112867, -0.0, -0.3826834323650899, 0.3], [0.0, 1.0, -0.0, 0.22], [0.3826834323650899, 0.0, -0.9238795325112867, 0.36250000000000016], [0.0, 0.0, 0.0, 1.0]]","[[-0.9238542951438173, -6.147341612954645e-08, -0.3827443550783169, 0.30000006759150616], [-2.688603410390068e-08, 0.9999999999999951, -9.571568478332804e-08, 0.22000002818593348], [0.3827443550783209, -7.813686871599824e-08, -0.9238542951438145, 0.3624768915733285], [0.0, 0.0, 0.0, 1.0]]","[[-0.9238795325112867, -0.0, -0.3826834323650899, 0.3], [0.0, 1.0, -0.0, -0.22], [0.3826834323650899, 0.0, -0.9238795325112867, 0.36250000000000016], [0.0, 0.0, 0.0, 1.0]]","[[-0.9238093976509563, 1.741977657928157e-07, -0.38285270903017926, 0.3000001921883242], [9.603647796830069e-08, 0.9999999999999705, 2.2326697163753728e-07, -0.22000006564319918], [0.3828527090302068, 1.6948830082794542e-07, -0.9238093976509458, 0.3624357900940782], [0.0, 0.0, 0.0, 1.0]]"
3.5083333333333333,-84.85087998355647,12.971924299992189,16.2413753462318,-94.95768848334275,-2.1000748490092356,25.526102277515353,4.315252045911526,-84.85723888967375,-12.950662774879586,-16.260264234381467,-94.9576748229644,2.1127217980311603,25.526841645493004,-4.292877626851033,"[[-0.9263643838751181, -0.0, -0.3766285016932108, 0.3], [0.0, 1.0, -0.0, 0.22], [0.3766285016932108, 0.0, -0.9263643838751181, 0.36479166666666674], [0.0, 0.0, 0.0, 1.0]]","[[-0.9262953448976394, -1.6385403035055097e-07, -0.376798267008935, 0.3000002064057156], [-9.214302459463829e-08, 0.999999999999974, -2.0834059622116863e-07, 0.22000005836553302], [0.3767982670089593, -1.5826559244864582e-07, -0.9262953448976303, 0.36472745601048306], [0.0, 0.0, 0.0, 1.0]]","[[-0.9263643838751181, -0.0, -0.3766285016932108, 0.3], [0.0, 1.0, -0.0, -0.22], [0.3766285016932108, 0.0, -0.9263643838751181, 0.36479166666666674], [0.0, 0.0, 0.0, 1.0]]","[[-0.9262953812620986, 1.679431466273138e-07, -0.3767981776129965, 0.30000016450250994], [9.573667601092095e-08, 0.9999999999999734, 2.1035851692047404e-07, -0.22000005933350167], [0.3767981776130218, 1.5878071758093924e-07, -0.92629538126209, 0.36472745480306035], [0.0, 0.0, 0.0, 1.0]]"
3.5166666666666666,-85.25867642795208,13.081592378626853,16.142651791968433,-94.4308213511463,-2.057821164369421,25.03770447827171,4.290715871978724,-85.26948178721904,-13.061853985699162,-16.16033685927689,-94.42488591675757,2.069943042598901,25.032952374156675,-4.268279127442056,"[[-0.9288095528719243, -0.0, -0.3705574375098363, 0.3], [0.0, 1.0000000000000002, -0.0, 0.22], [0.3705574375098363, 0.0, -0.9288095528719243, 0.36708333333333343], [0.0, 0.0, 0.0, 1.0]]","[[-0.9288007553796924, -3.151840926477127e-08, -0.37057948783778066, 0.3000000334499933], [-2.2065415508711798e-08, 0.9999999999999993, -2.9748097329495658e-08, 0.22000000968563255], [0.37057948783778133, -1.945306489259794e-08, -0.9288007553796926, 0.3670749980761623], [0.0, 0.0, 0.0, 1.0]]","[[-0.9288095528719243, -0.0, -0.3705574375098363, 0.3], [0.0, 1.0000000000000002, -0.0, -0.22], [0.3705574375098363, 0.0, -0.9288095528719243, 0.36708333333333343], [0.0, 0.0, 0.0, 1.0]]","[[-0.9287416113868002, 1.7721521910035976e-07, -0.37072768884805285, 0.3000002059997793], [1.0754838733450099e-07, 0.9999999999999726, 2.0859126218908763e-07, -0.2200000615717495], [0.3707276888480796, 1.53856219890845e-07, -0.9287416113867936, 0.3670190956932177], [0.0, 0.0, 0.0, 1.0]]"
3.525,-85.65984758885277,13.189236159946253,16.04443367170365,-93.9098008608794,-2.0165064172970717,24.555180641714283,4.2675726297497825,-85.67971660914834,-13.176735206217838,-16.055686408361247,-93.89031433117735,2.0250307068246594,24.537739753668657,-4.2492147888080805,"[[-0.9312149347588037, -0.0, -0.36447049987914965, 0.3], [0.0, 1.0, -0.0, 0.22], [0.36447049987914965, 0.0, -0.9312149347588037, 0.3693750000000001], [0.0, 0.0, 0.0, 1.0]]","[[-0.9311748599393243, -1.1780780805028052e-07, -0.36457287367132274, 0.30000011899702905], [-7.602446154490445e-08, 0.9999999999999888, -1.289611600714618e-07, 0.22000003949962332], [0.36457287367133384, -9.236893375241542e-08, -0.9311748599393227, 0.3693364581835614], [0.0, 0.0, 0.0, 1.0]]","[[-0.9312149347588037, -0.0, -0.36447049987914965, 0.3], [0.0, 1.0, -0.0, -0.22], [0.36447049987914965, 0.0, -0.9312149347588037, 0.3693750000000001], [0.0, 0.0, 0.0, 1.0]]","[[-0.9311748686990652, 1.1882109384590389e-07, -0.3645728512976036, 0.3000001151497587], [8.239331697270962e-08, 0.9999999999999899, 1.1547351258416667e-07, -0.2200000343326713], [0.3645728512976137, 7.748766642217328e-08, -0.9311748686990656, 0.36933645981184204], [0.0, 0.0, 0.0, 1.0]]"
3.533333333333333,-86.07834010948862,13.297748229063892,15.94401452297883,-93.3647927462474,-1.9757415004529084,24.051085360210664,4.2410629580336705,-86.08874248759456,-13.279239270186805,-15.960898750607102,-93.35876851939945,1.987361146334981,24.046198359859517,-4.219745083860414,"[[-0.9335804264972015, -0.0, -0.35836794954530066, 0.3], [0.0, 0.9999999999999999, -0.0, 0.22], [0.35836794954530066, 0.0, -0.9335804264972015, 0.3716666666666667], [0.0, 0.0, 0.0, 1.0]]","[[-0.9335567804460856, -6.246415361186465e-08, -0.35842954354117523, 0.3000000805262397], [-3.232225706880615e-08, 0.9999999999999956, -9.008602094277321e-08, 0.22000002763551357], [0.35842954354117923, -7.25151638271413e-08, -0.9335567804460834, 0.3716435430910073], [0.0, 0.0, 0.0, 1.0]]","[[-0.9335804264972015, -0.0, -0.35836794954530066, 0.3], [0.0, 0.9999999999999999, -0.0, -0.22], [0.35836794954530066, 0.0, -0.9335804264972015, 0.3716666666666667], [0.0, 0.0, 0.0, 1.0]]","[[-0.9335147126345616, 1.6423774655104742e-07, -0.3585390931192651, 0.300000215525492], [9.890040485104658e-08, 0.9999999999999752, 2.0057161106600885e-07, -0.22000005682555898], [0.35853909311928905, 1.5177688840251388e-07, -0.9335147126345545, 0.3716024310367029], [0.0, 0.0, 0.0, 1.0]]"
3.5416666666666665,-86.49117040330253,13.401271698766482,15.846846544298936,-92.82552882070738,-1.9377293632876718,23.552935758379537,4.212718099864941,-86.49706485655626,-13.381076536938048,-15.865467347523683,-92.82550833013987,1.9502049172501117,23.55360682446549,-4.1910429214207285,"[[-0.9359059267573255, -0.0, -0.3522500479212338, 0.3], [0.0, 1.0, -0.0, 0.22], [0.3522500479212338, 0.0, -0.9359059267573255, 0.3739583333333334], [0.0, 0.0, 0.0, 1.0]]","[[-0.9358413762129822, -1.6430562126945618e-07, -0.3524215069597262, 0.300000185733429], [-1.0121797771016741e-07, 0.9999999999999754, -1.9743871567868223e-07, 0.22000005555006968], [0.35242150695974994, -1.4909992716242855e-07, -0.9358413762129758, 0.3738941145973359], [0.0, 0.0, 0.0, 1.0]]","[[-0.9359059267573255, -0.0, -0.3522500479212338, 0.3], [0.0, 1.0, -0.0, -0.22], [0.3522500479212338, 0.0, -0.9359059267573255, 0.3739583333333334], [0.0, 0.0, 0.0, 1.0]]","[[-0.9357264648630366, 4.4962753786115446e-07, -0.3527264987986055, 0.300000539418547], [2.8682540647241054e-07, 0.9999999999998272, 5.138185388595504e-07, -0.22000014840267143], [0.3527264987987755, 3.7962268355663755e-07, -0.9357264648630035, 0.37377993334400017], [0.0, 0.0, 0.0, 1.0]]"
3.55,-86.91005907491025,13.505064107167643,15.748082008900552,-92.2759171585748,-1.900054253269293,23.045852269114036,4.183989470442221,-86.91138413160922,-13.483326176360432,-15.768348887715272,-92.28200285712528,1.913302258938179,23.052147995981496,-4.1620824924530515,"[[-0.938191335922484, -0.0, -0.3461170570774933, 0.3], [0.0, 1.0, -0.0, 0.22], [0.3461170570774933, 0.0, -0.938191335922484, 0.3762500000000001], [0.0, 0.0, 0.0, 1.0]]","[[-0.9381685133297986, -4.9259464846073676e-08, -0.34617891414202834, 0.3000000662302335], [-2.748788979503972e-08, 0.9999999999999976, -6.780075615136447e-08, 0.22000001686392387], [0.3461789141420308, -5.409280675985919e-08, -0.9381685133297972, 0.37622688414883715], [0.0, 0.0, 0.0, 1.0]]","[[-0.938191335922484, -0.0, -0.3461170570774933, 0.3], [0.0, 1.0, -0.0, -0.22], [0.3461170570774933, 0.0, -0.938191335922484, 0.3762500000000001], [0.0, 0.0, 0.0, 1.0]]","[[-0.9380149993168999, 4.4688053637866357e-07, -0.3465946639178346, 0.30000052862938403], [2.8727913823224046e-07, 0.9999999999998278, 5.118613013845166e-07, -0.22000014785454777], [0.3465946639180037, 3.805641619023363e-07, -0.9380149993168666, 0.3760715929734035], [0.0, 0.0, 0.0, 1.0]]"
3.558333333333333,-87.3212637837017,13.60514003888667,15.651533869887837,-91.73420119512275,-1.8642892483409907,22.54669179928575,4.15520748016661,-87.33219891656289,-13.584541895897203,-15.670858182597096,-91.72803353430223,1.8775598790115022,22.541743327232076,-4.131301391184743,"[[-0.9404365560933546, -0.0, -0.3399692397309945, 0.3], [0.0, 0.9999999999999999, -0.0, 0.22], [0.3399692397309945, 0.0, -0.9404365560933546, 0.37854166666666667], [0.0, 0.0, 0.0, 1.0]]","[[-0.9403991631288002, -1.1688715258358654e-07, -0.3400726598635046, 0.3000001320821888], [-7.69421003019998e-08, 0.9999999999999887, -1.3094515115706686e-07, 0.22000004211106933], [0.34007265986351604, -9.697480585869428e-08, -0.9403991631287985, 0.378503115548449], [0.0, 0.0, 0.0, 1.0]]","[[-0.9404365560933546, -0.0, -0.3399692397309945, 0.3], [0.0, 0.9999999999999999, -0.0, -0.22], [0.3399692397309945, 0.0, -0.9404365560933546, 0.37854166666666667], [0.0, 0.0, 0.0, 1.0]]","[[-0.9401477630073527, 6.494036083543992e-07, -0.3407670519751716, 0.3000007757882049], [3.942525328040069e-07, 0.9999999999995879, 8.18001534956998e-07, -0.22000023052761208], [0.3407670519755623, 6.346940398890364e-07, -0.940147763007221, 0.37824433926144385], [0.0, 0.0, 0.0, 1.0]]"
3.5666666666666664,-87.73933283260901,13.702985913841689,15.55577632527155,-91.18202138186223,-1.8304411786919346,22.03864354579998,4.1232652467393995,-87.7500630597951,-13.683034077502434,-15.574672043610391,-91.17579907952835,1.8434430841072886,22.0336284794019,-4.099943138931568,"[[-0.9426414910921785, -0.0, -0.3338068592337708, 0.3], [0.0, 1.0, -0.0, 0.22], [0.3338068592337708, 0.0, -0.9426414910921785, 0.38083333333333347], [0.0, 0.0, 0.0, 1.0]]","[[-0.9426047497904375, -1.1593540944959928e-07, -0.33391059532829026, 0.30000015374925143], [-8.038873085438079e-08, 0.9999999999999896, -1.2027354171600636e-07, 0.220000037068629], [0.3339105953283007, -8.652776271835395e-08, -0.9426047497904368, 0.3807947717757909], [0.0, 0.0, 0.0, 1.0]]","[[-0.9426414910921785, -0.0, -0.3338068592337708, 0.3], [0.0, 1.0, -0.0, -0.22], [0.3338068592337708, 0.0, -0.9426414910921785, 0.38083333333333347], [0.0, 0.0, 0.0, 1.0]]","[[-0.9424714393442671, 4.046627656303593e-07, -0.33428668238531706, 0.3000005106625824], [2.4858825843258556e-07, 0.9999999999998394, 5.096686194183071e-07, -0.2200001426386576], [0.3342866823854696, 3.9724837314040446e-07, -0.9424714393442161, 0.380654941217894], [0.0, 0.0, 0.0, 1.0]]"
3.5749999999999997,-88.16366516498522,13.801043524660976,15.458497356017643,-90.61915232255065,-1.797025118507882,21.521494065245175,4.090818859974077,-88.16973720315735,-13.779734188224182,-15.478921329183274,-90.61913183198314,1.810697449678955,21.522175376614882,-4.067425888953607,"[[-0.9448060464668782, -0.0, -0.32763017956169327, 0.3], [0.0, 1.0, -0.0, 0.22], [0.32763017956169327, 0.0, -0.9448060464668782, 0.38312500000000016], [0.0, 0.0, 0.0, 1.0]]","[[-0.9447844208271012, -6.03970736454262e-08, -0.3276925360187433, 0.3000000882356175], [-3.679191854998257e-08, 0.9999999999999964, -7.823383009735822e-08, 0.22000002308138522], [0.32769253601874687, -6.185766676297958e-08, -0.9447844208270999, 0.3831018646897374], [0.0, 0.0, 0.0, 1.0]]","[[-0.9448060464668782, -0.0, -0.32763017956169327, 0.3], [0.0, 1.0, -0.0, -0.22], [0.32763017956169327, 0.0, -0.9448060464668782, 0.38312500000000016], [0.0, 0.0, 0.0, 1.0]]","[[-0.9447059184409569, 2.582666138788884e-07, -0.327918782113135, 0.3000003268253207], [1.5882364402101073e-07, 0.999999999999933, 3.3003592135361114e-07, -0.22000009589163227], [0.3279187821131983, 2.597056322827306e-07, -0.9447059184409347, 0.38301794746904383], [0.0, 0.0, 0.0, 1.0]]"
3.5833333333333335,-88.58088727043545,13.893485866208866,15.365446273859975,-90.06428824494633,-1.7667833887405926,21.012503245653946,4.056057465966943,-88.59154919572984,-13.873625383649763,-15.384623737502078,-90.05796348977489,1.7799980972372749,21.00739767924936,-4.032584240223725,"[[-0.9469301294951056, -0.0, -0.32143946530316175, 0.3], [0.0, 1.0, -0.0, 0.22], [0.32143946530316175, 0.0, -0.9469301294951056, 0.38541666666666685], [0.0, 0.0, 0.0, 1.0]]","[[-0.9469089396637654, -5.574159357290937e-08, -0.32150188177496036, 0.30000005347015263], [-3.5726200603924455e-08, 0.9999999999999972, -6.815554148504122e-08, 0.22000001780123973], [0.32150188177496325, -5.305105079697872e-08, -0.9469089396637648, 0.38539353794207587], [0.0, 0.0, 0.0, 1.0]]","[[-0.9469301294951056, -0.0, -0.32143946530316175, 0.3], [0.0, 1.0, -0.0, -0.22], [0.32143946530316175, 0.0, -0.9469301294951056, 0.38541666666666685], [0.0, 0.0, 0.0, 1.0]]","[[-0.9468318565535095, 2.7007921128873716e-07, -0.3217288227923656, 0.30000035592689966], [1.8286551644042922e-07, 0.9999999999999379, 3.012981989505254e-07, -0.22000008681831104], [0.321728822792427, 2.2644562575485737e-07, -0.9468318565535002, 0.3853095829486308], [0.0, 0.0, 0.0, 1.0]]"
3.591666666666667,-89.00444779143545,13.986169825698648,15.27090279536866,-89.49859831750753,-1.7369993883694002,20.494368510311364,4.020755633241732,-89.01463160348794,-13.967942612124823,-15.288674947589032,-89.49222575101192,1.7492989582390064,20.4891673212584,-3.9989720255444463,"[[-0.9490136491882138, -0.0, -0.31523498164776975, 0.3], [0.0, 0.9999999999999999, -0.0, 0.22], [0.31523498164776975, 0.0, -0.9490136491882138, 0.38770833333333343], [0.0, 0.0, 0.0, 1.0]]","[[-0.948955870345328, -1.6132280222886546e-07, -0.31540887136717466, 0.3000001872923574], [-1.0861531888332717e-07, 0.9999999999999771, -1.84686174211272e-07, 0.22000005295418576], [0.3154088713671972, -1.410007940472305e-07, -0.9489558703453238, 0.3876440863708772], [0.0, 0.0, 0.0, 1.0]]","[[-0.9490136491882138, -0.0, -0.31523498164776975, 0.3], [0.0, 0.9999999999999999, -0.0, -0.22], [0.31523498164776975, 0.0, -0.9490136491882138, 0.38770833333333343], [0.0, 0.0, 0.0, 1.0]]","[[-0.9489558786090593, 1.4494452136396637e-07, -0.3154088465044812, 0.300000170810578], [8.546842898886014e-08, 0.9999999999999758, 2.02400008582499e-07, -0.22000005760435543], [0.31540884650450296, 1.651111793749599e-07, -0.9489558786090488, 0.38764410334918664], [0.0, 0.0, 0.0, 1.0]]"
3.6,-89.43016665221317,14.07629758689155,15.177651930177767,-88.92826386143312,-1.709164019624071,19.972857953971506,3.9833215008350082,-89.43535076579322,-14.05778265159894,-15.195938054133183,-88.92824337086562,1.7214285847741808,19.973433397409078,-3.9626362729336244,"[[-0.9510565162951536, -0.0, -0.30901699437494756, 0.3], [0.0, 1.0, -0.0, 0.22], [0.30901699437494756, 0.0, -0.9510565162951536, 0.3900000000000001], [0.0, 0.0, 0.0, 1.0]]","[[-0.9509998632299543, -1.5945821838486598e-07, -0.3091913002278408, 0.3000001909249203], [-1.0133089457606189e-07, 0.999999999999974, -2.0405668418084734e-07, 0.22000006142434525], [0.30919130022786534, -1.6272724769992095e-07, -0.9509998632299457, 0.38993575281946], [0.0, 0.0, 0.0, 1.0]]","[[-0.9510565162951536, -0.0, -0.30901699437494756, 0.3], [0.0, 1.0, -0.0, -0.22], [0.30901699437494756, 0.0, -0.9510565162951536, 0.3900000000000001], [0.0, 0.0, 0.0, 1.0]]","[[-0.9508990738405902, 4.175971967171105e-07, -0.3095011330656693, 0.30000051358567775], [2.7884692043079464e-07, 0.9999999999998399, 4.925407439582957e-07, -0.22000014278206864], [0.3095011330658254, 3.8205309943349524e-07, -0.9508990738405545, 0.3898215693344311], [0.0, 0.0, 0.0, 1.0]]"
3.6083333333333334,-89.86241517383743,14.166574758472548,15.082987215828682,-88.34675521587658,-1.6818973708488512,19.442001991299772,3.9452103259268063,-89.86740121193154,-14.148636120391156,-15.100889141643286,-88.34673472530908,1.6939095391647878,19.44255865171713,-3.925041631081405,"[[-0.9530586433062971, -0.0, -0.30278576984257466, 0.3], [0.0, 1.0, -0.0, 0.22], [0.30278576984257466, 0.0, -0.9530586433062971, 0.3922916666666668], [0.0, 0.0, 0.0, 1.0]]","[[-0.9530253360826205, -9.279899783441865e-08, -0.3028905888016324, 0.3000001280365276], [-6.055646237075407e-08, 0.9999999999999915, -1.1584102058230175e-07, 0.2200000337834039], [0.3028905888016406, -9.205744502938028e-08, -0.9530253360826181, 0.39225311729478485], [0.0, 0.0, 0.0, 1.0]]","[[-0.9530586433062971, -0.0, -0.30278576984257466, 0.3], [0.0, 1.0, -0.0, -0.22], [0.30278576984257466, 0.0, -0.9530586433062971, 0.3922916666666668], [0.0, 0.0, 0.0, 1.0]]","[[-0.9530031069616861, 1.6236602332136437e-07, -0.3029605223809648, 0.3000002196076494], [1.0525759350788513e-07, 0.9999999999999737, 2.04829359249e-07, -0.220000062496243], [0.30296052238099, 1.6331412024755622e-07, -0.9530031069616779, 0.3922274039007776], [0.0, 0.0, 0.0, 1.0]]"
3.6166666666666667,-90.28715731756384,14.25285370806815,14.991247529991657,-87.773360835054,-1.6568648342624601,18.919472029226288,3.9063392924734406,-90.29174720468609,-14.236248664422202,-15.007986616100066,-87.77333351429733,1.6681114877828267,18.919980878319453,-3.8875554184822594,"[[-0.9550199444571866, -0.0, -0.296541574975571, 0.3], [0.0, 1.0, -0.0, 0.22], [0.296541574975571, 0.0, -0.9550199444571866, 0.3945833333333334], [0.0, 0.0, 0.0, 1.0]]","[[-0.954987336838505, -8.999245612403898e-08, -0.296646568289761, 0.3000001097069027], [-5.4237866744987675e-08, 0.9999999999999903, -1.2875921816877792e-07, 0.22000003880478855], [0.29664656828976965, -1.0687394581115133e-07, -0.9549873368385006, 0.39454478613832855], [0.0, 0.0, 0.0, 1.0]]","[[-0.9550199444571866, -0.0, -0.296541574975571, 0.3], [0.0, 1.0, -0.0, -0.22], [0.296541574975571, 0.0, -0.9550199444571866, 0.3945833333333334], [0.0, 0.0, 0.0, 1.0]]","[[-0.9549293171084418, 2.430960278040067e-07, -0.2968332854090765, 0.3000003264883253], [1.54729801854903e-07, 0.9999999999999366, 3.211904071033436e-07, -0.2200000931211264], [0.29683328540913567, 2.60785180681692e-07, -0.9549293171084187, 0.3944762782591483], [0.0, 0.0, 0.0, 1.0]]"
3.625,-90.72321708474497,14.34082739835156,14.896494023183362,-87.18205769822767,-1.6317814981441172,18.381565603783812,3.8669483108695077,-90.72784112281306,-14.323989274500185,-14.913646335736557,-87.18204403784932,1.6433027466134593,18.38208299061344,-3.847772127887874,"[[-0.9569403357322089, -0.0, -0.2902846772544624, 0.3], [0.0, 1.0, -0.0, 0.22], [0.2902846772544624, 0.0, -0.9569403357322089, 0.3968750000000001], [0.0, 0.0, 0.0, 1.0]]","[[-0.9569211970664266, -4.7771970797464284e-08, -0.2903477614946514, 0.3000000546475478], [-2.7537639975854127e-08, 0.9999999999999969, -7.377573457813665e-08, 0.22000001953452367], [0.2903477614946541, -6.26020721231306e-08, -0.9569211970664249, 0.396851879180544], [0.0, 0.0, 0.0, 1.0]]","[[-0.9569403357322089, -0.0, -0.2902846772544624, 0.3], [0.0, 1.0, -0.0, -0.22], [0.2902846772544624, 0.0, -0.9569403357322089, 0.3968750000000001], [0.0, 0.0, 0.0, 1.0]]","[[-0.9568516296533485, 2.614515202976716e-07, -0.29057694132477635, 0.30000030687196727], [1.84877259023575e-07, 0.9999999999999405, 2.909777125797513e-07, -0.22000008485238823], [0.2905769413248352, 2.247014300271599e-07, -0.95685162965334, 0.396767918104339], [0.0, 0.0, 0.0, 1.0]]"
3.6333333333333333,-91.151961719325,14.424242791137633,14.805345148709542,-86.59893029783782,-1.6093446468857426,17.852106414797348,3.8260482843458252,-91.1609365878944,-14.410169186352821,-14.819765385594732,-86.59229135396457,1.6195012449032575,17.846560301191296,-3.808377731189356,"[[-0.958819734868193, -0.0, -0.2840153447039226, 0.3], [0.0, 1.0, -0.0, 0.22], [0.2840153447039226, 0.0, -0.958819734868193, 0.3991666666666668], [0.0, 0.0, 0.0, 1.0]]","[[-0.9587884942080259, -8.061535638734946e-08, -0.28412079011276165, 0.3000001244862279], [-4.8078860033511745e-08, 0.9999999999999915, -1.2149022448825436e-07, 0.22000003421031322], [0.284120790112769, -1.0282322569764618e-07, -0.9587884942080217, 0.39912811557071676], [0.0, 0.0, 0.0, 1.0]]","[[-0.958819734868193, -0.0, -0.2840153447039226, 0.3], [0.0, 1.0, -0.0, -0.22], [0.2840153447039226, 0.0, -0.958819734868193, 0.3991666666666668], [0.0, 0.0, 0.0, 1.0]]","[[-0.9587676503587939, 1.3210161071111443e-07, -0.28419111989198437, 0.30000021057375875], [7.89159961353345e-08, 0.9999999999999774, 1.9859700944267612e-07, -0.22000005602323527], [0.28419111989200413, 1.6798116279254555e-07, -0.9587676503587825, 0.3991024146784686], [0.0, 0.0, 0.0, 1.0]]"
3.6416666666666666,-91.58767314685846,14.507122014073861,14.713549113811863,-86.0041847456698,-1.5880326424063047,17.313136187391642,3.783554689311414,-91.59634748710438,-14.494132701819789,-14.726994341193032,-85.99748433009401,1.5975589420294742,17.30751323415743,-3.76702520463316,"[[-0.9606580613579351, -0.0, -0.2777338458812926, 0.3], [0.0, 0.9999999999999999, -0.0, 0.22], [0.2777338458812926, 0.0, -0.9606580613579351, 0.40145833333333336], [0.0, 0.0, 0.0, 1.0]]","[[-0.9606275435958868, -7.644534421288063e-08, -0.2778393825304955, 0.3000000804867323], [-4.745339729909145e-08, 0.9999999999999928, -1.1107246009944959e-07, 0.22000002977170136], [0.27783938253050194, -9.351484190193255e-08, -0.9606275435958834, 0.4014197942763962], [0.0, 0.0, 0.0, 1.0]]","[[-0.9606580613579351, -0.0, -0.2777338458812926, 0.3], [0.0, 0.9999999999999999, -0.0, -0.22], [0.2777338458812926, 0.0, -0.9606580613579351, 0.40145833333333336], [0.0, 0.0, 0.0, 1.0]]","[[-0.9606071340048489, 1.5373150234955058e-07, -0.2779099388272517, 0.3000002014591052], [1.0313295526129408e-07, 0.9999999999999755, 1.966869195294311e-07, -0.2200000596545833], [0.2779099388272751, 1.602771847776692e-07, -0.9606071340048411, 0.40139407889172224], [0.0, 0.0, 0.0, 1.0]]"
3.65,-92.0303103862103,14.590059293618033,14.6204741259921,-85.39755466434595,-1.5674731326743316,16.76448245929015,3.7401334692103503,-92.02895117856548,-14.575949830340079,-14.635382721402944,-85.40427557048923,1.5770520460984514,16.7709626012652,-3.725285064841566,"[[-0.9624552364536473, -0.0, -0.2714404498650746, 0.3], [0.0, 1.0, -0.0, 0.22], [0.2714404498650746, 0.0, -0.9624552364536473, 0.40375000000000016], [0.0, 0.0, 0.0, 1.0]]","[[-0.9624253686913373, -1.0000431246238199e-07, -0.2715463306681451, 0.3000001287292472], [-7.000883281832901e-08, 0.9999999999999905, -1.2014905760381122e-07, 0.2200000381285048], [0.27154633066815453, -9.662385939608786e-08, -0.9624253686913351, 0.4037114295133965], [0.0, 0.0, 0.0, 1.0]]","[[-0.9624552364536473, -0.0, -0.2714404498650746, 0.3], [0.0, 1.0, -0.0, -0.22], [0.2714404498650746, 0.0, -0.9624552364536473, 0.40375000000000016], [0.0, 0.0, 0.0, 1.0]]","[[-0.9623723105111984, 2.093685226687193e-07, -0.2717343113434403, 0.3000002656499101], [1.3243782851856765e-07, 0.9999999999999459, 3.0144895296155074e-07, -0.2200000823591941], [0.2717343113434887, 2.541182232344755e-07, -0.962372310511174, 0.40364293480221364], [0.0, 0.0, 0.0, 1.0]]"
3.658333333333333,-92.45709475649855,14.668220563385074,14.531579213944383,-84.81049307499418,-1.5490939473914735,16.234584430649512,3.697322697266357,-92.46869241770924,-14.657189807875502,-14.543178582702357,-84.79914813078278,1.5577472634613507,16.224757495981155,-3.6818416466256996,"[[-0.9642111831703293, -0.0, -0.26513542624340836, 0.3], [0.0, 1.0, -0.0, 0.22], [0.26513542624340836, 0.0, -0.9642111831703293, 0.40604166666666675], [0.0, 0.0, 0.0, 1.0]]","[[-0.9641625806143195, -1.1138737010071242e-07, -0.2653121145804001, 0.3000001819735072], [-6.076849328814405e-08, 0.9999999999999785, -1.9899831138683125e-07, 0.22000005352039353], [0.26531211458041654, -1.757441079904768e-07, -0.9641625806143055, 0.40597742714309937], [0.0, 0.0, 0.0, 1.0]]","[[-0.9642111831703293, -0.0, -0.26513542624340836, 0.3], [0.0, 1.0, -0.0, -0.22], [0.26513542624340836, 0.0, -0.9642111831703293, 0.40604166666666675], [0.0, 0.0, 0.0, 1.0]]","[[-0.964162582382392, 1.3480457522298663e-07, -0.26531210815509193, 0.300000175816648], [9.203476333402986e-08, 0.9999999999999809, 1.7363738299860697e-07, -0.22000004722092875], [0.26531210815511025, 1.4299673050635092e-07, -0.9641625823823858, 0.4059774098165899], [0.0, 0.0, 0.0, 1.0]]"
3.6666666666666665,-92.9073613171533,14.749586899420143,14.437839990227836,-84.1886999737129,-1.5307187108117293,15.674520871539514,3.652048361466104,-92.91568731775155,-14.737878247635448,-14.450349481692713,-84.18182197321869,1.5396708476577947,15.668735701312514,-3.6366923886646227,"[[-0.9659258262890682, -0.0, -0.258819045102521, 0.3], [0.0, 1.0, -0.0, 0.22], [0.258819045102521, 0.0, -0.9659258262890682, 0.4083333333333333], [0.0, 0.0, 0.0, 1.0]]","[[-0.9658973386175951, -9.248206968329395e-08, -0.25892533914516414, 0.30000014348081194], [-6.738717111924143e-08, 0.999999999999992, -1.0579490030866329e-07, 0.2200000300265752], [0.2589253391451719, -8.473876651136888e-08, -0.9658973386175937, 0.4082947597670081], [0.0, 0.0, 0.0, 1.0]]","[[-0.9659258262890682, -0.0, -0.258819045102521, 0.3], [0.0, 1.0, -0.0, -0.22], [0.258819045102521, 0.0, -0.9659258262890682, 0.4083333333333333], [0.0, 0.0, 0.0, 1.0]]","[[-0.9658783508478666, 1.3660208687783815e-07, -0.25899616090472644, 0.30000021318486786], [9.297823086259668e-08, 0.9999999999999793, 1.80683861969416e-07, -0.22000005020925234], [0.25899616090474575, 1.5043762578271718e-07, -0.9658783508478592, 0.40826905534971725], [0.0, 0.0, 0.0, 1.0]]"
3.675,-93.35657602867587,14.829520603276801,14.344534483523583,-83.56586868367778,-1.5134978829234231,15.114747595469241,3.6065917449923766,-93.35976572701827,-14.817456781655267,-14.357645031635423,-83.56584819311027,1.5223602668149263,15.115109595495253,-3.5922564585849894,"[[-0.9675990923602598, -0.0, -0.2524915770151582, 0.3], [0.0, 1.0, -0.0, 0.22], [0.2524915770151582, 0.0, -0.9675990923602598, 0.41062500000000013], [0.0, 0.0, 0.0, 1.0]]","[[-0.9675713329527416, -6.202892832374108e-08, -0.25259793278657483, 0.30000009577088793], [-3.307802245685739e-08, 0.9999999999999925, -1.1885917557799618e-07, 0.22000003071237634], [0.25259793278658027, -1.0664929085439565e-07, -0.9675713329527362, 0.4105864476319966], [0.0, 0.0, 0.0, 1.0]]","[[-0.9675990923602598, -0.0, -0.2524915770151582, 0.3], [0.0, 1.0, -0.0, -0.22], [0.2524915770151582, 0.0, -0.9675990923602598, 0.41062500000000013], [0.0, 0.0, 0.0, 1.0]]","[[-0.9675713137747849, 9.529087418950062e-08, -0.25259800624733353, 0.30000012813256294], [7.134411149104497e-08, 0.9999999999999921, 1.0396106799949043e-07, -0.2200000306617525], [0.2525980062473414, 8.256836682557126e-08, -0.967571313774784, 0.4105864320702611], [0.0, 0.0, 0.0, 1.0]]"
3.683333333333333,-93.79856440005656,14.904891740767892,14.255246835598593,-82.95133607348421,-1.4991009113700942,14.563703301158245,3.559214778144818,-93.80949953291776,-14.895249221207127,-14.265714100501636,-82.94014139343457,1.5070441012097016,14.5540334608408,-3.5451838620423195,"[[-0.9692309097067545, -0.0, -0.24615329302899325, 0.3], [0.0, 1.0000000000000002, -0.0, 0.22], [0.24615329302899325, 0.0, -0.9692309097067545, 0.4129166666666667], [0.0, 0.0, 0.0, 1.0]]","[[-0.9692038316256598, -7.76324901914462e-08, -0.24625988865857407, 0.30000011272584787], [-5.1613151389396635e-08, 0.9999999999999921, -1.1211255821221154e-07, 0.22000003093240708], [0.2462598886585809, -9.594967207815934e-08, -0.9692038316256565, 0.41287810595559093], [0.0, 0.0, 0.0, 1.0]]","[[-0.9692309097067545, -0.0, -0.24615329302899325, 0.3], [0.0, 1.0000000000000002, -0.0, -0.22], [0.24615329302899325, 0.0, -0.9692309097067545, 0.4129166666666667], [0.0, 0.0, 0.0, 1.0]]","[[-0.9691857579794871, 1.3588925963192667e-07, -0.24633101008543087, 0.30000021294276], [9.47693475504102e-08, 0.9999999999999796, 1.7878446435868726e-07, -0.22000005106507015], [0.24633101008545014, 1.4993072749720112e-07, -0.96918575797948, 0.412852385448695], [0.0, 0.0, 0.0, 1.0]]"
3.6916666666666664,-94.23941896003504,14.979062472512354,14.166285329206469,-82.33596335002275,-1.485723558993801,14.01313712008915,3.51179832426612,-94.2505180174363,-14.970195179422385,-14.176002980848105,-82.32420176427199,1.4932287629528813,14.002959284452185,-3.498502507273044,"[[-0.970821208426928, -0.0, -0.23980446465501665, 0.3], [0.0, 0.9999999999999999, -0.0, 0.22], [0.23980446465501665, 0.0, -0.970821208426928, 0.4152083333333335], [0.0, 0.0, 0.0, 1.0]]","[[-0.9707772342974553, -1.3702030144364137e-07, -0.23998241887639407, 0.3000002007250671], [-9.523221730731993e-08, 0.9999999999999784, -1.857262424418722e-07, 0.22000005444345103], [0.23998241887641428, -1.5744475010980627e-07, -0.9707772342974473, 0.41514406923559305], [0.0, 0.0, 0.0, 1.0]]","[[-0.970821208426928, -0.0, -0.23980446465501665, 0.3], [0.0, 0.9999999999999999, -0.0, -0.22], [0.23980446465501665, 0.0, -0.970821208426928, 0.4152083333333335], [0.0, 0.0, 0.0, 1.0]]","[[-0.9707772490629177, 1.496155274516535e-07, -0.23998235914710833, 0.30000018257407235], [1.1063697879596954e-07, 0.9999999999999784, 1.7589486861236755e-07, -0.2200000534067056], [0.23998235914712948, 1.442038134954321e-07, -0.9707772490629133, 0.41514406135404547], [0.0, 0.0, 0.0, 1.0]]"
3.6999999999999997,-94.69944586101374,15.055412034602048,14.073552704618852,-81.69133009615695,-1.4728148216275943,13.437762838180923,3.46215416150094,-94.70217793668175,-15.044881590449181,-14.085388568676837,-81.69130960558944,1.4808408275108882,13.43808214952462,-3.4493424341652887,"[[-0.9723699203976766, -0.0, -0.23344536385590553, 0.3], [0.0, 1.0, -0.0, 0.22], [0.23344536385590553, 0.0, -0.9723699203976766, 0.4175000000000001], [0.0, 0.0, 0.0, 1.0]]","[[-0.9723442526641835, -6.718235956858968e-08, -0.2335522517787529, 0.3000000977425097], [-4.2030420895548044e-08, 0.9999999999999927, -1.1266995361138436e-07, 0.2200000295372345], [0.2335522517787588, -9.973768239860576e-08, -0.9723442526641792, 0.41746143808169034], [0.0, 0.0, 0.0, 1.0]]","[[-0.9723699203976766, -0.0, -0.23344536385590553, 0.3], [0.0, 1.0, -0.0, -0.22], [0.23344536385590553, 0.0, -0.9723699203976766, 0.4175000000000001], [0.0, 0.0, 0.0, 1.0]]","[[-0.9722985819533799, 2.0709118106079352e-07, -0.23374231010111166, 0.3000002623517101], [1.4157887109380782e-07, 0.9999999999999462, 2.9705467286464725e-07, -0.22000008485055023], [0.2337423101011605, 2.557328647979475e-07, -0.9722985819533566, 0.41739289244711814], [0.0, 0.0, 0.0, 1.0]]"
3.7083333333333335,-95.15870095061622,15.130055756946533,13.981685806508533,-81.04535812521382,-1.4613639027623622,12.86261992893083,3.4117896272217356,-95.16133057344668,-15.119883897725092,-13.993252731867951,-81.04533763464632,1.4692148850481743,12.86292728744348,-3.399307669956949,"[[-0.9738769792773336, -0.0, -0.22707626303437328, 0.3], [0.0, 1.0, -0.0, 0.22], [0.22707626303437328, 0.0, -0.9738769792773336, 0.4197916666666669], [0.0, 0.0, 0.0, 1.0]]","[[-0.9738353468833876, -1.0679482930710467e-07, -0.22725474067772664, 0.3000001786180367], [-6.599146137504195e-08, 0.9999999999999802, -1.8714686215461345e-07, 0.22000004991083438], [0.22725474067774212, -1.6725335698274617e-07, -0.9738353468833754, 0.4197274012749584], [0.0, 0.0, 0.0, 1.0]]","[[-0.9738769792773336, -0.0, -0.22707626303437328, 0.3], [0.0, 1.0, -0.0, -0.22], [0.22707626303437328, 0.0, -0.9738769792773336, 0.4197916666666669], [0.0, 0.0, 0.0, 1.0]]","[[-0.9738353653920726, 1.036797640892111e-07, -0.22725466136402522, 0.3000001452525196], [6.483973751184802e-08, 0.999999999999982, 1.7837493133969057e-07, -0.22000004581306476], [0.2272546613640396, 1.5897268384678613e-07, -0.9738353653920617, 0.41972740656734997], [0.0, 0.0, 0.0, 1.0]]"
3.716666666666667,-95.61039502080752,15.20182226210315,13.89219837555032,-80.40772581524728,-1.4515964120841265,12.296315284466731,3.3612959596785354,-95.61299049269212,-15.191701629300484,-13.903841286764253,-80.40770532467977,1.4595016089964759,12.296623496753028,-3.3487668314197934,"[[-0.9753423205085128, -0.0, -0.22069743502150113, 0.3], [0.0, 1.0, -0.0, 0.22], [0.22069743502150113, 0.0, -0.9753423205085128, 0.4220833333333335], [0.0, 0.0, 0.0, 1.0]]","[[-0.9753335987503465, -2.7493228322804938e-08, -0.22073597610878387, 0.3000000154492277], [-1.6498670729440854e-08, 0.9999999999999986, -5.165229803792114e-08, 0.22000001524715845], [0.22073597610878498, -4.673637154109054e-08, -0.9753335987503454, 0.422069451523475], [0.0, 0.0, 0.0, 1.0]]","[[-0.9753423205085128, -0.0, -0.22069743502150113, 0.3], [0.0, 1.0, -0.0, -0.22], [0.22069743502150113, 0.0, -0.9753423205085128, 0.4220833333333335], [0.0, 0.0, 0.0, 1.0]]","[[-0.9753018320532703, 1.4045399734286005e-07, -0.2208762920585078, 0.3000002132756649], [1.0116185441031768e-07, 0.9999999999999774, 1.89203897861061e-07, -0.22000005868042688], [0.2208762920585293, 1.6218665291559902e-07, -0.975301832053262, 0.42201903704133764], [0.0, 0.0, 0.0, 1.0]]"
3.725,-96.06107139281247,15.272791342674168,13.802658864399683,-79.76894603350017,-1.4426152469340887,11.73040764474814,3.3110908676277684,-96.0723138841863,-15.263790860895384,-13.812992086840266,-79.7567336552642,1.4506348495150356,11.719944648713328,-3.297206587149013,"[[-0.9767658813208724, -0.0, -0.21430915306505074, 0.3], [0.0, 1.0, -0.0, 0.22], [0.21430915306505074, 0.0, -0.9767658813208724, 0.42437500000000006], [0.0, 0.0, 0.0, 1.0]]","[[-0.9767265783739181, -1.1320607064455796e-07, -0.21448820736340313, 0.3000002063428048], [-7.574439260156233e-08, 0.9999999999999807, -1.8287489885802325e-07, 0.22000005029622038], [0.21448820736341961, -1.6237249524513442e-07, -0.9767265783739074, 0.4243107216244209], [0.0, 0.0, 0.0, 1.0]]","[[-0.9767658813208724, -0.0, -0.21430915306505074, 0.3], [0.0, 1.0, -0.0, -0.22], [0.21430915306505074, 0.0, -0.9767658813208724, 0.42437500000000006], [0.0, 0.0, 0.0, 1.0]]","[[-0.9767003814520396, 1.876673362556217e-07, -0.21460746695165353, 0.3000002828672221], [1.2697259151035684e-07, 0.999999999999948, 2.9660271656732276e-07, -0.2200000825668948], [0.21460746695169805, 2.624427201746906e-07, -0.9767003814520125, 0.42426789675535936], [0.0, 0.0, 0.0, 1.0]]"
3.7333333333333334,-96.50887225517684,15.340879790962731,13.715575660029314,-79.13233825190913,-1.4358075760439957,11.16789631659434,3.2592125926737596,-96.53951248379352,-15.335991083064295,-13.720860518899611,-79.09207428675191,1.4427770370400532,11.132706328216788,-3.244393430052359,"[[-0.9781476007338056, -0.0, -0.2079116908177593, 0.3], [0.0, 0.9999999999999999, -0.0, 0.22], [0.2079116908177593, 0.0, -0.9781476007338056, 0.42666666666666686], [0.0, 0.0, 0.0, 1.0]]","[[-0.9781094822144153, -1.243003275895795e-07, -0.20809094358533126, 0.30000016332277163], [-9.132088419268171e-08, 0.9999999999999819, -1.680923938055345e-07, 0.22000004643978946], [0.20809094358534835, -1.45409715308611e-07, -0.9781094822144086, 0.4266023714628554], [0.0, 0.0, 0.0, 1.0]]","[[-0.9781476007338056, -0.0, -0.2079116908177593, 0.3], [0.0, 0.9999999999999999, -0.0, -0.22], [0.2079116908177593, 0.0, -0.9781476007338056, 0.42666666666666686], [0.0, 0.0, 0.0, 1.0]]","[[-0.9780416426809715, 3.1333245846514977e-07, -0.20840956115737283, 0.3000004607603716], [2.1636169328411996e-07, 0.9999999999998574, 4.880856328633432e-07, -0.2200001418553351], [0.20840956115749606, 4.322762285860362e-07, -0.9780416426809, 0.4264881678379024], [0.0, 0.0, 0.0, 1.0]]"
3.7416666666666667,-96.9883378745334,15.412583116869525,13.622727775999453,-78.44822650464066,-1.4297914600456838,10.565086872337464,3.2031811358175597,-97.00455957381217,-15.405660720145718,-13.63074812563234,-78.42829601264256,1.4369484310787994,10.547866257892569,-3.1901119957275634,"[[-0.9794874195590514, -0.0, -0.20150532232561705, 0.3], [0.0, 0.9999999999999999, -0.0, 0.22], [0.20150532232561705, 0.0, -0.9794874195590514, 0.42895833333333344], [0.0, 0.0, 0.0, 1.0]]","[[-0.9794504634477044, -1.0616823865695998e-07, -0.20168487710303384, 0.30000018204647916], [-7.28359803792212e-08, 0.9999999999999825, -1.726902106848054e-07, 0.22000004559100042], [0.2016848771030486, -1.5445159113665215e-07, -0.9794504634476948, 0.428894035516319], [0.0, 0.0, 0.0, 1.0]]","[[-0.9794874195590514, -0.0, -0.20150532232561705, 0.3], [0.0, 0.9999999999999999, -0.0, -0.22], [0.20150532232561705, 0.0, -0.9794874195590514, 0.42895833333333344], [0.0, 0.0, 0.0, 1.0]]","[[-0.9794504614175527, 1.0992774810793181e-07, -0.20168488696214015, 0.3000001881134441], [7.353788250950054e-08, 0.9999999999999797, 1.8792203879631398e-07, -0.2200000529740869], [0.2016848869621567, 1.6922884808821318e-07, -0.9794504614175407, 0.4288940421904118], [0.0, 0.0, 0.0, 1.0]]"
3.75,-97.46503043708692,15.482507178497531,13.531027363750153,-77.76548762539535,-1.4252144862498348,9.965197333950767,3.146749899451503,-97.46718877686465,-15.473885772217683,-13.541433156950669,-77.76546030463868,1.4323141477269459,9.965462857554751,-3.1356775224766777,"[[-0.9807852804032303, -0.0, -0.19509032201612858, 0.3], [0.0, 0.9999999999999999, -0.0, 0.22], [0.19509032201612858, 0.0, -0.9807852804032303, 0.43125], [0.0, 0.0, 0.0, 1.0]]","[[-0.9807724219973653, -3.8423622728938256e-08, -0.19515495445778616, 0.30000003083529264], [-2.6455089075708145e-08, 0.9999999999999978, -6.393484078672871e-08, 0.22000001624280535], [0.19515495445778816, -5.754268694466936e-08, -0.9807724219973639, 0.43122685487410845], [0.0, 0.0, 0.0, 1.0]]","[[-0.9807852804032303, -0.0, -0.19509032201612858, 0.3], [0.0, 0.9999999999999999, -0.0, -0.22], [0.19509032201612858, 0.0, -0.9807852804032303, 0.43125], [0.0, 0.0, 0.0, 1.0]]","[[-0.9807495028314883, 9.328642858859201e-08, -0.19527010189934385, 0.3000001867917944], [5.7477606187573296e-08, 0.9999999999999807, 1.890473479407124e-07, -0.2200000499239043], [0.19527010189935767, 1.7418443448728726e-07, -0.9807495028314746, 0.4311857181106884], [0.0, 0.0, 0.0, 1.0]]"
3.7583333333333333,-97.9359719803593,15.550324126766588,13.440990102563754,-77.08843829372867,-1.4220304441578453,9.372013333781732,3.0903254932746163,-97.94651096224864,-15.543237805502699,-13.449510763553345,-77.07622591549269,1.4289179428838628,9.361623762280496,-3.078546191720694,"[[-0.9820411276703037, -0.0, -0.18866696468655553, 0.3], [0.0, 0.9999999999999999, -0.0, 0.22], [0.18866696468655553, 0.0, -0.9820411276703037, 0.4335416666666668], [0.0, 0.0, 0.0, 1.0]]","[[-0.9820065368266506, -1.1590103467170776e-07, -0.18884692645027173, 0.30000016364054244], [-8.385933190486705e-08, 0.9999999999999807, -1.7766041098924173e-07, 0.2200000501174573], [0.18884692645028867, -1.5862710784233737e-07, -0.9820065368266415, 0.433477365598378], [0.0, 0.0, 0.0, 1.0]]","[[-0.9820411276703037, -0.0, -0.18866696468655553, 0.3], [0.0, 0.9999999999999999, -0.0, -0.22], [0.18866696468655553, 0.0, -0.9820411276703037, 0.4335416666666668], [0.0, 0.0, 0.0, 1.0]]","[[-0.9820203876698408, 3.89662012249673e-08, -0.1887748876327944, 0.3000000690403505], [1.865021709795834e-08, 0.9999999999999938, 1.0939647777978988e-07, -0.22000002375464542], [0.1887748876327975, 1.0390887888203006e-07, -0.9820203876698355, 0.4335030971677871], [0.0, 0.0, 0.0, 1.0]]"
3.7666666666666666,-98.41001442951487,15.617174603268088,13.351136402711298,-76.40447681062193,-1.4203081692699444,8.77454168236122,3.032628110591168,-98.4173432224943,-15.609868008403467,-13.36009163448683,-76.39675869685982,1.4271158401600372,8.768088007369204,-3.021426173465524,"[[-0.9832549075639546, -0.0, -0.18223552549214772, 0.3], [0.0, 1.0, -0.0, 0.22], [0.18223552549214772, 0.0, -0.9832549075639546, 0.4358333333333334], [0.0, 0.0, 0.0, 1.0]]","[[-0.9832348668182104, -5.70778133567116e-08, -0.18234362251796185, 0.300000076657668], [-3.6257234818240445e-08, 0.9999999999999926, -1.1751678294584241e-07, 0.22000003127148385], [0.18234362251796718, -1.0893532288941756e-07, -0.983234866818205, 0.43579475249396976], [0.0, 0.0, 0.0, 1.0]]","[[-0.9832549075639546, -0.0, -0.18223552549214772, 0.3], [0.0, 1.0, -0.0, -0.22], [0.18223552549214772, 0.0, -0.9832549075639546, 0.4358333333333334], [0.0, 0.0, 0.0, 1.0]]","[[-0.9831991859563534, 1.6673421117915683e-07, -0.18253591628700358, 0.3000002852244361], [1.1398163516962765e-07, 0.9999999999999487, 2.994893354601062e-07, -0.22000008313638655], [0.18253591628704416, 2.736519286114067e-07, -0.983199185956322, 0.43572617912661443], [0.0, 0.0, 0.0, 1.0]]"
3.775,-98.8925604641871,15.684148023174648,13.260040462203545,-75.70563917550291,-1.4198030554364807,8.165927431083478,2.973393081570821,-98.89446608696554,-15.67638722073022,-13.269768359128935,-75.70562551512457,1.4264663318586512,8.166175879214537,-2.96311748885136,"[[-0.9844265680898915, -0.0, -0.1757962799343547, 0.3], [0.0, 0.9999999999999999, -0.0, 0.22], [0.1757962799343547, 0.0, -0.9844265680898915, 0.438125], [0.0, 0.0, 0.0, 1.0]]","[[-0.9844196000765213, -2.856215748273215e-08, -0.17583529504960227, 0.30000005353202275], [-2.300749002313065e-08, 0.9999999999999991, -3.362881925229647e-08, 0.2200000077206308], [0.1758352950496031, -2.9059340002823354e-08, -0.9844196000765213, 0.43811109070837456], [0.0, 0.0, 0.0, 1.0]]","[[-0.9844265680898915, -0.0, -0.1757962799343547, 0.3], [0.0, 0.9999999999999999, -0.0, -0.22], [0.1757962799343547, 0.0, -0.9844265680898915, 0.438125], [0.0, 0.0, 0.0, 1.0]]","[[-0.9843943409106402, 1.1920928841215271e-07, -0.17597665067585672, 0.3000001528741614], [8.807384184782249e-08, 0.9999999999999791, 1.8473983218817618e-07, -0.22000005467722988], [0.17597665067587503, 1.6635790564628702e-07, -0.9843943409106299, 0.4380607036058033], [0.0, 0.0, 0.0, 1.0]]"
3.783333333333333,-99.37303012135165,15.749617093916513,13.169923800068043,-75.00723867249077,-1.4206753986595382,7.559568849779134,2.913679939308573,-99.3748606120492,-15.74209876318762,-13.179468135659489,-75.00721818192326,1.4272217080921723,7.559813882815608,-2.903620564765025,"[[-0.9855560590580776, -0.0, -0.16934950384902478, 0.3], [0.0, 1.0, -0.0, 0.22], [0.16934950384902478, 0.0, -0.9855560590580776, 0.4404166666666668], [0.0, 0.0, 0.0, 1.0]]","[[-0.9855448889172926, -1.7590138456762403e-08, -0.16941449739913458, 0.30000004816796627], [-6.758266990042531e-09, 0.9999999999999982, -6.45137407635064e-08, 0.2200000123105604], [0.16941449739913536, -6.24362390690017e-08, -0.9855448889172906, 0.4403935162039586], [0.0, 0.0, 0.0, 1.0]]","[[-0.9855560590580776, -0.0, -0.16934950384902478, 0.3], [0.0, 1.0, -0.0, -0.22], [0.16934950384902478, 0.0, -0.9855560590580776, 0.4404166666666668], [0.0, 0.0, 0.0, 1.0]]","[[-0.9855374289077753, 5.5742088072871825e-08, -0.16945788922870775, 0.3000001039090173], [3.745703863681001e-08, 0.9999999999999932, 1.1110001786249722e-07, -0.22000002904898047], [0.1694578892287128, 1.0314583525166143e-07, -0.9855374289077706, 0.44037808038493736], [0.0, 0.0, 0.0, 1.0]]"
3.7916666666666665,-99.84233241922323,15.81247532484814,13.082400902269853,-74.32255318933201,-1.4227979866658256,6.96695602417944,2.8547027499293938,-99.85317192943603,-15.806399871581414,-13.090073766028716,-74.30929579215301,1.4292871999858665,6.955770308753075,-2.8437123352246085,"[[-0.9866433320848791, -0.0, -0.1628954733945889, 0.3], [0.0, 1.0, -0.0, 0.22], [0.1628954733945889, 0.0, -0.9866433320848791, 0.44270833333333337], [0.0, 0.0, 0.0, 1.0]]","[[-0.9866254286546287, -5.835126893503082e-08, -0.16300387581915782, 0.30000006234029586], [-3.9971409672776845e-08, 0.9999999999999928, -1.160368711335523e-07, 0.22000003121442985], [0.16300387581916337, -1.0796943302326491e-07, -0.9866254286546235, 0.442669764683528], [0.0, 0.0, 0.0, 1.0]]","[[-0.9866433320848791, -0.0, -0.1628954733945889, 0.3], [0.0, 1.0, -0.0, -0.22], [0.1628954733945889, 0.0, -0.9866433320848791, 0.44270833333333337], [0.0, 0.0, 0.0, 1.0]]","[[-0.9865935226946362, 1.725801459906669e-07, -0.1631968779632705, 0.3000002881808181], [1.2327685143780448e-07, 0.9999999999999437, 3.122363828271189e-07, -0.22000009158765838], [0.1631968779633152, 2.879319955670467e-07, -0.986593522694602, 0.44260117304801094], [0.0, 0.0, 0.0, 1.0]]"
3.8,-100.33868909639722,15.877712169158224,12.990498145666393,-73.59586204277767,-1.426514783513076,6.340065040456391,2.791493191142334,-100.34585396483656,-15.871445470594738,-12.998584235870041,-73.58780924974623,1.4328274791317546,6.333391091863643,-2.781241930971791,"[[-0.9876883405951378, -0.0, -0.15643446504023098, 0.3], [0.0, 1.0, -0.0, 0.22], [0.15643446504023098, 0.0, -0.9876883405951378, 0.44499999999999995], [0.0, 0.0, 0.0, 1.0]]","[[-0.987659660529778, -8.948845323583278e-08, -0.15661543653866156, 0.30000015097249494], [-6.13855460935814e-08, 0.9999999999999811, -1.8427574099622704e-07, 0.22000004905068388], [0.1566154365386751, -1.7238779169759651e-07, -0.987659660529765, 0.44493569722460075], [0.0, 0.0, 0.0, 1.0]]","[[-0.9876883405951378, -0.0, -0.15643446504023098, 0.3], [0.0, 1.0, -0.0, -0.22], [0.15643446504023098, 0.0, -0.9876883405951378, 0.44499999999999995], [0.0, 0.0, 0.0, 1.0]]","[[-0.9876405143207675, 1.5777210917856372e-07, -0.15673613007913986, 0.30000025410309805], [1.1295489433051385e-07, 0.9999999999999502, 2.948476475946229e-07, -0.2200000813148742], [0.15673613007917855, 2.734993693057588e-07, -0.9876405143207362, 0.4448928311084518], [0.0, 0.0, 0.0, 1.0]]"
3.808333333333333,-100.82950649015433,15.941261956743315,12.899953742934118,-72.87453942491096,-1.4314296382294291,5.719880875611471,2.7284674071326296,-100.83665086802617,-15.935198456307637,-12.907882738786856,-72.86639783942032,1.4376603715780676,5.713147162863485,-2.7183828462665174,"[[-0.9886910398241674, -0.0, -0.1499667555540451, 0.3], [0.0, 1.0, -0.0, 0.22], [0.1499667555540451, 0.0, -0.9886910398241674, 0.44729166666666675], [0.0, 0.0, 0.0, 1.0]]","[[-0.9886811405338528, -5.3775836027309194e-08, -0.1500320044279785, 0.30000006119702616], [-4.508157411475614e-08, 0.999999999999997, -6.135046951858243e-08, 0.22000001895012045], [0.1500320044279814, -5.3892373248714126e-08, -0.9886811405338524, 0.447268488521958], [0.0, 0.0, 0.0, 1.0]]","[[-0.9886910398241674, -0.0, -0.1499667555540451, 0.3], [0.0, 1.0, -0.0, -0.22], [0.1499667555540451, 0.0, -0.9886910398241674, 0.44729166666666675], [0.0, 0.0, 0.0, 1.0]]","[[-0.9886635439321164, 7.597825155105073e-08, -0.15014791673407485, 0.3000001338334775], [4.860184356153142e-08, 0.9999999999999817, 1.8599912180821812e-07, -0.22000004692370684], [0.15014791673408623, 1.7659308537497496e-07, -0.988663543932102, 0.4472273526362286], [0.0, 0.0, 0.0, 1.0]]"
3.8166666666666664,-101.32961294118267,16.004874923578228,12.808281505215147,-72.1368994851171,-1.4378682654609298,5.08785871227445,2.6634608682636216,-101.33116339412426,-15.998323064616894,-12.817054883204028,-72.13687899454959,1.4439231214384403,5.0880841085170605,-2.6542860032175906,"[[-0.9896513868196701, -0.0, -0.14349262199117935, 0.3], [0.0, 1.0, -0.0, 0.22], [0.14349262199117935, 0.0, -0.9896513868196701, 0.44958333333333356], [0.0, 0.0, 0.0, 1.0]]","[[-0.9896355929582831, -7.184812015496957e-08, -0.143601508174888, 0.30000011198809967], [-5.6069156013637516e-08, 0.9999999999999921, -1.1392699077239413e-07, 0.2200000348815369], [0.14360150817489506, -1.0469458970133967e-07, -0.9896355929582791, 0.4495447190206242], [0.0, 0.0, 0.0, 1.0]]","[[-0.9896513868196701, -0.0, -0.14349262199117935, 0.3], [0.0, 1.0, -0.0, -0.22], [0.14349262199117935, 0.0, -0.9896513868196701, 0.44958333333333356], [0.0, 0.0, 0.0, 1.0]]","[[-0.9896355868515188, 7.280616437647008e-08, -0.1436015502598937, 0.3000001334237496], [5.814427723806011e-08, 0.9999999999999927, 1.0629772744304228e-07, -0.22000003163459136], [0.14360155025990037, 9.684640552895146e-08, -0.9896355868515159, 0.4495447189344722], [0.0, 0.0, 0.0, 1.0]]"
3.8249999999999997,-101.82237693885324,16.066626663864316,12.718309984599507,-71.40736014967887,-1.445464396313336,4.4649458868561105,2.5988361796578996,-101.82950082615756,-16.06090125779255,-12.726006754020466,-71.39903414908062,1.451587767625958,4.458098195326349,-2.588993023290265,"[[-0.9905693404435773, -0.0, -0.13701234168196805, 0.3], [0.0, 1.0, -0.0, 0.22], [0.13701234168196805, 0.0, -0.9905693404435773, 0.45187500000000014], [0.0, 0.0, 0.0, 1.0]]","[[-0.9905542703991078, -3.9486296614935526e-08, -0.13712125070203418, 0.3000000757800146], [-2.2703238820456585e-08, 0.9999999999999921, -1.2395968066523033e-07, 0.22000003190382325], [0.137121250702038, -1.1967569453820563e-07, -0.9905542703991007, 0.4518364103311844], [0.0, 0.0, 0.0, 1.0]]","[[-0.9905693404435773, -0.0, -0.13701234168196805, 0.3], [0.0, 1.0, -0.0, -0.22], [0.13701234168196805, 0.0, -0.9905693404435773, 0.45187500000000014], [0.0, 0.0, 0.0, 1.0]]","[[-0.990527451778104, 1.4195665383055648e-07, -0.13731484724513918, 0.3000002277734519], [9.958977705957754e-08, 0.9999999999999454, 3.154083233203251e-07, -0.22000008774129326], [0.13731484724517642, 2.9874544774397254e-07, -0.990527451778064, 0.45176781423730084], [0.0, 0.0, 0.0, 1.0]]"
3.8333333333333335,-102.33037908856211,16.129058007972816,12.62632441195236,-70.65261058601412,-1.4548671122012105,3.8228573053429598,2.5312089825817226,-102.33182025847698,-16.122871564132076,-12.634844219168304,-70.65259692563578,1.4607648738278107,3.8230797133778083,-2.522328669443648,"[[-0.9914448613738104, -0.0, -0.13052619222005155, 0.3], [0.0, 0.9999999999999999, -0.0, 0.22], [0.13052619222005155, 0.0, -0.9914448613738104, 0.4541666666666667], [0.0, 0.0, 0.0, 1.0]]","[[-0.9914362602417901, -7.19883175470984e-09, -0.13059150767861297, 0.30000001185149217], [1.8951876633081346e-09, 0.9999999999999976, -6.951286255471487e-08, 0.22000001166800445], [0.13059150767861313, -6.916506790423342e-08, -0.9914362602417877, 0.45414351626786137], [0.0, 0.0, 0.0, 1.0]]","[[-0.9914448613738104, -0.0, -0.13052619222005155, 0.3], [0.0, 0.9999999999999999, -0.0, -0.22], [0.13052619222005155, 0.0, -0.9914448613738104, 0.4541666666666667], [0.0, 0.0, 0.0, 1.0]]","[[-0.9914049403537786, 1.4060574365808052e-07, -0.13082906497449612, 0.3000002701394702], [1.0055485127595744e-07, 0.999999999999946, 3.1273759645477315e-07, -0.22000008790472786], [0.13082906497453303, 2.968941009885454e-07, -0.9914049403537393, 0.4540594669225204], [0.0, 0.0, 0.0, 1.0]]"
3.841666666666667,-102.83112074718325,16.18976643686318,12.535928565834533,-69.90584551348911,-1.4653618045826409,3.1898752869841402,2.4640163562914874,-102.83821048354173,-16.184490115729346,-12.543229184283632,-69.89732143740494,1.4712695980495847,3.182904652049319,-2.4545787424058223,"[[-0.9922779121059669, -0.0, -0.12403445145048526, 0.3], [0.0, 0.9999999999999999, -0.0, 0.22], [0.12403445145048526, 0.0, -0.9922779121059669, 0.4564583333333335], [0.0, 0.0, 0.0, 1.0]]","[[-0.9922642651810796, -4.201513000017928e-08, -0.12414357834640613, 0.30000009241497816], [-2.669734513974452e-08, 0.9999999999999918, -1.2505124026219185e-07, 0.22000003289610412], [0.12414357834641038, -1.2076957307074954e-07, -0.9922642651810727, 0.4564197326446971], [0.0, 0.0, 0.0, 1.0]]","[[-0.9922779121059669, -0.0, -0.12403445145048526, 0.3], [0.0, 0.9999999999999999, -0.0, -0.22], [0.12403445145048526, 0.0, -0.9922779121059669, 0.4564583333333335], [0.0, 0.0, 0.0, 1.0]]","[[-0.9922551588032974, 8.511581225897369e-08, -0.12421634283875908, 0.3000001592210575], [6.18294114025902e-08, 0.9999999999999799, 1.913215224813798e-07, -0.22000005299187464], [0.12421634283877285, 1.8215954430794727e-07, -0.9922551588032825, 0.4563939992038186], [0.0, 0.0, 0.0, 1.0]]"
3.85,-103.34178667066843,16.25062854500987,12.444336582838309,-69.14155417555386,-1.4775312806928995,2.5444877241018737,2.394620140220277,-103.33353580215105,-16.243685657718554,-12.454283899590786,-69.15589757281089,1.483001728609551,2.5567859065893046,-2.3873728826240703,"[[-0.9930684569549264, -0.0, -0.11753739745783755, 0.3], [0.0, 1.0, -0.0, 0.22], [0.11753739745783755, 0.0, -0.9930684569549264, 0.4587500000000001], [0.0, 0.0, 0.0, 1.0]]","[[-0.9930607096751004, -2.231960550688499e-08, -0.11760283542324021, 0.3000000137597858], [-1.3541258979225663e-08, 0.999999999999997, -7.544302161721056e-08, 0.22000001888564702], [0.11760283542324154, -7.332701013606371e-08, -0.9930607096750977, 0.45872684761234095], [0.0, 0.0, 0.0, 1.0]]","[[-0.9930684569549264, -0.0, -0.11753739745783755, 0.3], [0.0, 1.0, -0.0, -0.22], [0.11753739745783755, 0.0, -0.9930684569549264, 0.4587500000000001], [0.0, 0.0, 0.0, 1.0]]","[[-0.9930325253562682, 1.1628659556238369e-07, -0.11784058547266005, 0.3000001940275691], [7.877317954078832e-08, 0.9999999999999449, 3.229979382737899e-07, -0.22000008655219302], [0.1178405854726911, 3.1146478073226013e-07, -0.9930325253562224, 0.4586428186275459], [0.0, 0.0, 0.0, 1.0]]"
3.8583333333333334,-103.8471455371685,16.310105832302344,12.35391426973745,-68.38239230968529,-1.4907750174935543,1.905868665243678,2.325433098692398,-103.86391365158087,-16.306258728252335,-12.359277675783202,-68.35911502499388,1.4968692537804982,1.886590029424494,-2.314864021282038,"[[-0.9938164620563782, -0.0, -0.11103530855427755, 0.3], [0.0, 1.0, -0.0, 0.22], [0.11103530855427755, 0.0, -0.9938164620563782, 0.4610416666666667], [0.0, 0.0, 0.0, 1.0]]","[[-0.9938042429807938, -3.444349464501437e-08, -0.11114462035280996, 0.30000009483231493], [-2.2134094216683275e-08, 0.9999999999999936, -1.1198506826896537e-07, 0.22000002549963715], [0.1111446203528131, -1.0883115049762505e-07, -0.9938042429807881, 0.4610030560878233], [0.0, 0.0, 0.0, 1.0]]","[[-0.9938164620563782, -0.0, -0.11103530855427755, 0.3], [0.0, 1.0, -0.0, -0.22], [0.11103530855427755, 0.0, -0.9938164620563782, 0.4610416666666667], [0.0, 0.0, 0.0, 1.0]]","[[-0.9938042377247068, 4.005056704231593e-08, -0.11114466735031793, 0.3000001083916069], [2.7865788685352845e-08, 0.9999999999999934, 1.1118327540017127e-07, -0.2200000261017387], [0.11114466735032165, 1.0739727644291557e-07, -0.9938042377247015, 0.4610030401271301], [0.0, 0.0, 0.0, 1.0]]"
3.8666666666666667,-104.36658825373713,16.370626430990534,12.260982715890256,-67.59916768737075,-1.5055045338820983,1.249610856297336,2.253979501577133,-104.38701051935547,-16.36716523262863,-12.265844956805658,-67.57028281737077,1.5118545820978004,1.2257367838272026,-2.2427436269490504,"[[-0.9945218953682732, -0.0, -0.10452846326765373, 0.3], [0.0, 0.9999999999999999, -0.0, 0.22], [0.10452846326765373, 0.0, -0.9945218953682732, 0.4633333333333335], [0.0, 0.0, 0.0, 1.0]]","[[-0.9945027215271075, -6.366728072716153e-08, -0.10471072951313412, 0.3000001283777814], [-4.3356207949625344e-08, 0.9999999999999801, -1.9624936261746766e-07, 0.220000050234104], [0.1047107295131445, -1.9063066505770334e-07, -0.9945027215270902, 0.46326897442411263], [0.0, 0.0, 0.0, 1.0]]","[[-0.9945218953682732, -0.0, -0.10452846326765373, 0.3], [0.0, 0.9999999999999999, -0.0, -0.22], [0.10452846326765373, 0.0, -0.9945218953682732, 0.4633333333333335], [0.0, 0.0, 0.0, 1.0]]","[[-0.9945149924726038, 3.288477584056146e-08, -0.1045941190852334, 0.30000005990701833], [2.536191193245745e-08, 0.9999999999999971, 7.325434979493335e-08, -0.22000001975075623], [0.10459411908523548, 7.019984229800095e-08, -0.9945149924726016, 0.463310145828346], [0.0, 0.0, 0.0, 1.0]]"
3.875,-104.89090089518399,16.430279595654135,12.168411454521781,-66.80588219640879,-1.5223079731790934,0.5876603514820528,2.180274503356702,-104.89198006507286,-16.425466019836566,-12.17554046446798,-66.80586853603045,1.5273058573825444,0.5878553320385155,-2.1728906419770952,"[[-0.9951847266721969, -0.0, -0.09801714032956083, 0.3], [0.0, 1.0, -0.0, 0.22], [0.09801714032956083, 0.0, -0.9951847266721969, 0.46562500000000007], [0.0, 0.0, 0.0, 1.0]]","[[-0.9951739435490504, -4.774853884309814e-08, -0.0981265615469592, 0.30000007536861734], [-3.567166245395159e-08, 0.9999999999999917, -1.2482889090112737e-07, 0.2200000351153046], [0.09812656154696434, -1.2072612204565906e-07, -0.9951739435490438, 0.4655863872769046], [0.0, 0.0, 0.0, 1.0]]","[[-0.9951847266721969, -0.0, -0.09801714032956083, 0.3], [0.0, 1.0, -0.0, -0.22], [0.09801714032956083, 0.0, -0.9951847266721969, 0.46562500000000007], [0.0, 0.0, 0.0, 1.0]]","[[-0.9951347054699007, 1.5853248624953995e-07, -0.09852369242628482, 0.3000003352675855], [1.0599054593250154e-07, 0.9999999999998495, 5.385264623540148e-07, -0.2200001448017953], [0.09852369242635535, 5.254637925548622e-07, -0.9951347054697675, 0.46544630760867], [0.0, 0.0, 0.0, 1.0]]"
3.8833333333333333,-105.42995991504891,16.491264647205885,12.072854546712364,-65.9871132696535,-1.5405253683559867,-0.09267511492841389,2.1044775462595435,-105.42097138610117,-16.48584489209948,-12.081088339756814,-66.00221481790841,1.5447308438940106,-0.07998324940856827,-2.09918777819078,"[[-0.9958049275746617, -0.0, -0.09150161866340259, 0.3], [0.0, 1.0, -0.0, 0.22], [0.09150161866340259, 0.0, -0.9958049275746617, 0.46791666666666687], [0.0, 0.0, 0.0, 1.0]]","[[-0.9957988943949132, -1.7679219653036676e-08, -0.0915672535455146, 0.30000001134410936], [-9.958849056605046e-09, 0.9999999999999964, -8.477057542372596e-08, 0.22000002160434518], [0.09156725354551577, -8.350254082757922e-08, -0.9957988943949097, 0.46789349376197775], [0.0, 0.0, 0.0, 1.0]]","[[-0.9958049275746617, -0.0, -0.09150161866340259, 0.3], [0.0, 1.0, -0.0, -0.22], [0.09150161866340259, 0.0, -0.9958049275746617, 0.46791666666666687], [0.0, 0.0, 0.0, 1.0]]","[[-0.9957269163493285, 2.571736768281398e-07, -0.09234667323402387, 0.30000060468548334], [1.8124564600715141e-07, 0.9999999999996387, 8.305930895120112e-07, -0.22000022345904974], [0.09234667323420412, 8.103064633139445e-07, -0.9957269163490152, 0.4676188158097312], [0.0, 0.0, 0.0, 1.0]]"
3.8916666666666666,-105.96435391571072,16.550646311849974,11.978877120148512,-65.17248343753526,-1.5602543697735685,-0.766647859920617,2.0281678980878106,-105.97494070892424,-16.547461736149458,-11.983677035587737,-65.1577575496847,1.565213513997821,-0.7785904990452371,-2.02006921472288,"[[-0.9963824715083255, -0.0, -0.08498217737244182, 0.3], [0.0, 1.0, -0.0, 0.22], [0.08498217737244182, 0.0, -0.9963824715083255, 0.47020833333333345], [0.0, 0.0, 0.0, 1.0]]","[[-0.996376859605608, -3.885217598645551e-08, -0.08504794907853622, 0.30000005780848765], [-3.348750518575333e-08, 0.9999999999999973, -6.450479750407657e-08, 0.22000001750504974], [0.08504794907853849, -6.142304393080229e-08, -0.9963768596056066, 0.4701851389405452], [0.0, 0.0, 0.0, 1.0]]","[[-0.9963824715083255, -0.0, -0.08498217737244182, 0.3], [0.0, 1.0, -0.0, -0.22], [0.08498217737244182, 0.0, -0.9963824715083255, 0.47020833333333345], [0.0, 0.0, 0.0, 1.0]]","[[-0.9963731182832397, 3.28736856196058e-08, -0.08509176906453578, 0.30000007927173716], [2.3101835418891145e-08, 0.999999999999993, 1.1582363292675278e-07, -0.22000002685042758], [0.085091769064539, 1.1343777826569079e-07, -0.9963731182832335, 0.470169694019159], [0.0, 0.0, 0.0, 1.0]]"
3.9,-106.51019531342145,16.610340457648594,11.883488405747405,-64.33736986809613,-1.582024743979338,-1.4544831275038088,1.9491609655241575,-106.50497704889555,-16.605716419580496,-11.890706208152817,-64.34667941593487,1.5861305414441618,-1.4466624541824384,-1.9436880630082733,"[[-0.996917333733128, -0.0, -0.07845909572784505, 0.3], [0.0, 0.9999999999999999, -0.0, 0.22], [0.07845909572784505, 0.0, -0.996917333733128, 0.47250000000000003], [0.0, 0.0, 0.0, 1.0]]","[[-0.9969154724249035, 6.733641920628679e-09, -0.07848274230575629, 0.29999999697443497], [8.401186499642594e-09, 0.9999999999999999, -2.091709386500163e-08, 0.21999999783179694], [0.07848274230575612, -2.1511922667298193e-08, -0.9969154724249033, 0.47249164842429825], [0.0, 0.0, 0.0, 1.0]]","[[-0.996917333733128, -0.0, -0.07845909572784505, 0.3], [0.0, 0.9999999999999999, -0.0, -0.22], [0.07845909572784505, 0.0, -0.996917333733128, 0.47250000000000003], [0.0, 0.0, 0.0, 1.0]]","[[-0.9968933228538013, 9.10753713446776e-08, -0.07876358834828669, 0.30000021074162053], [6.395541673310997e-08, 0.9999999999999376, 3.46843560787268e-07, -0.2200000939890183], [0.07876358834831339, 3.4072867170745426e-07, -0.9968933228537451, 0.4723927472171356], [0.0, 0.0, 0.0, 1.0]]"
3.908333333333333,-107.04932263517807,16.669006659977125,11.788878332911683,-63.50932554444798,-1.604463729671828,-2.1334629481063736,1.8710408903355482,-107.05633723945567,-16.66570084841884,-11.794069276680892,-63.499858902258346,1.6091801887371335,-2.141005824827595,-1.86366642046605,"[[-0.9974094913373518, -0.0, -0.07193265315671947, 0.3], [0.0, 0.9999999999999999, -0.0, 0.22], [0.07193265315671947, 0.0, -0.9974094913373518, 0.47479166666666683], [0.0, 0.0, 0.0, 1.0]]","[[-0.997404745625797, -1.1331085012294668e-08, -0.07199842639349313, 0.30000002212602506], [-5.378093240894269e-09, 0.9999999999999968, -8.28761070248603e-08, 0.22000001854767884], [0.07199842639349383, -8.227380819524524e-08, -0.9974047456257936, 0.4747684887568377], [0.0, 0.0, 0.0, 1.0]]","[[-0.9974094913373518, -0.0, -0.07193265315671947, 0.3], [0.0, 0.9999999999999999, -0.0, -0.22], [0.07193265315671947, 0.0, -0.9974094913373518, 0.47479166666666683], [0.0, 0.0, 0.0, 1.0]]","[[-0.9974015738279081, 4.3110606636634226e-08, -0.07204235230480943, 0.30000007789471816], [3.464116551161332e-08, 0.9999999999999925, 1.1881141248557345e-07, -0.2200000303638256], [0.07204235230481401, 1.1600705875179086e-07, -0.9974015738279018, 0.47475301847164575], [0.0, 0.0, 0.0, 1.0]]"
3.9166666666666665,-107.58995259855209,16.72716059811791,11.694233255356462,-62.6759126921122,-1.6283200863388017,-2.8137312198628375,1.7919635214460794,-107.60125656162846,-16.723970899775512,-11.699322600061768,-62.65990955888686,1.6336871209225508,-2.826528219603091,-1.7833041222389725,"[[-0.9978589232386036, -0.0, -0.06540312923014312, 0.3], [0.0, 1.0, -0.0, 0.22], [0.06540312923014312, 0.0, -0.9978589232386036, 0.4770833333333334], [0.0, 0.0, 0.0, 1.0]]","[[-0.9978469206912205, -4.526840432477264e-08, -0.06558599596748718, 0.30000011226747264], [-3.1612473760108554e-08, 0.9999999999999777, -2.0925190698664794e-07, 0.22000005216142282], [0.06558599596749518, -2.067280354588395e-07, -0.9978469206911994, 0.47701894524880795], [0.0, 0.0, 0.0, 1.0]]","[[-0.9978589232386036, -0.0, -0.06540312923014312, 0.3], [0.0, 1.0, -0.0, -0.22], [0.06540312923014312, 0.0, -0.9978589232386036, 0.4770833333333334], [0.0, 0.0, 0.0, 1.0]]","[[-0.9978030805552314, 1.9240708464697266e-07, -0.06624962214574166, 0.3000004961627142], [1.3209735677982892e-07, 0.999999999999573, 9.147212188691542e-07, -0.22000024792393286], [0.06624962214588938, 9.039602500637632e-07, -0.9978030805548306, 0.476785464784807], [0.0, 0.0, 0.0, 1.0]]"
3.925,-108.14680426120488,16.786764243910024,11.596338715303608,-61.81425017736924,-1.6538890062184501,-3.513740445867931,1.7103626111017023,-108.15829263938885,-16.78320742289974,-11.602134130814363,-61.79800115733378,1.6597945585295726,-3.5266488630690205,-1.7009176334183382,"[[-0.9982656101847157, -0.0, -0.058870803651189484, 0.3], [0.0, 0.9999999999999999, -0.0, 0.22], [0.058870803651189484, 0.0, -0.9982656101847157, 0.479375], [0.0, 0.0, 0.0, 1.0]]","[[-0.99824757646922, -6.316632024375622e-08, -0.05917580648647603, 0.3000002017313779], [-4.1762827641704375e-08, 0.9999999999999334, -3.629300560327324e-07, 0.22000009372122903], [0.059175806486495, -3.598226998556598e-07, -0.9982475764691561, 0.47926767294196665], [0.0, 0.0, 0.0, 1.0]]","[[-0.9982656101847157, -0.0, -0.058870803651189484, 0.3], [0.0, 0.9999999999999999, -0.0, -0.22], [0.058870803651189484, 0.0, -0.9982656101847157, 0.479375], [0.0, 0.0, 0.0, 1.0]]","[[-0.9982548034096544, 4.4089959803628805e-08, -0.05905376761520612, 0.30000011829538487], [3.154321054545389e-08, 0.999999999999977, 2.133953322636348e-07, -0.22000005340491355], [0.05905376761521416, 2.111601700319838e-07, -0.9982548034096325, 0.4793105973326415], [0.0, 0.0, 0.0, 1.0]]"
3.933333333333333,-108.72056747224264,16.84759732375274,11.495482434471906,-60.92308124541182,-1.6815900123362004,-4.234129035365639,1.6256443597314492,-108.72148271759141,-16.843280644197293,-11.502666939705113,-60.923060754844315,1.6866939779151984,-4.23391345751996,-1.6182145012966505,"[[-0.9986295347545738, -0.0, -0.05233595624294425, 0.3], [0.0, 0.9999999999999999, -0.0, 0.22], [0.05233595624294425, 0.0, -0.9986295347545738, 0.4816666666666668], [0.0, 0.0, 0.0, 1.0]]","[[-0.9986237705568736, -9.510187469019815e-09, -0.05244582803972888, 0.3000000659712653], [-2.4154936644934267e-09, 0.999999999999991, -1.353399944920339e-07, 0.22000002955001235], [0.052445828039729685, -1.350270530414223e-07, -0.9986237705568645, 0.4816280011019647], [0.0, 0.0, 0.0, 1.0]]","[[-0.9986295347545738, -0.0, -0.05233595624294425, 0.3], [0.0, 0.9999999999999999, -0.0, -0.22], [0.05233595624294425, 0.0, -0.9986295347545738, 0.4816666666666668], [0.0, 0.0, 0.0, 1.0]]","[[-0.9986027551664547, 9.089468221544903e-08, -0.0528444639859007, 0.3000002780225173], [5.879283585374436e-08, 0.9999999999998128, 6.090324684988895e-07, -0.22000016078806953], [0.052844463985946166, 6.05074625131916e-07, -0.9986027551662733, 0.48148778891135313], [0.0, 0.0, 0.0, 1.0]]"
3.9416666666666664,-109.29058773961522,16.90679798838383,11.396446399054014,-60.03454193628487,-1.7112294047960592,-4.948739711712338,1.5396535587414582,-109.29140736231562,-16.902921856029845,-11.403010210846396,-60.034528275906524,1.71591790277445,-4.948537367358177,-1.5328666985839925,"[[-0.9989506813588601, -0.0, -0.0457988669365207, 0.3], [0.0, 1.0, -0.0, 0.22], [0.0457988669365207, 0.0, -0.9989506813588601, 0.4839583333333336], [0.0, 0.0, 0.0, 1.0]]","[[-0.9989456409220839, -7.745275641225773e-09, -0.04590867546299959, 0.30000003558921123], [-1.4424388079724448e-09, 0.9999999999999908, -1.3732388525967862e-07, 0.22000002915512382], [0.04590867546300022, -1.3711287611952995e-07, -0.9989456409220746, 0.48391968196009283], [0.0, 0.0, 0.0, 1.0]]","[[-0.9989506813588601, -0.0, -0.0457988669365207, 0.3], [0.0, 1.0, -0.0, -0.22], [0.0457988669365207, 0.0, -0.9989506813588601, 0.4839583333333336], [0.0, 0.0, 0.0, 1.0]]","[[-0.9989422699151635, 1.9477294164558197e-08, -0.045981967952015125, 0.3000000926546081], [8.700114520391642e-09, 0.9999999999999725, 2.345785206125144e-07, -0.22000005662686678], [0.04598196795201843, 2.339303514669506e-07, -0.998942269915136, 0.4838939209214973], [0.0, 0.0, 0.0, 1.0]]"
3.9499999999999997,-109.87797717804715,16.967241747443854,11.294426424742472,-59.11548534194629,-1.743216247896287,-5.684020248034789,1.4502808536169585,-109.87880363093672,-16.963278530177956,-11.30126685919624,-59.11547168156795,1.748108157445897,-5.683807658396872,-1.4432012558205345,"[[-0.9992290362407229, -0.0, -0.039259815759068506, 0.3], [0.0, 0.9999999999999999, -0.0, 0.22], [0.039259815759068506, 0.0, -0.9992290362407229, 0.4862500000000002], [0.0, 0.0, 0.0, 1.0]]","[[-0.9992264455139441, -5.317350774083432e-09, -0.03932569879314161, 0.3000000024186755], [-1.2078914409122783e-09, 0.9999999999999944, -1.0452182234917494e-07, 0.22000002730922902], [0.039325698793141954, -1.0439346784962587e-07, -0.9992264455139386, 0.48622680707286003], [0.0, 0.0, 0.0, 1.0]]","[[-0.9992290362407229, -0.0, -0.039259815759068506, 0.3], [0.0, 0.9999999999999999, -0.0, -0.22], [0.039259815759068506, 0.0, -0.9992290362407229, 0.4862500000000002], [0.0, 0.0, 0.0, 1.0]]","[[-0.9992218239316989, 1.6945470844472805e-08, -0.039442953472187986, 0.30000008422672714], [6.854168449569578e-09, 0.9999999999999675, 2.559807330827185e-07, -0.22000006625262383], [0.039442953472191025, 2.555111863550403e-07, -0.9992218239316663, 0.4861855930893098], [0.0, 0.0, 0.0, 1.0]]"
3.9583333333333335,-110.42236374546468,17.023008534469717,11.199502163204928,-58.26039346918488,-1.773863733588957,-6.3647139125104975,1.3671397356147437,-110.45268295519035,-17.021282204156996,-11.20267905494263,-58.214262371530616,1.7814832364949296,-6.400992462287021,-1.3540347370316048,"[[-0.9994645874763657, -0.0, -0.032719082821776005, 0.3], [0.0, 1.0, -0.0, 0.22], [0.032719082821776005, 0.0, -0.9994645874763657, 0.48854166666666676], [0.0, 0.0, 0.0, 1.0]]","[[-0.9994545460545828, -1.0711851924733226e-08, -0.03302439054438091, 0.30000016782815564], [2.5541659533911262e-09, 0.9999999999999195, -4.0166145323411375e-07, 0.22000009705998827], [0.03302439054438255, -4.015267151836851e-07, -0.9994545460545022, 0.4884343184404537], [0.0, 0.0, 0.0, 1.0]]","[[-0.9994645874763657, -0.0, -0.032719082821776005, 0.3], [0.0, 1.0, -0.0, -0.22], [0.032719082821776005, 0.0, -0.9994645874763657, 0.48854166666666676], [0.0, 0.0, 0.0, 1.0]]","[[-0.9994364701390379, 7.210405681703567e-08, -0.03356698014440129, 0.30000041126867566], [3.776904853139713e-08, 0.9999999999994755, 1.0235145409110818e-06, -0.22000026680250348], [0.033566980144457484, 1.0216699670020232e-06, -0.9994364701385166, 0.48824363528039805], [0.0, 0.0, 0.0, 1.0]]"
3.966666666666667,-111.03232012891432,17.085164963464127,11.092737768741166,-57.29881894726298,-1.8094479519476658,-7.125944471923942,1.2735504558948192,-111.03318073274974,-17.08095927448269,-11.100283420226738,-57.29880528688464,1.814854473562554,-7.125700719547938,-1.2657256204269232,"[[-0.9996573249755573, -0.0, -0.026176948307872976, 0.3], [0.0, 0.9999999999999999, -0.0, 0.22], [0.026176948307872976, 0.0, -0.9996573249755573, 0.49083333333333357], [0.0, 0.0, 0.0, 1.0]]","[[-0.9996492814134798, 3.836117095831494e-10, -0.026482336934523787, 0.30000013371084056], [1.1353321066515865e-08, 0.9999999999999144, -4.140770341880396e-07, 0.22000010017990496], [0.02648233693452136, -4.1423247214970793e-07, -0.999649281413394, 0.49072595189831447], [0.0, 0.0, 0.0, 1.0]]","[[-0.9996573249755573, -0.0, -0.026176948307872976, 0.3], [0.0, 0.9999999999999999, -0.0, -0.22], [0.026176948307872976, 0.0, -0.9996573249755573, 0.49083333333333357], [0.0, 0.0, 0.0, 1.0]]","[[-0.9996438672835013, 2.0816083197842487e-08, -0.026685925175743926, 0.30000022872234794], [2.8741673484842604e-09, 0.999999999999774, 6.723746437949314e-07, -0.2200001698158285], [0.02668592517575189, 6.720584893717275e-07, -0.9996438672832753, 0.4906544014999261], [0.0, 0.0, 0.0, 1.0]]"
3.975,-111.63181949274468,17.14651543013647,10.986333666756122,-56.34980172813014,-1.8449403896394023,-7.873036966642284,1.1821527064031165,-111.63271424752595,-17.142171429824344,-10.994287422044602,-56.34977440737346,1.8506487202382405,-7.87278510341664,-1.1738905253849283,"[[-0.9998072404820648, -0.0, -0.019633692460628533, 0.3], [0.0, 1.0, -0.0, 0.22], [0.019633692460628533, 0.0, -0.9998072404820648, 0.49312500000000015], [0.0, 0.0, 0.0, 1.0]]","[[-0.9998050731145588, -1.0050497523763573e-08, -0.019743752794033165, 0.3000000536157535], [-6.7206962102983815e-09, 0.9999999999999859, -1.6871723388129266e-07, 0.22000004444182594], [0.01974375279403458, -1.6855165459179196e-07, -0.9998050731145446, 0.49308629302360196], [0.0, 0.0, 0.0, 1.0]]","[[-0.9998072404820648, -0.0, -0.019633692460628533, 0.3], [0.0, 1.0, -0.0, -0.22], [0.019633692460628533, 0.0, -0.9998072404820648, 0.49312500000000015], [0.0, 0.0, 0.0, 1.0]]","[[-0.9998011948919135, 7.211491268866497e-09, -0.019939174825006283, 0.30000011328411574], [-1.528494432506301e-09, 0.999999999999904, 4.383171272419238e-07, -0.2200001125089928], [0.019939174825007525, 4.3826046447577507e-07, -0.9998011948918174, 0.4930175865553264], [0.0, 0.0, 0.0, 1.0]]"
3.9833333333333334,-112.23988391379423,17.207944443984275,10.878840149598462,-55.38366122474808,-1.8827775032071574,-8.629198671917933,1.0880718665063627,-112.24079232895384,-17.203468962530625,-10.887205423784435,-55.38363731908599,1.8887895637806495,-8.628924610577487,-1.0793714861642358,"[[-0.9999143275740071, -0.0, -0.013089595571344636, 0.3], [0.0, 1.0, -0.0, 0.22], [0.013089595571344636, 0.0, -0.9999143275740071, 0.4954166666666667], [0.0, 0.0, 0.0, 1.0]]","[[-0.9999102806417857, -8.985177848393521e-09, -0.013395173267469614, 0.30000013490365113], [-3.030546366645136e-09, 0.9999999999999012, -4.445559054382766e-07, 0.22000011555209345], [0.013395173267472285, -4.4447542547407396e-07, -0.9999102806416869, 0.49530921068960687], [0.0, 0.0, 0.0, 1.0]]","[[-0.9999143275740071, -0.0, -0.013089595571344636, 0.3], [0.0, 1.0, -0.0, -0.22], [0.013089595571344636, 0.0, -0.9999143275740071, 0.4954166666666667], [0.0, 0.0, 0.0, 1.0]]","[[-0.9999028595704245, 6.233018889652073e-09, -0.013938128385398459, 0.3000003391062309], [-9.452457021617428e-09, 0.9999999999993667, 1.1252986959110685e-06, -0.2200002923938232], [0.013938128385396648, 1.1253211334718716e-06, -0.9999028595697912, 0.49511842050314114], [0.0, 0.0, 0.0, 1.0]]"
3.9916666666666667,-112.86872577029897,17.270155514492043,10.769089254920111,-54.38093481307685,-1.9245278882825065,-9.409193468528695,0.98829763704958,-112.87655999727697,-17.26660723121822,-10.77595701013056,-54.369757208500126,1.930844105717476,-9.417551912525498,-0.9787570367178358,"[[-0.9999785816641292, -0.0, -0.006544937967352018, 0.3], [0.0, 1.0, -0.0, 0.22], [0.006544937967352018, 0.0, -0.9999785816641292, 0.49770833333333353], [0.0, 0.0, 0.0, 1.0]]","[[-0.9999781476953056, 1.1394762007525824e-08, -0.006610910063348796, 0.30000000732651855], [1.207041744097281e-08, 0.9999999999999947, -1.0216319092763658e-07, 0.2200000204403868], [0.006610910063347597, -1.0224075487058921e-07, -0.9999781476953002, 0.49768510798232124], [0.0, 0.0, 0.0, 1.0]]","[[-0.9999785816641292, -0.0, -0.006544937967352018, 0.3], [0.0, 1.0, -0.0, -0.22], [0.006544937967352018, 0.0, -0.9999785816641292, 0.49770833333333353], [0.0, 0.0, 0.0, 1.0]]","[[-0.9999773649486519, -1.6167263439664213e-08, -0.006728268005237428, 0.3000000665953971], [-1.808189907636744e-08, 0.9999999999999594, 2.8450506883788563e-07, -0.22000006885060974], [0.006728268005232555, 2.846202889140731e-07, -0.9999773649486117, 0.49764385278658296], [0.0, 0.0, 0.0, 1.0]]"
