time,l_q0,l_q1,l_q2,l_q3,l_q4,l_q5,l_q6,r_q0,r_q1,r_q2,r_q3,r_q4,r_q5,r_q6,l_pose,l_real_pose,r_pose,r_real_pose
0.0,-30.27597462824042,-5.878281927087353,-12.70780003101415,-0.021420797253322337,-17.803786241514093,25.946759968118098,32.47447591828413,-30.27597462824042,5.878281927087353,12.70780003101415,-0.021420797253322337,17.803786241514093,25.946759968118098,-32.47447591828413,"[[1.0, 0.0, 0.0, 0.3], [0.0, 1.0, 0.0, 0.22], [0.0, 0.0, 1.0, -0.6], [0.0, 0.0, 0.0, 1.0]]","[[0.9999999999996859, 7.891706042165878e-07, -7.309656471049338e-08, 0.28866235049712013], [-7.89170461885517e-07, 0.9999999999977929, 1.947144538284208e-06, 0.21924369296075694], [7.309810133956383e-08, -1.9471444805979463e-06, 0.9999999999981016, -0.5794827561105702], [0.0, 0.0, 0.0, 1.0]]","[[1.0, 0.0, 0.0, 0.3], [0.0, 1.0, 0.0, -0.22], [0.0, 0.0, 1.0, -0.6], [0.0, 0.0, 0.0, 1.0]]","[[0.9999999999993416, 4.19347292326395e-07, -1.0682156982722774e-06, 0.2886625311596398], [-4.1934576074721226e-07, 0.9999999999988842, 1.4337731541325363e-06, -0.2192443823600927], [1.0682162995199757e-06, -1.4337727061798677e-06, 0.9999999999984016, -0.5794826931734645], [0.0, 0.0, 0.0, 1.0]]"
0.008333333333333333,-30.27597462824042,-5.878281927087353,-12.707803446108734,-0.021420797253322337,-17.803787949061384,25.946759968118098,32.47447933337871,-30.27597462824042,5.878281927087353,12.707803446108734,-0.021420797253322337,17.803787949061384,25.946759968118098,-32.47447933337871,"[[0.9999785816641292, -0.0, -0.006544937967351858, 0.3], [0.0, 1.0, -0.0, 0.22], [0.006544937967351858, 0.0, 0.9999785816641292, -0.5977083333333333], [0.0, 0.0, 0.0, 1.0]]","[[0.9999999999996835, 7.936450568691448e-07, -5.665421390413394e-08, 0.2886623488503952], [-7.936449470130634e-07, 0.9999999999978051, 1.9390365377149854e-06, 0.21924369376608752], [5.665575281077284e-08, -1.939036492751041e-06, 0.9999999999981185, -0.5794827561122904], [0.0, 0.0, 0.0, 1.0]]","[[0.9999785816641292, -0.0, -0.006544937967351858, 0.3], [0.0, 1.0, -0.0, -0.22], [0.006544937967351858, 0.0, 0.9999785816641292, -0.5977083333333333], [0.0, 0.0, 0.0, 1.0]]","[[0.9999999999993608, 4.1487280497213613e-07, -1.0517734116740288e-06, 0.28866252951292126], [-4.148712884397266e-07, 0.9999999999988745, 1.4418811037829673e-06, -0.21924438316541817], [1.0517740098701028e-06, -1.441880667431455e-06, 0.9999999999984074, -0.5794826931751835], [0.0, 0.0, 0.0, 1.0]]"
0.016666666666666666,-30.317181159503107,-5.859183010620704,-12.699152157751268,-0.021425604732662463,-17.611285897493744,25.66568402339373,32.38464527032012,-30.317181159503107,5.859183010620704,12.699152157751268,-0.021425604732662463,17.611285897493744,25.66568402339373,-32.38464527032012,"[[0.9999143275740071, -0.0, -0.01308959557134444, 0.3], [0.0, 1.0, -0.0, 0.22], [0.01308959557134444, 0.0, 0.9999143275740071, -0.5954166666666666], [0.0, 0.0, 0.0, 1.0]]","[[0.999978581432317, 7.975819420628383e-07, -0.006544973336462527, 0.28968977730970075], [-7.848165670382621e-07, 0.999999999997785, 1.9529773480296726e-06, 0.219311270017305], [0.0065449733380056885, -1.947798914546881e-06, 0.9999785814307279, -0.5792531796852853], [0.0, 0.0, 0.0, 1.0]]","[[0.9999143275740071, -0.0, -0.01308959557134444, 0.3], [0.0, 1.0, -0.0, -0.22], [0.01308959557134444, 0.0, 0.9999143275740071, -0.5954166666666666], [0.0, 0.0, 0.0, 1.0]]","[[0.9999785749186025, 4.2100207885540814e-07, -0.006545968498537137, 0.2896899579358905], [-4.11617885998049e-07, 0.9999999999988859, 1.4349307983534164e-06, -0.21931196010398193], [0.006545968499133953, -1.4322056171290842e-06, 0.9999785749176616, -0.579253115979255], [0.0, 0.0, 0.0, 1.0]]"
0.025,-30.35881457758892,-5.839926999803146,-12.69045049674867,-0.021430360518676347,-17.420044015827973,25.384690040939407,32.29621822623055,-30.35881457758892,5.839926999803146,12.69045049674867,-0.021430360518676347,17.420044015827973,25.384690040939407,-32.29621822623055,"[[0.9998072404820648, -0.0, -0.0196336924606283, 0.3], [0.0, 1.0, -0.0, 0.22], [0.0196336924606283, 0.0, 0.9998072404820648, -0.593125], [0.0, 0.0, 0.0, 1.0]]","[[0.9999143268994911, 7.8861060203358e-07, -0.013089647073773693, 0.29072078988231725], [-7.631496099606968e-07, 0.9999999999978074, 1.9501193057783786e-06, 0.2193791171539304], [0.013089647075282875, -1.939962873952216e-06, 0.9999143268979005, -0.579016720846893], [0.0, 0.0, 0.0, 1.0]]","[[0.9998072404820648, -0.0, -0.0196336924606283, 0.3], [0.0, 1.0, -0.0, -0.22], [0.0196336924606283, 0.0, 0.9998072404820648, -0.593125], [0.0, 0.0, 0.0, 1.0]]","[[0.9999785749186025, 4.2100207885540814e-07, -0.006545968498537137, 0.2896899579358905], [-4.11617885998049e-07, 0.9999999999988859, 1.4349307983534164e-06, -0.21931196010398193], [0.006545968499133953, -1.4322056171290842e-06, 0.9999785749176616, -0.579253115979255], [0.0, 0.0, 0.0, 1.0]]"
0.03333333333333333,-30.400881712687028,-5.820510479540093,-12.681699316874592,-0.021435064611363994,-17.230052058780313,25.10378997358617,32.20918454073166,-30.400881712687028,5.820510479540093,12.681699316874592,-0.021435064611363994,17.230052058780313,25.10378997358617,-32.20918454073166,"[[0.9996573249755573, -0.0, -0.02617694830787315, 0.3], [0.0, 0.9999999999999999, -0.0, 0.22], [0.02617694830787315, 0.0, 0.9996573249755573, -0.5908333333333333], [0.0, 0.0, 0.0, 1.0]]","[[0.9998072390829383, 7.844180347211801e-07, -0.019633763692607428, 0.29175541210632744], [-7.461247627665274e-07, 0.9999999999978054, 1.957703894588327e-06, 0.21944724457912512], [0.019633763694099998, -1.9426772885129096e-06, 0.9998072390813294, -0.578773332526422], [0.0, 0.0, 0.0, 1.0]]","[[0.9996573249755573, -0.0, -0.02617694830787315, 0.3], [0.0, 0.9999999999999999, -0.0, -0.22], [0.02617694830787315, 0.0, 0.9996573249755573, -0.5908333333333333], [0.0, 0.0, 0.0, 1.0]]","[[0.9998072195408673, 4.543426061382659e-07, -0.01963475881578117, 0.29175559264600837], [-4.260732163505448e-07, 0.9999999999988669, 1.4439458433628065e-06, -0.2194479360162358], [0.019634758816414962, -1.435301633979253e-06, 0.9998072195399278, -0.5787732672796091], [0.0, 0.0, 0.0, 1.0]]"
0.041666666666666664,-30.443389394986603,-5.800932169171074,-12.672896910581738,-0.021439715343198752,-17.041294658425134,24.82299748171236,32.12352713835053,-30.443389394986603,5.800932169171074,12.672896910581738,-0.021439715343198752,17.041294658425134,24.82299748171236,-32.12352713835053,"[[0.9994645874763657, -0.0, -0.03271908282177614, 0.3], [0.0, 1.0, -0.0, 0.22], [0.03271908282177614, 0.0, 0.9994645874763657, -0.5885416666666666], [0.0, 0.0, 0.0, 1.0]]","[[0.9996573231288364, 8.04266672500835e-07, -0.026177018818847618, 0.292793665697707], [-7.529750415367466e-07, 0.9999999999977774, 1.9692715373869466e-06, 0.2195156450103113], [0.02617701882037326, -1.948886071745613e-06, 0.9996573231272202, -0.5785229712220833], [0.0, 0.0, 0.0, 1.0]]","[[0.9994645874763657, -0.0, -0.03271908282177614, 0.3], [0.0, 1.0, -0.0, -0.22], [0.03271908282177614, 0.0, 0.9994645874763657, -0.5885416666666666], [0.0, 0.0, 0.0, 1.0]]","[[0.9996572970724166, 4.4460406252675323e-07, -0.02617801386034593, 0.2927938461872086], [-4.070700273869508e-07, 0.9999999999988816, 1.4391290122467785e-06, -0.2195163371104792], [0.026178013860956497, -1.4279795337020445e-06, 0.9996572970714795, -0.5785229052034501], [0.0, 0.0, 0.0, 1.0]]"
0.05,-30.486344454676814,-5.781188653601506,-12.664043277870109,-0.021444314381707272,-16.853758154384092,24.542322810601735,32.039232358708816,-30.486344454676814,5.781188653601506,12.664043277870109,-0.021444314381707272,16.853758154384092,24.542322810601735,-32.039232358708816,"[[0.9992290362407229, -0.0, -0.0392598157590686, 0.3], [0.0, 0.9999999999999999, -0.0, 0.22], [0.0392598157590686, 0.0, 0.9992290362407229, -0.5862499999999999], [0.0, 0.0, 0.0, 1.0]]","[[0.9994645851376639, 8.303812842943725e-07, -0.03271915425111329, 0.29383558143754335], [-7.659002483540608e-07, 0.9999999999977401, 1.983275906719465e-06, 0.21958433064234867], [0.032719154252686226, -1.957154422956032e-06, 0.9994645851360411, -0.5782655896271819], [0.0, 0.0, 0.0, 1.0]]","[[0.9992290362407229, -0.0, -0.0392598157590686, 0.3], [0.0, 0.9999999999999999, -0.0, -0.22], [0.0392598157590686, 0.0, 0.9992290362407229, -0.5862499999999999], [0.0, 0.0, 0.0, 1.0]]","[[0.9996572970724166, 4.4460406252675323e-07, -0.02617801386034593, 0.2927938461872086], [-4.070700273869508e-07, 0.9999999999988816, 1.4391290122467785e-06, -0.2195163371104792], [0.026178013860956497, -1.4279795337020445e-06, 0.9996572970714795, -0.5785229052034501], [0.0, 0.0, 0.0, 1.0]]"
0.058333333333333334,-30.537779194221596,-5.758392470359765,-12.653929475256612,-0.0214703561454446,-16.672747896095,24.268773734342723,31.958127277409503,-30.537779194221596,5.758392470359765,12.653929475256612,-0.0214703561454446,16.672747896095,24.268773734342723,-31.958127277409503,"[[0.9989506813588601, -0.0, -0.04579886693652077, 0.3], [0.0, 1.0, -0.0, 0.22], [0.04579886693652077, 0.0, 0.9989506813588601, -0.5839583333333334], [0.0, 0.0, 0.0, 1.0]]","[[0.9992290345855497, 7.891892346996122e-07, -0.03925985787808825, 0.2949519046943628], [-7.123699853485713e-07, 0.9999999999978045, 1.9706760582412945e-06, 0.21965853700512714], [0.0392598578795573, -1.941189190775904e-06, 0.999229034583918, -0.577957878793168], [0.0, 0.0, 0.0, 1.0]]","[[0.9989506813588601, -0.0, -0.04579886693652077, 0.3], [0.0, 1.0, -0.0, -0.22], [0.04579886693652077, 0.0, 0.9989506813588601, -0.5839583333333334], [0.0, 0.0, 0.0, 1.0]]","[[0.9994645525670958, 4.286139055428412e-07, -0.032720149169454024, 0.2938357618722347], [-3.8196987248135785e-07, 0.999999999998902, 1.4317953627306562e-06, -0.21958502339745506], [0.032720149170031784, -1.4185306003734105e-06, 0.9994645525661621, -0.578265522835786], [0.0, 0.0, 0.0, 1.0]]"
0.06666666666666667,-30.595781160653342,-5.733202732700758,-12.642836394270866,-0.021513294956755104,-16.49694224195346,24.00070076225077,31.879655234035226,-30.595781160653342,5.733202732700758,12.642836394270866,-0.021513294956755104,16.49694224195346,24.00070076225077,-31.879655234035226,"[[0.9986295347545738, -0.0, -0.05233595624294383, 0.3], [0.0, 0.9999999999999999, -0.0, 0.22], [0.05233595624294383, 0.0, 0.9986295347545738, -0.5816666666666667], [0.0, 0.0, 0.0, 1.0]]","[[0.9989506789541202, 8.158363157236823e-07, -0.04579891938066768, 0.2961257122143943], [-7.256361794907084e-07, 0.9999999999977645, 1.9861071565880124e-06, 0.21973724517456686], [0.04579891938218563, -1.9507897396650413e-06, 0.9989506789524789, -0.5776098958963558], [0.0, 0.0, 0.0, 1.0]]","[[0.9986295347545738, -0.0, -0.05233595624294383, 0.3], [0.0, 0.9999999999999999, -0.0, -0.22], [0.05233595624294383, 0.0, 0.9986295347545738, -0.5816666666666667], [0.0, 0.0, 0.0, 1.0]]","[[0.9989506333540686, 4.6426357195607895e-07, -0.04579991398779866, 0.29612589251664456], [-3.986565422262101e-07, 0.9999999999988816, 1.4416045983303298e-06, -0.2197379391633702], [0.04579991398841671, -1.421833391203587e-06, 0.9989506333531364, -0.5776098275059127], [0.0, 0.0, 0.0, 1.0]]"
0.075,-30.654046089368137,-5.707875537484704,-12.631714284981147,-0.021556408858364157,-16.322138918072614,23.73262266751694,31.802340907725267,-30.654046089368137,5.707875537484704,12.631714284981147,-0.021556408858364157,16.322138918072614,23.73262266751694,-31.802340907725267,"[[0.9982656101847157, -0.0, -0.058870803651189026, 0.3], [0.0, 0.9999999999999999, -0.0, 0.22], [0.058870803651189026, 0.0, 0.9982656101847157, -0.579375], [0.0, 0.0, 0.0, 1.0]]","[[0.9986295322149453, 8.081324608743393e-07, -0.05233600469568413, 0.29730140321681975], [-7.064688456201845e-07, 0.9999999999978277, 1.9610172508053564e-06, 0.21981643922687116], [0.0523360046971552, -1.9213559830154584e-06, 0.9986295322133468, -0.5772555468150297], [0.0, 0.0, 0.0, 1.0]]","[[0.9982656101847157, -0.0, -0.058870803651189026, 0.3], [0.0, 0.9999999999999999, -0.0, -0.22], [0.058870803651189026, 0.0, 0.9982656101847157, -0.579375], [0.0, 0.0, 0.0, 1.0]]","[[0.9989506333540686, 4.6426357195607895e-07, -0.04579991398779866, 0.29612589251664456], [-3.986565422262101e-07, 0.9999999999988816, 1.4416045983303298e-06, -0.2197379391633702], [0.04579991398841671, -1.421833391203587e-06, 0.9989506333531364, -0.5776098275059127], [0.0, 0.0, 0.0, 1.0]]"
0.08333333333333333,-30.712580810555146,-5.682410030937958,-12.620561439840163,-0.021599696182745105,-16.148329386716007,23.464544572783108,31.726170638101284,-30.712580810555146,5.682410030937958,12.620561439840163,-0.021599696182745105,16.148329386716007,23.464544572783108,-31.726170638101284,"[[0.9978589232386036, -0.0, -0.06540312923014306, 0.3], [0.0, 1.0, -0.0, 0.22], [0.06540312923014306, 0.0, 0.9978589232386036, -0.5770833333333333], [0.0, 0.0, 0.0, 1.0]]","[[0.9982656048684312, 8.31322453900654e-07, -0.05887089379289475, 0.29847900690669754], [-7.155169692505828e-07, 0.9999999999977677, 1.9881891755882437e-06, 0.21989609823800504], [0.05887089379441616, -1.9426177464577002e-06, 0.9982656048667975, -0.5768947903781958], [0.0, 0.0, 0.0, 1.0]]","[[0.9978589232386036, -0.0, -0.06540312923014306, 0.3], [0.0, 1.0, -0.0, -0.22], [0.06540312923014306, 0.0, 0.9978589232386036, -0.5770833333333333], [0.0, 0.0, 0.0, 1.0]]","[[0.9986294801005059, 4.826446858951514e-07, -0.052336999092042216, 0.297301583444345], [-4.0611708979197444e-07, 0.9999999999988329, 1.4728430936617994e-06, -0.21981713381444934], [0.05233699909269199, -1.4495695831333981e-06, 0.9986294800995363, -0.5772554776169108], [0.0, 0.0, 0.0, 1.0]]"
0.09166666666666666,-30.771381909119786,-5.656804078626403,-12.609377858847912,-0.021643160264951253,-15.975499987505296,23.19647501578574,31.651134179879524,-30.771381909119786,5.656804078626403,12.609377858847912,-0.021643160264951253,15.975499987505296,23.19647501578574,-31.651134179879524,"[[0.997409491337352, -0.0, -0.07193265315671939, 0.3], [0.0, 1.0, -0.0, 0.22], [0.07193265315671939, 0.0, 0.997409491337352, -0.5747916666666666], [0.0, 0.0, 0.0, 1.0]]","[[0.9978589189140317, 8.195504795828146e-07, -0.06540319520519208, 0.29965845591777235], [-6.908139144145429e-07, 0.9999999999977794, 1.9909677709781264e-06, 0.21997625804645698], [0.06540319520667856, -1.9415235102459952e-06, 0.997858918912382, -0.57652763334126], [0.0, 0.0, 0.0, 1.0]]","[[0.997409491337352, -0.0, -0.07193265315671939, 0.3], [0.0, 1.0, -0.0, -0.22], [0.07193265315671939, 0.0, 0.997409491337352, -0.5747916666666666], [0.0, 0.0, 0.0, 1.0]]","[[0.9978588537734784, 4.92597995356208e-07, -0.06540418905266934, 0.29965863598122033], [-3.982890180036356e-07, 0.9999999999988622, 1.4549797766522676e-06, -0.219976953810404], [0.06540418905331163, -1.4258146819627114e-06, 0.9978588537725392, -0.5765275625259878], [0.0, 0.0, 0.0, 1.0]]"
0.1,-26.597367929960367,-4.67366280751336,-12.978496649521034,-8.668231495477263,-16.362537779465946,27.082688728982916,32.898487231769344,-26.597367929960367,4.67366280751336,12.978496649521034,-8.668231495477263,16.362537779465946,27.082688728982916,-32.898487231769344,"[[0.996917333733128, -0.0, -0.07845909572784494, 0.3], [0.0, 0.9999999999999999, -0.0, 0.22], [0.07845909572784494, 0.0, 0.996917333733128, -0.5725], [0.0, 0.0, 0.0, 1.0]]","[[0.9974094860302766, 8.471926066434825e-07, -0.07193272673896095, 0.3000000925561471], [-7.04952930429868e-07, 0.9999999999977461, 2.0027861191580625e-06, 0.21999954099976182], [0.07193272674049556, -1.9468886872295735e-06, 0.9974094860286257, -0.5747916047682875], [0.0, 0.0, 0.0, 1.0]]","[[0.996917333733128, -0.0, -0.07845909572784494, 0.3], [0.0, 0.9999999999999999, -0.0, -0.22], [0.07845909572784494, 0.0, 0.996917333733128, -0.5725], [0.0, 0.0, 0.0, 1.0]]","[[0.9978588537734784, 4.92597995356208e-07, -0.06540418905266934, 0.29965863598122033], [-3.982890180036356e-07, 0.9999999999988622, 1.4549797766522676e-06, -0.219976953810404], [0.06540418905331163, -1.4258146819627114e-06, 0.9978588537725392, -0.5765275625259878], [0.0, 0.0, 0.0, 1.0]]"
0.10833333333333334,-24.322484634428413,-4.108936790521182,-13.143625864216201,-13.446573782210239,-16.536232905153955,29.1108229030117,33.57045148759896,-24.322484634428413,4.108936790521182,13.143625864216201,-13.446573782210239,16.536232905153955,29.1108229030117,-33.57045148759896,"[[0.9963824715083255, -0.0, -0.08498217737244167, 0.3], [0.0, 1.0, -0.0, 0.22], [0.08498217737244167, 0.0, 0.9963824715083255, -0.5702083333333333], [0.0, 0.0, 0.0, 1.0]]","[[0.9969173263205079, 8.544718673582299e-07, -0.07845918990940454, 0.3000000959739493], [-7.007073374521339e-07, 0.9999999999977798, 1.987333569852466e-06, 0.21999954125297727], [0.07845918991092846, -1.9262303389042403e-06, 0.9969173263188932, -0.572499925621839], [0.0, 0.0, 0.0, 1.0]]","[[0.9963824715083255, -0.0, -0.08498217737244167, 0.3], [0.0, 1.0, -0.0, -0.22], [0.08498217737244167, 0.0, 0.9963824715083255, -0.5702083333333333], [0.0, 0.0, 0.0, 1.0]]","[[0.9969172497766292, 4.7677719493179315e-07, -0.07846016248756255, 0.30000027256528405], [-3.635391160627346e-07, 0.9999999999988718, 1.4575394127930222e-06, -0.22000022937717983], [0.07846016248816895, -1.4245228447257958e-06, 0.9969172497756777, -0.5724998658718314], [0.0, 0.0, 0.0, 1.0]]"
0.11666666666666667,-22.685443677179972,-3.687711340443679,-13.244453970517576,-16.92370953676878,-16.62716492112163,30.5157074379187,34.03953863451168,-22.685443677179972,3.687711340443679,13.244453970517576,-16.92370953676878,16.62716492112163,30.5157074379187,-34.03953863451168,"[[0.9958049275746617, -0.0, -0.0915016186634024, 0.3], [0.0, 1.0, -0.0, 0.22], [0.0915016186634024, 0.0, 0.9958049275746617, -0.5679166666666666], [0.0, 0.0, 0.0, 1.0]]","[[0.9963824630874786, 8.523946814085081e-07, -0.08498227609921262, 0.3000000986427749], [-6.84834816675256e-07, 0.9999999999977638, 2.0008557991685024e-06, 0.21999953820313745], [0.0849822761007281, -1.935418807985328e-06, 0.9963824630858342, -0.5702082494047783], [0.0, 0.0, 0.0, 1.0]]","[[0.9958049275746617, -0.0, -0.0915016186634024, 0.3], [0.0, 1.0, -0.0, -0.22], [0.0915016186634024, 0.0, 0.9958049275746617, -0.5679166666666666], [0.0, 0.0, 0.0, 1.0]]","[[0.9963823807995994, 4.863109478326939e-07, -0.0849832408883405, 0.3000002732195122], [-3.6510924093411827e-07, 0.9999999999988941, 1.4417258252043739e-06, -0.2200002212530538], [0.08498324088894765, -1.4054820436045377e-06, 0.996382380798675, -0.5702081929226064], [0.0, 0.0, 0.0, 1.0]]"
0.125,-21.344122590236406,-3.3335205685318554,-13.31502519256944,-19.797523582882693,-16.677462434169602,31.63242629174286,34.4115722084131,-21.344122590236406,3.3335205685318554,13.31502519256944,-19.797523582882693,16.677462434169602,31.63242629174286,-34.4115722084131,"[[0.9951847266721969, -0.0, -0.0980171403295606, 0.3], [0.0, 1.0, -0.0, 0.22], [0.0980171403295606, 0.0, 0.9951847266721969, -0.5656249999999999], [0.0, 0.0, 0.0, 1.0]]","[[0.9958049173160204, 8.860784833826485e-07, -0.09150173030303181, 0.30000009024229335], [-7.054414081485009e-07, 0.9999999999977383, 2.0064807480689377e-06, 0.2199995439595228], [0.09150173030460275, -1.9335142859539804e-06, 0.9958049173143931, -0.5679165818218804], [0.0, 0.0, 0.0, 1.0]]","[[0.9951847266721969, -0.0, -0.0980171403295606, 0.3], [0.0, 1.0, -0.0, -0.22], [0.0980171403295606, 0.0, 0.9951847266721969, -0.5656249999999999], [0.0, 0.0, 0.0, 1.0]]","[[0.9958048293216282, 4.5980708657293235e-07, -0.09150268793599398, 0.30000026281749786], [-3.300084639443582e-07, 0.999999999998918, 1.4336525780684488e-06, -0.2200002218821691], [0.09150268793655417, -1.3974414993174263e-06, 0.9958048293207022, -0.5679165281298685], [0.0, 0.0, 0.0, 1.0]]"
0.13333333333333333,-20.18361710119059,-3.0206146616147618,-13.366842422707741,-22.30244935720797,-16.70155251137224,32.573445359357606,34.72246875905374,-20.18361710119059,3.0206146616147618,13.366842422707741,-22.30244935720797,16.70155251137224,32.573445359357606,-34.72246875905374,"[[0.9945218953682732, -0.0, -0.10452846326765346, 0.3], [0.0, 0.9999999999999999, -0.0, 0.22], [0.10452846326765346, 0.0, 0.9945218953682732, -0.5633333333333334], [0.0, 0.0, 0.0, 1.0]]","[[0.9951847163788151, 8.848513187964538e-07, -0.09801724483597078, 0.3000000921421293], [-6.930102388267299e-07, 0.9999999999977774, 1.99126307974396e-06, 0.2199995476674923], [0.09801724483751488, -1.9137476289976845e-06, 0.9951847163772164, -0.5656249078001311], [0.0, 0.0, 0.0, 1.0]]","[[0.9945218953682732, -0.0, -0.10452846326765346, 0.3], [0.0, 0.9999999999999999, -0.0, -0.22], [0.10452846326765346, 0.0, 0.9945218953682732, -0.5633333333333334], [0.0, 0.0, 0.0, 1.0]]","[[0.9958048293216282, 4.5980708657293235e-07, -0.09150268793599398, 0.30000026281749786], [-3.300084639443582e-07, 0.999999999998918, 1.4336525780684488e-06, -0.2200002218821691], [0.09150268793655417, -1.3974414993174263e-06, 0.9958048293207022, -0.5679165281298685], [0.0, 0.0, 0.0, 1.0]]"
0.14166666666666666,-19.148474611718473,-2.7365359949765304,-13.40548848680532,-24.551635773535047,-16.70652830418259,33.39298951258368,34.989730646181755,-19.148474611718473,2.7365359949765304,13.40548848680532,-24.551635773535047,16.70652830418259,33.39298951258368,-34.989730646181755,"[[0.9938164620563782, -0.0, -0.11103530855427768, 0.3], [0.0, 1.0000000000000002, -0.0, 0.22], [0.11103530855427768, 0.0, 0.9938164620563782, -0.5610416666666667], [0.0, 0.0, 0.0, 1.0]]","[[0.9945218820966628, 8.621684456323583e-07, -0.10452858953496105, 0.30000009207161393], [-6.569023381454601e-07, 0.999999999997788, 1.9981585600030707e-06, 0.21999954939388902], [0.10452858953645258, -1.9185473369532485e-06, 0.9945218820950292, -0.5633332357232873], [0.0, 0.0, 0.0, 1.0]]","[[0.9938164620563782, -0.0, -0.11103530855427768, 0.3], [0.0, 1.0000000000000002, -0.0, -0.22], [0.11103530855427768, 0.0, 0.9938164620563782, -0.5610416666666667], [0.0, 0.0, 0.0, 1.0]]","[[0.9945217828410579, 4.976010632224339e-07, -0.10452953388586514, 0.3000002606829138], [-3.4933687100088987e-07, 0.999999999998907, 1.4367033878286143e-06, -0.22000021700234962], [0.1045295338864658, -1.3923167943822314e-06, 0.9945217828401446, -0.5633331868062575], [0.0, 0.0, 0.0, 1.0]]"
0.15,-18.20689376104449,-2.4741220480553445,-13.434181257734897,-26.609986704451966,-16.696537444974155,34.12214294233381,35.223493870525445,-18.20689376104449,2.4741220480553445,13.434181257734897,-26.609986704451966,16.696537444974155,34.12214294233381,-35.223493870525445,"[[0.9930684569549264, -0.0, -0.11753739745783764, 0.3], [0.0, 1.0, -0.0, 0.22], [0.11753739745783764, 0.0, 0.9930684569549264, -0.55875], [0.0, 0.0, 0.0, 1.0]]","[[0.9945218820966628, 8.621684456323583e-07, -0.10452858953496105, 0.30000009207161393], [-6.569023381454601e-07, 0.999999999997788, 1.9981585600030707e-06, 0.21999954939388902], [0.10452858953645258, -1.9185473369532485e-06, 0.9945218820950292, -0.5633332357232873], [0.0, 0.0, 0.0, 1.0]]","[[0.9930684569549264, -0.0, -0.11753739745783764, 0.3], [0.0, 1.0, -0.0, -0.22], [0.11753739745783764, 0.0, 0.9930684569549264, -0.55875], [0.0, 0.0, 0.0, 1.0]]","[[0.9938163473629891, 4.971700165382528e-07, -0.11103633510630428, 0.3000002492398742], [-3.390264936698078e-07, 0.9999999999989012, 1.4431307083945598e-06, -0.22000021776819642], [0.11103633510689975, -1.3965626300230082e-06, 0.9938163473620656, -0.5610415225595385], [0.0, 0.0, 0.0, 1.0]]"
0.15833333333333333,-17.33862816092142,-2.2288012898623504,-13.454980037531232,-28.518836747268356,-16.67426932073262,34.78067563116059,35.43028126274216,-17.33862816092142,2.2288012898623504,13.454980037531232,-28.518836747268356,16.67426932073262,34.78067563116059,-35.43028126274216,"[[0.9922779121059669, -0.0, -0.12403445145048533, 0.3], [0.0, 0.9999999999999999, -0.0, 0.22], [0.12403445145048533, 0.0, 0.9922779121059669, -0.5564583333333333], [0.0, 0.0, 0.0, 1.0]]","[[0.9930684444512224, 8.755117114279151e-07, -0.11753750309778951, 0.3000000887925195], [-6.473375139918459e-07, 0.9999999999978314, 1.979463977362542e-06, 0.21999955461237775], [0.11753750309926767, -1.8896567777905171e-06, 0.9930684444496356, -0.5587498944309398], [0.0, 0.0, 0.0, 1.0]]","[[0.9922779121059669, -0.0, -0.12403445145048533, 0.3], [0.0, 0.9999999999999999, -0.0, -0.22], [0.12403445145048533, 0.0, 0.9922779121059669, -0.5564583333333333], [0.0, 0.0, 0.0, 1.0]]","[[0.9938163473629891, 4.971700165382528e-07, -0.11103633510630428, 0.3000002492398742], [-3.390264936698078e-07, 0.9999999999989012, 1.4431307083945598e-06, -0.22000021776819642], [0.11103633510689975, -1.3965626300230082e-06, 0.9938163473620656, -0.5610415225595385], [0.0, 0.0, 0.0, 1.0]]"
0.16666666666666666,-16.52984326318541,-1.9974420786630966,-13.469298675352517,-30.306427026654923,-16.641603941027036,35.382084032863965,35.61459733258954,-16.52984326318541,1.9974420786630966,13.469298675352517,-30.306427026654923,16.641603941027036,35.382084032863965,-35.61459733258954,"[[0.9914448613738104, -0.0, -0.13052619222005157, 0.3], [0.0, 0.9999999999999999, -0.0, 0.22], [0.13052619222005157, 0.0, 0.9914448613738104, -0.5541666666666667], [0.0, 0.0, 0.0, 1.0]]","[[0.9922778998229228, 8.607261983673413e-07, -0.12403454971204156, 0.30000007900394116], [-6.193364953588299e-07, 0.9999999999978387, 1.9847073419353333e-06, 0.21999956210699062], [0.12403454971348177, -1.8925621096966613e-06, 0.9922778998213112, -0.5564582298736565], [0.0, 0.0, 0.0, 1.0]]","[[0.9914448613738104, -0.0, -0.13052619222005157, 0.3], [0.0, 0.9999999999999999, -0.0, -0.22], [0.13052619222005157, 0.0, 0.9914448613738104, -0.5541666666666667], [0.0, 0.0, 0.0, 1.0]]","[[0.9922777840953267, 5.191604324682955e-07, -0.12403547553260295, 0.3000002417635401], [-3.4301955379438316e-07, 0.9999999999989024, 1.4414404343559938e-06, -0.2200002142281867], [0.12403547553321513, -1.3877627266363028e-06, 0.9922777840944156, -0.5564581869663293], [0.0, 0.0, 0.0, 1.0]]"
0.175,-15.770596019952206,-1.7777872503803063,-13.478159992026963,-31.993073940297872,-16.599919296522447,35.93607043115995,35.779713740680016,-15.770596019952206,1.7777872503803063,13.478159992026963,-31.993073940297872,16.599919296522447,35.93607043115995,-35.779713740680016,"[[0.9905693404435773, -0.0, -0.13701234168196805, 0.3], [0.0, 1.0, -0.0, 0.22], [0.13701234168196805, 0.0, 0.9905693404435773, -0.551875], [0.0, 0.0, 0.0, 1.0]]","[[0.9922778998229228, 8.607261983673413e-07, -0.12403454971204156, 0.30000007900394116], [-6.193364953588299e-07, 0.9999999999978387, 1.9847073419353333e-06, 0.21999956210699062], [0.12403454971348177, -1.8925621096966613e-06, 0.9922778998213112, -0.5564582298736565], [0.0, 0.0, 0.0, 1.0]]","[[0.9905693404435773, -0.0, -0.13701234168196805, 0.3], [0.0, 1.0, -0.0, -0.22], [0.13701234168196805, 0.0, 0.9905693404435773, -0.551875], [0.0, 0.0, 0.0, 1.0]]","[[0.9914447282983515, 4.950023670709203e-07, -0.13052720302359536, 0.30000024519608165], [-3.096039354119811e-07, 0.9999999999989143, 1.4406742279749741e-06, -0.22000021009919143], [0.1305272030241668, -1.3879371327866618e-06, 0.9914447282974284, -0.5541665145736072], [0.0, 0.0, 0.0, 1.0]]"
0.18333333333333332,-15.05344835521567,-1.56814483909052,-13.482331530062549,-33.59396782891131,-16.55026723635104,36.44987482656874,35.9281098456823,-15.05344835521567,1.56814483909052,13.482331530062549,-33.59396782891131,16.55026723635104,36.44987482656874,-35.9281098456823,"[[0.9896513868196701, -0.0, -0.1434926219911793, 0.3], [0.0, 1.0, -0.0, 0.22], [0.1434926219911793, 0.0, 0.9896513868196701, -0.5495833333333333], [0.0, 0.0, 0.0, 1.0]]","[[0.9905693263246408, 8.711744516884434e-07, -0.13701244375599103, 0.3000000836699616], [-6.046350475094948e-07, 0.9999999999978433, 1.9869839011678304e-06, 0.21999956440037172], [0.13701244375742655, -1.8854027789579287e-06, 0.990569326323031, -0.5518748865965704], [0.0, 0.0, 0.0, 1.0]]","[[0.9896513868196701, -0.0, -0.1434926219911793, 0.3], [0.0, 1.0, -0.0, -0.22], [0.1434926219911793, 0.0, 0.9896513868196701, -0.5495833333333333], [0.0, 0.0, 0.0, 1.0]]","[[0.990569199902723, 5.218115430295879e-07, -0.13701335775685197, 0.3000002425884254], [-3.2858928439946413e-07, 0.9999999999989195, 1.4328611582035382e-06, -0.2200002062296184], [0.1370133577574516, -1.3743270098748761e-06, 0.9905691999018241, -0.5518748472175043], [0.0, 0.0, 0.0, 1.0]]"
0.19166666666666665,-14.37266974026216,-1.3672072904545034,-13.482405808369773,-35.12082246692181,-16.49347762849697,36.92907748364225,36.06170834584775,-14.37266974026216,1.3672072904545034,13.482405808369773,-35.12082246692181,16.49347762849697,36.92907748364225,-36.06170834584775,"[[0.9886910398241674, -0.0, -0.149966755554045, 0.3], [0.0, 1.0, -0.0, 0.22], [0.149966755554045, 0.0, 0.9886910398241674, -0.5472916666666666], [0.0, 0.0, 0.0, 1.0]]","[[0.989651365014145, 9.040988873805371e-07, -0.14349277237834157, 0.30000008568724595], [-6.23809188167386e-07, 0.9999999999978089, 1.9983255466295353e-06, 0.21999956603627277], [0.14349277237983382, -1.8881334951193358e-06, 0.9896513650125404, -0.5495832156024135], [0.0, 0.0, 0.0, 1.0]]","[[0.9886910398241674, -0.0, -0.149966755554045, 0.3], [0.0, 1.0, -0.0, -0.22], [0.149966755554045, 0.0, 0.9886910398241674, -0.5472916666666666], [0.0, 0.0, 0.0, 1.0]]","[[0.9896512333311084, 4.95363880972511e-07, -0.1434936805785218, 0.30000024270256226], [-2.9490926306027477e-07, 0.9999999999989508, 1.4182266720258836e-06, -0.22000020273494392], [0.1434936805790738, -1.3612321595202706e-06, 0.9896512333302161, -0.5495831778822309], [0.0, 0.0, 0.0, 1.0]]"
0.2,-13.723734320992895,-1.17393855015253,-13.478856671322305,-36.58289276065474,-16.430226661688064,37.37808728948972,36.18206310921254,-13.723734320992895,1.17393855015253,13.478856671322305,-36.58289276065474,16.430226661688064,37.37808728948972,-36.18206310921254,"[[0.9876883405951378, -0.0, -0.15643446504023087, 0.3], [0.0, 1.0, -0.0, 0.22], [0.15643446504023087, 0.0, 0.9876883405951378, -0.5449999999999999], [0.0, 0.0, 0.0, 1.0]]","[[0.9886910204713923, 8.99289090613139e-07, -0.1499668831390057, 0.3000000837392174], [-6.057114081478605e-07, 0.99999999999781, 2.003293354438982e-06, 0.21999956550715274], [0.1499668831404788, -1.8898014989421626e-06, 0.9886910204697718, -0.5472915441612539], [0.0, 0.0, 0.0, 1.0]]","[[0.9876883405951378, -0.0, -0.15643446504023087, 0.3], [0.0, 1.0, -0.0, -0.22], [0.15643446504023087, 0.0, 0.9876883405951378, -0.5449999999999999], [0.0, 0.0, 0.0, 1.0]]","[[0.9886908835843382, 5.066073874213838e-07, -0.14996778559732096, 0.3000002388627888], [-2.9854807716892023e-07, 0.9999999999989616, 1.4098736229928699e-06, -0.22000019708699942], [0.14996778559787946, -1.3491566040317117e-06, 0.9886908835834628, -0.5472915080404706], [0.0, 0.0, 0.0, 1.0]]"
0.20833333333333334,-13.102991361296503,-0.9875012796810388,-13.472064048192726,-37.98764410687292,-16.361064166152516,37.8004456971958,36.29042747548938,-13.102991361296503,0.9875012796810388,13.472064048192726,-37.98764410687292,16.361064166152516,37.8004456971958,-36.29042747548938,"[[0.9866433320848791, -0.0, -0.16289547339458874, 0.3], [0.0, 1.0, -0.0, 0.22], [0.16289547339458874, 0.0, 0.9866433320848791, -0.5427083333333333], [0.0, 0.0, 0.0, 1.0]]","[[0.9876883167191101, 8.944357976758532e-07, -0.15643461578490603, 0.30000008393458477], [-5.867096178307474e-07, 0.9999999999978013, 2.0132984074878394e-06, 0.21999956867263382], [0.1564346157863628, -1.896729621502267e-06, 0.987688316717463, -0.5449998750425489], [0.0, 0.0, 0.0, 1.0]]","[[0.9866433320848791, -0.0, -0.16289547339458874, 0.3], [0.0, 1.0, -0.0, -0.22], [0.16289547339458874, 0.0, 0.9866433320848791, -0.5427083333333333], [0.0, 0.0, 0.0, 1.0]]","[[0.9886908835843382, 5.066073874213838e-07, -0.14996778559732096, 0.3000002388627888], [-2.9854807716892023e-07, 0.9999999999989616, 1.4098736229928699e-06, -0.22000019708699942], [0.14996778559787946, -1.3491566040317117e-06, 0.9886908835834628, -0.5472915080404706], [0.0, 0.0, 0.0, 1.0]]"
0.21666666666666667,-12.507447530769227,-0.8072066971509163,-13.462343835230152,-39.34120318526186,-16.286458009848467,38.199065782441494,36.387849878715855,-12.507447530769227,0.8072066971509163,13.462343835230152,-39.34120318526186,16.286458009848467,38.199065782441494,-36.387849878715855,"[[0.9855560590580776, -0.0, -0.1693495038490246, 0.3], [0.0, 1.0, -0.0, 0.22], [0.1693495038490246, 0.0, 0.9855560590580776, -0.5404166666666667], [0.0, 0.0, 0.0, 1.0]]","[[0.9866433085963118, 9.082985861180472e-07, -0.16289561566014693, 0.3000000791381603], [-5.920930156973806e-07, 0.9999999999978454, 1.989703484640528e-06, 0.21999957376641047], [0.16289561566160315, -1.8666782728912432e-06, 0.9866433085947236, -0.5427082080221562], [0.0, 0.0, 0.0, 1.0]]","[[0.9855560590580776, -0.0, -0.1693495038490246, 0.3], [0.0, 1.0, -0.0, -0.22], [0.1693495038490246, 0.0, 0.9855560590580776, -0.5404166666666667], [0.0, 0.0, 0.0, 1.0]]","[[0.9866431614713427, 5.103485214740262e-07, -0.16289650678137205, 0.300000230511915], [-2.8340382551333554e-07, 0.9999999999989567, 1.416421258226322e-06, -0.22000019514708763], [0.162896506781925, -1.3513368550070355e-06, 0.986643161470458, -0.5427081749450563], [0.0, 0.0, 0.0, 1.0]]"
0.225,-11.93461237168495,-0.6324797326505591,-13.44995814094398,-40.64866873203697,-16.206809466389657,38.57636201709842,36.47521824348407,-11.93461237168495,0.6324797326505591,13.44995814094398,-40.64866873203697,16.206809466389657,38.57636201709842,-36.47521824348407,"[[0.9844265680898915, -0.0, -0.17579627993435448, 0.3], [0.0, 0.9999999999999999, -0.0, 0.22], [0.17579627993435448, 0.0, 0.9844265680898915, -0.538125], [0.0, 0.0, 0.0, 1.0]]","[[0.9855560395907726, 8.918111500568097e-07, -0.16934961713968008, 0.30000007046190313], [-5.63766000533936e-07, 0.9999999999978707, 1.985172266645672e-06, 0.21999958140492218], [0.1693496171410899, -1.8610249606739549e-06, 0.9855560395891767, -0.540416545648023], [0.0, 0.0, 0.0, 1.0]]","[[0.9844265680898915, -0.0, -0.17579627993435448, 0.3], [0.0, 0.9999999999999999, -0.0, -0.22], [0.17579627993435448, 0.0, 0.9844265680898915, -0.538125], [0.0, 0.0, 0.0, 1.0]]","[[0.9866431614713427, 5.103485214740262e-07, -0.16289650678137205, 0.300000230511915], [-2.8340382551333554e-07, 0.9999999999989567, 1.416421258226322e-06, -0.22000019514708763], [0.162896506781925, -1.3513368550070355e-06, 0.986643161470458, -0.5427081749450563], [0.0, 0.0, 0.0, 1.0]]"
0.23333333333333334,-11.382387308421189,-0.46283464233610294,-13.435129800255883,-41.914343766375346,-16.122460045234583,38.93437321263381,36.553283890602735,-11.382387308421189,0.46283464233610294,13.435129800255883,-41.914343766375346,16.122460045234583,38.93437321263381,-36.553283890602735,"[[0.9832549075639546, -0.0, -0.18223552549214744, 0.3], [0.0, 1.0, -0.0, 0.22], [0.18223552549214744, 0.0, 0.9832549075639546, -0.5358333333333333], [0.0, 0.0, 0.0, 1.0]]","[[0.9844265507597931, 8.924357090765206e-07, -0.1757963769773999, 0.30000006920381356], [-5.572741077492e-07, 0.999999999997932, 1.9559008397516193e-06, 0.21999958615616583], [0.17579637697878184, -1.8274739481792468e-06, 0.9844265507582546, -0.5381248764134486], [0.0, 0.0, 0.0, 1.0]]","[[0.9832549075639546, -0.0, -0.18223552549214744, 0.3], [0.0, 1.0, -0.0, -0.22], [0.18223552549214744, 0.0, 0.9832549075639546, -0.5358333333333333], [0.0, 0.0, 0.0, 1.0]]","[[0.9844263936217436, 5.388211488178396e-07, -0.17579725692000392, 0.30000021687188705], [-2.8968766606251124e-07, 0.9999999999989173, 1.4428266338311453e-06, -0.22000019739292126], [0.175797256920591, -1.3694303227064465e-06, 0.9844263936208337, -0.5381248462029962], [0.0, 0.0, 0.0, 1.0]]"
0.24166666666666667,-10.848983685189044,-0.297856278772058,-13.418048350915328,-43.14189268476672,-16.033715397348608,39.274827406907676,36.62270251823216,-10.848983685189044,0.297856278772058,13.418048350915328,-43.14189268476672,16.033715397348608,39.274827406907676,-36.62270251823216,"[[0.9820411276703037, -0.0, -0.18866696468655522, 0.3], [0.0, 0.9999999999999999, -0.0, 0.22], [0.18866696468655522, 0.0, 0.9820411276703037, -0.5335416666666666], [0.0, 0.0, 0.0, 1.0]]","[[0.9832548872031748, 9.022696016403744e-07, -0.18223563534681733, 0.30000006863673145], [-5.496808715612547e-07, 0.9999999999978784, 1.9853043428373257e-06, 0.21999958528431024], [0.18223563534822193, -1.8518887548135301e-06, 0.9832548872015845, -0.5358332060952079], [0.0, 0.0, 0.0, 1.0]]","[[0.9820411276703037, -0.0, -0.18866696468655522, 0.3], [0.0, 0.9999999999999999, -0.0, -0.22], [0.18866696468655522, 0.0, 0.9820411276703037, -0.5335416666666666], [0.0, 0.0, 0.0, 1.0]]","[[0.9832547251420607, 5.352436023051034e-07, -0.182236509749074, 0.3000002144682729], [-2.831047895526587e-07, 0.9999999999989665, 1.4095939426202452e-06, -0.2200001914709481], [0.1822365097496401, -1.3343978758716603e-06, 0.983254725141196, -0.5358331772604239], [0.0, 0.0, 0.0, 1.0]]"
0.25,-10.332865563198908,-0.13718644389318208,-13.39887857123604,-44.33446761951304,-15.940838485014774,39.59921699625367,36.68404103207346,-10.332865563198908,0.13718644389318208,13.39887857123604,-44.33446761951304,15.940838485014774,39.59921699625367,-36.68404103207346,"[[0.9807852804032305, -0.0, -0.19509032201612828, 0.3], [0.0, 1.0, -0.0, 0.22], [0.19509032201612828, 0.0, 0.9807852804032305, -0.53125], [0.0, 0.0, 0.0, 1.0]]","[[0.9820411014140664, 9.272707408111907e-07, -0.1886671013520575, 0.3000000720421287], [-5.626929312220205e-07, 0.9999999999978697, 1.985948542108912e-06, 0.21999958664531394], [0.18866710135349707, -1.844121449359344e-06, 0.9820411014124961, -0.5335415359612177], [0.0, 0.0, 0.0, 1.0]]","[[0.9807852804032305, -0.0, -0.19509032201612828, 0.3], [0.0, 1.0, -0.0, -0.22], [0.19509032201612828, 0.0, 0.9807852804032305, -0.53125], [0.0, 0.0, 0.0, 1.0]]","[[0.9832547251420607, 5.352436023051034e-07, -0.182236509749074, 0.3000002144682729], [-2.831047895526587e-07, 0.9999999999989665, 1.4095939426202452e-06, -0.2200001914709481], [0.1822365097496401, -1.3343978758716603e-06, 0.983254725141196, -0.5358331772604239], [0.0, 0.0, 0.0, 1.0]]"
0.2583333333333333,-9.83269849424169,0.01948656138505278,-13.377762187643299,-45.494807476471486,-15.844071779948619,39.90883630151952,36.7378082812198,-9.83269849424169,-0.01948656138505278,13.377762187643299,-45.494807476471486,15.844071779948619,39.90883630151952,-36.7378082812198,"[[0.9794874195590513, -0.0, -0.2015053223256171, 0.3], [0.0, 1.0, -0.0, 0.22], [0.2015053223256171, 0.0, 0.9794874195590513, -0.5289583333333333], [0.0, 0.0, 0.0, 1.0]]","[[0.9807852588621632, 8.848894580234158e-07, -0.19509043030834827, 0.300000068798302], [-5.099878883930754e-07, 0.9999999999979258, 1.9719104329175686e-06, 0.2199995924446554], [0.19509043030968853, -1.8345269278034069e-06, 0.9807852588605801, -0.5312498667437954], [0.0, 0.0, 0.0, 1.0]]","[[0.9794874195590513, -0.0, -0.2015053223256171, 0.3], [0.0, 1.0, -0.0, -0.22], [0.2015053223256171, 0.0, 0.9794874195590513, -0.5289583333333333], [0.0, 0.0, 0.0, 1.0]]","[[0.9807850871202443, 5.650456776565283e-07, -0.19509129371198447, 0.300000210988956], [-2.9463870030260235e-07, 0.9999999999989554, 1.4150730617339475e-06, -0.22000018857645587], [0.19509129371258027, -1.330401110914588e-06, 0.9807850871193862, -0.531249840558429], [0.0, 0.0, 0.0, 1.0]]"
0.26666666666666666,-9.456117721900329,0.612679547855221,-14.407939129588813,-46.625306236946145,-16.117289592032883,39.87532739345144,38.09130930300079,-9.456117721900329,-0.612679547855221,14.407939129588813,-46.625306236946145,16.117289592032883,39.87532739345144,-38.09130930300079,"[[0.9781476007338056, -0.0, -0.2079116908177593, 0.3], [0.0, 0.9999999999999999, -0.0, 0.22], [0.2079116908177593, 0.0, 0.9781476007338056, -0.5266666666666666], [0.0, 0.0, 0.0, 1.0]]","[[0.9793357317694431, 3.825723424622307e-05, -0.20224124954121928, 0.30007364866267394], [-4.6214952592436384e-07, 0.9999999825287791, 0.00018692840416791127, 0.21998109377122047], [0.20224125315918143, -0.00018297219978667776, 0.9793357146769326, -0.5289430282802615], [0.0, 0.0, 0.0, 1.0]]","[[0.9781476007338056, -0.0, -0.2079116908177593, 0.3], [0.0, 0.9999999999999999, -0.0, -0.22], [0.2079116908177593, 0.0, 0.9781476007338056, -0.5266666666666666], [0.0, 0.0, 0.0, 1.0]]","[[0.9793355502839673, -3.6805060213800245e-05, -0.20224212863641003, 0.30007379194060574], [-3.2431788510938836e-07, 0.9999999831536177, -0.00018355560178555893, -0.21998168497624038], [0.20224213198513682, 0.00017982811702180453, 0.9793355337737699, -0.5289430054621039], [0.0, 0.0, 0.0, 1.0]]"
0.275,-9.105972342967856,1.2200068954437966,-15.42922316523497,-47.72807101429597,-16.34671564625361,39.79526050090597,39.418070134181185,-9.105972342967856,-1.2200068954437966,15.42922316523497,-47.72807101429597,16.34671564625361,39.79526050090597,-39.418070134181185,"[[0.9767658813208724, -0.0, -0.21430915306505074, 0.3], [0.0, 1.0, -0.0, 0.22], [0.21430915306505074, 0.0, 0.9767658813208724, -0.5243749999999999], [0.0, 0.0, 0.0, 1.0]]","[[0.9777050521869796, 0.0001178423181065252, -0.2099828970207907, 0.30020717543508174], [5.880785954472096e-08, 0.9999998423738363, 0.0005614733292359731, 0.219943636905497], [0.20998293008731084, -0.000548967659306969, 0.9777048980681526, -0.526622260000832], [0.0, 0.0, 0.0, 1.0]]","[[0.9767658813208724, -0.0, -0.21430915306505074, 0.3], [0.0, 1.0, -0.0, -0.22], [0.21430915306505074, 0.0, 0.9767658813208724, -0.5243749999999999], [0.0, 0.0, 0.0, 1.0]]","[[0.977704860234673, -0.00011638722993879763, -0.20998379158285405, 0.30020731980901844], [-8.26234415200462e-07, 0.999999844253679, -0.0005581146255715044, -0.2199442233523066], [0.20998382383606626, 0.0005458448778245544, 0.9777047078645748, -0.5266222405846994], [0.0, 0.0, 0.0, 1.0]]"
0.2833333333333333,-8.781508475314633,1.8406367301320596,-16.44206679461428,-48.80497328035354,-16.561361171110434,39.71905608033614,40.736590342127954,-8.781508475314633,-1.8406367301320596,16.44206679461428,-48.80497328035354,16.561361171110434,39.71905608033614,-40.736590342127954,"[[0.9753423205085128, -0.0, -0.22069743502150108, 0.3], [0.0, 1.0, -0.0, 0.22], [0.22069743502150108, 0.0, 0.9753423205085128, -0.5220833333333333], [0.0, 0.0, 0.0, 1.0]]","[[0.9760774988323816, 0.00019553009920309186, -0.21742280938554365, 0.3003114165237172], [8.740416234636738e-07, 0.9999995920858741, 0.0009032315991146677, 0.2199094563768176], [0.21742289730467257, -0.0008818140767155107, 0.9760771005056803, -0.5243059792892848], [0.0, 0.0, 0.0, 1.0]]","[[0.9753423205085128, -0.0, -0.22069743502150108, 0.3], [0.0, 1.0, -0.0, -0.22], [0.22069743502150108, 0.0, 0.9753423205085128, -0.5220833333333333], [0.0, 0.0, 0.0, 1.0]]","[[0.9760772964990406, -0.00019407238556626538, -0.21742371902585408, 0.30031156198752135], [-1.6234407682762285e-06, 0.999999595099746, -0.0008998876090384912, -0.21991003816664786], [0.21742380563427002, 0.0008787128391127328, 0.9760769009700301, -0.524305963313887], [0.0, 0.0, 0.0, 1.0]]"
0.2916666666666667,-8.482065298138457,2.473783953691429,-17.44692593285385,-49.857669355992584,-16.761265440191075,39.64695318836289,42.04679137966565,-8.482065298138457,-2.473783953691429,17.44692593285385,-49.857669355992584,16.761265440191075,39.64695318836289,-42.04679137966565,"[[0.9738769792773336, -0.0, -0.2270762630343732, 0.3], [0.0, 1.0, -0.0, 0.22], [0.2270762630343732, 0.0, 0.9738769792773336, -0.5197916666666667], [0.0, 0.0, 0.0, 1.0]]","[[0.974455006935875, 0.00026843586412292017, -0.22458265160023164, 0.3003885695650135], [1.912586836602144e-06, 0.9999992757158027, 0.0012035631318457263, 0.2198794313860816], [0.22458281201807537, -0.0011732476538136702, 0.9744543006401054, -0.5219943938517573], [0.0, 0.0, 0.0, 1.0]]","[[0.9738769792773336, -0.0, -0.2270762630343732, 0.3], [0.0, 1.0, -0.0, -0.22], [0.2270762630343732, 0.0, 0.9738769792773336, -0.5197916666666667], [0.0, 0.0, 0.0, 1.0]]","[[0.9760772964990406, -0.00019407238556626538, -0.21742371902585408, 0.30031156198752135], [-1.6234407682762285e-06, 0.999999595099746, -0.0008998876090384912, -0.21991003816664786], [0.21742380563427002, 0.0008787128391127328, 0.9760769009700301, -0.524305963313887], [0.0, 0.0, 0.0, 1.0]]"
0.3,-8.207052853849772,3.118703862058961,-18.44426161772265,-50.887658467735925,-16.946467727083263,39.57916356085052,43.34858786942964,-8.207052853849772,-3.118703862058961,18.44426161772265,-50.887658467735925,16.946467727083263,39.57916356085052,-43.34858786942964,"[[0.9723699203976766, -0.0, -0.23344536385590542, 0.3], [0.0, 1.0, -0.0, 0.22], [0.23344536385590542, 0.0, 0.9723699203976766, -0.5175], [0.0, 0.0, 0.0, 1.0]]","[[0.9728388383580963, 0.00033404932201349736, -0.23148322399932197, 0.30044073886245565], [2.784279108910794e-06, 0.9999989418002566, 0.0014547819818578056, 0.21985430744151604], [0.23148346501276845, -0.0014159129271994813, 0.9728378079702006, -0.519687609825111], [0.0, 0.0, 0.0, 1.0]]","[[0.9723699203976766, -0.0, -0.23344536385590542, 0.3], [0.0, 1.0, -0.0, -0.22], [0.23344536385590542, 0.0, 0.9723699203976766, -0.5175], [0.0, 0.0, 0.0, 1.0]]","[[0.9728386155283528, -0.0003325870384487665, -0.23148416257433158, 0.3004408864894814], [-3.5004906407175654e-06, 0.999998946612098, -0.0014514690630997248, -0.21985488024887515], [0.23148440147151228, 0.0014128554619727374, 0.9728375895877067, -0.519687600812883], [0.0, 0.0, 0.0, 1.0]]"
0.30833333333333335,-7.955952048071654,3.7746886768819143,-19.434536594536947,-51.896279332660875,-17.11699706009097,39.51589893366327,44.64191150952824,-7.955952048071654,-3.7746886768819143,19.434536594536947,-51.896279332660875,17.11699706009097,39.51589893366327,-44.64191150952824,"[[0.970821208426928, -0.0, -0.23980446465501654, 0.3], [0.0, 0.9999999999999999, -0.0, 0.22], [0.23980446465501654, 0.0, 0.970821208426928, -0.5152083333333333], [0.0, 0.0, 0.0, 1.0]]","[[0.971229738979628, 0.00038946997136315255, -0.2381441631338147, 0.30046992645299564], [3.456096632608696e-06, 0.9999986395173565, 0.0016495306882901087, 0.219834822434752], [0.238144481585484, -0.0016028963090671706, 0.9712284162923794, -0.5173856974827148], [0.0, 0.0, 0.0, 1.0]]","[[0.970821208426928, -0.0, -0.23980446465501654, 0.3], [0.0, 0.9999999999999999, -0.0, -0.22], [0.23980446465501654, 0.0, 0.970821208426928, -0.5152083333333333], [0.0, 0.0, 0.0, 1.0]]","[[0.9728386155283528, -0.0003325870384487665, -0.23148416257433158, 0.3004408864894814], [-3.5004906407175654e-06, 0.999998946612098, -0.0014514690630997248, -0.21985488024887515], [0.23148440147151228, 0.0014128554619727374, 0.9728375895877067, -0.519687600812883], [0.0, 0.0, 0.0, 1.0]]"
0.31666666666666665,-7.728298427940544,4.441062422875868,-20.418215316160307,-52.88473747915595,-17.272875637329,39.45735396719251,45.92669058297515,-7.728298427940544,-4.441062422875868,20.418215316160307,-52.88473747915595,17.272875637329,39.45735396719251,-45.92669058297515,"[[0.9692309097067545, -0.0, -0.24615329302899303, 0.3], [0.0, 1.0000000000000002, -0.0, 0.22], [0.24615329302899303, 0.0, 0.9692309097067545, -0.5129166666666667], [0.0, 0.0, 0.0, 1.0]]","[[0.9696279476119822, 0.00043185936622113397, -0.24458425277859383, 0.30047802173061633], [3.879150258903906e-06, 0.9999984138981438, 0.001781063207477014, 0.219821674170636], [0.2445846340118845, -0.0017279174415006408, 0.9696264080080472, -0.5150887031204658], [0.0, 0.0, 0.0, 1.0]]","[[0.9692309097067545, -0.0, -0.24615329302899303, 0.3], [0.0, 1.0000000000000002, -0.0, -0.22], [0.24615329302899303, 0.0, 0.9692309097067545, -0.5129166666666667], [0.0, 0.0, 0.0, 1.0]]","[[0.969627704645801, -0.00043039313012966805, -0.2445852185743634, 0.30047817150504874], [-4.565726528123925e-06, 0.9999984197316855, -0.0017777832506028774, -0.2198222384767832], [0.2445855972097902, 0.0017249046018606507, 0.969626170408805, -0.5150887011277541], [0.0, 0.0, 0.0, 1.0]]"
0.325,-7.523680474558948,5.117179006834022,-21.395772480740042,-53.85413598277211,-17.414122241817573,39.40370966145123,47.202860202973255,-7.523680474558948,-5.117179006834022,21.395772480740042,-53.85413598277211,17.414122241817573,39.40370966145123,-47.202860202973255,"[[0.9675990923602598, -0.0, -0.25249157701515795, 0.3], [0.0, 1.0, -0.0, 0.22], [0.25249157701515795, 0.0, 0.9675990923602598, -0.510625], [0.0, 0.0, 0.0, 1.0]]","[[0.9680331961323441, 0.0004585610048585987, -0.25082169146149125, 0.3004668748697566], [3.925832648242917e-06, 0.9999983009595262, 0.0018433834784254985, 0.21981544219607857], [0.250822110609066, -0.0017854410843030203, 0.9680315496045301, -0.5127965848747436], [0.0, 0.0, 0.0, 1.0]]","[[0.9675990923602598, -0.0, -0.25249157701515795, 0.3], [0.0, 1.0, -0.0, -0.22], [0.25249157701515795, 0.0, 0.9675990923602598, -0.510625], [0.0, 0.0, 0.0, 1.0]]","[[0.9680329432318528, -0.00045709292110016845, -0.25082267019537535, 0.3004670257152242], [-4.598828377393182e-06, 0.9999983069660647, -0.0018401206088604883, -0.21981600244450492], [0.2508230866501872, 0.0017824508593101956, 0.9680313022171375, -0.5127965863947006], [0.0, 0.0, 0.0, 1.0]]"
0.3333333333333333,-7.341732772806271,5.802417735315552,-22.367679371328883,-54.80547546622275,-17.540743703745854,39.35513677116869,48.470355482725445,-7.341732772806271,-5.802417735315552,22.367679371328883,-54.80547546622275,17.540743703745854,39.35513677116869,-48.470355482725445,"[[0.9659258262890682, -0.0, -0.25881904510252074, 0.3], [0.0, 1.0, -0.0, 0.22], [0.25881904510252074, 0.0, 0.9659258262890682, -0.5083333333333333], [0.0, 0.0, 0.0, 1.0]]","[[0.9680331961323441, 0.0004585610048585987, -0.25082169146149125, 0.3004668748697566], [3.925832648242917e-06, 0.9999983009595262, 0.0018433834784254985, 0.21981544219607857], [0.250822110609066, -0.0017854410843030203, 0.9680315496045301, -0.5127965848747436], [0.0, 0.0, 0.0, 1.0]]","[[0.9659258262890682, -0.0, -0.25881904510252074, 0.3], [0.0, 1.0, -0.0, -0.22], [0.25881904510252074, 0.0, 0.9659258262890682, -0.5083333333333333], [0.0, 0.0, 0.0, 1.0]]","[[0.9664445078509399, -0.0004653255557175083, -0.2568750605194706, 0.3004384326240646], [-4.328245937925058e-06, 0.999998329622927, -0.0018277671137643065, -0.2198172389659605], [0.2568754819480068, 0.001767547307165326, 0.9664428915101482, -0.5105092647566973], [0.0, 0.0, 0.0, 1.0]]"
0.3416666666666667,-7.182131742470583,6.496182247428549,-23.334419223810613,-55.73967117485666,-17.652745145755723,39.311788975601196,49.729114950529194,-7.182131742470583,-6.496182247428549,23.334419223810613,-55.73967117485666,17.652745145755723,39.311788975601196,-49.729114950529194,"[[0.9642111831703293, -0.0, -0.2651354262434081, 0.3], [0.0, 1.0, -0.0, 0.22], [0.2651354262434081, 0.0, 0.9642111831703293, -0.5060416666666666], [0.0, 0.0, 0.0, 1.0]]","[[0.9648615482892565, 0.0004540475581546092, -0.26275841846394526, 0.3003939674387022], [3.0544553893423936e-06, 0.9999984875557112, 0.0017392173413915619, 0.21982585552249864], [0.2627588107438628, -0.001678906520693959, 0.9648600876030503, -0.5082266067499711], [0.0, 0.0, 0.0, 1.0]]","[[0.9642111831703293, -0.0, -0.2651354262434081, 0.3], [0.0, 1.0, -0.0, -0.22], [0.2651354262434081, 0.0, 0.9642111831703293, -0.5060416666666666], [0.0, 0.0, 0.0, 1.0]]","[[0.9664445078509399, -0.0004653255557175083, -0.2568750605194706, 0.3004384326240646], [-4.328245937925058e-06, 0.999998329622927, -0.0018277671137643065, -0.2198172389659605], [0.2568754819480068, 0.001767547307165326, 0.9664428915101482, -0.5105092647566973], [0.0, 0.0, 0.0, 1.0]]"
0.35,-7.044591796267213,7.197897526622265,-24.296475274069003,-56.65755639175258,-17.750118030110716,39.273809708721345,50.97908054977655,-7.044591796267213,-7.197897526622265,24.296475274069003,-56.65755639175258,17.750118030110716,39.273809708721345,-50.97908054977655,"[[0.9624552364536474, -0.0, -0.2714404498650742, 0.3], [0.0, 1.0, -0.0, 0.22], [0.2714404498650742, 0.0, 0.9624552364536474, -0.5037499999999999], [0.0, 0.0, 0.0, 1.0]]","[[0.9632820247298632, 0.00041766032047681656, -0.2684912780560892, 0.30033561390980024], [2.2783778133356105e-06, 0.9999987773320885, 0.001563754820081584, 0.2198434023399353], [0.2684916028987583, -0.0015069486338402682, 0.9632808460042537, -0.5059484782734117], [0.0, 0.0, 0.0, 1.0]]","[[0.9624552364536474, -0.0, -0.2714404498650742, 0.3], [0.0, 1.0, -0.0, -0.22], [0.2714404498650742, 0.0, 0.9624552364536474, -0.5037499999999999], [0.0, 0.0, 0.0, 1.0]]","[[0.9632817425350987, -0.0004161867459310907, -0.2684922927890791, 0.3003357679785019], [-2.9151596580137063e-06, 0.9999987823443462, -0.0015605452018067334, -0.21984395123278327], [0.26849261533615015, 0.0015040273992016036, 0.9632805683763878, -0.5059484902644436], [0.0, 0.0, 0.0, 1.0]]"
0.35833333333333334,-6.92886149785734,7.907006912479343,-25.254335880629714,-57.55990292828672,-17.832855526621668,39.24132191393418,52.22018739367039,-6.92886149785734,-7.907006912479343,25.254335880629714,-57.55990292828672,17.832855526621668,39.24132191393418,-52.22018739367039,"[[0.9606580613579354, -0.0, -0.2777338458812922, 0.3], [0.0, 1.0, -0.0, 0.22], [0.2777338458812922, 0.0, 0.9606580613579354, -0.5014583333333333], [0.0, 0.0, 0.0, 1.0]]","[[0.9617043213827071, 0.0003554118782288631, -0.2740888029749182, 0.30026486253800444], [1.3084675510430157e-06, 0.9999991533165962, 0.001301293348486002, 0.21986964943285542], [0.2740890334035907, -0.001251818072930358, 0.9617035066585738, -0.5036746692586076], [0.0, 0.0, 0.0, 1.0]]","[[0.9606580613579354, -0.0, -0.2777338458812922, 0.3], [0.0, 1.0, -0.0, -0.22], [0.2777338458812922, 0.0, 0.9606580613579354, -0.5014583333333333], [0.0, 0.0, 0.0, 1.0]]","[[0.9632817425350987, -0.0004161867459310907, -0.2684922927890791, 0.3003357679785019], [-2.9151596580137063e-06, 0.9999987823443462, -0.0015605452018067334, -0.21984395123278327], [0.26849261533615015, 0.0015040273992016036, 0.9632805683763878, -0.5059484902644436], [0.0, 0.0, 0.0, 1.0]]"
0.36666666666666664,-6.834722708074347,8.622971246942175,-26.20849623220757,-58.44741770903817,-17.900938852268354,39.214441704455595,53.452387670886544,-6.834722708074347,-8.622971246942175,26.20849623220757,-58.44741770903817,17.900938852268354,39.214441704455595,-53.452387670886544,"[[0.958819734868193, -0.0, -0.2840153447039226, 0.3], [0.0, 1.0, -0.0, 0.22], [0.2840153447039226, 0.0, 0.958819734868193, -0.49916666666666665], [0.0, 0.0, 0.0, 1.0]]","[[0.9601262474227766, 0.0002648546943993725, -0.2795666626438999, 0.3001833015261935], [4.7164372524584027e-07, 0.9999995497038707, 0.0009489951704088082, 0.21990487981428405], [0.27956678810193963, -0.0009112870276491714, 0.9601258149567267, -0.5014049567715206], [0.0, 0.0, 0.0, 1.0]]","[[0.958819734868193, -0.0, -0.2840153447039226, 0.3], [0.0, 1.0, -0.0, -0.22], [0.2840153447039226, 0.0, 0.958819734868193, -0.49916666666666665], [0.0, 0.0, 0.0, 1.0]]","[[0.9601259460832713, -0.00026337714403687105, -0.2795676989392431, 0.3001834577732402], [-1.0877343890632995e-06, 0.9999995527093148, -0.000945822386646963, -0.21990542184653888], [0.2795678229992145, 0.0009084127092063605, 0.9601255163413946, -0.5014049756287361], [0.0, 0.0, 0.0, 1.0]]"
0.375,-6.761988023602881,9.345268020539253,-27.15945322506469,-59.320759847261854,-17.954344101388685,39.193257872744795,54.67561649462788,-6.761988023602881,-9.345268020539253,27.15945322506469,-59.320759847261854,17.954344101388685,39.193257872744795,-54.67561649462788,"[[0.9569403357322089, -0.0, -0.2902846772544624, 0.3], [0.0, 1.0, -0.0, 0.22], [0.2902846772544624, 0.0, 0.9569403357322089, -0.49687499999999996], [0.0, 0.0, 0.0, 1.0]]","[[0.958545236360754, 0.00014405124302684986, -0.2849403606008556, 0.3000925212331836], [-1.7464302019683752e-07, 0.9999998725070787, 0.0005049611824834291, 0.21994928014621645], [0.2849403970132627, -0.00048397837317143313, 0.9585451141781791, -0.4991390473636362], [0.0, 0.0, 0.0, 1.0]]","[[0.9569403357322089, -0.0, -0.2902846772544624, 0.3], [0.0, 1.0, -0.0, -0.22], [0.2902846772544624, 0.0, 0.9569403357322089, -0.49687499999999996], [0.0, 0.0, 0.0, 1.0]]","[[0.9601259460832713, -0.00026337714403687105, -0.2795676989392431, 0.3001834577732402], [-1.0877343890632995e-06, 0.9999995527093148, -0.000945822386646963, -0.21990542184653888], [0.2795678229992145, 0.0009084127092063605, 0.9601255163413946, -0.5014049756287361], [0.0, 0.0, 0.0, 1.0]]"
0.3833333333333333,-6.70498667988454,10.063225062692437,-28.086866555852776,-60.18053722979389,-17.986746518811223,39.180365890686396,55.863902070575435,-6.70498667988454,-10.063225062692437,28.086866555852776,-60.18053722979389,17.986746518811223,39.180365890686396,-55.863902070575435,"[[0.9550199444571866, -0.0, -0.296541574975571, 0.3], [0.0, 1.0, -0.0, 0.22], [0.296541574975571, 0.0, 0.9550199444571866, -0.49458333333333326], [0.0, 0.0, 0.0, 1.0]]","[[0.956940355099406, 1.0453007528595152e-06, -0.29028461340747985, 0.30000001154783607], [-4.746426800835531e-07, 0.9999999999978142, 2.0362636899497147e-06, 0.21999955806119012], [0.2902846134089739, -1.8108014316417624e-06, 0.9569403550978104, -0.49687483063918914], [0.0, 0.0, 0.0, 1.0]]","[[0.9550199444571866, -0.0, -0.296541574975571, 0.3], [0.0, 1.0, -0.0, -0.22], [0.296541574975571, 0.0, 0.9550199444571866, -0.49458333333333326], [0.0, 0.0, 0.0, 1.0]]","[[0.9569400349056328, 4.369036415794406e-07, -0.29028566894460267, 0.300000169962137], [-1.2311747072784351e-07, 0.9999999999993883, 1.0992192828653605e-06, -0.2200000938026295], [0.2902856689449053, -1.016147701565123e-06, 0.9569400349051013, -0.49687485618483035], [0.0, 0.0, 0.0, 1.0]]"
0.39166666666666666,-6.573817592629499,10.617313913825965,-28.666850361677117,-61.02730310195705,-17.903781918510372,39.21331472324254,56.61594004913969,-6.573817592629499,-10.617313913825965,28.666850361677117,-61.02730310195705,17.903781918510372,39.21331472324254,-56.61594004913969,"[[0.9530586433062971, -0.0, -0.30278576984257455, 0.3], [0.0, 1.0, -0.0, 0.22], [0.30278576984257455, 0.0, 0.9530586433062971, -0.4922916666666666], [0.0, 0.0, 0.0, 1.0]]","[[0.9550199784552785, 1.0739370117773676e-06, -0.29654146548185506, 0.30000000087651507], [-4.981048525256137e-07, 0.9999999999978412, 2.017380352779611e-06, 0.21999956505461965], [0.2965414654833814, -1.7789297981161175e-06, 0.9550199784537516, -0.49458317275545594], [0.0, 0.0, 0.0, 1.0]]","[[0.9530586433062971, -0.0, -0.30278576984257455, 0.3], [0.0, 1.0, -0.0, -0.22], [0.30278576984257455, 0.0, 0.9530586433062971, -0.4922916666666666], [0.0, 0.0, 0.0, 1.0]]","[[0.95501964949281, 4.1274679226940343e-07, -0.29654252491415145, 0.3000001594165124], [-8.91154512113414e-08, 0.9999999999993858, 1.1048661077656642e-06, -0.22000009756965233], [0.29654252491442534, -1.0287423220637748e-06, 0.9550196494922601, -0.49458320096192876], [0.0, 0.0, 0.0, 1.0]]"
0.4,-6.450209951672486,11.164676736174325,-29.22446017532779,-61.8615902185066,-17.807110836092594,39.25145449956789,57.33738219531687,-6.450209951672486,-11.164676736174325,29.22446017532779,-61.8615902185066,17.807110836092594,39.25145449956789,-57.33738219531687,"[[0.9510565162951536, -0.0, -0.30901699437494745, 0.3], [0.0, 1.0, -0.0, 0.22], [0.30901699437494745, 0.0, 0.9510565162951536, -0.49], [0.0, 0.0, 0.0, 1.0]]","[[0.9530586806626262, 1.049259933607131e-06, -0.30278565225669696, 0.30000000077742073], [-4.6438097610451495e-07, 0.9999999999978849, 2.0036537685067993e-06, 0.21999956726155087], [0.3027856522581589, -1.7689917203723821e-06, 0.9530586806610976, -0.4922915016425271], [0.0, 0.0, 0.0, 1.0]]","[[0.9510565162951536, -0.0, -0.30901699437494745, 0.3], [0.0, 1.0, -0.0, -0.22], [0.30901699437494745, 0.0, 0.9510565162951536, -0.49], [0.0, 0.0, 0.0, 1.0]]","[[0.9530583430086299, 4.4205366112882726e-07, -0.30278671506763544, 0.30000015939789115], [-1.1257354766217445e-07, 0.9999999999993826, 1.1056115928080292e-06, -0.22000009662787884], [0.3027867150679372, -1.0196265779526125e-06, 0.9530583430080912, -0.4922915324538618], [0.0, 0.0, 0.0, 1.0]]"
0.4083333333333333,-6.334147535314221,11.706198893008677,-29.762378553601312,-62.6838835228736,-17.697860252770948,39.2942285592451,58.031466018773564,-6.334147535314221,-11.706198893008677,29.762378553601312,-62.6838835228736,17.697860252770948,39.2942285592451,-58.031466018773564,"[[0.9490136491882138, -0.0, -0.31523498164776964, 0.3], [0.0, 0.9999999999999999, -0.0, 0.22], [0.31523498164776964, 0.0, 0.9490136491882138, -0.4877083333333333], [0.0, 0.0, 0.0, 1.0]]","[[0.9510565573800169, 1.0772481385741252e-06, -0.3090168679268335, 0.29999999535979927], [-4.81126038590031e-07, 0.9999999999978736, 2.00529527336752e-06, 0.21999956522924624], [0.30901686792833666, -1.7584731576961977e-06, 0.9510565573785129, -0.48999983614250797], [0.0, 0.0, 0.0, 1.0]]","[[0.9490136491882138, -0.0, -0.31523498164776964, 0.3], [0.0, 0.9999999999999999, -0.0, -0.22], [0.31523498164776964, 0.0, 0.9490136491882138, -0.4877083333333333], [0.0, 0.0, 0.0, 1.0]]","[[0.9530583430086299, 4.4205366112882726e-07, -0.30278671506763544, 0.30000015939789115], [-1.1257354766217445e-07, 0.9999999999993826, 1.1056115928080292e-06, -0.22000009662787884], [0.3027867150679372, -1.0196265779526125e-06, 0.9530583430080912, -0.4922915324538618], [0.0, 0.0, 0.0, 1.0]]"
0.4166666666666667,-6.225652114782684,12.242704275897655,-30.283033628747628,-63.49464063773245,-17.577012008238622,39.34114171355933,58.70111825556913,-6.225652114782684,-12.242704275897655,30.283033628747628,-63.49464063773245,17.577012008238622,39.34114171355933,-58.70111825556913,"[[0.9469301294951056, -0.0, -0.3214394653031616, 0.3], [0.0, 1.0, -0.0, 0.22], [0.3214394653031616, 0.0, 0.9469301294951056, -0.4854166666666666], [0.0, 0.0, 0.0, 1.0]]","[[0.949013687296432, 1.0404476498205265e-06, -0.31523486692139174, 0.30000000026375123], [-4.260910179257734e-07, 0.9999999999978735, 2.0178016727169377e-06, 0.2199995684456233], [0.3152348669228208, -1.7806026603257778e-06, 0.9490136872948571, -0.4877081603471363], [0.0, 0.0, 0.0, 1.0]]","[[0.9469301294951056, -0.0, -0.3214394653031616, 0.3], [0.0, 1.0, -0.0, -0.22], [0.3214394653031616, 0.0, 0.9469301294951056, -0.4854166666666666], [0.0, 0.0, 0.0, 1.0]]","[[0.9510562111049615, 4.188322161879083e-07, -0.30901793365191577, 0.30000015402295876], [-8.58266490197961e-08, 0.999999999999401, 1.0912190259445945e-06, -0.22000009152316735], [0.30901793365218766, -1.0112886585681468e-06, 0.9510562111044277, -0.4899998695071609], [0.0, 0.0, 0.0, 1.0]]"
0.425,-6.124780466025351,12.774962988670177,-30.788652042436162,-64.2942850348117,-17.445419876141862,39.391746585119954,59.348982188912345,-6.124780466025351,-12.774962988670177,30.788652042436162,-64.2942850348117,17.445419876141862,39.391746585119954,-59.348982188912345,"[[0.944806046466878, -0.0, -0.3276301795616935, 0.3], [0.0, 1.0, -0.0, 0.22], [0.3276301795616935, 0.0, 0.944806046466878, -0.48312499999999997], [0.0, 0.0, 0.0, 1.0]]","[[0.9469301680758709, 1.0758447344917488e-06, -0.32143935164606935, 0.2999999979007094], [-4.4660894280189295e-07, 0.9999999999978373, 2.031292216942919e-06, 0.21999957070939954], [0.3214393516475595, -1.7799341913873896e-06, 0.9469301680743034, -0.4854164945676572], [0.0, 0.0, 0.0, 1.0]]","[[0.944806046466878, -0.0, -0.3276301795616935, 0.3], [0.0, 1.0, -0.0, -0.22], [0.3276301795616935, 0.0, 0.944806046466878, -0.48312499999999997], [0.0, 0.0, 0.0, 1.0]]","[[0.9469298047449988, 4.3013480457937716e-07, -0.3214404219842518, 0.30000015656260437], [-1.0110011126557625e-07, 0.999999999999454, 1.0403174992568783e-06, -0.2200000910834422], [0.3214404219845237, -9.526099840162592e-07, 0.946929804744525, -0.4854165328999722], [0.0, 0.0, 0.0, 1.0]]"
0.43333333333333335,-6.031624369709193,13.303703300246497,-31.281282851417917,-65.08321969527236,-17.303833469742084,39.445643607860525,59.97748936614775,-6.031624369709193,-13.303703300246497,31.281282851417917,-65.08321969527236,17.303833469742084,39.445643607860525,-59.97748936614775,"[[0.9426414910921784, -0.0, -0.33380685923377096, 0.3], [0.0, 1.0, -0.0, 0.22], [0.33380685923377096, 0.0, 0.9426414910921784, -0.4808333333333333], [0.0, 0.0, 0.0, 1.0]]","[[0.9448060830375064, 1.0649752243130522e-06, -0.3276300740991135, 0.2999999952094655], [-4.1308482633301235e-07, 0.9999999999977944, 2.0593047492235905e-06, 0.2199995596251282], [0.327630074100584, -1.8103046416337706e-06, 0.9448060830358623, -0.48312482444761407], [0.0, 0.0, 0.0, 1.0]]","[[0.9426414910921784, -0.0, -0.33380685923377096, 0.3], [0.0, 1.0, -0.0, -0.22], [0.33380685923377096, 0.0, 0.9426414910921784, -0.4808333333333333], [0.0, 0.0, 0.0, 1.0]]","[[0.9469298047449988, 4.3013480457937716e-07, -0.3214404219842518, 0.30000015656260437], [-1.0110011126557625e-07, 0.999999999999454, 1.0403174992568783e-06, -0.2200000910834422], [0.3214404219845237, -9.526099840162592e-07, 0.946929804744525, -0.4854165328999722], [0.0, 0.0, 0.0, 1.0]]"
0.44166666666666665,-5.946309757447033,13.829620182374663,-31.762831678471326,-65.86181344932963,-17.152910194746898,39.50247078175503,60.58886642894476,-5.946309757447033,-13.829620182374663,31.762831678471326,-65.86181344932963,17.152910194746898,39.50247078175503,-60.58886642894476,"[[0.940436556093355, -0.0, -0.33996923973099424, 0.3], [0.0, 1.0, -0.0, 0.22], [0.33996923973099424, 0.0, 0.940436556093355, -0.47854166666666664], [0.0, 0.0, 0.0, 1.0]]","[[0.9448060830375064, 1.0649752243130522e-06, -0.3276300740991135, 0.2999999952094655], [-4.1308482633301235e-07, 0.9999999999977944, 2.0593047492235905e-06, 0.2199995596251282], [0.327630074100584, -1.8103046416337706e-06, 0.9448060830358623, -0.48312482444761407], [0.0, 0.0, 0.0, 1.0]]","[[0.940436556093355, -0.0, -0.33996923973099424, 0.3], [0.0, 1.0, -0.0, -0.22], [0.33996923973099424, 0.0, 0.940436556093355, -0.47854166666666664], [0.0, 0.0, 0.0, 1.0]]","[[0.9426411677264258, 4.6622439391432776e-07, -0.3338077723887551, 0.3000001404571781], [-1.1895265405484603e-07, 0.9999999999994302, 1.0607743572227643e-06, -0.22000008998525836], [0.3338077723890595, -9.60222258316937e-07, 0.9426411677259442, -0.48083321602883083], [0.0, 0.0, 0.0, 1.0]]"
0.45,-5.868996711797544,14.353377870951459,-32.235081202969766,-66.6304282970095,-16.99322890968846,39.56189684262873,61.18518975481106,-5.868996711797544,-14.353377870951459,32.235081202969766,-66.6304282970095,16.99322890968846,39.56189684262873,-61.18518975481106,"[[0.938191335922484, -0.0, -0.34611705707749296, 0.3], [0.0, 1.0, -0.0, 0.22], [0.34611705707749296, 0.0, 0.938191335922484, -0.47624999999999995], [0.0, 0.0, 0.0, 1.0]]","[[0.9404366105261646, 1.0042319943850528e-06, -0.33996908915525054, 0.2999999846608123], [-3.453685475295884e-07, 0.9999999999979434, 1.9985192472944075e-06, 0.2199995681466361], [0.33996908915655827, -1.7620660364703484e-06, 0.9404366105245773, -0.47854149662963286], [0.0, 0.0, 0.0, 1.0]]","[[0.938191335922484, -0.0, -0.34611705707749296, 0.3], [0.0, 1.0, -0.0, -0.22], [0.34611705707749296, 0.0, 0.938191335922484, -0.47624999999999995], [0.0, 0.0, 0.0, 1.0]]","[[0.9404362219940732, 5.173759839932622e-07, -0.33997016392802304, 0.30000014319350266], [-1.7529588181991204e-07, 0.9999999999994472, 1.0369186021799633e-06, -0.22000008019682954], [0.33997016392837154, -9.15560443071277e-07, 0.9404362219936439, -0.4785415421163439], [0.0, 0.0, 0.0, 1.0]]"
0.4583333333333333,-5.799880320038892,14.875620965079802,-32.69972531182739,-67.38939208739215,-16.82529675611265,39.62362126215813,61.768385457092606,-5.799880320038892,-14.875620965079802,32.69972531182739,-67.38939208739215,16.82529675611265,39.62362126215813,-61.768385457092606,"[[0.9359059267573256, -0.0, -0.35225004792123343, 0.3], [0.0, 0.9999999999999999, -0.0, 0.22], [0.35225004792123343, 0.0, 0.9359059267573256, -0.4739583333333333], [0.0, 0.0, 0.0, 1.0]]","[[0.9381913823422633, 1.145321556569435e-06, -0.3461169312492551, 0.29999998202386796], [-4.5764783301350806e-07, 0.9999999999977559, 2.068550362161809e-06, 0.21999954792896093], [0.34611693125084747, -1.7822964601656696e-06, 0.938191382340682, -0.4762498207783606], [0.0, 0.0, 0.0, 1.0]]","[[0.9359059267573256, -0.0, -0.35225004792123343, 0.3], [0.0, 0.9999999999999999, -0.0, -0.22], [0.35225004792123343, 0.0, 0.9359059267573256, -0.4739583333333333], [0.0, 0.0, 0.0, 1.0]]","[[0.938190985491389, 3.816760855339287e-07, -0.34611800696084927, 0.30000014050135626], [-5.4475492370104006e-08, 0.9999999999995425, 9.55072151733814e-07, -0.2200000573531534], [0.34611800696105544, -8.771851344031771e-07, 0.9381909854909806, -0.47624986858224394], [0.0, 0.0, 0.0, 1.0]]"
0.4666666666666667,-5.73919152794239,15.396974427068754,-33.15836909949916,-68.13901217899021,-16.6495611114101,39.6873810780602,62.34029085667611,-5.73919152794239,-15.396974427068754,33.15836909949916,-68.13901217899021,16.6495611114101,39.6873810780602,-62.34029085667611,"[[0.9335804264972019, -0.0, -0.3583679495453003, 0.3], [0.0, 1.0, -0.0, 0.22], [0.3583679495453003, 0.0, 0.9335804264972019, -0.4716666666666666], [0.0, 0.0, 0.0, 1.0]]","[[0.9359059924388552, 1.0966628069541957e-06, -0.3522498734078401, 0.2999999740510054], [-4.115086983386498e-07, 0.9999999999978755, 2.0199562979322672e-06, 0.21999955611029146], [0.3522498734093068, -1.7455353168033996e-06, 0.9359059924373179, -0.47395815894771715], [0.0, 0.0, 0.0, 1.0]]","[[0.9335804264972019, -0.0, -0.3583679495453003, 0.3], [0.0, 1.0, -0.0, -0.22], [0.3583679495453003, 0.0, 0.9335804264972019, -0.4716666666666666], [0.0, 0.0, 0.0, 1.0]]","[[0.9359055873018047, 4.358058908566799e-07, -0.35225094983132976, 0.30000013247572466], [-9.230923709609271e-08, 0.9999999999995037, 9.919438407929768e-07, -0.2200000629837918], [0.3522509498315872, -8.958497664424548e-07, 0.9359055873013805, -0.473958209039087], [0.0, 0.0, 0.0, 1.0]]"
0.475,-5.687198847319784,15.918052973943611,-33.61256301892667,-68.87958910012719,-16.466413003910795,39.75292015824106,62.90262716123243,-5.687198847319784,-15.918052973943611,33.61256301892667,-68.87958910012719,16.466413003910795,39.75292015824106,-62.90262716123243,"[[0.9312149347588037, -0.0, -0.36447049987914965, 0.3], [0.0, 1.0, -0.0, 0.22], [0.36447049987914965, 0.0, 0.9312149347588037, -0.469375], [0.0, 0.0, 0.0, 1.0]]","[[0.9335804876759924, 1.1108800674883183e-06, -0.3583677901673395, 0.2999999747400515], [-4.0177079513892383e-07, 0.9999999999978116, 2.0531831063348097e-06, 0.21999955830359083], [0.3583677901688361, -1.7728299736924496e-06, 0.9335804876743956, -0.47166648884411255], [0.0, 0.0, 0.0, 1.0]]","[[0.9312149347588037, -0.0, -0.36447049987914965, 0.3], [0.0, 1.0, -0.0, -0.22], [0.36447049987914965, 0.0, 0.9312149347588037, -0.469375], [0.0, 0.0, 0.0, 1.0]]","[[0.9359055873018047, 4.358058908566799e-07, -0.35225094983132976, 0.30000013247572466], [-9.230923709609271e-08, 0.9999999999995037, 9.919438407929768e-07, -0.2200000629837918], [0.3522509498315872, -8.958497664424548e-07, 0.9359055873013805, -0.473958209039087], [0.0, 0.0, 0.0, 1.0]]"
0.48333333333333334,-5.644211344231016,16.439461077445923,-34.063813126821906,-69.61139605836986,-16.276195650620522,39.820023351741845,63.45705410672988,-5.644211344231016,-16.439461077445923,34.063813126821906,-69.61139605836986,16.276195650620522,39.820023351741845,-63.45705410672988,"[[0.9288095528719243, -0.0, -0.3705574375098362, 0.3], [0.0, 1.0, -0.0, 0.22], [0.3705574375098362, 0.0, 0.9288095528719243, -0.4670833333333333], [0.0, 0.0, 0.0, 1.0]]","[[0.9335804876759924, 1.1108800674883183e-06, -0.3583677901673395, 0.2999999747400515], [-4.0177079513892383e-07, 0.9999999999978116, 2.0531831063348097e-06, 0.21999955830359083], [0.3583677901688361, -1.7728299736924496e-06, 0.9335804876743956, -0.47166648884411255], [0.0, 0.0, 0.0, 1.0]]","[[0.9288095528719243, -0.0, -0.3705574375098362, 0.3], [0.0, 1.0, -0.0, -0.22], [0.3705574375098362, 0.0, 0.9288095528719243, -0.4670833333333333], [0.0, 0.0, 0.0, 1.0]]","[[0.931214593098689, 4.991197958699775e-07, -0.36447137281245284, 0.30000012495797984], [-1.3787391185081628e-07, 0.9999999999994732, 1.0171706882927117e-06, -0.22000008038544133], [0.3644713728127685, -8.969530946831208e-07, 0.9312145930982673, -0.4693748923932312], [0.0, 0.0, 0.0, 1.0]]"
0.49166666666666664,-5.610579919644696,16.96180320931723,-34.513594744045584,-70.33470626128505,-16.079212994957356,39.8884789226983,64.00516995743423,-5.610579919644696,-16.96180320931723,34.513594744045584,-70.33470626128505,16.079212994957356,39.8884789226983,-64.00516995743423,"[[0.9263643838751181, -0.0, -0.3766285016932107, 0.3], [0.0, 1.0, -0.0, 0.22], [0.3766285016932107, 0.0, 0.9263643838751181, -0.4647916666666666], [0.0, 0.0, 0.0, 1.0]]","[[0.9288096350541872, 1.042995961734577e-06, -0.37055723151683295, 0.2999999646525], [-3.2947046269724484e-07, 0.999999999997968, 1.988844256248221e-06, 0.21999957978810716], [0.37055723151815434, -1.7251700453018653e-06, 0.9288096350526435, -0.4670831677645202], [0.0, 0.0, 0.0, 1.0]]","[[0.9263643838751181, -0.0, -0.3766285016932107, 0.3], [0.0, 1.0, -0.0, -0.22], [0.3766285016932107, 0.0, 0.9263643838751181, -0.4647916666666666], [0.0, 0.0, 0.0, 1.0]]","[[0.931214593098689, 4.991197958699775e-07, -0.36447137281245284, 0.30000012495797984], [-1.3787391185081628e-07, 0.9999999999994732, 1.0171706882927117e-06, -0.22000008038544133], [0.3644713728127685, -8.969530946831208e-07, 0.9312145930982673, -0.4693748923932312], [0.0, 0.0, 0.0, 1.0]]"
0.5,-5.586702005193154,17.485678718657212,-34.96336611598551,-71.04976559568286,-15.875722876562458,39.95810245600283,64.54852516628708,-5.586702005193154,-17.485678718657212,34.96336611598551,-71.04976559568286,15.875722876562458,39.95810245600283,-64.54852516628708,"[[0.9238795325112867, -0.0, -0.3826834323650897, 0.3], [0.0, 1.0, -0.0, 0.22], [0.3826834323650897, 0.0, 0.9238795325112867, -0.46249999999999997], [0.0, 0.0, 0.0, 1.0]]","[[0.9263644579538876, 1.0510995544580956e-06, -0.37662831948579667, 0.2999999676833596], [-3.0882765112404337e-07, 0.9999999999978894, 2.031213680016514e-06, 0.21999956743058177], [0.3766283194871368, -1.7653309204234246e-06, 0.926364457952257, -0.4647914926841359], [0.0, 0.0, 0.0, 1.0]]","[[0.9238795325112867, -0.0, -0.3826834323650897, 0.3], [0.0, 1.0, -0.0, -0.22], [0.3826834323650897, 0.0, 0.9238795325112867, -0.46249999999999997], [0.0, 0.0, 0.0, 1.0]]","[[0.9263640199056925, 5.040049225118202e-07, -0.3766293969194546, 0.30000012602163795], [-1.6416313936591557e-07, 0.9999999999995501, 9.344201479936753e-07, -0.2200000648784191], [0.376629396919756, -8.037845404005039e-07, 0.9263640199053583, -0.4647915516712603], [0.0, 0.0, 0.0, 1.0]]"
0.5083333333333333,-5.573024551380204,18.01169719984928,-35.414588903124056,-71.75680628799506,-15.665952399225734,40.02872319692617,65.08864286547335,-5.573024551380204,-18.01169719984928,35.414588903124056,-71.75680628799506,15.665952399225734,40.02872319692617,-65.08864286547335,"[[0.9213551052231925, -0.0, -0.38872197015239557, 0.3], [0.0, 1.0, -0.0, 0.22], [0.38872197015239557, 0.0, 0.9213551052231925, -0.46020833333333333], [0.0, 0.0, 0.0, 1.0]]","[[0.9238796253399981, 1.099949661530566e-06, -0.3826832082550982, 0.29999995826470877], [-3.6928976737080873e-07, 0.9999999999979662, 1.982763688711661e-06, 0.21999958522219837], [0.3826832082565009, -1.6905139809114418e-06, 0.9238796253385253, -0.4624998371434537], [0.0, 0.0, 0.0, 1.0]]","[[0.9213551052231925, -0.0, -0.38872197015239557, 0.3], [0.0, 1.0, -0.0, -0.22], [0.38872197015239557, 0.0, 0.9213551052231925, -0.46020833333333333], [0.0, 0.0, 0.0, 1.0]]","[[0.9263640199056925, 5.040049225118202e-07, -0.3766293969194546, 0.30000012602163795], [-1.6416313936591557e-07, 0.9999999999995501, 9.344201479936753e-07, -0.2200000648784191], [0.376629396919756, -8.037845404005039e-07, 0.9263640199053583, -0.4647915516712603], [0.0, 0.0, 0.0, 1.0]]"
0.5166666666666666,-5.570050430883486,18.540469954824157,-35.86873159613279,-72.45606056465346,-15.45009110069665,40.10018405111743,65.62703935698877,-5.570050430883486,-18.540469954824157,35.86873159613279,-72.45606056465346,15.45009110069665,40.10018405111743,-65.62703935698877,"[[0.9187912101488983, -0.0, -0.3947438563842673, 0.3], [0.0, 1.0, -0.0, 0.22], [0.3947438563842673, 0.0, 0.9187912101488983, -0.45791666666666664], [0.0, 0.0, 0.0, 1.0]]","[[0.9213551958910392, 1.0476844795563866e-06, -0.38872175524851604, 0.2999999597255094], [-3.074113385217746e-07, 0.999999999998019, 1.96657232380197e-06, 0.2199995858951424], [0.38872175524980634, -1.69241415353698e-06, 0.9213551958895361, -0.460208164724183], [0.0, 0.0, 0.0, 1.0]]","[[0.9187912101488983, -0.0, -0.3947438563842673, 0.3], [0.0, 1.0, -0.0, -0.22], [0.3947438563842673, 0.0, 0.9187912101488983, -0.45791666666666664], [0.0, 0.0, 0.0, 1.0]]","[[0.9213547414621851, 5.191682594686141e-07, -0.38872283234314986, 0.3000001181668314], [-1.516635131143526e-07, 0.9999999999995122, 9.761000151868906e-07, -0.22000007912130368], [0.38872283234346694, -8.40379306752829e-07, 0.9213547414618143, -0.4602082280319689], [0.0, 0.0, 0.0, 1.0]]"
0.525,-5.578342280535882,19.072621945890898,-36.32729342153452,-73.14774016152231,-15.228302905515289,40.172338169509445,66.16521045226159,-5.578342280535882,-19.072621945890898,36.32729342153452,-73.14774016152231,15.228302905515289,40.172338169509445,-66.16521045226159,"[[0.9161879571171359, -0.0, -0.4007488331031409, 0.3], [0.0, 1.0, -0.0, 0.22], [0.4007488331031409, 0.0, 0.9161879571171359, -0.45562499999999995], [0.0, 0.0, 0.0, 1.0]]","[[0.9187912983574453, 1.0804259142184911e-06, -0.3947436510717716, 0.29999996133398216], [-3.091086003094108e-07, 0.999999999997917, 2.0175615740548053e-06, 0.21999957067333395], [0.3947436510731292, -1.7316993606780838e-06, 0.9187912983558655, -0.45791648815692076], [0.0, 0.0, 0.0, 1.0]]","[[0.9161879571171359, -0.0, -0.4007488331031409, 0.3], [0.0, 1.0, -0.0, -0.22], [0.4007488331031409, 0.0, 0.9161879571171359, -0.45562499999999995], [0.0, 0.0, 0.0, 1.0]]","[[0.9187908357402412, 4.924093622126193e-07, -0.3947447278425726, 0.30000011988229763], [-1.4340701396461597e-07, 0.9999999999995725, 9.136241387489189e-07, -0.2200000619197432], [0.3947447278428537, -7.82820323295399e-07, 0.9187908357399189, -0.4579165535986252], [0.0, 0.0, 0.0, 1.0]]"
0.5333333333333333,-5.598530612175147,19.608795210831484,-36.791818002081676,-73.83204315408754,-15.000715879728586,40.24505577850799,66.70467245328754,-5.598530612175147,-19.608795210831484,36.791818002081676,-73.83204315408754,15.000715879728586,40.24505577850799,-66.70467245328754,"[[0.9135454576426011, -0.0, -0.4067366430758002, 0.3], [0.0, 1.0000000000000002, -0.0, 0.22], [0.4067366430758002, 0.0, 0.9135454576426011, -0.4533333333333333], [0.0, 0.0, 0.0, 1.0]]","[[0.9161880642332676, 1.099463593808757e-06, -0.4007485882137192, 0.2999999490873661], [-3.346019121146593e-07, 0.9999999999979866, 1.9785604715208815e-06, 0.21999957729893946], [0.4007485882150877, -1.6786422444776167e-06, 0.9161880642317909, -0.45562483361294775], [0.0, 0.0, 0.0, 1.0]]","[[0.9135454576426011, -0.0, -0.4067366430758002, 0.3], [0.0, 1.0000000000000002, -0.0, -0.22], [0.4067366430758002, 0.0, 0.9135454576426011, -0.4533333333333333], [0.0, 0.0, 0.0, 1.0]]","[[0.9161875934224446, 4.794291701138381e-07, -0.400749664576977, 0.30000010778750813], [-1.1163340224624077e-07, 0.999999999999551, 9.411162760727288e-07, -0.22000006665705765], [0.40074966457724825, -8.175020075999986e-07, 0.9161875934220867, -0.4556249011725843], [0.0, 0.0, 0.0, 1.0]]"
0.5416666666666666,-5.631321496606732,20.149648862900822,-37.26389677185086,-74.50917444802427,-14.76743589126868,40.31821393470799,67.24696215262988,-5.631321496606732,-20.149648862900822,37.26389677185086,-74.50917444802427,14.76743589126868,40.31821393470799,-67.24696215262988,"[[0.9108638249211759, -0.0, -0.4127070298043947, 0.3], [0.0, 1.0, -0.0, 0.22], [0.4127070298043947, 0.0, 0.9108638249211759, -0.4510416666666667], [0.0, 0.0, 0.0, 1.0]]","[[0.9135455471327211, 1.1502522707809594e-06, -0.40673644207601356, 0.2999999574772081], [-3.5725199860320074e-07, 0.9999999999978847, 2.0256023631546986e-06, 0.2199995657274934], [0.40673644207748316, -1.705172612285081e-06, 0.9135455471311995, -0.45333314032625294], [0.0, 0.0, 0.0, 1.0]]","[[0.9108638249211759, -0.0, -0.4127070298043947, 0.3], [0.0, 1.0, -0.0, -0.22], [0.4127070298043947, 0.0, 0.9108638249211759, -0.4510416666666667], [0.0, 0.0, 0.0, 1.0]]","[[0.9135450681177052, 4.347763206694831e-07, -0.4067375179616807, 0.30000011638033774], [-8.299386422047526e-08, 0.9999999999996072, 8.825290745873228e-07, -0.22000005329217925], [0.4067375179619046, -7.724733652206463e-07, 0.9135450681173823, -0.45333320998896937], [0.0, 0.0, 0.0, 1.0]]"
0.55,-5.677505528227066,20.695860798374035,-37.74520654228332,-75.17930479806172,-14.528536364669142,40.39169993998816,67.79365049379768,-5.677505528227066,-20.695860798374035,37.74520654228332,-75.17930479806172,14.528536364669142,40.39169993998816,-67.79365049379768,"[[0.9081431738250813, -0.0, -0.41865973753742813, 0.3], [0.0, 0.9999999999999999, -0.0, 0.22], [0.41865973753742813, 0.0, 0.9081431738250813, -0.44875], [0.0, 0.0, 0.0, 1.0]]","[[0.9108639205074286, 1.182184443405973e-06, -0.41270681883928106, 0.2999999505256086], [-3.7708123414836694e-07, 0.9999999999978639, 2.0322289669846826e-06, 0.21999955880573968], [0.41270681884080196, -1.695460047647067e-06, 0.9108639205059287, -0.45104147904220704], [0.0, 0.0, 0.0, 1.0]]","[[0.9081431738250813, -0.0, -0.41865973753742813, 0.3], [0.0, 0.9999999999999999, -0.0, -0.22], [0.41865973753742813, 0.0, 0.9081431738250813, -0.44875], [0.0, 0.0, 0.0, 1.0]]","[[0.9108634332724055, 4.0906252739421013e-07, -0.4127078941903572, 0.30000010968966845], [-5.7479905394050827e-08, 0.999999999999625, 8.643066644568022e-07, -0.22000004467577633], [0.4127078941905559, -7.635429250739041e-07, 0.9108634332720872, -0.45104155079402464], [0.0, 0.0, 0.0, 1.0]]"
0.5583333333333333,-5.7379697778546035,21.248143064472096,-38.23750950218491,-75.84261178911835,-14.284070233896045,40.465411341510936,68.34636306181346,-5.7379697778546035,-21.248143064472096,38.23750950218491,-75.84261178911835,14.284070233896045,40.465411341510936,-68.34636306181346,"[[0.9053836208979552, -0.0, -0.4245945112807131, 0.3], [0.0, 0.9999999999999999, -0.0, 0.22], [0.4245945112807131, 0.0, 0.9053836208979552, -0.4464583333333333], [0.0, 0.0, 0.0, 1.0]]","[[0.9081432926037011, 1.1660402766905442e-06, -0.41865947988496466, 0.29999994586591927], [-3.782978507706773e-07, 0.9999999999979988, 1.964583773739987e-06, 0.21999958326945757], [0.4186594798864176, -1.6257455954347844e-06, 0.9081432926023246, -0.44874983044043826], [0.0, 0.0, 0.0, 1.0]]","[[0.9053836208979552, -0.0, -0.4245945112807131, 0.3], [0.0, 0.9999999999999999, -0.0, -0.22], [0.4245945112807131, 0.0, 0.9053836208979552, -0.4464583333333333], [0.0, 0.0, 0.0, 1.0]]","[[0.9081427971272342, 4.315132271213986e-07, -0.4186605546570362, 0.300000105356141], [-5.0899190994696425e-08, 0.9999999999995753, 9.202908875793301e-07, -0.2200000675478756], [0.4186605546572555, -8.144460572835636e-07, 0.9081427971268704, -0.448749904268102], [0.0, 0.0, 0.0, 1.0]]"
0.5666666666666667,-5.813708891787229,21.80723502917266,-38.7426839535774,-76.49927300611255,-14.034058843290547,40.53925593172253,68.90679374359135,-5.813708891787229,-21.80723502917266,38.7426839535774,-76.49927300611255,14.034058843290547,40.53925593172253,-68.90679374359135,"[[0.9025852843498605, -0.0, -0.4305110968082951, 0.3], [0.0, 1.0, -0.0, 0.22], [0.4305110968082951, 0.0, 0.9025852843498605, -0.4441666666666666], [0.0, 0.0, 0.0, 1.0]]","[[0.9053837474256694, 1.0680007082972537e-06, -0.42459424147803915, 0.29999994441564776], [-2.8341852603761677e-07, 0.999999999998134, 1.910996668906615e-06, 0.21999959722482004], [0.4245942414792877, -1.6098474513288765e-06, 0.9053837474242826, -0.4464581613481128], [0.0, 0.0, 0.0, 1.0]]","[[0.9025852843498605, -0.0, -0.4305110968082951, 0.3], [0.0, 1.0, -0.0, -0.22], [0.4305110968082951, 0.0, 0.9025852843498605, -0.4441666666666666], [0.0, 0.0, 0.0, 1.0]]","[[0.9053832436803962, 5.35954434905836e-07, -0.42459531563887604, 0.30000010430515706], [-1.4075335339292305e-07, 0.9999999999995272, 9.621366327066486e-07, -0.22000008001929752], [0.424595315639191, -8.113391708725813e-07, 0.9053832436800437, -0.44645823723899547], [0.0, 0.0, 0.0, 1.0]]"
0.575,-5.905844301709293,22.373910211399227,-39.26274821736051,-77.14944554339523,-13.778498777758056,40.613141503069144,69.47670472793722,-5.905844301709293,-22.373910211399227,39.26274821736051,-77.14944554339523,13.778498777758056,40.613141503069144,-69.47670472793722,"[[0.8997482840522215, -0.0, -0.43640924067334197, 0.3], [0.0, 1.0, -0.0, 0.22], [0.43640924067334197, 0.0, 0.8997482840522215, -0.441875], [0.0, 0.0, 0.0, 1.0]]","[[0.902585406635508, 1.0970927051257477e-06, -0.4305108404296122, 0.2999999424236229], [-2.8652589448227107e-07, 0.9999999999980623, 1.947636471369711e-06, 0.2199995824255447], [0.4305108404309147, -1.6345557528509678e-06, 0.9025854066340735, -0.4441664861670924], [0.0, 0.0, 0.0, 1.0]]","[[0.8997482840522215, -0.0, -0.43640924067334197, 0.3], [0.0, 1.0, -0.0, -0.22], [0.43640924067334197, 0.0, 0.8997482840522215, -0.441875], [0.0, 0.0, 0.0, 1.0]]","[[0.9025848945882002, 5.133676206686934e-07, -0.4305119139593514, 0.30000010279422246], [-1.329807680442278e-07, 0.9999999999995738, 9.136592400974908e-07, -0.22000006384894616], [0.43051191395963695, -7.674052239424238e-07, 0.9025848945878838, -0.4441665641089242], [0.0, 0.0, 0.0, 1.0]]"
0.5833333333333334,-6.015637885069955,22.948984818757623,-39.79988112387948,-77.79327966512814,-13.517360155220958,40.68698950837532,70.0579743168728,-6.015637885069955,-22.948984818757623,39.79988112387948,-77.79327966512814,13.517360155220958,40.68698950837532,-70.0579743168728,"[[0.8968727415326883, -0.0, -0.4422886902190013, 0.3], [0.0, 1.0, -0.0, 0.22], [0.4422886902190013, 0.0, 0.8968727415326883, -0.4395833333333333], [0.0, 0.0, 0.0, 1.0]]","[[0.8997484141730546, 1.1374432086097823e-06, -0.4364089724006364, 0.2999999326998852], [-2.969687453016712e-07, 0.9999999999979676, 1.994106688907437e-06, 0.21999956261041748], [0.43640897240201765, -1.6645945060641391e-06, 0.8997484141715638, -0.4418748187667565], [0.0, 0.0, 0.0, 1.0]]","[[0.8968727415326883, -0.0, -0.4422886902190013, 0.3], [0.0, 1.0, -0.0, -0.22], [0.4422886902190013, 0.0, 0.8968727415326883, -0.4395833333333333], [0.0, 0.0, 0.0, 1.0]]","[[0.8997478937840666, 4.796358862506327e-07, -0.43641004529101507, 0.30000009364283214], [-1.1825669912179473e-07, 0.9999999999996272, 8.552384948904548e-07, -0.22000004278129603], [0.43641004529126265, -7.178906230410336e-07, 0.8997478937837879, -0.44187489874733965], [0.0, 0.0, 0.0, 1.0]]"
0.5916666666666667,-6.144518858953042,23.53332457772514,-40.35645957896548,-78.43091880528385,-13.250583211524015,40.760724815560195,70.65259692563578,-6.144518858953042,-23.53332457772514,40.35645957896548,-78.43091880528385,13.250583211524015,40.760724815560195,-70.65259692563578,"[[0.8939587799699321, -0.0, -0.4481491935892225, 0.3], [0.0, 0.9999999999999999, -0.0, 0.22], [0.4481491935892225, 0.0, 0.8939587799699321, -0.43729166666666663], [0.0, 0.0, 0.0, 1.0]]","[[0.8968728884254403, 1.2261902114787627e-06, -0.44228839234814205, 0.29999992536897474], [-3.9555273055362367e-07, 0.9999999999979807, 1.9702748400734714e-06, 0.21999957324184988], [0.44228839234966494, -1.592137705523187e-06, 0.8968728884241144, -0.43958316220504834], [0.0, 0.0, 0.0, 1.0]]","[[0.8939587799699321, -0.0, -0.4481491935892225, 0.3], [0.0, 0.9999999999999999, -0.0, -0.22], [0.4481491935892225, 0.0, 0.8939587799699321, -0.43729166666666663], [0.0, 0.0, 0.0, 1.0]]","[[0.8968723596484646, 3.976334006069595e-07, -0.44228946460258045, 0.30000008698600134], [-1.580300208727791e-08, 0.9999999999996241, 8.669890547355042e-07, -0.22000005228500474], [0.44228946460275886, -7.705890179777279e-07, 0.8968723596481336, -0.43958324421194434], [0.0, 0.0, 0.0, 1.0]]"
0.6,-6.2941068319654905,24.127843026103264,-40.93508929978687,-79.0625132280241,-12.978077446660725,40.83427912273206,71.26273089400385,-6.2941068319654905,-24.127843026103264,40.93508929978687,-79.0625132280241,12.978077446660725,40.83427912273206,-71.26273089400385,"[[0.8910065241883678, -0.0, -0.45399049973954675, 0.3], [0.0, 1.0, -0.0, 0.22], [0.45399049973954675, 0.0, 0.8910065241883678, -0.43499999999999994], [0.0, 0.0, 0.0, 1.0]]","[[0.8939588971070696, 1.2113193931548297e-06, -0.44814895992476084, 0.2999999387258685], [-3.386641425638666e-07, 0.9999999999978877, 2.027378508094058e-06, 0.2199995650001847], [0.44814895992626996, -1.6606210718605322e-06, 0.8939588971055913, -0.43729146906320226], [0.0, 0.0, 0.0, 1.0]]","[[0.8910065241883678, -0.0, -0.45399049973954675, 0.3], [0.0, 1.0, -0.0, -0.22], [0.45399049973954675, 0.0, 0.8910065241883678, -0.43499999999999994], [0.0, 0.0, 0.0, 1.0]]","[[0.8939583598884184, 4.193888214320483e-07, -0.4481500315579965, 0.30000010113029807], [-6.926506120381576e-08, 0.9999999999996796, 7.976541688010986e-07, -0.22000004304717155], [0.44815003155818733, -6.820284731352332e-07, 0.893958359888161, -0.4372915530835189], [0.0, 0.0, 0.0, 1.0]]"
0.6083333333333333,-6.4662451014095605,24.73351175830144,-41.538662871457134,-79.68818587675395,-12.699722478546963,40.90759095818839,71.89069165610564,-6.4662451014095605,-24.73351175830144,41.538662871457134,-79.68818587675395,12.699722478546963,40.90759095818839,-71.89069165610564,"[[0.8880161006528073, -0.0, -0.45981235844785984, 0.3], [0.0, 1.0, -0.0, 0.22], [0.45981235844785984, 0.0, 0.8880161006528073, -0.4327083333333333], [0.0, 0.0, 0.0, 1.0]]","[[0.8910066500378208, 1.2055575117857794e-06, -0.45399025274440336, 0.2999999358172853], [-3.2807961877858385e-07, 0.999999999997923, 2.011577086047785e-06, 0.2199995695634498], [0.4539902527458855, -1.643383611682701e-06, 0.8910066500363656, -0.43499980489539913], [0.0, 0.0, 0.0, 1.0]]","[[0.8880161006528073, -0.0, -0.45981235844785984, 0.3], [0.0, 1.0, -0.0, -0.22], [0.45981235844785984, 0.0, 0.8880161006528073, -0.4327083333333333], [0.0, 0.0, 0.0, 1.0]]","[[0.8910061043167241, 4.3219231790347916e-07, -0.453991323782898, 0.3000000991354534], [-7.690282637962483e-08, 0.9999999999996761, 8.010537010478083e-07, -0.22000004675334275], [0.4539913237830972, -6.788305215683692e-07, 0.8910061043164689, -0.4349998909152445], [0.0, 0.0, 0.0, 1.0]]"
0.6166666666666667,-6.663039926870552,25.3513689630735,-42.17039731307537,-80.30806652506763,-12.415360359058177,40.980602265321245,72.53902004231243,-6.663039926870552,-25.3513689630735,42.17039731307537,-80.30806652506763,12.415360359058177,40.980602265321245,-72.53902004231243,"[[0.8849876374630419, -0.0, -0.4656145203251114, 0.3], [0.0, 1.0, -0.0, 0.22], [0.4656145203251114, 0.0, 0.8849876374630419, -0.4304166666666666], [0.0, 0.0, 0.0, 1.0]]","[[0.8880162698411883, 1.1212481865135125e-06, -0.459812031700003, 0.2999999149146977], [-2.593726977987727e-07, 0.9999999999980893, 1.9375765519218197e-06, 0.21999957762898495], [0.459812031701297, -1.6013368150270011e-06, 0.8880162698397823, -0.43270816803568984], [0.0, 0.0, 0.0, 1.0]]","[[0.8849876374630419, -0.0, -0.4656145203251114, 0.3], [0.0, 1.0, -0.0, -0.22], [0.4656145203251114, 0.0, 0.8849876374630419, -0.4304166666666666], [0.0, 0.0, 0.0, 1.0]]","[[0.8910061043167241, 4.3219231790347916e-07, -0.453991323782898, 0.3000000991354534], [-7.690282637962483e-08, 0.9999999999996761, 8.010537010478083e-07, -0.22000004675334275], [0.4539913237830972, -6.788305215683692e-07, 0.8910061043164689, -0.4349998909152445], [0.0, 0.0, 0.0, 1.0]]"
0.625,-6.88690748776736,25.982529668801455,-42.833892134334164,-80.92229177674854,-12.124796427803018,41.05325498752267,73.21048910942721,-6.88690748776736,-25.982529668801455,42.833892134334164,-80.92229177674854,12.124796427803018,41.05325498752267,-73.21048910942721,"[[0.8819212643483549, -0.0, -0.4713967368259976, 0.3], [0.0, 1.0, -0.0, 0.22], [0.4713967368259976, 0.0, 0.8819212643483549, -0.428125], [0.0, 0.0, 0.0, 1.0]]","[[0.8849877840395948, 1.1905489645798328e-06, -0.46561424172728055, 0.2999999250459898], [-2.935396902782859e-07, 0.9999999999979591, 1.999015152752832e-06, 0.21999956715896513], [0.4656142417287101, -1.632427729990516e-06, 0.8849877840381379, -0.4304164748010127], [0.0, 0.0, 0.0, 1.0]]","[[0.8819212643483549, -0.0, -0.4713967368259976, 0.3], [0.0, 1.0, -0.0, -0.22], [0.4713967368259976, 0.0, 0.8819212643483549, -0.428125], [0.0, 0.0, 0.0, 1.0]]","[[0.8849872210990413, 4.6183934662663314e-07, -0.4656153117018204, 0.3000000906308267], [-1.071635396771339e-07, 0.9999999999996837, 7.882064318355376e-07, -0.22000004308506946], [0.4656153117020371, -6.476556348326843e-07, 0.8849872210988108, -0.4304165647719428], [0.0, 0.0, 0.0, 1.0]]"
0.6333333333333333,-7.140633220620878,26.628182328400882,-43.533238618546356,-81.53096408463422,-11.827789920613245,41.12550131346848,73.90819293314402,-7.140633220620878,-26.628182328400882,43.533238618546356,-81.53096408463422,11.827789920613245,41.12550131346848,-73.90819293314402,"[[0.8788171126619655, -0.0, -0.4771587602596084, 0.3], [0.0, 1.0, -0.0, 0.22], [0.4771587602596084, 0.0, 0.8788171126619655, -0.4258333333333333], [0.0, 0.0, 0.0, 1.0]]","[[0.881921435880161, 1.239671170173179e-06, -0.4713964159107898, 0.2999999087610482], [-3.359291766832633e-07, 0.999999999997941, 2.0013050512768845e-06, 0.21999956723261355], [0.47139641591230014, -1.6066380145679765e-06, 0.8819214358787615, -0.4281248248634434], [0.0, 0.0, 0.0, 1.0]]","[[0.8788171126619655, -0.0, -0.4771587602596084, 0.3], [0.0, 1.0, -0.0, -0.22], [0.4771587602596084, 0.0, 0.8788171126619655, -0.4258333333333333], [0.0, 0.0, 0.0, 1.0]]","[[0.8819208642055849, 4.203659386565877e-07, -0.47139748543951454, 0.3000000757339938], [-6.35471477847088e-08, 0.9999999999996992, 7.728560173049913e-07, -0.2200000427705345], [0.4713974854396977, -6.516418810155396e-07, 0.8819208642053465, -0.42812491678105763], [0.0, 0.0, 0.0, 1.0]]"
0.6416666666666666,-7.427443962927114,27.289609309888455,-44.273071049063795,-82.13420639212974,-11.52405311577007,41.19730026202365,74.63557392880452,-7.427443962927114,-27.289609309888455,44.273071049063795,-82.13420639212974,11.52405311577007,41.19730026202365,-74.63557392880452,"[[0.8756753153753998, -0.0, -0.4829003438000374, 0.3], [0.0, 1.0, -0.0, 0.22], [0.4829003438000374, 0.0, 0.8756753153753998, -0.4235416666666666], [0.0, 0.0, 0.0, 1.0]]","[[0.8788172817949865, 1.171719930391002e-06, -0.4771584487537641, 0.29999991501291423], [-2.680191353094454e-07, 0.9999999999980395, 1.961989952964508e-06, 0.21999957385550195], [0.4771584487551275, -1.596343082532762e-06, 0.8788172817935775, -0.42583314828916036], [0.0, 0.0, 0.0, 1.0]]","[[0.8756753153753998, -0.0, -0.4829003438000374, 0.3], [0.0, 1.0, -0.0, -0.22], [0.4829003438000374, 0.0, 0.8756753153753998, -0.4235416666666666], [0.0, 0.0, 0.0, 1.0]]","[[0.8788167012911166, 4.96228636356817e-07, -0.4771595179094242, 0.3000000835713589], [-1.309239921928111e-07, 0.9999999999996724, 7.988323215010438e-07, -0.22000004918131555], [0.4771595179096642, -6.395555566687731e-07, 0.8788167012908936, -0.4258332421295216], [0.0, 0.0, 0.0, 1.0]]"
0.65,-7.751098453163693,27.96818860392922,-45.05872721872285,-82.73212115207266,-11.213240234946761,41.268604021864,75.39649798347897,-7.751098453163693,-27.96818860392922,45.05872721872285,-82.73212115207266,11.213240234946761,41.268604021864,-75.39649798347897,"[[0.8724960070727971, -0.0, -0.4886212414969549, 0.3], [0.0, 0.9999999999999999, -0.0, 0.22], [0.4886212414969549, 0.0, 0.8724960070727971, -0.42124999999999996], [0.0, 0.0, 0.0, 1.0]]","[[0.8756755087473718, 1.1290955071509637e-06, -0.48289999314429155, 0.29999990433951684], [-2.428753243671195e-07, 0.9999999999981698, 1.897733582381125e-06, 0.21999959068241415], [0.48289999314555043, -1.5445143277467641e-06, 0.8756755087460433, -0.42354149883051667], [0.0, 0.0, 0.0, 1.0]]","[[0.8724960070727971, -0.0, -0.4886212414969549, 0.3], [0.0, 0.9999999999999999, -0.0, -0.22], [0.4886212414969549, 0.0, 0.8724960070727971, -0.42124999999999996], [0.0, 0.0, 0.0, 1.0]]","[[0.8756749193094198, 5.470668704102967e-07, -0.48290106201181837, 0.3000000747054172], [-1.5630635412759843e-07, 0.999999999999627, 8.494355234236771e-07, -0.22000006598348393], [0.4829010620121029, -6.683488790251704e-07, 0.8756749193091786, -0.4235415945647597], [0.0, 0.0, 0.0, 1.0]]"
0.6583333333333333,-8.116004724666208,28.665405776667658,-45.896364543060294,-83.32482447767886,-10.89494146679312,41.33937502694909,76.19535007861448,-8.116004724666208,-28.665405776667658,45.896364543060294,-83.32482447767886,10.89494146679312,41.33937502694909,-76.19535007861448,"[[0.8692793239451436, -0.0, -0.4943212082861446, 0.3], [0.0, 0.9999999999999999, -0.0, 0.22], [0.4943212082861446, 0.0, 0.8692793239451436, -0.4189583333333333], [0.0, 0.0, 0.0, 1.0]]","[[0.8724961872426596, 1.2045194960854807e-06, -0.4886209197788926, 0.2999999049687794], [-2.8560534060353523e-07, 0.9999999999980479, 1.955155595431123e-06, 0.2199995748001661], [0.4886209197802938, -1.5663130582603435e-06, 0.8724961872413004, -0.4212498140218255], [0.0, 0.0, 0.0, 1.0]]","[[0.8692793239451436, -0.0, -0.4943212082861446, 0.3], [0.0, 0.9999999999999999, -0.0, -0.22], [0.4943212082861446, 0.0, 0.8692793239451436, -0.4189583333333333], [0.0, 0.0, 0.0, 1.0]]","[[0.8724955887555592, 4.802068458903154e-07, -0.4886219884551446, 0.30000007739242907], [-1.1467889334056987e-07, 0.9999999999996907, 7.780043188990626e-07, -0.22000005027581296], [0.4886219884553671, -6.227707073743008e-07, 0.8724955887553445, -0.4212499116147138], [0.0, 0.0, 0.0, 1.0]]"
0.6666666666666666,-8.527363966487629,29.382859092369554,-46.79317179617755,-83.91240516140755,-10.568669306557135,41.409579126333064,77.03715040325105,-8.527363966487629,-29.382859092369554,46.79317179617755,-83.91240516140755,10.568669306557135,41.409579126333064,-77.03715040325105,"[[0.8660254037844387, -0.0, -0.49999999999999994, 0.3], [0.0, 1.0, -0.0, 0.22], [0.49999999999999994, 0.0, 0.8660254037844387, -0.41666666666666663], [0.0, 0.0, 0.0, 1.0]]","[[0.8692795211487148, 1.273588440437976e-06, -0.49432086149568805, 0.29999989861049703], [-3.576951018449748e-07, 0.9999999999980398, 1.9474221878350486e-06, 0.21999957473249232], [0.4943208614971993, -1.5160380760188376e-06, 0.8692795211474663, -0.41895815210018617], [0.0, 0.0, 0.0, 1.0]]","[[0.8660254037844387, -0.0, -0.49999999999999994, 0.3], [0.0, 1.0, -0.0, -0.22], [0.49999999999999994, 0.0, 0.8660254037844387, -0.41666666666666663], [0.0, 0.0, 0.0, 1.0]]","[[0.8692789134867859, 4.201091633049775e-07, -0.4943219300891442, 0.3000000733751237], [-4.4665510930324324e-08, 0.9999999999997017, 7.713240163636855e-07, -0.22000005059483532], [0.49432193008932074, -6.484165613193927e-07, 0.8692789134865452, -0.41895825150806953], [0.0, 0.0, 0.0, 1.0]]"
0.675,-8.991361768695043,30.122268051158454,-47.757597922077935,-84.49496565609627,-10.233840626838417,41.47918216907008,77.92769778799399,-8.991361768695043,-30.122268051158454,47.757597922077935,-84.49496565609627,10.233840626838417,41.47918216907008,-77.92769778799399,"[[0.8627343859777918, -0.0, -0.5056573733779846, 0.3], [0.0, 1.0, -0.0, 0.22], [0.5056573733779846, 0.0, 0.8627343859777918, -0.41437499999999994], [0.0, 0.0, 0.0, 1.0]]","[[0.8660255972119579, 1.199214706619903e-06, -0.4999996649721213, 0.29999989979992087], [-2.318946303092914e-07, 0.9999999999979796, 1.996777379779439e-06, 0.21999955521033376], [0.4999996649735056, -1.6133130853593379e-06, 0.8660255972104863, -0.4166664830787668], [0.0, 0.0, 0.0, 1.0]]","[[0.8627343859777918, -0.0, -0.5056573733779846, 0.3], [0.0, 1.0, -0.0, -0.22], [0.5056573733779846, 0.0, 0.8627343859777918, -0.41437499999999994], [0.0, 0.0, 0.0, 1.0]]","[[0.8660249802382401, 5.039305532267998e-07, -0.5000007336025637, 0.3000000772272797], [-1.7364788419586798e-07, 0.999999999999735, 7.070932580442012e-07, -0.22000003168474228], [0.5000007336027875, -5.255363553378551e-07, 0.8660249802380982, -0.41666658424723824], [0.0, 0.0, 0.0, 1.0]]"
0.6833333333333333,-9.512395065566649,30.88321601149499,-48.79437965695085,-85.07260158439342,-9.889710083243786,41.54816707968721,78.86863147824411,-9.512395065566649,-30.88321601149499,48.79437965695085,-85.07260158439342,9.889710083243786,41.54816707968721,-78.86863147824411,"[[0.8594064115014526, -0.0, -0.511293086077052, 0.3], [0.0, 1.0, -0.0, 0.22], [0.511293086077052, 0.0, 0.8594064115014526, -0.4120833333333333], [0.0, 0.0, 0.0, 1.0]]","[[0.86273206906329, 6.524350440606154e-06, -0.5056613263511532, 0.30000031723295145], [-3.4249490151911656e-07, 0.9999999999240716, 1.2318262798594878e-05, 0.21999851917887805], [0.5056613263931279, -1.0454173925326449e-05, 0.8627320690000186, -0.41437455887401997], [0.0, 0.0, 0.0, 1.0]]","[[0.8594064115014526, -0.0, -0.511293086077052, 0.3], [0.0, 1.0, -0.0, -0.22], [0.511293086077052, 0.0, 0.8594064115014526, -0.4120833333333333], [0.0, 0.0, 0.0, 1.0]]","[[0.8660249802382401, 5.039305532267998e-07, -0.5000007336025637, 0.3000000772272797], [-1.7364788419586798e-07, 0.999999999999735, 7.070932580442012e-07, -0.22000003168474228], [0.5000007336027875, -5.255363553378551e-07, 0.8660249802380982, -0.41666658424723824], [0.0, 0.0, 0.0, 1.0]]"
0.6916666666666667,-10.05833891611494,31.63850516010417,-49.84489690224466,-85.64539490856903,-9.53529925117464,41.616533858184454,79.80147822451694,-10.05833891611494,-31.63850516010417,49.84489690224466,-85.64539490856903,9.53529925117464,41.616533858184454,-79.80147822451694,"[[0.8560416229147716, -0.0, -0.5169068966820275, 0.3], [0.0, 1.0, -0.0, 0.22], [0.5169068966820275, 0.0, 0.8560416229147716, -0.40979166666666667], [0.0, 0.0, 0.0, 1.0]]","[[0.8593689123726829, 8.439404888487354e-05, -0.5113561042219374, 0.3000062237581872], [-2.524675388137186e-07, 0.9999999864508547, 0.00016461539090307262, 0.21998330602501945], [0.5113561111860585, -0.00014133624862308722, 0.8593689007502752, -0.41207937679689777], [0.0, 0.0, 0.0, 1.0]]","[[0.8560416229147716, -0.0, -0.5169068966820275, 0.3], [0.0, 1.0, -0.0, -0.22], [0.5169068966820275, 0.0, 0.8560416229147716, -0.40979166666666667], [0.0, 0.0, 0.0, 1.0]]","[[0.8593682765697672, -8.267058809406712e-05, -0.5113571730122517, 0.30000640734998296], [-1.6243538926700752e-07, 0.9999999868873888, -0.0001619419521246925, -0.21998378424143095], [0.5113571796948604, 0.00013925083880319349, 0.8593682652877765, -0.4120794812530507], [0.0, 0.0, 0.0, 1.0]]"
0.7,-10.629673141129103,32.38763006298741,-50.9098941485789,-86.21344125127148,-9.171153691990934,41.683971730954575,80.72649757400094,-10.629673141129103,-32.38763006298741,50.9098941485789,-86.21344125127148,9.171153691990934,41.683971730954575,-80.72649757400094,"[[0.8526401643540922, -0.0, -0.5224985647159489, 0.3], [0.0, 1.0, -0.0, 0.22], [0.5224985647159489, 0.0, 0.8526401643540922, -0.4075], [0.0, 0.0, 0.0, 1.0]]","[[0.855939788949343, 0.00024270489053105357, -0.5170754478678046, 0.3000167611518062], [-2.489243265242039e-07, 0.9999998900345061, 0.00046896792451916287, 0.2199528418795401], [0.5170755048281561, -0.0004012795936793209, 0.8559396948859163, -0.40978126983887025], [0.0, 0.0, 0.0, 1.0]]","[[0.8526401643540922, -0.0, -0.5224985647159489, 0.3], [0.0, 1.0, -0.0, -0.22], [0.5224985647159489, 0.0, 0.8526401643540922, -0.4075], [0.0, 0.0, 0.0, 1.0]]","[[0.8593682765697672, -8.267058809406712e-05, -0.5113571730122517, 0.30000640734998296], [-1.6243538926700752e-07, 0.9999999868873888, -0.0001619419521246925, -0.21998378424143095], [0.5113571796948604, 0.00013925083880319349, 0.8593682652877765, -0.4120794812530507], [0.0, 0.0, 0.0, 1.0]]"
0.7083333333333334,-11.22688866045574,33.13008528614614,-51.99011247147851,-86.77681574458164,-8.797850556677535,41.750176754579506,81.64399688520876,-11.22688866045574,-33.13008528614614,51.99011247147851,-86.77681574458164,8.797850556677535,41.750176754579506,-81.64399688520876,"[[0.8492021815265788, -0.0, -0.528067850650368, 0.3], [0.0, 0.9999999999999999, -0.0, 0.22], [0.528067850650368, 0.0, 0.8492021815265788, -0.4052083333333333], [0.0, 0.0, 0.0, 1.0]]","[[0.8524490297538998, 0.0004885372708206299, -0.5228101118025263, 0.30003106540201224], [-7.449619013013458e-08, 0.9999995635200941, 0.0009343230789756323, 0.21990632849327058], [0.522810340058065, -0.0007964238547879631, 0.8524486577134216, -0.4074806449724949], [0.0, 0.0, 0.0, 1.0]]","[[0.8492021815265788, -0.0, -0.528067850650368, 0.3], [0.0, 0.9999999999999999, -0.0, -0.22], [0.528067850650368, 0.0, 0.8492021815265788, -0.4052083333333333], [0.0, 0.0, 0.0, 1.0]]","[[0.8559391438344353, -0.00024097077110348574, -0.5170765165669986, 0.3000169480449987], [-1.7156604843475052e-07, 0.999999891277792, -0.0004663093125985691, -0.2199533210577693], [0.5170765727162125, 0.00039922110656232906, 0.8559390507334992, -0.4097813757947373], [0.0, 0.0, 0.0, 1.0]]"
0.7166666666666667,-11.850486639225197,33.86533124463592,-53.0863031917522,-87.33560718095872,-8.41599773207057,41.81485864601953,82.55428351665304,-11.850486639225197,-33.86533124463592,53.0863031917522,-87.33560718095872,8.41599773207057,41.81485864601953,-82.55428351665304,"[[0.8457278217039732, -0.0, -0.5336145159156115, 0.3], [0.0, 1.0, -0.0, 0.22], [0.5336145159156115, 0.0, 0.8457278217039732, -0.4029166666666666], [0.0, 0.0, 0.0, 1.0]]","[[0.8489017129462142, 0.0008294008974568973, -0.5285500864167318, 0.3000481311555368], [1.6583288027114881e-07, 0.9999987683896571, 0.0015694646034363764, 0.21984279371719956], [0.5285507371643292, -0.0013324088412487887, 0.8489006672925424, -0.40517796730075634], [0.0, 0.0, 0.0, 1.0]]","[[0.8457278217039732, -0.0, -0.5336145159156115, 0.3], [0.0, 1.0, -0.0, -0.22], [0.5336145159156115, 0.0, 0.8457278217039732, -0.4029166666666666], [0.0, 0.0, 0.0, 1.0]]","[[0.848901049489323, -0.0008276445080576541, -0.5285511547433175, 0.3000483251123095], [-5.994553324423766e-07, 0.99999877251334, -0.0015668348521498791, -0.21984327495321046], [0.5285518027360863, 0.00133040459317466, 0.8489000069784731, -0.4051780759528495], [0.0, 0.0, 0.0, 1.0]]"
0.725,-12.500975072756994,34.59282835351232,-54.19922104530325,-87.88988386229443,-8.026232987083793,41.87773736751866,83.45770580798145,-12.500975072756994,-34.59282835351232,54.19922104530325,-87.88988386229443,8.026232987083793,41.87773736751866,-83.45770580798145,"[[0.8422172337162865, -0.0, -0.5391383229110003, 0.3], [0.0, 1.0, -0.0, 0.22], [0.5391383229110003, 0.0, 0.8422172337162865, -0.400625], [0.0, 0.0, 0.0, 1.0]]","[[0.8453036482085012, 0.001272067642474339, -0.5342846845730389, 0.3000669137524277], [6.370068984466043e-07, 0.9999971633174053, 0.0023818809242012236, 0.21976155479420562], [0.5342861988906253, -0.002013752977855338, 0.8453012495400392, -0.4028738095887383], [0.0, 0.0, 0.0, 1.0]]","[[0.8422172337162865, -0.0, -0.5391383229110003, 0.3], [0.0, 1.0, -0.0, -0.22], [0.5391383229110003, 0.0, 0.8422172337162865, -0.400625], [0.0, 0.0, 0.0, 1.0]]","[[0.845302975755717, -0.001270299662385641, -0.5342857526804338, 0.30006711147941323], [-1.0782338496260297e-06, 0.999997169543954, -0.002379265205486891, -0.2197620371051388], [0.534287262787882, 0.0020117760432940197, 0.8453005817931184, -0.4028739194306173], [0.0, 0.0, 0.0, 1.0]]"
0.7333333333333333,-13.178867932786174,35.31201653726339,-55.32961052275119,-88.4397277508588,-7.629223118934924,41.93854995679387,84.35462575922001,-13.178867932786174,-35.31201653726339,55.32961052275119,-88.4397277508588,7.629223118934924,41.93854995679387,-84.35462575922001,"[[0.838670567945424, -0.0, -0.5446390350150271, 0.3], [0.0, 1.0, -0.0, 0.22], [0.5446390350150271, 0.0, 0.838670567945424, -0.3983333333333333], [0.0, 0.0, 0.0, 1.0]]","[[0.8416612520011804, 0.0018231653770969902, -0.5400027897592877, 0.30008633877141194], [1.4722094231285534e-06, 0.9999942928849871, 0.0033784900898790127, 0.21966190796796753], [0.5400058674474181, -0.002844339196116749, 0.8416564458595319, -0.400568720582378], [0.0, 0.0, 0.0, 1.0]]","[[0.838670567945424, -0.0, -0.5446390350150271, 0.3], [0.0, 1.0, -0.0, -0.22], [0.5446390350150271, 0.0, 0.838670567945424, -0.3983333333333333], [0.0, 0.0, 0.0, 1.0]]","[[0.8416605706931548, -0.0018213855166433197, -0.540003857667029, 0.30008654043217997], [-1.921773896036336e-06, 0.9999943016715482, -0.0033758881408372508, -0.2196623913692411], [0.5400069293414482, 0.002842389704530757, 0.841655771134487, -0.40056883150345585], [0.0, 0.0, 0.0, 1.0]]"
0.7416666666666667,-13.884683459916014,36.02231181471512,-56.47821952981014,-88.98520714854352,-7.225658830503781,41.99704711194045,85.24541220058391,-13.884683459916014,-36.02231181471512,56.47821952981014,-88.98520714854352,7.225658830503781,41.99704711194045,-85.24541220058391,"[[0.8350879763187431, -0.0, -0.5501164165954935, 0.3], [0.0, 1.0, -0.0, 0.22], [0.5501164165954935, 0.0, 0.8350879763187431, -0.3960416666666666], [0.0, 0.0, 0.0, 1.0]]","[[0.8379816602219826, 0.002489120154073524, -0.5456927170234807, 0.3001052661373927], [2.5543755475033493e-06, 0.9999895790961422, 0.004565270265365553, 0.21954322685973557], [0.5456983939183668, -0.003827006660465892, 0.837972921337519, -0.3982633661509368], [0.0, 0.0, 0.0, 1.0]]","[[0.8350879763187431, -0.0, -0.5501164165954935, 0.3], [0.0, 1.0, -0.0, -0.22], [0.5501164165954935, 0.0, 0.8350879763187431, -0.3960416666666666], [0.0, 0.0, 0.0, 1.0]]","[[0.8379809702186197, -0.0024873281343084468, -0.5456937847824669, 0.3001054718984123], [-3.0130417037700554e-06, 0.9999895909085578, -0.004562681827291141, -0.21954371135436382], [0.5456994534928384, 0.003825084742563332, 0.8379722401036503, -0.3982634780364588], [0.0, 0.0, 0.0, 1.0]]"
0.75,-14.618935625881553,36.72312337450427,-57.645792557099625,-89.52639718742948,-6.816252595898163,42.052996606526605,86.1304817736125,-14.618935625881553,-36.72312337450427,57.645792557099625,-89.52639718742948,6.816252595898163,42.052996606526605,-86.1304817736125,"[[0.8314696123025452, -0.0, -0.5555702330196022, 0.3], [0.0, 0.9999999999999999, -0.0, 0.22], [0.5555702330196022, 0.0, 0.8314696123025452, -0.39374999999999993], [0.0, 0.0, 0.0, 1.0]]","[[0.8342726555862905, 0.003275535919366598, -0.5513423682299771, 0.3001224831119354], [4.154513399241876e-06, 0.9999823152339891, 0.005947201191399893, 0.21940502036399365], [0.5513520981403252, -0.004963877890511521, 0.8342578880613293, -0.39595844842630834], [0.0, 0.0, 0.0, 1.0]]","[[0.8314696123025452, -0.0, -0.5555702330196022, 0.3], [0.0, 0.9999999999999999, -0.0, -0.22], [0.5555702330196022, 0.0, 0.8314696123025452, -0.39374999999999993], [0.0, 0.0, 0.0, 1.0]]","[[0.8342719570669787, -0.003273731472697654, -0.5513434359216388, 0.3001226931419351], [-4.623076601448098e-06, 0.9999823305439967, -0.00594462601214902, -0.21940550594176791], [0.5513531550923244, 0.0049619836801248025, 0.8342572008006269, -0.3959585611570642], [0.0, 0.0, 0.0, 1.0]]"
0.7583333333333333,-15.3821358410969,37.41383991470015,-58.833057019766265,-90.06335250903004,-6.401738660453844,42.10618670468808,87.01023745946682,-15.3821358410969,-37.41383991470015,58.833057019766265,-90.06335250903004,6.401738660453844,42.10618670468808,-87.01023745946682,"[[0.8278156308955021, -0.0, -0.5610002506640098, 0.3], [0.0, 1.0, -0.0, 0.22], [0.5610002506640098, 0.0, 0.8278156308955021, -0.3914583333333333], [0.0, 0.0, 0.0, 1.0]]","[[0.8305426002069533, 0.004187689533820484, -0.5569393615985869, 0.3001368118369748], [6.062012814810232e-06, 0.999971664646126, 0.0075279391673938505, 0.21924697894865522], [0.5569551051967521, -0.006255650343834137, 0.8305190411026412, -0.3936547440358936], [0.0, 0.0, 0.0, 1.0]]","[[0.8278156308955021, -0.0, -0.5610002506640098, 0.3], [0.0, 1.0, -0.0, -0.22], [0.5610002506640098, 0.0, 0.8278156308955021, -0.3914583333333333], [0.0, 0.0, 0.0, 1.0]]","[[0.8342719570669787, -0.003273731472697654, -0.5513434359216388, 0.3001226931419351], [-4.623076601448098e-06, 0.9999823305439967, -0.00594462601214902, -0.21940550594176791], [0.5513531550923244, 0.0049619836801248025, 0.8342572008006269, -0.3959585611570642], [0.0, 0.0, 0.0, 1.0]]"
0.7666666666666666,-16.174787832013344,38.09382622770994,-60.04073691786207,-90.59615507561521,-5.98286749120588,42.15642957622269,87.88510956006459,-16.174787832013344,-38.09382622770994,60.04073691786207,-90.59615507561521,5.98286749120588,42.15642957622269,-87.88510956006459,"[[0.8241261886220157, -0.0, -0.5664062369248329, 0.3], [0.0, 1.0, -0.0, 0.22], [0.5664062369248329, 0.0, 0.8241261886220157, -0.3891666666666666], [0.0, 0.0, 0.0, 1.0]]","[[0.8268004483695135, 0.005230501580056007, -0.5624710307466442, 0.30014695633300187], [8.074113694436086e-06, 0.9999566552632688, 0.009310613809235788, 0.2190686937000769], [0.5624953497681381, -0.00770256112712361, 0.8267645686900853, -0.39135302887631074], [0.0, 0.0, 0.0, 1.0]]","[[0.8241261886220157, -0.0, -0.5664062369248329, 0.3], [0.0, 1.0, -0.0, -0.22], [0.5664062369248329, 0.0, 0.8241261886220157, -0.3891666666666666], [0.0, 0.0, 0.0, 1.0]]","[[0.826799733438717, -0.005228671521536229, -0.5624720986678243, 0.3001471754129008], [-8.564980990753007e-06, 0.9999566789932536, -0.009308064429545945, -0.21906918135644826], [0.5624964006216465, 0.007700722752011909, 0.8267638708584145, -0.3913531429200059], [0.0, 0.0, 0.0, 1.0]]"
0.775,-16.99737654206195,38.762433445562486,-61.26952210049321,-91.12485269850923,-5.56040236179402,42.2035544664012,88.75555569808019,-16.99737654206195,-38.762433445562486,61.26952210049321,-91.12485269850923,5.56040236179402,42.2035544664012,-88.75555569808019,"[[0.8204014435255135, -0.0, -0.5717879602276122, 0.3], [0.0, 0.9999999999999999, -0.0, 0.22], [0.5717879602276122, 0.0, 0.8204014435255135, -0.38687499999999997], [0.0, 0.0, 0.0, 1.0]]","[[0.8230556193452542, 0.006407525248585963, -0.5679246350391826, 0.30015170376630257], [1.0365230725223676e-05, 0.9999361907256049, 0.011296653032141767, 0.2188700893631296], [0.5679607797698375, -0.009303660427774604, 0.8230030343479194, -0.38905417503398115], [0.0, 0.0, 0.0, 1.0]]","[[0.8204014435255135, -0.0, -0.5717879602276122, 0.3], [0.0, 0.9999999999999999, -0.0, -0.22], [0.5717879602276122, 0.0, 0.8204014435255135, -0.38687499999999997], [0.0, 0.0, 0.0, 1.0]]","[[0.826799733438717, -0.005228671521536229, -0.5624720986678243, 0.3001471754129008], [-8.564980990753007e-06, 0.9999566789932536, -0.009308064429545945, -0.21906918135644826], [0.5624964006216465, 0.007700722752011909, 0.8267638708584145, -0.3913531429200059], [0.0, 0.0, 0.0, 1.0]]"
0.7833333333333333,-17.85037496184275,39.41899903990831,-62.52008192619836,-91.64952050979292,-5.1351159373681226,42.247421356345605,89.62201983580967,-17.85037496184275,-39.41899903990831,62.52008192619836,-91.64952050979292,5.1351159373681226,42.247421356345605,-89.62201983580967,"[[0.8166415551616788, -0.0, -0.5771451900372336, 0.3], [0.0, 1.0, -0.0, 0.22], [0.5771451900372336, 0.0, 0.8166415551616788, -0.3845833333333333], [0.0, 0.0, 0.0, 1.0]]","[[0.8193178852724493, 0.007722235795691515, -0.5732875107195319, 0.3001498268788959], [1.245604694334471e-05, 0.9999090506655488, 0.013486669046429792, 0.2186510780137129], [0.5733395178404577, -0.011057010058635812, 0.8192432726675483, -0.386758974179838], [0.0, 0.0, 0.0, 1.0]]","[[0.8166415551616788, -0.0, -0.5771451900372336, 0.3], [0.0, 1.0, -0.0, -0.22], [0.5771451900372336, 0.0, 0.8166415551616788, -0.3845833333333333], [0.0, 0.0, 0.0, 1.0]]","[[0.8193171548974083, -0.007720379193481611, -0.5732885795443037, 0.3001500556927389], [-1.297276777329371e-05, 0.9999090847052613, -0.013484144600019028, -0.21865156752752282], [0.5733405615535359, 0.011055228129522351, 0.8192425662820998, -0.3867590889973956], [0.0, 0.0, 0.0, 1.0]]"
0.7916666666666666,-18.734225346104495,40.06282974654663,-63.79307209313782,-92.17019949060133,-4.707787713267213,42.28790388755627,90.48498008649493,-18.734225346104495,-40.06282974654663,63.79307209313782,-92.17019949060133,4.707787713267213,42.28790388755627,-90.48498008649493,"[[0.8128466845916152, -0.0, -0.5824776968678022, 0.3], [0.0, 1.0, -0.0, 0.22], [0.5824776968678022, 0.0, 0.8128466845916152, -0.38229166666666664], [0.0, 0.0, 0.0, 1.0]]","[[0.8155976312135642, 0.009176913639254804, -0.5785467035727373, 0.3001400223111502], [1.4104991388790532e-05, 0.9998739064296069, 0.01587989427695143, 0.21841175526052656], [0.5786194809716246, -0.012959764552475326, 0.8154946601559524, -0.3844684497875578], [0.0, 0.0, 0.0, 1.0]]","[[0.8128466845916152, -0.0, -0.5824776968678022, 0.3], [0.0, 1.0, -0.0, -0.22], [0.5824776968678022, 0.0, 0.8128466845916152, -0.38229166666666664], [0.0, 0.0, 0.0, 1.0]]","[[0.8193171548974083, -0.007720379193481611, -0.5732885795443037, 0.3001500556927389], [-1.297276777329371e-05, 0.9999090847052613, -0.013484144600019028, -0.21865156752752282], [0.5733405615535359, 0.011055228129522351, 0.8192425662820998, -0.3867590889973956], [0.0, 0.0, 0.0, 1.0]]"
0.8,-19.649342628839264,40.693228886182126,-65.08910048814774,-92.68695794282617,-4.279198465490791,42.32491326757398,91.34490090299953,-19.649342628839264,-40.693228886182126,65.08910048814774,-92.68695794282617,4.279198465490791,42.32491326757398,-91.34490090299953,"[[0.8090169943749473, -0.0, -0.587785252292473, 0.3], [0.0, 0.9999999999999999, -0.0, 0.22], [0.587785252292473, 0.0, 0.8090169943749473, -0.37999999999999995], [0.0, 0.0, 0.0, 1.0]]","[[0.8119053525054953, 0.010773311520973595, -0.583689672969978, 0.30012105677380707], [1.4611109055262528e-05, 0.9998293329937734, 0.0184744329207137, 0.21815231467572394], [0.583789087221955, -0.015008019326297375, 0.8117666296396142, -0.38218347797684926], [0.0, 0.0, 0.0, 1.0]]","[[0.8090169943749473, -0.0, -0.587785252292473, 0.3], [0.0, 0.9999999999999999, -0.0, -0.22], [0.587785252292473, 0.0, 0.8090169943749473, -0.37999999999999995], [0.0, 0.0, 0.0, 1.0]]","[[0.8119046078262477, -0.01077142754348041, -0.5836907435784663, 0.300121295994191], [-1.515746414984618e-05, 0.9998293791806939, -0.018471932692598277, -0.2181528056881221], [0.5837901228701617, 0.015006294540097232, 0.811765916729335, -0.3821835929820929], [0.0, 0.0, 0.0, 1.0]]"
0.8083333333333333,-20.596102470451413,41.30946904366819,-66.40872718674005,-93.19985050798076,-3.850128116264705,42.35837094922329,92.20226722875455,-20.596102470451413,-41.30946904366819,66.40872718674005,-93.19985050798076,3.850128116264705,42.35837094922329,-92.20226722875455,"[[0.8051526485628582, -0.0, -0.5930676289532371, 0.3], [0.0, 1.0, -0.0, 0.22], [0.5930676289532371, 0.0, 0.8051526485628582, -0.3777083333333333], [0.0, 0.0, 0.0, 1.0]]","[[0.8082517896346886, 0.012512136728591366, -0.5887040776033478, 0.30009173700111874], [1.3530531432720191e-05, 0.9997738218156804, 0.021267464094082814, 0.21787300729500908], [0.5888370270025894, -0.017197431394060495, 0.8080688114165766, -0.379904993083422], [0.0, 0.0, 0.0, 1.0]]","[[0.8051526485628582, -0.0, -0.5930676289532371, 0.3], [0.0, 1.0, -0.0, -0.22], [0.5930676289532371, 0.0, 0.8051526485628582, -0.3777083333333333], [0.0, 0.0, 0.0, 1.0]]","[[0.8119046078262477, -0.01077142754348041, -0.5836907435784663, 0.300121295994191], [-1.515746414984618e-05, 0.9998293791806939, -0.018471932692598277, -0.2181528056881221], [0.5837901228701617, 0.015006294540097232, 0.811765916729335, -0.3821835929820929], [0.0, 0.0, 0.0, 1.0]]"
0.8166666666666667,-19.5282980163683,41.23834628384085,-64.82691001647846,-93.70892499738932,-3.5704732777745263,42.3782536298972,90.8746082276983,-19.5282980163683,-41.23834628384085,64.82691001647846,-93.70892499738932,3.5704732777745263,42.3782536298972,-90.8746082276983,"[[0.8012538126910608, -0.0, -0.5983246005706591, 0.3], [0.0, 1.0, -0.0, 0.22], [0.5983246005706591, 0.0, 0.8012538126910608, -0.3754166666666666], [0.0, 0.0, 0.0, 1.0]]","[[0.8039548100857041, 0.015522629667915093, -0.5944877722108775, 0.30014186308244917], [2.5999435437532026e-05, 0.9996583654328465, 0.026137171693945603, 0.21738604093166192], [0.594690392274912, -0.021028561251835477, 0.8036797477525417, -0.3775608642285946], [0.0, 0.0, 0.0, 1.0]]","[[0.8012538126910608, -0.0, -0.5983246005706591, 0.3], [0.0, 1.0, -0.0, -0.22], [0.5983246005706591, 0.0, 0.8012538126910608, -0.3754166666666666], [0.0, 0.0, 0.0, 1.0]]","[[0.8039540563059273, -0.015520737908424625, -0.5944888409751891, 0.3001421016765017], [-2.653491655156201e-05, 0.9996584308393004, -0.026134669460427428, -0.2173865296236101], [0.5946914112757505, 0.021026848234711387, 0.8036790385521887, -0.37756098201634625], [0.0, 0.0, 0.0, 1.0]]"
0.825,-18.463708873836968,41.14003595602227,-63.25076873341715,-94.2142360525652,-3.2952347969129954,42.39634338591398,89.54783715123415,-18.463708873836968,-41.14003595602227,63.25076873341715,-94.2142360525652,3.2952347969129954,42.39634338591398,-89.54783715123415,"[[0.7973206537727071, -0.0, -0.6035559419535714, 0.3], [0.0, 1.0, -0.0, 0.22], [0.6035559419535714, 0.0, 0.7973206537727071, -0.373125], [0.0, 0.0, 0.0, 1.0]]","[[0.7995300355865, 0.018471420458432218, -0.6003420098754526, 0.30020160968404247], [4.4076125607474606e-05, 0.9995251888222881, 0.030812253521360907, 0.21691853228709923], [0.6006261068687786, -0.024661782904268657, 0.7991495956400388, -0.3752060502270478], [0.0, 0.0, 0.0, 1.0]]","[[0.7973206537727071, -0.0, -0.6035559419535714, 0.3], [0.0, 1.0, -0.0, -0.22], [0.6035559419535714, 0.0, 0.7973206537727071, -0.373125], [0.0, 0.0, 0.0, 1.0]]","[[0.8039540563059273, -0.015520737908424625, -0.5944888409751891, 0.3001421016765017], [-2.653491655156201e-05, 0.9996584308393004, -0.026134669460427428, -0.2173865296236101], [0.5946914112757505, 0.021026848234711387, 0.8036790385521887, -0.37756098201634625], [0.0, 0.0, 0.0, 1.0]]"
0.8333333333333334,-17.403952090143424,41.014640513050004,-61.68175816784933,-94.7158314848326,-3.024583641852774,42.412705104070746,88.22217939560471,-17.403952090143424,-41.014640513050004,61.68175816784933,-94.7158314848326,3.024583641852774,42.412705104070746,-88.22217939560471,"[[0.7933533402912352, -0.0, -0.6087614290087207, 0.3], [0.0, 1.0, -0.0, 0.22], [0.6087614290087207, 0.0, 0.7933533402912352, -0.3708333333333333], [0.0, 0.0, 0.0, 1.0]]","[[0.7949797119382345, 0.02135452004482545, -0.6062600449314282, 0.30027028166693076], [6.804729120474425e-05, 0.9993770884986839, 0.03529065532772247, 0.21647070520898376], [0.6066360135832427, -0.028096609360367574, 0.794483056815111, -0.3728410457342089], [0.0, 0.0, 0.0, 1.0]]","[[0.7933533402912352, -0.0, -0.6087614290087207, 0.3], [0.0, 1.0, -0.0, -0.22], [0.6087614290087207, 0.0, 0.7933533402912352, -0.3708333333333333], [0.0, 0.0, 0.0, 1.0]]","[[0.7995292796292854, -0.018469534664889597, -0.6003430746704241, 0.3002018420373276], [-4.4584317471106985e-05, 0.9995252663329636, -0.030809738302310336, -0.21691901768824823], [0.6006271131306966, 0.024660053756645674, 0.799148892710867, -0.37520617079620233], [0.0, 0.0, 0.0, 1.0]]"
0.8416666666666667,-16.35061056162781,40.86230338889662,-60.12127850855486,-95.21376593570487,-2.7586933420874633,42.42740367116461,86.89787401743095,-16.35061056162781,-40.86230338889662,60.12127850855486,-95.21376593570487,2.7586933420874633,42.42740367116461,-86.89787401743095,"[[0.7893520421931501, -0.0, -0.6139408387503664, 0.3], [0.0, 1.0, -0.0, 0.22], [0.6139408387503664, 0.0, 0.7893520421931501, -0.36854166666666666], [0.0, 0.0, 0.0, 1.0]]","[[0.7903061331747717, 0.024167801779143273, -0.6122353577044569, 0.3003472671406898], [9.850576948720706e-05, 0.9992167591775607, 0.039570929674523934, 0.21604265378333823], [0.6127121723639523, -0.03133345713222179, 0.7896847524811339, -0.3704662533629649], [0.0, 0.0, 0.0, 1.0]]","[[0.7893520421931501, -0.0, -0.6139408387503664, 0.3], [0.0, 1.0, -0.0, -0.22], [0.6139408387503664, 0.0, 0.7893520421931501, -0.36854166666666666], [0.0, 0.0, 0.0, 1.0]]","[[0.7903053736642853, -0.024165927132492823, -0.6122364121180489, 0.3003474865901352], [-9.895928892856426e-05, 0.9992168596570015, -0.0395683912265784, -0.21604313142599826], [0.612713151943398, 0.031331698693615045, 0.7896840621999149, -0.37046637903750007], [0.0, 0.0, 0.0, 1.0]]"
0.85,-15.30522278840068,40.68322265904806,-58.570709453746076,-95.70807355612786,-2.4977384943277214,42.4405039739927,85.57517373371212,-15.30522278840068,-40.68322265904806,58.570709453746076,-95.70807355612786,2.4977384943277214,42.4405039739927,-85.57517373371212,"[[0.7853169308807451, -0.0, -0.619093949309834, 0.3], [0.0, 1.0, -0.0, 0.22], [0.619093949309834, 0.0, 0.7853169308807451, -0.36624999999999996], [0.0, 0.0, 0.0, 1.0]]","[[0.7855119783575301, 0.026907007713570887, -0.6182612269847924, 0.3004318973160591], [0.0001358234372950736, 0.9990468082684119, 0.043651534230687475, 0.21563458705079544], [0.6188464376635233, -0.034372777376884114, 0.7847595802324213, -0.3680822142456399], [0.0, 0.0, 0.0, 1.0]]","[[0.7853169308807451, -0.0, -0.619093949309834, 0.3], [0.0, 1.0, -0.0, -0.22], [0.619093949309834, 0.0, 0.7853169308807451, -0.36624999999999996], [0.0, 0.0, 0.0, 1.0]]","[[0.7903053736642853, -0.024165927132492823, -0.6122364121180489, 0.3003474865901352], [-9.895928892856426e-05, 0.9992168596570015, -0.0395683912265784, -0.21604313142599826], [0.612713151943398, 0.031331698693615045, 0.7896840621999149, -0.37046637903750007], [0.0, 0.0, 0.0, 1.0]]"
0.8583333333333333,-14.269270067738274,40.47764079521985,-57.031345324270696,-96.19880215742577,-2.2418947625012646,42.45208114463587,84.25430394069087,-14.269270067738274,-40.47764079521985,57.031345324270696,-96.19880215742577,2.2418947625012646,42.45208114463587,-84.25430394069087,"[[0.7812481792047586, -0.0, -0.6242205399450177, 0.3], [0.0, 1.0, -0.0, 0.22], [0.6242205399450177, 0.0, 0.7812481792047586, -0.3639583333333333], [0.0, 0.0, 0.0, 1.0]]","[[0.7805998792520237, 0.02956812433352203, -0.6243312858852449, 0.3005236137590046], [0.00018009777924989784, 0.9988697319458388, 0.0475313177519617, 0.21524664206485705], [0.6250310360906216, -0.037215381575975044, 0.7797122669918941, -0.3656893222707766], [0.0, 0.0, 0.0, 1.0]]","[[0.7812481792047586, -0.0, -0.6242205399450177, 0.3], [0.0, 1.0, -0.0, -0.22], [0.6242205399450177, 0.0, 0.7812481792047586, -0.3639583333333333], [0.0, 0.0, 0.0, 1.0]]","[[0.7855112174898101, -0.026905138185997348, -0.6182622750393788, 0.30043211014283555], [-0.00013624969367779377, 0.9990469195685845, -0.043648985515624995, -0.21563506024606216], [0.6188474033505328, 0.03437100580016033, 0.7847588963029271, -0.3680823422312247], [0.0, 0.0, 0.0, 1.0]]"
0.8666666666666667,-13.244175640308898,40.24583100497878,-55.504449705125175,-96.68599955092277,-1.9913386643094557,42.46220348498583,82.93551052517729,-13.244175640308898,-40.24583100497878,55.504449705125175,-96.68599955092277,1.9913386643094557,42.46220348498583,-82.93551052517729,"[[0.7771459614569709, -0.0, -0.6293203910498375, 0.3], [0.0, 1.0, -0.0, 0.22], [0.6293203910498375, 0.0, 0.7771459614569709, -0.3616666666666666], [0.0, 0.0, 0.0, 1.0]]","[[0.7755729069818154, 0.03214740080436994, -0.6304389031280506, 0.300621723160517], [0.000231392174567243, 0.9986878880695356, 0.051209849451764586, 0.21487879182782477], [0.6312579602772848, -0.03986285043413276, 0.7745478298606407, -0.36328808859344547], [0.0, 0.0, 0.0, 1.0]]","[[0.7771459614569709, -0.0, -0.6293203910498375, 0.3], [0.0, 1.0, -0.0, -0.22], [0.6293203910498375, 0.0, 0.7771459614569709, -0.3616666666666666], [0.0, 0.0, 0.0, 1.0]]","[[0.7755721442798049, -0.03214554046550955, -0.6304399362710186, 0.30062192250159686], [-0.00023176433591669265, 0.9986880195901371, -0.05120728280647931, -0.2148792550550766], [0.6312588972066201, 0.03986105562212876, 0.7745471586302357, -0.3632882206907609], [0.0, 0.0, 0.0, 1.0]]"
0.875,-12.231292737341857,39.98811772231045,-53.99120763413051,-97.16970671775391,-1.7462477846707147,42.47093929693427,81.6190462041707,-12.231292737341857,-39.98811772231045,53.99120763413051,-97.16970671775391,1.7462477846707147,42.47093929693427,-81.6190462041707,"[[0.773010453362737, -0.0, -0.6343932841636455, 0.3], [0.0, 1.0, -0.0, 0.22], [0.6343932841636455, 0.0, 0.773010453362737, -0.35937499999999994], [0.0, 0.0, 0.0, 1.0]]","[[0.7704342351455351, 0.03464092620941901, -0.6365776429840027, 0.3007256079754121], [0.00028981405370557753, 0.9985035173668292, 0.05468676086481032, 0.2145310955377433], [0.6375194156443622, -0.04231704192667844, 0.7692712542653906, -0.3608789938960867], [0.0, 0.0, 0.0, 1.0]]","[[0.773010453362737, -0.0, -0.6343932841636455, 0.3], [0.0, 1.0, -0.0, -0.22], [0.6343932841636455, 0.0, 0.773010453362737, -0.35937499999999994], [0.0, 0.0, 0.0, 1.0]]","[[0.7755721442798049, -0.03214554046550955, -0.6304399362710186, 0.30062192250159686], [-0.00023176433591669265, 0.9986880195901371, -0.05120728280647931, -0.2148792550550766], [0.6312588972066201, 0.03986105562212876, 0.7745471586302357, -0.3632882206907609], [0.0, 0.0, 0.0, 1.0]]"
0.8833333333333333,-11.231901165532884,39.70486294724085,-52.49272560193224,-97.64996463905419,-1.506799281616639,42.47836712765666,80.30513637391368,-11.231901165532884,-39.70486294724085,52.49272560193224,-97.64996463905419,1.506799281616639,42.47836712765666,-80.30513637391368,"[[0.7688418320734596, -0.0, -0.6394390019805847, 0.3], [0.0, 1.0, -0.0, 0.22], [0.6394390019805847, 0.0, 0.7688418320734596, -0.3570833333333333], [0.0, 0.0, 0.0, 1.0]]","[[0.7651871631993689, 0.03704516554414644, -0.6427412084071702, 0.3008346841958191], [0.000354942197590212, 0.9983187347073111, 0.05796186632976645, 0.2142035936024487], [0.6438077968547282, -0.04457981204760883, 0.7638875316870024, -0.3584624962580917], [0.0, 0.0, 0.0, 1.0]]","[[0.7688418320734596, -0.0, -0.6394390019805847, 0.3], [0.0, 1.0, -0.0, -0.22], [0.6394390019805847, 0.0, 0.7688418320734596, -0.3570833333333333], [0.0, 0.0, 0.0, 1.0]]","[[0.7651863998832904, -0.03704331283684601, -0.6427422239185169, 0.3008348698633596], [-0.0003552611898257965, 0.998318884457446, -0.05795928506397934, -0.2142040455311827], [0.6438087039044565, 0.044577998045136284, 0.7638868730821021, -0.35846263175976706], [0.0, 0.0, 0.0, 1.0]]"
0.8916666666666666,-10.247200476854962,39.396456000552675,-51.01004179728422,-98.12681429595862,-1.2731708467873544,42.48455869413928,78.99402692121637,-10.247200476854962,-39.396456000552675,51.01004179728422,-98.12681429595862,1.2731708467873544,42.48455869413928,-78.99402692121637,"[[0.7646402761590002, -0.0, -0.6444573283588975, 0.3], [0.0, 0.9999999999999999, -0.0, 0.22], [0.6444573283588975, 0.0, 0.7646402761590002, -0.3547916666666666], [0.0, 0.0, 0.0, 1.0]]","[[0.7598352905520455, 0.039356672991585524, -0.648923249331323, 0.3009483100237049], [0.00042656664421793916, 0.99813549926752, 0.061035589149914075, 0.21389621634214306], [0.6501154891806432, -0.046653803628562494, 0.7584017888523212, -0.35603910799581606], [0.0, 0.0, 0.0, 1.0]]","[[0.7646402761590002, -0.0, -0.6444573283588975, 0.3], [0.0, 0.9999999999999999, -0.0, -0.22], [0.6444573283588975, 0.0, 0.7646402761590002, -0.3547916666666666], [0.0, 0.0, 0.0, 1.0]]","[[0.7598345274011302, -0.03935482346655857, -0.6489242550860748, 0.3009484888320864], [-0.00042685951895912386, 0.9981356573578414, -0.06103300174316463, -0.2138966621645524], [0.6501163809350232, 0.046651981530756795, 0.7584011365096981, -0.356039244926995], [0.0, 0.0, 0.0, 1.0]]"
0.9,-9.278309968558327,39.063320353974476,-49.54410220138647,-98.60028300922392,-1.0455396382144586,42.489585713368406,77.68595690269973,-9.278309968558327,-39.063320353974476,49.54410220138647,-98.60028300922392,1.0455396382144586,42.489585713368406,-77.68595690269973,"[[0.760405965600031, -0.0, -0.6494480483301837, 0.3], [0.0, 1.0, -0.0, 0.22], [0.6494480483301837, 0.0, 0.760405965600031, -0.3524999999999999], [0.0, 0.0, 0.0, 1.0]]","[[0.7543822880617805, 0.04157203535094477, -0.6551176454160371, 0.301065938655923], [0.0005043754583288276, 0.9979556394971931, 0.06390842824812029, 0.21360894814816744], [0.6564351522154109, -0.04854181159091514, 0.7528190907936663, -0.3536093301804917], [0.0, 0.0, 0.0, 1.0]]","[[0.760405965600031, -0.0, -0.6494480483301837, 0.3], [0.0, 1.0, -0.0, -0.22], [0.6494480483301837, 0.0, 0.760405965600031, -0.3524999999999999], [0.0, 0.0, 0.0, 1.0]]","[[0.7543815253967456, -0.04157018856519297, -0.6551186408298375, 0.30106611061460825], [-0.0005046425839704549, 0.9979558054007078, -0.06390583543689243, -0.2136093875836307], [0.6564360284718853, 0.048539982382351896, 0.75281844466935, -0.3536094683568233], [0.0, 0.0, 0.0, 1.0]]"
0.9083333333333333,-8.32626099920765,38.70591021508605,-48.09578107845278,-99.07041859017423,-0.8240826538469898,42.49353014761409,76.38116537498468,-8.32626099920765,-38.70591021508605,48.09578107845278,-99.07041859017423,0.8240826538469898,42.49353014761409,-76.38116537498468,"[[0.7561390817803226, -0.0, -0.6544109481086104, 0.3], [0.0, 1.0, -0.0, 0.22], [0.6544109481086104, 0.0, 0.7561390817803226, -0.3502083333333333], [0.0, 0.0, 0.0, 1.0]]","[[0.7488321014736379, 0.04368826186255586, -0.6613182437964376, 0.3011869241346642], [0.0005878350505362784, 0.99778082292387, 0.06658140773007455, 0.21334165293401278], [0.6627594874858669, -0.05024704151284748, 0.7471446289485574, -0.35117365698228337], [0.0, 0.0, 0.0, 1.0]]","[[0.7561390817803226, -0.0, -0.6544109481086104, 0.3], [0.0, 1.0, -0.0, -0.22], [0.6544109481086104, 0.0, 0.7561390817803226, -0.3502083333333333], [0.0, 0.0, 0.0, 1.0]]","[[0.7488313396190849, -0.04368641736130831, -0.661319228317475, 0.3011870892704896], [-0.0005880768341330819, 0.9977809961087596, -0.06657881021653121, -0.2133420857206903], [0.6627603480670251, 0.050245206162830146, 0.7471439889925708, -0.35117379621849465], [0.0, 0.0, 0.0, 1.0]]"
0.9166666666666666,-7.392000403776626,38.324703697129294,-46.66585365495393,-99.53725518975543,-0.6089760912211932,42.49646712895719,75.07988456450302,-7.392000403776626,-38.324703697129294,46.66585365495393,-99.53725518975543,0.6089760912211932,42.49646712895719,-75.07988456450302,"[[0.7518398074789775, -0.0, -0.6593458151000688, 0.3], [0.0, 1.0, -0.0, 0.22], [0.6593458151000688, 0.0, 0.7518398074789775, -0.34791666666666665], [0.0, 0.0, 0.0, 1.0]]","[[0.7431887018510847, 0.04570248077595917, -0.6675191657861389, 0.30131072362968103], [0.0006763962149653122, 0.9976125706796808, 0.0690557840447816, 0.21309421449159288], [0.6690815316006414, -0.05177298593670464, 0.741383478368744, -0.34873256387709783], [0.0, 0.0, 0.0, 1.0]]","[[0.7518398074789775, -0.0, -0.6593458151000688, 0.3], [0.0, 1.0, -0.0, -0.22], [0.6593458151000688, 0.0, 0.7518398074789775, -0.34791666666666665], [0.0, 0.0, 0.0, 1.0]]","[[0.7431879411343667, -0.045700638095480306, -0.6675201388947956, 0.30131088198596956], [-0.0006766130982043157, 0.9976127506111577, -0.06905318249548856, -0.2130946403868384], [0.6690823763537466, 0.051771145396889214, 0.7413828445257671, -0.34873270398751127], [0.0, 0.0, 0.0, 1.0]]"
0.9249999999999999,-6.476387505440206,37.92020281900822,-45.255009779996094,-100.00082695891336,-0.40039521405838846,42.49847178947859,73.7823535278757,-6.476387505440206,-37.92020281900822,45.255009779996094,-100.00082695891336,0.40039521405838846,42.49847178947859,-73.7823535278757,"[[0.7475083268625969, -0.0, -0.6642524379112817, 0.3], [0.0, 1.0, -0.0, 0.22], [0.6642524379112817, 0.0, 0.7475083268625969, -0.34562499999999996], [0.0, 0.0, 0.0, 1.0]]","[[0.7374562108219452, 0.04761196281550209, -0.673714656302647, 0.3014367979830074], [0.0007695648859999751, 0.997452250156087, 0.07133313695923649, 0.2128664888186343], [0.6753945105566264, -0.05312353203067545, 0.7355407163811946, -0.34628652751724326], [0.0, 0.0, 0.0, 1.0]]","[[0.7475083268625969, -0.0, -0.6642524379112817, 0.3], [0.0, 1.0, -0.0, -0.22], [0.6642524379112817, 0.0, 0.7475083268625969, -0.34562499999999996], [0.0, 0.0, 0.0, 1.0]]","[[0.7431879411343667, -0.045700638095480306, -0.6675201388947956, 0.30131088198596956], [-0.0006766130982043157, 0.9976127506111577, -0.06905318249548856, -0.2130946403868384], [0.6690823763537466, 0.051771145396889214, 0.7413828445257671, -0.34873270398751127], [0.0, 0.0, 0.0, 1.0]]"
0.9333333333333333,-5.5801932618009555,37.49292326000514,-43.86386417060458,-100.46116121840471,-0.1985140854607051,42.49962609144833,72.4888044915345,-5.5801932618009555,-37.49292326000514,43.86386417060458,-100.46116121840471,0.1985140854607051,42.49962609144833,-72.4888044915345,"[[0.7431448254773942, -0.0, -0.6691306063588582, 0.3], [0.0, 1.0, -0.0, 0.22], [0.6691306063588582, 0.0, 0.7431448254773942, -0.34333333333333327], [0.0, 0.0, 0.0, 1.0]]","[[0.7316390466674488, 0.04941425822572634, -0.6798989163659169, 0.3015645601639925], [0.0008666468859069056, 0.997301081085425, 0.07341527490255564, 0.2126582857499288], [0.6816916856722853, -0.05430271401913448, 0.7296215874927456, -0.34383610837915984], [0.0, 0.0, 0.0, 1.0]]","[[0.7431448254773942, -0.0, -0.6691306063588582, 0.3], [0.0, 1.0, -0.0, -0.22], [0.6691306063588582, 0.0, 0.7431448254773942, -0.34333333333333327], [0.0, 0.0, 0.0, 1.0]]","[[0.7316382892155932, -0.04941241777481746, -0.6798998652179064, 0.3015647051524214], [-0.0008668154140552449, 0.9973012729035791, -0.0734126671354419, -0.21265869721221922], [0.6816924984072498, 0.05430086587291347, 0.729620965694335, -0.3438362496823734], [0.0, 0.0, 0.0, 1.0]]"
0.9416666666666667,-4.704104533757284,37.04340118996993,-42.49292909096713,-100.9182989493645,-0.0035054528517435533,42.49999833675809,71.19946285172202,-4.704104533757284,-37.04340118996993,42.49292909096713,-100.9182989493645,0.0035054528517435533,42.49999833675809,-71.19946285172202,"[[0.7387494902412464, -0.0, -0.6739801114782978, 0.3], [0.0, 1.0, -0.0, 0.22], [0.6739801114782978, 0.0, 0.7387494902412464, -0.34104166666666663], [0.0, 0.0, 0.0, 1.0]]","[[0.7257414535598032, 0.051107389604593614, -0.6860665983071236, 0.3016935129159931], [0.0009669692761514019, 0.9971601032288399, 0.07530467116366894, 0.2124693433454062], [0.6879668651579979, -0.055315126832120795, 0.7236310034736099, -0.34138172261605987], [0.0, 0.0, 0.0, 1.0]]","[[0.7387494902412464, -0.0, -0.6739801114782978, 0.3], [0.0, 1.0, -0.0, -0.22], [0.6739801114782978, 0.0, 0.7387494902412464, -0.34104166666666663], [0.0, 0.0, 0.0, 1.0]]","[[0.7257406982369244, -0.051105549559109065, -0.686067534377515, 0.3016936513442727], [-0.0009671144009208328, 0.9971603001913407, -0.07530206114078596, -0.21246974730511128], [0.6879676617489493, 0.055313276223494315, 0.7236303876020593, -0.3413818642400069], [0.0, 0.0, 0.0, 1.0]]"
0.95,-3.848723231729798,36.572186439130746,-41.142641673190624,-101.37226064236023,0.18445957052101547,42.4996773178671,69.91455400468088,-3.848723231729798,-36.572186439130746,41.142641673190624,-101.37226064236023,-0.18445957052101547,42.4996773178671,-69.91455400468088,"[[0.7343225094356856, -0.0, -0.6788007455329417, 0.3], [0.0, 1.0, -0.0, 0.22], [0.6788007455329417, 0.0, 0.7343225094356856, -0.33875], [0.0, 0.0, 0.0, 1.0]]","[[0.7197680065657874, 0.05268923635980801, -0.6922122948172281, 0.3018231482606657], [0.001069765871345045, 0.9970302512192151, 0.07700346586180211, 0.21229948668243034], [0.6942138520119671, -0.05616513621072687, 0.7175741112589956, -0.33892390619607926], [0.0, 0.0, 0.0, 1.0]]","[[0.7343225094356856, -0.0, -0.6788007455329417, 0.3], [0.0, 1.0, -0.0, -0.22], [0.6788007455329417, 0.0, 0.7343225094356856, -0.33875], [0.0, 0.0, 0.0, 1.0]]","[[0.7257406982369244, -0.051105549559109065, -0.686067534377515, 0.3016936513442727], [-0.0009671144009208328, 0.9971603001913407, -0.07530206114078596, -0.21246974730511128], [0.6879676617489493, 0.055313276223494315, 0.7236303876020593, -0.3413818642400069], [0.0, 0.0, 0.0, 1.0]]"
0.9583333333333334,-3.0145703710861236,36.07983566790496,-39.8133605022065,-101.82308727852691,0.36521165566360986,42.498731336667056,68.6343033466537,-3.0145703710861236,-36.07983566790496,39.8133605022065,-101.82308727852691,-0.36521165566360986,42.498731336667056,-68.6343033466537,"[[0.7298640726978356, -0.0, -0.6835923020228712, 0.3], [0.0, 1.0, -0.0, 0.22], [0.6835923020228712, 0.0, 0.7298640726978356, -0.3364583333333333], [0.0, 0.0, 0.0, 1.0]]","[[0.7137232309375259, 0.05415842704529723, -0.6983308774499937, 0.3019529399772658], [0.0011743297471651787, 0.9969122523424703, 0.0785148526019625, 0.21214834363097973], [0.7004268488355825, -0.05685794499840979, 0.711455833851135, -0.3364631119934923], [0.0, 0.0, 0.0, 1.0]]","[[0.7298640726978356, -0.0, -0.6835923020228712, 0.3], [0.0, 1.0, -0.0, -0.22], [0.6835923020228712, 0.0, 0.7298640726978356, -0.3364583333333333], [0.0, 0.0, 0.0, 1.0]]","[[0.7137224808650176, -0.054156586403100455, -0.6983317868012657, 0.30195306559536716], [-0.0011744297157477018, 0.9969124580168877, -0.07851223959084502, -0.21214873210951962], [0.7004276129784774, 0.056856092020917154, 0.7114552296366803, -0.3364632537161216], [0.0, 0.0, 0.0, 1.0]]"
0.9666666666666667,-2.2020888469052533,35.56691919708827,-38.50535537048697,-102.27080617862126,0.53858357466566,42.4972389403334,67.35893627388306,-2.2020888469052533,-35.56691919708827,38.50535537048697,-102.27080617862126,-0.53858357466566,42.4972389403334,-67.35893627388306,"[[0.7253743710122877, -0.0, -0.688354575693754, 0.3], [0.0, 1.0, -0.0, 0.22], [0.688354575693754, 0.0, 0.7253743710122877, -0.3341666666666666], [0.0, 0.0, 0.0, 1.0]]","[[0.7076116906602271, 0.05551346277666022, -0.7044174548458604, 0.3020824443774643], [0.0012800297969219158, 0.9968067257968606, 0.07984179939017942, 0.21201564960897792], [0.7066003515175281, -0.05739866598351413, 0.7052810336161174, -0.3339997922147939], [0.0, 0.0, 0.0, 1.0]]","[[0.7253743710122877, -0.0, -0.688354575693754, 0.3], [0.0, 1.0, -0.0, -0.22], [0.688354575693754, 0.0, 0.7253743710122877, -0.3341666666666666], [0.0, 0.0, 0.0, 1.0]]","[[0.707610943706595, -0.05551162114441171, -0.7044183503178929, 0.3020825637674369], [-0.0012801080437771992, 0.9968069350531551, -0.07983918557532783, -0.21201603014636586], [0.7066010993977143, 0.057396813046149894, 0.7052804351334915, -0.3339999337201362], [0.0, 0.0, 0.0, 1.0]]"
0.975,-1.4116471692372508,35.03400393238178,-37.21883118370712,-102.71543783321074,0.7044102690689616,42.495275260947025,66.08865086185492,-1.4116471692372508,-35.03400393238178,37.21883118370712,-102.71543783321074,-0.7044102690689616,42.495275260947025,-66.08865086185492,"[[0.7208535967029187, -0.0, -0.6930873625456359, 0.3], [0.0, 0.9999999999999999, -0.0, 0.22], [0.6930873625456359, 0.0, 0.7208535967029187, -0.331875], [0.0, 0.0, 0.0, 1.0]]","[[0.7014380966446702, 0.05675350754574809, -0.710467195552868, 0.3022111914235689], [0.0013858136670115082, 0.9967141396141826, 0.08098767445506694, 0.21190105841543852], [0.7127290341328764, -0.05779241537100083, 0.6990546192033946, -0.33153446481748966], [0.0, 0.0, 0.0, 1.0]]","[[0.7208535967029187, -0.0, -0.6930873625456359, 0.3], [0.0, 0.9999999999999999, -0.0, -0.22], [0.6930873625456359, 0.0, 0.7208535967029187, -0.331875], [0.0, 0.0, 0.0, 1.0]]","[[0.7014373531366339, -0.0567516644737797, -0.7104680768367632, 0.3022113047162701], [-0.0013858707787238224, 0.996714351947634, -0.08098506025059601, -0.21190143090222782], [0.7127297657505668, 0.05779056325269307, 0.6990540263900056, -0.3315346059314045], [0.0, 0.0, 0.0, 1.0]]"
0.9833333333333333,-0.6435426647544228,34.481673854959524,-35.95391088527202,-103.15701639324124,0.8625293084373156,42.49291543058879,64.82367250681187,-0.6435426647544228,-34.481673854959524,35.95391088527202,-103.15701639324124,-0.8625293084373156,42.49291543058879,-64.82367250681187,"[[0.7163019434246543, -0.0, -0.6977904598416801, 0.3], [0.0, 1.0, -0.0, 0.22], [0.6977904598416801, 0.0, 0.7163019434246543, -0.3295833333333333], [0.0, 0.0, 0.0, 1.0]]","[[0.6952070184053581, 0.05787767429754459, -0.7164756634930732, 0.3023387711304643], [0.0014911288478217793, 0.9966348251409403, 0.08195609709501005, 0.21180423969903764], [0.718808025897521, -0.05804481143215874, 0.6927812221553886, -0.3290675245240998], [0.0, 0.0, 0.0, 1.0]]","[[0.7163019434246543, -0.0, -0.6977904598416801, 0.3], [0.0, 1.0, -0.0, -0.22], [0.6977904598416801, 0.0, 0.7163019434246543, -0.3295833333333333], [0.0, 0.0, 0.0, 1.0]]","[[0.6952062786665187, -0.05787582934748388, -0.7164765303064656, 0.3023388784650754], [-0.001491165419068078, 0.9966350400568811, -0.08195348288213347, -0.21180460404322152], [0.7188087412715177, 0.05804296088381514, 0.6927806349512782, -0.32906766507551716], [0.0, 0.0, 0.0, 1.0]]"
0.9916666666666667,0.1019931471427509,33.91049245542804,-34.710662777073374,-103.59556917946942,1.0127806635729022,42.490227751150385,63.564206114429034,0.1019931471427509,-33.91049245542804,34.710662777073374,-103.59556917946942,-1.0127806635729022,42.490227751150385,-63.564206114429034,"[[0.7117196061551714, -0.0, -0.7024636661168518, 0.3], [0.0, 1.0, -0.0, 0.22], [0.7024636661168518, 0.0, 0.7117196061551714, -0.3272916666666666], [0.0, 0.0, 0.0, 1.0]]","[[0.6889231612274912, 0.058885721950919456, -0.7224384746638564, 0.3024647323716634], [0.001595283566946281, 0.9965689541390309, 0.08275128226547014, 0.2117246995448656], [0.7248326241241225, -0.0581617692007171, 0.6864654948420796, -0.3265994467610521], [0.0, 0.0, 0.0, 1.0]]","[[0.7117196061551714, -0.0, -0.7024636661168518, 0.3], [0.0, 1.0, -0.0, -0.22], [0.7024636661168518, 0.0, 0.7117196061551714, -0.3272916666666666], [0.0, 0.0, 0.0, 1.0]]","[[0.6952062786665187, -0.05787582934748388, -0.7164765303064656, 0.3023388784650754], [-0.001491165419068078, 0.9966350400568811, -0.08195348288213347, -0.21180460404322152], [0.7188087412715177, 0.05804296088381514, 0.6927806349512782, -0.32906766507551716], [0.0, 0.0, 0.0, 1.0]]"
1.0,0.8247909124474083,33.321043714961355,-33.48908002892201,-104.03110985227362,1.1550076136507819,42.48729076980728,62.31044976019233,0.8247909124474083,-33.321043714961355,33.48908002892201,-104.03110985227362,-1.1550076136507819,42.48729076980728,-62.31044976019233,"[[0.7071067811865475, -0.0, -0.7071067811865476, 0.3], [0.0, 1.0, -0.0, 0.22], [0.7071067811865476, 0.0, 0.7071067811865475, -0.32499999999999996], [0.0, 0.0, 0.0, 1.0]]","[[0.6825911760008307, 0.0597773353180337, -0.7283515336896589, 0.3025887258663], [0.0016974086530412227, 0.9965166327889188, 0.08337697151432065, 0.21166215058596055], [0.7307984710230773, -0.05814869523308856, 0.6801119937135515, -0.3241306860393197], [0.0, 0.0, 0.0, 1.0]]","[[0.7071067811865475, -0.0, -0.7071067811865476, 0.3], [0.0, 1.0, -0.0, -0.22], [0.7071067811865476, 0.0, 0.7071067811865475, -0.32499999999999996], [0.0, 0.0, 0.0, 1.0]]","[[0.6825904447574689, -0.05977548535019198, -0.7283523708185138, 0.3025888217308901], [-0.0016974059481350487, 0.9965168514333727, -0.0833743583025664, -0.21166249843571394], [0.7307991540353944, 0.05814684996168298, 0.6801114175638323, -0.3241308249660801], [0.0, 0.0, 0.0, 1.0]]"
1.0083333333333333,1.524738560028266,32.71389795435517,-32.28910116911539,-104.46367939278886,1.2890561592495116,42.484169373356586,61.06260151958767,1.524738560028266,-32.71389795435517,32.28910116911539,-104.46367939278886,-1.2890561592495116,42.484169373356586,-61.06260151958767,"[[0.7024636661168517, -0.0, -0.7117196061551713, 0.3], [0.0, 1.0, -0.0, 0.22], [0.7117196061551713, 0.0, 0.7024636661168517, -0.3227083333333333], [0.0, 0.0, 0.0, 1.0]]","[[0.676215512274715, 0.06055294948851497, -0.7342110876766208, 0.30271037380060545], [0.0017968635745254924, 0.9964777835949065, 0.08383792747365414, 0.21161606464817495], [0.7367016711263386, -0.05801178423410629, 0.6737249295147361, -0.3216615830373751], [0.0, 0.0, 0.0, 1.0]]","[[0.7024636661168517, -0.0, -0.7117196061551713, 0.3], [0.0, 1.0, -0.0, -0.22], [0.7117196061551713, 0.0, 0.7024636661168517, -0.3227083333333333], [0.0, 0.0, 0.0, 1.0]]","[[0.6825904447574689, -0.05977548535019198, -0.7283523708185138, 0.3025888217308901], [-0.0016974059481350487, 0.9965168514333727, -0.0833743583025664, -0.21166249843571394], [0.7307991540353944, 0.05814684996168298, 0.6801114175638323, -0.3241308249660801], [0.0, 0.0, 0.0, 1.0]]"
1.0166666666666666,2.20177700608096,32.089618664216005,-31.110613499532224,-104.8932914613935,1.4147760362073514,42.480928448595414,59.82085946810102,2.20177700608096,-32.089618664216005,31.110613499532224,-104.8932914613935,-1.4147760362073514,42.480928448595414,-59.82085946810102,"[[0.6977904598416803, -0.0, -0.7163019434246543, 0.3], [0.0, 1.0, -0.0, 0.22], [0.7163019434246543, 0.0, 0.6977904598416803, -0.3204166666666666], [0.0, 0.0, 0.0, 1.0]]","[[0.6698007446023462, 0.06121295596749504, -0.7400134705205467, 0.3028293339158451], [0.0018931144143157948, 0.9964522514417735, 0.08413873492295294, 0.21158599327484964], [0.7425384694734386, -0.05775711746912361, 0.6673085768470992, -0.3191925927002899], [0.0, 0.0, 0.0, 1.0]]","[[0.6977904598416803, -0.0, -0.7163019434246543, 0.3], [0.0, 1.0, -0.0, -0.22], [0.7163019434246543, 0.0, 0.6977904598416803, -0.3204166666666666], [0.0, 0.0, 0.0, 1.0]]","[[0.6698000231010615, -0.0612110994024711, -0.7400142771350825, 0.3028294189434958], [-0.0018930748505721247, 0.9964524719858422, -0.08413612387621998, -0.21158632445557418], [0.7425391203979949, 0.05775528013303464, 0.6673080115623721, -0.31919272935976695], [0.0, 0.0, 0.0, 1.0]]"
1.025,2.8558948313829724,31.4487659200558,-29.95345309563242,-105.3199733788442,1.53202028873544,42.47763629741547,58.58540119065077,2.8558948313829724,-31.4487659200558,29.95345309563242,-105.3199733788442,-1.53202028873544,42.47763629741547,-58.58540119065077,"[[0.693087362545636, -0.0, -0.7208535967029187, 0.3], [0.0, 1.0, -0.0, 0.22], [0.7208535967029187, 0.0, 0.693087362545636, -0.318125], [0.0, 0.0, 0.0, 1.0]]","[[0.6633512687082551, 0.061758321866958434, -0.7457553244753441, 0.3029452824974139], [0.001985391217136624, 0.9964397705184181, 0.08428429243291656, 0.2115714281593665], [0.7483055208435012, -0.057390708388898995, 0.6608669715349353, -0.31672408402506474], [0.0, 0.0, 0.0, 1.0]]","[[0.693087362545636, -0.0, -0.7208535967029187, 0.3], [0.0, 1.0, -0.0, -0.22], [0.7208535967029187, 0.0, 0.693087362545636, -0.318125], [0.0, 0.0, 0.0, 1.0]]","[[0.6633505525325889, -0.06175646145393538, -0.7457561155789455, 0.3029453623550856], [-0.0019853341274422773, 0.9964399913624025, -0.08428168283854844, -0.21157175097657194], [0.7483061558634349, 0.0573888759463352, 0.6608664116253032, -0.3167242193192062], [0.0, 0.0, 0.0, 1.0]]"
1.0333333333333332,3.4871251196630952,30.791899797386503,-28.81740822155171,-105.74374563570846,1.6406459097480302,42.474350976424695,57.356417932533695,3.4871251196630952,-30.791899797386503,28.81740822155171,-105.74374563570846,-1.6406459097480302,42.474350976424695,-57.356417932533695,"[[0.6883545756937541, -0.0, -0.7253743710122876, 0.3], [0.0, 1.0, -0.0, 0.22], [0.7253743710122876, 0.0, 0.6883545756937541, -0.31583333333333324], [0.0, 0.0, 0.0, 1.0]]","[[0.6568713458541818, 0.06219008818859191, -0.7514335818466001, 0.30305794179863044], [0.002073228266280116, 0.9964399870469182, 0.08427961757443794, 0.2115719029602964], [0.7539998254113006, -0.05691875916631328, 0.6544039411057176, -0.31425641663729964], [0.0, 0.0, 0.0, 1.0]]","[[0.6883545756937541, -0.0, -0.7253743710122876, 0.3], [0.0, 1.0, -0.0, -0.22], [0.7253743710122876, 0.0, 0.6883545756937541, -0.31583333333333324], [0.0, 0.0, 0.0, 1.0]]","[[0.6568706352991065, -0.06218822358590483, -0.7514343572987449, 0.3030580166562679], [-0.0020731542477903445, 0.9964402077778863, -0.08427700964692306, -0.2115722174126393], [0.7540004446372782, 0.056916932197652766, 0.6544033865407443, -0.31425655041664763], [0.0, 0.0, 0.0, 1.0]]"
1.0416666666666667,4.095539374464202,30.119559881152544,-27.702226160290802,-106.16462189236465,1.7405141610276063,42.47113054223103,56.134073618289875,4.095539374464202,-30.119559881152544,27.702226160290802,-106.16462189236465,-1.7405141610276063,42.47113054223103,-56.134073618289875,"[[0.6835923020228711, -0.0, -0.7298640726978356, 0.3], [0.0, 1.0, -0.0, 0.22], [0.7298640726978356, 0.0, 0.6835923020228711, -0.3135416666666666], [0.0, 0.0, 0.0, 1.0]]","[[0.6503651563903339, 0.06250973735971888, -0.757045372542885, 0.30316705571500707], [0.00215598674918235, 0.9964524623246045, 0.08412991173399684, 0.21158689732310457], [0.7596186642483937, -0.05634734299371812, 0.6479231913298322, -0.31178997093771754], [0.0, 0.0, 0.0, 1.0]]","[[0.6835923020228711, -0.0, -0.7298640726978356, 0.3], [0.0, 1.0, -0.0, -0.22], [0.7298640726978356, 0.0, 0.6835923020228711, -0.3135416666666666], [0.0, 0.0, 0.0, 1.0]]","[[0.6503644517444132, -0.06250786824470254, -0.7570461322235864, 0.30316712574485954], [-0.0021558963934409196, 0.9964526825455279, -0.0841273056656533, -0.21158720342184273], [0.7596192678032396, 0.056345522052106495, 0.6479226420852615, -0.3117901030565513], [0.0, 0.0, 0.0, 1.0]]"
1.05,4.681244317492074,29.432282341203766,-26.607620043904557,-106.5826362997586,1.831490466503178,42.46803305144243,54.91854924793231,4.681244317492074,-29.432282341203766,26.607620043904557,-106.5826362997586,-1.831490466503178,42.46803305144243,-54.91854924793231,"[[0.6788007455329418, -0.0, -0.7343225094356856, 0.3], [0.0, 1.0, -0.0, 0.22], [0.7343225094356856, 0.0, 0.6788007455329418, -0.3112499999999999], [0.0, 0.0, 0.0, 1.0]]","[[0.6438366435235066, 0.06271901424203868, -0.762588159958501, 0.3032723667241154], [0.0022333978509259562, 0.9964766617863612, 0.08384076841936548, 0.2116158115932772], [0.7651597143018084, -0.055682921687148765, 0.6414281127624188, -0.3093250179069326], [0.0, 0.0, 0.0, 1.0]]","[[0.6788007455329418, -0.0, -0.7343225094356856, 0.3], [0.0, 1.0, -0.0, -0.22], [0.7343225094356856, 0.0, 0.6788007455329418, -0.3112499999999999], [0.0, 0.0, 0.0, 1.0]]","[[0.6503644517444132, -0.06250786824470254, -0.7570461322235864, 0.30316712574485954], [-0.0021558963934409196, 0.9964526825455279, -0.0841273056656533, -0.21158720342184273], [0.7596192678032396, 0.056345522052106495, 0.6479226420852615, -0.3117901030565513], [0.0, 0.0, 0.0, 1.0]]"
1.0583333333333333,5.244378046633993,28.730596517200844,-25.533268853501987,-106.99780251826866,1.913444839137103,42.4651029002885,53.710001915811915,5.244378046633993,-28.730596517200844,25.533268853501987,-106.99780251826866,-1.913444839137103,42.4651029002885,-53.710001915811915,"[[0.6739801114782978, -0.0, -0.7387494902412463, 0.3], [0.0, 0.9999999999999999, -0.0, 0.22], [0.7387494902412463, 0.0, 0.6739801114782978, -0.3089583333333333], [0.0, 0.0, 0.0, 1.0]]","[[0.6372896025115256, 0.06282003480519466, -0.7680596368497539, 0.3033736704970328], [0.002304889217765664, 0.9965120008463129, 0.08341774184771503, 0.21165811935877935], [0.7706209509326849, -0.05493155192011537, 0.6349219436964296, -0.3068618843336095], [0.0, 0.0, 0.0, 1.0]]","[[0.6739801114782978, -0.0, -0.7387494902412463, 0.3], [0.0, 0.9999999999999999, -0.0, -0.22], [0.7387494902412463, 0.0, 0.6739801114782978, -0.3089583333333333], [0.0, 0.0, 0.0, 1.0]]","[[0.6372889105211526, -0.06281815577599044, -0.7680603647055783, 0.3033737313938612], [-0.0023047679339556447, 0.9965122189237596, -0.08341513999518063, -0.21165840883062337], [0.7706215235584412, 0.05492974458841377, 0.6349214050478363, -0.3068620127095492], [0.0, 0.0, 0.0, 1.0]]"
1.0666666666666667,5.785104913316862,28.015014673331535,-24.478820834340834,-107.41014103846233,1.9862525212553233,42.46239473028258,52.50859213137418,5.785104913316862,-28.015014673331535,24.478820834340834,-107.41014103846233,-1.9862525212553233,42.46239473028258,-52.50859213137418,"[[0.6691306063588581, -0.0, -0.7431448254773941, 0.3], [0.0, 0.9999999999999999, -0.0, 0.22], [0.7431448254773941, 0.0, 0.6691306063588581, -0.30666666666666664], [0.0, 0.0, 0.0, 1.0]]","[[0.630727683688876, 0.06281497771704103, -0.7734577348523142, 0.30347077812907264], [0.002370217981107682, 0.9965578399725248, 0.08286648089558075, 0.21171324150753212], [0.7760006257054095, -0.05409944698149192, 0.6284077328781923, -0.30440084885867846], [0.0, 0.0, 0.0, 1.0]]","[[0.6691306063588581, -0.0, -0.7431448254773941, 0.3], [0.0, 0.9999999999999999, -0.0, -0.22], [0.7431448254773941, 0.0, 0.6691306063588581, -0.30666666666666664], [0.0, 0.0, 0.0, 1.0]]","[[0.630726998429766, -0.06281309332534363, -0.773458446691663, 0.3034708347220363], [-0.002370082089641446, 0.9965580564504202, -0.08286388136365522, -0.21171352272773633], [0.7760011830936, 0.05409764718232427, 0.6284071995184893, -0.30440097515957437], [0.0, 0.0, 0.0, 1.0]]"
1.075,6.303612747742856,27.28604053604712,-23.443898618469454,-107.81966552071795,2.0497935576605406,42.45994952255972,51.31446674368627,6.303612747742856,-27.28604053604712,23.443898618469454,-107.81966552071795,-2.0497935576605406,42.45994952255972,-51.31446674368627,"[[0.6642524379112819, -0.0, -0.7475083268625967, 0.3], [0.0, 1.0, -0.0, 0.22], [0.7475083268625967, 0.0, 0.6642524379112819, -0.30437499999999995], [0.0, 0.0, 0.0, 1.0]]","[[0.6241542888482565, 0.0627064067017714, -0.7787806689119083, 0.30356353708913697], [0.0024290326395084577, 0.9966134897903042, 0.08219277199625073, 0.21178061140139784], [0.7812973336142672, -0.053192654817592014, 0.6218882680680615, -0.3019421870857224], [0.0, 0.0, 0.0, 1.0]]","[[0.6642524379112819, -0.0, -0.7475083268625967, 0.3], [0.0, 1.0, -0.0, -0.22], [0.7475083268625967, 0.0, 0.6642524379112819, -0.30437499999999995], [0.0, 0.0, 0.0, 1.0]]","[[0.6241536105786925, -0.06270451670346937, -0.7787813646888107, 0.30356358955331725], [-0.0024288826986321073, 0.9966137043397931, -0.08219017490522657, -0.21178088442448817], [0.7812978759285207, 0.05319086300390116, 0.6218877400001402, -0.3019423111806153], [0.0, 0.0, 0.0, 1.0]]"
1.0833333333333333,6.8001090169080145,26.54416929406243,-22.42810093227411,-108.22639645560304,2.103954183014391,42.45780142806575,50.12777260181532,6.8001090169080145,-26.54416929406243,22.42810093227411,-108.22639645560304,-2.103954183014391,42.45780142806575,-50.12777260181532,"[[0.659345815100069, -0.0, -0.7518398074789773, 0.3], [0.0, 0.9999999999999999, -0.0, 0.22], [0.7518398074789773, 0.0, 0.659345815100069, -0.3020833333333333], [0.0, 0.0, 0.0, 1.0]]","[[0.617572481603012, 0.06249713887422295, -0.7840270005549769, 0.30365182478442976], [0.0024811447014269905, 0.9966782145207544, 0.08140258362418136, 0.2118596395709317], [0.7865100596226778, -0.05221728001588506, 0.6153659738562693, -0.29948610207640974], [0.0, 0.0, 0.0, 1.0]]","[[0.659345815100069, -0.0, -0.7518398074789773, 0.3], [0.0, 0.9999999999999999, -0.0, -0.22], [0.7518398074789773, 0.0, 0.659345815100069, -0.3020833333333333], [0.0, 0.0, 0.0, 1.0]]","[[0.6175718105726977, -0.062495243044570464, -0.7840276802401559, 0.3036518732942604], [-0.002480981258872191, 0.9966784268307108, -0.08139998908017554, -0.21185990446059233], [0.7865105870348811, 0.05221549661795469, 0.6153654510898279, -0.2994862238378414], [0.0, 0.0, 0.0, 1.0]]"
1.0916666666666666,7.274818263281302,25.789879060619366,-21.431012841762723,-108.63034750349594,2.148625968063802,42.4559914279357,48.94864630954476,7.274818263281302,-25.789879060619366,21.431012841762723,-108.63034750349594,-2.148625968063802,42.4559914279357,-48.94864630954476,"[[0.6544109481086104, -0.0, -0.7561390817803227, 0.3], [0.0, 1.0, -0.0, 0.22], [0.7561390817803227, 0.0, 0.6544109481086104, -0.2997916666666666], [0.0, 0.0, 0.0, 1.0]]","[[0.61098529044193, 0.062190132054485536, -0.7891953892025957, 0.3037355159216276], [0.002526370525265737, 0.996751259799288, 0.08050182321228265, 0.21194972314796492], [0.7916379174316753, -0.051179229806418466, 0.6088432426502426, -0.29703284024590143], [0.0, 0.0, 0.0, 1.0]]","[[0.6544109481086104, -0.0, -0.7561390817803227, 0.3], [0.0, 1.0, -0.0, -0.22], [0.7561390817803227, 0.0, 0.6544109481086104, -0.2997916666666666], [0.0, 0.0, 0.0, 1.0]]","[[0.6109846268919045, -0.06218823018779393, -0.7891960527827484, 0.3037355606504348], [-0.00252619411792308, 0.9967514695760623, -0.08049923130837348, -0.2119499799764941], [0.7916384301213777, 0.05117745523245957, 0.6088427252015833, -0.29703295954981007], [0.0, 0.0, 0.0, 1.0]]"
1.1,7.727977409049553,25.023639411223364,-20.452193799733827,-109.03153915496415,2.1837071003014565,42.45454001273707,47.7772176404688,7.727977409049553,-25.023639411223364,20.452193799733827,-109.03153915496415,-2.1837071003014565,42.45454001273707,-47.7772176404688,"[[0.6494480483301835, -0.0, -0.7604059656000309, 0.3], [0.0, 0.9999999999999999, -0.0, 0.22], [0.7604059656000309, 0.0, 0.6494480483301835, -0.29749999999999993], [0.0, 0.0, 0.0, 1.0]]","[[0.604395162609283, 0.061788684715700926, -0.7942849903250105, 0.3038145537081045], [0.0025646402585676846, 0.9968318351695853, 0.07949663522930371, 0.21205025399095334], [0.7966805570834791, -0.050084437039269444, 0.6023218733630857, -0.29458252789690487], [0.0, 0.0, 0.0, 1.0]]","[[0.6494480483301835, -0.0, -0.7604059656000309, 0.3], [0.0, 0.9999999999999999, -0.0, -0.22], [0.7604059656000309, 0.0, 0.6494480483301835, -0.29749999999999993], [0.0, 0.0, 0.0, 1.0]]","[[0.6109846268919045, -0.06218823018779393, -0.7891960527827484, 0.3037355606504348], [-0.00252619411792308, 0.9967514695760623, -0.08049923130837348, -0.2119499799764941], [0.7916384301213777, 0.05117745523245957, 0.6088427252015833, -0.29703295954981007], [0.0, 0.0, 0.0, 1.0]]"
1.1083333333333334,8.15983404857018,24.245906261001522,-19.49119813634408,-109.42998507038601,2.209102383965799,42.45347450322655,46.61360270780333,8.15983404857018,-24.245906261001522,19.49119813634408,-109.42998507038601,-2.209102383965799,42.45347450322655,-46.61360270780333,"[[0.6444573283588975, -0.0, -0.7646402761590003, 0.3], [0.0, 1.0, -0.0, 0.22], [0.7646402761590003, 0.0, 0.6444573283588975, -0.2952083333333333], [0.0, 0.0, 0.0, 1.0]]","[[0.5978044924138082, 0.06129626426745533, -0.7992950374152985, 0.30388887393362274], [0.0025957620827276803, 0.9969191498442213, 0.07839305258175122, 0.21216061887181553], [0.8016377304425479, -0.0489384987584378, 0.5958036358316315, -0.29213533770058137], [0.0, 0.0, 0.0, 1.0]]","[[0.6444573283588975, -0.0, -0.7646402761590003, 0.3], [0.0, 1.0, -0.0, -0.22], [0.7646402761590003, 0.0, 0.6444573283588975, -0.2952083333333333], [0.0, 0.0, 0.0, 1.0]]","[[0.5978038445107092, -0.061294349782894206, -0.7992956688065487, 0.303888911613895], [-0.0025955613094554054, 0.996919353745146, -0.07839046619231993, -0.2121608598263364], [0.801638214252355, 0.04893674297552519, 0.5958031290931952, -0.292135451730296], [0.0, 0.0, 0.0, 1.0]]"
1.1166666666666667,8.570646021484352,23.45712357224989,-18.54755969118263,-109.82570574032904,2.2247232400410293,42.45281538997164,45.45792445495342,8.570646021484352,-23.45712357224989,18.54755969118263,-109.82570574032904,-2.2247232400410293,42.45281538997164,-45.45792445495342,"[[0.6394390019805846, -0.0, -0.7688418320734595, 0.3], [0.0, 0.9999999999999999, -0.0, 0.22], [0.7688418320734595, 0.0, 0.6394390019805846, -0.2929166666666666], [0.0, 0.0, 0.0, 1.0]]","[[0.5912152569118574, 0.06071632475579164, -0.8042251226508632, 0.30395845079345335], [0.002619922427497135, 0.997012407104493, 0.07719712485694648, 0.21228021652522555], [0.8065095510910709, -0.04774712544074597, 0.5892898743496492, -0.2896913544948956], [0.0, 0.0, 0.0, 1.0]]","[[0.6394390019805846, -0.0, -0.7688418320734595, 0.3], [0.0, 0.9999999999999999, -0.0, -0.22], [0.7688418320734595, 0.0, 0.6394390019805846, -0.2929166666666666], [0.0, 0.0, 0.0, 1.0]]","[[0.5912146171565295, -0.06071440372570606, -0.8042257379869723, 0.30395848520202406], [-0.002619710228892465, 0.9970126076978016, -0.07719454132220857, -0.2122804496812627], [0.8065100207553374, 0.0477453795865265, 0.5892893730158075, -0.28969146571416704], [0.0, 0.0, 0.0, 1.0]]"
1.125,8.960673728754175,22.657721646886184,-17.620810596291328,-110.2187079949824,2.2304894138044014,42.45256950316152,44.310281919662025,8.960673728754175,-22.657721646886184,17.620810596291328,-110.2187079949824,-2.2304894138044014,42.45256950316152,-44.310281919662025,"[[0.6343932841636455, -0.0, -0.773010453362737, 0.3], [0.0, 1.0, -0.0, 0.22], [0.773010453362737, 0.0, 0.6343932841636455, -0.29062499999999997], [0.0, 0.0, 0.0, 1.0]]","[[0.5846291675332905, 0.0600526774654164, -0.8090750350854773, 0.30402328803306994], [0.0026370405112694124, 0.9971108119322952, 0.0759149178031622, 0.2124084405002687], [0.8112963592218775, -0.046515638842798024, 0.5827817025751347, -0.28725070289156857], [0.0, 0.0, 0.0, 1.0]]","[[0.6343932841636455, -0.0, -0.773010453362737, 0.3], [0.0, 1.0, -0.0, -0.22], [0.773010453362737, 0.0, 0.6343932841636455, -0.29062499999999997], [0.0, 0.0, 0.0, 1.0]]","[[0.584628536129022, -0.06005074975436446, -0.8090756344110083, 0.30402331933500093], [-0.002636817375640324, 0.9971110089947384, -0.07591233717665567, -0.212408665958999], [0.8112968149436829, 0.046513903248743105, 0.5827812066863534, -0.2872508111887539], [0.0, 0.0, 0.0, 1.0]]"
1.1333333333333333,9.330183547757281,21.84812224909165,-16.71047103088098,-110.60900549472444,2.2263279076091593,42.452747088079946,43.17078096986129,9.330183547757281,-21.84812224909165,16.71047103088098,-110.60900549472444,-2.2263279076091593,42.452747088079946,-43.17078096986129,"[[0.6293203910498375, -0.0, -0.7771459614569708, 0.3], [0.0, 1.0, -0.0, 0.22], [0.7771459614569708, 0.0, 0.6293203910498375, -0.2883333333333333], [0.0, 0.0, 0.0, 1.0]]","[[0.5780476359254901, 0.059309027862515226, -0.8138448069595059, 0.3040834062203688], [0.0026473169475077184, 0.9972135872861766, 0.07455235103479115, 0.2125447106753428], [0.8159987269070532, -0.04524931541845333, 0.5762799468489511, -0.2848134434744429], [0.0, 0.0, 0.0, 1.0]]","[[0.6293203910498375, -0.0, -0.7771459614569708, 0.3], [0.0, 1.0, -0.0, -0.22], [0.7771459614569708, 0.0, 0.6293203910498375, -0.2883333333333333], [0.0, 0.0, 0.0, 1.0]]","[[0.5780470130655286, -0.05930709335094242, -0.8138453903317776, 0.3040834345778254], [-0.00264708335034548, 0.9972137806114074, -0.07454977336277066, -0.21254492854397072], [0.8159991688940359, 0.045247590399564344, 0.5762794564508407, -0.28481354874068776], [0.0, 0.0, 0.0, 1.0]]"
1.1416666666666666,9.67944100209765,21.028731775121898,-15.816057759067812,-110.99661873012266,2.2121744749884233,42.45334472963232,42.03950356782125,9.67944100209765,-21.028731775121898,15.816057759067812,-110.99661873012266,-2.2121744749884233,42.45334472963232,-42.03950356782125,"[[0.6242205399450178, -0.0, -0.7812481792047585, 0.3], [0.0, 1.0, -0.0, 0.22], [0.7812481792047585, 0.0, 0.6242205399450178, -0.28604166666666664], [0.0, 0.0, 0.0, 1.0]]","[[0.5714715568933761, 0.05848950580085559, -0.818534811338548, 0.3041388518780751], [0.00265078204342337, 0.9973199557700276, 0.07311551940202957, 0.212688390135663], [0.8206175924365862, -0.04395319708555884, 0.569784944913025, -0.28237955694532524], [0.0, 0.0, 0.0, 1.0]]","[[0.6242205399450178, -0.0, -0.7812481792047585, 0.3], [0.0, 1.0, -0.0, -0.22], [0.7812481792047585, 0.0, 0.6242205399450178, -0.28604166666666664], [0.0, 0.0, 0.0, 1.0]]","[[0.5780470130655286, -0.05930709335094242, -0.8138453903317776, 0.3040834345778254], [-0.00264708335034548, 0.9972137806114074, -0.07454977336277066, -0.21254492854397072], [0.8159991688940359, 0.045247590399564344, 0.5762794564508407, -0.28481354874068776], [0.0, 0.0, 0.0, 1.0]]"
1.15,10.008714176700211,20.199944668401503,-14.937077299684285,-111.38155453136625,2.1879736206551876,42.45436242781865,40.91653509090653,10.008714176700211,-20.199944668401503,14.937077299684285,-111.38155453136625,-2.1879736206551876,42.45436242781865,-40.91653509090653,"[[0.6190939493098342, -0.0, -0.7853169308807448, 0.3], [0.0, 1.0, -0.0, 0.22], [0.7853169308807448, 0.0, 0.6190939493098342, -0.28375], [0.0, 0.0, 0.0, 1.0]]","[[0.5649017085737875, 0.057597867367776806, -0.8231455189242665, 0.304189699564069], [0.002647732869754331, 0.9974291896151302, 0.07161006363881556, 0.21283894045265447], [0.8251539548236233, -0.04263211674769132, 0.5632969496282978, -0.27994906610416403], [0.0, 0.0, 0.0, 1.0]]","[[0.6190939493098342, -0.0, -0.7853169308807448, 0.3], [0.0, 1.0, -0.0, -0.22], [0.7853169308807448, 0.0, 0.6190939493098342, -0.28375], [0.0, 0.0, 0.0, 1.0]]","[[0.5649011033419802, -0.05759591895505399, -0.8231460706112474, 0.304189722506276], [-0.0026474797235454157, 0.9974293749143452, -0.07160749198996141, -0.21283914348460797], [0.8251543699782042, 0.04263041376414056, 0.5632964703672226, -0.2799491649925874], [0.0, 0.0, 0.0, 1.0]]"
1.1583333333333332,10.318266033848005,19.362146834618567,-14.073043855525686,-111.76381972864435,2.153679454275965,42.45578310716601,39.80194725610341,10.318266033848005,-19.362146834618567,14.073043855525686,-111.76381972864435,-2.153679454275965,42.45578310716601,-39.80194725610341,"[[0.6139408387503665, -0.0, -0.78935204219315, 0.3], [0.0, 1.0, -0.0, 0.22], [0.78935204219315, 0.0, 0.6139408387503665, -0.28145833333333325], [0.0, 0.0, 0.0, 1.0]]","[[0.5583384363412512, 0.0566382280880456, -0.8276776556263032, 0.30423604029439577], [0.002638309223313061, 0.9975405711841031, 0.0700417601587498, 0.21299577649639723], [0.8296090825373412, -0.04129067643839431, 0.5568158135423339, -0.2775219624003046], [0.0, 0.0, 0.0, 1.0]]","[[0.6139408387503665, -0.0, -0.78935204219315, 0.3], [0.0, 1.0, -0.0, -0.22], [0.78935204219315, 0.0, 0.6139408387503665, -0.28145833333333325], [0.0, 0.0, 0.0, 1.0]]","[[0.5583378401726997, -0.05663627260198607, -0.8276781916041032, 0.3042360607588195], [-0.0026380469631055725, 0.9975407522265609, -0.07003919156791866, -0.21299597229193454], [0.82960948460074, 0.041288984887263576, 0.5568153399354889, -0.2775220579467554], [0.0, 0.0, 0.0, 1.0]]"
1.1666666666666667,10.608358682050433,18.515712226630153,-13.223458822782602,-112.14343481252449,2.1092556904707904,42.45758969220148,38.695804950209016,10.608358682050433,-18.515712226630153,13.223458822782602,-112.14343481252449,-2.1092556904707904,42.45758969220148,-38.695804950209016,"[[0.6087614290087205, -0.0, -0.7933533402912352, 0.3], [0.0, 0.9999999999999999, -0.0, 0.22], [0.7933533402912352, 0.0, 0.6087614290087205, -0.2791666666666666], [0.0, 0.0, 0.0, 1.0]]","[[0.5517815868473819, 0.05561459714073219, -0.832132259320031, 0.30427798990534505], [0.002622820804432168, 0.997653419782917, 0.0684161881902133, 0.21315834194504427], [0.8339845329664172, -0.039933326687428716, 0.5503409199691243, -0.2750981141912535], [0.0, 0.0, 0.0, 1.0]]","[[0.6087614290087205, -0.0, -0.7933533402912352, 0.3], [0.0, 0.9999999999999999, -0.0, -0.22], [0.7933533402912352, 0.0, 0.6087614290087205, -0.2791666666666666], [0.0, 0.0, 0.0, 1.0]]","[[0.5583378401726997, -0.05663627260198607, -0.8276781916041032, 0.3042360607588195], [-0.0026380469631055725, 0.9975407522265609, -0.07003919156791866, -0.21299597229193454], [0.82960948460074, 0.041288984887263576, 0.5568153399354889, -0.2775220579467554], [0.0, 0.0, 0.0, 1.0]]"
1.175,10.87924825340137,17.661001136914976,-12.38783128160844,-112.52040661319583,2.054676929473688,42.459758277262964,37.5981628147367,10.87924825340137,-17.661001136914976,12.38783128160844,-112.52040661319583,-2.054676929473688,42.459758277262964,-37.5981628147367,"[[0.6035559419535715, -0.0, -0.7973206537727071, 0.3], [0.0, 1.0, -0.0, 0.22], [0.7973206537727071, 0.0, 0.6035559419535715, -0.2768749999999999], [0.0, 0.0, 0.0, 1.0]]","[[0.5452308372688164, 0.05453095489688713, -0.8365104357084728, 0.30431567466407244], [0.00260155982320601, 0.997767094052874, 0.06673872872455483, 0.2133260891461745], [0.8382819131877007, -0.03856424488197715, 0.5438715225483415, -0.2726774486289556], [0.0, 0.0, 0.0, 1.0]]","[[0.6035559419535715, -0.0, -0.7973206537727071, 0.3], [0.0, 1.0, -0.0, -0.22], [0.7973206537727071, 0.0, 0.6035559419535715, -0.2768749999999999], [0.0, 0.0, 0.0, 1.0]]","[[0.5452302596731452, -0.054528985079693504, -0.8365109405877088, 0.304315690613464], [-0.0026012805890144527, 0.9977672661718051, -0.06673616632186373, -0.21332627085523073], [0.8382822897306444, 0.03856257696550899, 0.543871060437791, -0.2726775371968304], [0.0, 0.0, 0.0, 1.0]]"
1.1833333333333333,11.131184903579168,16.79836532021529,-11.565665189514727,-112.89474196084755,1.989928657132671,42.462254711404604,36.509058415726905,11.131184903579168,-16.79836532021529,11.565665189514727,-112.89474196084755,-1.989928657132671,42.462254711404604,-36.509058415726905,"[[0.5983246005706591, -0.0, -0.8012538126910607, 0.3], [0.0, 1.0, -0.0, 0.22], [0.8012538126910607, 0.0, 0.5983246005706591, -0.2745833333333333], [0.0, 0.0, 0.0, 1.0]]","[[0.5386854023017691, 0.053391272665640255, -0.8408135401800596, 0.3043492566552887], [0.0025747161166383113, 0.9978809956817777, 0.06501453140693245, 0.21349851648268245], [0.8425030612311746, -0.037187235179393714, 0.5374064582379081, -0.2702598349607209], [0.0, 0.0, 0.0, 1.0]]","[[0.5983246005706591, -0.0, -0.8012538126910607, 0.3], [0.0, 1.0, -0.0, -0.22], [0.8012538126910607, 0.0, 0.5983246005706591, -0.2745833333333333], [0.0, 0.0, 0.0, 1.0]]","[[0.5452302596731452, -0.054528985079693504, -0.8365109405877088, 0.304315690613464], [-0.0026012805890144527, 0.9977672661718051, -0.06673616632186373, -0.21332627085523073], [0.8382822897306444, 0.03856257696550899, 0.543871060437791, -0.2726775371968304], [0.0, 0.0, 0.0, 1.0]]"
1.1916666666666667,11.364411958073008,15.928147993536891,-10.756467919107575,-113.26645451585799,1.9150078852399781,42.465048258775134,35.42853273431464,11.364411958073008,-15.928147993536891,10.756467919107575,-113.26645451585799,-1.9150078852399781,42.465048258775134,-35.42853273431464,"[[0.5930676289532372, -0.0, -0.8051526485628582, 0.3], [0.0, 0.9999999999999999, -0.0, 0.22], [0.8051526485628582, 0.0, 0.5930676289532372, -0.2722916666666666], [0.0, 0.0, 0.0, 1.0]]","[[0.5321442031792011, 0.05219932786864181, -0.8450430623304563, 0.30437889712045296], [0.002542682591281195, 0.9979945691271597, 0.06324851585559388, 0.2136751277493913], [0.8466499169007302, -0.03580600735571267, 0.5309442984430942, -0.267845088666898], [0.0, 0.0, 0.0, 1.0]]","[[0.5930676289532372, -0.0, -0.8051526485628582, 0.3], [0.0, 0.9999999999999999, -0.0, -0.22], [0.8051526485628582, 0.0, 0.5930676289532372, -0.2722916666666666], [0.0, 0.0, 0.0, 1.0]]","[[0.5321436446821356, -0.05219734354472537, -0.8450435366010957, 0.30437890911453075], [-0.002542387965439971, 0.9979947318714361, -0.06324595971517825, -0.21367529591395185], [0.8466502688169694, 0.03580436403198192, 0.5309438480935805, -0.2678451698770986], [0.0, 0.0, 0.0, 1.0]]"
1.2,11.579165912182903,15.050677005959937,-9.95974855054039,-113.63555793860547,1.829924432192541,42.46808769295579,34.35660626106743,11.579165912182903,-15.050677005959937,9.95974855054039,-113.63555793860547,-1.829924432192541,42.46808769295579,-34.35660626106743,"[[0.5877852522924732, -0.0, -0.8090169943749473, 0.3], [0.0, 1.0, -0.0, 0.22], [0.8090169943749473, 0.0, 0.5877852522924732, -0.26999999999999996], [0.0, 0.0, 0.0, 1.0]]","[[0.525605643676236, 0.05095897124796445, -0.8492007363309566, 0.3044047739388266], [0.0025057913787529806, 0.9981072935067945, 0.061445517803235136, 0.21385542017158304], [0.8507246489583196, -0.03442403081991781, 0.5244831339107612, -0.2654329826575623], [0.0, 0.0, 0.0, 1.0]]","[[0.5877852522924732, -0.0, -0.8090169943749473, 0.3], [0.0, 1.0, -0.0, -0.22], [0.8090169943749473, 0.0, 0.5877852522924732, -0.26999999999999996], [0.0, 0.0, 0.0, 1.0]]","[[0.5256050948995447, -0.050956979627732525, -0.8492011955024908, 0.30440478415411737], [-0.002505489616791777, 0.998107451428184, -0.061442964815473615, -0.21385558177613362], [0.8507249888991276, 0.03442240013064505, 0.524482689544493, -0.26543306005155043], [0.0, 0.0, 0.0, 1.0]]"
1.2083333333333333,11.775673869698755,14.166277645243653,-9.175017017740224,-114.00204539890085,1.7347000692183387,42.47132178752779,33.29329265636359,11.775673869698755,-14.166277645243653,9.175017017740224,-114.00204539890085,-1.7347000692183387,42.47132178752779,-33.29329265636359,"[[0.5824776968678023, -0.0, -0.8128466845916151, 0.3], [0.0, 1.0, -0.0, 0.22], [0.8128466845916151, 0.0, 0.5824776968678023, -0.2677083333333333], [0.0, 0.0, 0.0, 1.0]]","[[0.5190680715667184, 0.04967366736518275, -0.8532882653889607, 0.3044270966603335], [0.0024642969312308367, 0.998218714442789, 0.059609775849439765, 0.21403901080786109], [0.8547293515029438, -0.03304428705054634, 0.5180210524415763, -0.2630233652869297], [0.0, 0.0, 0.0, 1.0]]","[[0.5824776968678023, -0.0, -0.8128466845916151, 0.3], [0.0, 1.0, -0.0, -0.22], [0.8128466845916151, 0.0, 0.5824776968678023, -0.2677083333333333], [0.0, 0.0, 0.0, 1.0]]","[[0.5256050948995447, -0.050956979627732525, -0.8492011955024908, 0.30440478415411737], [-0.002505489616791777, 0.998107451428184, -0.061442964815473615, -0.21385558177613362], [0.8507249888991276, 0.03442240013064505, 0.524482689544493, -0.26543306005155043], [0.0, 0.0, 0.0, 1.0]]"
1.2166666666666666,11.954151835353066,13.275259831221625,-8.401787523502358,-114.36593738731162,1.6293708682539259,42.47470273116695,32.23859533529774,11.954151835353066,-13.275259831221625,8.401787523502358,-114.36593738731162,-1.6293708682539259,42.47470273116695,-32.23859533529774,"[[0.5771451900372337, -0.0, -0.8166415551616788, 0.3], [0.0, 1.0, -0.0, 0.22], [0.8166415551616788, 0.0, 0.5771451900372337, -0.26541666666666663], [0.0, 0.0, 0.0, 1.0]]","[[0.5125292825301405, 0.048346852746001506, -0.8573075972943993, 0.3044460615608343], [0.002418592145459888, 0.9983284080599648, 0.0577454766409478, 0.2142254440313984], [0.8586663408805386, -0.03166972513320529, 0.5115556113941219, -0.2606159138314579], [0.0, 0.0, 0.0, 1.0]]","[[0.5771451900372337, -0.0, -0.8166415551616788, 0.3], [0.0, 1.0, -0.0, -0.22], [0.8166415551616788, 0.0, 0.5771451900372337, -0.26541666666666663], [0.0, 0.0, 0.0, 1.0]]","[[0.5125287534844949, -0.048344846485001605, -0.8573080267150027, 0.30444606859292966], [-0.0024182771636545204, 0.9983285561234693, -0.05774292999137739, -0.2142255929567327], [0.8586666575494765, 0.03166812035424572, 0.5115551791997022, -0.2606159833266311], [0.0, 0.0, 0.0, 1.0]]"
1.225,12.11480812991552,12.377928361085567,-7.639574270622078,-114.72723390383779,1.5139864548924906,42.478158806886974,31.19250405258609,12.11480812991552,-12.377928361085567,7.639574270622078,-114.72723390383779,-1.5139864548924906,42.478158806886974,-31.19250405258609,"[[0.5717879602276122, -0.0, -0.8204014435255137, 0.3], [0.0, 1.0, -0.0, 0.22], [0.8204014435255137, 0.0, 0.5717879602276122, -0.26312499999999994], [0.0, 0.0, 0.0, 1.0]]","[[0.5059867749839118, 0.04698172253360369, -0.8612607626550484, 0.3044618972336255], [0.002368962479432645, 0.998436003467821, 0.05585637829269032, 0.21441436781030893], [0.8625379826756334, -0.030302883146337105, 0.5050841154846073, -0.2582103671712456], [0.0, 0.0, 0.0, 1.0]]","[[0.5717879602276122, -0.0, -0.8204014435255137, 0.3], [0.0, 1.0, -0.0, -0.22], [0.8204014435255137, 0.0, 0.5717879602276122, -0.26312499999999994], [0.0, 0.0, 0.0, 1.0]]","[[0.5059862559284674, -0.04697970894054449, -0.8612611774365273, 0.30446190285152797], [-0.0023686413872874915, 0.9984361465177649, -0.05585383482568437, -0.21441451062226244], [0.8625382880484032, 0.030301291632835185, 0.5050836894772112, -0.25821043258693177], [0.0, 0.0, 0.0, 1.0]]"
1.2333333333333334,12.257839121324757,11.474577786743437,-6.887898292083835,-115.08595543904684,1.3886115024877366,42.48162854298534,30.15499490256657,12.257839121324757,-11.474577786743437,6.887898292083835,-115.08595543904684,-1.3886115024877366,42.48162854298534,-30.15499490256657,"[[0.5664062369248328, -0.0, -0.8241261886220157, 0.3], [0.0, 1.0, -0.0, 0.22], [0.8241261886220157, 0.0, 0.5664062369248328, -0.26083333333333325], [0.0, 0.0, 0.0, 1.0]]","[[0.4994376850881108, 0.04558133673918535, -0.8651498947898556, 0.30447481141483], [0.0023156688828372927, 0.9985411694512307, 0.053945996965425014, 0.21460539745472176], [0.8663467183474837, -0.028946064534536946, 0.49860353885277253, -0.2558063434410798], [0.0, 0.0, 0.0, 1.0]]","[[0.5664062369248328, -0.0, -0.8241261886220157, 0.3], [0.0, 1.0, -0.0, -0.22], [0.8241261886220157, 0.0, 0.5664062369248328, -0.26083333333333325], [0.0, 0.0, 0.0, 1.0]]","[[0.49943717609264326, -0.04557931581312717, -0.8651502950971084, 0.3044748157300613], [-0.002315341995895205, 0.998541307443986, -0.05394345668843885, -0.214605534307668], [0.8663470126502708, 0.028944486488149165, 0.4986031190976339, -0.25580640469250365], [0.0, 0.0, 0.0, 1.0]]"
1.2416666666666667,12.383430078462013,10.565496683687664,-6.146279767098435,-115.44209516274965,1.2533254119887651,42.48503680738118,29.126043979577073,12.383430078462013,-10.565496683687664,6.146279767098435,-115.44209516274965,-1.2533254119887651,42.48503680738118,-29.126043979577073,"[[0.5610002506640098, -0.0, -0.827815630895502, 0.3], [0.0, 0.9999999999999999, -0.0, 0.22], [0.827815630895502, 0.0, 0.5610002506640098, -0.2585416666666666], [0.0, 0.0, 0.0, 1.0]]","[[0.49287907529535163, 0.04414819267602023, -0.8689770734716998, 0.3044850492598155], [0.0022591222325134344, 0.9986436318930305, 0.05201723604956146, 0.2147982752285445], [0.8700948876431452, -0.027601332629752257, 0.49211081367342874, -0.2534035653115922], [0.0, 0.0, 0.0, 1.0]]","[[0.5610002506640098, -0.0, -0.827815630895502, 0.3], [0.0, 0.9999999999999999, -0.0, -0.22], [0.827815630895502, 0.0, 0.5610002506640098, -0.2585416666666666], [0.0, 0.0, 0.0, 1.0]]","[[0.49943717609264326, -0.04557931581312717, -0.8651502950971084, 0.3044748157300613], [-0.002315341995895205, 0.998541307443986, -0.05394345668843885, -0.214605534307668], [0.8663470126502708, 0.028944486488149165, 0.4986031190976339, -0.25580640469250365], [0.0, 0.0, 0.0, 1.0]]"
1.25,12.49175346360383,9.650964235900576,-5.414245278179033,-115.79565307494619,1.1082239127656621,42.48830163780445,28.105598349651537,12.49175346360383,-9.650964235900576,5.414245278179033,-115.79565307494619,-1.1082239127656621,42.48830163780445,-28.105598349651537,"[[0.5555702330196023, -0.0, -0.8314696123025452, 0.3], [0.0, 1.0, -0.0, 0.22], [0.8314696123025452, 0.0, 0.5555702330196023, -0.25625], [0.0, 0.0, 0.0, 1.0]]","[[0.486307619137512, 0.042684750150252845, -0.8727444710070728, 0.3044928536811092], [0.002199447638090924, 0.9987431515605134, 0.05007274349444729, 0.2149927364867616], [0.8737849060260151, -0.02627031243788142, 0.48560252129238807, -0.25100169194150623], [0.0, 0.0, 0.0, 1.0]]","[[0.5555702330196023, -0.0, -0.8314696123025452, 0.3], [0.0, 1.0, -0.0, -0.22], [0.8314696123025452, 0.0, 0.5555702330196023, -0.25625], [0.0, 0.0, 0.0, 1.0]]","[[0.48630713043120233, -0.042682714571459786, -0.8727448428771042, 0.3044928557045493], [-0.0021991100561930127, 0.9987432793386346, -0.050070209614813746, -0.21499286189511743], [0.8737851788664824, 0.026268761918330497, 0.48560211422578026, -0.25100174461505614], [0.0, 0.0, 0.0, 1.0]]"
1.2583333333333333,12.515679616266384,9.500418328857032,-5.183038679019047,-116.14665649639315,1.1428368568800538,42.487557147184916,27.847080812208432,12.515679616266384,-9.500418328857032,5.183038679019047,-116.14665649639315,-1.1428368568800538,42.487557147184916,-27.847080812208432,"[[0.5501164165954935, -0.0, -0.8350879763187431, 0.3], [0.0, 1.0, -0.0, 0.22], [0.8350879763187431, 0.0, 0.5501164165954935, -0.2539583333333333], [0.0, 0.0, 0.0, 1.0]]","[[0.48029160311968855, 0.04265910452389905, -0.8760708742869716, 0.3044600811383245], [0.0021972919434760964, 0.9987549141581674, 0.04983767002004362, 0.21501623194018885], [0.8771061212195677, -0.025861597903661618, 0.47959986433800683, -0.24865272770325586], [0.0, 0.0, 0.0, 1.0]]","[[0.5501164165954935, -0.0, -0.8350879763187431, 0.3], [0.0, 1.0, -0.0, -0.22], [0.8350879763187431, 0.0, 0.5501164165954935, -0.2539583333333333], [0.0, 0.0, 0.0, 1.0]]","[[0.48029111588095297, -0.042657065742117, -0.8760712406808603, 0.3044600824406023], [-0.0021969513219547362, 0.9987550409970342, -0.04983514310104308, -0.21501635398113228], [0.8771063888780642, 0.025860062360427295, 0.4795994576352196, -0.2486527796454331], [0.0, 0.0, 0.0, 1.0]]"
1.2666666666666666,12.517639026784533,9.549044153105646,-5.079928008874419,-116.49507810633384,1.2244487595601263,42.4857164112036,27.78604282669061,12.517639026784533,-9.549044153105646,5.079928008874419,-116.49507810633384,-1.2244487595601263,42.4857164112036,-27.78604282669061,"[[0.5446390350150272, -0.0, -0.838670567945424, 0.3], [0.0, 1.0, -0.0, 0.22], [0.838670567945424, 0.0, 0.5446390350150272, -0.25166666666666665], [0.0, 0.0, 0.0, 1.0]]","[[0.47439585179211513, 0.043013995328227736, -0.8792601276120375, 0.30441718556041425], [0.002210877476188488, 0.9987441615452377, 0.05005209086627019, 0.21499480699407064], [0.880308859334733, -0.02568844069232866, 0.47370498856522286, -0.24631699722477515], [0.0, 0.0, 0.0, 1.0]]","[[0.5446390350150272, -0.0, -0.838670567945424, 0.3], [0.0, 1.0, -0.0, -0.22], [0.838670567945424, 0.0, 0.5446390350150272, -0.25166666666666665], [0.0, 0.0, 0.0, 1.0]]","[[0.4743953637529258, -0.04301195444892289, -0.8792604907672203, 0.30441718623091374], [-0.0022105344001321255, 0.9987442885415492, -0.05004957185931441, -0.21499492625227834], [0.8803091231990017, 0.025686920409395655, 0.473704580653899, -0.24631704937819093], [0.0, 0.0, 0.0, 1.0]]"
1.275,12.516538512554513,9.59757179338494,-4.976206890572721,-116.84095888590329,1.304703482307776,42.48378346766848,27.726020831811834,12.516538512554513,-9.59757179338494,4.976206890572721,-116.84095888590329,-1.304703482307776,42.48378346766848,-27.726020831811834,"[[0.5391383229110004, -0.0, -0.8422172337162865, 0.3], [0.0, 1.0, -0.0, 0.22], [0.8422172337162865, 0.0, 0.5391383229110004, -0.24937499999999996], [0.0, 0.0, 0.0, 1.0]]","[[0.46846998436917053, 0.04337221903721973, -0.8824141456033766, 0.3043743123062619], [0.002224942791677162, 0.9987331498628869, 0.05027071706799607, 0.21497293368924927], [0.8834766116738594, -0.025513643031605297, 0.4677800023991331, -0.24398053468154618], [0.0, 0.0, 0.0, 1.0]]","[[0.5391383229110004, -0.0, -0.8422172337162865, 0.3], [0.0, 1.0, -0.0, -0.22], [0.8422172337162865, 0.0, 0.5391383229110004, -0.24937499999999996], [0.0, 0.0, 0.0, 1.0]]","[[0.46846949552808004, -0.04337017610144138, -0.8824145055384099, 0.3043743123531264], [-0.0022245973351574487, 0.9987332770252767, -0.05026820594619, -0.21497305018554053], [0.883476871755205, 0.025512138038238277, 0.46777959327695695, -0.24398058704091963], [0.0, 0.0, 0.0, 1.0]]"
1.2833333333333332,12.512356729235174,9.646011494978671,-4.871873616566661,-117.1842715143448,1.3835883252400154,42.481761731674155,27.667031903045018,12.512356729235174,-9.646011494978671,4.871873616566661,-117.1842715143448,-1.3835883252400154,42.481761731674155,-27.667031903045018,"[[0.5336145159156114, -0.0, -0.8457278217039733, 0.3], [0.0, 1.0, -0.0, 0.22], [0.8457278217039733, 0.0, 0.5336145159156114, -0.24708333333333327], [0.0, 0.0, 0.0, 1.0]]","[[0.46251426890746794, 0.04373375693122341, -0.8855325570308928, 0.30433149138143567], [0.002239470665289088, 0.9987218783130261, 0.05049350997941093, 0.21495065945135333], [0.886609009557274, -0.025337093037328298, 0.4618251789241119, -0.24164347373437053], [0.0, 0.0, 0.0, 1.0]]","[[0.5336145159156114, -0.0, -0.8457278217039733, 0.3], [0.0, 1.0, -0.0, -0.22], [0.8457278217039733, 0.0, 0.5336145159156114, -0.24708333333333327], [0.0, 0.0, 0.0, 1.0]]","[[0.46251377926245124, -0.04373171198028926, -0.8855329137641568, 0.3043314908127922], [-0.0022391229016822424, 0.9987220056500044, -0.05049100671469896, -0.21495077320678155], [0.8866092658668732, 0.025335603361783948, 0.4618247685879338, -0.24164352629433516], [0.0, 0.0, 0.0, 1.0]]"
1.2916666666666667,12.505074893806293,9.694374356944238,-4.766925625535299,-117.52502965203674,1.4610908019172673,42.47966144850438,27.609094823410384,12.505074893806293,-9.694374356944238,4.766925625535299,-117.52502965203674,-1.4610908019172673,42.47966144850438,-27.609094823410384,"[[0.5280678506503681, -0.0, -0.8492021815265789, 0.3], [0.0, 1.0, -0.0, 0.22], [0.8492021815265789, 0.0, 0.5280678506503681, -0.24479166666666657], [0.0, 0.0, 0.0, 1.0]]","[[0.4565285453801396, 0.04409879862498516, -0.8886152053689647, 0.3042887052481881], [0.0022545066875153674, 0.998710333001599, 0.05072068567588423, 0.21492795360082123], [0.8897059089680646, -0.025158829775426876, 0.4558403545449233, -0.23930572913893688], [0.0, 0.0, 0.0, 1.0]]","[[0.5280678506503681, -0.0, -0.8492021815265789, 0.3], [0.0, 1.0, -0.0, -0.22], [0.8492021815265789, 0.0, 0.5280678506503681, -0.24479166666666657], [0.0, 0.0, 0.0, 1.0]]","[[0.4565280549287088, -0.04409675170051082, -0.8886155589187448, 0.30428870407210956], [-0.0022541566895237057, 0.9987104605221748, -0.050718190239839214, -0.21492806463637903], [0.8897061615166149, 0.025157355446249557, 0.45583994299131153, -0.23930578189418075], [0.0, 0.0, 0.0, 1.0]]"
1.3,12.494672515700364,9.742669770791752,-4.661362490591813,-117.86324695935744,1.5371986393433674,42.477486033253726,27.552224960833566,12.494672515700364,-9.742669770791752,4.661362490591813,-117.86324695935744,-1.5371986393433674,42.477486033253726,-27.552224960833566,"[[0.522498564715949, -0.0, -0.8526401643540922, 0.3], [0.0, 1.0, -0.0, 0.22], [0.8526401643540922, 0.0, 0.522498564715949, -0.24249999999999994], [0.0, 0.0, 0.0, 1.0]]","[[0.4505125474198272, 0.044467643261948395, -0.891661972565852, 0.3042459395643971], [0.00227006891695462, 0.9986984945925437, 0.050952563092541876, 0.2149047599826657], [0.8927672100858154, -0.024978903124742692, 0.44982525828845416, -0.2369672029007489], [0.0, 0.0, 0.0, 1.0]]","[[0.522498564715949, -0.0, -0.8526401643540922, 0.3], [0.0, 1.0, -0.0, -0.22], [0.8526401643540922, 0.0, 0.522498564715949, -0.24249999999999994], [0.0, 0.0, 0.0, 1.0]]","[[0.45051205615908724, -0.044465594405769304, -0.891662322950484, 0.30424593778891557], [-0.0022697167565073825, 0.9986986223064658, -0.050950075456396314, -0.21490486831928268], [0.8927674588834188, 0.024977444170868758, 0.4498248455138228, -0.2369672558460345], [0.0, 0.0, 0.0, 1.0]]"
1.3083333333333333,12.481129104349876,9.79090968935226,-4.555182077302088,-118.19890977592854,1.6118994578004449,42.47524231611138,27.49644109833478,12.481129104349876,-9.79090968935226,4.555182077302088,-118.19890977592854,-1.6118994578004449,42.47524231611138,-27.49644109833478,"[[0.5169068966820276, -0.0, -0.8560416229147715, 0.3], [0.0, 1.0, -0.0, 0.22], [0.8560416229147715, 0.0, 0.5169068966820276, -0.2402083333333333], [0.0, 0.0, 0.0, 1.0]]","[[0.44446641438308687, 0.04484032521170278, -0.894672538820965, 0.30420320380997967], [0.0022861707221805833, 0.9986863581783432, 0.051189172799599975, 0.2148811046591588], [0.8957925987129339, -0.0247972422536659, 0.4437800320741594, -0.23462795187736518], [0.0, 0.0, 0.0, 1.0]]","[[0.5169068966820276, -0.0, -0.8560416229147715, 0.3], [0.0, 1.0, -0.0, -0.22], [0.8560416229147715, 0.0, 0.5169068966820276, -0.2402083333333333], [0.0, 0.0, 0.0, 1.0]]","[[0.44446592230960424, -0.0448382744659763, -0.8946728860585789, 0.30420320144309015], [-0.0022858164705288862, 0.998686486095397, -0.05118669293372604, -0.21488121031789192], [0.8957928437694376, 0.02479579870345535, 0.44377961807424393, -0.23462800500741712], [0.0, 0.0, 0.0, 1.0]]"
1.3166666666666667,12.464425876734609,9.839104357909516,-4.448383958779299,-118.5320317621284,1.6851813044574522,42.4729371272665,27.441758603839656,12.464425876734609,-9.839104357909516,4.448383958779299,-118.5320317621284,-1.6851813044574522,42.4729371272665,-27.441758603839656,"[[0.5112930860770519, -0.0, -0.8594064115014527, 0.3], [0.0, 1.0, -0.0, 0.22], [0.8594064115014527, 0.0, 0.5112930860770519, -0.2379166666666666], [0.0, 0.0, 0.0, 1.0]]","[[0.43838994932432274, 0.04521711000596376, -0.8976467374720005, 0.3041604699052697], [0.002302825608700574, 0.9986739060043014, 0.051430792919495275, 0.21485693981685455], [0.898781925344315, -0.02461386659630431, 0.4377044759258759, -0.23228788787383428], [0.0, 0.0, 0.0, 1.0]]","[[0.5112930860770519, -0.0, -0.8594064115014527, 0.3], [0.0, 1.0, -0.0, -0.22], [0.8594064115014527, 0.0, 0.5112930860770519, -0.2379166666666666], [0.0, 0.0, 0.0, 1.0]]","[[0.44446592230960424, -0.0448382744659763, -0.8946728860585789, 0.30420320144309015], [-0.0022858164705288862, 0.998686486095397, -0.05118669293372604, -0.21488121031789192], [0.8957928437694376, 0.02479579870345535, 0.44377961807424393, -0.23462800500741712], [0.0, 0.0, 0.0, 1.0]]"
1.325,12.444539780966117,9.887264875520922,-4.340966000589331,-118.86261291795702,1.7570323332050475,42.47058071200285,27.388194552821126,12.444539780966117,-9.887264875520922,4.340966000589331,-118.86261291795702,-1.7570323332050475,42.47058071200285,-27.388194552821126,"[[0.5056573733779848, -0.0, -0.8627343859777917, 0.3], [0.0, 1.0, -0.0, 0.22], [0.8627343859777917, 0.0, 0.5056573733779848, -0.23562499999999997], [0.0, 0.0, 0.0, 1.0]]","[[0.4322831136120588, 0.04559812238798117, -0.9005843219380153, 0.3041177376440638], [0.002320061227617659, 0.998661127535468, 0.051677554755311335, 0.2148322544910815], [0.9017349538538274, -0.02442874504101237, 0.4315985512185569, -0.22994697877909565], [0.0, 0.0, 0.0, 1.0]]","[[0.5056573733779848, -0.0, -0.8627343859777917, 0.3], [0.0, 1.0, -0.0, -0.22], [0.8627343859777917, 0.0, 0.5056573733779848, -0.23562499999999997], [0.0, 0.0, 0.0, 1.0]]","[[0.43228261990122846, -0.04559606799084474, -0.9005846629357535, 0.3041177341181448], [-0.0023197030045181005, 0.9986612558902916, -0.05167509033950972, -0.2148323548570422], [0.9017351914555078, 0.0244273323840309, 0.4315981347541937, -0.2299470322630797], [0.0, 0.0, 0.0, 1.0]]"
1.3333333333333333,12.421450326476888,9.935403195017525,-4.232928202732185,-119.19063958303605,1.827440804655595,42.46817307032042,27.3357677282994,12.421450326476888,-9.935403195017525,4.232928202732185,-119.19063958303605,-1.827440804655595,42.46817307032042,-27.3357677282994,"[[0.5000000000000002, -0.0, -0.8660254037844386, 0.3], [0.0, 1.0, -0.0, 0.22], [0.8660254037844386, 0.0, 0.5000000000000002, -0.23333333333333328], [0.0, 0.0, 0.0, 1.0]]","[[0.42614596805511423, 0.04598346950622136, -0.9034849940328508, 0.30407501283504323], [0.0023379068845554365, 0.9986480128800612, 0.05192957309765183, 0.21480705714474552], [0.9046513958988672, -0.024241841986029584, 0.4254623191251555, -0.22760527228232702], [0.0, 0.0, 0.0, 1.0]]","[[0.5000000000000002, -0.0, -0.8660254037844386, 0.3], [0.0, 1.0, -0.0, -0.22], [0.8660254037844386, 0.0, 0.5000000000000002, -0.23333333333333328], [0.0, 0.0, 0.0, 1.0]]","[[0.42614547351869897, -0.04598141334781694, -0.9034853319374152, 0.3040750087414208], [-0.002337546779780573, 0.9986481414700377, -0.051927116360262635, -0.2148071548959604], [0.904651629786061, 0.024240444818053986, 0.42546190142061685, -0.2276053259354747], [0.0, 0.0, 0.0, 1.0]]"
1.3416666666666666,12.395137022699416,9.983529561683081,-4.124268857660568,-119.51612541774384,1.8963949794214587,42.465724447502964,27.284491790652822,12.395137022699416,-9.983529561683081,4.124268857660568,-119.51612541774384,-1.8963949794214587,42.465724447502964,-27.284491790652822,"[[0.49432120828614456, -0.0, -0.8692793239451437, 0.3], [0.0, 1.0, -0.0, 0.22], [0.8692793239451437, 0.0, 0.49432120828614456, -0.23104166666666665], [0.0, 0.0, 0.0, 1.0]]","[[0.4199783277831937, 0.04637339135209698, -0.9063485603049952, 0.30403226605321576], [0.002356368104228908, 0.9986345453364986, 0.05218709026111521, 0.21478130519788316], [0.9075310747967751, -0.024053137738550244, 0.4192955936366857, -0.22526266937357164], [0.0, 0.0, 0.0, 1.0]]","[[0.49432120828614456, -0.0, -0.8692793239451437, 0.3], [0.0, 1.0, -0.0, -0.22], [0.8692793239451437, 0.0, 0.49432120828614456, -0.23104166666666665], [0.0, 0.0, 0.0, 1.0]]","[[0.42614547351869897, -0.04598141334781694, -0.9034853319374152, 0.3040750087414208], [-0.002337546779780573, 0.9986481414700377, -0.051927116360262635, -0.2148071548959604], [0.904651629786061, 0.024240444818053986, 0.42546190142061685, -0.2276053259354747], [0.0, 0.0, 0.0, 1.0]]"
1.35,12.365578525292538,10.03165763589593,-4.0149879653744796,-119.83905676170204,1.9638838651669432,42.463238258645084,27.234385522901608,12.365578525292538,-10.03165763589593,4.0149879653744796,-119.83905676170204,-1.9638838651669432,42.463238258645084,-27.234385522901608,"[[0.48862124149695507, -0.0, -0.8724960070727971, 0.3], [0.0, 1.0, -0.0, 0.22], [0.8724960070727971, 0.0, 0.48862124149695507, -0.2287499999999999], [0.0, 0.0, 0.0, 1.0]]","[[0.4137802848919539, 0.04676796906066935, -0.9091746987816334, 0.3039895020518538], [0.002375461495707592, 0.9986207163829757, 0.05245018582841095, 0.21475501272959419], [0.9103736776826403, -0.02386256232454312, 0.4130984690142187, -0.22291921347209867], [0.0, 0.0, 0.0, 1.0]]","[[0.48862124149695507, -0.0, -0.8724960070727971, 0.3], [0.0, 1.0, -0.0, -0.22], [0.8724960070727971, 0.0, 0.48862124149695507, -0.2287499999999999], [0.0, 0.0, 0.0, 1.0]]","[[0.41377978868854104, -0.04676590951022403, -0.909175030552725, 0.3039894968461959], [-0.0023750978321504107, 0.9986208454777346, -0.052447744352094434, -0.21475510531459666], [0.9103739041641926, 0.023861196219311313, 0.41309804881145284, -0.2229192674481189], [0.0, 0.0, 0.0, 1.0]]"
1.3583333333333334,12.332751782367811,10.07979680916618,-3.905084245213451,-120.15946093566734,2.029895935947824,42.46072474903052,27.185462585424098,12.332751782367811,-10.07979680916618,3.905084245213451,-120.15946093566734,-2.029895935947824,42.46072474903052,-27.185462585424098,"[[0.48290034380003727, -0.0, -0.8756753153753997, 0.3], [0.0, 1.0, -0.0, 0.22], [0.8756753153753997, 0.0, 0.48290034380003727, -0.22645833333333326], [0.0, 0.0, 0.0, 1.0]]","[[0.4075514304882518, 0.047167555899014155, -0.9119632959595979, 0.30394667838748346], [0.0023952373246721066, 0.998606501453282, 0.05271923836129429, 0.2147280958185477], [0.9131791140543778, -0.023670169533610036, 0.4068705306717507, -0.2205747135434752], [0.0, 0.0, 0.0, 1.0]]","[[0.48290034380003727, -0.0, -0.8756753153753997, 0.3], [0.0, 1.0, -0.0, -0.22], [0.8756753153753997, 0.0, 0.48290034380003727, -0.22645833333333326], [0.0, 0.0, 0.0, 1.0]]","[[0.41377978868854104, -0.04676590951022403, -0.909175030552725, 0.3039894968461959], [-0.0023750978321504107, 0.9986208454777346, -0.052447744352094434, -0.21475510531459666], [0.9103739041641926, 0.023861196219311313, 0.41309804881145284, -0.2229192674481189], [0.0, 0.0, 0.0, 1.0]]"
1.3666666666666667,12.296635449584077,10.12796074187217,-3.7945581240643045,-120.47731061888305,2.094420519593523,42.45818391865927,27.137741761240513,12.296635449584077,-10.12796074187217,3.7945581240643045,-120.47731061888305,-2.094420519593523,42.45818391865927,-27.137741761240513,"[[0.4771587602596084, -0.0, -0.8788171126619655, 0.3], [0.0, 1.0000000000000002, -0.0, 0.22], [0.8788171126619655, 0.0, 0.4771587602596084, -0.22416666666666663], [0.0, 0.0, 0.0, 1.0]]","[[0.4012920026324776, 0.047572157881393864, -0.9147139544238534, 0.3039038129403868], [0.0024157102490057272, 0.9985918957266955, 0.052994246225014155, 0.214700594646044], [0.9159469924439998, -0.023475851070244802, 0.4006120210993665, -0.21822928439748923], [0.0, 0.0, 0.0, 1.0]]","[[0.4771587602596084, -0.0, -0.8788171126619655, 0.3], [0.0, 1.0000000000000002, -0.0, -0.22], [0.8788171126619655, 0.0, 0.4771587602596084, -0.22416666666666663], [0.0, 0.0, 0.0, 1.0]]","[[0.40129150473827213, -0.04757009511505001, -0.9147142801310354, 0.3039038066535131], [-0.0024153432946667913, 0.9985920253750711, -0.05299181987894089, -0.21470068214917645], [0.9159472115475117, 0.02347451614109013, 0.40061159837213833, -0.218229338676027], [0.0, 0.0, 0.0, 1.0]]"
1.375,12.257208182600177,10.176161386844951,-3.6834087481533944,-120.79260581134918,2.157446943933462,42.4556260128151,27.091236710729188,12.257208182600177,-10.176161386844951,3.6834087481533944,-120.79260581134918,-2.157446943933462,42.4556260128151,-27.091236710729188,"[[0.47139673682599786, -0.0, -0.8819212643483549, 0.3], [0.0, 1.0, -0.0, 0.22], [0.8819212643483549, 0.0, 0.47139673682599786, -0.22187499999999993], [0.0, 0.0, 0.0, 1.0]]","[[0.39500199649361983, 0.04798191845986532, -0.9174263775731355, 0.30386088581131543], [0.0024368702076404264, 0.9985768872119123, 0.05327534129181452, 0.21467249645380707], [0.9186770294448674, -0.023279515181357166, 0.39432293839348925, -0.21588289561902463], [0.0, 0.0, 0.0, 1.0]]","[[0.47139673682599786, -0.0, -0.8819212643483549, 0.3], [0.0, 1.0, -0.0, -0.22], [0.8819212643483549, 0.0, 0.47139673682599786, -0.22187499999999993], [0.0, 0.0, 0.0, 1.0]]","[[0.3950014977440474, -0.047979854152489565, -0.9174267002739049, 0.3038608789952682], [-0.0024365017066254255, 0.9985770171559083, -0.053272922460126576, -0.21467258144780285], [0.9186772448686171, 0.023278195881873603, 0.3943225143928409, -0.21588295004118507], [0.0, 0.0, 0.0, 1.0]]"
1.3833333333333333,12.214446929527666,10.224410696915568,-3.5716363309241324,-121.10536017344407,2.2189645367970625,42.45305786168718,27.045962801815758,12.214446929527666,-10.224410696915568,3.5716363309241324,-121.10536017344407,-2.2189645367970625,42.45305786168718,-27.045962801815758,"[[0.4656145203251116, -0.0, -0.8849876374630419, 0.3], [0.0, 1.0, -0.0, 0.22], [0.8849876374630419, 0.0, 0.4656145203251116, -0.2195833333333333], [0.0, 0.0, 0.0, 1.0]]","[[0.3886811514646348, 0.04839711927634641, -0.920100364819989, 0.30381786367493546], [0.002458760248323255, 0.9985614546199357, 0.053562821484304766, 0.21464374544314238], [0.9213690449511351, -0.02308116533170137, 0.3880030190768672, -0.2135354265318656], [0.0, 0.0, 0.0, 1.0]]","[[0.4656145203251116, -0.0, -0.8849876374630419, 0.3], [0.0, 1.0, -0.0, -0.22], [0.8849876374630419, 0.0, 0.4656145203251116, -0.2195833333333333], [0.0, 0.0, 0.0, 1.0]]","[[0.388680651852624, -0.048395053473019846, -0.9201006845311893, 0.30381785633725716], [-0.002458390265523469, 0.998561584872817, -0.0535604101327725, -0.21464382794911535], [0.9213692567004405, 0.02307986169005285, 0.38800259379499813, -0.21353548109264747], [0.0, 0.0, 0.0, 1.0]]"
1.3916666666666666,12.168330346025387,10.272720624915067,-3.459240872376518,-121.41556004478936,2.2789632663439816,42.45048288037008,27.00193710997315,12.168330346025387,-10.272720624915067,3.459240872376518,-121.41556004478936,-2.2789632663439816,42.45048288037008,-27.00193710997315,"[[0.45981235844786, -0.0, -0.8880161006528074, 0.3], [0.0, 1.0000000000000002, -0.0, 0.22], [0.8880161006528074, 0.0, 0.45981235844786, -0.2172916666666666], [0.0, 0.0, 0.0, 1.0]]","[[0.3823295660382978, 0.04881782939654006, -0.9227355647562184, 0.3037747418367016], [0.0024814331168907904, 0.9985455879648694, 0.05385676601486578, 0.21461435069388668], [0.9240226974607569, -0.022880740567208784, 0.38165236313750606, -0.21118691390087527], [0.0, 0.0, 0.0, 1.0]]","[[0.45981235844786, -0.0, -0.8880161006528074, 0.3], [0.0, 1.0000000000000002, -0.0, -0.22], [0.8880161006528074, 0.0, 0.45981235844786, -0.2172916666666666], [0.0, 0.0, 0.0, 1.0]]","[[0.38232906555633933, -0.04881576214272383, -0.9227358814943968, 0.30377473398488203], [-0.0024810617164463915, 0.9985457185400395, -0.05385436210851863, -0.21461443073304662], [0.9240229055405368, 0.022879452611049816, 0.38165193656608526, -0.21118696859526576], [0.0, 0.0, 0.0, 1.0]]"
1.4,12.118834526431243,10.321105684995437,-3.3462230128407864,-121.72320542538507,2.337433100733876,42.4479044839584,26.9591732955797,12.118834526431243,-10.321105684995437,3.3462230128407864,-121.72320542538507,-2.337433100733876,42.4479044839584,-26.9591732955797,"[[0.45399049973954686, -0.0, -0.8910065241883677, 0.3], [0.0, 0.9999999999999999, -0.0, 0.22], [0.8910065241883677, 0.0, 0.45399049973954686, -0.21499999999999997], [0.0, 0.0, 0.0, 1.0]]","[[0.37594710655307306, 0.04924427310410472, -0.9253317105994051, 0.30373150582774916], [0.002504861625086202, 0.9985292702611444, 0.05415738269143178, 0.21458428787865963], [0.9266377386781804, -0.02267813921368707, 0.3752708398732749, -0.20883730134191456], [0.0, 0.0, 0.0, 1.0]]","[[0.45399049973954686, -0.0, -0.8910065241883677, 0.3], [0.0, 0.9999999999999999, -0.0, -0.22], [0.8910065241883677, 0.0, 0.45399049973954686, -0.21499999999999997], [0.0, 0.0, 0.0, 1.0]]","[[0.38232906555633933, -0.04881576214272383, -0.9227358814943968, 0.30377473398488203], [-0.0024810617164463915, 0.9985457185400395, -0.05385436210851863, -0.21461443073304662], [0.9240229055405368, 0.022879452611049816, 0.38165193656608526, -0.21118696859526576], [0.0, 0.0, 0.0, 1.0]]"
1.4083333333333332,12.065937272630434,10.36957697621408,-3.2325829657603493,-122.02828265485287,2.3943644350132245,42.4453329177359,26.91768672656104,12.065937272630434,-10.36957697621408,3.2325829657603493,-122.02828265485287,-2.3943644350132245,42.4453329177359,-26.91768672656104,"[[0.44814919358922256, -0.0, -0.8939587799699321, 0.3], [0.0, 1.0, -0.0, 0.22], [0.8939587799699321, 0.0, 0.44814919358922256, -0.21270833333333328], [0.0, 0.0, 0.0, 1.0]]","[[0.36953396193178345, 0.0496764752154118, -0.9278884085864915, 0.3036881474762687], [0.0025290929857029916, 0.9985124935526566, 0.05446470332174383, 0.21455356649914437], [0.9292137830809811, -0.022473273669594368, 0.36885864135587587, -0.20648662882955376], [0.0, 0.0, 0.0, 1.0]]","[[0.44814919358922256, -0.0, -0.8939587799699321, 0.3], [0.0, 1.0, -0.0, -0.22], [0.8939587799699321, 0.0, 0.44814919358922256, -0.21270833333333328], [0.0, 0.0, 0.0, 1.0]]","[[0.3695334596860222, -0.04967440519833774, -0.927888719427427, 0.30368813861841853], [-0.002528718939488462, 0.9985126248138483, -0.05446231419876003, -0.2145536416684073], [0.9292139838341889, 0.022472017166928794, 0.3688582121783995, -0.20648668377621165], [0.0, 0.0, 0.0, 1.0]]"
1.4166666666666667,12.0096172402818,10.418148158949332,-3.1183217983522638,-122.33080539357107,2.449747877671919,42.44277159679714,26.87749277084281,12.0096172402818,-10.418148158949332,3.1183217983522638,-122.33080539357107,-2.449747877671919,42.44277159679714,-26.87749277084281,"[[0.4422886902190013, -0.0, -0.8968727415326883, 0.3], [0.0, 1.0, -0.0, 0.22], [0.8968727415326883, 0.0, 0.4422886902190013, -0.21041666666666659], [0.0, 0.0, 0.0, 1.0]]","[[0.3630898518786618, 0.05011472931816707, -0.9304054349411864, 0.3036446192439428], [0.002554177827355647, 0.9984952344394165, 0.05477903775534071, 0.21452213239415852], [0.9317506295347256, -0.022266133637020246, 0.36241548484370906, -0.20413477339620578], [0.0, 0.0, 0.0, 1.0]]","[[0.4422886902190013, -0.0, -0.8968727415326883, 0.3], [0.0, 1.0, -0.0, -0.22], [0.8968727415326883, 0.0, 0.4422886902190013, -0.21041666666666659], [0.0, 0.0, 0.0, 1.0]]","[[0.36308934873840054, -0.05011265798915158, -0.9304057428573764, 0.30364460989407444], [-0.002553802551616073, 0.9984953660650184, -0.05477665596960332, -0.21452220516033324], [0.9317508266297656, 0.022264892902218104, 0.3624150543490174, -0.20413482846160075], [0.0, 0.0, 0.0, 1.0]]"
1.425,11.949849669949604,10.466832039805892,-3.003440364390176,-122.63075998116135,2.503574464086674,42.44022735133131,26.83860338125605,11.949849669949604,-10.466832039805892,3.003440364390176,-122.63075998116135,-2.503574464086674,42.44022735133131,-26.83860338125605,"[[0.43640924067334197, -0.0, -0.8997482840522215, 0.3], [0.0, 1.0, -0.0, 0.22], [0.8997482840522215, 0.0, 0.43640924067334197, -0.20812499999999995], [0.0, 0.0, 0.0, 1.0]]","[[0.3566148773985257, 0.0505591220164249, -0.9328824172418316, 0.3036009202684854], [0.002580097055597884, 0.99847748243679, 0.05510045522383099, 0.21448998884137485], [0.9342479180159934, -0.02205656926219413, 0.35594147754253624, -0.2017817537676797], [0.0, 0.0, 0.0, 1.0]]","[[0.43640924067334197, -0.0, -0.8997482840522215, 0.3], [0.0, 1.0, -0.0, -0.22], [0.8997482840522215, 0.0, 0.43640924067334197, -0.20812499999999995], [0.0, 0.0, 0.0, 1.0]]","[[0.36308934873840054, -0.05011265798915158, -0.9304057428573764, 0.30364460989407444], [-0.002553802551616073, 0.9984953660650184, -0.05477665596960332, -0.21452220516033324], [0.9317508266297656, 0.022264892902218104, 0.3624150543490174, -0.20413482846160075], [0.0, 0.0, 0.0, 1.0]]"
1.4333333333333333,11.886613217292687,10.515643986709387,-2.8879399445345566,-122.92814641762371,2.555835443077615,42.43770018133841,26.801035633273685,11.886613217292687,-10.515643986709387,2.8879399445345566,-122.92814641762371,-2.555835443077615,42.43770018133841,-26.801035633273685,"[[0.43051109680829525, -0.0, -0.9025852843498606, 0.3], [0.0, 1.0, -0.0, 0.22], [0.9025852843498606, 0.0, 0.43051109680829525, -0.20583333333333326], [0.0, 0.0, 0.0, 1.0]]","[[0.3501089034216819, 0.05100985414785996, -0.9353190634883272, 0.30355702062368795], [0.0026069048943398523, 0.9984592185554814, 0.05542917037489667, 0.214457113538371], [0.9367053751269602, -0.021844533901905733, 0.34943648428129137, -0.19942751509554169], [0.0, 0.0, 0.0, 1.0]]","[[0.43051109680829525, -0.0, -0.9025852843498606, 0.3], [0.0, 1.0, -0.0, -0.22], [0.9025852843498606, 0.0, 0.43051109680829525, -0.20583333333333326], [0.0, 0.0, 0.0, 1.0]]","[[0.35010839846562564, -0.05100778033615323, -0.9353193656014044, 0.30355701031147975], [-0.0026065273426115858, 0.9984593509540349, -0.05542680315208294, -0.21445718156224677], [0.9367055649130346, 0.021843324784159426, 0.349436051121413, -0.19942757038371833], [0.0, 0.0, 0.0, 1.0]]"
1.4416666666666667,11.819883976648955,10.564595952490869,-2.7718220328892853,-123.2229510425798,2.606522063464868,42.435203747196766,26.764801479726767,11.819883976648955,-10.564595952490869,2.7718220328892853,-123.2229510425798,-2.606522063464868,42.435203747196766,-26.764801479726767,"[[0.42459451128071307, -0.0, -0.9053836208979552, 0.3], [0.0, 1.0, -0.0, 0.22], [0.9053836208979552, 0.0, 0.42459451128071307, -0.20354166666666662], [0.0, 0.0, 0.0, 1.0]]","[[0.34357215564244464, 0.051466955731391734, -0.9377149494035738, 0.3035129095607664], [0.0026346016265889304, 0.998440434329176, 0.05576520394328501, 0.21442351151417047], [0.9391225866421663, -0.021629876659610393, 0.3429007373777681, -0.19707208894740025], [0.0, 0.0, 0.0, 1.0]]","[[0.42459451128071307, -0.0, -0.9053836208979552, 0.3], [0.0, 1.0, -0.0, -0.22], [0.9053836208979552, 0.0, 0.42459451128071307, -0.20354166666666662], [0.0, 0.0, 0.0, 1.0]]","[[0.35010839846562564, -0.05100778033615323, -0.9353193656014044, 0.30355701031147975], [-0.0026065273426115858, 0.9984593509540349, -0.05542680315208294, -0.21445718156224677], [0.9367055649130346, 0.021843324784159426, 0.349436051121413, -0.19942757038371833], [0.0, 0.0, 0.0, 1.0]]"
1.45,11.749639749903604,10.613701597528676,-2.655088550445067,-123.51517385602962,2.6556268547290287,42.432734633811805,26.729914580993636,11.749639749903604,-10.613701597528676,2.655088550445067,-123.51517385602962,-2.6556268547290287,42.432734633811805,-26.729914580993636,"[[0.4186597375374282, -0.0, -0.9081431738250811, 0.3], [0.0, 1.0, -0.0, 0.22], [0.9081431738250811, 0.0, 0.4186597375374282, -0.20124999999999998], [0.0, 0.0, 0.0, 1.0]]","[[0.3370044406262326, 0.05193065764759379, -0.9400697919806213, 0.3034685572614089], [0.0026632402867761383, 0.9984211083701318, 0.05610880066560632, 0.21438915030210615], [0.9414992905729538, -0.021412546724905498, 0.3363340433161335, -0.1947154100031303], [0.0, 0.0, 0.0, 1.0]]","[[0.4186597375374282, -0.0, -0.9081431738250811, 0.3], [0.0, 1.0, -0.0, -0.22], [0.9081431738250811, 0.0, 0.4186597375374282, -0.20124999999999998], [0.0, 0.0, 0.0, 1.0]]","[[0.3370039338166351, -0.05192858154414777, -0.9400700883502919, 0.3034685460153598], [-0.0026628606983514005, 0.9984212416020524, -0.05610644785331999, -0.21438921366907115], [0.9414994730561532, 0.021411369331010465, 0.3363336074470657, -0.19471546549465382], [0.0, 0.0, 0.0, 1.0]]"
1.4583333333333333,11.675857485168189,10.66297628974844,-2.5377412047491936,-123.80480119759484,2.703141706020457,42.43030308646728,26.69638859745263,11.675857485168189,-10.66297628974844,2.5377412047491936,-123.80480119759484,-2.703141706020457,42.43030308646728,-26.69638859745263,"[[0.41270702980439467, -0.0, -0.9108638249211758, 0.3], [0.0, 1.0, -0.0, 0.22], [0.9108638249211758, 0.0, 0.41270702980439467, -0.1989583333333333], [0.0, 0.0, 0.0, 1.0]]","[[0.3304059485231081, 0.052400999592442335, -0.9423831728242278, 0.30342395117192633], [0.002692813010535044, 0.9984012311468998, 0.05645998939466199, 0.2143540414881185], [0.9438350798410895, -0.02119237801823829, 0.3297365996902627, -0.19235750247442335], [0.0, 0.0, 0.0, 1.0]]","[[0.41270702980439467, -0.0, -0.9108638249211758, 0.3], [0.0, 1.0, -0.0, -0.22], [0.9108638249211758, 0.0, 0.41270702980439467, -0.1989583333333333], [0.0, 0.0, 0.0, 1.0]]","[[0.3304054407718673, -0.05239892241572769, -0.9423834663437272, 0.3034239394694796], [-0.002692432491650191, 0.9984013648186957, -0.05645764372911613, -0.21435410255874346], [0.9438352586736873, 0.02119121652563745, 0.32973616244891546, -0.19235755806038302], [0.0, 0.0, 0.0, 1.0]]"
1.4666666666666666,11.59851327678061,10.712433689528503,-2.419782557122604,-124.0918467276538,2.7490591468197487,42.427909105163195,26.664235481934792,11.59851327678061,-10.712433689528503,2.419782557122604,-124.0918467276538,-2.7490591468197487,42.427909105163195,-26.664235481934792,"[[0.40673664307580043, -0.0, -0.9135454576426008, 0.3], [0.0, 1.0, -0.0, 0.22], [0.9135454576426008, 0.0, 0.40673664307580043, -0.19666666666666666], [0.0, 0.0, 0.0, 1.0]]","[[0.32377632081660834, 0.05287831407104994, -0.9446548459514005, 0.3033790378719496], [0.002723372856417206, 0.9983807745508824, 0.056819118679060504, 0.2143181180788045], [0.9461297359869553, -0.02096933256409546, 0.3231080465928863, -0.18999821870526634], [0.0, 0.0, 0.0, 1.0]]","[[0.40673664307580043, -0.0, -0.9135454576426008, 0.3], [0.0, 1.0, -0.0, -0.22], [0.9135454576426008, 0.0, 0.40673664307580043, -0.19666666666666666], [0.0, 0.0, 0.0, 1.0]]","[[0.3237758121135444, -0.05287623587003196, -0.9446551366347571, 0.3033790257200278], [-0.002722991464651287, 0.9983809086787336, -0.05681678012092492, -0.21431817687441473], [0.9461299111684918, 0.020968186999424588, 0.3231076079671585, -0.18999827438094025], [0.0, 0.0, 0.0, 1.0]]"
1.475,11.517585780399715,10.762088311020849,-2.301215168886237,-124.37628312544982,2.7933727738245566,42.425562935183294,26.63346889481847,11.517585780399715,-10.762088311020849,2.301215168886237,-124.37628312544982,-2.7933727738245566,42.425562935183294,-26.63346889481847,"[[0.4007488331031409, -0.0, -0.9161879571171359, 0.3], [0.0, 0.9999999999999999, -0.0, 0.22], [0.9161879571171359, 0.0, 0.4007488331031409, -0.1943749999999999], [0.0, 0.0, 0.0, 1.0]]","[[0.3171159787076471, 0.05336250594532281, -0.9468843113113273, 0.30333381833021883], [0.0027549344780610323, 0.9983597355124881, 0.05718608959752658, 0.21428142150699325], [0.9483827636478389, -0.02074322700714949, 0.31644881442188577, -0.18763766646933278], [0.0, 0.0, 0.0, 1.0]]","[[0.4007488331031409, -0.0, -0.9161879571171359, 0.3], [0.0, 0.9999999999999999, -0.0, -0.22], [0.9161879571171359, 0.0, 0.4007488331031409, -0.1943749999999999], [0.0, 0.0, 0.0, 1.0]]","[[0.3171154690422577, -0.05336042676938421, -0.9468845991719892, 0.30333380573567337], [-0.0027545522703312335, 0.9983598701122793, -0.05718375810650474, -0.21428147804908473], [0.9483829351775048, 0.020742097395934134, 0.31644837439891943, -0.1876377222299518], [0.0, 0.0, 0.0, 1.0]]"
1.4833333333333334,11.433051090363405,10.811955522151111,-2.1820420282478543,-124.65811039098288,2.8360755434022997,42.423264576527586,26.60410078893471,11.433051090363405,-10.811955522151111,2.1820420282478543,-124.65811039098288,-2.8360755434022997,42.423264576527586,-26.60410078893471,"[[0.39474385638426723, -0.0, -0.9187912101488984, 0.3], [0.0, 1.0, -0.0, 0.22], [0.9187912101488984, 0.0, 0.39474385638426723, -0.19208333333333327], [0.0, 0.0, 0.0, 1.0]]","[[0.3104247654554979, 0.05385380214637125, -0.949071247581697, 0.3032882594122722], [0.002787517961931732, 0.9983380918635882, 0.05756113339556265, 0.21424391788452218], [0.9505938642425119, -0.020513954483457095, 0.3097587495712423, -0.18527577039432092], [0.0, 0.0, 0.0, 1.0]]","[[0.39474385638426723, -0.0, -0.9187912101488984, 0.3], [0.0, 1.0, -0.0, -0.22], [0.9187912101488984, 0.0, 0.39474385638426723, -0.19208333333333327], [0.0, 0.0, 0.0, 1.0]]","[[0.31042425481707664, -0.05385172204529634, -0.949071532632825, 0.30328824638188756], [-0.002787134994352295, 0.9983382269516505, -0.05755880893102799, -0.21424397219456787], [0.9505940321187518, 0.02051284085131736, 0.30975830813784894, -0.18527582623517455], [0.0, 0.0, 0.0, 1.0]]"
1.4916666666666667,11.344887008556881,10.862048983297631,-2.0622665503020414,-124.93731486387466,2.877161692580865,42.42102085938524,26.576143117114555,11.344887008556881,-10.862048983297631,2.0622665503020414,-124.93731486387466,-2.877161692580865,42.42102085938524,-26.576143117114555,"[[0.3887219701523957, -0.0, -0.9213551052231923, 0.3], [0.0, 1.0, -0.0, 0.22], [0.9213551052231923, 0.0, 0.3887219701523957, -0.18979166666666658], [0.0, 0.0, 0.0, 1.0]]","[[0.30370285390543084, 0.054352243701504765, -0.9512152280815889, 0.30324234090121005], [0.002821164562457266, 0.9983158313188395, 0.05794430057120513, 0.21420560841280709], [0.9527626239311702, -0.02028138414376256, 0.3030380304466834, -0.18291255027433156], [0.0, 0.0, 0.0, 1.0]]","[[0.3887219701523957, -0.0, -0.9213551052231923, 0.3], [0.0, 1.0, -0.0, -0.22], [0.9213551052231923, 0.0, 0.3887219701523957, -0.18979166666666658], [0.0, 0.0, 0.0, 1.0]]","[[0.30370234228304605, -0.054350162725503096, -0.9512155103358559, 0.303242327441696], [-0.0028207808904340895, 0.9983159669115534, -0.05794198309186824, -0.21420566051235054], [0.9527627881518881, 0.020280286515764925, 0.3030375875891945, -0.18291260619071928], [0.0, 0.0, 0.0, 1.0]]"
1.5,11.253070483091692,10.91238406238604,-1.9418919366999714,-125.21389654412516,2.916625244944729,42.41883519885083,26.549607832189054,11.253070483091692,-10.91238406238604,1.9418919366999714,-125.21389654412516,-2.916625244944729,42.41883519885083,-26.549607832189054,"[[0.38268343236508984, -0.0, -0.9238795325112866, 0.3], [0.0, 1.0, -0.0, 0.22], [0.9238795325112866, 0.0, 0.38268343236508984, -0.18749999999999994], [0.0, 0.0, 0.0, 1.0]]","[[0.2969501547697777, 0.05485800799578783, -0.9533158996581036, 0.3031960220944699], [0.00285591561692208, 0.9982929332384639, 0.05833577969079649, 0.21416646415159202], [0.9548887104412714, -0.020045408573491373, 0.2962865711889888, -0.18054793616492887], [0.0, 0.0, 0.0, 1.0]]","[[0.38268343236508984, -0.0, -0.9238795325112866, 0.3], [0.0, 1.0, -0.0, -0.22], [0.9238795325112866, 0.0, 0.38268343236508984, -0.18749999999999994], [0.0, 0.0, 0.0, 1.0]]","[[0.2969496421523286, -0.05485592619552171, -0.9533161791278042, 0.3031960082124602], [-0.002855531295109643, 0.9982930693525633, -0.05833346915502981, -0.21416651406215162], [0.9548888710036507, 0.0200443269747238, 0.2962861268934199, -0.18054799215220946], [0.0, 0.0, 0.0, 1.0]]"
1.5083333333333333,11.157578462079389,10.962976981115618,-1.820922242866464,-125.48785543173437,2.954461077852015,42.41671442511354,26.524505179441967,11.157578462079389,-10.962976981115618,1.820922242866464,-125.48785543173437,-2.954461077852015,42.41671442511354,-26.524505179441967,"[[0.3766285016932108, -0.0, -0.9263643838751181, 0.3], [0.0, 1.0, -0.0, 0.22], [0.9263643838751181, 0.0, 0.3766285016932108, -0.1852083333333333], [0.0, 0.0, 0.0, 1.0]]","[[0.29016663179539115, 0.055371255437711514, -0.9553728852462634, 0.30314925788198055], [0.0028917798499771726, 0.9982693781101935, 0.05873573304886305, 0.2141264575694038], [0.9569717672960981, -0.01980587788359153, 0.28950434158997185, -0.17818186241258166], [0.0, 0.0, 0.0, 1.0]]","[[0.3766285016932108, -0.0, -0.9263643838751181, 0.3], [0.0, 1.0, -0.0, -0.22], [0.9263643838751181, 0.0, 0.3766285016932108, -0.1852083333333333], [0.0, 0.0, 0.0, 1.0]]","[[0.2969496421523286, -0.05485592619552171, -0.9533161791278042, 0.3031960082124602], [-0.002855531295109643, 0.9982930693525633, -0.05833346915502981, -0.21416651406215162], [0.9548888710036507, 0.0200443269747238, 0.2962861268934199, -0.18054799215220946], [0.0, 0.0, 0.0, 1.0]]"
1.5166666666666666,11.058389601178819,11.013842253638348,-1.6993620578348678,-125.75915054556728,2.990664708991079,42.41465512307878,26.50084540415704,11.058389601178819,-11.013842253638348,1.6993620578348678,-125.75915054556728,-2.990664708991079,42.41465512307878,-26.50084540415704,"[[0.37055743750983633, -0.0, -0.9288095528719242, 0.3], [0.0, 1.0, -0.0, 0.22], [0.9288095528719242, 0.0, 0.37055743750983633, -0.18291666666666662], [0.0, 0.0, 0.0, 1.0]]","[[0.2833527304986647, 0.055891884350904274, -0.9573856732700027, 0.3031020782064907], [0.0029287510436480785, 0.9982451617464579, 0.05914405690441349, 0.21408564272466296], [0.9590112890557, -0.019562574306397202, 0.28269179887331586, -0.17581448440511505], [0.0, 0.0, 0.0, 1.0]]","[[0.37055743750983633, -0.0, -0.9288095528719242, 0.3], [0.0, 1.0, -0.0, -0.22], [0.9288095528719242, 0.0, 0.37055743750983633, -0.18291666666666662], [0.0, 0.0, 0.0, 1.0]]","[[0.28335221585711123, -0.05588980105576987, -0.9573859472056251, 0.3031020634990925], [-0.0029283655832343033, 0.9982452989540634, -0.0591417601287271, -0.21408568832198294], [0.9590114422903807, 0.019561524839833696, 0.28269135165771275, -0.1758145405203615], [0.0, 0.0, 0.0, 1.0]]"
1.525,10.955481702275176,11.064995247879867,-1.57721575719512,-126.02780920638055,3.025231229163456,42.412667538030306,26.478638751618035,10.955481702275176,-11.064995247879867,1.57721575719512,-126.02780920638055,-3.025231229163456,42.412667538030306,-26.478638751618035,"[[0.36447049987914976, -0.0, -0.9312149347588035, 0.3], [0.0, 1.0, -0.0, 0.22], [0.9312149347588035, 0.0, 0.36447049987914976, -0.18062499999999998], [0.0, 0.0, 0.0, 1.0]]","[[0.27650809221717093, 0.05642022650925403, -0.9593539664686151, 0.3030543793269568], [0.002966905856256998, 0.9982202521282593, 0.059561109044699974, 0.2140439329039275], [0.961007009551991, -0.019315441533627985, 0.2758485840280866, -0.17344559103901513], [0.0, 0.0, 0.0, 1.0]]","[[0.36447049987914976, -0.0, -0.9312149347588035, 0.3], [0.0, 1.0, -0.0, -0.22], [0.9312149347588035, 0.0, 0.36447049987914976, -0.18062499999999998], [0.0, 0.0, 0.0, 1.0]]","[[0.28335221585711123, -0.05588980105576987, -0.9573859472056251, 0.3031020634990925], [-0.0029283655832343033, 0.9982452989540634, -0.0591417601287271, -0.21408568832198294], [0.9590114422903807, 0.019561524839833696, 0.28269135165771275, -0.1758145405203615], [0.0, 0.0, 0.0, 1.0]]"
1.5333333333333332,10.848830859706364,11.116453039313097,-1.454488463589098,-126.29380409341753,3.0581574367179716,42.41075166996812,26.457897174656,10.848830859706364,-11.116453039313097,1.454488463589098,-126.29380409341753,-3.0581574367179716,42.41075166996812,-26.457897174656,"[[0.35836794954530016, -0.0, -0.9335804264972016, 0.3], [0.0, 0.9999999999999999, -0.0, 0.22], [0.9335804264972016, 0.0, 0.35836794954530016, -0.17833333333333323], [0.0, 0.0, 0.0, 1.0]]","[[0.26963297691468213, 0.05695625290616174, -0.9612772976696246, 0.30300617063026897], [0.003006273165180307, 0.9981946391850407, 0.059986870429309294, 0.21400135418950192], [0.9629584726673227, -0.01906430059393122, 0.2689749660490386, -0.171075247801691], [0.0, 0.0, 0.0, 1.0]]","[[0.35836794954530016, -0.0, -0.9335804264972016, 0.3], [0.0, 0.9999999999999999, -0.0, -0.22], [0.9335804264972016, 0.0, 0.35836794954530016, -0.17833333333333323], [0.0, 0.0, 0.0, 1.0]]","[[0.26963246020277204, -0.05695416832400261, -0.9612775661147624, 0.3030061551231032], [-0.003005886775736155, 0.9981947775550701, -0.05998458724101811, -0.21400139556005535], [0.9629586185551754, 0.019063283355839726, 0.26897451585234416, -0.17107530402673438], [0.0, 0.0, 0.0, 1.0]]"
1.5416666666666667,10.738417436678523,11.168231849637317,-1.3311856198237966,-126.55712154629987,3.08943970311663,42.408914349081385,26.4386275034601,10.738417436678523,-11.168231849637317,1.3311856198237966,-126.55712154629987,-3.08943970311663,42.408914349081385,-26.4386275034601,"[[0.35225004792123343, -0.0, -0.9359059267573256, 0.3], [0.0, 1.0, -0.0, 0.22], [0.9359059267573256, 0.0, 0.35225004792123343, -0.1760416666666666], [0.0, 0.0, 0.0, 1.0]]","[[0.26272762199338484, 0.05749999593876777, -0.9631552040604583, 0.30295741934113013], [0.003046816178281151, 0.9981683099610106, 0.06042136957034248, 0.21395791196239844], [0.9648652307720893, -0.018808919602726633, 0.26207119450733485, -0.1687034750634254], [0.0, 0.0, 0.0, 1.0]]","[[0.35225004792123343, -0.0, -0.9359059267573256, 0.3], [0.0, 1.0, -0.0, -0.22], [0.9359059267573256, 0.0, 0.35225004792123343, -0.1760416666666666], [0.0, 0.0, 0.0, 1.0]]","[[0.26272710422860984, -0.05749791079208839, -0.96315546977536, 0.3029574034434921], [-0.0030464294010284984, 0.9981684489382183, -0.06041909310951489, -0.21395795125214712], [0.9648653729777817, 0.018807918513666675, 0.26207074279596637, -0.16870353133660582], [0.0, 0.0, 0.0, 1.0]]"
1.55,10.624218381303203,11.220346193004515,-1.2073132023147395,-126.81776156502755,3.1190752535950805,42.40715216027552,26.42084169086139,10.624218381303203,-11.220346193004515,1.2073132023147395,-126.81776156502755,-3.1190752535950805,42.40715216027552,-26.42084169086139,"[[0.346117057077493, -0.0, -0.938191335922484, 0.3], [0.0, 1.0, -0.0, 0.22], [0.938191335922484, 0.0, 0.346117057077493, -0.1737499999999999], [0.0, 0.0, 0.0, 1.0]]","[[0.25579186888536753, 0.0580516489624039, -0.9649873190176528, 0.3029080764949353], [0.003088669863522825, 0.9981412380213696, 0.060864842722562, 0.21391356251569713], [0.9667269417630842, -0.018549259120349604, 0.25513711030636255, -0.16633018526493584], [0.0, 0.0, 0.0, 1.0]]","[[0.346117057077493, -0.0, -0.938191335922484, 0.3], [0.0, 1.0, -0.0, -0.22], [0.938191335922484, 0.0, 0.346117057077493, -0.1737499999999999], [0.0, 0.0, 0.0, 1.0]]","[[0.26272710422860984, -0.05749791079208839, -0.96315546977536, 0.3029574034434921], [-0.0030464294010284984, 0.9981684489382183, -0.06041909310951489, -0.21395795125214712], [0.9648653729777817, 0.018807918513666675, 0.26207074279596637, -0.16870353133660582], [0.0, 0.0, 0.0, 1.0]]"
1.5583333333333333,10.467620926655028,11.272095975024762,-1.090421024694024,-127.00000467246183,3.148843779318935,42.40536948090215,26.404900029338577,10.467620926655028,-11.272095975024762,1.090421024694024,-127.00000467246183,-3.148843779318935,42.40536948090215,-26.404900029338577,"[[0.33996923973099424, -0.0, -0.9404365560933547, 0.3], [0.0, 0.9999999999999999, -0.0, 0.22], [0.9404365560933547, 0.0, 0.33996923973099424, -0.17145833333333327], [0.0, 0.0, 0.0, 1.0]]","[[0.24937517690574657, 0.05828726482547484, -0.9666512379873067, 0.3031195331864415], [0.0030974145365492145, 0.9981338964555233, 0.06098467651552593, 0.21392811298717096], [0.9684019966761823, -0.01820218409091418, 0.24872927718285215, -0.16419565976838646], [0.0, 0.0, 0.0, 1.0]]","[[0.33996923973099424, -0.0, -0.9404365560933547, 0.3], [0.0, 0.9999999999999999, -0.0, -0.22], [0.9404365560933547, 0.0, 0.33996923973099424, -0.17145833333333327], [0.0, 0.0, 0.0, 1.0]]","[[0.2493746565320492, -0.05828517765341565, -0.9666514980826506, 0.3031195166091074], [-0.003097027154175088, 0.9981340360279571, -0.06098241177050642, -0.21392814869471935], [0.9684021319174845, 0.01820121392795203, 0.24872882162954119, -0.16419571592074575], [0.0, 0.0, 0.0, 1.0]]"
1.5666666666666667,10.215644149115857,11.322837450368787,-0.9910178666082433,-127.00000467246183,3.1812636991012235,42.403405801515774,26.391311367984837,10.215644149115857,-11.322837450368787,0.9910178666082433,-127.00000467246183,-3.1812636991012235,42.403405801515774,-26.391311367984837,"[[0.3338068592337709, -0.0, -0.9426414910921784, 0.3], [0.0, 1.0, -0.0, 0.22], [0.9426414910921784, 0.0, 0.3338068592337709, -0.16916666666666663], [0.0, 0.0, 0.0, 1.0]]","[[0.24423402097419866, 0.057759323275863264, -0.9679946299300886, 0.3039565646307534], [0.0030262820305300836, 0.9981742813903193, 0.06032367352865541, 0.21408428319512665], [0.9697115986806832, -0.017662518100045384, 0.24361332237486355, -0.16262400437774355], [0.0, 0.0, 0.0, 1.0]]","[[0.3338068592337709, -0.0, -0.9426414910921784, 0.3], [0.0, 1.0, -0.0, -0.22], [0.9426414910921784, 0.0, 0.3338068592337709, -0.16916666666666663], [0.0, 0.0, 0.0, 1.0]]","[[0.2493746565320492, -0.05828517765341565, -0.9666514980826506, 0.3031195166091074], [-0.003097027154175088, 0.9981340360279571, -0.06098241177050642, -0.21392814869471935], [0.9684021319174845, 0.01820121392795203, 0.24872882162954119, -0.16419571592074575], [0.0, 0.0, 0.0, 1.0]]"
1.575,9.961148739320242,11.374487340872424,-0.8910370772899207,-127.00000467246183,3.2120774572115014,42.401520669304844,26.379230470890377,9.961148739320242,-11.374487340872424,0.8910370772899207,-127.00000467246183,-3.2120774572115014,42.401520669304844,-26.379230470890377,"[[0.3276301795616937, -0.0, -0.9448060464668778, 0.3], [0.0, 0.9999999999999999, -0.0, 0.22], [0.9448060464668778, 0.0, 0.3276301795616937, -0.16687499999999994], [0.0, 0.0, 0.0, 1.0]]","[[0.2390479669824923, 0.057246159720212214, -0.9693188054911684, 0.30479311804482784], [0.002958085057939555, 0.9982130513671944, 0.059682106304864875, 0.21423845030292932], [0.9710032539669101, -0.017134213652314177, 0.23845146153502517, -0.16103373109795394], [0.0, 0.0, 0.0, 1.0]]","[[0.3276301795616937, -0.0, -0.9448060464668778, 0.3], [0.0, 0.9999999999999999, -0.0, -0.22], [0.9448060464668778, 0.0, 0.3276301795616937, -0.16687499999999994], [0.0, 0.0, 0.0, 1.0]]","[[0.23904744124467558, -0.05724406457197945, -0.9693190588787847, 0.3047931012740034], [-0.0029576973109176653, 0.9982131877786158, -0.059679843929681536, -0.21423848543926158], [0.9710033845775156, 0.017133266359138973, 0.23845099773931833, -0.16103378594567636], [0.0, 0.0, 0.0, 1.0]]"
1.5833333333333333,9.7041201831162,11.427060160687658,-0.7904857537324904,-127.00000467246183,3.2412722470450746,42.399717499363966,26.368667583338954,9.7041201831162,-11.427060160687658,0.7904857537324904,-127.00000467246183,-3.2412722470450746,42.399717499363966,-26.368667583338954,"[[0.3214394653031616, -0.0, -0.9469301294951057, 0.3], [0.0, 1.0, -0.0, 0.22], [0.9469301294951057, 0.0, 0.3214394653031616, -0.1645833333333333], [0.0, 0.0, 0.0, 1.0]]","[[0.2338168482556935, 0.05674811195595442, -0.9706231674863365, 0.3056289927954022], [0.002892818109730199, 0.9982502309129095, 0.05906020729481941, 0.214390571731214], [0.9722763563283633, -0.01661710780363075, 0.23324356079661557, -0.15942469097746795], [0.0, 0.0, 0.0, 1.0]]","[[0.3214394653031616, -0.0, -0.9469301294951057, 0.3], [0.0, 1.0, -0.0, -0.22], [0.9469301294951057, 0.0, 0.3214394653031616, -0.1645833333333333], [0.0, 0.0, 0.0, 1.0]]","[[0.2338163198179266, -0.056746012870462104, -0.970623417505526, 0.3056289759253995], [-0.0028924302037218706, 0.9982503658140229, -0.05905794611808255, -0.21439060657983006], [0.9722764845630681, 0.01661617210656819, 0.23324309290996648, -0.1594247451756094], [0.0, 0.0, 0.0, 1.0]]"
1.5916666666666666,9.444546527672681,11.480567862645538,-0.6893713130945043,-127.00000467246183,3.268836115770896,42.39800312188229,26.359624412877857,9.444546527672681,-11.480567862645538,0.6893713130945043,-127.00000467246183,-3.268836115770896,42.39800312188229,-26.359624412877857,"[[0.3152349816477698, -0.0, -0.9490136491882138, 0.3], [0.0, 1.0, -0.0, 0.22], [0.9490136491882138, 0.0, 0.3152349816477698, -0.1622916666666666], [0.0, 0.0, 0.0, 1.0]]","[[0.22854059195204934, 0.05626549678324534, -0.971907090056422, 0.30646397464528086], [0.002830375491153409, 0.9982858468137091, 0.05845816475065796, 0.21454060750529452], [0.9735302701019555, -0.016110925583919716, 0.22798958588506502, -0.15779675609739707], [0.0, 0.0, 0.0, 1.0]]","[[0.3152349816477698, -0.0, -0.9490136491882138, 0.3], [0.0, 1.0, -0.0, -0.22], [0.9490136491882138, 0.0, 0.3152349816477698, -0.1622916666666666], [0.0, 0.0, 0.0, 1.0]]","[[0.22854006080316674, -0.05626339379611467, -0.9719073366976033, 0.3064639576744447], [-0.0028299874419826614, 0.9982859802517983, -0.058455904781164414, -0.21454064206484014], [0.9735303959194922, 0.01611000159061647, 0.22798911392780857, -0.15779680964789747], [0.0, 0.0, 0.0, 1.0]]"
1.6,9.18241582015864,11.53502239957711,-0.587701759503896,-127.00000467246183,3.294757110557917,42.39637412176524,26.35210778969626,9.18241582015864,-11.53502239957711,0.587701759503896,-127.00000467246183,-3.294757110557917,42.39637412176524,-26.35210778969626,"[[0.30901699437494745, -0.0, -0.9510565162951536, 0.3], [0.0, 1.0, -0.0, 0.22], [0.9510565162951536, 0.0, 0.30901699437494745, -0.15999999999999992], [0.0, 0.0, 0.0, 1.0]]","[[0.22854059195204934, 0.05626549678324534, -0.971907090056422, 0.30646397464528086], [0.002830375491153409, 0.9982858468137091, 0.05845816475065796, 0.21454060750529452], [0.9735302701019555, -0.016110925583919716, 0.22798958588506502, -0.15779675609739707], [0.0, 0.0, 0.0, 1.0]]","[[0.30901699437494745, -0.0, -0.9510565162951536, 0.3], [0.0, 1.0, -0.0, -0.22], [0.9510565162951536, 0.0, 0.30901699437494745, -0.15999999999999992], [0.0, 0.0, 0.0, 1.0]]","[[0.22321845125875106, -0.055796585030241826, -0.973170213331978, 0.3072978306680213], [-0.0027703628734551955, 0.9983200519193255, -0.057873992650797054, -0.21468854179176503], [0.974764509051901, 0.015614577636238646, 0.22268887906235446, -0.15614983763252527], [0.0, 0.0, 0.0, 1.0]]"
1.6083333333333334,8.917716961516673,11.59043657808707,-0.4854854172537164,-127.00000467246183,3.319025199565796,42.39483732920199,26.34611942134145,8.917716961516673,-11.59043657808707,0.4854854172537164,-127.00000467246183,-3.319025199565796,42.39483732920199,-26.34611942134145,"[[0.3027857698425746, -0.0, -0.9530586433062971, 0.3], [0.0, 1.0, -0.0, 0.22], [0.9530586433062971, 0.0, 0.3027857698425746, -0.15770833333333328], [0.0, 0.0, 0.0, 1.0]]","[[0.21785197642158244, 0.055347990277940504, -0.9744111639043364, 0.3081303868141658], [0.002713848251113076, 0.9983524766442065, 0.05731463518203033, 0.21483423402245394], [0.9759780486244966, -0.01513051058531411, 0.2173428541557037, -0.15448365464440045], [0.0, 0.0, 0.0, 1.0]]","[[0.3027857698425746, -0.0, -0.9530586433062971, 0.3], [0.0, 1.0, -0.0, -0.22], [0.9530586433062971, 0.0, 0.3027857698425746, -0.15770833333333328], [0.0, 0.0, 0.0, 1.0]]","[[0.22321845125875106, -0.055796585030241826, -0.973170213331978, 0.3072978306680213], [-0.0027703628734551955, 0.9983200519193255, -0.057873992650797054, -0.21468854179176503], [0.974764509051901, 0.015614577636238646, 0.22268887906235446, -0.15614983763252527], [0.0, 0.0, 0.0, 1.0]]"
1.6166666666666667,8.650437998915734,11.646824058553756,-0.3827313043281041,-127.00000467246183,3.341630350954188,42.393396159287114,26.3416661380026,8.650437998915734,-11.646824058553756,0.3827313043281041,-127.00000467246183,-3.341630350954188,42.393396159287114,-26.3416661380026,"[[0.2965415749755708, -0.0, -0.9550199444571866, 0.3], [0.0, 1.0, -0.0, 0.22], [0.9550199444571866, 0.0, 0.2965415749755708, -0.1554166666666666], [0.0, 0.0, 0.0, 1.0]]","[[0.21243946349322584, 0.05491370298657387, -0.9756300321202772, 0.3089613653035113], [0.002659650358263963, 0.9983835403285625, 0.05677352077313604, 0.21497774386605065], [0.9771706097763494, -0.014655771058128313, 0.21195001241804534, -0.15279823555258423], [0.0, 0.0, 0.0, 1.0]]","[[0.2965415749755708, -0.0, -0.9550199444571866, 0.3], [0.0, 1.0, -0.0, -0.22], [0.9550199444571866, 0.0, 0.2965415749755708, -0.1554166666666666], [0.0, 0.0, 0.0, 1.0]]","[[0.21243892414966176, -0.05491158852170941, -0.9756302685711206, 0.3089613480200309], [-0.0026592619756963982, 0.9983836696658497, -0.05677126447681223, -0.21497777755062272], [0.9771707280879217, 0.014654882823619542, 0.21194952837302344, -0.15279828717278585], [0.0, 0.0, 0.0, 1.0]]"
1.625,8.38057039461936,11.704195940034571,-0.2794487321958885,-127.00000467246183,3.362563386656396,42.39205402711521,26.338747939679713,8.38057039461936,-11.704195940034571,0.2794487321958885,-127.00000467246183,-3.362563386656396,42.39205402711521,-26.338747939679713,"[[0.29028467725446244, -0.0, -0.9569403357322089, 0.3], [0.0, 1.0, -0.0, 0.22], [0.9569403357322089, 0.0, 0.29028467725446244, -0.15312499999999996], [0.0, 0.0, 0.0, 1.0]]","[[0.21243946349322584, 0.05491370298657387, -0.9756300321202772, 0.3089613653035113], [0.002659650358263963, 0.9983835403285625, 0.05677352077313604, 0.21497774386605065], [0.9771706097763494, -0.014655771058128313, 0.21195001241804534, -0.15279823555258423], [0.0, 0.0, 0.0, 1.0]]","[[0.29028467725446244, -0.0, -0.9569403357322089, 0.3], [0.0, 1.0, -0.0, -0.22], [0.9569403357322089, 0.0, 0.29028467725446244, -0.15312499999999996], [0.0, 0.0, 0.0, 1.0]]","[[0.20698086095898355, -0.054494013560102875, -0.9768261491600176, 0.30979052495445397], [-0.0026076824991002508, 0.9984132629259097, -0.05625083471044692, -0.21511902915598527], [0.9783415166436829, 0.014190098651857854, 0.2065103336678064, -0.15109346894967732], [0.0, 0.0, 0.0, 1.0]]"
1.6333333333333333,8.108102195796505,11.762565882907854,-0.17564763931592053,-127.00000467246183,3.381816195822781,42.390810932686264,26.33736824146737,8.108102195796505,-11.762565882907854,0.17564763931592053,-127.00000467246183,-3.381816195822781,42.390810932686264,-26.33736824146737,"[[0.28401534470392276, -0.0, -0.9588197348681929, 0.3], [0.0, 0.9999999999999999, -0.0, 0.22], [0.9588197348681929, 0.0, 0.28401534470392276, -0.15083333333333326], [0.0, 0.0, 0.0, 1.0]]","[[0.20147764808032764, 0.05409560372253085, -0.9779981712569379, 0.31061768327395867], [0.002559061762440116, 0.9984412811919994, 0.05575355786472316, 0.2152579430867043], [0.9794897694855806, -0.013735853434494866, 0.20102516708987062, -0.14936906909754133], [0.0, 0.0, 0.0, 1.0]]","[[0.28401534470392276, -0.0, -0.9588197348681929, 0.3], [0.0, 0.9999999999999999, -0.0, -0.22], [0.9588197348681929, 0.0, 0.28401534470392276, -0.15083333333333326], [0.0, 0.0, 0.0, 1.0]]","[[0.20698086095898355, -0.054494013560102875, -0.9768261491600176, 0.30979052495445397], [-0.0026076824991002508, 0.9984132629259097, -0.05625083471044692, -0.21511902915598527], [0.9783415166436829, 0.014190098651857854, 0.2065103336678064, -0.15109346894967732], [0.0, 0.0, 0.0, 1.0]]"
1.6416666666666666,7.8330274260316415,11.821944132457359,-0.07133845106483369,-127.00000467246183,3.3993815213773497,42.38967029109487,26.337530458460158,7.8330274260316415,-11.821944132457359,0.07133845106483369,-127.00000467246183,-3.3993815213773497,42.38967029109487,-26.337530458460158,"[[0.2777338458812922, -0.0, -0.9606580613579353, 0.3], [0.0, 1.0, -0.0, 0.22], [0.9606580613579353, 0.0, 0.2777338458812922, -0.14854166666666663], [0.0, 0.0, 0.0, 1.0]]","[[0.19592821505352137, 0.05371237427961361, -0.9791461154471215, 0.3114425312489809], [0.0025126296897606676, 0.9984680024767221, 0.055275082290183505, 0.2153945459560253], [0.9806150219316361, -0.013290179810338424, 0.19549309420699662, -0.1476250970025545], [0.0, 0.0, 0.0, 1.0]]","[[0.2777338458812922, -0.0, -0.9606580613579353, 0.3], [0.0, 1.0, -0.0, -0.22], [0.9606580613579353, 0.0, 0.2777338458812922, -0.14854166666666663], [0.0, 0.0, 0.0, 1.0]]","[[0.20147710322883472, -0.054093481808971486, -0.9779984008679667, 0.3106176657733487], [-0.0025586732392861786, 0.9984414080390693, -0.05575130405842742, -0.2152579761819052], [0.9794898825744818, 0.013734989579287479, 0.20102467509110622, -0.14936911944237394], [0.0, 0.0, 0.0, 1.0]]"
1.65,7.555335840041018,11.882344349061428,0.033467906922742645,-127.00000467246183,3.4152531734611666,42.38863551743562,26.339232883110785,7.555335840041018,-11.882344349061428,-0.033467906922742645,-127.00000467246183,-3.4152531734611666,42.38863551743562,-26.339232883110785,"[[0.2714404498650742, -0.0, -0.9624552364536473, 0.3], [0.0, 1.0, -0.0, 0.22], [0.9624552364536473, 0.0, 0.2714404498650742, -0.14625], [0.0, 0.0, 0.0, 1.0]]","[[0.19033304428069442, 0.05334673265270376, -0.980269074474006, 0.3122648373259125], [0.0024686550991536785, 0.9984933206206599, 0.05481782937995426, 0.21552876242360408], [0.9817164753618249, -0.012853590595989298, 0.18991457872408346, -0.14586138631867063], [0.0, 0.0, 0.0, 1.0]]","[[0.2714404498650742, -0.0, -0.9624552364536473, 0.3], [0.0, 1.0, -0.0, -0.22], [0.9624552364536473, 0.0, 0.2714404498650742, -0.14625], [0.0, 0.0, 0.0, 1.0]]","[[0.19033249389166856, -0.0533446034662618, -0.980269297208683, 0.3122648196009871], [-0.002468266501957552, 0.9984934451755634, -0.054815578095189284, -0.21552879492498284], [0.9817165830469878, 0.012852751552168563, 0.18991407885695294, -0.14586143539830565], [0.0, 0.0, 0.0, 1.0]]"
1.6583333333333332,7.275020607635464,11.943778485551109,0.13875996206343696,-127.00000467246183,3.4294258159889432,42.387706611708495,26.34247722296654,7.275020607635464,-11.943778485551109,-0.13875996206343696,-127.00000467246183,-3.4294258159889432,42.387706611708495,-26.34247722296654,"[[0.2651354262434081, -0.0, -0.9642111831703293, 0.3], [0.0, 1.0, -0.0, 0.22], [0.9642111831703293, 0.0, 0.2651354262434081, -0.14395833333333324], [0.0, 0.0, 0.0, 1.0]]","[[0.18469209385684288, 0.052998952539388605, -0.9813663645634606, 0.3130843396602053], [0.00242711404159459, 0.9985172558948294, 0.054381971256006856, 0.2156605501943314], [0.9827934368849868, -0.012425808222715159, 0.1842896082415068, -0.1440778376926108], [0.0, 0.0, 0.0, 1.0]]","[[0.2651354262434081, -0.0, -0.9642111831703293, 0.3], [0.0, 1.0, -0.0, -0.22], [0.9642111831703293, 0.0, 0.2651354262434081, -0.14395833333333324], [0.0, 0.0, 0.0, 1.0]]","[[0.184691540689765, -0.05299681978606859, -0.981366583846324, 0.3130843218203677], [-0.0024267254326247045, 0.998517379378628, -0.05437972124341864, -0.21566058239724223], [0.982793541798742, 0.012424981746474828, 0.18428910447252234, -0.14407788614372902], [0.0, 0.0, 0.0, 1.0]]"
1.6666666666666667,6.992075752399455,12.006256787210154,0.24452570816534888,-127.00000467246183,3.4418947532056245,42.3868869890081,26.347263478027426,6.992075752399455,-12.006256787210154,-0.24452570816534888,-127.00000467246183,-3.4418947532056245,42.3868869890081,-26.347263478027426,"[[0.25881904510252074, -0.0, -0.9659258262890683, 0.3], [0.0, 1.0, -0.0, 0.22], [0.9659258262890683, 0.0, 0.25881904510252074, -0.1416666666666666], [0.0, 0.0, 0.0, 1.0]]","[[0.17900539936366522, 0.05266927353164517, -0.9824372827943285, 0.31390076843311665], [0.002387985317344639, 0.998539829187283, 0.05396764820478897, 0.21578986705460587], [0.9838451933738249, -0.012006546226140852, 0.1786182474523268, -0.1422743656019187], [0.0, 0.0, 0.0, 1.0]]","[[0.25881904510252074, -0.0, -0.9659258262890683, 0.3], [0.0, 1.0, -0.0, -0.22], [0.9659258262890683, 0.0, 0.25881904510252074, -0.1416666666666666], [0.0, 0.0, 0.0, 1.0]]","[[0.184691540689765, -0.05299681978606859, -0.981366583846324, 0.3130843218203677], [-0.0024267254326247045, 0.998517379378628, -0.05437972124341864, -0.21566058239724223], [0.982793541798742, 0.012424981746474828, 0.18428910447252234, -0.14407788614372902], [0.0, 0.0, 0.0, 1.0]]"
1.675,6.706494871030643,12.069792060643259,0.3507526254383689,-127.00000467246183,3.4526567834600375,42.386176649334416,26.353591648293442,6.706494871030643,-12.069792060643259,-0.3507526254383689,-127.00000467246183,-3.4526567834600375,42.386176649334416,-26.353591648293442,"[[0.25249157701515795, -0.0, -0.9675990923602598, 0.3], [0.0, 1.0, -0.0, 0.22], [0.9675990923602598, 0.0, 0.25249157701515795, -0.13937499999999992], [0.0, 0.0, 0.0, 1.0]]","[[0.17327293535523175, 0.05235795046370509, -0.9834811309306458, 0.3147138525735289], [0.0023512252875075614, 0.9985610595956014, 0.05357501282274718, 0.21591667206923115], [0.9848710380618516, -0.011595485438322256, 0.172900500590428, -0.14045087637771606], [0.0, 0.0, 0.0, 1.0]]","[[0.25249157701515795, -0.0, -0.9675990923602598, 0.3], [0.0, 1.0, -0.0, -0.22], [0.9675990923602598, 0.0, 0.25249157701515795, -0.13937499999999992], [0.0, 0.0, 0.0, 1.0]]","[[0.1732723766172834, -0.05235581072329862, -0.9834813432825783, 0.3147138344982343], [-0.002350836706036561, 0.9985611810884207, -0.05357276537644952, -0.21591670367232318], [0.9848711372906508, 0.01159468442022835, 0.17289998908332954, -0.14045092358053402], [0.0, 0.0, 0.0, 1.0]]"
1.6833333333333333,6.418273694660799,12.13439625868147,0.4574275337518329,-127.00000467246183,3.4617095588746545,42.385579007782034,26.361458318670007,6.418273694660799,-12.13439625868147,-0.4574275337518329,-127.00000467246183,-3.4617095588746545,42.385579007782034,-26.361458318670007,"[[0.24615329302899303, -0.0, -0.9692309097067543, 0.3], [0.0, 0.9999999999999999, -0.0, 0.22], [0.9692309097067543, 0.0, 0.24615329302899303, -0.13708333333333328], [0.0, 0.0, 0.0, 1.0]]","[[0.16749477164673882, 0.05206520277783257, -0.9844971894986343, 0.31552331038299936], [0.0023167479989249923, 0.9985809672331905, 0.053204178015782824, 0.21604092792456997], [0.9858702420449235, -0.011192253541124225, 0.16713646912315366, -0.1386072963600393], [0.0, 0.0, 0.0, 1.0]]","[[0.24615329302899303, -0.0, -0.9692309097067543, 0.3], [0.0, 0.9999999999999999, -0.0, -0.22], [0.9692309097067543, 0.0, 0.24615329302899303, -0.13708333333333328], [0.0, 0.0, 0.0, 1.0]]","[[0.16749421011758903, -0.052063059620257854, -0.9844973983714039, 0.315523292187112], [-0.0023163594569186492, 0.9985810878065351, -0.05320193186326651, -0.21604095922640926], [0.9858703383589303, 0.01119146541319702, 0.1671359537800109, -0.13860734294330346], [0.0, 0.0, 0.0, 1.0]]"
1.6916666666666667,6.127408381308514,12.200078772834898,0.5645368527686804,-127.00000467246183,3.469051798789007,42.385090649256384,26.370863489157113,6.127408381308514,-12.200078772834898,-0.5645368527686804,-127.00000467246183,-3.469051798789007,42.385090649256384,-26.370863489157113,"[[0.23980446465501654, -0.0, -0.9708212084269281, 0.3], [0.0, 1.0, -0.0, 0.22], [0.9708212084269281, 0.0, 0.23980446465501654, -0.1347916666666666], [0.0, 0.0, 0.0, 1.0]]","[[0.1616708955365147, 0.051791270125510824, -0.9854847466476626, 0.3163288558216125], [0.0022845886531802605, 0.9985995683776894, 0.052855299550549545, 0.21616258844124123], [0.9868420857417397, -0.01079659088226156, 0.16132616475393557, -0.13674354847590628], [0.0, 0.0, 0.0, 1.0]]","[[0.23980446465501654, -0.0, -0.9708212084269281, 0.3], [0.0, 1.0, -0.0, -0.22], [0.9708212084269281, 0.0, 0.23980446465501654, -0.1347916666666666], [0.0, 0.0, 0.0, 1.0]]","[[0.16749421011758903, -0.052063059620257854, -0.9844973983714039, 0.315523292187112], [-0.0023163594569186492, 0.9985810878065351, -0.05320193186326651, -0.21604095922640926], [0.9858703383589303, 0.01119146541319702, 0.1671359537800109, -0.13860734294330346], [0.0, 0.0, 0.0, 1.0]]"
1.7,5.833895088992379,12.266852409708235,0.6720663351411894,-127.00000467246183,3.474683289759682,42.38471498885203,26.381802037112887,5.833895088992379,-12.266852409708235,-0.6720663351411894,-127.00000467246183,-3.474683289759682,42.38471498885203,-26.381802037112887,"[[0.23344536385590547, -0.0, -0.9723699203976766, 0.3], [0.0, 1.0, -0.0, 0.22], [0.9723699203976766, 0.0, 0.23344536385590547, -0.13249999999999995], [0.0, 0.0, 0.0, 1.0]]","[[0.1558013948234644, 0.051536350812657866, -0.9864430697794868, 0.31713019850305596], [0.0022546406162412165, 0.9986168816616954, 0.052528470908289535, 0.2162816176914416], [0.9877858279843634, -0.01040808364618978, 0.15546970710739555, -0.13485956561258178], [0.0, 0.0, 0.0, 1.0]]","[[0.23344536385590547, -0.0, -0.9723699203976766, 0.3], [0.0, 1.0, -0.0, -0.22], [0.9723699203976766, 0.0, 0.23344536385590547, -0.13249999999999995], [0.0, 0.0, 0.0, 1.0]]","[[0.15580082770452153, -0.05153420098128515, -0.9864432716663473, 0.3171301800601425], [-0.0022542522048680687, 0.9986170005492231, -0.052526227363767275, -0.21628164838832775], [0.9877859183211629, 0.010407321619601964, 0.15546918415918742, -0.13485961096654248], [0.0, 0.0, 0.0, 1.0]]"
1.7083333333333333,5.537732110165102,12.33472656081159,0.7800011465522564,-127.00000467246183,3.4786048855603275,42.38445544166357,26.394270547442748,5.537732110165102,-12.33472656081159,-0.7800011465522564,-127.00000467246183,-3.4786048855603275,42.38445544166357,-26.394270547442748,"[[0.22707626303437323, -0.0, -0.9738769792773336, 0.3], [0.0, 1.0, -0.0, 0.22], [0.9738769792773336, 0.0, 0.22707626303437323, -0.13020833333333331], [0.0, 0.0, 0.0, 1.0]]","[[0.14988641057784818, 0.05130060938495602, -0.9873714151224052, 0.31792703796555033], [0.0022268933433937828, 0.9986329248985046, 0.052223770973522515, 0.21639797688803647], [0.9887007155201851, -0.010026404409854289, 0.14956726361234324, -0.1329552984360522], [0.0, 0.0, 0.0, 1.0]]","[[0.22707626303437323, -0.0, -0.9738769792773336, 0.3], [0.0, 1.0, -0.0, -0.22], [0.9738769792773336, 0.0, 0.22707626303437323, -0.13020833333333331], [0.0, 0.0, 0.0, 1.0]]","[[0.14988584066210847, -0.05129845630009758, -0.9873716135023529, 0.31792701939615564], [-0.002226505023401038, 0.9986330430198789, -0.05222152874282193, -0.2163980072813292], [0.9887008027934405, 0.010025655593704903, 0.14956673689534922, -0.13295534318050456], [0.0, 0.0, 0.0, 1.0]]"
1.7166666666666666,5.238918164166214,12.403712325202365,0.8883259724371017,-127.00000467246183,3.4808189340684694,42.38430859259641,26.40826389750481,5.238918164166214,-12.403712325202365,-0.8883259724371017,-127.00000467246183,-3.4808189340684694,42.38430859259641,-26.40826389750481,"[[0.2206974350215014, -0.0, -0.9753423205085126, 0.3], [0.0, 1.0, -0.0, 0.22], [0.9753423205085126, 0.0, 0.2206974350215014, -0.12791666666666662], [0.0, 0.0, 0.0, 1.0]]","[[0.14392598499228365, 0.05108424884671442, -0.988269047559301, 0.31871907120826654], [0.0022012989118361526, 0.9986477127791136, 0.051941313461887725, 0.2165116261484267], [0.9895860069378011, -0.009651180280788787, 0.14361890402062677, -0.13103069002119624], [0.0, 0.0, 0.0, 1.0]]","[[0.2206974350215014, -0.0, -0.9753423205085126, 0.3], [0.0, 1.0, -0.0, -0.22], [0.9753423205085126, 0.0, 0.2206974350215014, -0.12791666666666662], [0.0, 0.0, 0.0, 1.0]]","[[0.14392541227969297, -0.0510820925661025, -0.9882692424229282, 0.31871905251038396], [-0.002200910700628146, 0.9986478301856938, -0.05193907255133943, -0.21651165623744956], [0.9895860910967818, 0.009650444781126706, 0.14361837355755752, -0.13103073415973845], [0.0, 0.0, 0.0, 1.0]]"
1.7249999999999999,4.937453250995715,12.47381909439067,0.997024804539858,-127.00000467246183,3.481328636935282,42.38427444165057,26.423778672204495,4.937453250995715,-12.47381909439067,-0.997024804539858,-127.00000467246183,-3.481328636935282,42.38427444165057,-26.423778672204495,"[[0.21430915306505066, -0.0, -0.9767658813208725, 0.3], [0.0, 1.0, -0.0, 0.22], [0.9767658813208725, 0.0, 0.21430915306505066, -0.12562499999999993], [0.0, 0.0, 0.0, 1.0]]","[[0.1379202502558335, 0.05088742528211884, -0.9891352154875114, 0.3195059872231414], [0.002177871745289668, 0.9986612602590283, 0.051681177739201445, 0.21662252612727786], [0.9904409429360389, -0.009282090605388132, 0.13762478465001876, -0.129085701024055], [0.0, 0.0, 0.0, 1.0]]","[[0.21430915306505066, -0.0, -0.9767658813208725, 0.3], [0.0, 1.0, -0.0, -0.22], [0.9767658813208725, 0.0, 0.21430915306505066, -0.12562499999999993], [0.0, 0.0, 0.0, 1.0]]","[[0.1379196747472528, -0.050885265865125984, -0.9891354068252979, 0.31950596839474316], [-0.0021774836603133015, 0.9986613770022781, -0.05167893815494569, -0.21662255591140783], [0.9904410239295024, 0.00928136852781294, 0.13762425046382581, -0.12908574456042016], [0.0, 0.0, 0.0, 1.0]]"
1.7333333333333334,4.6333377975404275,12.545057967433902,1.1060810476352765,-127.00000467246183,3.480138263028995,42.38435298882602,26.44080804135263,4.6333377975404275,-12.545057967433902,-1.1060810476352765,-127.00000467246183,-3.480138263028995,42.38435298882602,-26.44080804135263,"[[0.2079116908177593, -0.0, -0.9781476007338057, 0.3], [0.0, 1.0, -0.0, 0.22], [0.9781476007338057, 0.0, 0.2079116908177593, -0.12333333333333324], [0.0, 0.0, 0.0, 1.0]]","[[0.13186934683796825, 0.05071029174369872, -0.9899691619822288, 0.3202874712036638], [0.0021565478159356645, 0.9986735816117048, 0.051443431965288375, 0.2167306406408335], [0.9912647601251874, -0.00891872760648247, 0.13158507374256456, -0.1271202958763648], [0.0, 0.0, 0.0, 1.0]]","[[0.2079116908177593, -0.0, -0.9781476007338057, 0.3], [0.0, 1.0, -0.0, -0.22], [0.9781476007338057, 0.0, 0.2079116908177593, -0.12333333333333324], [0.0, 0.0, 0.0, 1.0]]","[[0.1379196747472528, -0.050885265865125984, -0.9891354068252979, 0.31950596839474316], [-0.0021774836603133015, 0.9986613770022781, -0.05167893815494569, -0.21662255591140783], [0.9904410239295024, 0.00928136852781294, 0.13762425046382581, -0.12908574456042016], [0.0, 0.0, 0.0, 1.0]]"
1.7416666666666667,4.326573938234469,12.61743662829488,1.2154777329721378,-127.00000467246183,3.4772537887651342,42.38454423412278,26.45934346721275,4.326573938234469,-12.61743662829488,-1.2154777329721378,-127.00000467246183,-3.4772537887651342,42.38454423412278,-26.45934346721275,"[[0.20150532232561713, -0.0, -0.9794874195590514, 0.3], [0.0, 1.0, -0.0, 0.22], [0.9794874195590514, 0.0, 0.20150532232561713, -0.1210416666666666], [0.0, 0.0, 0.0, 1.0]]","[[0.12577345468767775, 0.05055296790373372, -0.9907701224461963, 0.32106320027417873], [0.0021373076878393737, 0.998684690749503, 0.05122812097293154, 0.21683593181986605], [0.9920566868943398, -0.008560718351509695, 0.12549997645231636, -0.12513445455215108], [0.0, 0.0, 0.0, 1.0]]","[[0.20150532232561713, -0.0, -0.9794874195590514, 0.3], [0.0, 1.0, -0.0, -0.22], [0.9794874195590514, 0.0, 0.20150532232561713, -0.1210416666666666], [0.0, 0.0, 0.0, 1.0]]","[[0.12577287359365608, -0.050550802398584296, -0.9907703067032506, 0.32106318117858906], [-0.0021369199077950346, 0.9986848063206365, -0.051225884058944696, -0.21683596099256405], [0.99205676140093, 0.008560023432915304, 0.12549943488926985, -0.12513449689588413], [0.0, 0.0, 0.0, 1.0]]"
1.75,4.017164661285598,12.690966176031008,1.3251969313038705,-127.00000467246183,3.472681830889457,42.384848177540846,26.4793764120484,4.017164661285598,-12.690966176031008,-1.3251969313038705,-127.00000467246183,-3.472681830889457,42.384848177540846,-26.4793764120484,"[[0.19509032201612836, -0.0, -0.9807852804032304, 0.3], [0.0, 1.0, -0.0, 0.22], [0.9807852804032304, 0.0, 0.19509032201612836, -0.11874999999999991], [0.0, 0.0, 0.0, 1.0]]","[[0.11963277320408439, 0.050415572349417286, -0.9915373263978421, 0.3218328474914459], [0.002120076248337835, 0.9986946004240178, 0.051035285446569496, 0.21693836640620803], [0.9928159471181964, -0.008207627464271616, 0.11936971977518585, -0.12312816263527633], [0.0, 0.0, 0.0, 1.0]]","[[0.19509032201612836, -0.0, -0.9807852804032304, 0.3], [0.0, 1.0, -0.0, -0.22], [0.9807852804032304, 0.0, 0.19509032201612836, -0.11874999999999991], [0.0, 0.0, 0.0, 1.0]]","[[0.12577287359365608, -0.050550802398584296, -0.9907703067032506, 0.32106318117858906], [-0.0021369199077950346, 0.9986848063206365, -0.051225884058944696, -0.21683596099256405], [0.99205676140093, 0.008560023432915304, 0.12549943488926985, -0.12513449689588413], [0.0, 0.0, 0.0, 1.0]]"
1.7583333333333333,3.7051133817884025,12.76565344083145,1.4352206066621978,-127.00000467246183,3.466430927138426,42.38526481908022,26.500901753217693,3.7051133817884025,-12.76565344083145,-1.4352206066621978,-127.00000467246183,-3.466430927138426,42.38526481908022,-26.500901753217693,"[[0.18866696468655514, -0.0, -0.9820411276703038, 0.3], [0.0, 1.0, -0.0, 0.22], [0.9820411276703038, 0.0, 0.18866696468655514, -0.11645833333333327], [0.0, 0.0, 0.0, 1.0]]","[[0.1134475242793902, 0.05029817822718135, -0.9922699997994012, 0.3225960809905835], [0.002104932597644417, 0.9987033227233348, 0.05086494313503148, 0.21703790726988945], [0.9935417598136661, -0.007859163339523665, 0.11319454517761063, -0.12110141507683378], [0.0, 0.0, 0.0, 1.0]]","[[0.18866696468655514, -0.0, -0.9820411276703038, 0.3], [0.0, 1.0, -0.0, -0.22], [0.9820411276703038, 0.0, 0.18866696468655514, -0.11645833333333327], [0.0, 0.0, 0.0, 1.0]]","[[0.11344693761544511, -0.050296006891017285, -0.9922701769359474, 0.3225960616194649], [-0.00210454519262835, 0.9987034373283714, -0.05086270891358785, -0.21703793582934092], [0.9935418276223753, 0.007858495995731369, 0.11319399633141136, -0.12110145624446693], [0.0, 0.0, 0.0, 1.0]]"
1.7666666666666666,3.3904262896018165,12.841508667979966,1.545529549140079,-127.00000467246183,3.45851046902215,42.38579074364631,26.523905830342297,3.3904262896018165,-12.841508667979966,-1.545529549140079,-127.00000467246183,-3.45851046902215,42.38579074364631,-26.523905830342297,"[[0.18223552549214767, -0.0, -0.9832549075639545, 0.3], [0.0, 1.0, -0.0, 0.22], [0.9832549075639545, 0.0, 0.18223552549214767, -0.11416666666666664], [0.0, 0.0, 0.0, 1.0]]","[[0.10721792132405589, 0.05020089311017706, -0.9929673648604416, 0.3233525615201247], [0.002091751188191198, 0.9987108679338255, 0.05071712578441197, 0.21713452191769358], [0.9942333438000936, -0.007514825467417243, 0.10697469548579702, -0.11905421800698611], [0.0, 0.0, 0.0, 1.0]]","[[0.18223552549214767, -0.0, -0.9832549075639545, 0.3], [0.0, 1.0, -0.0, -0.22], [0.9832549075639545, 0.0, 0.18223552549214767, -0.11416666666666664], [0.0, 0.0, 0.0, 1.0]]","[[0.10721733188359861, -0.050198718959104244, -0.9929675384213865, 0.32335254200807517], [-0.002091363996949227, 0.9987109821329883, -0.050714892917118296, -0.21713455016998692], [0.9942334081795858, 0.00751417206532962, 0.10697414303362318, -0.119054258593119], [0.0, 0.0, 0.0, 1.0]]"
1.775,3.0731091476979526,12.918537833892078,1.656104548830473,-127.00000467246183,3.4489309152677956,42.386422536144536,26.548380105685744,3.0731091476979526,-12.918537833892078,-1.656104548830473,-127.00000467246183,-3.4489309152677956,42.386422536144536,-26.548380105685744,"[[0.1757962799343547, -0.0, -0.9844265680898915, 0.3], [0.0, 1.0, -0.0, 0.22], [0.9844265680898915, 0.0, 0.1757962799343547, -0.11187499999999995], [0.0, 0.0, 0.0, 1.0]]","[[0.10094419170273455, 0.050123789588966974, -0.9936286408305283, 0.3241019470637053], [0.002080581869108169, 0.998717244984503, 0.0505918545780912, 0.2172281720480242], [0.994889914181749, -0.0071742796018662985, 0.10071041838671274, -0.11698658305225881], [0.0, 0.0, 0.0, 1.0]]","[[0.1757962799343547, -0.0, -0.9844265680898915, 0.3], [0.0, 1.0, -0.0, -0.22], [0.9844265680898915, 0.0, 0.1757962799343547, -0.11187499999999995], [0.0, 0.0, 0.0, 1.0]]","[[0.10094359949283899, -0.05012161269229764, -0.9936288108053998, 0.3241019274085972], [-0.002080194909080936, 0.9987173588292044, -0.050589623069943246, -0.217228199992879], [0.9948899750779329, 0.007173640243419575, 0.10070986235264373, -0.11698662306145075], [0.0, 0.0, 0.0, 1.0]]"
1.7833333333333332,2.7531692131528036,12.996750330077893,1.766925328609282,-127.00000467246183,3.437704859036645,42.38716361166948,26.5743109188697,2.7531692131528036,-12.996750330077893,-1.766925328609282,-127.00000467246183,-3.437704859036645,42.38716361166948,-26.5743109188697,"[[0.16934950384902447, -0.0, -0.9855560590580779, 0.3], [0.0, 1.0, -0.0, 0.22], [0.9855560590580779, 0.0, 0.16934950384902447, -0.10958333333333325], [0.0, 0.0, 0.0, 1.0]]","[[0.09462668786195916, 0.05006687448231483, -0.9942530352097738, 0.32484389030498523], [0.0020713395127382878, 0.9987224653690646, 0.05048907525159098, 0.2173188316062733], [0.9955106727187302, -0.006837049561761243, 0.09440209349581019, -0.11489854146827291], [0.0, 0.0, 0.0, 1.0]]","[[0.16934950384902447, -0.0, -0.9855560590580779, 0.3], [0.0, 1.0, -0.0, -0.22], [0.9855560590580779, 0.0, 0.16934950384902447, -0.10958333333333325], [0.0, 0.0, 0.0, 1.0]]","[[0.10094359949283899, -0.05012161269229764, -0.9936288108053998, 0.3241019274085972], [-0.002080194909080936, 0.9987173588292044, -0.050589623069943246, -0.217228199992879], [0.9948899750779329, 0.007173640243419575, 0.10070986235264373, -0.11698662306145075], [0.0, 0.0, 0.0, 1.0]]"
1.7916666666666667,2.430615664033067,13.07615127917929,1.8779713979089956,-127.00000467246183,3.4248453203768032,42.38800714003198,26.6016880246104,2.430615664033067,-13.07615127917929,-1.8779713979089956,-127.00000467246183,-3.4248453203768032,42.38800714003198,-26.6016880246104,"[[0.16289547339458893, -0.0, -0.986643332084879, 0.3], [0.0, 1.0, -0.0, 0.22], [0.986643332084879, 0.0, 0.16289547339458893, -0.10729166666666656], [0.0, 0.0, 0.0, 1.0]]","[[0.08826566014122544, 0.05003020480802961, -0.9948397618946984, 0.32557803791374296], [0.0020640783994175134, 0.9987265352860573, 0.050408801769818296, 0.21740646331564453], [0.9960948312385697, -0.006502793428549692, 0.08804999067252, -0.11279012789104079], [0.0, 0.0, 0.0, 1.0]]","[[0.16289547339458893, -0.0, -0.986643332084879, 0.3], [0.0, 1.0, -0.0, -0.22], [0.986643332084879, 0.0, 0.16289547339458893, -0.10729166666666656], [0.0, 0.0, 0.0, 1.0]]","[[0.08826506241825427, -0.0500280226348289, -0.9948399246650442, 0.32557801796608166], [-0.0020636919541279115, 0.9987266485753291, -0.05040657299410303, -0.21740649064503834], [0.9960948850043455, 0.006502182459791263, 0.0880494275474829, -0.11279016676060186], [0.0, 0.0, 0.0, 1.0]]"
1.8,2.1054581052922634,13.156749218932735,1.9892210922233402,-127.00000467246183,3.4103672403270804,42.38895653632661,26.630497762529515,2.1054581052922634,-13.156749218932735,-1.9892210922233402,-127.00000467246183,-3.4103672403270804,42.38895653632661,-26.630497762529515,"[[0.1564344650402309, -0.0, -0.9876883405951378, 0.3], [0.0, 1.0, -0.0, 0.22], [0.9876883405951378, 0.0, 0.1564344650402309, -0.10499999999999993], [0.0, 0.0, 0.0, 1.0]]","[[0.08186152303454691, 0.05001375040195834, -0.9953880227414811, 0.3263040336344983], [0.002058744216397436, 0.9987294642934743, 0.05035095554526772, 0.21749104207552927], [0.996641586839881, -0.006171055242070681, 0.08165454952716061, -0.11066139692966695], [0.0, 0.0, 0.0, 1.0]]","[[0.1564344650402309, -0.0, -0.9876883405951378, 0.3], [0.0, 1.0, -0.0, -0.22], [0.9876883405951378, 0.0, 0.1564344650402309, -0.10499999999999993], [0.0, 0.0, 0.0, 1.0]]","[[0.08826506241825427, -0.0500280226348289, -0.9948399246650442, 0.32557801796608166], [-0.0020636919541279115, 0.9987266485753291, -0.05040657299410303, -0.21740649064503834], [0.9960948850043455, 0.006502182459791263, 0.0880494275474829, -0.11279016676060186], [0.0, 0.0, 0.0, 1.0]]"
1.8083333333333333,1.7777077427094992,13.238548418206452,2.1006530672111596,-127.00000467246183,3.394286627143343,42.39000155526962,26.660724764701406,1.7777077427094992,-13.238548418206452,-2.1006530672111596,-127.00000467246183,-3.394286627143343,42.39000155526962,-26.660724764701406,"[[0.1499667555540451, -0.0, -0.9886910398241674, 0.3], [0.0, 1.0, -0.0, 0.22], [0.9886910398241674, 0.0, 0.1499667555540451, -0.10270833333333329], [0.0, 0.0, 0.0, 1.0]]","[[0.07541451886575462, 0.05001755253513804, -0.9958970302107751, 0.32702151694932075], [0.0020553444769688158, 0.9987312561903561, 0.050315539026373306, 0.21757253173936225], [0.9971501521352378, -0.005841433627818408, 0.07521603386143189, -0.10851239819864046], [0.0, 0.0, 0.0, 1.0]]","[[0.1499667555540451, -0.0, -0.9886910398241674, 0.3], [0.0, 1.0, -0.0, -0.22], [0.9886910398241674, 0.0, 0.1499667555540451, -0.10270833333333329], [0.0, 0.0, 0.0, 1.0]]","[[0.08186092257023242, -0.0500115657012379, -0.9953881818929042, 0.3263040135373246], [-0.0020583580545353933, 0.9987295773814653, -0.05034872814242332, -0.21749106909702656], [0.9966416369578737, 0.006170458617565194, 0.08165398289354403, -0.110661435236841], [0.0, 0.0, 0.0, 1.0]]"
1.8166666666666667,1.4473770627243512,13.321555707189619,2.212244697870828,-127.00000467246183,3.3766209831853398,42.3911456119556,26.69235195565315,1.4473770627243512,-13.321555707189619,-2.212244697870828,-127.00000467246183,-3.3766209831853398,42.3911456119556,-26.69235195565315,"[[0.1434926219911793, -0.0, -0.9896513868196701, 0.3], [0.0, 0.9999999999999999, -0.0, 0.22], [0.9896513868196701, 0.0, 0.1434926219911793, -0.1004166666666666], [0.0, 0.0, 0.0, 1.0]]","[[0.06892512847373744, 0.05004153638476816, -0.9963659826093677, 0.3277301227578183], [0.0020538118987396235, 0.9987319192362138, 0.05030243886168442, 0.21765091004803452], [0.9976197213976693, -0.005513450371666437, 0.06873494994132012, -0.10634321304621014], [0.0, 0.0, 0.0, 1.0]]","[[0.1434926219911793, -0.0, -0.9896513868196701, 0.3], [0.0, 0.9999999999999999, -0.0, -0.22], [0.9896513868196701, 0.0, 0.1434926219911793, -0.1004166666666666], [0.0, 0.0, 0.0, 1.0]]","[[0.06892452256314341, -0.05003934685895787, -0.9963661344884077, 0.3277301023551255], [-0.002053426355307343, 0.9987320320736369, -0.05030021421691122, -0.21765093645371494], [0.9976197640532419, 0.005512882729818643, 0.06873437636555091, -0.10634325024421275], [0.0, 0.0, 0.0, 1.0]]"
1.825,1.1144799391585707,13.40577535475046,2.323973145757308,-127.00000467246183,3.357389091473288,42.392385291289955,26.725365675006408,1.1144799391585707,-13.40577535475046,-2.323973145757308,-127.00000467246183,-3.357389091473288,42.392385291289955,-26.725365675006408,"[[0.13701234168196819, -0.0, -0.9905693404435773, 0.3], [0.0, 1.0, -0.0, 0.22], [0.9905693404435773, 0.0, 0.13701234168196819, -0.0981249999999999], [0.0, 0.0, 0.0, 1.0]]","[[0.06239376635988658, 0.05008564708649381, -0.9967940839889428, 0.3284294823940755], [0.0020541969874403043, 0.998731458242603, 0.050311575122837696, 0.2177261491808802], [0.9980494968658443, -0.005186740067840621, 0.06221173147649872, -0.10415392696018524], [0.0, 0.0, 0.0, 1.0]]","[[0.13701234168196819, -0.0, -0.9905693404435773, 0.3], [0.0, 1.0, -0.0, -0.22], [0.9905693404435773, 0.0, 0.13701234168196819, -0.0981249999999999], [0.0, 0.0, 0.0, 1.0]]","[[0.06892452256314341, -0.05003934685895787, -0.9963661344884077, 0.3277301023551255], [-0.002053426355307343, 0.9987320320736369, -0.05030021421691122, -0.21765093645371494], [0.9976197640532419, 0.005512882729818643, 0.06873437636555091, -0.10634325024421275], [0.0, 0.0, 0.0, 1.0]]"
1.8333333333333333,0.7790312063292617,13.491211629757212,2.435814505208505,-127.00000467246183,3.3366110156878745,42.39371717817811,26.75974713974096,0.7790312063292617,-13.491211629757212,-2.435814505208505,-127.00000467246183,-3.3366110156878745,42.39371717817811,-26.75974713974096,"[[0.13052619222005163, -0.0, -0.9914448613738104, 0.3], [0.0, 1.0, -0.0, 0.22], [0.9914448613738104, 0.0, 0.13052619222005163, -0.09583333333333333], [0.0, 0.0, 0.0, 1.0]]","[[0.055820872060006854, 0.050149824093068174, -0.9971805380099908, 0.32911922440188157], [0.0020564688770020254, 0.9987298770187923, 0.05034286131901984, 0.21779822045565708], [0.9984386817317418, -0.0048608531619933545, 0.05564684113513785, -0.10194463721339118], [0.0, 0.0, 0.0, 1.0]]","[[0.13052619222005163, -0.0, -0.9914448613738104, 0.3], [0.0, 1.0, -0.0, -0.22], [0.9914448613738104, 0.0, 0.13052619222005163, -0.09583333333333333], [0.0, 0.0, 0.0, 1.0]]","[[0.06239315774680787, -0.05008345526653146, -0.9967942322139245, 0.3284294618353667], [-0.002053811778906501, 0.9987315710301349, -0.05030935186280413, -0.21772617527877555], [0.9980495357062988, 0.005186187062182622, 0.0622111544676458, -0.10415396361171167], [0.0, 0.0, 0.0, 1.0]]"
1.8416666666666666,0.4410473794203936,13.577867947304455,2.547745084005735,-127.00000467246183,3.3143083136136675,42.39513785752547,26.79547927438388,0.4410473794203936,-13.577867947304455,-2.547745084005735,-127.00000467246183,-3.3143083136136675,42.39513785752547,-26.79547927438388,"[[0.12403445145048547, -0.0, -0.9922779121059669, 0.3], [0.0, 1.0, -0.0, 0.22], [0.9922779121059669, 0.0, 0.12403445145048547, -0.09354166666666663], [0.0, 0.0, 0.0, 1.0]]","[[0.04920691896159718, 0.05023396709646398, -0.9975245499114587, 0.3297989740817362], [0.002060652122403951, 0.9987271793491994, 0.05039617983560333, 0.2178671007256005], [0.9987864801043, -0.004535391818069702, 0.049040772648066444, -0.0997154544390845], [0.0, 0.0, 0.0, 1.0]]","[[0.12403445145048547, -0.0, -0.9922779121059669, 0.3], [0.0, 1.0, -0.0, -0.22], [0.9922779121059669, 0.0, 0.12403445145048547, -0.09354166666666663], [0.0, 0.0, 0.0, 1.0]]","[[0.04920630499118256, -0.05023177093347063, -0.9975246907911616, 0.3297989532044941], [-0.0020602676344635175, 0.9987272921862933, -0.05039395935535428, -0.21786712620850568], [0.9987865111455948, 0.004534868368768076, 0.04904018885046063, -0.09971549001466179], [0.0, 0.0, 0.0, 1.0]]"
1.8499999999999999,0.10054622092587262,13.665748576260425,2.659740122713257,-127.00000467246183,3.2905038236957034,42.396640499142876,26.83253988082037,0.10054622092587262,-13.665748576260425,-2.659740122713257,-127.00000467246183,-3.2905038236957034,42.396640499142876,-26.83253988082037,"[[0.11753739745783764, -0.0, -0.9930684569549264, 0.3], [0.0, 1.0, -0.0, 0.22], [0.9930684569549264, 0.0, 0.11753739745783764, -0.09124999999999994], [0.0, 0.0, 0.0, 1.0]]","[[0.04255235472472141, 0.05033799396481045, -0.997825327134454, 0.33046835450371603], [0.00206667662115792, 0.9987233668227926, 0.0504714316211575, 0.2179327652231102], [0.9990921008371175, -0.004209860537396047, 0.042393998621628515, -0.09746649648526777], [0.0, 0.0, 0.0, 1.0]]","[[0.11753739745783764, -0.0, -0.9930684569549264, 0.3], [0.0, 1.0, -0.0, -0.22], [0.9930684569549264, 0.0, 0.11753739745783764, -0.09124999999999994], [0.0, 0.0, 0.0, 1.0]]","[[0.04920630499118256, -0.05023177093347063, -0.9975246907911616, 0.3297989532044941], [-0.0020602676344635175, 0.9987272921862933, -0.05039395935535428, -0.21786712620850568], [0.9987865111455948, 0.004534868368768076, 0.04904018885046063, -0.09971549001466179], [0.0, 0.0, 0.0, 1.0]]"
1.8583333333333334,-0.24245319931949957,13.754855224172411,2.7717742215650953,-127.00000467246183,3.2652218784829015,42.3982285181249,26.870910176030208,-0.24245319931949957,-13.754855224172411,-2.7717742215650953,-127.00000467246183,-3.2652218784829015,42.3982285181249,-26.870910176030208,"[[0.11103530855427785, -0.0, -0.9938164620563781, 0.3], [0.0, 1.0, -0.0, 0.22], [0.9938164620563781, 0.0, 0.11103530855427785, -0.08895833333333325], [0.0, 0.0, 0.0, 1.0]]","[[0.035857827706000656, 0.05046171583056096, -0.9980820764985426, 0.3311269856361774], [0.002074577394615921, 0.9987184441930678, 0.05056842253039211, 0.21799519499998285], [0.9993547479853392, -0.003883872296334235, 0.03570718716372445, -0.0951979133611877], [0.0, 0.0, 0.0, 1.0]]","[[0.11103530855427785, -0.0, -0.9938164620563781, 0.3], [0.0, 1.0, -0.0, -0.22], [0.9938164620563781, 0.0, 0.11103530855427785, -0.08895833333333325], [0.0, 0.0, 0.0, 1.0]]","[[0.0425517381020607, -0.050335795756308144, -0.9978254643223299, 0.33046833346396953], [-0.0020662925185997057, 0.998723479758672, -0.05046921253553801, -0.21793279039894392], [0.9990921278939804, 0.0042093520058269634, 0.04239341146888076, -0.09746653153168389], [0.0, 0.0, 0.0, 1.0]]"
1.8666666666666667,-0.5879303573976798,13.845189598587707,2.8838219807952736,-127.00000467246183,3.238488091184648,42.3998916691878,26.910567961898597,-0.5879303573976798,-13.845189598587707,-2.8838219807952736,-127.00000467246183,-3.238488091184648,42.3998916691878,-26.910567961898597,"[[0.10452846326765347, -0.0, -0.9945218953682734, 0.3], [0.0, 1.0, -0.0, 0.22], [0.9945218953682734, 0.0, 0.10452846326765347, -0.08666666666666656], [0.0, 0.0, 0.0, 1.0]]","[[0.029123800164355895, 0.0506050238424387, -0.9982940127166409, 0.3317744862644112], [0.0020843483815607446, 0.9987124107427104, 0.05068704095040426, 0.21805436565045427], [0.9995736389860483, -0.003556991761289808, 0.028980822172587906, -0.09290984601619706], [0.0, 0.0, 0.0, 1.0]]","[[0.10452846326765347, -0.0, -0.9945218953682734, 0.3], [0.0, 1.0, -0.0, -0.22], [0.9945218953682734, 0.0, 0.10452846326765347, -0.08666666666666656], [0.0, 0.0, 0.0, 1.0]]","[[0.029123178296664998, -0.05060282180334821, -0.9982941424807819, 0.33177446489322215], [-0.0020839650993611306, 0.9987125240220129, -0.05068482466227115, -0.21805439021334797], [0.9995736579038914, 0.003556513337401125, 0.028980228389637985, -0.09290988002271779], [0.0, 0.0, 0.0, 1.0]]"
1.875,-0.9358633420084499,13.936753407053605,2.9958569334207583,-127.00000467246183,3.2103291422273896,42.40162995233157,26.951489332763433,-0.9358633420084499,-13.936753407053605,-2.9958569334207583,-127.00000467246183,-3.2103291422273896,42.40162995233157,-26.951489332763433,"[[0.09801714032956071, -0.0, -0.9951847266721968, 0.3], [0.0, 1.0, -0.0, 0.22], [0.9951847266721968, 0.0, 0.09801714032956071, -0.08437499999999998], [0.0, 0.0, 0.0, 1.0]]","[[0.022350930039420847, 0.05076771799279673, -0.9984603521102762, 0.33241047334276386], [0.002095948521507636, 0.9987052688135598, 0.050827089665161265, 0.21811026040015838], [0.9997479897084904, -0.0032287542240029173, 0.02221558506978555, -0.09060246638418905], [0.0, 0.0, 0.0, 1.0]]","[[0.09801714032956071, -0.0, -0.9951847266721968, 0.3], [0.0, 1.0, -0.0, -0.22], [0.9951847266721968, 0.0, 0.09801714032956071, -0.08437499999999998], [0.0, 0.0, 0.0, 1.0]]","[[0.022350305581686214, -0.05076551417193248, -0.9984604781418563, 0.3324104518026689], [-0.002095565673912548, 0.9987053823366334, -0.0508248747794344, -0.21811028465732346], [0.9997480044715826, 0.003228290987223683, 0.022214988012381365, -0.0906024998802922], [0.0, 0.0, 0.0, 1.0]]"
1.8833333333333333,-1.2862288878199495,14.029546649570106,3.107852612458515,-127.00000467246183,3.180773206141452,42.403436537367035,26.993653798057217,-1.2862288878199495,-14.029546649570106,-3.107852612458515,-127.00000467246183,-3.180773206141452,42.403436537367035,-26.993653798057217,"[[0.0915016186634024, -0.0, -0.9958049275746617, 0.3], [0.0, 1.0, -0.0, 0.22], [0.9958049275746617, 0.0, 0.0915016186634024, -0.08208333333333329], [0.0, 0.0, 0.0, 1.0]]","[[0.01553980382291742, 0.05094961898877579, -0.9985803176620518, 0.3330345628388293], [0.0021094409729984984, 0.9986970177720603, 0.050988400170772226, 0.21816285955480957], [0.9998770248165156, -0.002898795972804395, 0.015412080520856852, -0.08827594987159082], [0.0, 0.0, 0.0, 1.0]]","[[0.0915016186634024, -0.0, -0.9958049275746617, 0.3], [0.0, 1.0, -0.0, -0.22], [0.9958049275746617, 0.0, 0.0915016186634024, -0.08208333333333329], [0.0, 0.0, 0.0, 1.0]]","[[0.015539176798578636, -0.05094741347737659, -0.9985804399468217, 0.3330345411277317], [-0.0021090585760293115, 0.9986971315863375, -0.05098618668957901, -0.2181628835068343], [0.9998770353680224, 0.0028983480099796684, 0.015411480216632412, -0.08827598286385034], [0.0, 0.0, 0.0, 1.0]]"
1.8916666666666666,-1.6390021820355842,14.12356932613721,3.219781910595276,-127.00000467246183,3.149850165004454,42.40530800919962,27.037035744570552,-1.6390021820355842,-14.12356932613721,-3.219781910595276,-127.00000467246183,-3.149850165004454,42.40530800919962,-27.037035744570552,"[[0.08498217737244168, -0.0, -0.9963824715083254, 0.3], [0.0, 1.0, -0.0, 0.22], [0.9963824715083254, 0.0, 0.08498217737244168, -0.0797916666666666], [0.0, 0.0, 0.0, 1.0]]","[[0.008691090336196805, 0.05115049781440672, -0.998653138743431, 0.3336463699525186], [0.002124807309025291, 0.9986876582555382, 0.051170757684138674, 0.2182121487875387], [0.9999599742703043, -0.0025666751659875787, 0.00857099970392744, -0.08593049186685121], [0.0, 0.0, 0.0, 1.0]]","[[0.08498217737244168, -0.0, -0.9963824715083254, 0.3], [0.0, 1.0, -0.0, -0.22], [0.9963824715083254, 0.0, 0.08498217737244168, -0.0797916666666666], [0.0, 0.0, 0.0, 1.0]]","[[0.015539176798578636, -0.05094741347737659, -0.9985804399468217, 0.3330345411277317], [-0.0021090585760293115, 0.9986971315863375, -0.05098618668957901, -0.2181628835068343], [0.9998770353680224, 0.0028983480099796684, 0.015411480216632412, -0.08827598286385034], [0.0, 0.0, 0.0, 1.0]]"
1.9,-1.9941571845591437,14.218820582981268,3.3316168667441257,-127.00000467246183,3.1175907546676607,42.40724095273473,27.081607851546764,-1.9941571845591437,-14.218820582981268,-3.3316168667441257,-127.00000467246183,-3.1175907546676607,42.40724095273473,-27.081607851546764,"[[0.0784590957278451, -0.0, -0.9969173337331279, 0.3], [0.0, 1.0, -0.0, 0.22], [0.9969173337331279, 0.0, 0.0784590957278451, -0.07750000000000001], [0.0, 0.0, 0.0, 1.0]]","[[0.001805494198241664, 0.051370115048198745, -0.99867805196201, 0.33424550974989115], [0.0021420142767907234, 0.9986771899531357, 0.05137394322169945, 0.21825811243421017], [0.9999960759750701, -0.002231938001647747, 0.0016930703525430135, -0.08356630302088201], [0.0, 0.0, 0.0, 1.0]]","[[0.0784590957278451, -0.0, -0.9969173337331279, 0.3], [0.0, 1.0, -0.0, -0.22], [0.9969173337331279, 0.0, 0.0784590957278451, -0.07750000000000001], [0.0, 0.0, 0.0, 1.0]]","[[0.0018048621166799617, -0.051367906435891564, -0.998678166708942, 0.3342454876905913], [-0.0021416328283670252, 0.9986773044898591, -0.0513717325549537, -0.21825813577801387], [0.9999960779330929, 0.002231520840753915, 0.0016924636389141767, -0.08356633502581058], [0.0, 0.0, 0.0, 1.0]]"
1.9083333333333332,-2.351665934303713,14.315297005007698,3.443329733261562,-127.00000467246183,3.0840269916428067,42.40923195287779,27.12734450577646,-2.351665934303713,-14.315297005007698,-3.443329733261562,-127.00000467246183,-3.0840269916428067,42.40923195287779,-27.12734450577646,"[[0.07193265315671937, -0.0, -0.9974094913373518, 0.3], [0.0, 0.9999999999999999, -0.0, 0.22], [0.9974094913373518, 0.0, 0.07193265315671937, -0.07520833333333321], [0.0, 0.0, 0.0, 1.0]]","[[-0.005116235253828982, 0.051608197772730915, -0.9986543035803123, 0.33483159667347456], [0.0021611076548579723, 0.9986656126442508, 0.05159771056537078, 0.21830073765939242], [0.9999845767563277, -0.0018942134342128554, -0.005220939085457177, -0.08118361240861756], [0.0, 0.0, 0.0, 1.0]]","[[0.07193265315671937, -0.0, -0.9974094913373518, 0.3], [0.0, 0.9999999999999999, -0.0, -0.22], [0.9974094913373518, 0.0, 0.07193265315671937, -0.07520833333333321], [0.0, 0.0, 0.0, 1.0]]","[[-0.005116869823158787, -0.05160598775324082, -0.9986544145354915, 0.3348315744370326], [-0.0021607267039461912, 0.9986657276110396, -0.051595501308003194, -0.2183007607002635], [0.9999845743326864, 0.0018938117978469227, -0.005221548960857636, -0.08118364393037959], [0.0, 0.0, 0.0, 1.0]]"
1.9166666666666667,-2.7114999365738486,14.4129985922165,3.5548919087304345,-127.00000467246183,3.049192173102095,42.41127417943962,27.174218386502965,-2.7114999365738486,-14.4129985922165,-3.5548919087304345,-127.00000467246183,-3.049192173102095,42.41127417943962,-27.174218386502965,"[[0.06540312923014302, -0.0, -0.9978589232386034, 0.3], [0.0, 0.9999999999999999, -0.0, 0.22], [0.9978589232386034, 0.0, 0.06540312923014302, -0.07291666666666663], [0.0, 0.0, 0.0, 1.0]]","[[-0.012073393285517875, 0.051864486691154926, -0.9985811475262469, 0.3354042478831522], [0.002182054539910102, 0.9986529242187674, 0.05184183240675064, 0.21834001376342893], [0.999924733073724, -0.0015530516951396851, -0.012170300648470078, -0.07878264936332012], [0.0, 0.0, 0.0, 1.0]]","[[0.06540312923014302, -0.0, -0.9978589232386034, 0.3], [0.0, 0.9999999999999999, -0.0, -0.22], [0.9978589232386034, 0.0, 0.06540312923014302, -0.07291666666666663], [0.0, 0.0, 0.0, 1.0]]","[[-0.005116869823158787, -0.05160598775324082, -0.9986544145354915, 0.3348315744370326], [-0.0021607267039461912, 0.9986657276110396, -0.051595501308003194, -0.2183007607002635], [0.9999845743326864, 0.0018938117978469227, -0.005221548960857636, -0.08118364393037959], [0.0, 0.0, 0.0, 1.0]]"
1.925,-3.0736282420748737,14.511918514418502,3.6662747917335943,-127.00000467246183,3.0131213037650233,42.41336763242023,27.222200465422304,-3.0736282420748737,-14.511918514418502,-3.6662747917335943,-127.00000467246183,-3.0131213037650233,42.41336763242023,-27.222200465422304,"[[0.05887080365118885, -0.0, -0.9982656101847159, 0.3], [0.0, 1.0, -0.0, 0.22], [0.9982656101847159, 0.0, 0.05887080365118885, -0.07062499999999994], [0.0, 0.0, 0.0, 1.0]]","[[-0.019065105546927086, 0.052138635020773275, -0.9984578531358526, 0.3359630793339223], [0.002204911773195862, 0.9986391256205778, 0.05210599911565729, 0.21837593168371167], [0.9998158130948707, -0.0012081051026510102, -0.01915412142344297, -0.07636368172475222], [0.0, 0.0, 0.0, 1.0]]","[[0.05887080365118885, -0.0, -0.9982656101847159, 0.3], [0.0, 1.0, -0.0, -0.22], [0.9982656101847159, 0.0, 0.05887080365118885, -0.07062499999999994], [0.0, 0.0, 0.0, 1.0]]","[[-0.0190657450029581, -0.05213642248129529, -0.9984579564600276, 0.33596305673728977], [-0.0022045318625847563, 0.9986392415820726, -0.052103792680090716, -0.21837595412144659], [0.999815801738875, 0.00120773475354179, -0.019154737534512467, -0.07636371230198542], [0.0, 0.0, 0.0, 1.0]]"
1.9333333333333333,-3.438018834295054,14.612055917840058,3.7774485001934224,-127.00000467246183,2.9758496017944984,42.415498651441276,27.271260006683214,-3.438018834295054,-14.612055917840058,-3.7774485001934224,-127.00000467246183,-2.9758496017944984,42.415498651441276,-27.271260006683214,"[[0.052335956242943904, -0.0, -0.9986295347545737, 0.3], [0.0, 0.9999999999999998, -0.0, 0.22], [0.9986295347545737, 0.0, 0.052335956242943904, -0.06833333333333325], [0.0, 0.0, 0.0, 1.0]]","[[-0.02609069167116257, 0.0524304044257213, -0.9982836913923194, 0.3365077095553622], [0.0022296060107360877, 0.9986242111044272, 0.052390016731220033, 0.2184084780140865], [0.9996570935401585, -0.0008588875455668096, -0.026171695532136552, -0.07392696299748654], [0.0, 0.0, 0.0, 1.0]]","[[0.052335956242943904, -0.0, -0.9986295347545737, 0.3], [0.0, 0.9999999999999998, -0.0, -0.22], [0.9986295347545737, 0.0, 0.052335956242943904, -0.06833333333333325], [0.0, 0.0, 0.0, 1.0]]","[[-0.026091333523196036, -0.052428190776479554, -0.9982837908765657, 0.3365076867757691], [-0.0022292266423433044, 0.9986243276292992, -0.05238781170756763, -0.2184085001517672], [0.9996570776339048, 0.0008585329554289742, -0.026172314716242262, -0.07392699311367619], [0.0, 0.0, 0.0, 1.0]]"
1.9416666666666667,-3.804638629505597,14.713403972292001,3.8883840058059467,-127.00000467246183,2.9374146332309556,42.41767406669193,27.32136627443443,-3.804638629505597,-14.713403972292001,-3.8883840058059467,-127.00000467246183,-2.9374146332309556,42.41767406669193,-27.32136627443443,"[[0.045798866936520743, -0.0, -0.9989506813588601, 0.3], [0.0, 1.0, -0.0, 0.22], [0.9989506813588601, 0.0, 0.045798866936520743, -0.06604166666666655], [0.0, 0.0, 0.0, 1.0]]","[[-0.03314912492047495, 0.0527393469966056, -0.9980579626431414, 0.3370377605277837], [0.002256170716095726, 0.998608184528204, 0.052693486191219996, 0.21843765570409587], [0.9994478701816851, -0.0005050461920335474, -0.033221976425813704, -0.07147279509851787], [0.0, 0.0, 0.0, 1.0]]","[[0.045798866936520743, -0.0, -0.9989506813588601, 0.3], [0.0, 1.0, -0.0, -0.22], [0.9989506813588601, 0.0, 0.045798866936520743, -0.06604166666666655], [0.0, 0.0, 0.0, 1.0]]","[[-0.033149769134993845, -0.05273713233972731, -0.998058058270599, 0.3370377375633726], [-0.002255791904389022, 0.9986083016593579, -0.052691282579730034, -0.2184376775428377], [0.9994478496695965, 0.0005047074350122659, -0.03322259865248883, -0.07147282476135053], [0.0, 0.0, 0.0, 1.0]]"
1.95,-4.173452622987007,14.81595755513245,3.9990509996067245,-127.00000467246183,2.8978541775582416,42.41988021779384,27.372490240371974,-4.173452622987007,-14.81595755513245,-3.9990509996067245,-127.00000467246183,-2.8978541775582416,42.41988021779384,-27.372490240371974,"[[0.03925981575906867, -0.0, -0.9992290362407229, 0.3], [0.0, 1.0, -0.0, 0.22], [0.9992290362407229, 0.0, 0.03925981575906867, -0.06374999999999997], [0.0, 0.0, 0.0, 1.0]]","[[-0.04023964740215563, 0.05306518002791012, -0.9977799644438426, 0.3375528548791272], [0.002284644366180699, 0.9985910400600921, 0.05301617783114907, 0.21846345240901627], [0.9991874454660999, -0.00014622007191918834, -0.04030418641556116, -0.06900146586267673], [0.0, 0.0, 0.0, 1.0]]","[[0.03925981575906867, -0.0, -0.9992290362407229, 0.3], [0.0, 1.0, -0.0, -0.22], [0.9992290362407229, 0.0, 0.03925981575906867, -0.06374999999999997], [0.0, 0.0, 0.0, 1.0]]","[[-0.040240293944209804, -0.053062964467008256, -0.997780056197385, 0.33755283172810224], [-0.0022842661252235642, 0.9985911578398711, -0.05301397563185583, -0.21846347395000656], [0.9991874202928862, 0.000145897220218294, -0.04030481165380129, -0.06900149508000555], [0.0, 0.0, 0.0, 1.0]]"
1.9583333333333333,-4.5444245293593175,14.919709836172235,4.109419599518137,-127.00000467246183,2.857207721807496,42.422117104747024,27.42459604600271,-4.5444245293593175,-14.919709836172235,-4.109419599518137,-127.00000467246183,-2.857207721807496,42.422117104747024,-27.42459604600271,"[[0.03271908282177616, -0.0, -0.9994645874763657, 0.3], [0.0, 1.0, -0.0, 0.22], [0.9994645874763657, 0.0, 0.03271908282177616, -0.06145833333333328], [0.0, 0.0, 0.0, 1.0]]","[[-0.04736127082580005, 0.05340747197978335, -0.9974490222374746, 0.3380526199260754], [0.0023149756665398202, 0.9985727787218683, 0.053357721871818475, 0.21848587109062442], [0.9988751428048597, 0.00021801930112522183, -0.04741731281036282, -0.06651329781485929], [0.0, 0.0, 0.0, 1.0]]","[[0.03271908282177616, -0.0, -0.9994645874763657, 0.3], [0.0, 1.0, -0.0, -0.22], [0.9994645874763657, 0.0, 0.03271908282177616, -0.06145833333333328], [0.0, 0.0, 0.0, 1.0]]","[[-0.040240293944209804, -0.053062964467008256, -0.997780056197385, 0.33755283172810224], [-0.0022842661252235642, 0.9985911578398711, -0.05301397563185583, -0.21846347395000656], [0.9991874202928862, 0.000145897220218294, -0.04030481165380129, -0.06900149508000555], [0.0, 0.0, 0.0, 1.0]]"
1.9666666666666666,-4.917516355695271,15.024652277674896,4.21945906968892,-127.00000467246183,2.8155153933400916,42.42437448226771,27.477651247928073,-4.917516355695271,-15.024652277674896,-4.21945906968892,-127.00000467246183,-2.8155153933400916,42.42437448226771,-27.477651247928073,"[[0.026176948307873427, -0.0, -0.9996573249755574, 0.3], [0.0, 1.0, -0.0, 0.22], [0.9996573249755574, 0.0, 0.026176948307873427, -0.05916666666666659], [0.0, 0.0, 0.0, 1.0]]","[[-0.054513113666430746, 0.05376586975712623, -0.9970644671673193, 0.3385366849952972], [0.002347204473264357, 0.9985533964146458, 0.05371782888330373, 0.21850490417927365], [0.9985102959256612, 0.0005880119343613377, -0.054560454290754956, -0.06400861775774952], [0.0, 0.0, 0.0, 1.0]]","[[0.026176948307873427, -0.0, -0.9996573249755574, 0.3], [0.0, 1.0, -0.0, -0.22], [0.9996573249755574, 0.0, 0.026176948307873427, -0.05916666666666659], [0.0, 0.0, 0.0, 1.0]]","[[-0.05451376475267722, -0.05376365270453813, -0.9970645511201147, 0.33853666146587486], [-0.002346827414908114, 0.9985535156153222, -0.05371562950729587, -0.2185049251286365], [0.9985102612660396, -0.000588302767500954, -0.05456108545730509, -0.06400864610822046], [0.0, 0.0, 0.0, 1.0]]"
1.9749999999999999,-5.292689255293962,15.130774634356676,4.329138674267808,-127.00000467246183,2.772818813621284,42.4266557654505,27.531621695202222,-5.292689255293962,-15.130774634356676,-4.329138674267808,-127.00000467246183,-2.772818813621284,42.4266557654505,-27.531621695202222,"[[0.019633692460628183, -0.0, -0.9998072404820649, 0.3], [0.0, 1.0, -0.0, 0.22], [0.9998072404820649, 0.0, 0.019633692460628183, -0.0568749999999999], [0.0, 0.0, 0.0, 1.0]]","[[-0.054513113666430746, 0.05376586975712623, -0.9970644671673193, 0.3385366849952972], [0.002347204473264357, 0.9985533964146458, 0.05371782888330373, 0.21850490417927365], [0.9985102959256612, 0.0005880119343613377, -0.054560454290754956, -0.06400861775774952], [0.0, 0.0, 0.0, 1.0]]","[[0.019633692460628183, -0.0, -0.9998072404820649, 0.3], [0.0, 1.0, -0.0, -0.22], [0.9998072404820649, 0.0, 0.019633692460628183, -0.0568749999999999], [0.0, 0.0, 0.0, 1.0]]","[[-0.06169471566278811, -0.05413766917469379, -0.9966257446181185, 0.3390046623054008], [-0.0023809908118038355, 0.9985330153808332, -0.05409388206826271, -0.21852057700579036], [0.9980922266714843, -0.000964349932554967, -0.06173311175670443, -0.06148781418092589], [0.0, 0.0, 0.0, 1.0]]"
1.9833333333333334,-5.669902247020373,15.2380717835757,4.438427677403536,-127.00000467246183,2.7291600310031514,42.428950709011616,27.586469821784718,-5.669902247020373,-15.2380717835757,-4.438427677403536,-127.00000467246183,-2.7291600310031514,42.428950709011616,-27.586469821784718,"[[0.013089595571344315, -0.0, -0.9999143275740069, 0.3], [0.0, 0.9999999999999998, -0.0, 0.22], [0.9999143275740069, 0.0, 0.013089595571344315, -0.054583333333333206], [0.0, 0.0, 0.0, 1.0]]","[[-0.06890319181858334, 0.05452911508463905, -0.9961319821014171, 0.3394562624602173], [0.002417355984975479, 0.998511272879816, 0.05449214917739677, 0.21853283434053208], [0.9976204220780837, 0.0013466773986186807, -0.068932430050961, -0.058951153032754215], [0.0, 0.0, 0.0, 1.0]]","[[0.013089595571344315, -0.0, -0.9999143275740069, 0.3], [0.0, 0.9999999999999998, -0.0, -0.22], [0.9999143275740069, 0.0, 0.013089595571344315, -0.054583333333333206], [0.0, 0.0, 0.0, 1.0]]","[[-0.06169471566278811, -0.05413766917469379, -0.9966257446181185, 0.3390046623054008], [-0.0023809908118038355, 0.9985330153808332, -0.05409388206826271, -0.21852057700579036], [0.9980922266714843, -0.000964349932554967, -0.06173311175670443, -0.06148781418092589], [0.0, 0.0, 0.0, 1.0]]"
1.9916666666666667,-6.049113922852658,15.346530064953624,4.547294489471192,-127.00000467246183,2.6845825879416516,42.431255897856495,27.642163184277003,-6.049113922852658,-15.346530064953624,-4.547294489471192,-127.00000467246183,-2.6845825879416516,42.431255897856495,-27.642163184277003,"[[0.006544937967351894, -0.0, -0.9999785816641292, 0.3], [0.0, 1.0, -0.0, 0.22], [0.9999785816641292, 0.0, 0.006544937967351894, -0.052291666666666625], [0.0, 0.0, 0.0, 1.0]]","[[-0.0761394212177724, 0.05493310075846941, -0.9955828157304055, 0.3398910595418757], [0.0024552998494473573, 0.9984885280460303, 0.054905654199919066, 0.2185417358632349], [0.9970941580609486, 0.0017360303947897525, -0.07615921585203234, -0.05639910109645638], [0.0, 0.0, 0.0, 1.0]]","[[0.006544937967351894, -0.0, -0.9999785816641292, 0.3], [0.0, 1.0, -0.0, -0.22], [0.9999785816641292, 0.0, 0.006544937967351894, -0.052291666666666625], [0.0, 0.0, 0.0, 1.0]]","[[-0.07614007882101781, -0.05493088227933666, -0.995582887844675, 0.3398910354329143], [-0.0024549246630571966, 0.9984886496746346, -0.05490345905153225, -0.2185417559360186], [0.9970941087690909, -0.0017362727142425927, -0.07615985566578942, -0.05639912820928435], [0.0, 0.0, 0.0, 1.0]]"
2.0,-6.430280313448035,15.456139233206697,4.655708374619512,-127.00000467246183,2.63913088066639,42.433567916890546,27.698660801544055,-6.430280313448035,-15.456139233206697,-4.655708374619512,-127.00000467246183,-2.63913088066639,42.433567916890546,-27.698660801544055,"[[2.220446049250313e-16, -0.0, -1.0, 0.3], [0.0, 1.0, -0.0, 0.22], [1.0, 0.0, 2.220446049250313e-16, -0.04999999999999993], [0.0, 0.0, 0.0, 1.0]]","[[-0.08340164931589267, 0.05535133680983172, -0.9949775848755357, 0.340308728317702], [0.002495117140576774, 0.998464662256076, 0.05533617818674563, 0.21854727421907355], [0.9965128896717012, 0.0021325429011000777, -0.08341170768502049, -0.05383202604987941], [0.0, 0.0, 0.0, 1.0]]","[[2.220446049250313e-16, -0.0, -1.0, 0.3], [0.0, 1.0, -0.0, -0.22], [1.0, 0.0, 2.220446049250313e-16, -0.04999999999999993], [0.0, 0.0, 0.0, 1.0]]","[[-0.0834023090057534, -0.055349118076479936, -0.9949776530056667, 0.3403087040126685], [-0.0024947426029644365, 0.9984647847695234, -0.0553339844444121, -0.21854729400287357], [0.9965128353974442, -0.0021327689292016117, -0.08341235031361283, -0.05383205276744331], [0.0, 0.0, 0.0, 1.0]]"
2.0083333333333333,-6.813357022576901,15.56688733550387,4.763637743223584,-127.00000467246183,2.592849732293795,42.435879935924596,27.755926815092735,-6.813357022576901,-15.56688733550387,-4.763637743223584,-127.00000467246183,-2.592849732293795,42.435879935924596,-27.755926815092735,"[[-0.006544937967351894, -0.0, -0.9999785816641292, 0.3], [0.0, 1.0, -0.0, 0.22], [0.9999785816641292, 0.0, -0.006544937967351894, -0.04770833333333324], [0.0, 0.0, 0.0, 1.0]]","[[-0.09068879548190856, 0.05578335523923238, -0.994315724331208, 0.3407089264803983], [0.002536841753328533, 0.998439674409323, 0.05578333980073447, 0.21854945490135683], [0.9958760499218564, 0.0025365022490121056, -0.09068880497824205, -0.05125033149786335], [0.0, 0.0, 0.0, 1.0]]","[[-0.006544937967351894, -0.0, -0.9999785816641292, 0.3], [0.0, 1.0, -0.0, -0.22], [0.9999785816641292, 0.0, -0.006544937967351894, -0.04770833333333324], [0.0, 0.0, 0.0, 1.0]]","[[-0.0834023090057534, -0.055349118076479936, -0.9949776530056667, 0.3403087040126685], [-0.0024947426029644365, 0.9984647847695234, -0.0553339844444121, -0.21854729400287357], [0.9965128353974442, -0.0021327689292016117, -0.08341235031361283, -0.05383205276744331], [0.0, 0.0, 0.0, 1.0]]"
2.0166666666666666,-7.198297092688711,15.6787607114668,4.871051005658497,-127.00000467246183,2.5457852466007647,42.43819195495865,27.813921951335313,-7.198297092688711,-15.6787607114668,-4.871051005658497,-127.00000467246183,-2.5457852466007647,42.43819195495865,-27.813921951335313,"[[-0.013089595571344148, -0.0, -0.999914327574007, 0.3], [0.0, 1.0, -0.0, 0.22], [0.999914327574007, 0.0, -0.013089595571344148, -0.04541666666666666], [0.0, 0.0, 0.0, 1.0]]","[[-0.09799962704004334, 0.05622860323639395, -0.9935967075620253, 0.3410913188649112], [0.002580470466467439, 0.9984135677442532, 0.05624667915853954, 0.21854829260046696], [0.9951831059017151, 0.0029482066203347645, -0.09798925352067805, -0.048654453879276666], [0.0, 0.0, 0.0, 1.0]]","[[-0.013089595571344148, -0.0, -0.999914327574007, 0.3], [0.0, 1.0, -0.0, -0.22], [0.999914327574007, 0.0, -0.013089595571344148, -0.04541666666666666], [0.0, 0.0, 0.0, 1.0]]","[[-0.09800029076580463, -0.05622638433356185, -0.9935967676651289, 0.34109129416389217], [-0.00258009726144599, 0.9984136921350795, -0.05624448822169112, -0.21854831181158552], [0.9951830415094196, -0.0029483999004652206, -0.09798990167403843, -0.048654479833076116], [0.0, 0.0, 0.0, 1.0]]"
2.025,-7.5850548468933905,15.79174570071715,4.97791657229934,-127.00000467246183,2.49798416769443,42.44049372870894,27.87260522913677,-7.5850548468933905,-15.79174570071715,-4.97791657229934,-127.00000467246183,-2.49798416769443,42.44049372870894,-27.87260522913677,"[[-0.019633692460628183, -0.0, -0.9998072404820649, 0.3], [0.0, 1.0, -0.0, 0.22], [0.9998072404820649, 0.0, -0.019633692460628183, -0.04312499999999997], [0.0, 0.0, 0.0, 1.0]]","[[-0.10533308637797922, 0.056686603681520314, -0.9928200088017686, 0.3414555785744489], [0.002625983092517055, 0.998386340899094, 0.05672581880339985, 0.21854379278626243], [0.9944335297680219, 0.0033679770148540428, -0.10531197274735893, -0.04604481246345153], [0.0, 0.0, 0.0, 1.0]]","[[-0.019633692460628183, -0.0, -0.9998072404820649, 0.3], [0.0, 1.0, -0.0, -0.22], [0.9998072404820649, 0.0, -0.019633692460628183, -0.04312499999999997], [0.0, 0.0, 0.0, 1.0]]","[[-0.10533375205010104, -0.05668438486555727, -0.9928200648614335, 0.34145555367369884], [-0.0026256105705383045, 0.998386466280518, -0.05672362926534063, -0.21854381171383966], [0.994433460241649, -0.003368153843474539, -0.1053126236094562, -0.04604483804901291], [0.0, 0.0, 0.0, 1.0]]"
2.033333333333333,-7.973579058772164,15.905825227781996,5.084203280408024,-127.00000467246183,2.4494936665687477,42.44278525717548,27.93193908245667,-7.973579058772164,-15.905825227781996,-5.084203280408024,-127.00000467246183,-2.4494936665687477,42.44278525717548,-27.93193908245667,"[[-0.026176948307873038, -0.0, -0.9996573249755574, 0.3], [0.0, 1.0, -0.0, 0.22], [0.9996573249755574, 0.0, -0.026176948307873038, -0.04083333333333328], [0.0, 0.0, 0.0, 1.0]]","[[-0.11268784931031, 0.0571567722532699, -0.9919851571487373, 0.34180138497337886], [0.002673447499645692, 0.9983579987681046, 0.05722026716305896, 0.2185359762765456], [0.9936268420771872, 0.0037960086055015413, -0.11265562135279134, -0.04342188324952838], [0.0, 0.0, 0.0, 1.0]]","[[-0.026176948307873038, -0.0, -0.9996573249755574, 0.3], [0.0, 1.0, -0.0, -0.22], [0.9996573249755574, 0.0, -0.026176948307873038, -0.04083333333333328], [0.0, 0.0, 0.0, 1.0]]","[[-0.10533375205010104, -0.05668438486555727, -0.9928200648614335, 0.34145555367369884], [-0.0026256105705383045, 0.998386466280518, -0.05672362926534063, -0.21854381171383966], [0.994433460241649, -0.003368153843474539, -0.1053126236094562, -0.04604483804901291], [0.0, 0.0, 0.0, 1.0]]"
2.0416666666666665,-8.363821917000843,16.020987339830288,5.189879113472815,-127.00000467246183,2.400362194878142,42.44505971016909,27.99187911506541,-8.363821917000843,-16.020987339830288,-5.189879113472815,-127.00000467246183,-2.400362194878142,42.44505971016909,-27.99187911506541,"[[-0.032719082821775936, -0.0, -0.9994645874763656, 0.3], [0.0, 0.9999999999999999, -0.0, 0.22], [0.9994645874763656, 0.0, -0.032719082821775936, -0.038541666666666585], [0.0, 0.0, 0.0, 1.0]]","[[-0.12006276997022719, 0.057638568180864005, -0.9910916843184269, 0.34212842947672006], [0.002722747794441739, 0.998328543041876, 0.05772960065973891, 0.2185248581066975], [0.9927625687502145, 0.004232683066915762, -0.12001902550233806, -0.040786112263517735], [0.0, 0.0, 0.0, 1.0]]","[[-0.032719082821775936, -0.0, -0.9994645874763656, 0.3], [0.0, 0.9999999999999999, -0.0, -0.22], [0.9994645874763656, 0.0, -0.032719082821775936, -0.038541666666666585], [0.0, 0.0, 0.0, 1.0]]","[[-0.12006343938481051, -0.05763634988685694, -0.9910917322300746, 0.34212840417351154], [-0.002722376670144206, 0.9983286705031411, -0.057727413909653795, -0.21852487647318286], [0.9927624888100658, -0.004232826850987623, -0.12001968167135674, -0.04078613714052233], [0.0, 0.0, 0.0, 1.0]]"
2.05,-8.755731341387005,16.13721154629452,5.294912908755625,-127.00000467246183,2.3506384177204493,42.4473136725952,28.05238605337526,-8.755731341387005,-16.13721154629452,-5.294912908755625,-127.00000467246183,-2.3506384177204493,42.4473136725952,-28.05238605337526,"[[-0.039259815759068395, -0.0, -0.9992290362407229, 0.3], [0.0, 1.0, -0.0, 0.22], [0.9992290362407229, 0.0, -0.039259815759068395, -0.036250000000000004], [0.0, 0.0, 0.0, 1.0]]","[[-0.12745654512999344, 0.058131417436959966, -0.9901391656783888, 0.34243641022574184], [0.0027739813701786464, 0.9982979782080952, 0.058253340959875666, 0.21851045482391512], [0.9918402765218218, 0.00467814198154921, -0.12740086678165335, -0.03813799134325239], [0.0, 0.0, 0.0, 1.0]]","[[-0.039259815759068395, -0.0, -0.9992290362407229, 0.3], [0.0, 1.0, -0.0, -0.22], [0.9992290362407229, 0.0, -0.039259815759068395, -0.036250000000000004], [0.0, 0.0, 0.0, 1.0]]","[[-0.12745721633785523, -0.0581291995798396, -0.990139209485016, 0.342436384720016], [-0.002773610959688439, 0.9982981067565467, -0.058251155598311954, -0.21851047291300518], [0.9918401913038458, -0.004678269177979227, -0.127401525547573, -0.03813801588017644], [0.0, 0.0, 0.0, 1.0]]"
2.058333333333333,-9.149254397964581,16.254482479249052,5.399273076631542,-127.00000467246183,2.300371427080329,42.449547144453796,28.113415501156616,-9.149254397964581,-16.254482479249052,-5.399273076631542,-127.00000467246183,-2.300371427080329,42.449547144453796,-28.113415501156616,"[[-0.045798866936520466, -0.0, -0.9989506813588601, 0.3], [0.0, 1.0, -0.0, 0.22], [0.9989506813588601, 0.0, -0.045798866936520466, -0.03395833333333331], [0.0, 0.0, 0.0, 1.0]]","[[-0.1348678213753045, 0.05863469236441343, -0.989127213056445, 0.3427250371758007], [0.002827058265747917, 0.9982663113278933, 0.05879098068040704, 0.2184927936011274], [0.9908595654778942, 0.0051326912173366955, -0.13479976625286283, -0.0354780210774948], [0.0, 0.0, 0.0, 1.0]]","[[-0.045798866936520466, -0.0, -0.9989506813588601, 0.3], [0.0, 1.0, -0.0, -0.22], [0.9989506813588601, 0.0, -0.045798866936520466, -0.03395833333333331], [0.0, 0.0, 0.0, 1.0]]","[[-0.13486849432261244, -0.05863247506252561, -0.9891272527370751, 0.3427250114668416], [-0.0028266885785455838, 0.9982664409935176, -0.05878879670324713, -0.2184928114150294], [0.9908594749361945, -0.005132801786365038, -0.13480042757717975, -0.03547804528394931], [0.0, 0.0, 0.0, 1.0]]"
2.0666666666666664,-9.54433729899386,16.372779648126382,5.502928881249302,-127.00000467246183,2.249610955272675,42.45174988046112,28.174924769727166,-9.54433729899386,-16.372779648126382,-5.502928881249302,-127.00000467246183,-2.249610955272675,42.45174988046112,-28.174924769727166,"[[-0.05233595624294374, -0.0, -0.9986295347545739, 0.3], [0.0, 1.0, -0.0, 0.22], [0.9986295347545739, 0.0, -0.05233595624294374, -0.03166666666666651], [0.0, 0.0, 0.0, 1.0]]","[[-0.14229537153677158, 0.05914784175482003, -0.9880554438162665, 0.34299402807864915], [0.002882012549909021, 0.9982335457386988, 0.0593420775302622, 0.21847189187629462], [0.9898200448782974, 0.005596514780848147, -0.14221447809359428, -0.03280670217128803], [0.0, 0.0, 0.0, 1.0]]","[[-0.05233595624294374, -0.0, -0.9986295347545739, 0.3], [0.0, 1.0, -0.0, -0.22], [0.9986295347545739, 0.0, -0.05233595624294374, -0.03166666666666651], [0.0, 0.0, 0.0, 1.0]]","[[-0.14229604616834962, -0.05914562512728526, -0.9880554793497974, 0.3429940021658578], [-0.0028816435949616907, 0.9982336765504982, -0.05933989493306696, -0.21847190941728645], [0.9898199489680165, -0.0055966086854855705, -0.14221514193704926, -0.03280672605698934], [0.0, 0.0, 0.0, 1.0]]"
2.075,-9.940926256735127,16.492084269906286,5.6058487329839926,-127.00000467246183,2.1984075883860283,42.45392529571177,28.23687287795189,-9.940926256735127,-16.492084269906286,-5.6058487329839926,-127.00000467246183,-2.1984075883860283,42.45392529571177,-28.23687287795189,"[[-0.05887080365118913, -0.0, -0.9982656101847159, 0.3], [0.0, 1.0, -0.0, 0.22], [0.9982656101847159, 0.0, -0.05887080365118913, -0.02937499999999993], [0.0, 0.0, 0.0, 1.0]]","[[-0.1497377567969823, 0.05967020797327444, -0.9869235383097488, 0.34324311606138785], [0.0029388660192970137, 0.9981996915521211, 0.0599060835956688, 0.21844777767947285], [0.988721379993337, 0.006069766525725058, -0.14964354539503144, -0.030124560801521837], [0.0, 0.0, 0.0, 1.0]]","[[-0.05887080365118913, -0.0, -0.9982656101847159, 0.3], [0.0, 1.0, -0.0, -0.22], [0.9982656101847159, 0.0, -0.05887080365118913, -0.02937499999999993], [0.0, 0.0, 0.0, 1.0]]","[[-0.14229604616834962, -0.05914562512728526, -0.9880554793497974, 0.3429940021658578], [-0.0028816435949616907, 0.9982336765504982, -0.05933989493306696, -0.21847190941728645], [0.9898199489680165, -0.0055966086854855705, -0.14221514193704926, -0.03280672605698934], [0.0, 0.0, 0.0, 1.0]]"
2.0833333333333335,-10.338964068354082,16.612374146473964,5.708002322871173,-127.00000467246183,2.1468114856221057,42.456063144921984,28.299212014506594,-10.338964068354082,-16.612374146473964,-5.708002322871173,-127.00000467246183,-2.1468114856221057,42.456063144921984,-28.299212014506594,"[[-0.06540312923014313, -0.0, -0.9978589232386035, 0.3], [0.0, 1.0, -0.0, 0.22], [0.9978589232386035, 0.0, -0.06540312923014313, -0.027083333333333237], [0.0, 0.0, 0.0, 1.0]]","[[-0.15719368790207883, 0.06020120778761086, -0.9857311799190777, 0.3434720405254624], [0.0029975684497787897, 0.9981647544410928, 0.06048253942206894, 0.21842047406211715], [0.987563243072125, 0.006552676740549237, -0.15708565612557096, -0.027432129134610624], [0.0, 0.0, 0.0, 1.0]]","[[-0.06540312923014313, -0.0, -0.9978589232386035, 0.3], [0.0, 1.0, -0.0, -0.22], [0.9978589232386035, 0.0, -0.06540312923014313, -0.027083333333333237], [0.0, 0.0, 0.0, 1.0]]","[[-0.15719436573144296, -0.06019899286879429, -0.9857312070944454, 0.34347201420368156], [-0.0029972009847193982, 0.9981648876275626, -0.06048035956996722, -0.21842049106443978], [0.9875631362948633, -0.006552737217238487, -0.15708632488671714, -0.02743215240836049], [0.0, 0.0, 0.0, 1.0]]"
2.091666666666667,-10.73839523856372,16.733632202356493,5.809358488172754,-127.00000467246183,2.094874086843094,42.45816684318635,28.36189949070897,-10.73839523856372,-16.733632202356493,-5.809358488172754,-127.00000467246183,-2.094874086843094,42.45816684318635,-28.36189949070897,"[[-0.0719326531567196, -0.0, -0.997409491337352, 0.3], [0.0, 1.0, -0.0, 0.22], [0.997409491337352, 0.0, -0.0719326531567196, -0.024791666666666545], [0.0, 0.0, 0.0, 1.0]]","[[-0.16466170554953385, 0.060740152970113655, -0.9844781137956728, 0.34368055856716917], [0.0030580694915057563, 0.9981287470520037, 0.06107088110861213, 0.21839001729666416], [0.9863453608835517, 0.0070454329579032055, -0.16453932945630956, -0.024729948962753087], [0.0, 0.0, 0.0, 1.0]]","[[-0.0719326531567196, -0.0, -0.997409491337352, 0.3], [0.0, 1.0, -0.0, -0.22], [0.997409491337352, 0.0, -0.0719326531567196, -0.024791666666666545], [0.0, 0.0, 0.0, 1.0]]","[[-0.15719436573144296, -0.06019899286879429, -0.9857312070944454, 0.34347201420368156], [-0.0029972009847193982, 0.9981648876275626, -0.06048035956996722, -0.21842049106443978], [0.9875631362948633, -0.006552737217238487, -0.15708632488671714, -0.02743215240836049], [0.0, 0.0, 0.0, 1.0]]"
2.1,-11.139160003208804,16.85583111679719,5.909887773697941,-127.00000467246183,2.0426461915809453,42.46022956031569,28.424889202782122,-11.139160003208804,-16.85583111679719,-5.909887773697941,-127.00000467246183,-2.0426461915809453,42.46022956031569,-28.424889202782122,"[[-0.07845909572784493, -0.0, -0.9969173337331281, 0.3], [0.0, 1.0, -0.0, 0.22], [0.9969173337331281, 0.0, -0.07845909572784493, -0.022499999999999853], [0.0, 0.0, 0.0, 1.0]]","[[-0.1721404082952977, 0.061286424909428996, -0.9831641032674806, 0.343868434636202], [0.0031204144625702097, 0.9980916791363648, 0.06167060119971003, 0.21835643426171833], [0.9850674813663834, 0.007548122983418847, -0.17200314820931978, -0.022018587755053814], [0.0, 0.0, 0.0, 1.0]]","[[-0.07845909572784493, -0.0, -0.9969173337331281, 0.3], [0.0, 1.0, -0.0, -0.22], [0.9969173337331281, 0.0, -0.07845909572784493, -0.022499999999999853], [0.0, 0.0, 0.0, 1.0]]","[[-0.1721410890861499, -0.06128421218302621, -0.9831641219986315, 0.3438684079044939], [-0.003120048518252979, 0.9980918147995683, -0.06166842407057358, -0.21835645073540624], [0.9850673635571722, -0.007548149919693763, -0.17200382172298356, -0.022018610456835338], [0.0, 0.0, 0.0, 1.0]]"
2.1083333333333334,-11.541200305681388,16.978950399228548,6.009559016708644,-127.00000467246183,1.9901794531412575,42.46224788121543,28.488135046949147,-11.541200305681388,-16.978950399228548,-6.009559016708644,-127.00000467246183,-1.9901794531412575,42.46224788121543,-28.488135046949147,"[[-0.08498217737244168, -0.0, -0.9963824715083254, 0.3], [0.0, 1.0, -0.0, 0.22], [0.9963824715083254, 0.0, -0.08498217737244168, -0.020208333333333273], [0.0, 0.0, 0.0, 1.0]]","[[-0.17962838369400647, 0.061839382402236465, -0.9817889460345279, 0.3440354488984192], [0.003184532488801628, 0.9980535617799795, 0.06228118954487736, 0.21831975438151047], [0.9837293848027042, 0.0080609306166931, -0.1794756776649311, -0.01929860659973996], [0.0, 0.0, 0.0, 1.0]]","[[-0.08498217737244168, -0.0, -0.9963824715083254, 0.3], [0.0, 1.0, -0.0, -0.22], [0.9963824715083254, 0.0, -0.08498217737244168, -0.020208333333333273], [0.0, 0.0, 0.0, 1.0]]","[[-0.1721410890861499, -0.06128421218302621, -0.9831641219986315, 0.3438684079044939], [-0.003120048518252979, 0.9980918147995683, -0.06166842407057358, -0.21835645073540624], [0.9850673635571722, -0.007548149919693763, -0.17200382172298356, -0.022018610456835338], [0.0, 0.0, 0.0, 1.0]]"
2.1166666666666667,-11.944456381826232,17.102967851535762,6.108344042674538,-127.00000467246183,1.9375253113862176,42.46421839079098,28.551594334527735,-11.944456381826232,-17.102967851535762,-6.108344042674538,-127.00000467246183,-1.9375253113862176,42.46421839079098,-28.551594334527735,"[[-0.0915016186634024, -0.0, -0.9958049275746617, 0.3], [0.0, 1.0, -0.0, 0.22], [0.9958049275746617, 0.0, -0.0915016186634024, -0.01791666666666658], [0.0, 0.0, 0.0, 1.0]]","[[-0.18712420278055336, 0.062398353508368504, -0.9803524765170878, 0.3441813940799677], [0.003250429541072658, 0.9980144094658194, 0.06290209222585812, 0.21828002122556422], [0.98233088490668, 0.008583937210657661, -0.18695547218635405, -0.01657057525891881], [0.0, 0.0, 0.0, 1.0]]","[[-0.0915016186634024, -0.0, -0.9958049275746617, 0.3], [0.0, 1.0, -0.0, -0.22], [0.9958049275746617, 0.0, -0.0915016186634024, -0.01791666666666658], [0.0, 0.0, 0.0, 1.0]]","[[-0.17962906587387922, -0.061837170954551296, -0.981788960511176, 0.34403542196172415], [-0.0031841673152693123, 0.9980536987169542, -0.0622790137680088, -0.21831977059482832], [0.9837292614189059, -0.00806094074814196, -0.17947635349111873, -0.019298629030728782], [0.0, 0.0, 0.0, 1.0]]"
2.125,-12.34886675994081,17.227854445414863,6.206212542631182,-127.00000467246183,1.8847356330648355,42.46614450413692,28.615217546646406,-12.34886675994081,-17.227854445414863,-6.206212542631182,-127.00000467246183,-1.8847356330648355,42.46614450413692,-28.615217546646406,"[[-0.09801714032956071, -0.0, -0.9951847266721968, 0.3], [0.0, 1.0, -0.0, 0.22], [0.9951847266721968, 0.0, -0.09801714032956071, -0.015624999999999889], [0.0, 0.0, 0.0, 1.0]]","[[-0.1946262702666557, 0.06296263584272688, -0.978854596663788, 0.34430607898624227], [0.00331808674203396, 0.9979742396028235, 0.06353272691722568, 0.21823726622216016], [0.9808718597362569, 0.009117213220200485, -0.19444091956333254, -0.013835104688061081], [0.0, 0.0, 0.0, 1.0]]","[[-0.09801714032956071, -0.0, -0.9951847266721968, 0.3], [0.0, 1.0, -0.0, -0.22], [0.9951847266721968, 0.0, -0.09801714032956071, -0.015624999999999889], [0.0, 0.0, 0.0, 1.0]]","[[-0.19462695503535482, -0.06296042731919621, -0.978854602566413, 0.34430605164019246], [-0.003317723128636787, 0.9979743791520781, -0.06353055382464545, -0.21823728192299133], [0.9808717250929949, -0.009117189688093295, -0.1944415998835734, -0.013835126608182341], [0.0, 0.0, 0.0, 1.0]]"
2.1333333333333333,-12.754369968322589,17.35358798275104,6.303136342048248,-127.00000467246183,1.8318622849261204,42.46801939106409,28.67896028707555,-12.754369968322589,-17.35358798275104,-6.303136342048248,-127.00000467246183,-1.8318622849261204,42.46801939106409,-28.67896028707555,"[[-0.10452846326765325, -0.0, -0.9945218953682733, 0.3], [0.0, 0.9999999999999998, -0.0, 0.22], [0.9945218953682733, 0.0, -0.10452846326765325, -0.013333333333333308], [0.0, 0.0, 0.0, 1.0]]","[[-0.20213318237932276, 0.06353157649397934, -0.9772952037994443, 0.34440932335338836], [0.003387463098782767, 0.9979330672402801, 0.06417256736457695, 0.21819153225524235], [0.9793521846991317, 0.009660853823365415, -0.20193059755381737, -0.011092777397104136], [0.0, 0.0, 0.0, 1.0]]","[[-0.10452846326765325, -0.0, -0.9945218953682733, 0.3], [0.0, 0.9999999999999998, -0.0, -0.22], [0.9945218953682733, 0.0, -0.10452846326765325, -0.013333333333333308], [0.0, 0.0, 0.0, 1.0]]","[[-0.19462695503535482, -0.06296042731919621, -0.978854602566413, 0.34430605164019246], [-0.003317723128636787, 0.9979743791520781, -0.06353055382464545, -0.21823728192299133], [0.9808717250929949, -0.009117189688093295, -0.1944415998835734, -0.013835126608182341], [0.0, 0.0, 0.0, 1.0]]"
2.1416666666666666,-13.16090453526904,17.480139435240332,6.399086839508587,-127.00000467246183,1.7789566001105537,42.4698396364779,28.74277474449098,-13.16090453526904,-17.480139435240332,-6.399086839508587,-127.00000467246183,-1.7789566001105537,42.4698396364779,-28.74277474449098,"[[-0.11103530855427751, -0.0, -0.9938164620563781, 0.3], [0.0, 1.0, -0.0, 0.22], [0.9938164620563781, 0.0, -0.11103530855427751, -0.011041666666666616], [0.0, 0.0, 0.0, 1.0]]","[[-0.20964345455521433, 0.06410452332061295, -0.9756742448440427, 0.34449096288195036], [0.0034585540221709066, 0.9978909088931947, 0.06482107953736857, 0.21814285160988406], [0.9777717833759736, 0.010214892958378328, -0.2094230063665818, -0.008344197701921935], [0.0, 0.0, 0.0, 1.0]]","[[-0.11103530855427751, -0.0, -0.9938164620563781, 0.3], [0.0, 1.0, -0.0, -0.22], [0.9938164620563781, 0.0, -0.11103530855427751, -0.011041666666666616], [0.0, 0.0, 0.0, 1.0]]","[[-0.20964414165299, -0.06410231821143243, -0.9756742420862103, 0.34449093512830875], [-0.003458191990558201, 0.9978910511329899, -0.06481890909952692, -0.21814286680970663], [0.9777716373360077, -0.010214835711677032, -0.20942369100139074, -0.00834421915249322], [0.0, 0.0, 0.0, 1.0]]"
2.15,-13.56840557398305,17.607484897220633,6.494037141142342,-127.00000467246183,1.726070445367145,42.471608655472934,28.806613107568502,-13.56840557398305,-17.607484897220633,-6.494037141142342,-127.00000467246183,-1.726070445367145,42.471608655472934,-28.806613107568502,"[[-0.11753739745783753, -0.0, -0.9930684569549263, 0.3], [0.0, 1.0, -0.0, 0.22], [0.9930684569549263, 0.0, -0.11753739745783753, -0.008749999999999925], [0.0, 0.0, 0.0, 1.0]]","[[-0.2171554822726749, 0.0646807095124704, -0.9739917362770002, 0.3445508497012354], [0.003531248668336675, 0.9978477889562254, 0.06547763250160038, 0.21809128333489072], [0.97613064023304, 0.01077941984225892, -0.2169165215148443, -0.005589989393882163], [0.0, 0.0, 0.0, 1.0]]","[[-0.11753739745783753, -0.0, -0.9930684569549263, 0.3], [0.0, 1.0, -0.0, -0.22], [0.9930684569549263, 0.0, -0.11753739745783753, -0.008749999999999925], [0.0, 0.0, 0.0, 1.0]]","[[-0.21715617043494878, -0.06467850629446502, -0.9739917291566417, 0.34455082174481094], [-0.0035308874345720657, 0.9978479325674905, -0.06547546337911521, -0.21809129828868418], [0.9761304884470888, -0.010779345727006086, -0.2169172082379492, -0.005590010625271431], [0.0, 0.0, 0.0, 1.0]]"
2.158333333333333,-13.976809905214791,17.735593632840686,6.587959072419188,-127.00000467246183,1.6732552605580808,42.47331961786002,28.87042756498393,-13.976809905214791,-17.735593632840686,-6.587959072419188,-127.00000467246183,-1.6732552605580808,42.47331961786002,-28.87042756498393,"[[-0.12403445145048497, -0.0, -0.9922779121059672, 0.3], [0.0, 1.0, -0.0, 0.22], [0.9922779121059672, 0.0, -0.12403445145048497, -0.006458333333333344], [0.0, 0.0, 0.0, 1.0]]","[[-0.22466780354710725, 0.06525951333898107, -0.9722476916753662, 0.3445888485410641], [0.003605551123716688, 0.9978037246504932, 0.06614171962307262, 0.21803685765178304], [0.9744287444705297, 0.011354426113293254, -0.2244096677000016, -0.002830769931966043], [0.0, 0.0, 0.0, 1.0]]","[[-0.12403445145048497, -0.0, -0.9922779121059672, 0.3], [0.0, 1.0, -0.0, -0.22], [0.9922779121059672, 0.0, -0.12403445145048497, -0.006458333333333344], [0.0, 0.0, 0.0, 1.0]]","[[-0.22466849270584904, -0.06525731213476234, -0.9722476801711731, 0.3445888203827329], [-0.003605190691759092, 0.9978038696491351, -0.06613955180742764, -0.2180368723626191], [0.9744285869089421, -0.011354335126177697, -0.22441035646441215, -0.002830790954611556], [0.0, 0.0, 0.0, 1.0]]"
2.1666666666666665,-14.3860534959408,17.864438321343805,6.680827020129735,-127.00000467246183,1.6205624855455483,42.47497593873375,28.934177135602244,-14.3860534959408,-17.864438321343805,-6.680827020129735,-127.00000467246183,-1.6205624855455483,42.47497593873375,-28.934177135602244,"[[-0.13052619222005124, -0.0, -0.9914448613738104, 0.3], [0.0, 0.9999999999999999, -0.0, 0.22], [0.9914448613738104, 0.0, -0.13052619222005124, -0.004166666666666652], [0.0, 0.0, 0.0, 1.0]]","[[-0.23217881863548612, 0.06584020923373671, -0.9704421997342695, 0.34460484287570525], [0.003681508922277636, 0.9977587423330565, 0.06681271278740988, 0.21797963120265795], [0.9726661517031859, 0.011939805107936411, -0.23190083739585604, -6.716695976605874e-05], [0.0, 0.0, 0.0, 1.0]]","[[-0.13052619222005124, -0.0, -0.9914448613738104, 0.3], [0.0, 0.9999999999999999, -0.0, -0.22], [0.9914448613738104, 0.0, -0.13052619222005124, -0.004166666666666652], [0.0, 0.0, 0.0, 1.0]]","[[-0.2321795087218595, -0.06583801016584725, -0.9704421838250221, 0.3446048145164846], [-0.003681149295670271, 0.9977588887336497, -0.06681054626969958, -0.21797964567367314], [0.9726659883380004, -0.011939697248861705, -0.23190152815379755, -6.718778413540571e-05], [0.0, 0.0, 0.0, 1.0]]"
2.175,-14.796071459363958,17.993989934426022,6.7726140904041285,-127.00000467246183,1.5680430265832046,42.47657078790495,28.997807177910083,-14.796071459363958,-17.993989934426022,-6.7726140904041285,-127.00000467246183,-1.5680430265832046,42.47657078790495,-28.997807177910083,"[[-0.13701234168196796, -0.0, -0.9905693404435773, 0.3], [0.0, 1.0, -0.0, 0.22], [0.9905693404435773, 0.0, -0.13701234168196796, -0.00187499999999996], [0.0, 0.0, 0.0, 1.0]]","[[-0.239687064374767, 0.06642213432233955, -0.968575351350359, 0.34459872825991256], [0.0037589487883556427, 0.9977128629193994, 0.06749009904557904, 0.2179196430091192], [0.9708429231731635, 0.012535678571207527, -0.239388544603426, 0.0027001926438598722], [0.0, 0.0, 0.0, 1.0]]","[[-0.13701234168196796, -0.0, -0.9905693404435773, 0.3], [0.0, 1.0, -0.0, -0.22], [0.9905693404435773, 0.0, -0.13701234168196796, -0.00187499999999996], [0.0, 0.0, 0.0, 1.0]]","[[-0.2321795087218595, -0.06583801016584725, -0.9704421838250221, 0.3446048145164846], [-0.003681149295670271, 0.9977588887336497, -0.06681054626969958, -0.21797964567367314], [0.9726659883380004, -0.011939697248861705, -0.23190152815379755, -6.718778413540571e-05], [0.0, 0.0, 0.0, 1.0]]"
2.183333333333333,-15.206798054913504,18.124219443783364,6.863295950693449,-127.00000467246183,1.5157477899247076,42.4781075804682,29.061273295677843,-15.206798054913504,-18.124219443783364,-6.863295950693449,-127.00000467246183,-1.5157477899247076,42.4781075804682,-29.061273295677843,"[[-0.14349262199117918, -0.0, -0.9896513868196702, 0.3], [0.0, 1.0, -0.0, 0.22], [0.9896513868196702, 0.0, -0.14349262199117918, 0.0004166666666667318], [0.0, 0.0, 0.0, 1.0]]","[[-0.24719092499494816, 0.06700454927297236, -0.9666473177828963, 0.34457041983211617], [0.003837858228097596, 0.9976661162277616, 0.06817324530367731, 0.21785695331607835], [0.9689591928684937, 0.013141952204301945, -0.24687116406720516, 0.005470666807352011], [0.0, 0.0, 0.0, 1.0]]","[[-0.14349262199117918, -0.0, -0.9896513868196702, 0.3], [0.0, 1.0, -0.0, -0.22], [0.9896513868196702, 0.0, -0.14349262199117918, 0.0004166666666667318], [0.0, 0.0, 0.0, 1.0]]","[[-0.24719161672625295, -0.0670023548442365, -0.9666472930007038, 0.3445703910747755], [-0.0038375002207188744, 0.997666265471137, -0.0681710813536893, -0.21785696731710985], [0.9689590178187711, -0.013141810613547862, -0.24687185866655686, 0.005470646348122891], [0.0, 0.0, 0.0, 1.0]]"
2.1916666666666664,-15.618166688245031,18.255096113564562,6.952846987788309,-127.00000467246183,1.4637271482151866,42.47958631642351,29.124531092675916,-15.618166688245031,-18.255096113564562,-6.952846987788309,-127.00000467246183,-1.4637271482151866,42.47958631642351,-29.124531092675916,"[[-0.1499667555540451, -0.0, -0.9886910398241674, 0.3], [0.0, 1.0, -0.0, 0.22], [0.9886910398241674, 0.0, -0.1499667555540451, 0.0027083333333334236], [0.0, 0.0, 0.0, 1.0]]","[[-0.254688805906345, 0.0675867784542937, -0.9646583019516135, 0.3445198483242145], [0.003918234786651972, 0.9976185296193396, 0.06886157706808335, 0.2177916102664889], [0.9670151289313713, 0.013758515120358465, -0.2543470929252507, 0.008243604709881194], [0.0, 0.0, 0.0, 1.0]]","[[-0.1499667555540451, -0.0, -0.9886910398241674, 0.3], [0.0, 1.0, -0.0, -0.22], [0.9886910398241674, 0.0, -0.1499667555540451, 0.0027083333333334236], [0.0, 0.0, 0.0, 1.0]]","[[-0.24719161672625295, -0.0670023548442365, -0.9666472930007038, 0.3445703910747755], [-0.0038375002207188744, 0.997666265471137, -0.0681710813536893, -0.21785696731710985], [0.9689590178187711, -0.013141810613547862, -0.24687185866655686, 0.005470646348122891], [0.0, 0.0, 0.0, 1.0]]"
2.2,-16.030110765014133,18.386587500371064,7.041244576687084,-127.00000467246183,1.4120312606563583,42.48100358067629,29.18752934248553,-16.030110765014133,-18.386587500371064,-7.041244576687084,-127.00000467246183,-1.4120312606563583,42.48100358067629,-29.18752934248553,"[[-0.15643446504023117, -0.0, -0.9876883405951377, 0.3], [0.0, 1.0, -0.0, 0.22], [0.9876883405951377, 0.0, -0.15643446504023117, 0.0050000000000001155], [0.0, 0.0, 0.0, 1.0]]","[[-0.26217919258866423, 0.06816812064834867, -0.9626085280636302, 0.3444469588466093], [0.003999984218058986, 0.9975701327131685, 0.06955451419488837, 0.21772366966363946], [0.9650109176065377, 0.014385327452089106, -0.26181480335207324, 0.01101836405383676], [0.0, 0.0, 0.0, 1.0]]","[[-0.15643446504023117, -0.0, -0.9876883405951377, 0.3], [0.0, 1.0, -0.0, -0.22], [0.9876883405951377, 0.0, -0.15643446504023117, 0.0050000000000001155], [0.0, 0.0, 0.0, 1.0]]","[[-0.26217988567943373, -0.06816593134518595, -0.9626084943262047, 0.344446929697015], [-0.003999627838203228, 0.9975702848426087, -0.06955235277251787, -0.21772368320796973], [0.965010730780894, -0.014385152167436393, -0.2618155015938606, 0.011018343917857266], [0.0, 0.0, 0.0, 1.0]]"
2.2083333333333335,-16.4425636908764,18.518662868351598,7.128464811727677,-127.00000467246183,1.3607095393979998,42.48235937322654,29.250223648877075,-16.4425636908764,-18.518662868351598,-7.128464811727677,-127.00000467246183,-1.3607095393979998,42.48235937322654,-29.250223648877075,"[[-0.16289547339458865, -0.0, -0.986643332084879, 0.3], [0.0, 1.0, -0.0, 0.22], [0.986643332084879, 0.0, -0.16289547339458865, 0.007291666666666807], [0.0, 0.0, 0.0, 1.0]]","[[-0.2696605101720089, 0.06874790210779762, -0.9604982744438162, 0.34435171488621374], [0.004083077281449618, 0.9975209559689433, 0.07025148313537044, 0.2176531840963634], [0.9629467990152341, 0.015022262099371162, -0.26927271289109883, 0.013794294849987655], [0.0, 0.0, 0.0, 1.0]]","[[-0.16289547339458865, -0.0, -0.986643332084879, 0.3], [0.0, 1.0, -0.0, -0.22], [0.986643332084879, 0.0, -0.16289547339458865, 0.007291666666666807], [0.0, 0.0, 0.0, 1.0]]","[[-0.26966120383367337, -0.0687457155486606, -0.9604982361986286, 0.3443516855430666], [-0.004082721717218622, 0.9975211095545411, -0.07024932296084321, -0.21765319741746442], [0.9629466062717879, -0.015022069989843175, -0.26927341287781553, 0.0137942748599625], [0.0, 0.0, 0.0, 1.0]]"
2.216666666666667,-16.85546057903472,18.651289774107614,7.214485494795287,-127.00000467246183,1.3098110764247706,42.48365369407425,29.312566200526366,-16.85546057903472,-18.651289774107614,-7.214485494795287,-127.00000467246183,-1.3098110764247706,42.48365369407425,-29.312566200526366,"[[-0.16934950384902459, -0.0, -0.9855560590580776, 0.3], [0.0, 0.9999999999999999, -0.0, 0.22], [0.9855560590580776, 0.0, -0.16934950384902459, 0.009583333333333388], [0.0, 0.0, 0.0, 1.0]]","[[-0.27713122719328015, 0.06932543723133708, -0.958327849259861, 0.34423409598411076], [0.004167451834014256, 0.9974710320798172, 0.07095190277107297, 0.21758020758515936], [0.9608230405540648, 0.0156692027336608, -0.276719281630561, 0.01657075729137248], [0.0, 0.0, 0.0, 1.0]]","[[-0.16934950384902459, -0.0, -0.9855560590580776, 0.3], [0.0, 0.9999999999999999, -0.0, -0.22], [0.9855560590580776, 0.0, -0.16934950384902459, 0.009583333333333388], [0.0, 0.0, 0.0, 1.0]]","[[-0.27713192135243764, -0.06932325353627758, -0.9583278064872435, 0.34423406644932697], [-0.004167097086016036, 0.9974711871286674, -0.07094974383324198, -0.2175802206865185], [0.9608228418753283, -0.015668993818108483, -0.2767199833104687, 0.016570737436889044], [0.0, 0.0, 0.0, 1.0]]"
2.225,-17.26873312759739,18.784437481787844,7.299284854661934,-127.00000467246183,1.259384536834507,42.48488995831402,29.37450918610921,-17.26873312759739,-18.784437481787844,-7.299284854661934,-127.00000467246183,-1.259384536834507,42.48488995831402,-29.37450918610921,"[[-0.1757962799343546, -0.0, -0.9844265680898917, 0.3], [0.0, 1.0, -0.0, 0.22], [0.9844265680898917, 0.0, -0.1757962799343546, 0.01187500000000008], [0.0, 0.0, 0.0, 1.0]]","[[-0.2845897235022629, 0.06989999637802244, -0.9560976308846592, 0.34409410021351994], [0.004252985923761811, 0.9974203980991985, 0.0716551572907956, 0.21750480462269595], [0.9586399748537706, 0.016326051635004217, -0.2841528790112346, 0.01934709032902523], [0.0, 0.0, 0.0, 1.0]]","[[-0.1757962799343546, -0.0, -0.9844265680898917, 0.3], [0.0, 1.0, -0.0, -0.22], [0.9844265680898917, 0.0, -0.1757962799343546, 0.01187500000000008], [0.0, 0.0, 0.0, 1.0]]","[[-0.2845904180849369, -0.06989781566637562, -0.9560975835652501, 0.3440940704891607], [-0.0042526319921626365, 0.997420554617055, -0.07165299957814478, -0.21750481750785589], [0.9586397702241338, -0.01632582593548505, -0.28415358233206234, 0.01934707059971045], [0.0, 0.0, 0.0, 1.0]]"
2.2333333333333334,-17.682313034672706,18.91807354799373,7.382843681420578,-127.00000467246183,1.209477731951399,42.48606475085126,29.436011624490593,-17.682313034672706,-18.91807354799373,-7.382843681420578,-127.00000467246183,-1.209477731951399,42.48606475085126,-29.436011624490593,"[[-0.18223552549214767, -0.0, -0.9832549075639545, 0.3], [0.0, 1.0, -0.0, 0.22], [0.9832549075639545, 0.0, -0.18223552549214767, 0.014166666666666772], [0.0, 0.0, 0.0, 1.0]]","[[-0.2920344881616016, 0.07047092954230476, -0.9538080025946706, 0.34393173866899784], [0.004339699100188235, 0.997369089462261, 0.0723606688536023, 0.2174270412526464], [0.9563979426660806, 0.016992571161080453, -0.29157199417883806, 0.02212264605306565], [0.0, 0.0, 0.0, 1.0]]","[[-0.18223552549214767, -0.0, -0.9832549075639545, 0.3], [0.0, 1.0, -0.0, -0.22], [0.9832549075639545, 0.0, -0.18223552549214767, 0.014166666666666772], [0.0, 0.0, 0.0, 1.0]]","[[-0.2845904180849369, -0.06989781566637562, -0.9560975835652501, 0.3440940704891607], [-0.0042526319921626365, 0.997420554617055, -0.07165299957814478, -0.21750481750785589], [0.9586397702241338, -0.01632582593548505, -0.28415358233206234, 0.01934707059971045], [0.0, 0.0, 0.0, 1.0]]"
2.2416666666666667,-18.09613370591627,19.052162114232125,7.465139776956415,-127.00000467246183,1.1601380462128135,42.487178071685975,29.49702228925173,-18.09613370591627,-19.052162114232125,-7.465139776956415,-127.00000467246183,-1.1601380462128135,42.487178071685975,-29.49702228925173,"[[-0.18866696468655514, -0.0, -0.9820411276703038, 0.3], [0.0, 1.0, -0.0, 0.22], [0.9820411276703038, 0.0, -0.18866696468655514, 0.016458333333333464], [0.0, 0.0, 0.0, 1.0]]","[[-0.2994639679592031, 0.07103758877305026, -0.9514594015907564, 0.34374704246024795], [0.00442747271905336, 0.9973171411794162, 0.07306789578904303, 0.21734696222466982], [0.9540973374763454, 0.01766864145958647, -0.2989750653976367, 0.024896766439406783], [0.0, 0.0, 0.0, 1.0]]","[[-0.18866696468655514, -0.0, -0.9820411276703038, 0.3], [0.0, 1.0, -0.0, -0.22], [0.9820411276703038, 0.0, -0.18866696468655514, 0.016458333333333464], [0.0, 0.0, 0.0, 1.0]]","[[-0.2994646631652149, -0.07103541438334618, -0.9514593451213408, 0.34374701236351], [-0.004427120418679098, 0.9973173006477545, -0.07306574049084151, -0.21734697468824105], [0.9540971209054888, -0.017668382270677126, -0.29897577184078705, 0.024896746929483928], [0.0, 0.0, 0.0, 1.0]]"
2.25,-18.510126839436374,19.18667073710448,7.546156919570167,-127.00000467246183,1.111412117004177,42.488233335912746,29.557496784163025,-18.510126839436374,-19.18667073710448,-7.546156919570167,-127.00000467246183,-1.111412117004177,42.488233335912746,-29.557496784163025,"[[-0.19509032201612836, -0.0, -0.9807852804032304, 0.3], [0.0, 1.0, -0.0, 0.22], [0.9807852804032304, 0.0, -0.19509032201612836, 0.018750000000000044], [0.0, 0.0, 0.0, 1.0]]","[[-0.30687659353922825, 0.07159924199907836, -0.9490523193601693, 0.34354005878492444], [0.004516234216486205, 0.9972645976156572, 0.07377618837391453, 0.21726464891768227], [0.951738598548079, 0.018354042814565312, -0.3063605215201527, 0.027668801346460194], [0.0, 0.0, 0.0, 1.0]]","[[-0.19509032201612836, -0.0, -0.9807852804032304, 0.3], [0.0, 1.0, -0.0, -0.22], [0.9807852804032304, 0.0, -0.19509032201612836, 0.018750000000000044], [0.0, 0.0, 0.0, 1.0]]","[[-0.2994646631652149, -0.07103541438334618, -0.9514593451213408, 0.34374701236351], [-0.004427120418679098, 0.9973173006477545, -0.07306574049084151, -0.21734697468824105], [0.9540971209054888, -0.017668382270677126, -0.29897577184078705, 0.024896746929483928], [0.0, 0.0, 0.0, 1.0]]"
2.2583333333333333,-18.92422754843591,19.32156697321223,7.625875472467971,-127.00000467246183,1.0633459413806818,42.48923054353157,29.61739412808945,-18.92422754843591,-19.32156697321223,-7.625875472467971,-127.00000467246183,-1.0633459413806818,42.48923054353157,-29.61739412808945,"[[-0.20150532232561713, -0.0, -0.9794874195590514, 0.3], [0.0, 1.0, -0.0, 0.22], [0.9794874195590514, 0.0, -0.20150532232561713, 0.021041666666666736], [0.0, 0.0, 0.0, 1.0]]","[[-0.3142708735845799, 0.07215528215640932, -0.9465872560273112, 0.3433108501731955], [0.004605964220183202, 0.9972114966852781, 0.07448500501651684, 0.21718015545892053], [0.9493221808795935, 0.019048520562949364, -0.31372687285977824, 0.03043811535590306], [0.0, 0.0, 0.0, 1.0]]","[[-0.20150532232561713, -0.0, -0.9794874195590514, 0.3], [0.0, 1.0, -0.0, -0.22], [0.9794874195590514, 0.0, -0.20150532232561713, 0.021041666666666736], [0.0, 0.0, 0.0, 1.0]]","[[-0.3142715691129391, -0.0721531145561633, -0.9465871903354368, 0.3433108197140541], [-0.004605613545844184, 0.9972116591123125, -0.07448285208244557, -0.21718016751562544], [0.9493219523276377, -0.019048228009825648, -0.31372758220871855, 0.030438096024519752], [0.0, 0.0, 0.0, 1.0]]"
2.2666666666666666,-19.338365823475876,19.456813256514945,7.704278360176901,-127.00000467246183,1.0159845559021672,42.490166279447855,29.676666509706823,-19.338365823475876,-19.456813256514945,-7.704278360176901,-127.00000467246183,-1.0159845559021672,42.490166279447855,-29.676666509706823,"[[-0.20791169081775907, -0.0, -0.9781476007338056, 0.3], [0.0, 0.9999999999999999, -0.0, 0.22], [0.9781476007338056, 0.0, -0.20791169081775907, 0.023333333333333428], [0.0, 0.0, 0.0, 1.0]]","[[-0.321645299057059, 0.07270508455965942, -0.9440647606354492, 0.3430594961182096], [0.004696579406963608, 0.9971578785924085, 0.07519379830120106, 0.21709354280651028], [0.9468485854329453, 0.019751856628185502, -0.32107260926988207, 0.03320404736800315], [0.0, 0.0, 0.0, 1.0]]","[[-0.20791169081775907, -0.0, -0.9781476007338056, 0.3], [0.0, 0.9999999999999999, -0.0, -0.22], [0.9781476007338056, 0.0, -0.20791169081775907, 0.023333333333333428], [0.0, 0.0, 0.0, 1.0]]","[[-0.3142715691129391, -0.0721531145561633, -0.9465871903354368, 0.3433108197140541], [-0.004605613545844184, 0.9972116591123125, -0.07448285208244557, -0.21718016751562544], [0.9493219523276377, -0.019048228009825648, -0.31372758220871855, 0.030438096024519752], [0.0, 0.0, 0.0, 1.0]]"
2.275,-19.752476777759163,19.59238055870865,7.781350214771326,-127.00000467246183,0.9693724635199441,42.49105078894537,29.735266117690948,-19.752476777759163,-19.59238055870865,-7.781350214771326,-127.00000467246183,-0.9693724635199441,42.49105078894537,-29.735266117690948,"[[-0.21430915306505055, -0.0, -0.9767658813208724, 0.3], [0.0, 1.0, -0.0, 0.22], [0.9767658813208724, 0.0, -0.21430915306505055, 0.02562500000000001], [0.0, 0.0, 0.0, 1.0]]","[[-0.3289983038814257, 0.0732478786963098, -0.9414854562390415, 0.3427860953660104], [0.004787847281212544, 0.9971037943030265, 0.0759019097580541, 0.21700489352870075], [0.9443183745758404, 0.020463910989805573, -0.3283961567763003, 0.03596596643687044], [0.0, 0.0, 0.0, 1.0]]","[[-0.21430915306505055, -0.0, -0.9767658813208724, 0.3], [0.0, 1.0, -0.0, -0.22], [0.9767658813208724, 0.0, -0.21430915306505055, 0.02562500000000001], [0.0, 0.0, 0.0, 1.0]]","[[-0.321645994632969, -0.07270292052702634, -0.9440646903064478, 0.34305946548196664], [-0.004696229542471141, 0.9971580424989173, -0.0751916465294648, -0.2170935546654083], [0.9468483508802519, -0.019751547447439337, -0.3210733199890316, 0.033204028110739255], [0.0, 0.0, 0.0, 1.0]]"
2.283333333333333,-20.166492109394074,19.72822960620562,7.857074814551964,-127.00000467246183,0.9235530999682655,42.49187382674036,29.793155386001388,-20.166492109394074,-19.72822960620562,-7.857074814551964,-127.00000467246183,-0.9235530999682655,42.49187382674036,-29.793155386001388,"[[-0.2206974350215009, -0.0, -0.9753423205085128, 0.3], [0.0, 1.0, -0.0, 0.22], [0.9753423205085128, 0.0, -0.2206974350215009, 0.0279166666666667], [0.0, 0.0, 0.0, 1.0]]","[[-0.3363285058277985, 0.07378319525816461, -0.9388499221202161, 0.34249075648660865], [0.0048798728414707615, 0.9970492797713784, 0.07660888034964641, 0.21691425592074642], [0.9417320866407236, 0.021184282023965797, -0.33569614711288764, 0.0387232317694887], [0.0, 0.0, 0.0, 1.0]]","[[-0.2206974350215009, -0.0, -0.9753423205085128, 0.3], [0.0, 1.0, -0.0, -0.22], [0.9753423205085128, 0.0, -0.2206974350215009, 0.0279166666666667], [0.0, 0.0, 0.0, 1.0]]","[[-0.33632920127043603, -0.07378103870085892, -0.9388498424673741, 0.3424907255050154], [-0.004879524588141934, 0.9970494466306647, -0.07660673086145528, -0.2169142673954794], [0.9417318400758172, -0.021183939711679776, -0.33569686040490115, 0.038723212630606844], [0.0, 0.0, 0.0, 1.0]]"
2.2916666666666665,-20.580346931583485,19.864327955607294,7.931439352914125,-127.00000467246183,0.8785693673728557,42.49264905321116,29.850289918408546,-20.580346931583485,-19.864327955607294,-7.931439352914125,-127.00000467246183,-0.8785693673728557,42.49264905321116,-29.850289918408546,"[[-0.22707626303437323, -0.0, -0.9738769792773336, 0.3], [0.0, 1.0, -0.0, 0.22], [0.9738769792773336, 0.0, -0.22707626303437323, 0.030208333333333393], [0.0, 0.0, 0.0, 1.0]]","[[-0.3436343098010304, 0.07431027880281252, -0.9361588773236186, 0.3421736127181042], [0.004972507425941637, 0.9969943913276904, 0.0773140209213514, 0.21682171702078595], [0.9390903765333071, 0.021912693247898136, -0.3429709879525602, 0.041475211133401295], [0.0, 0.0, 0.0, 1.0]]","[[-0.22707626303437323, -0.0, -0.9738769792773336, 0.3], [0.0, 1.0, -0.0, -0.22], [0.9738769792773336, 0.0, -0.22707626303437323, 0.030208333333333393], [0.0, 0.0, 0.0, 1.0]]","[[-0.33632920127043603, -0.07378103870085892, -0.9388498424673741, 0.3424907255050154], [-0.004879524588141934, 0.9970494466306647, -0.07660673086145528, -0.2169142673954794], [0.9417318400758172, -0.021183939711679776, -0.33569686040490115, 0.038723212630606844], [0.0, 0.0, 0.0, 1.0]]"
2.3,-20.993972942435704,20.000641455967823,8.004430169479466,-127.00000467246183,0.8344630472815282,42.493366223074005,29.906628733777396,-20.993972942435704,-20.000641455967823,-8.004430169479466,-127.00000467246183,-0.8344630472815282,42.493366223074005,-29.906628733777396,"[[-0.23344536385590514, -0.0, -0.9723699203976767, 0.3], [0.0, 1.0, -0.0, 0.22], [0.9723699203976767, 0.0, -0.23344536385590514, 0.03249999999999997], [0.0, 0.0, 0.0, 1.0]]","[[-0.3509143966706814, 0.07482861719938591, -0.9334129655502322, 0.3418348028181407], [0.00506568053359812, 0.9969391689920515, 0.07801687131748669, 0.21672733816390233], [0.936393840800965, 0.022648871439114128, -0.35021936487371935, 0.04422128273411911], [0.0, 0.0, 0.0, 1.0]]","[[-0.23344536385590514, -0.0, -0.9723699203976767, 0.3], [0.0, 1.0, -0.0, -0.22], [0.9723699203976767, 0.0, -0.23344536385590514, 0.03249999999999997], [0.0, 0.0, 0.0, 1.0]]","[[-0.3436350050627122, -0.07430812615086743, -0.9361587929851947, 0.3421735815685226], [-0.004972159973028058, 0.9969945596578977, -0.07731187255368555, -0.2168217283092288], [0.9390901239608223, -0.021912334437514246, -0.3429717024460562, 0.041475192038963105], [0.0, 0.0, 0.0, 1.0]]"
2.308333333333333,-21.4073069627009,20.137134248794066,8.076034457643294,-127.00000467246183,0.79127506746845,42.49403558161267,29.96212402078375,-21.4073069627009,-20.137134248794066,-8.076034457643294,-127.00000467246183,-0.79127506746845,42.49403558161267,-29.96212402078375,"[[-0.23980446465501631, -0.0, -0.9708212084269282, 0.3], [0.0, 1.0, -0.0, 0.22], [0.9708212084269282, 0.0, -0.23980446465501631, 0.034791666666666665], [0.0, 0.0, 0.0, 1.0]]","[[-0.3581672547035924, 0.07533752963811433, -0.9306129562208547, 0.3414744905201773], [0.005159214016739286, 0.9968836667231384, 0.07871681860543292, 0.21663118946235094], [0.9336431867522097, 0.02339255541101476, -0.35743976860797294, 0.04696082610633453], [0.0, 0.0, 0.0, 1.0]]","[[-0.23980446465501631, -0.0, -0.9708212084269282, 0.3], [0.0, 1.0, -0.0, -0.22], [0.9708212084269282, 0.0, -0.23980446465501631, 0.034791666666666665], [0.0, 0.0, 0.0, 1.0]]","[[-0.35816794937451846, -0.07533538512582191, -0.930612862466878, 0.341474459044626], [-0.005158868151881511, 0.9968838379785583, -0.0787146724348831, -0.21663120038994396], [0.9336429221711285, -0.02339216375377735, -0.35744048533241535, 0.046960807071821584], [0.0, 0.0, 0.0, 1.0]]"
2.3166666666666664,-21.820282398034674,20.27377218314017,8.14624111834821,-127.00000467246183,0.7490455019341421,42.49465712882714,30.016741628481757,-21.820282398034674,-20.27377218314017,-8.14624111834821,-127.00000467246183,-0.7490455019341421,42.49465712882714,-30.016741628481757,"[[-0.24615329302899303, -0.0, -0.9692309097067543, 0.3], [0.0, 0.9999999999999999, -0.0, 0.22], [0.9692309097067543, 0.0, -0.24615329302899303, 0.03708333333333347], [0.0, 0.0, 0.0, 1.0]]","[[-0.36539147761953583, 0.07583647558355022, -0.9277596116743162, 0.3410928502228123], [0.005253122317215177, 0.9968279336366516, 0.07941332021521214, 0.21653334433869348], [0.9308391229363605, 0.02414331569501249, -0.3646308098862717, 0.049693225951832835], [0.0, 0.0, 0.0, 1.0]]","[[-0.24615329302899303, -0.0, -0.9692309097067543, 0.3], [0.0, 0.9999999999999999, -0.0, -0.22], [0.9692309097067543, 0.0, -0.24615329302899303, 0.03708333333333347], [0.0, 0.0, 0.0, 1.0]]","[[-0.35816794937451846, -0.07533538512582191, -0.930612862466878, 0.341474459044626], [-0.005158868151881511, 0.9968838379785583, -0.0787146724348831, -0.21663120038994396], [0.9336429221711285, -0.02339216375377735, -0.35744048533241535, 0.046960807071821584], [0.0, 0.0, 0.0, 1.0]]"
2.325,-22.23283436163991,20.410519400512996,8.2150407600841,-127.00000467246183,0.7078133574620676,42.49522744962284,30.070437160641813,-22.23283436163991,-20.410519400512996,-8.2150407600841,-127.00000467246183,-0.7078133574620676,42.49522744962284,-30.070437160641813,"[[-0.25249157701515795, -0.0, -0.9675990923602598, 0.3], [0.0, 1.0, -0.0, 0.22], [0.9675990923602598, 0.0, -0.25249157701515795, 0.03937500000000016], [0.0, 0.0, 0.0, 1.0]]","[[-0.37258576262502713, 0.07632489582021934, -0.924853696412119, 0.3406900682426759], [0.005347266146962196, 0.996772018645979, 0.08010586488625117, 0.2164338731188423], [0.9279823577169346, 0.024900865897663896, -0.3717911922620896, 0.05241788534298437], [0.0, 0.0, 0.0, 1.0]]","[[-0.25249157701515795, -0.0, -0.9675990923602598, 0.3], [0.0, 1.0, -0.0, -0.22], [0.9675990923602598, 0.0, -0.25249157701515795, 0.03937500000000016], [0.0, 0.0, 0.0, 1.0]]","[[-0.37258645640067045, -0.07632275987675882, -0.9248535931873683, 0.3406900364552699], [-0.0053469218503637075, 0.9967721927965145, -0.08010372085211925, -0.21643388370141103], [0.9279820811489399, -0.024900441610998667, -0.37179191098524433, 0.052417866330557], [0.0, 0.0, 0.0, 1.0]]"
2.3333333333333335,-22.644897966719483,20.547343457513985,8.282423991340861,-127.00000467246183,0.6676168404228964,42.49575337418893,30.123176466318064,-22.644897966719483,-20.547343457513985,-8.282423991340861,-127.00000467246183,-0.6676168404228964,42.49575337418893,-30.123176466318064,"[[-0.25881904510252074, -0.0, -0.9659258262890683, 0.3], [0.0, 1.0, -0.0, 0.22], [0.9659258262890683, 0.0, -0.25881904510252074, 0.04166666666666674], [0.0, 0.0, 0.0, 1.0]]","[[-0.37974867546010127, 0.07680221242734882, -0.9218960698758637, 0.3402663516039126], [0.005441598183579352, 0.9967159772740707, 0.08079387140002109, 0.2163328561479543], [0.9250736903055387, 0.025664777670166318, -0.37891949895938815, 0.05513420205691219], [0.0, 0.0, 0.0, 1.0]]","[[-0.25881904510252074, -0.0, -0.9659258262890683, 0.3], [0.0, 1.0, -0.0, -0.22], [0.9659258262890683, 0.0, -0.25881904510252074, 0.04166666666666674], [0.0, 0.0, 0.0, 1.0]]","[[-0.3797493686743976, -0.07680008092559212, -0.9218959618965792, 0.3402663196661458], [-0.005441254662585229, 0.996716152858032, -0.0807917284106554, -0.21633286656399758], [0.92507340775697, -0.02566433715697152, -0.37892021859383523, 0.0551341830416494], [0.0, 0.0, 0.0, 1.0]]"
2.341666666666667,-23.056411741570876,20.68420849564999,8.348382274382029,-127.00000467246183,0.6284929832485344,42.49623831762,30.174911734186328,-23.056411741570876,-20.68420849564999,-8.348382274382029,-127.00000467246183,-0.6284929832485344,42.49623831762,-30.174911734186328,"[[-0.2651354262434082, -0.0, -0.9642111831703294, 0.3], [0.0, 1.0, -0.0, 0.22], [0.9642111831703294, 0.0, -0.2651354262434082, 0.04395833333333343], [0.0, 0.0, 0.0, 1.0]]","[[-0.3868789034029734, 0.07726783282540325, -0.9188875862216112, 0.33982191831659536], [0.0055358915184829174, 0.9966598635188342, 0.08147680869864081, 0.2162303617560057], [0.9221139127064556, 0.026434796407100534, -0.3860144214043133, 0.05784159692833507], [0.0, 0.0, 0.0, 1.0]]","[[-0.2651354262434082, -0.0, -0.9642111831703294, 0.3], [0.0, 1.0, -0.0, -0.22], [0.9642111831703294, 0.0, -0.2651354262434082, 0.04395833333333343], [0.0, 0.0, 0.0, 1.0]]","[[-0.3797493686743976, -0.07680008092559212, -0.9218959618965792, 0.3402663196661458], [-0.005441254662585229, 0.996716152858032, -0.0807917284106554, -0.21633286656399758], [0.92507340775697, -0.02566433715697152, -0.37892021859383523, 0.0551341830416494], [0.0, 0.0, 0.0, 1.0]]"
2.35,-23.467310799396966,20.82108207152246,8.412908779018432,-127.00000467246183,0.5904779645972417,42.49667886482146,30.22561222839533,-23.467310799396966,-20.82108207152246,-8.412908779018432,-127.00000467246183,-0.5904779645972417,42.49667886482146,-30.22561222839533,"[[-0.2714404498650742, -0.0, -0.9624552364536473, 0.3], [0.0, 1.0, -0.0, 0.22], [0.9624552364536473, 0.0, -0.2714404498650742, 0.046250000000000124], [0.0, 0.0, 0.0, 1.0]]","[[-0.3939751931957648, 0.0777212942162114, -0.9158291039117052, 0.33935699728960483], [0.00563013961645225, 0.9966037281431511, 0.08215418783647863, 0.21612646638070723], [0.9191038291043396, 0.027210466304884568, -0.39307472807242616, 0.060539495181021606], [0.0, 0.0, 0.0, 1.0]]","[[-0.2714404498650742, -0.0, -0.9624552364536473, 0.3], [0.0, 1.0, -0.0, -0.22], [0.9624552364536473, 0.0, -0.2714404498650742, 0.046250000000000124], [0.0, 0.0, 0.0, 1.0]]","[[-0.39397588506108816, -0.07771917190439351, -0.9158289863881948, 0.33935696506274693], [-0.00562979762756665, 0.9966039065600354, -0.08215204688837305, -0.21612647647576824], [0.9191035346298073, -0.027209993527601752, -0.3930754493519315, 0.060539476133036736], [0.0, 0.0, 0.0, 1.0]]"
2.3583333333333334,-23.877535376042516,20.957926619090962,8.475997528834547,-127.00000467246183,0.5536068959102204,42.49708184598249,30.275240382904645,-23.877535376042516,-20.957926619090962,-8.475997528834547,-127.00000467246183,-0.5536068959102204,42.49708184598249,-30.275240382904645,"[[-0.2777338458812922, -0.0, -0.9606580613579353, 0.3], [0.0, 1.0, -0.0, 0.22], [0.9606580613579353, 0.0, -0.2777338458812922, 0.048541666666666705], [0.0, 0.0, 0.0, 1.0]]","[[-0.401036233326848, 0.07816207345260368, -0.9127215510946393, 0.3388718354260001], [0.005724296885888429, 0.9965476287141306, 0.08282545580560313, 0.21602124175391674], [0.9160443067800687, 0.027991319687244075, -0.40009913026397625, 0.06322733328107673], [0.0, 0.0, 0.0, 1.0]]","[[-0.2777338458812922, -0.0, -0.9606580613579353, 0.3], [0.0, 1.0, -0.0, -0.22], [0.9606580613579353, 0.0, -0.2777338458812922, 0.048541666666666705], [0.0, 0.0, 0.0, 1.0]]","[[-0.4010369244053828, -0.07815995588583452, -0.9127214287828439, 0.33887180306060094], [-0.005723955652688122, 0.9965478085283825, -0.08282331585347513, -0.21602125169454622], [0.9160440063638634, -0.02799083087732211, -0.40009985227645334, 0.06322731420347996], [0.0, 0.0, 0.0, 1.0]]"
2.3666666666666667,-24.28702058471041,21.09471140250422,8.537642547414851,-127.00000467246183,0.5179138747724675,42.49744384600851,30.32375863167383,-24.28702058471041,-21.09471140250422,-8.537642547414851,-127.00000467246183,-0.5179138747724675,42.49744384600851,-30.32375863167383,"[[-0.2840153447039226, -0.0, -0.958819734868193, 0.3], [0.0, 1.0, -0.0, 0.22], [0.958819734868193, 0.0, -0.2840153447039226, 0.0508333333333334], [0.0, 0.0, 0.0, 1.0]]","[[-0.408060816600596, 0.07858968413182915, -0.9095658478105443, 0.3383666893650962], [0.005818174521851821, 0.9964916171694743, 0.08349015364819487, 0.2159147630050303], [0.9129362074101827, 0.028777047434113762, -0.40708643153572044, 0.06590454899074283], [0.0, 0.0, 0.0, 1.0]]","[[-0.2840153447039226, -0.0, -0.958819734868193, 0.3], [0.0, 1.0, -0.0, -0.22], [0.958819734868193, 0.0, -0.2840153447039226, 0.0508333333333334], [0.0, 0.0, 0.0, 1.0]]","[[-0.408061506818005, -0.07858757140787806, -0.909565720700616, 0.3383666568652798], [-0.005817834036839845, 0.996491798366996, -0.08348801467534214, -0.2159147727952818], [0.91293590106893, -0.028776542661029025, -0.40708715422122943, 0.06590452987490147], [0.0, 0.0, 0.0, 1.0]]"
2.375,-24.695710076340003,21.231402270816393,8.597840419664758,-127.00000467246183,0.48343193155192266,42.497775110183255,30.371129408662455,-24.695710076340003,-21.231402270816393,-8.597840419664758,-127.00000467246183,-0.48343193155192266,42.497775110183255,-30.371129408662455,"[[-0.29028467725446205, -0.0, -0.9569403357322089, 0.3], [0.0, 1.0, -0.0, 0.22], [0.9569403357322089, 0.0, -0.29028467725446205, 0.05312500000000009], [0.0, 0.0, 0.0, 1.0]]","[[-0.415047695714492, 0.07900357597054622, -0.9063629765529686, 0.3378418298617265], [0.005911650457866208, 0.9964357555304957, 0.08414771232324057, 0.215807109587643], [0.9097804475097027, 0.029567212994074613, -0.41403540578652037, 0.06857061408933374], [0.0, 0.0, 0.0, 1.0]]","[[-0.29028467725446205, -0.0, -0.9569403357322089, 0.3], [0.0, 1.0, -0.0, -0.22], [0.9569403357322089, 0.0, -0.29028467725446205, 0.05312500000000009], [0.0, 0.0, 0.0, 1.0]]","[[-0.408061506818005, -0.07858757140787806, -0.909565720700616, 0.3383666568652798], [-0.005817834036839845, 0.996491798366996, -0.08348801467534214, -0.2159147727952818], [0.91293590106893, -0.028776542661029025, -0.40708715422122943, 0.06590452987490147], [0.0, 0.0, 0.0, 1.0]]"
2.3833333333333333,-25.103540671681465,21.367965073081628,8.656587730489685,-127.00000467246183,0.45019318948202586,42.49806880831756,30.41732197801925,-25.103540671681465,-21.367965073081628,-8.656587730489685,-127.00000467246183,-0.45019318948202586,42.49806880831756,-30.41732197801925,"[[-0.2965415749755708, -0.0, -0.9550199444571866, 0.3], [0.0, 1.0, -0.0, 0.22], [0.9550199444571866, 0.0, -0.2965415749755708, 0.05541666666666678], [0.0, 0.0, 0.0, 1.0]]","[[-0.4219957574749429, 0.07940337888945743, -0.9031138821289847, 0.33729753640217214], [0.006004696087429123, 0.996380094069141, 0.0847977108633639, 0.21569835151529068], [0.9065779195954676, 0.030361349833403616, -0.4209449656882083, 0.07122498952916852], [0.0, 0.0, 0.0, 1.0]]","[[-0.2965415749755708, -0.0, -0.9550199444571866, 0.3], [0.0, 1.0, -0.0, -0.22], [0.9550199444571866, 0.0, -0.2965415749755708, 0.05541666666666678], [0.0, 0.0, 0.0, 1.0]]","[[-0.4219964457491335, -0.07940127613740519, -0.9031137453958111, 0.3372975036461773], [-0.006004357074956286, 0.9963802779864712, -0.08479557379792188, -0.21569836101697765], [0.9065776014612399, -0.030360813351323783, -0.4209456895389608, 0.07122497031157143], [0.0, 0.0, 0.0, 1.0]]"
2.3916666666666666,-25.510456021674145,21.50436907344866,8.713882772342336,-127.00000467246183,0.4182285178161744,42.49833518569519,30.462298773703782,-25.510456021674145,-21.50436907344866,-8.713882772342336,-127.00000467246183,-0.4182285178161744,42.49833518569519,-30.462298773703782,"[[-0.3027857698425745, -0.0, -0.953058643306297, 0.3], [0.0, 1.0, -0.0, 0.22], [0.953058643306297, 0.0, -0.3027857698425745, 0.05770833333333336], [0.0, 0.0, 0.0, 1.0]]","[[-0.4289038076120722, 0.07978854064932883, -0.8998196000293153, 0.3367341034278615], [0.006097100021797079, 0.9963246963778711, 0.08543959713661589, 0.2155885732615727], [0.9033295905632621, 0.03115907842978388, -0.4278139346073427, 0.07386716638557692], [0.0, 0.0, 0.0, 1.0]]","[[-0.3027857698425745, -0.0, -0.953058643306297, 0.3], [0.0, 1.0, -0.0, -0.22], [0.953058643306297, 0.0, -0.3027857698425745, 0.05770833333333336], [0.0, 0.0, 0.0, 1.0]]","[[-0.42890449480531356, -0.07978644302276061, -0.8998194584724063, 0.33673407055024385], [-0.006096761732907872, 0.9963248816296972, -0.0854374609989198, -0.21558858262507863], [0.9033292665646181, -0.03115852620624992, -0.42781465894997495, 0.07386714710479161], [0.0, 0.0, 0.0, 1.0]]"
2.4,-25.916398069710098,21.640578413424347,8.769724691449069,-127.00000467246183,0.3875679320341194,42.498570827221556,30.506032474959376,-25.916398069710098,-21.640578413424347,-8.769724691449069,-127.00000467246183,-0.3875679320341194,42.498570827221556,-30.506032474959376,"[[-0.30901699437494745, -0.0, -0.9510565162951536, 0.3], [0.0, 1.0, -0.0, 0.22], [0.9510565162951536, 0.0, -0.30901699437494745, 0.06000000000000005], [0.0, 0.0, 0.0, 1.0]]","[[-0.4357707964391535, 0.0801587347269358, -0.8964811153715191, 0.33615183175434976], [0.006188912225108249, 0.9962696153602184, 0.0860729392752026, 0.21547784332930556], [0.9000363938954115, 0.03195983036531245, -0.43464129912695215, 0.07649664226306135], [0.0, 0.0, 0.0, 1.0]]","[[-0.30901699437494745, -0.0, -0.9510565162951536, 0.3], [0.0, 1.0, -0.0, -0.22], [0.9510565162951536, 0.0, -0.30901699437494745, 0.06000000000000005], [0.0, 0.0, 0.0, 1.0]]","[[-0.42890449480531356, -0.07978644302276061, -0.8998194584724063, 0.33673407055024385], [-0.006096761732907872, 0.9963248816296972, -0.0854374609989198, -0.21558858262507863], [0.9033292665646181, -0.03115852620624992, -0.42781465894997495, 0.07386714710479161], [0.0, 0.0, 0.0, 1.0]]"
2.408333333333333,-26.321308759181377,21.776564064704715,8.824112634036233,-127.00000467246183,0.35824032703770115,42.49877914799124,30.548488930840175,-26.321308759181377,-21.776564064704715,-8.824112634036233,-127.00000467246183,-0.35824032703770115,42.49877914799124,-30.548488930840175,"[[-0.3152349816477694, -0.0, -0.9490136491882141, 0.3], [0.0, 1.0, -0.0, 0.22], [0.9490136491882141, 0.0, -0.3152349816477694, 0.062291666666666745], [0.0, 0.0, 0.0, 1.0]]","[[-0.44259563260287615, 0.0805135015765962, -0.8930994804974053, 0.335551036331816], [0.006279922454446488, 0.9962149097475324, 0.0866972673772469, 0.21536624117870126], [0.8966993189329553, 0.032763236418143146, -0.44142598673456335, 0.07911292258579827], [0.0, 0.0, 0.0, 1.0]]","[[-0.3152349816477694, -0.0, -0.9490136491882141, 0.3], [0.0, 1.0, -0.0, -0.22], [0.9490136491882141, 0.0, -0.3152349816477694, 0.062291666666666745], [0.0, 0.0, 0.0, 1.0]]","[[-0.4425963174189392, -0.08051141447102872, -0.893099329272544, 0.3355510032241987], [-0.00627958558545455, 0.996215097612797, -0.0866951330421756, -0.215366250278037], [0.8966989832781505, -0.032762652948132916, -0.44142671187834975, 0.07911290315482603], [0.0, 0.0, 0.0, 1.0]]"
2.4166666666666665,-26.725133448574628,21.91229358389121,8.877047453877479,-127.00000467246183,0.3302735038312757,42.49896014800425,30.58963399040033,-26.725133448574628,-21.91229358389121,-8.877047453877479,-127.00000467246183,-0.3302735038312757,42.49896014800425,-30.58963399040033,"[[-0.32143946530316136, -0.0, -0.9469301294951058, 0.3], [0.0, 1.0, -0.0, 0.22], [0.9469301294951058, 0.0, -0.32143946530316136, 0.06458333333333333], [0.0, 0.0, 0.0, 1.0]]","[[-0.4493773334983891, 0.08085244627279844, -0.8896757241093982, 0.33493203750123274], [0.006369985078329879, 0.9961606358019708, 0.08731214674210823, 0.2152538386325171], [0.8933193356398257, 0.03356887859785947, -0.4481670391290538, 0.08171553955836205], [0.0, 0.0, 0.0, 1.0]]","[[-0.32143946530316136, -0.0, -0.9469301294951058, 0.3], [0.0, 1.0, -0.0, -0.22], [0.9469301294951058, 0.0, -0.32143946530316136, 0.06458333333333333], [0.0, 0.0, 0.0, 1.0]]","[[-0.4425963174189392, -0.08051141447102872, -0.893099329272544, 0.3355510032241987], [-0.00627958558545455, 0.996215097612797, -0.0866951330421756, -0.215366250278037], [0.8966989832781505, -0.032762652948132916, -0.44142671187834975, 0.07911290315482603], [0.0, 0.0, 0.0, 1.0]]"
2.425,-27.127817496376483,22.04773452758527,8.928530858520096,-127.00000467246183,0.3036943562847,42.499120657449744,30.62944374797775,-27.127817496376483,-22.04773452758527,-8.928530858520096,-127.00000467246183,-0.3036943562847,42.499120657449744,-30.62944374797775,"[[-0.32763017956169344, -0.0, -0.9448060464668782, 0.3], [0.0, 1.0000000000000002, -0.0, 0.22], [0.9448060464668782, 0.0, -0.32763017956169344, 0.06687500000000002], [0.0, 0.0, 0.0, 1.0]]","[[-0.4561148311155547, 0.08117521025434705, -0.8862109489712884, 0.3342951712784037], [0.006459111200214945, 0.9961068543755487, 0.08791708905868309, 0.21514071389676448], [0.8898974888822488, 0.03437615316191886, -0.4548634293662836, 0.08430402379125848], [0.0, 0.0, 0.0, 1.0]]","[[-0.32763017956169344, -0.0, -0.9448060464668782, 0.3], [0.0, 1.0000000000000002, -0.0, -0.22], [0.9448060464668782, 0.0, -0.32763017956169344, 0.06687500000000002], [0.0, 0.0, 0.0, 1.0]]","[[-0.45611551327207844, -0.08117313401707471, -0.8862107880557506, 0.33429513795877464], [-0.006458775712464608, 0.9961070447737388, -0.08791495645465963, -0.21514072274815865], [0.8898971416792194, -0.034375538773590904, -0.4548641550674011, 0.08430400417950484], [0.0, 0.0, 0.0, 1.0]]"
2.433333333333333,-27.52930626107359,22.182857867482923,8.978565409285023,-127.00000467246183,0.27852860432906734,42.49926067632773,30.66788746772117,-27.52930626107359,-22.182857867482923,-8.978565409285023,-127.00000467246183,-0.27852860432906734,42.49926067632773,-30.66788746772117,"[[-0.3338068592337708, -0.0, -0.9426414910921785, 0.3], [0.0, 1.0, -0.0, 0.22], [0.9426414910921785, 0.0, -0.3338068592337708, 0.06916666666666671], [0.0, 0.0, 0.0, 1.0]]","[[-0.46280719258233044, 0.08148142130966414, -0.8827062254654255, 0.3336407772228789], [0.006547129168701385, 0.996053622313015, 0.08851167480490771, 0.2150269437482541], [0.8864347903786888, 0.03518464805108054, -0.4615142499943112, 0.0868779284436233], [0.0, 0.0, 0.0, 1.0]]","[[-0.3338068592337708, -0.0, -0.9426414910921785, 0.3], [0.0, 1.0, -0.0, -0.22], [0.9426414910921785, 0.0, -0.3338068592337708, 0.06916666666666671], [0.0, 0.0, 0.0, 1.0]]","[[-0.45611551327207844, -0.08117313401707471, -0.8862107880557506, 0.33429513795877464], [-0.006458775712464608, 0.9961070447737388, -0.08791495645465963, -0.21514072274815865], [0.8898971416792194, -0.034375538773590904, -0.4548641550674011, 0.08430400417950484], [0.0, 0.0, 0.0, 1.0]]"
2.4416666666666664,-27.929548516247166,22.317634575280202,9.027155375040495,-127.00000467246183,0.254801007400119,42.49938020463821,30.704937828873902,-27.929548516247166,-22.317634575280202,-9.027155375040495,-127.00000467246183,-0.254801007400119,42.49938020463821,-30.704937828873902,"[[-0.33996923973099424, -0.0, -0.9404365560933547, 0.3], [0.0, 0.9999999999999999, -0.0, 0.22], [0.9404365560933547, 0.0, -0.33996923973099424, 0.07145833333333351], [0.0, 0.0, 0.0, 1.0]]","[[-0.46945355699867264, 0.08177074631717746, -0.879162614575953, 0.3329691990653973], [0.006633932280333696, 0.9960009965129877, 0.08909548747066454, 0.21491260509097831], [0.8829322447185819, 0.035993888257136154, -0.46811867218082526, 0.08943683536340408], [0.0, 0.0, 0.0, 1.0]]","[[-0.33996923973099424, -0.0, -0.9404365560933547, 0.3], [0.0, 0.9999999999999999, -0.0, -0.22], [0.9404365560933547, 0.0, -0.33996923973099424, 0.07145833333333351], [0.0, 0.0, 0.0, 1.0]]","[[-0.4694542362199355, -0.08176868128017356, -0.8791624439526854, 0.3329691655520512], [-0.006633598132578543, 0.9960011893561846, -0.08909335652494663, -0.2149126137105843], [0.8829318860880339, -0.035993243293251494, -0.4681193981947985, 0.08943681554164948], [0.0, 0.0, 0.0, 1.0]]"
2.45,-28.32849303547844,22.452032207578544,9.074304170881092,-127.00000467246183,0.23253528439696505,42.49948607257034,30.740567510679274,-28.32849303547844,-22.452032207578544,-9.074304170881092,-127.00000467246183,-0.23253528439696505,42.49948607257034,-30.740567510679274,"[[-0.34611705707749313, -0.0, -0.9381913359224842, 0.3], [0.0, 1.0, -0.0, 0.22], [0.9381913359224842, 0.0, -0.34611705707749313, 0.0737500000000001], [0.0, 0.0, 0.0, 1.0]]","[[-0.47605296533928404, 0.08204285749653499, -0.87558126049241, 0.3322807984164946], [0.0067194446413476605, 0.9959490368040544, 0.08966808324475348, 0.2147977683910018], [0.8793909388067325, 0.0368033371160745, -0.4746757747365396, 0.09198031433136172], [0.0, 0.0, 0.0, 1.0]]","[[-0.34611705707749313, -0.0, -0.9381913359224842, 0.3], [0.0, 1.0, -0.0, -0.22], [0.9381913359224842, 0.0, -0.34611705707749313, 0.0737500000000001], [0.0, 0.0, 0.0, 1.0]]","[[-0.4694542362199355, -0.08176868128017356, -0.8791624439526854, 0.3329691655520512], [-0.006633598132578543, 0.9960011893561846, -0.08909335652494663, -0.2149126137105843], [0.8829318860880339, -0.035993243293251494, -0.4681193981947985, 0.08943681554164948], [0.0, 0.0, 0.0, 1.0]]"
2.4583333333333335,-28.72608859234864,22.58602515116856,9.120017773222342,-127.00000467246183,0.21175418038315003,42.49957144993497,30.7747491923806,-28.72608859234864,-22.58602515116856,-9.120017773222342,-127.00000467246183,-0.21175418038315003,42.49957144993497,-30.7747491923806,"[[-0.35225004792123343, -0.0, -0.9359059267573256, 0.3], [0.0, 1.0, -0.0, 0.22], [0.9359059267573256, 0.0, -0.35225004792123343, 0.07604166666666679], [0.0, 0.0, 0.0, 1.0]]","[[-0.48260470088860596, 0.08229746724454942, -0.8719632042496702, 0.3315759296733424], [0.006803485995379825, 0.9958977952749116, 0.09022911916272605, 0.21468250961864088], [0.8758118606518929, 0.03761260761637062, -0.4811848672701241, 0.09450797753627782], [0.0, 0.0, 0.0, 1.0]]","[[-0.35225004792123343, -0.0, -0.9359059267573256, 0.3], [0.0, 1.0, -0.0, -0.22], [0.9359059267573256, 0.0, -0.35225004792123343, 0.07604166666666679], [0.0, 0.0, 0.0, 1.0]]","[[-0.4826053769059469, -0.08229541372412064, -0.8719630239072323, 0.33157589598477666], [-0.006803153143854192, 0.9958979904682208, -0.09022698980161584, -0.2146825180224975], [0.8758114907266118, -0.03761193243287875, -0.4811855933523928, 0.09450795747672205], [0.0, 0.0, 0.0, 1.0]]"
2.466666666666667,-29.122287375533567,22.71958267019899,9.164302158479765,-127.00000467246183,0.19247937320516081,42.499646582015835,30.80746238341038,-29.122287375533567,-22.71958267019899,-9.164302158479765,-127.00000467246183,-0.19247937320516081,42.499646582015835,-30.80746238341038,"[[-0.3583679495453004, -0.0, -0.9335804264972017, 0.3], [0.0, 1.0, -0.0, 0.22], [0.9335804264972017, 0.0, -0.3583679495453004, 0.07833333333333348], [0.0, 0.0, 0.0, 1.0]]","[[-0.4891078538081697, 0.08253428727120622, -0.8683096214875197, 0.3308549675846538], [0.0068860588315834, 0.9958473342529071, 0.09077813093001039, 0.2145669050104453], [0.872196130200618, 0.03842106565430145, -0.4876450883347989, 0.09701943006813932], [0.0, 0.0, 0.0, 1.0]]","[[-0.3583679495453004, -0.0, -0.9335804264972017, 0.3], [0.0, 1.0, -0.0, -0.22], [0.9335804264972017, 0.0, -0.3583679495453004, 0.07833333333333348], [0.0, 0.0, 0.0, 1.0]]","[[-0.4826053769059469, -0.08229541372412064, -0.8719630239072323, 0.33157589598477666], [-0.006803153143854192, 0.9958979904682208, -0.09022698980161584, -0.2146825180224975], [0.8758114907266118, -0.03761193243287875, -0.4811855933523928, 0.09450795747672205], [0.0, 0.0, 0.0, 1.0]]"
2.475,-29.51704157370904,22.852679151460443,9.207164156842534,-127.00000467246183,0.17473159355434548,42.499708053718365,30.83867976301192,-29.51704157370904,-22.852679151460443,-9.207164156842534,-127.00000467246183,-0.17473159355434548,42.499708053718365,-30.83867976301192,"[[-0.36447049987914965, -0.0, -0.9312149347588037, 0.3], [0.0, 1.0, -0.0, 0.22], [0.9312149347588037, 0.0, -0.36447049987914965, 0.08062500000000006], [0.0, 0.0, 0.0, 1.0]]","[[-0.49556174481951887, 0.08275304545309722, -0.8646215880601593, 0.33011828082146394], [0.006966968115668312, 0.9957977065299715, 0.09131477988214275, 0.21445102590717305], [0.8685447705367348, 0.039228320610071324, -0.494055786764414, 0.09951431166177588], [0.0, 0.0, 0.0, 1.0]]","[[-0.36447049987914965, -0.0, -0.9312149347588037, 0.3], [0.0, 1.0, -0.0, -0.22], [0.9312149347588037, 0.0, -0.36447049987914965, 0.08062500000000006], [0.0, 0.0, 0.0, 1.0]]","[[-0.48910852812523914, -0.08253223962276818, -0.868309436282949, 0.3308549338154508], [-0.006885726611031519, 0.9958475305835819, -0.09077600233332804, -0.21456691331239525], [0.8721957546813678, -0.03842037549832407, -0.4876458143595283, 0.0970194098796987], [0.0, 0.0, 0.0, 1.0]]"
2.4833333333333334,-29.910303375550864,22.985285566648948,9.248611452273465,-127.00000467246183,0.15853057160606035,42.49975928013714,30.86838084061772,-29.910303375550864,-22.985285566648948,-9.248611452273465,-127.00000467246183,-0.15853057160606035,42.49975928013714,-30.86838084061772,"[[-0.3705574375098362, -0.0, -0.9288095528719241, 0.3], [0.0, 1.0, -0.0, 0.22], [0.9288095528719241, 0.0, -0.3705574375098362, 0.08291666666666675], [0.0, 0.0, 0.0, 1.0]]","[[-0.501965600813471, 0.0829535122203789, -0.8609002557847656, 0.32936625289224986], [0.0070461738273070035, 0.9957489691217576, 0.091838673375395, 0.2143349456123909], [0.8648588827284869, 0.04003380200855974, -0.5004162344112877, 0.10199225507177057], [0.0, 0.0, 0.0, 1.0]]","[[-0.3705574375098362, -0.0, -0.9288095528719241, 0.3], [0.0, 1.0, -0.0, -0.22], [0.9288095528719241, 0.0, -0.3705574375098362, 0.08291666666666675], [0.0, 0.0, 0.0, 1.0]]","[[-0.5019662715383619, -0.08295147653337663, -0.860900060854225, 0.32936621897573704], [-0.007045842832966803, 0.9957491676478416, -0.09183654625150162, -0.21433495372235117], [0.8648584961348584, -0.04003308218915616, -0.5004169601380308, 0.10199223460649023], [0.0, 0.0, 0.0, 1.0]]"
2.4916666666666667,-30.30203179992402,23.11737801010241,9.288652582509018,-127.00000467246183,0.1438951037207362,42.499803676366746,30.896545125660268,-30.30203179992402,-23.11737801010241,-9.288652582509018,-127.00000467246183,-0.1438951037207362,42.499803676366746,-30.896545125660268,"[[-0.3766285016932108, -0.0, -0.9263643838751181, 0.3], [0.0, 1.0, -0.0, 0.22], [0.9263643838751181, 0.0, -0.3766285016932108, 0.08520833333333344], [0.0, 0.0, 0.0, 1.0]]","[[-0.5083187885536778, 0.08313545039493192, -0.8571467237824301, 0.3285992599634559], [0.007123572114606028, 0.9957011778477681, 0.0923494404579438, 0.21421873643756226], [0.8611395147847122, 0.040837009197529556, -0.5067258378612162, 0.10445294737002103], [0.0, 0.0, 0.0, 1.0]]","[[-0.3766285016932108, -0.0, -0.9263643838751181, 0.3], [0.0, 1.0, -0.0, -0.22], [0.9263643838751181, 0.0, -0.3766285016932108, 0.08520833333333344], [0.0, 0.0, 0.0, 1.0]]","[[-0.5019662715383619, -0.08295147653337663, -0.860900060854225, 0.32936621897573704], [-0.007045842832966803, 0.9957491676478416, -0.09183654625150162, -0.21433495372235117], [0.8648584961348584, -0.04003308218915616, -0.5004169601380308, 0.10199223460649023], [0.0, 0.0, 0.0, 1.0]]"
2.5,-30.69217562040973,23.248929161064147,9.327296939059304,-127.00000467246183,0.1308430124232385,42.4998378273126,30.92314871247747,-30.69217562040973,-23.248929161064147,-9.327296939059304,-127.00000467246183,-0.1308430124232385,42.4998378273126,-30.92314871247747,"[[-0.3826834323650897, -0.0, -0.9238795325112868, 0.3], [0.0, 1.0, -0.0, 0.22], [0.9238795325112868, 0.0, -0.3826834323650897, 0.08750000000000002], [0.0, 0.0, 0.0, 1.0]]","[[-0.5146206259116848, 0.08329864334990965, -0.8533621431738875, 0.32781769778226777], [0.007199006340526393, 0.9956543853873134, 0.09284675097557327, 0.2141024729022169], [0.8573877685703096, 0.04163749362144183, -0.5129839504613662, 0.10689603044059562], [0.0, 0.0, 0.0, 1.0]]","[[-0.3826834323650897, -0.0, -0.9238795325112868, 0.3], [0.0, 1.0, -0.0, -0.22], [0.9238795325112868, 0.0, -0.3826834323650897, 0.08750000000000002], [0.0, 0.0, 0.0, 1.0]]","[[-0.5146212927961471, -0.08329661990108328, -0.8533619385195692, 0.3278176637370185], [-0.007198676523098302, 0.995654585997888, -0.09284462524933844, -0.2141024808357823], [0.8573873710623094, -0.04163674452246187, -0.5129846756467811, 0.10689600967421706], [0.0, 0.0, 0.0, 1.0]]"
2.5083333333333333,-31.080700686062155,23.379913406324775,9.364553913434431,-127.00000467246183,0.11939119976372042,42.499865148069276,30.948174525596396,-31.080700686062155,-23.379913406324775,-9.364553913434431,-127.00000467246183,-0.11939119976372042,42.499865148069276,-30.948174525596396,"[[-0.38872197015239557, -0.0, -0.9213551052231925, 0.3], [0.0, 1.0, -0.0, 0.22], [0.9213551052231925, 0.0, -0.38872197015239557, 0.08979166666666671], [0.0, 0.0, 0.0, 1.0]]","[[-0.5208705964767864, 0.08344295126856388, -0.8495475828989852, 0.32702194482984276], [0.007272470710033729, 0.9956086437007983, 0.09333027246305425, 0.21398621414960808], [0.853604670146367, 0.04243468477375925, -0.5191901045209386, 0.10932123872083498], [0.0, 0.0, 0.0, 1.0]]","[[-0.38872197015239557, -0.0, -0.9213551052231925, 0.3], [0.0, 1.0, -0.0, -0.22], [0.9213551052231925, 0.0, -0.38872197015239557, 0.08979166666666671], [0.0, 0.0, 0.0, 1.0]]","[[-0.5208712613506952, -0.08344093403767375, -0.8495473733852967, 0.3270219107271548], [-0.007272141461934743, 0.9956088453102769, -0.09332814740738618, -0.2139862220007513], [0.8536042672441919, -0.04243392118173586, -0.519190829344711, 0.10932121779524934], [0.0, 0.0, 0.0, 1.0]]"
2.5166666666666666,-31.46755918555709,23.51031025531678,9.400435458465447,-127.00000467246183,0.1095556339774095,42.49988563863678,30.971605489544125,-31.46755918555709,-23.51031025531678,-9.400435458465447,-127.00000467246183,-0.1095556339774095,42.49988563863678,-30.971605489544125,"[[-0.3947438563842669, -0.0, -0.9187912101488984, 0.3], [0.0, 1.0, -0.0, 0.22], [0.9187912101488984, 0.0, -0.3947438563842669, 0.0920833333333334], [0.0, 0.0, 0.0, 1.0]]","[[-0.5270680867658764, 0.083568151391466, -0.8457042012346704, 0.3262123999509277], [0.007343806735523796, 0.9955640081241066, 0.09379964941563197, 0.2138700477747373], [0.8497913275714163, 0.04322811354751917, -0.5253437253680042, 0.1117282588189948], [0.0, 0.0, 0.0, 1.0]]","[[-0.3947438563842669, -0.0, -0.9187912101488984, 0.3], [0.0, 1.0, -0.0, -0.22], [0.9187912101488984, 0.0, -0.3947438563842669, 0.0920833333333334], [0.0, 0.0, 0.0, 1.0]]","[[-0.527068749570586, -0.08356614044178624, -0.8457039868640582, 0.32621236579538193], [-0.007343478043679824, 0.995564210702602, -0.09379752501173833, -0.21387005554726157], [0.8497909193185825, -0.04322733556176397, -0.5253444497697769, 0.11172823772866186], [0.0, 0.0, 0.0, 1.0]]"
2.525,-31.85271355285411,23.640092387283484,9.434951819436106,-127.00000467246183,0.10135141618567382,42.49990271410971,30.99342452884773,-31.85271355285411,-23.640092387283484,-9.434951819436106,-127.00000467246183,-0.10135141618567382,42.49990271410971,-30.99342452884773,"[[-0.40074883310314074, -0.0, -0.9161879571171361, 0.3], [0.0, 1.0, -0.0, 0.22], [0.9161879571171361, 0.0, -0.40074883310314074, 0.0943750000000001], [0.0, 0.0, 0.0, 1.0]]","[[-0.5332125562718503, 0.0836741323529503, -0.8418331244427367, 0.3253894594080414], [0.007412999879794019, 0.9955205297134945, 0.0942545614373429, 0.21375403209741542], [0.8459488266241767, 0.04401720679398713, -0.5314443228027131, 0.11411681717577737], [0.0, 0.0, 0.0, 1.0]]","[[-0.40074883310314074, -0.0, -0.9161879571171361, 0.3], [0.0, 1.0, -0.0, -0.22], [0.9161879571171361, 0.0, -0.40074883310314074, 0.0943750000000001], [0.0, 0.0, 0.0, 1.0]]","[[-0.5332132169499088, -0.08367212774578733, -0.8418329052183825, 0.3253894252041943], [-0.007412671730954404, 0.9955207332304828, -0.09425243766635841, -0.21375403979509502], [0.8459484130653231, -0.0440164145147502, -0.5314450467221677, 0.11411679591532328], [0.0, 0.0, 0.0, 1.0]]"
2.533333333333333,-32.23612622191278,23.76923931165738,9.468114949177457,-127.00000467246183,0.09479275371559552,42.49991295939347,31.013611152939703,-32.23612622191278,-23.76923931165738,-9.468114949177457,-127.00000467246183,-0.09479275371559552,42.49991295939347,-31.013611152939703,"[[-0.40673664307579993, -0.0, -0.913545457642601, 0.3], [0.0, 1.0, -0.0, 0.22], [0.913545457642601, 0.0, -0.40673664307579993, 0.09666666666666668], [0.0, 0.0, 0.0, 1.0]]","[[-0.539303609115193, 0.08376073805818951, -0.8379354127588082, 0.3245535120988233], [0.007479864756303696, 0.9954782559107813, 0.0946947391994731, 0.21363823315169034], [0.8420781845045947, 0.0448015710525444, -0.5374915352009457, 0.11648667098796564], [0.0, 0.0, 0.0, 1.0]]","[[-0.40673664307579993, -0.0, -0.913545457642601, 0.3], [0.0, 1.0, -0.0, -0.22], [0.913545457642601, 0.0, -0.40673664307579993, 0.09666666666666668], [0.0, 0.0, 0.0, 1.0]]","[[-0.5332132169499088, -0.08367212774578733, -0.8418329052183825, 0.3253894252041943], [-0.007412671730954404, 0.9955207332304828, -0.09425243766635841, -0.21375403979509502], [0.8459484130653231, -0.0440164145147502, -0.5314450467221677, 0.11411679591532328], [0.0, 0.0, 0.0, 1.0]]"
2.5416666666666665,-32.61775962669265,23.897730537870952,9.499937654294193,-127.00000467246183,0.0898929934505039,42.49992320467722,31.032151701441702,-32.61775962669265,-23.897730537870952,-9.499937654294193,-127.00000467246183,-0.0898929934505039,42.49992320467722,-31.032151701441702,"[[-0.41270702980439467, -0.0, -0.9108638249211758, 0.3], [0.0, 1.0, -0.0, 0.22], [0.9108638249211758, 0.0, -0.41270702980439467, 0.09895833333333337], [0.0, 0.0, 0.0, 1.0]]","[[-0.5453407287729973, 0.08382780379893096, -0.834012223442549, 0.32370495954692646], [0.007544311906156002, 0.9954372416866853, 0.09511982559417642, 0.21352272692420493], [0.8381805133139274, 0.045580666663091324, -0.5434848939274665, 0.11883757269430772], [0.0, 0.0, 0.0, 1.0]]","[[-0.41270702980439467, -0.0, -0.9108638249211758, 0.3], [0.0, 1.0, -0.0, -0.22], [0.9108638249211758, 0.0, -0.41270702980439467, 0.09895833333333337], [0.0, 0.0, 0.0, 1.0]]","[[-0.5453413850299595, -0.0838258120529482, -0.8340119945224225, 0.32370492525998695], [-0.0075439848026554665, 0.9954374469865466, -0.09511770303263063, -0.21352273448336753], [0.8381800892808793, -0.04557984610077363, -0.5434856167025279, 0.11883755107818222], [0.0, 0.0, 0.0, 1.0]]"
2.55,-32.99757620115331,24.025540452714814,9.530432741391007,-127.00000467246183,0.08666464851040184,42.49993003486639,31.049035929069973,-32.99757620115331,-24.025540452714814,-9.530432741391007,-127.00000467246183,-0.08666464851040184,42.49993003486639,-31.049035929069973,"[[-0.4186597375374277, -0.0, -0.9081431738250815, 0.3], [0.0, 1.0, -0.0, 0.22], [0.9081431738250815, 0.0, -0.4186597375374277, 0.10125000000000006], [0.0, 0.0, 0.0, 1.0]]","[[-0.5453407287729973, 0.08382780379893096, -0.834012223442549, 0.32370495954692646], [0.007544311906156002, 0.9954372416866853, 0.09511982559417642, 0.21352272692420493], [0.8381805133139274, 0.045580666663091324, -0.5434848939274665, 0.11883757269430772], [0.0, 0.0, 0.0, 1.0]]","[[-0.4186597375374277, -0.0, -0.9081431738250815, 0.3], [0.0, 1.0, -0.0, -0.22], [0.9081431738250815, 0.0, -0.4186597375374277, 0.10125000000000006], [0.0, 0.0, 0.0, 1.0]]","[[-0.5513241667432449, -0.08387335382882694, -0.8300644093577143, 0.3228441681041682], [-0.007606074791358351, 0.9953977368504261, -0.09552744683764094, -0.21340757815494255], [0.8342564418637324, -0.046353058049652555, -0.549424774849397, 0.1211692618065609], [0.0, 0.0, 0.0, 1.0]]"
2.558333333333333,-33.37554179434889,24.15265368826334,9.559614724619886,-127.00000467246183,0.085119411592179,42.49993003486639,31.064243345257008,-33.37554179434889,-24.15265368826334,-9.559614724619886,-127.00000467246183,-0.085119411592179,42.49993003486639,-31.064243345257008,"[[-0.42459451128071285, -0.0, -0.9053836208979553, 0.3], [0.0, 1.0, -0.0, 0.22], [0.9053836208979553, 0.0, -0.42459451128071285, 0.10354166666666664], [0.0, 0.0, 0.0, 1.0]]","[[-0.5572516874012066, 0.08390316820242119, -0.8260937085186549, 0.3219716293914553], [0.007665855376233807, 0.9953591691847605, 0.09592371438374395, 0.21329283597762316], [0.8303082509224263, 0.047120936805412045, -0.5553087661515184, 0.12348161150496849], [0.0, 0.0, 0.0, 1.0]]","[[-0.42459451128071285, -0.0, -0.9053836208979553, 0.3], [0.0, 1.0, -0.0, -0.22], [0.9053836208979553, 0.0, -0.42459451128071285, 0.10354166666666664], [0.0, 0.0, 0.0, 1.0]]","[[-0.5572523390217444, -0.08390118953972864, -0.8260934699225103, 0.3219715950391412], [-0.00766552926257965, 0.9953593761379737, -0.09592159295668921, -0.21329284341290353], [0.8303078166053356, -0.04712008837048977, -0.555309487543692, 0.12348158951368152], [0.0, 0.0, 0.0, 1.0]]"
2.5666666666666664,-33.751622255333544,24.279046338854425,9.587497264359172,-127.00000467246183,0.08526818832014496,42.49993003486639,31.077767119813632,-33.751622255333544,-24.279046338854425,-9.587497264359172,-127.00000467246183,-0.08526818832014496,42.49993003486639,-31.077767119813632,"[[-0.43051109680829525, -0.0, -0.9025852843498606, 0.3], [0.0, 1.0, -0.0, 0.22], [0.9025852843498606, 0.0, -0.43051109680829525, 0.10583333333333345], [0.0, 0.0, 0.0, 1.0]]","[[-0.5631248011167322, 0.0839112747954975, -0.8221005755559571, 0.3210876490298975], [0.007722750353249902, 0.9953222065561866, 0.09630194319485708, 0.21317858563565134], [0.8263357776922301, 0.047881135098476996, -0.561138645441088, 0.12577433964572401], [0.0, 0.0, 0.0, 1.0]]","[[-0.43051109680829525, -0.0, -0.9025852843498606, 0.3], [0.0, 1.0, -0.0, -0.22], [0.9025852843498606, 0.0, -0.43051109680829525, 0.10583333333333345], [0.0, 0.0, 0.0, 1.0]]","[[-0.5631254503414306, -0.08390930275298672, -0.8221003321306157, 0.32108761465140534], [-0.007722424713271905, 0.9953224142860305, -0.09629982230708174, -0.213178593014375], [0.8263353383066157, -0.04788027288284065, -0.5611393660529941, 0.1257743174599508], [0.0, 0.0, 0.0, 1.0]]"
2.575,-34.125790263350595,24.40470303656244,9.614094874760847,-127.00000467246183,0.08712109057592249,42.499926619771806,31.08959359236151,-34.125790263350595,-24.40470303656244,-9.614094874760847,-127.00000467246183,-0.08712109057592249,42.499926619771806,-31.08959359236151,"[[-0.4364092406733424, -0.0, -0.8997482840522213, 0.3], [0.0, 1.0, -0.0, 0.22], [0.8997482840522213, 0.0, -0.4364092406733424, 0.10812500000000014], [0.0, 0.0, 0.0, 1.0]]","[[-0.5689426856518587, 0.08389960227166159, -0.8180862284514436, 0.3201926425320905], [0.007776943124486624, 0.9952866833427949, 0.09666404251911712, 0.21306487798679213], [0.8223404037251782, 0.0486340898871993, -0.5669135610496145, 0.1280473225417516], [0.0, 0.0, 0.0, 1.0]]","[[-0.4364092406733424, -0.0, -0.8997482840522213, 0.3], [0.0, 1.0, -0.0, -0.22], [0.8997482840522213, 0.0, -0.4364092406733424, 0.10812500000000014], [0.0, 0.0, 0.0, 1.0]]","[[-0.568943332430601, -0.08389763689928406, -0.8180859802034739, 0.32019260813168626], [-0.007776617943795028, 0.9952868918152287, -0.09666192215209524, -0.21306488531249151], [0.8223399593210334, -0.04863321399514292, -0.5669142808224041, 0.12804730015709295], [0.0, 0.0, 0.0, 1.0]]"
2.5833333333333335,-34.49800825235961,24.52960499836717,9.639423777524193,-127.00000467246183,0.09068749652940712,42.49992320467722,31.099712517616883,-34.49800825235961,-24.52960499836717,-9.639423777524193,-127.00000467246183,-0.09068749652940712,42.49992320467722,-31.099712517616883,"[[-0.4422886902190012, -0.0, -0.8968727415326885, 0.3], [0.0, 1.0, -0.0, 0.22], [0.8968727415326885, 0.0, -0.4422886902190012, 0.11041666666666683], [0.0, 0.0, 0.0, 1.0]]","[[-0.5747049524439909, 0.08386806550099903, -0.8140518197421281, 0.3192870212738682], [0.007828342509766675, 0.9952526483962634, 0.09700970525557684, 0.21295178961436842], [0.8183232458447579, 0.04937928157987165, -0.5726331739087038, 0.13030035597800604], [0.0, 0.0, 0.0, 1.0]]","[[-0.4422886902190012, -0.0, -0.8968727415326885, 0.3], [0.0, 1.0, -0.0, -0.22], [0.8968727415326885, 0.0, -0.4422886902190012, 0.11041666666666683], [0.0, 0.0, 0.0, 1.0]]","[[-0.568943332430601, -0.08389763689928406, -0.8180859802034739, 0.32019260813168626], [-0.007776617943795028, 0.9952868918152287, -0.09666192215209524, -0.21306488531249151], [0.8223399593210334, -0.04863321399514292, -0.5669142808224041, 0.12804730015709295], [0.0, 0.0, 0.0, 1.0]]"
2.591666666666667,-34.868252316698495,24.6537334412484,9.66349763302755,-127.00000467246183,0.09597603729855395,42.49991295939347,31.108113650295998,-34.868252316698495,-24.6537334412484,-9.66349763302755,-127.00000467246183,-0.09597603729855395,42.49991295939347,-31.108113650295998,"[[-0.44814919358922245, -0.0, -0.8939587799699322, 0.3], [0.0, 1.0, -0.0, 0.22], [0.8939587799699322, 0.0, -0.44814919358922245, 0.11270833333333341], [0.0, 0.0, 0.0, 1.0]]","[[-0.5804115157901603, 0.08381674732447275, -0.8099982871624569, 0.3183711644755767], [0.007876925556006865, 0.9952201330840981, 0.09733879364290116, 0.2128393582972412], [0.8142852242193479, 0.050116260554990126, -0.5782974442672478, 0.13253331831266654], [0.0, 0.0, 0.0, 1.0]]","[[-0.44814919358922245, -0.0, -0.8939587799699322, 0.3], [0.0, 1.0, -0.0, -0.22], [0.8939587799699322, 0.0, -0.44814919358922245, 0.11270833333333341], [0.0, 0.0, 0.0, 1.0]]","[[-0.5804121575318872, -0.08381479543466441, -0.8099980292910751, 0.31837113004386697], [-0.007876601250136707, 0.9952203429373456, -0.0973366742621638, -0.21283936552730442], [0.8142847699312117, -0.05011535762535865, -0.5782981621863901, 0.13253329551765244], [0.0, 0.0, 0.0, 1.0]]"
2.6,-35.23649172051598,24.777071289733197,9.686335224291133,-127.00000467246183,0.10299465031023046,42.49989929901513,31.1147867451151,-35.23649172051598,-24.777071289733197,-9.686335224291133,-127.00000467246183,-0.10299465031023046,42.49989929901513,-31.1147867451151,"[[-0.45399049973954675, -0.0, -0.8910065241883679, 0.3], [0.0, 1.0, -0.0, 0.22], [0.8910065241883679, 0.0, -0.45399049973954675, 0.1150000000000001], [0.0, 0.0, 0.0, 1.0]]","[[-0.5860621258770136, 0.08374556904305078, -0.8059267114807471, 0.3174454690574785], [0.007922597668607465, 0.9951891852455805, 0.09765100110300652, 0.2127276624898601], [0.8102273860211695, 0.05084452021500076, -0.5839061720048946, 0.13474606124532854], [0.0, 0.0, 0.0, 1.0]]","[[-0.45399049973954675, -0.0, -0.8910065241883679, 0.3], [0.0, 1.0, -0.0, -0.22], [0.8910065241883679, 0.0, -0.45399049973954675, 0.1150000000000001], [0.0, 0.0, 0.0, 1.0]]","[[-0.5804121575318872, -0.08381479543466441, -0.8099980292910751, 0.31837113004386697], [-0.007876601250136707, 0.9952203429373456, -0.0973366742621638, -0.21283936552730442], [0.8142847699312117, -0.05011535762535865, -0.5782981621863901, 0.13253329551765244], [0.0, 0.0, 0.0, 1.0]]"
2.6083333333333334,-35.60269914305538,24.899606590990516,9.707950211693285,-127.00000467246183,0.11175057263010996,42.4998822235422,31.119728386979606,-35.60269914305538,-24.899606590990516,-9.707950211693285,-127.00000467246183,-0.11175057263010996,42.4998822235422,-31.119728386979606,"[[-0.4598123584478598, -0.0, -0.8880161006528073, 0.3], [0.0, 1.0, -0.0, 0.22], [0.8880161006528073, 0.0, -0.4598123584478598, 0.1172916666666668], [0.0, 0.0, 0.0, 1.0]]","[[-0.5916566054320653, 0.08365457744070609, -0.8018381213947253, 0.31651032560745546], [0.007965299027263027, 0.9951598396249828, 0.09794614647337924, 0.21261675316663595], [0.8061507397875484, 0.051563604129223596, -0.5894592262991505, 0.13693845905100033], [0.0, 0.0, 0.0, 1.0]]","[[-0.4598123584478598, -0.0, -0.8880161006528073, 0.3], [0.0, 1.0, -0.0, -0.22], [0.8880161006528073, 0.0, -0.4598123584478598, 0.1172916666666668], [0.0, 0.0, 0.0, 1.0]]","[[-0.586062765030199, -0.08374362396214516, -0.805926448809595, 0.3174454346162295], [-0.0079222737779579, 0.9951893957361186, -0.09764888218800297, -0.21272766967721332], [0.8102269268688524, -0.05084360392484219, -0.5839068889100292, 0.13474603823914058], [0.0, 0.0, 0.0, 1.0]]"
2.6166666666666667,-35.9668540937492,25.021322269547436,9.728361378254222,-127.00000467246183,0.12225038098331123,42.499858317880104,31.122928330605756,-35.9668540937492,-25.021322269547436,-9.728361378254222,-127.00000467246183,-0.12225038098331123,42.499858317880104,-31.122928330605756,"[[-0.46561452032511136, -0.0, -0.8849876374630418, 0.3], [0.0, 0.9999999999999998, -0.0, 0.22], [0.8849876374630418, 0.0, -0.46561452032511136, 0.11958333333333337], [0.0, 0.0, 0.0, 1.0]]","[[-0.5971949433336521, 0.08354380493209013, -0.7977334343715229, 0.3155661046919082], [0.008004982624488836, 0.9951321324162956, 0.09822402601083775, 0.21250668713994036], [0.8020561825146025, 0.052273049366427585, -0.5949566441347112, 0.13911043460439682], [0.0, 0.0, 0.0, 1.0]]","[[-0.46561452032511136, -0.0, -0.8849876374630418, 0.3], [0.0, 0.9999999999999998, -0.0, -0.22], [0.8849876374630418, 0.0, -0.46561452032511136, 0.11958333333333337], [0.0, 0.0, 0.0, 1.0]]","[[-0.5971955771761923, -0.08354187359550691, -0.7977331621271281, 0.3155660702434646], [-0.00800465951934156, 0.9951323440729336, -0.0982219079731609, -0.21250669425185814], [0.8020557137924859, -0.052272106673263305, -0.5949573588390726, 0.13911041116454576], [0.0, 0.0, 0.0, 1.0]]"
2.625,-36.32892583674616,25.14220295747832,9.747584945673223,-127.00000467246183,0.1345000317750382,42.49982758202884,31.12438316089897,-36.32892583674616,-25.14220295747832,-9.747584945673223,-127.00000467246183,-0.1345000317750382,42.49982758202884,-31.12438316089897,"[[-0.47139673682599786, -0.0, -0.8819212643483549, 0.3], [0.0, 1.0, -0.0, 0.22], [0.8819212643483549, 0.0, -0.47139673682599786, 0.12187500000000007], [0.0, 0.0, 0.0, 1.0]]","[[-0.6026769386329283, 0.08341331494910484, -0.7936137136726175, 0.31461320566859774], [0.008041622469138615, 0.9951060990722258, 0.09848443479718717, 0.21239752226774541], [0.797944759960303, 0.05297235579487673, -0.6003982757915245, 0.14126185435910518], [0.0, 0.0, 0.0, 1.0]]","[[-0.47139673682599786, -0.0, -0.8819212643483549, 0.3], [0.0, 1.0, -0.0, -0.22], [0.8819212643483549, 0.0, -0.47139673682599786, 0.12187500000000007], [0.0, 0.0, 0.0, 1.0]]","[[-0.6026775697559569, -0.08341139054452035, -0.7936134366557078, 0.31461317122232946], [-0.008041299734015468, 0.9951063112568158, -0.09848231717136399, -0.21239752934683212], [0.797944286533616, -0.052971400059682344, -0.6003989893096721, 0.141261830697038], [0.0, 0.0, 0.0, 1.0]]"
2.6333333333333333,-36.688893881478755,25.262236701952126,9.765637989423212,-127.00000467246183,0.1485048277400469,42.4997900159884,31.124086047670072,-36.688893881478755,-25.262236701952126,-9.765637989423212,-127.00000467246183,-0.1485048277400469,42.4997900159884,-31.124086047670072,"[[-0.4771587602596085, -0.0, -0.8788171126619653, 0.3], [0.0, 1.0, -0.0, 0.22], [0.8788171126619653, 0.0, -0.4771587602596085, 0.12416666666666676], [0.0, 0.0, 0.0, 1.0]]","[[-0.6081025607077899, 0.08326313952147332, -0.7894799080772459, 0.31365200155993317], [0.008075123683590556, 0.9950817731589381, 0.09872718523465945, 0.21228931203975643], [0.7938174022016169, 0.05366110624923526, -0.6057841345215182, 0.14339265094777515], [0.0, 0.0, 0.0, 1.0]]","[[-0.4771587602596085, -0.0, -0.8788171126619653, 0.3], [0.0, 1.0, -0.0, -0.22], [0.8788171126619653, 0.0, -0.4771587602596085, 0.12416666666666676], [0.0, 0.0, 0.0, 1.0]]","[[-0.6081031890702153, -0.08326122208652831, -0.7894796262977858, 0.3136519671195791], [-0.008074801303223994, 0.9950819858341888, -0.09872506800301677, -0.2122893190892041], [0.7938169241245409, -0.05366013757851022, -0.6057848467967055, 0.14339262706007377], [0.0, 0.0, 0.0, 1.0]]"
2.6416666666666666,-37.04673773737947,25.381411550137802,9.782539292524408,-127.00000467246183,0.1642694913138181,42.499742204664216,31.1220301607299,-37.04673773737947,-25.381411550137802,-9.782539292524408,-127.00000467246183,-0.1642694913138181,42.499742204664216,-31.1220301607299,"[[-0.48290034380003716, -0.0, -0.8756753153753999, 0.3], [0.0, 1.0, -0.0, 0.22], [0.8756753153753999, 0.0, -0.48290034380003716, 0.12645833333333345], [0.0, 0.0, 0.0, 1.0]]","[[-0.6134718387222822, 0.08309332552331528, -0.7853329245283039, 0.31268285938694773], [0.008105395619821786, 0.9950591860563951, 0.0989521035988156, 0.2121821131324318], [0.7896750000199756, 0.054338894893629607, -0.6111142927842472, 0.14550276953092628], [0.0, 0.0, 0.0, 1.0]]","[[-0.48290034380003716, -0.0, -0.8756753153753999, 0.3], [0.0, 1.0, -0.0, -0.22], [0.8756753153753999, 0.0, -0.48290034380003716, 0.12645833333333345], [0.0, 0.0, 0.0, 1.0]]","[[-0.6081031890702153, -0.08326122208652831, -0.7894796262977858, 0.3136519671195791], [-0.008074801303223994, 0.9950819858341888, -0.09872506800301677, -0.2122893190892041], [0.7938169241245409, -0.05366013757851022, -0.6057848467967055, 0.14339262706007377], [0.0, 0.0, 0.0, 1.0]]"
2.65,-37.40243691388081,25.499713841657005,9.798305930449738,-127.00000467246183,0.18179818464287736,42.49968414805627,31.11821550007845,-37.40243691388081,-25.499713841657005,-9.798305930449738,-127.00000467246183,-0.18179818464287736,42.49968414805627,-31.11821550007845,"[[-0.48862124149695463, -0.0, -0.8724960070727973, 0.3], [0.0, 1.0, -0.0, 0.22], [0.8724960070727973, 0.0, -0.48862124149695463, 0.12875000000000003], [0.0, 0.0, 0.0, 1.0]]","[[-0.618784740147732, 0.08290401374001774, -0.7811737129896903, 0.3117061529316399], [0.008132480447480946, 0.9950383668797929, 0.09915901975597896, 0.21207597290840652], [0.7855184963589816, 0.05500520832603251, -0.6163887725574946, 0.14759214813171795], [0.0, 0.0, 0.0, 1.0]]","[[-0.48862124149695463, -0.0, -0.8724960070727973, 0.3], [0.0, 1.0, -0.0, -0.22], [0.8724960070727973, 0.0, -0.48862124149695463, 0.12875000000000003], [0.0, 0.0, 0.0, 1.0]]","[[-0.618785362870705, -0.08290211035090228, -0.7811734217165464, 0.31170611851396146], [-0.008132158730384108, 0.9950385804229882, -0.09915690326038155, -0.21207597990792934], [0.7855180091451462, -0.05500421410375435, -0.6163894821778473, 0.14759212378299338], [0.0, 0.0, 0.0, 1.0]]"
2.658333333333333,-37.75597092041526,25.61713333122599,9.812955832445768,-127.00000467246183,0.20109450958479475,42.49961584616457,31.112638650621133,-37.75597092041526,-25.61713333122599,-9.812955832445768,-127.00000467246183,-0.20109450958479475,42.49961584616457,-31.112638650621133,"[[-0.49432120828614434, -0.0, -0.8692793239451438, 0.3], [0.0, 1.0, -0.0, 0.22], [0.8692793239451438, 0.0, -0.49432120828614434, 0.13104166666666672], [0.0, 0.0, 0.0, 1.0]]","[[-0.6240412652338737, 0.08269527368253385, -0.777003211702421, 0.3107222514074717], [0.008156301281975399, 0.9950193452172936, 0.09934775987784583, 0.21197094516367662], [0.7813488171327221, 0.055659629480614516, -0.6216076186883305, 0.14966073712482106], [0.0, 0.0, 0.0, 1.0]]","[[-0.49432120828614434, -0.0, -0.8692793239451438, 0.3], [0.0, 1.0, -0.0, -0.22], [0.8692793239451438, 0.0, -0.49432120828614434, 0.13104166666666672], [0.0, 0.0, 0.0, 1.0]]","[[-0.618785362870705, -0.08290211035090228, -0.7811734217165464, 0.31170611851396146], [-0.008132158730384108, 0.9950385804229882, -0.09915690326038155, -0.21207597990792934], [0.7855180091451462, -0.05500421410375435, -0.6163894821778473, 0.14759212378299338], [0.0, 0.0, 0.0, 1.0]]"
2.6666666666666665,-38.107322681509885,25.73365977356099,9.826508635306366,-127.00000467246183,0.2221615343886115,42.49953046879995,31.105296197263367,-38.107322681509885,-25.73365977356099,-9.826508635306366,-127.00000467246183,-0.2221615343886115,42.49953046879995,-31.105296197263367,"[[-0.4999999999999998, -0.0, -0.8660254037844388, 0.3], [0.0, 1.0, -0.0, 0.22], [0.8660254037844388, 0.0, -0.4999999999999998, 0.13333333333333341], [0.0, 0.0, 0.0, 1.0]]","[[-0.6292415564818759, 0.08246722501288631, -0.7728222437242215, 0.3097315056091231], [0.00817680868951607, 0.995002144644183, 0.09951819910514334, 0.21186708071829882], [0.7771667796528111, 0.05630176686525812, -0.6267710169207961, 0.15170852034536136], [0.0, 0.0, 0.0, 1.0]]","[[-0.4999999999999998, -0.0, -0.8660254037844388, 0.3], [0.0, 1.0, -0.0, -0.22], [0.8660254037844388, 0.0, -0.4999999999999998, 0.13333333333333341], [0.0, 0.0, 0.0, 1.0]]","[[-0.6292421734163549, -0.08246533580114851, -0.7728219430020513, 0.30973147122799033], [-0.00817648757356075, 0.9950023589018107, -0.09951608327698502, -0.2118670876800151], [0.7771662835231734, -0.05630074751756167, -0.6267717236632029, 0.15170849552336602], [0.0, 0.0, 0.0, 1.0]]"
2.675,-38.45647512169177,25.849282923378258,9.838981414504456,-127.00000467246183,0.2450018470556928,42.499428015962394,31.096188140005157,-38.45647512169177,-25.849282923378258,-9.838981414504456,-127.00000467246183,-0.2450018470556928,42.499428015962394,-31.096188140005157,"[[-0.5056573733779843, -0.0, -0.862734385977792, 0.3], [0.0, 1.0, -0.0, 0.22], [0.862734385977792, 0.0, -0.5056573733779843, 0.135625], [0.0, 0.0, 0.0, 1.0]]","[[-0.6343856607034122, 0.08222001135265274, -0.7686317084449906, 0.3087342755427762], [0.008193992141726877, 0.9949867889974062, 0.09967019721768487, 0.2117644224218049], [0.7729732802540309, 0.05693118173550006, -0.6318790616562024, 0.1537354711546438], [0.0, 0.0, 0.0, 1.0]]","[[-0.5056573733779843, -0.0, -0.862734385977792, 0.3], [0.0, 1.0, -0.0, -0.22], [0.862734385977792, 0.0, -0.5056573733779843, 0.135625], [0.0, 0.0, 0.0, 1.0]]","[[-0.6292421734163549, -0.08246533580114851, -0.7728219430020513, 0.30973147122799033], [-0.00817648757356075, 0.9950023589018107, -0.09951608327698502, -0.2118670876800151], [0.7771662835231734, -0.05630074751756167, -0.6267717236632029, 0.15170849552336602], [0.0, 0.0, 0.0, 1.0]]"
2.683333333333333,-38.80341116548798,25.963992535394038,9.8503938068339,-127.00000467246183,0.26961750197887496,42.49930848765192,31.085314478846495,-38.80341116548798,-25.963992535394038,-9.8503938068339,-127.00000467246183,-0.26961750197887496,42.49930848765192,-31.085314478846495,"[[-0.5112930860770519, -0.0, -0.8594064115014527, 0.3], [0.0, 1.0, -0.0, 0.22], [0.8594064115014527, 0.0, -0.5112930860770519, 0.1379166666666667], [0.0, 0.0, 0.0, 1.0]]","[[-0.6394736488939197, 0.08195375809449668, -0.7644324913976933, 0.3077309163056132], [0.008207843253653271, 0.9949733041766893, 0.09980358352706942, 0.21166302376860338], [0.7687692005273229, 0.05754741966335226, -0.6369318729743949, 0.1557415731631107], [0.0, 0.0, 0.0, 1.0]]","[[-0.5112930860770519, -0.0, -0.8594064115014527, 0.3], [0.0, 1.0, -0.0, -0.22], [0.8594064115014527, 0.0, -0.5112930860770519, 0.1379166666666667], [0.0, 0.0, 0.0, 1.0]]","[[-0.6343862746908753, -0.0822181292751667, -0.7686314030159874, 0.30873424118488424], [-0.008193671302835472, 0.994987003553925, -0.09966808169801848, -0.21176442936902304], [0.7729727797499822, -0.05693014998464148, -0.6318797668768259, 0.15373544609169415], [0.0, 0.0, 0.0, 1.0]]"
2.6916666666666664,-39.14812056761477,26.07778348696645,9.860764595314919,-127.00000467246183,0.29601012666417115,42.49916505367935,31.072671798692802,-39.14812056761477,-26.07778348696645,-9.860764595314919,-127.00000467246183,-0.29601012666417115,42.49916505367935,-31.072671798692802,"[[-0.5169068966820273, -0.0, -0.8560416229147715, 0.3], [0.0, 0.9999999999999999, -0.0, 0.22], [0.8560416229147715, 0.0, -0.5169068966820273, 0.1402083333333335], [0.0, 0.0, 0.0, 1.0]]","[[-0.6445057828021771, 0.08166858430208665, -0.7602253207258003, 0.3067217534448703], [0.008218249024187323, 0.994961706843661, 0.09991827809627778, 0.21156292658507603], [0.764555267013137, 0.05815018704046983, -0.6419297464907113, 0.15772686235262864], [0.0, 0.0, 0.0, 1.0]]","[[-0.5169068966820273, -0.0, -0.8560416229147715, 0.3], [0.0, 0.9999999999999999, -0.0, -0.22], [0.8560416229147715, 0.0, -0.5169068966820273, 0.1402083333333335], [0.0, 0.0, 0.0, 1.0]]","[[-0.6445063907963231, -0.08166671657692283, -0.7602250059201168, 0.30672171914289537], [-0.00821792869216599, 0.9949619218797086, -0.09991616314414258, -0.21156293351182612], [0.7645547579282386, -0.058149130801594937, -0.6419304485038166, 0.15772683679964106], [0.0, 0.0, 0.0, 1.0]]"
2.7,-39.49058625259921,26.190645532811743,9.870112562967726,-127.00000467246183,0.3241809484111979,42.498997714044684,31.05826351463866,-39.49058625259921,-26.190645532811743,-9.870112562967726,-127.00000467246183,-0.3241809484111979,42.498997714044684,-31.05826351463866,"[[-0.5224985647159488, -0.0, -0.8526401643540922, 0.3], [0.0, 1.0, -0.0, 0.22], [0.8526401643540922, 0.0, -0.5224985647159488, 0.14250000000000018], [0.0, 0.0, 0.0, 1.0]]","[[-0.6494821338354095, 0.08136467548060397, -0.7560110762499048, 0.30570713950289774], [0.008225252609748747, 0.9949520180009053, 0.10001413447824511, 0.21146417739294238], [0.7603323635411747, 0.05873901139670876, -0.646872804724413, 0.1596913269344472], [0.0, 0.0, 0.0, 1.0]]","[[-0.5224985647159488, -0.0, -0.8526401643540922, 0.3], [0.0, 1.0, -0.0, -0.22], [0.8526401643540922, 0.0, -0.5224985647159488, 0.14250000000000018], [0.0, 0.0, 0.0, 1.0]]","[[-0.6494827387856712, -0.08136281497072709, -0.7560107567749966, 0.3057071052334025], [-0.008224932507415787, 0.994952233217079, -0.10001201978560241, -0.21146418431360828], [0.7603318502500814, -0.0587379430724851, -0.6468735050524959, 0.15969130113256613], [0.0, 0.0, 0.0, 1.0]]"
2.7083333333333335,-39.830794560062955,26.302573550288034,9.878456492812544,-127.00000467246183,0.3541306609110426,42.49880646874792,31.042093041778656,-39.830794560062955,-26.302573550288034,-9.878456492812544,-127.00000467246183,-0.3541306609110426,42.49880646874792,-31.042093041778656,"[[-0.5280678506503679, -0.0, -0.8492021815265789, 0.3], [0.0, 0.9999999999999999, -0.0, 0.22], [0.8492021815265789, 0.0, -0.5280678506503679, 0.14479166666666676], [0.0, 0.0, 0.0, 1.0]]","[[-0.6544028431590594, 0.08104218097140604, -0.7517905850492791, 0.3046874117183984], [0.008228824989603298, 0.9949442568654765, 0.10009101942579654, 0.2113668243522738], [0.7561013194702347, 0.05931349453372792, -0.6517612324015349, 0.1616349845900325], [0.0, 0.0, 0.0, 1.0]]","[[-0.5280678506503679, -0.0, -0.8492021815265789, 0.3], [0.0, 0.9999999999999999, -0.0, -0.22], [0.8492021815265789, 0.0, -0.5280678506503679, 0.14479166666666676], [0.0, 0.0, 0.0, 1.0]]","[[-0.6544034450356422, -0.08104032770103597, -0.7517902609182913, 0.30468737748426505], [-0.00822850510112131, 0.9949444722216179, -0.10008890497676344, -0.21136683126954864], [0.7561008020292562, -0.05931241422969953, -0.6517619309908798, 0.1616349585367884], [0.0, 0.0, 0.0, 1.0]]"
2.716666666666667,-40.168742074911435,26.413559001658864,9.885815167869586,-127.00000467246183,0.38585966437010216,42.49858107250532,31.024156965018204,-40.168742074911435,-26.413559001658864,-9.885815167869586,-127.00000467246183,-0.38585966437010216,42.49858107250532,-31.024156965018204,"[[-0.5336145159156114, -0.0, -0.8457278217039732, 0.3], [0.0, 1.0, -0.0, 0.22], [0.8457278217039732, 0.0, -0.5336145159156114, 0.14708333333333345], [0.0, 0.0, 0.0, 1.0]]","[[-0.6592682961610362, 0.0807013203768383, -0.7475644524496597, 0.3036628702962375], [0.008228942558012098, 0.9949384305521091, 0.10014890870540462, 0.21127089199967786], [0.7518627522236366, 0.05987333546697925, -0.656595450424961, 0.16355791265320585], [0.0, 0.0, 0.0, 1.0]]","[[-0.5336145159156114, -0.0, -0.8457278217039732, 0.3], [0.0, 1.0, -0.0, -0.22], [0.8457278217039732, 0.0, -0.5336145159156114, 0.14708333333333345], [0.0, 0.0, 0.0, 1.0]]","[[-0.6544034450356422, -0.08104032770103597, -0.7517902609182913, 0.30468737748426505], [-0.00822850510112131, 0.9949444722216179, -0.10008890497676344, -0.21136683126954864], [0.7561008020292562, -0.05931241422969953, -0.6517619309908798, 0.1616349585367884], [0.0, 0.0, 0.0, 1.0]]"
2.725,-40.504408306577126,26.523596764282352,9.892208224932718,-127.00000467246183,0.4193679587883765,42.498324940411436,31.004465529641056,-40.504408306577126,-26.523596764282352,-9.892208224932718,-127.00000467246183,-0.4193679587883765,42.498324940411436,-31.004465529641056,"[[-0.5391383229110004, -0.0, -0.8422172337162865, 0.3], [0.0, 1.0000000000000002, -0.0, 0.22], [0.8422172337162865, 0.0, -0.5391383229110004, 0.14937500000000015], [0.0, 0.0, 0.0, 1.0]]","[[-0.6640785153211419, 0.080342276449852, -0.7433336021623964, 0.30263386772550627], [0.008225652890350557, 0.9949345598850368, 0.10018762488898528, 0.21117643948491724], [0.7476175921708876, 0.06041804499670702, -0.6613755330486459, 0.1654600988637172], [0.0, 0.0, 0.0, 1.0]]","[[-0.5391383229110004, -0.0, -0.8422172337162865, 0.3], [0.0, 1.0000000000000002, -0.0, -0.22], [0.8422172337162865, 0.0, -0.5391383229110004, 0.14937500000000015], [0.0, 0.0, 0.0, 1.0]]","[[-0.6592688949351624, -0.08069947436903528, -0.7475641236760437, 0.3036628361002498], [-0.008228622867424831, 0.9949386460079939, -0.10014679448432517, -0.21127089891619397], [0.7518622306890241, -0.059872243288032784, -0.6565961472221591, 0.16355788634621882], [0.0, 0.0, 0.0, 1.0]]"
2.7333333333333334,-40.837793255060035,26.63268342306392,9.897654447022157,-127.00000467246183,0.45465517063989536,42.49803124227713,30.983011905458046,-40.837793255060035,-26.63268342306392,-9.897654447022157,-127.00000467246183,-0.45465517063989536,42.49803124227713,-30.983011905458046,"[[-0.5446390350150272, -0.0, -0.838670567945424, 0.3], [0.0, 1.0, -0.0, 0.22], [0.838670567945424, 0.0, -0.5446390350150272, 0.15166666666666673], [0.0, 0.0, 0.0, 1.0]]","[[-0.6688339220326223, 0.0799651698983708, -0.7390986107019716, 0.30160068793024747], [0.008218795660379495, 0.9949326524198174, 0.10020712822329421, 0.21108349551476427], [0.7433664211789183, 0.06094742613098188, -0.6661019254676086, 0.16734164808029905], [0.0, 0.0, 0.0, 1.0]]","[[-0.5446390350150272, -0.0, -0.838670567945424, 0.3], [0.0, 1.0, -0.0, -0.22], [0.838670567945424, 0.0, -0.5446390350150272, 0.15166666666666673], [0.0, 0.0, 0.0, 1.0]]","[[-0.6688345145206326, -0.07996333847942769, -0.7390982726844748, 0.30160065381848156], [-0.008218476317790033, 0.9949328679532475, -0.10020501441215254, -0.21108350243743199], [0.7433658916260308, -0.06094631051630816, -0.6661026185217155, 0.16734162125898494], [0.0, 0.0, 0.0, 1.0]]"
2.7416666666666667,-41.16888325998182,26.740812147814392,9.902173470931768,-127.00000467246183,0.4917205261922918,42.4976965630078,30.959809752847512,-41.16888325998182,-26.740812147814392,-9.902173470931768,-127.00000467246183,-0.4917205261922918,42.4976965630078,-30.959809752847512,"[[-0.5501164165954935, -0.0, -0.8350879763187431, 0.3], [0.0, 1.0, -0.0, 0.22], [0.8350879763187431, 0.0, -0.5501164165954935, 0.15395833333333342], [0.0, 0.0, 0.0, 1.0]]","[[-0.6735346962010316, 0.07957032226330102, -0.7348602430587047, 0.30056365407836866], [0.008208547009418116, 0.9949327176809999, 0.10020732031091265, 0.2109921028073335], [0.7391100275123984, 0.06146097219223021, -0.670774862474592, 0.16920259195105494], [0.0, 0.0, 0.0, 1.0]]","[[-0.5501164165954935, -0.0, -0.8350879763187431, 0.3], [0.0, 1.0, -0.0, -0.22], [0.8350879763187431, 0.0, -0.5501164165954935, 0.15395833333333342], [0.0, 0.0, 0.0, 1.0]]","[[-0.6735352855076372, -0.0795684981683178, -0.7348599004404746, 0.30056362001247655], [-0.008208227816854388, 0.9949329331919173, -0.10020520668226085, -0.21099210973679258], [0.7391094940347149, -0.06145984501580201, -0.6707755535783796, 0.16920256486930008], [0.0, 0.0, 0.0, 1.0]]"
2.75,-41.49767490624789,26.847981230986477,9.905784079681766,-127.00000467246183,0.5305630649502139,42.49731748750886,30.934859071809456,-41.49767490624789,-26.847981230986477,-9.905784079681766,-127.00000467246183,-0.5305630649502139,42.49731748750886,-30.934859071809456,"[[-0.555570233019602, -0.0, -0.8314696123025455, 0.3], [0.0, 1.0, -0.0, 0.22], [0.8314696123025455, 0.0, -0.555570233019602, 0.1562500000000001], [0.0, 0.0, 0.0, 1.0]]","[[-0.6781811814747429, 0.07915788680263121, -0.7306191306354245, 0.2995230545129849], [0.008194811681111483, 0.9949347632679044, 0.10018813254348029, 0.21090229658600448], [0.734849052632602, 0.06195841991191091, -0.6753947172187433, 0.1710430222288869], [0.0, 0.0, 0.0, 1.0]]","[[-0.555570233019602, -0.0, -0.8314696123025455, 0.3], [0.0, 1.0, -0.0, -0.22], [0.8314696123025455, 0.0, -0.555570233019602, 0.1562500000000001], [0.0, 0.0, 0.0, 1.0]]","[[-0.6735352855076372, -0.0795684981683178, -0.7348599004404746, 0.30056362001247655], [-0.008208227816854388, 0.9949329331919173, -0.10020520668226085, -0.21099210973679258], [0.7391094940347149, -0.06145984501580201, -0.6707755535783796, 0.16920256486930008], [0.0, 0.0, 0.0, 1.0]]"
2.7583333333333333,-41.824161363669084,26.9541855499383,9.90850505629237,-127.00000467246183,0.5711814528923392,42.49689401578032,30.908166692533047,-41.824161363669084,-26.9541855499383,-9.90850505629237,-127.00000467246183,-0.5711814528923392,42.49689401578032,-30.908166692533047,"[[-0.5610002506640097, -0.0, -0.8278156308955023, 0.3], [0.0, 1.0, -0.0, 0.22], [0.8278156308955023, 0.0, -0.5610002506640097, 0.1585416666666667], [0.0, 0.0, 0.0, 1.0]]","[[-0.6827736216683893, 0.07872810475593708, -0.7263759818959943, 0.2984791906672058], [0.008177644867291174, 0.9949387975484647, 0.10014946458788532, 0.21081411299988576], [0.7305842235350117, 0.062439367824745184, -0.6799617766223265, 0.1728630064698629], [0.0, 0.0, 0.0, 1.0]]","[[-0.5610002506640097, -0.0, -0.8278156308955023, 0.3], [0.0, 1.0, -0.0, -0.22], [0.8278156308955023, 0.0, -0.5610002506640097, 0.1585416666666667], [0.0, 0.0, 0.0, 1.0]]","[[-0.6781817675758481, -0.07915607004976129, -0.7306187834308504, 0.2995230204953387], [-0.008194492622578153, 0.9949349787152035, -0.10018601908268479, -0.21090230352465497], [0.7348485152862168, -0.06195728127714168, -0.6753954063201706, 0.17104299488459543], [0.0, 0.0, 0.0, 1.0]]"
2.7666666666666666,-42.14833580205623,27.05942339712256,9.910356037557442,-127.00000467246183,0.6135740358322282,42.496415902538416,30.879736030112866,-42.14833580205623,-27.05942339712256,-9.910356037557442,-127.00000467246183,-0.6135740358322282,42.496415902538416,-30.879736030112866,"[[-0.5664062369248325, -0.0, -0.8241261886220158, 0.3], [0.0, 0.9999999999999999, -0.0, 0.22], [0.8241261886220158, 0.0, -0.5664062369248325, 0.16083333333333338], [0.0, 0.0, 0.0, 1.0]]","[[-0.6873123985038881, 0.07828119985181511, -0.7221313735135685, 0.29743234466165036], [0.008157001556452367, 0.9949448203414236, 0.10009129733088928, 0.21072758671006764], [0.7263161365331495, 0.06290356290014606, -0.684476450716916, 0.17466263293690246], [0.0, 0.0, 0.0, 1.0]]","[[-0.5664062369248325, -0.0, -0.8241261886220158, 0.3], [0.0, 0.9999999999999999, -0.0, -0.22], [0.8241261886220158, 0.0, -0.5664062369248325, 0.16083333333333338], [0.0, 0.0, 0.0, 1.0]]","[[-0.6873129781262586, -0.07827939783307326, -0.7221310171804731, 0.2974323107472044], [-0.008156682718036865, 0.9949450355374632, -0.10008918416289268, -0.21072759367407085], [0.726315591617205, -0.06290240165723097, -0.6844771356586734, 0.17466260506148468], [0.0, 0.0, 0.0, 1.0]]"
2.775,-42.470194806314744,27.163693064991975,9.911355806497204,-127.00000467246183,0.6577389461400298,42.49587973268857,30.84957391473809,-42.470194806314744,-27.163693064991975,-9.911355806497204,-127.00000467246183,-0.6577389461400298,42.49587973268857,-30.84957391473809,"[[-0.571787960227612, -0.0, -0.8204014435255137, 0.3], [0.0, 0.9999999999999999, -0.0, 0.22], [0.8204014435255137, 0.0, -0.571787960227612, 0.16312500000000008], [0.0, 0.0, 0.0, 1.0]]","[[-0.6917978520613195, 0.07781741403717224, -0.7178859115179181, 0.2963827940891961], [0.00813290119844557, 0.9949528338991762, 0.10001357024971566, 0.21064275081827044], [0.7220454194865038, 0.06335067788560592, -0.6889391147336557, 0.1764419994024554], [0.0, 0.0, 0.0, 1.0]]","[[-0.571787960227612, -0.0, -0.8204014435255137, 0.3], [0.0, 0.9999999999999999, -0.0, -0.22], [0.8204014435255137, 0.0, -0.571787960227612, 0.16312500000000008], [0.0, 0.0, 0.0, 1.0]]","[[-0.6873129781262586, -0.07827939783307326, -0.7221310171804731, 0.2974323107472044], [-0.008156682718036865, 0.9949450355374632, -0.10008918416289268, -0.21072759367407085], [0.726315591617205, -0.06290240165723097, -0.6844771356586734, 0.17466260506148468], [0.0, 0.0, 0.0, 1.0]]"
2.783333333333333,-42.789734961350035,27.266991138451957,9.911523146131868,-127.00000467246183,0.7036741027424812,42.49528550623078,30.817687176597886,-42.789734961350035,-27.266991138451957,-9.911523146131868,-127.00000467246183,-0.7036741027424812,42.49528550623078,-30.817687176597886,"[[-0.5771451900372336, -0.0, -0.816641555161679, 0.3], [0.0, 1.0, -0.0, 0.22], [0.816641555161679, 0.0, -0.5771451900372336, 0.16541666666666677], [0.0, 0.0, 0.0, 1.0]]","[[-0.6962302811866686, 0.07733699016146915, -0.7136402353507666, 0.29533081834320823], [0.008105386309387952, 0.9949628419739841, 0.099916193901834, 0.21055963882956097], [0.717772734416339, 0.06378034998193509, -0.6933501054190977, 0.17820119908604737], [0.0, 0.0, 0.0, 1.0]]","[[-0.5771451900372336, -0.0, -0.816641555161679, 0.3], [0.0, 1.0, -0.0, -0.22], [0.816641555161679, 0.0, -0.5771451900372336, 0.16541666666666677], [0.0, 0.0, 0.0, 1.0]]","[[-0.6962308542470549, -0.07733520293641807, -0.713639869949262, 0.29533078454022443], [-0.00810506762703632, 0.9949630567525666, -0.09991408097135378, -0.21055964582781012], [0.717772182153347, -0.06377916653870687, -0.6933507859968505, 0.1782011706717973], [0.0, 0.0, 0.0, 1.0]]"
2.7916666666666665,-43.106956267162104,27.369319325049794,9.910876839481656,-127.00000467246183,0.7513771044012023,42.49462297788129,30.78407923078684,-43.106956267162104,-27.369319325049794,-9.910876839481656,-127.00000467246183,-0.7513771044012023,42.49462297788129,-30.78407923078684,"[[-0.5824776968678019, -0.0, -0.8128466845916152, 0.3], [0.0, 0.9999999999999999, -0.0, 0.22], [0.8128466845916152, 0.0, -0.5824776968678019, 0.16770833333333335], [0.0, 0.0, 0.0, 1.0]]","[[-0.7006101606112176, 0.0768401489594128, -0.7093948085207699, 0.29427666626121324], [0.008074386504293214, 0.994974838221838, 0.0997991762892228, 0.21047827822649617], [0.713498568415455, 0.06419238906072383, -0.6977099182724678, 0.1799403624986226], [0.0, 0.0, 0.0, 1.0]]","[[-0.5824776968678019, -0.0, -0.8128466845916152, 0.3], [0.0, 0.9999999999999999, -0.0, -0.22], [0.8128466845916152, 0.0, -0.5824776968678019, 0.16770833333333335], [0.0, 0.0, 0.0, 1.0]]","[[-0.700610730361931, -0.07683836915107936, -0.7093944386079751, 0.2942766325168054], [-0.008074067875962085, 0.9949750527290616, -0.09979706345747605, -0.2104782852450574], [0.7134980125618122, -0.06419119466876744, -0.6977105965924127, 0.17994033381218733], [0.0, 0.0, 0.0, 1.0]]"
2.8,-43.42185530865637,27.470674209690905,9.909434815793137,-127.00000467246183,0.8008453897952543,42.493892147640096,30.748763737683287,-43.42185530865637,-27.470674209690905,-9.909434815793137,-127.00000467246183,-0.8008453897952543,42.493892147640096,-30.748763737683287,"[[-0.587785252292473, -0.0, -0.8090169943749473, 0.3], [0.0, 0.9999999999999999, -0.0, 0.22], [0.8090169943749473, 0.0, -0.587785252292473, 0.17000000000000004], [0.0, 0.0, 0.0, 1.0]]","[[-0.7049377770040607, 0.07632722867105327, -0.7051502568360662, 0.293220610791778], [0.00804005948880647, 0.9949888214434724, 0.0996624435078042, 0.2103986975293543], [0.7092235811054156, 0.06458637136367512, -0.7020188833913826, 0.18165958390152265], [0.0, 0.0, 0.0, 1.0]]","[[-0.587785252292473, -0.0, -0.8090169943749473, 0.3], [0.0, 0.9999999999999999, -0.0, -0.22], [0.8090169943749473, 0.0, -0.587785252292473, 0.17000000000000004], [0.0, 0.0, 0.0, 1.0]]","[[-0.7049383434274443, -0.07632545629140824, -0.7051498824276149, 0.2932205771077211], [-0.008039740898549072, 0.9949890356374471, -0.09966033076178138, -0.2103987045702801], [0.7092230217160572, -0.06458516612328097, -0.7020195594032788, 0.18165955494110214], [0.0, 0.0, 0.0, 1.0]]"
2.808333333333333,-43.734432085832836,27.57105579237529,9.907217565633822,-127.00000467246183,0.8520762908819928,42.49308618531804,30.71174411238182,-43.734432085832836,-27.57105579237529,-9.907217565633822,-127.00000467246183,-0.8520762908819928,42.49308618531804,-30.71174411238182,"[[-0.5930676289532371, -0.0, -0.8051526485628583, 0.3], [0.0, 1.0, -0.0, 0.22], [0.8051526485628583, 0.0, -0.5930676289532371, 0.17229166666666673], [0.0, 0.0, 0.0, 1.0]]","[[-0.7092135744267904, 0.07579843553945273, -0.70090705733253, 0.2921628953212356], [0.00800236389884218, 0.9950047881726589, 0.09950594799062157, 0.21032093282288308], [0.7049482732944352, 0.06496205571911351, -0.7062774690558526, 0.1833589944485056], [0.0, 0.0, 0.0, 1.0]]","[[-0.5930676289532371, -0.0, -0.8051526485628583, 0.3], [0.0, 1.0, -0.0, -0.22], [0.8051526485628583, 0.0, -0.5930676289532371, 0.17229166666666673], [0.0, 0.0, 0.0, 1.0]]","[[-0.7092141375061014, -0.07579667059960316, -0.700906678444065, 0.29216286169918626], [-0.008002045330685853, 0.9950050020113506, -0.09950383531762919, -0.2103209398881604], [0.7049477104239734, -0.06496083972985167, -0.70627814270979, 0.18335896521234463], [0.0, 0.0, 0.0, 1.0]]"
2.8166666666666664,-44.04468659869149,27.670467488197534,9.90424131070299,-127.00000467246183,0.9050667660928029,42.492198260725935,30.67303401526077,-44.04468659869149,-27.670467488197534,-9.90424131070299,-127.00000467246183,-0.9050667660928029,42.492198260725935,-30.67303401526077,"[[-0.5983246005706591, -0.0, -0.8012538126910607, 0.3], [0.0, 1.0, -0.0, 0.22], [0.8012538126910607, 0.0, -0.5983246005706591, 0.17458333333333342], [0.0, 0.0, 0.0, 1.0]]","[[-0.7134379687962383, 0.07525410136755575, -0.6966656909215924, 0.2911037624361946], [0.007961366175693409, 0.9950227261753354, 0.099329708764399, 0.21024500338584073], [0.7006731629857922, 0.0653191749945255, -0.7104861181258365, 0.18503872167966912], [0.0, 0.0, 0.0, 1.0]]","[[-0.5983246005706591, -0.0, -0.8012538126910607, 0.3], [0.0, 1.0, -0.0, -0.22], [0.8012538126910607, 0.0, -0.5983246005706591, 0.17458333333333342], [0.0, 0.0, 0.0, 1.0]]","[[-0.7092141375061014, -0.07579667059960316, -0.700906678444065, 0.29216286169918626], [-0.008002045330685853, 0.9950050020113506, -0.09950383531762919, -0.2103209398881604], [0.7049477104239734, -0.06496083972985167, -0.70627814270979, 0.18335896521234463], [0.0, 0.0, 0.0, 1.0]]"
2.825,-44.35261884723235,27.768905882063052,9.900525687794502,-127.00000467246183,0.959813720498217,42.49122495876921,30.632633446320146,-44.35261884723235,-27.768905882063052,-9.900525687794502,-127.00000467246183,-0.959813720498217,42.49122495876921,-30.632633446320146,"[[-0.6035559419535715, -0.0, -0.7973206537727071, 0.3], [0.0, 1.0, -0.0, 0.22], [0.7973206537727071, 0.0, -0.6035559419535715, 0.17687500000000012], [0.0, 0.0, 0.0, 1.0]]","[[-0.7176113539767075, 0.07469441803797916, -0.6924266665558776, 0.2900434560658757], [0.007917014362235318, 0.9950426312548861, 0.09913366163388097, 0.21017093948248858], [0.6963987834045269, 0.06565748928584049, -0.7146452466597499, 0.18669888779699226], [0.0, 0.0, 0.0, 1.0]]","[[-0.6035559419535715, -0.0, -0.7973206537727071, 0.3], [0.0, 1.0, -0.0, -0.22], [0.7973206537727071, 0.0, -0.6035559419535715, 0.17687500000000012], [0.0, 0.0, 0.0, 1.0]]","[[-0.7176119103215202, -0.07469266800763996, -0.6924262787550738, 0.2900434225724789], [-0.007916695790440596, 0.9950428442568302, -0.09913154907010789, -0.21017094660221267], [0.6963982137343979, -0.0656562520951209, -0.7146459154492957, 0.1866988580041944], [0.0, 0.0, 0.0, 1.0]]"
2.8333333333333335,-44.67335770046698,27.868706898667984,9.889019380363969,-126.9728615007002,1.0164937251604504,42.4901560341641,30.590617537640814,-44.67335770046698,-27.868706898667984,-9.889019380363969,-126.9728615007002,-1.0164937251604504,42.4901560341641,-30.590617537640814,"[[-0.6087614290087208, -0.0, -0.7933533402912352, 0.3], [0.0, 1.0, -0.0, 0.22], [0.7933533402912352, 0.0, -0.6087614290087208, 0.1791666666666668], [0.0, 0.0, 0.0, 1.0]]","[[-0.7215957351365327, 0.0740337937748379, -0.6883448208652926, 0.28910222587652246], [0.007849598142094072, 0.9950768399004615, 0.09879507327149026, 0.21012053527420277], [0.6922701631890361, 0.06588687329822435, -0.7186243393353784, 0.18838187681794993], [0.0, 0.0, 0.0, 1.0]]","[[-0.6087614290087208, -0.0, -0.7933533402912352, 0.3], [0.0, 1.0, -0.0, -0.22], [0.7933533402912352, 0.0, -0.6087614290087208, 0.1791666666666668], [0.0, 0.0, 0.0, 1.0]]","[[-0.7215962883006317, -0.07403205054797361, -0.6883444284676197, 0.2891021924365631], [-0.007849279493744338, 0.9950770522122461, -0.09879296013388793, -0.2101205426044706], [0.6922695902046982, -0.06588562553584175, -0.7186250057057368, 0.18838184682559211], [0.0, 0.0, 0.0, 1.0]]"
2.841666666666667,-45.127134978355116,27.988274482730937,9.813263190958418,-126.70311000961972,1.0766540313699227,42.48895733596476,30.547522459072617,-45.127134978355116,-27.988274482730937,-9.813263190958418,-126.70311000961972,-1.0766540313699227,42.48895733596476,-30.547522459072617,"[[-0.6139408387503666, -0.0, -0.78935204219315, 0.3], [0.0, 1.0, -0.0, 0.22], [0.78935204219315, 0.0, -0.6139408387503666, 0.1814583333333335], [0.0, 0.0, 0.0, 1.0]]","[[-0.724300263806264, 0.07259450699946843, -0.6856523648348928, 0.2892297486500164], [0.007604114480384713, 0.9952223350066561, 0.09733797484470652, 0.21026625586781017], [0.6894427498299956, 0.06528814178243739, -0.7213918167330781, 0.19042973870682559], [0.0, 0.0, 0.0, 1.0]]","[[-0.6139408387503666, -0.0, -0.78935204219315, 0.3], [0.0, 1.0, -0.0, -0.22], [0.78935204219315, 0.0, -0.6139408387503666, 0.1814583333333335], [0.0, 0.0, 0.0, 1.0]]","[[-0.7215962883006317, -0.07403205054797361, -0.6883444284676197, 0.2891021924365631], [-0.007849279493744338, 0.9950770522122461, -0.09879296013388793, -0.2101205426044706], [0.6922695902046982, -0.06588562553584175, -0.7186250057057368, 0.18838184682559211], [0.0, 0.0, 0.0, 1.0]]"
2.85,-45.58062197320353,28.106940481823443,9.73537256743724,-126.43035323530442,1.1388150493976799,42.487645939644125,30.502832531333226,-45.58062197320353,-28.106940481823443,-9.73537256743724,-126.43035323530442,-1.1388150493976799,42.487645939644125,-30.502832531333226,"[[-0.6190939493098342, -0.0, -0.7853169308807448, 0.3], [0.0, 1.0, -0.0, 0.22], [0.7853169308807448, 0.0, -0.6190939493098342, 0.18375000000000008], [0.0, 0.0, 0.0, 1.0]]","[[-0.7269548307360879, 0.07113840611125083, -0.6829904840079521, 0.2893636741201506], [0.007356915923911085, 0.9953691388020397, 0.09584442241765834, 0.21041560767253017], [0.6866458693224291, 0.06464986230794909, -0.724111763090484, 0.19247546030392093], [0.0, 0.0, 0.0, 1.0]]","[[-0.6190939493098342, -0.0, -0.7853169308807448, 0.3], [0.0, 1.0, -0.0, -0.22], [0.7853169308807448, 0.0, -0.6190939493098342, 0.18375000000000008], [0.0, 0.0, 0.0, 1.0]]","[[-0.7269553812258884, -0.07113666460523857, -0.6829900794708258, 0.28936364054385166], [-0.007356596198565178, 0.9953693458097852, -0.09584229710608799, -0.21041561869163403], [0.6866452899416805, -0.06464859140802826, -0.724112425960129, 0.1924754313653263], [0.0, 0.0, 0.0, 1.0]]"
2.8583333333333334,-46.033822100106796,28.22468952801988,9.655362023952417,-126.15459117775433,1.2029904396220619,42.486215015013,30.45656482989556,-46.033822100106796,-28.22468952801988,-9.655362023952417,-126.15459117775433,-1.2029904396220619,42.486215015013,-30.45656482989556,"[[-0.6242205399450178, -0.0, -0.7812481792047584, 0.3], [0.0, 1.0, -0.0, 0.22], [0.7812481792047584, 0.0, -0.6242205399450178, 0.18604166666666677], [0.0, 0.0, 0.0, 1.0]]","[[-0.7295599844366474, 0.06966586653045274, -0.6803593874926397, 0.28950405896331033], [0.007108426561627634, 0.995517104626114, 0.09431418063396634, 0.21056862460285655], [0.6838798866618441, 0.06397156741396624, -0.726784658053528, 0.1945191071908412], [0.0, 0.0, 0.0, 1.0]]","[[-0.6242205399450178, -0.0, -0.7812481792047584, 0.3], [0.0, 1.0, -0.0, -0.22], [0.7812481792047584, 0.0, -0.6242205399450178, 0.18604166666666677], [0.0, 0.0, 0.0, 1.0]]","[[-0.7295605335957911, -0.06966412581991195, -0.6803589768594017, 0.28950402530888747], [-0.0071081062940479, 0.9955173088487026, -0.0943120491111784, -0.2105686375096749], [0.6838793041497432, -0.06397028494843747, -0.7267853190587152, 0.1945190787870061], [0.0, 0.0, 0.0, 1.0]]"
2.8666666666666667,-46.48673535906493,28.341511376036486,9.573246928429585,-125.87582383696943,1.2691943960299377,42.484654316787655,30.408729600043372,-46.48673535906493,-28.341511376036486,-9.573246928429585,-125.87582383696943,-1.2691943960299377,42.484654316787655,-30.408729600043372,"[[-0.6293203910498372, -0.0, -0.777145961456971, 0.3], [0.0, 0.9999999999999999, -0.0, 0.22], [0.777145961456971, 0.0, -0.6293203910498372, 0.18833333333333346], [0.0, 0.0, 0.0, 1.0]]","[[-0.7321162999379425, 0.06817711345741839, -0.6777592526596675, 0.289650957770793], [0.006858863162639412, 0.995666081314889, 0.09274702429279995, 0.21072535076156185], [0.6811451235686071, 0.06325295028429374, -0.7294109849179953, 0.19656073885636555], [0.0, 0.0, 0.0, 1.0]]","[[-0.6293203910498372, -0.0, -0.777145961456971, 0.3], [0.0, 0.9999999999999999, -0.0, -0.22], [0.777145961456971, 0.0, -0.6293203910498372, 0.18833333333333346], [0.0, 0.0, 0.0, 1.0]]","[[-0.7295605335957911, -0.06966412581991195, -0.6803589768594017, 0.28950402530888747], [-0.0071081062940479, 0.9955173088487026, -0.0943120491111784, -0.2105686375096749], [0.6838793041497432, -0.06397028494843747, -0.7267853190587152, 0.1945190787870061], [0.0, 0.0, 0.0, 1.0]]"
2.875,-46.93937541045626,28.4573974881368,9.489040941247083,-125.59407853370641,1.3374417529384108,42.48295701477891,30.35934050215501,-46.93937541045626,-28.4573974881368,-9.489040941247083,-125.59407853370641,-1.3374417529384108,42.48295701477891,-30.35934050215501,"[[-0.6343932841636454, -0.0, -0.7730104533627371, 0.3], [0.0, 1.0, -0.0, 0.22], [0.7730104533627371, 0.0, -0.6343932841636454, 0.19062500000000004], [0.0, 0.0, 0.0, 1.0]]","[[-0.7346247353131476, 0.06667260532671057, -0.675189796994176, 0.2898042260746226], [0.006608590144020966, 0.9958158890413267, 0.0911429737782399, 0.2108857524271851], [0.6784414674844075, 0.06249383034973341, -0.7319915958300496, 0.19860048665181892], [0.0, 0.0, 0.0, 1.0]]","[[-0.6343932841636454, -0.0, -0.7730104533627371, 0.3], [0.0, 1.0, -0.0, -0.22], [0.7730104533627371, 0.0, -0.6343932841636454, 0.19062500000000004], [0.0, 0.0, 0.0, 1.0]]","[[-0.7346252818273777, -0.06667086608178002, -0.675189374113627, 0.28980419224305026], [-0.006608268787886451, 0.995816087420571, -0.09114082958813098, -0.21088576919656005], [0.6784408788418288, -0.06249252475529406, -0.7319922528729632, 0.19860045933238096], [0.0, 0.0, 0.0, 1.0]]"
2.8833333333333333,-47.391742254280786,28.572335911489773,9.402759430330544,-125.30935526796526,1.4077479849948198,42.481119693892175,30.308407781514227,-47.391742254280786,-28.572335911489773,-9.402759430330544,-125.30935526796526,-1.4077479849948198,42.481119693892175,-30.308407781514227,"[[-0.6394390019805846, -0.0, -0.7688418320734596, 0.3], [0.0, 0.9999999999999999, -0.0, 0.22], [0.7688418320734596, 0.0, -0.6394390019805846, 0.19291666666666674], [0.0, 0.0, 0.0, 1.0]]","[[-0.7370857807609545, 0.06515254079375214, -0.6726512456155361, 0.28996392421540496], [0.006357859784243077, 0.9959663736923035, 0.08950173234729411, 0.211049877831687], [0.6757692871231852, 0.061693831963343236, -0.734526882883602, 0.2006383922621761], [0.0, 0.0, 0.0, 1.0]]","[[-0.6394390019805846, -0.0, -0.7688418320734596, 0.3], [0.0, 0.9999999999999999, -0.0, -0.22], [0.7688418320734596, 0.0, -0.6394390019805846, 0.19291666666666674], [0.0, 0.0, 0.0, 1.0]]","[[-0.7346252818273777, -0.06667086608178002, -0.675189374113627, 0.28980419224305026], [-0.006608268787886451, 0.995816087420571, -0.09114082958813098, -0.21088576919656005], [0.6784408788418288, -0.06249252475529406, -0.7319922528729632, 0.19860045933238096], [0.0, 0.0, 0.0, 1.0]]"
2.8916666666666666,-47.843846135822275,28.686316400811652,9.314416056058306,-125.02166770012431,1.4801291004550317,42.479125278654536,30.255941683404775,-47.843846135822275,-28.686316400811652,-9.314416056058306,-125.02166770012431,-1.4801291004550317,42.479125278654536,-30.255941683404775,"[[-0.6444573283588975, -0.0, -0.7646402761590004, 0.3], [0.0, 1.0, -0.0, 0.22], [0.7646402761590004, 0.0, -0.6444573283588975, 0.19520833333333343], [0.0, 0.0, 0.0, 1.0]]","[[-0.7395003093354975, 0.06361731108947058, -0.6701433654244808, 0.2901299833381862], [0.00610699338711642, 0.9961173511709356, 0.0878232732706368, 0.21121771735020312], [0.6731285145679637, 0.060852776649424595, -0.7370175998234927, 0.2026745617069285], [0.0, 0.0, 0.0, 1.0]]","[[-0.6444573283588975, -0.0, -0.7646402761590004, 0.3], [0.0, 1.0, -0.0, -0.22], [0.7646402761590004, 0.0, -0.6444573283588975, 0.19520833333333343], [0.0, 0.0, 0.0, 1.0]]","[[-0.7395008532302261, -0.06361557315142015, -0.6701429302204001, 0.29012994930044583], [-0.006106670941869993, 0.9961175433342531, -0.08782111609254498, -0.21121773809871452], [0.6731279199689872, -0.06085144792319122, -0.7370182525852909, 0.20267453549026687], [0.0, 0.0, 0.0, 1.0]]"
2.9,-48.295690470175295,28.799328710818685,9.224026186356003,-124.7310158301836,1.5546019613485598,42.476970353971396,30.201952453110408,-48.295690470175295,-28.799328710818685,-9.224026186356003,-124.7310158301836,-1.5546019613485598,42.476970353971396,-30.201952453110408,"[[-0.6494480483301835, -0.0, -0.7604059656000309, 0.3], [0.0, 0.9999999999999999, -0.0, 0.22], [0.7604059656000309, 0.0, -0.6494480483301835, 0.1975], [0.0, 0.0, 0.0, 1.0]]","[[-0.7418688486280167, 0.062067098544972645, -0.6676662989200141, 0.29030244663625565], [0.0058562505941958595, 0.9962686580812099, 0.08610728920389654, 0.21138931963375926], [0.6705194372755491, 0.059970294340399494, -0.7394641627776204, 0.20470904837665255], [0.0, 0.0, 0.0, 1.0]]","[[-0.6494480483301835, -0.0, -0.7604059656000309, 0.3], [0.0, 0.9999999999999999, -0.0, -0.22], [0.7604059656000309, 0.0, -0.6494480483301835, 0.1975], [0.0, 0.0, 0.0, 1.0]]","[[-0.7418693912239831, -0.06206536120355532, -0.6676658575242775, 0.2903024124840707], [-0.0058559276058599355, 0.9962688469933154, -0.08610512541355804, -0.21138934241579332], [0.6705188397627853, -0.05996895404525445, -0.7394648132763901, 0.2047090227177602], [0.0, 0.0, 0.0, 1.0]]"
2.908333333333333,-48.74728550262361,28.911364303774402,9.131604335375622,-124.43742697889977,1.6311841767568585,42.474644674559,30.146457166104053,-48.74728550262361,-28.911364303774402,-9.131604335375622,-124.43742697889977,-1.6311841767568585,42.474644674559,-30.146457166104053,"[[-0.6544109481086102, -0.0, -0.7561390817803227, 0.3], [0.0, 1.0, -0.0, 0.22], [0.7561390817803227, 0.0, -0.6544109481086102, 0.1997916666666667], [0.0, 0.0, 0.0, 1.0]]","[[-0.744192333145868, 0.06050239244647421, -0.665219686866799, 0.2904811656946571], [0.005606078274797227, 0.9964200974607118, 0.08435378629772627, 0.2115646557363257], [0.667941871103531, 0.059046167400081506, -0.7418673782705878, 0.2067419552971364], [0.0, 0.0, 0.0, 1.0]]","[[-0.6544109481086102, -0.0, -0.7561390817803227, 0.3], [0.0, 1.0, -0.0, -0.22], [0.7561390817803227, 0.0, -0.6544109481086102, 0.1997916666666667], [0.0, 0.0, 0.0, 1.0]]","[[-0.744192874450962, -0.06050065566609059, -0.6652192392590487, 0.2904811314202682], [-0.005605754745326659, 0.996420283024519, -0.0843516158177921, -0.21156468058119243], [0.6679412707193272, -0.05904481553286695, -0.7418680264228537, 0.20674193019989834], [0.0, 0.0, 0.0, 1.0]]"
2.9166666666666665,-49.19864147845098,29.022412934395057,9.037163309721857,-124.14087382551615,1.7098938893699103,42.47213799513361,30.089462652574884,-49.19864147845098,-29.022412934395057,-9.037163309721857,-124.14087382551615,-1.7098938893699103,42.47213799513361,-30.089462652574884,"[[-0.6593458151000688, -0.0, -0.7518398074789774, 0.3], [0.0, 1.0, -0.0, 0.22], [0.7518398074789774, 0.0, -0.6593458151000688, 0.2020833333333334], [0.0, 0.0, 0.0, 1.0]]","[[-0.7464711450814152, 0.058923237025217026, -0.6628038033229071, 0.29066631115388475], [0.005356685347970427, 0.9965715087791538, 0.08256230260672169, 0.21174381726723798], [0.6653962244279146, 0.05807994514555896, -0.7442275085543166, 0.20877334874108083], [0.0, 0.0, 0.0, 1.0]]","[[-0.6593458151000688, -0.0, -0.7518398074789774, 0.3], [0.0, 1.0, -0.0, -0.22], [0.7518398074789774, 0.0, -0.6593458151000688, 0.2020833333333334], [0.0, 0.0, 0.0, 1.0]]","[[-0.7464716851044542, -0.05892150077042296, -0.6628033494817885, 0.2906662767492571], [-0.005356361279877982, 0.9965716908955302, -0.08256012536002953, -0.21174384420453815], [0.6653956212142941, -0.05807858170259854, -0.7442281542754605, 0.20877332420926936], [0.0, 0.0, 0.0, 1.0]]"
2.925,-49.649768642941154,29.132464357396888,8.940717623546691,-123.84139735116777,1.7907505225381675,42.46944007041145,30.030982572901234,-49.649768642941154,-29.132464357396888,-8.940717623546691,-123.84139735116777,-1.7907505225381675,42.46944007041145,-30.030982572901234,"[[-0.6642524379112815, -0.0, -0.747508326862597, 0.3], [0.0, 1.0, -0.0, 0.22], [0.747508326862597, 0.0, -0.6642524379112815, 0.20437500000000008], [0.0, 0.0, 0.0, 1.0]]","[[-0.7487063430182581, 0.057330178456639055, -0.660418096785935, 0.2908576522635493], [0.0051085309442505285, 0.9967226766419213, 0.08073294729759195, 0.21192674121217844], [0.6628821274071419, 0.05707150344869183, -0.7465454632226276, 0.21080332771295296], [0.0, 0.0, 0.0, 1.0]]","[[-0.6642524379112815, -0.0, -0.747508326862597, 0.3], [0.0, 1.0, -0.0, -0.22], [0.747508326862597, 0.0, -0.6642524379112815, 0.20437500000000008], [0.0, 0.0, 0.0, 1.0]]","[[-0.7487068817681318, -0.05732844269446728, -0.6604176366900479, 0.29085761772057434], [-0.005108206340813819, 0.9967228552108894, -0.08073076320853471, -0.21192677027138773], [0.6628815214056133, -0.05707012842529806, -0.7465461064264548, 0.21080330374997497], [0.0, 0.0, 0.0, 1.0]]"
2.933333333333333,-50.100670411188716,29.24151515768531,8.842282644775759,-123.53898389547629,1.8737738197771996,42.4665372400142,29.971023757272278,-50.100670411188716,-29.24151515768531,-8.842282644775759,-123.53898389547629,-1.8737738197771996,42.4665372400142,-29.971023757272278,"[[-0.669130606358858, -0.0, -0.7431448254773945, 0.3], [0.0, 1.0, -0.0, 0.22], [0.7431448254773945, 0.0, -0.669130606358858, 0.20666666666666667], [0.0, 0.0, 0.0, 1.0]]","[[-0.7508984351508592, 0.05572322489751307, -0.6580626583350645, 0.29105528140483555], [0.00486172757674426, 0.996873422772383, 0.07886534457569405, 0.21211351242793888], [0.6603998059455803, 0.05602054245626875, -0.7488216043424127, 0.2128319461050477], [0.0, 0.0, 0.0, 1.0]]","[[-0.669130606358858, -0.0, -0.7431448254773945, 0.3], [0.0, 1.0, -0.0, -0.22], [0.7431448254773945, 0.0, -0.669130606358858, 0.20666666666666667], [0.0, 0.0, 0.0, 1.0]]","[[-0.7508989726371695, -0.055721489595628, -0.6580621919618905, 0.2910552467151494], [-0.004861402441763835, 0.9968735976920049, -0.07886315356932166, -0.21211354363872315], [0.6603991971972278, -0.056019155847294964, -0.7488222449416242, 0.21283192271413884], [0.0, 0.0, 0.0, 1.0]]"
2.9416666666666664,-50.55136044357201,29.349551674881987,8.741871180013757,-123.23366077919837,1.9589849119847516,42.463422673752675,29.909603281160937,-50.55136044357201,-29.349551674881987,-8.741871180013757,-123.23366077919837,-1.9589849119847516,42.463422673752675,-29.909603281160937,"[[-0.6739801114782978, -0.0, -0.7387494902412461, 0.3], [0.0, 0.9999999999999999, -0.0, 0.22], [0.7387494902412461, 0.0, -0.6739801114782978, 0.20895833333333347], [0.0, 0.0, 0.0, 1.0]]","[[-0.7530483132031606, 0.05410292414171017, -0.6557370750393721, 0.2912590418265112], [0.004616855744589657, 0.9970235331729419, 0.07695946298134798, 0.21230408885481714], [0.6579490273759119, 0.05492675030128923, -0.7510566752758622, 0.21485929197692133], [0.0, 0.0, 0.0, 1.0]]","[[-0.6739801114782978, -0.0, -0.7387494902412461, 0.3], [0.0, 0.9999999999999999, -0.0, -0.22], [0.7387494902412461, 0.0, -0.6739801114782978, 0.20895833333333347], [0.0, 0.0, 0.0, 1.0]]","[[-0.7508989726371695, -0.055721489595628, -0.6580621919618905, 0.2910552467151494], [-0.004861402441763835, 0.9968735976920049, -0.07886315356932166, -0.21211354363872315], [0.6603991971972278, -0.056019155847294964, -0.7488222449416242, 0.21283192271413884], [0.0, 0.0, 0.0, 1.0]]"
2.95,-51.00185240046937,29.456567078797747,8.63949688963902,-122.9254143419557,2.0464057838322143,42.46008271124854,29.846727974756384,-51.00185240046937,-29.456567078797747,-8.63949688963902,-122.9254143419557,-2.0464057838322143,42.46008271124854,-29.846727974756384,"[[-0.6788007455329419, -0.0, -0.7343225094356854, 0.3], [0.0, 1.0, -0.0, 0.22], [0.7343225094356854, 0.0, -0.6788007455329419, 0.21125000000000016], [0.0, 0.0, 0.0, 1.0]]","[[-0.7551565707205432, 0.0524693722893977, -0.6534412893819507, 0.29146899240841945], [0.004374159251061865, 0.997172816553993, 0.07501493622355, 0.21249853685129957], [0.6555298776016513, 0.053789765730420415, -0.7532511139548557, 0.21688545250246744], [0.0, 0.0, 0.0, 1.0]]","[[-0.6788007455329419, -0.0, -0.7343225094356854, 0.3], [0.0, 1.0, -0.0, -0.22], [0.7343225094356854, 0.0, -0.6788007455329419, 0.21125000000000016], [0.0, 0.0, 0.0, 1.0]]","[[-0.7551571057101089, -0.052467637818417595, -0.6534408103855216, 0.29146895739971185], [-0.00437383306723341, 0.9971729838638373, -0.07501273116205952, -0.21249857245428905], [0.6555292634809158, -0.05378835593180735, -0.7532517490761782, 0.21688543026416643], [0.0, 0.0, 0.0, 1.0]]"
2.9583333333333335,-51.45215311206997,29.56255453924342,8.535174287803537,-122.6142582441266,2.1360592737646247,42.45650369212345,29.782408083342375,-51.45215311206997,-29.56255453924342,-8.535174287803537,-122.6142582441266,-2.1360592737646247,42.45650369212345,-29.782408083342375,"[[-0.6835923020228715, -0.0, -0.7298640726978355, 0.3], [0.0, 1.0, -0.0, 0.22], [0.7298640726978355, 0.0, -0.6835923020228715, 0.21354166666666674], [0.0, 0.0, 0.0, 1.0]]","[[-0.7572239913713329, 0.050822845839764805, -0.6511749881809155, 0.2916850534730515], [0.004133960465349657, 0.9973210585019604, 0.07303161397231103, 0.21269686668046406], [0.653142202940936, 0.05260935857123933, -0.755405532232975, 0.21891049222955894], [0.0, 0.0, 0.0, 1.0]]","[[-0.6835923020228715, -0.0, -0.7298640726978355, 0.3], [0.0, 1.0, -0.0, -0.22], [0.7298640726978355, 0.0, -0.6835923020228715, 0.21354166666666674], [0.0, 0.0, 0.0, 1.0]]","[[-0.7551571057101089, -0.052467637818417595, -0.6534408103855216, 0.29146895739971185], [-0.00437383306723341, 0.9971729838638373, -0.07501273116205952, -0.21249857245428905], [0.6555292634809158, -0.05378835593180735, -0.7532517490761782, 0.21688543026416643], [0.0, 0.0, 0.0, 1.0]]"
2.966666666666667,-51.90227965384673,29.667507226029834,8.428916181112003,-122.30019248571108,2.227969287444078,42.452675371093655,29.71665385220266,-51.90227965384673,-29.667507226029834,-8.428916181112003,-122.30019248571108,-2.227969287444078,42.452675371093655,-29.71665385220266,"[[-0.6883545756937541, -0.0, -0.7253743710122875, 0.3], [0.0, 1.0, -0.0, 0.22], [0.7253743710122875, 0.0, -0.6883545756937541, 0.21583333333333343], [0.0, 0.0, 0.0, 1.0]]","[[-0.7592512903037459, 0.04916356220587251, -0.64893791869741, 0.2919071923960524], [0.003896616339879557, 0.9974680485728543, 0.07100921389060677, 0.21289911036796882], [0.6507859053123362, 0.051385175172334104, -0.7575204744555172, 0.22093450899256903], [0.0, 0.0, 0.0, 1.0]]","[[-0.6883545756937541, -0.0, -0.7253743710122875, 0.3], [0.0, 1.0, -0.0, -0.22], [0.7253743710122875, 0.0, -0.6883545756937541, 0.21583333333333343], [0.0, 0.0, 0.0, 1.0]]","[[-0.7592518228402685, -0.04916182845528901, -0.6489374269809548, 0.29190715703292114], [-0.003896289129991161, 0.9974682078467743, -0.07100699448617488, -0.2128991504825649], [0.6507852859774449, -0.05138374215524687, -0.7575211037307001, 0.22093448791646053], [0.0, 0.0, 0.0, 1.0]]"
2.975,-52.35223885598884,29.77141489387324,8.32073537616911,-121.98323072708746,2.3221607977497274,42.44858408778082,29.649475526621,-52.35223885598884,-29.77141489387324,-8.32073537616911,-121.98323072708746,-2.3221607977497274,42.44858408778082,-29.649475526621,"[[-0.6930873625456356, -0.0, -0.7208535967029189, 0.3], [0.0, 0.9999999999999999, -0.0, 0.22], [0.7208535967029189, 0.0, -0.6930873625456356, 0.21812500000000012], [0.0, 0.0, 0.0, 1.0]]","[[-0.7612392224001026, 0.04749184848283607, -0.6467297508290234, 0.29213533183082385], [0.003662521969251313, 0.9976135604448524, 0.06894758842316165, 0.21310526613921926], [0.6484608177928041, 0.05011694667703015, -0.7595965109472658, 0.22295755083059285], [0.0, 0.0, 0.0, 1.0]]","[[-0.6930873625456356, -0.0, -0.7208535967029189, 0.3], [0.0, 0.9999999999999999, -0.0, -0.22], [0.7208535967029189, 0.0, -0.6930873625456356, 0.21812500000000012], [0.0, 0.0, 0.0, 1.0]]","[[-0.7612397537275013, -0.04749011505507304, -0.6467292527147268, 0.2921352962768076], [-0.003662194256370932, 0.9976137155369775, -0.06894536174199647, -0.21310530855453114], [0.6484601959088327, -0.05011550203841195, -0.7595971371571355, 0.22295753033843335], [0.0, 0.0, 0.0, 1.0]]"
2.9833333333333334,-52.80204437887461,29.87427071258446,8.210646387126845,-121.66335930787743,2.4186602716646064,42.444216181806596,29.580886766975734,-52.80204437887461,-29.87427071258446,-8.210646387126845,-121.66335930787743,-2.4186602716646064,42.444216181806596,-29.580886766975734,"[[-0.69779045984168, -0.0, -0.7163019434246544, 0.3], [0.0, 1.0, -0.0, 0.22], [0.7163019434246544, 0.0, -0.69779045984168, 0.22041666666666682], [0.0, 0.0, 0.0, 1.0]]","[[-0.7631883705226511, 0.04580787034626253, -0.6445503472292299, 0.2923695168533569], [0.0034320917154524143, 0.9977573815425723, 0.06684630374049733, 0.21331540987834996], [0.6461669535386637, 0.048804165720254936, -0.7616340470087407, 0.22497969546591512], [0.0, 0.0, 0.0, 1.0]]","[[-0.69779045984168, -0.0, -0.7163019434246544, 0.3], [0.0, 1.0, -0.0, -0.22], [0.7163019434246544, 0.0, -0.69779045984168, 0.22041666666666682], [0.0, 0.0, 0.0, 1.0]]","[[-0.7631889006533543, -0.045806137218164025, -0.6445498426907537, 0.29236948109906624], [-0.0034317635069621537, 0.9977575323410792, -0.06684406971357022, -0.21331545462449303], [0.6461663291434774, -0.048802709451331514, -0.7616346700560921, 0.22497967555924708], [0.0, 0.0, 0.0, 1.0]]"
2.9916666666666667,-53.251709882882395,29.976064436879746,8.0986620205899,-121.34060554883764,2.517494816501983,42.43955799279265,29.510887573266857,-53.251709882882395,-29.976064436879746,-8.0986620205899,-121.34060554883764,-2.517494816501983,42.43955799279265,-29.510887573266857,"[[-0.7024636661168517, -0.0, -0.7117196061551715, 0.3], [0.0, 1.0, -0.0, 0.22], [0.7117196061551715, 0.0, -0.7024636661168517, 0.2227083333333334], [0.0, 0.0, 0.0, 1.0]]","[[-0.7650996962281013, 0.044111922127013106, -0.6423990918097001, 0.2926095607078067], [0.003205621006762638, 0.9978992666133751, 0.06470531420562717, 0.21352950378919394], [0.6439038583714406, 0.04744672821963877, -0.7636338318563575, 0.2270010221977562], [0.0, 0.0, 0.0, 1.0]]","[[-0.7024636661168517, -0.0, -0.7117196061551715, 0.3], [0.0, 1.0, -0.0, -0.22], [0.7117196061551715, 0.0, -0.7024636661168517, 0.2227083333333334], [0.0, 0.0, 0.0, 1.0]]","[[-0.7631889006533543, -0.045806137218164025, -0.6445498426907537, 0.29236948109906624], [-0.0034317635069621537, 0.9977575323410792, -0.06684406971357022, -0.21331545462449303], [0.6461663291434774, -0.048802709451331514, -0.7616346700560921, 0.22497967555924708], [0.0, 0.0, 0.0, 1.0]]"
3.0,-53.70124902839054,30.076796066759094,7.984795083162972,-121.01496944996812,2.6186934605658307,42.43459586036064,29.4394950209673,-53.70124902839054,-30.076796066759094,-7.984795083162972,-121.01496944996812,-2.6186934605658307,42.43459586036064,-29.4394950209673,"[[-0.7071067811865475, -0.0, -0.7071067811865477, 0.3], [0.0, 1.0, -0.0, 0.22], [0.7071067811865477, 0.0, -0.7071067811865475, 0.2250000000000001], [0.0, 0.0, 0.0, 1.0]]","[[-0.7669739198577551, 0.042404211963857394, -0.6402756352273251, 0.29285541672498283], [0.002983511139947541, 0.9980389829360395, 0.06252429288903721, 0.2137475967564967], [0.641671337149563, 0.04604423251310151, -0.765596384352076, 0.22902161520358433], [0.0, 0.0, 0.0, 1.0]]","[[-0.7071067811865475, -0.0, -0.7071067811865477, 0.3], [0.0, 1.0, -0.0, -0.22], [0.7071067811865477, 0.0, -0.7071067811865475, 0.2250000000000001], [0.0, 0.0, 0.0, 1.0]]","[[-0.7669744476326338, -0.042402479374392364, -0.6402751177591712, 0.29285538054149435], [-0.0029831819646437135, 0.9980391248058788, -0.06252204396915943, -0.21374764625448645], [0.6416707078431914, -0.0460427529544, -0.7655970007754719, 0.22902159647107798], [0.0, 0.0, 0.0, 1.0]]"
3.0083333333333333,-54.150678890871966,30.17645535693875,7.869057527677105,-120.6864373508905,2.722285659046945,42.42930929394304,29.366712525171643,-54.150678890871966,-30.17645535693875,-7.869057527677105,-120.6864373508905,-2.722285659046945,42.42930929394304,-29.366712525171643,"[[-0.7117196061551714, -0.0, -0.7024636661168518, 0.3], [0.0, 1.0, -0.0, 0.22], [0.7024636661168518, 0.0, -0.7117196061551714, 0.22729166666666678], [0.0, 0.0, 0.0, 1.0]]","[[-0.7688116997135688, 0.04068487163573616, -0.6381796859846897, 0.29310710912022414], [0.002766097810345966, 0.9981762933932703, 0.060302869007831925, 0.21396974168554644], [0.639469247959929, 0.04459628378750642, -0.7675221510718158, 0.23104155472136964], [0.0, 0.0, 0.0, 1.0]]","[[-0.7117196061551714, -0.0, -0.7024636661168518, 0.3], [0.0, 1.0, -0.0, -0.22], [0.7024636661168518, 0.0, -0.7117196061551714, 0.22729166666666678], [0.0, 0.0, 0.0, 1.0]]","[[-0.7669744476326338, -0.042402479374392364, -0.6402751177591712, 0.29285538054149435], [-0.0029831819646437135, 0.9980391248058788, -0.06252204396915943, -0.21374764625448645], [0.6416707078431914, -0.0460427529544, -0.7655970007754719, 0.22902159647107798], [0.0, 0.0, 0.0, 1.0]]"
3.0166666666666666,-54.600009715610426,30.275035477229544,7.751462160736996,-120.35502291198314,2.8283030015702364,42.423684633161535,29.292550331163646,-54.600009715610426,-30.275035477229544,-7.751462160736996,-120.35502291198314,-2.8283030015702364,42.423684633161535,-29.292550331163646,"[[-0.7163019434246543, -0.0, -0.6977904598416801, 0.3], [0.0, 1.0, -0.0, 0.22], [0.6977904598416801, 0.0, -0.7163019434246543, 0.22958333333333336], [0.0, 0.0, 0.0, 1.0]]","[[-0.7706138276761827, 0.038954176634655356, -0.636110761359198, 0.29336452783494715], [0.00255380323200452, 0.9983109446909204, 0.05804081149824285, 0.21419594753450477], [0.6372972671236828, 0.04310255019182074, -0.7694116996014857, 0.23306089597334712], [0.0, 0.0, 0.0, 1.0]]","[[-0.7163019434246543, -0.0, -0.6977904598416801, 0.3], [0.0, 1.0, -0.0, -0.22], [0.6977904598416801, 0.0, -0.7163019434246543, 0.22958333333333336], [0.0, 0.0, 0.0, 1.0]]","[[-0.7688122263302706, -0.04068313928830537, -0.6381791620091819, 0.29310707270742997], [-0.0027657681647167316, 0.9981764306240817, -0.06030061254272051, -0.21396979360478885], [0.6394686162522383, -0.04459479256837738, -0.7675227640299871, 0.23104153657694304], [0.0, 0.0, 0.0, 1.0]]"
3.025,-55.04925516298426,30.37252618234772,7.632022642720983,-120.02072613324604,2.9367783584210865,42.41770821763778,29.217015269132474,-55.04925516298426,-30.37252618234772,-7.632022642720983,-120.02072613324604,-2.9367783584210865,42.41770821763778,-29.217015269132474,"[[-0.7208535967029187, -0.0, -0.6930873625456359, 0.3], [0.0, 0.9999999999999999, -0.0, 0.22], [0.6930873625456359, 0.0, -0.7208535967029187, 0.23187500000000005], [0.0, 0.0, 0.0, 1.0]]","[[-0.7723809951200775, 0.03721232332745418, -0.6340684831860768, 0.2936276290107367], [0.0023470595208851357, 0.9984426848950887, 0.05573774565850592, 0.2144262538943979], [0.6351551697726505, 0.041562578987111506, -0.7712654940673904, 0.2350796994180725], [0.0, 0.0, 0.0, 1.0]]","[[-0.7208535967029187, -0.0, -0.6930873625456359, 0.3], [0.0, 0.9999999999999999, -0.0, -0.22], [0.6930873625456359, 0.0, -0.7208535967029187, 0.23187500000000005], [0.0, 0.0, 0.0, 1.0]]","[[-0.7723815194615608, -0.03721059141892502, -0.6340679461071224, 0.2936275921091228], [-0.00234672896310335, 0.9984428124890422, -0.055735473911553604, -0.2144263107469768], [0.6351545333676085, -0.04156106441401092, -0.7712660997783775, 0.23507968245005884], [0.0, 0.0, 0.0, 1.0]]"
3.033333333333333,-55.49843572356098,30.46892747229328,7.510749218912822,-119.68354701467919,3.047745453658522,42.41135955680425,29.1401141692673,-55.49843572356098,-30.46892747229328,-7.510749218912822,-119.68354701467919,-3.047745453658522,42.41135955680425,-29.1401141692673,"[[-0.7253743710122873, -0.0, -0.6883545756937542, 0.3], [0.0, 1.0, -0.0, 0.22], [0.6883545756937542, 0.0, -0.7253743710122873, 0.23416666666666675], [0.0, 0.0, 0.0, 1.0]]","[[-0.7741140447605273, 0.03545944529681547, -0.6320522711324903, 0.2938963230820958], [0.002146163714508629, 0.9985712498096926, 0.053393380065505355, 0.21466069333528592], [0.6330425259694703, 0.03997607775596712, -0.7730841309465883, 0.2370980717553553], [0.0, 0.0, 0.0, 1.0]]","[[-0.7253743710122873, -0.0, -0.6883545756937542, 0.3], [0.0, 1.0, -0.0, -0.22], [0.6883545756937542, 0.0, -0.7253743710122873, 0.23416666666666675], [0.0, 0.0, 0.0, 1.0]]","[[-0.7723815194615608, -0.03721059141892502, -0.6340679461071224, 0.2936275921091228], [-0.00234672896310335, 0.9984428124890422, -0.055735473911553604, -0.2144263107469768], [0.6351545333676085, -0.04156106441401092, -0.7712660997783775, 0.23507968245005884], [0.0, 0.0, 0.0, 1.0]]"
3.0416666666666665,-55.947561642624336,30.56422910178247,7.387654695917205,-119.34349921666093,3.161240145775685,42.40462157518803,29.061853861757296,-55.947561642624336,-30.56422910178247,-7.387654695917205,-119.34349921666093,-3.161240145775685,42.40462157518803,-29.061853861757296,"[[-0.7298640726978355, -0.0, -0.6835923020228716, 0.3], [0.0, 1.0, -0.0, 0.22], [0.6835923020228716, 0.0, -0.7298640726978355, 0.23645833333333344], [0.0, 0.0, 0.0, 1.0]]","[[-0.7758137856873877, 0.03369582803074074, -0.630061553430081, 0.29417049079364954], [0.0019515760071456695, 0.9986963653000975, 0.051007463056518584, 0.2148992704400197], [0.630958922029392, 0.038342680001488175, -0.7748681678852287, 0.23911605674160677], [0.0, 0.0, 0.0, 1.0]]","[[-0.7298640726978355, -0.0, -0.6835923020228716, 0.3], [0.0, 1.0, -0.0, -0.22], [0.6835923020228716, 0.0, -0.7298640726978355, 0.23645833333333344], [0.0, 0.0, 0.0, 1.0]]","[[-0.7741145679855488, -0.03545771358898729, -0.6320517274555847, 0.29389628592062955], [-0.0021458327157030423, 0.9985713724017664, -0.05339110058435757, -0.21466075270006826], [0.6330418872669513, -0.03997455148834213, -0.7730847328713732, 0.23709805537497952], [0.0, 0.0, 0.0, 1.0]]"
3.05,-56.39664999564726,30.658424240626115,7.262751880338828,-119.0005554184346,3.277300000813011,42.39747036712703,28.98223776169704,-56.39664999564726,-30.658424240626115,-7.262751880338828,-119.0005554184346,-3.277300000813011,42.39747036712703,-28.98223776169704,"[[-0.7343225094356852, -0.0, -0.678800745532942, 0.3], [0.0, 0.9999999999999999, -0.0, 0.22], [0.678800745532942, 0.0, -0.7343225094356852, 0.23875000000000002], [0.0, 0.0, 0.0, 1.0]]","[[-0.7774807931301312, 0.03192146723675104, -0.6280960406205369, 0.29445020614879464], [0.0017636374911747799, 0.9988177664729262, 0.04857940881520673, 0.21514208956197264], [0.6289042104299682, 0.036661823570143005, -0.7766179271662289, 0.2411337293666304], [0.0, 0.0, 0.0, 1.0]]","[[-0.7343225094356852, -0.0, -0.678800745532942, 0.3], [0.0, 0.9999999999999999, -0.0, -0.22], [0.678800745532942, 0.0, -0.7343225094356852, 0.23875000000000002], [0.0, 0.0, 0.0, 1.0]]","[[-0.7774813141658543, -0.03191973590291321, -0.6280954836510323, 0.2944501684359278], [-0.0017633056421359362, 0.9988178786841875, -0.04857711368568795, -0.21514215404238649], [0.6289035672312157, -0.03666027387661081, -0.7766185211821461, 0.24113371415853468], [0.0, 0.0, 0.0, 1.0]]"
3.058333333333333,-56.845721273197256,30.751506058635048,7.136050590574623,-118.65474294075685,3.395963652027993,42.3898922722429,28.90127952946488,-56.845721273197256,-30.751506058635048,-7.136050590574623,-118.65474294075685,-3.395963652027993,42.3898922722429,-28.90127952946488,"[[-0.7387494902412459, -0.0, -0.6739801114782981, 0.3], [0.0, 1.0, -0.0, 0.22], [0.6739801114782981, 0.0, -0.7387494902412459, 0.2410416666666667], [0.0, 0.0, 0.0, 1.0]]","[[-0.7791160671036416, 0.030136811407631386, -0.6261548742756338, 0.29473522934659435], [0.0015829522681618594, 0.9989351571676061, 0.04610906675098483, 0.21538911251311638], [0.6268776979946491, 0.034933141466391364, -0.7783341360779562, 0.24315117718747092], [0.0, 0.0, 0.0, 1.0]]","[[-0.7387494902412459, -0.0, -0.6739801114782981, 0.3], [0.0, 1.0, -0.0, -0.22], [0.6739801114782981, 0.0, -0.7387494902412459, 0.2410416666666667], [0.0, 0.0, 0.0, 1.0]]","[[-0.7774813141658543, -0.03191973590291321, -0.6280954836510323, 0.2944501684359278], [-0.0017633056421359362, 0.9988178786841875, -0.04857711368568795, -0.21514215404238649], [0.6289035672312157, -0.03666027387661081, -0.7766185211821461, 0.24113371415853468], [0.0, 0.0, 0.0, 1.0]]"
3.0666666666666664,-57.29478572055809,30.84347455580927,7.007562779455635,-118.30604812324935,3.5172716536688275,42.38186338487355,28.818972334871642,-57.29478572055809,-30.84347455580927,-7.007562779455635,-118.30604812324935,-3.5172716536688275,42.38186338487355,-28.818972334871642,"[[-0.7431448254773944, -0.0, -0.669130606358858, 0.3], [0.0, 0.9999999999999999, -0.0, 0.22], [0.669130606358858, 0.0, -0.7431448254773944, 0.2433333333333335], [0.0, 0.0, 0.0, 1.0]]","[[-0.7807202612703407, 0.028341675446592232, -0.6242376334977341, 0.2950255660611261], [0.0014095735109088074, 0.9990482511856066, 0.043595927625165086, 0.21564042776062856], [0.6248790977016984, 0.03315631517315094, -0.7800171613622678, 0.24516845063681753], [0.0, 0.0, 0.0, 1.0]]","[[-0.7431448254773944, -0.0, -0.669130606358858, 0.3], [0.0, 0.9999999999999999, -0.0, -0.22], [0.669130606358858, 0.0, -0.7431448254773944, 0.2433333333333335], [0.0, 0.0, 0.0, 1.0]]","[[-0.7807207801766244, -0.028339944464282604, -0.6242370631003614, 0.29502552775350527], [-0.0014092408560402968, 0.9990483524987855, -0.043593616616110706, -0.21564049747859046], [0.6248784501329941, -0.033154742002074966, -0.78001774700462, 0.2451684365944407], [0.0, 0.0, 0.0, 1.0]]"
3.075,-57.74386041320267,30.93431607177044,6.877300399812914,-117.95447096591212,3.641266907861239,42.37336321445147,28.735329838295666,-57.74386041320267,-30.93431607177044,-6.877300399812914,-117.95447096591212,-3.641266907861239,42.37336321445147,-28.735329838295666,"[[-0.7475083268625969, -0.0, -0.6642524379112816, 0.3], [0.0, 1.0, -0.0, 0.22], [0.6642524379112816, 0.0, -0.7475083268625969, 0.2456250000000001], [0.0, 0.0, 0.0, 1.0]]","[[-0.7822941402827938, 0.02653643993862776, -0.6223437116534466, 0.29532113715389485], [0.0012442120580879526, 0.9991567469553623, 0.04103957784788652, 0.21589606368585515], [0.6229079627164508, 0.03133069371976674, -0.7816674853257483, 0.24718560803101203], [0.0, 0.0, 0.0, 1.0]]","[[-0.7475083268625969, -0.0, -0.6642524379112816, 0.3], [0.0, 1.0, -0.0, -0.22], [0.6642524379112816, 0.0, -0.7475083268625969, 0.2456250000000001], [0.0, 0.0, 0.0, 1.0]]","[[-0.7822946581474367, -0.026534709128891623, -0.6223431344888692, 0.29532109853220356], [-0.0012438790175191838, 0.9991568426197527, -0.04103725881582247, -0.21589613606840424], [0.6229073130081035, -0.031329108789943896, -0.7816680666008128, 0.24718559456804565], [0.0, 0.0, 0.0, 1.0]]"
3.0833333333333335,-58.192965841698516,31.024030606518558,6.745273696930214,-117.60001146874514,3.7679929570611863,42.36436785531456,28.650355454831537,-58.192965841698516,-31.024030606518558,-6.745273696930214,-117.60001146874514,-3.7679929570611863,42.36436785531456,-28.650355454831537,"[[-0.7518398074789772, -0.0, -0.659345815100069, 0.3], [0.0, 1.0, -0.0, 0.22], [0.659345815100069, 0.0, -0.7518398074789772, 0.24791666666666679], [0.0, 0.0, 0.0, 1.0]]","[[-0.7838385750305719, 0.0247211862185741, -0.6204723613876684, 0.29562182452739894], [0.0010871877145017736, 0.999260333307324, 0.03843961890302015, 0.2161560642582574], [0.6209636916252963, 0.029455886177172964, -0.7832856723141317, 0.24920274415254406], [0.0, 0.0, 0.0, 1.0]]","[[-0.7518398074789772, -0.0, -0.659345815100069, 0.3], [0.0, 1.0, -0.0, -0.22], [0.659345815100069, 0.0, -0.7518398074789772, 0.24791666666666679], [0.0, 0.0, 0.0, 1.0]]","[[-0.7822946581474367, -0.026534709128891623, -0.6223431344888692, 0.29532109853220356], [-0.0012438790175191838, 0.9991568426197527, -0.04103725881582247, -0.21589613606840424], [0.6229073130081035, -0.031329108789943896, -0.7816680666008128, 0.24718559456804565], [0.0, 0.0, 0.0, 1.0]]"
3.091666666666667,-58.64211908151856,31.112607914769868,6.611493769864936,-117.24266963174841,3.897496758819213,42.35485340180074,28.56404576938467,-58.64211908151856,-31.112607914769868,-6.611493769864936,-117.24266963174841,-3.897496758819213,42.35485340180074,-28.56404576938467,"[[-0.7561390817803226, -0.0, -0.6544109481086106, 0.3], [0.0, 1.0, -0.0, 0.22], [0.6544109481086106, 0.0, -0.7561390817803226, 0.2502083333333335], [0.0, 0.0, 0.0, 1.0]]","[[-0.785354378883607, 0.022896030996492428, -0.6186228829690599, 0.2959275328366402], [0.0009388877824521129, 0.9993586904998031, 0.035795617221253045, 0.21642046275094287], [0.6190457317986091, 0.02753142726278758, -0.7848722204631771, 0.25121991966721857], [0.0, 0.0, 0.0, 1.0]]","[[-0.7561390817803226, -0.0, -0.6544109481086106, 0.3], [0.0, 1.0, -0.0, -0.22], [0.6544109481086106, 0.0, -0.7561390817803226, 0.2502083333333335], [0.0, 0.0, 0.0, 1.0]]","[[-0.7853548947117497, -0.02289430053756912, -0.6186222921583028, 0.2959274935526294], [-0.0009385540056571703, 0.999358774455489, -0.03579328198421981, -0.21642054055435378], [0.6190450778971396, -0.027529818773810916, -0.7848727926292298, 0.25121990735404603], [0.0, 0.0, 0.0, 1.0]]"
3.1,-59.09133379304112,31.2000411663352,6.4759708639008355,-116.88244545492194,4.029826124459509,42.34479594824789,28.476407612144236,-59.09133379304112,-31.2000411663352,-6.4759708639008355,-116.88244545492194,-4.029826124459509,42.34479594824789,-28.476407612144236,"[[-0.7604059656000309, -0.0, -0.6494480483301838, 0.3], [0.0, 1.0, -0.0, 0.22], [0.6494480483301838, 0.0, -0.7604059656000309, 0.25250000000000017], [0.0, 0.0, 0.0, 1.0]]","[[-0.7868423292229582, 0.02106116732044511, -0.6167945980422416, 0.2962381737702178], [0.0007998005564234557, 0.9994514887439222, 0.03310712863762007, 0.21668929840620715], [0.6171535540382638, 0.025556777548395908, -0.7864275820819625, 0.25323717966167003], [0.0, 0.0, 0.0, 1.0]]","[[-0.7604059656000309, -0.0, -0.6494480483301838, 0.3], [0.0, 1.0, -0.0, -0.22], [0.6494480483301838, 0.0, -0.7604059656000309, 0.25250000000000017], [0.0, 0.0, 0.0, 1.0]]","[[-0.7868428440565198, -0.021059437044526688, -0.6167940003505344, 0.29623813413763744], [-0.0007994664292841607, 0.999451566634848, -0.0331047852217274, -0.2166893789658935], [0.617152898081566, -0.025555157258680097, -0.7864281495006449, 0.25323716791799517], [0.0, 0.0, 0.0, 1.0]]"
3.1083333333333334,-59.540637297022904,31.286330361214556,6.33871565120849,-116.51932527788739,4.165031853514027,42.33416475880477,28.38744439820482,-59.540637297022904,-31.286330361214556,-6.33871565120849,-116.51932527788739,-4.165031853514027,42.33416475880477,-28.38744439820482,"[[-0.7646402761590002, -0.0, -0.6444573283588975, 0.3], [0.0, 0.9999999999999999, -0.0, 0.22], [0.6444573283588975, 0.0, -0.7646402761590002, 0.25479166666666675], [0.0, 0.0, 0.0, 1.0]]","[[-0.7883033135593553, 0.019216643405718267, -0.6149866717641596, 0.29655365622608126], [0.0006703281694211902, 0.999538391407935, 0.030373586580829115, 0.21696265232632872], [0.6152864670147443, 0.02353135605644746, -0.7879523074340595, 0.2552546497973085], [0.0, 0.0, 0.0, 1.0]]","[[-0.7646402761590002, -0.0, -0.6444573283588975, 0.3], [0.0, 0.9999999999999999, -0.0, -0.22], [0.6444573283588975, 0.0, -0.7646402761590002, 0.25479166666666675], [0.0, 0.0, 0.0, 1.0]]","[[-0.7868428440565198, -0.021059437044526688, -0.6167940003505344, 0.29623813413763744], [-0.0007994664292841607, 0.999451566634848, -0.0331047852217274, -0.2166893789658935], [0.617152898081566, -0.025555157258680097, -0.7864281495006449, 0.25323716791799517], [0.0, 0.0, 0.0, 1.0]]"
3.1166666666666667,-59.99003642365306,31.371461839029596,6.199737950184833,-116.15330910064475,4.3031655992883655,42.32293592780927,28.29715442001913,-59.99003642365306,-31.371461839029596,-6.199737950184833,-116.15330910064475,-4.3031655992883655,42.32293592780927,-28.29715442001913,"[[-0.7688418320734596, -0.0, -0.6394390019805848, 0.3], [0.0, 1.0, -0.0, 0.22], [0.6394390019805848, 0.0, -0.7688418320734596, 0.25708333333333344], [0.0, 0.0, 0.0, 1.0]]","[[-0.7897380193314754, 0.017362601590630126, -0.6131985003964079, 0.2968739234255432], [0.0005509086096542777, 0.9996190471227839, 0.027594512661786533, 0.21724055593369979], [0.6134440131928115, 0.02145461944064114, -0.7894467315674663, 0.2572723243839614], [0.0, 0.0, 0.0, 1.0]]","[[-0.7688418320734596, -0.0, -0.6394390019805848, 0.3], [0.0, 1.0, -0.0, -0.22], [0.6394390019805848, 0.0, -0.7688418320734596, 0.25708333333333344], [0.0, 0.0, 0.0, 1.0]]","[[-0.7897385322239268, -0.01736087170822878, -0.6131978888208345, 0.2968738830600828], [-0.0005505738171609105, 0.9996191124500737, -0.02759215274310449, -0.21724064209780827], [0.6134433532032684, -0.021452975505914636, -0.7894472890907112, 0.25727231376626586], [0.0, 0.0, 0.0, 1.0]]"
3.125,-60.43955166349911,31.4554390148749,6.059048006113618,-115.78439692319401,4.444282003295883,42.31108213450471,28.205539385134454,-60.43955166349911,-31.4554390148749,-6.059048006113618,-115.78439692319401,-4.444282003295883,42.31108213450471,-28.205539385134454,"[[-0.773010453362737, -0.0, -0.6343932841636455, 0.3], [0.0, 1.0, -0.0, 0.22], [0.6343932841636455, 0.0, -0.773010453362737, 0.25937500000000013], [0.0, 0.0, 0.0, 1.0]]","[[-0.7911473677877473, 0.01549905061983739, -0.6114291634133941, 0.2971988246339842], [0.00044186068752414317, 0.999693094366961, 0.0247693729057413, 0.2175230744330085], [0.6116254141234259, 0.01932605766561222, -0.790911408625172, 0.25929029575897117], [0.0, 0.0, 0.0, 1.0]]","[[-0.773010453362737, -0.0, -0.6343932841636455, 0.3], [0.0, 1.0, -0.0, -0.22], [0.6343932841636455, 0.0, -0.773010453362737, 0.25937500000000013], [0.0, 0.0, 0.0, 1.0]]","[[-0.7911478797337842, -0.015497320953102876, -0.6114285448325213, 0.29719878388388793], [-0.0004415255799227217, 0.9996931531900194, -0.024767004666668008, -0.21752316344520783], [0.6116247521543746, -0.01932440188655265, -0.790911960994286, 0.2592902856967977], [0.0, 0.0, 0.0, 1.0]]"
3.1333333333333333,-60.88921033731773,31.538248228372137,5.916655637391777,-115.41257508515686,4.588439122144526,42.29857264303983,28.1125992935508,-60.88921033731773,-31.538248228372137,-5.916655637391777,-115.41257508515686,-4.588439122144526,42.29857264303983,-28.1125992935508,"[[-0.7771459614569709, -0.0, -0.6293203910498374, 0.3], [0.0, 1.0, -0.0, 0.22], [0.6293203910498374, 0.0, -0.7771459614569709, 0.2616666666666667], [0.0, 0.0, 0.0, 1.0]]","[[-0.7925322047001867, 0.013626188792989278, -0.6096778095781734, 0.297528277688619], [0.0003437986572460607, 0.9997601608323311, 0.021897548150304917, 0.21781026399936093], [0.6098299650849777, 0.01714490570080395, -0.792346809101271, 0.2613086576000399], [0.0, 0.0, 0.0, 1.0]]","[[-0.7771459614569709, -0.0, -0.6293203910498374, 0.3], [0.0, 1.0, -0.0, -0.22], [0.6293203910498374, 0.0, -0.7771459614569709, 0.2616666666666667], [0.0, 0.0, 0.0, 1.0]]","[[-0.7925327157160247, -0.013624459358165648, -0.609677183948178, 0.2975282365415092], [-0.00034346324602088033, 0.9997602129990615, -0.021895171546937577, -0.21781035589027378], [0.6098293011595799, -0.01714323806253896, -0.792347356174014, 0.26130864808776166], [0.0, 0.0, 0.0, 1.0]]"
3.1416666666666666,-61.33901927529809,31.619886064426716,5.772570235529419,-115.03785724691161,4.735695439329062,42.285369887374195,28.01833414526816,-61.33901927529809,-31.619886064426716,-5.772570235529419,-115.03785724691161,-4.735695439329062,42.285369887374195,-28.01833414526816,"[[-0.7812481792047583, -0.0, -0.624220539945018, 0.3], [0.0, 1.0, -0.0, 0.22], [0.624220539945018, 0.0, -0.7812481792047583, 0.2639583333333334], [0.0, 0.0, 0.0, 1.0]]","[[-0.7938935069762485, 0.011744178579552287, -0.6079433969132694, 0.29786210205821], [0.00025708748437085725, 0.9998198555903908, 0.01897867943866307, 0.21810214049504978], [0.6080567683094883, 0.014910755738785938, -0.7937535107804687, 0.2633274290610986], [0.0, 0.0, 0.0, 1.0]]","[[-0.7812481792047583, -0.0, -0.624220539945018, 0.3], [0.0, 1.0, -0.0, -0.22], [0.624220539945018, 0.0, -0.7812481792047583, 0.2639583333333334], [0.0, 0.0, 0.0, 1.0]]","[[-0.7938940170778752, -0.01174244939603316, -0.6079427641893074, 0.29786206050160247], [-0.0002567517806622531, 0.9998199009462916, -0.018976294429379065, -0.218102235295151], [0.6080561024498292, -0.014909076226545914, -0.7937540524114466, 0.26332742009254273], [0.0, 0.0, 0.0, 1.0]]"
3.15,-61.78900579819687,31.700345692849464,5.62680076514983,-114.66021608770161,4.8861132803256675,42.27144654675112,27.922740525191955,-61.78900579819687,-31.700345692849464,-5.62680076514983,-114.66021608770161,-4.8861132803256675,42.27144654675112,-27.922740525191955,"[[-0.7853169308807447, -0.0, -0.6190939493098342, 0.3], [0.0, 0.9999999999999999, -0.0, 0.22], [0.6190939493098342, 0.0, -0.7853169308807447, 0.2662500000000001], [0.0, 0.0, 0.0, 1.0]]","[[-0.7952319861483708, 0.009852963421688964, -0.6062252117145315, 0.29820027941371174], [0.0001821679914616684, 0.9998717842722975, 0.01601192777136099, 0.21839881497719704], [0.6063052490465017, 0.012622762294492195, -0.7951318197951309, 0.2653467030209958], [0.0, 0.0, 0.0, 1.0]]","[[-0.7853169308807447, -0.0, -0.6190939493098342, 0.3], [0.0, 0.9999999999999999, -0.0, -0.22], [0.6190939493098342, 0.0, -0.7853169308807447, 0.2662500000000001], [0.0, 0.0, 0.0, 1.0]]","[[-0.7952324953520092, -0.009851234511244193, -0.606224571850087, 0.29820023743486945], [-0.00018183200616651678, 0.9998718226593387, -0.016009534315946018, -0.21839891271707848], [0.606304581273586, -0.012621070893406434, -0.795132355835282, 0.2653466945895203], [0.0, 0.0, 0.0, 1.0]]"
3.158333333333333,-62.23918356639241,31.7796236985458,5.479356617763118,-114.27965160752684,5.039757105044635,42.25676505513018,27.825818433322183,-62.23918356639241,-31.7796236985458,-5.479356617763118,-114.27965160752684,-5.039757105044635,42.25676505513018,-27.825818433322183,"[[-0.7893520421931498, -0.0, -0.6139408387503666, 0.3], [0.0, 0.9999999999999999, -0.0, 0.22], [0.6139408387503666, 0.0, -0.7893520421931498, 0.2685416666666667], [0.0, 0.0, 0.0, 1.0]]","[[-0.796548573597519, 0.007952642711884143, -0.6045222290153236, 0.2985426685842869], [0.00011946382434538556, 0.999915531800594, 0.012996730062999506, 0.21870034266187538], [0.6045745244617515, 0.01028030825573428, -0.7964822406268796, 0.26736652489975016], [0.0, 0.0, 0.0, 1.0]]","[[-0.7893520421931498, -0.0, -0.6139408387503666, 0.3], [0.0, 0.9999999999999999, -0.0, -0.22], [0.6139408387503666, 0.0, -0.7893520421931498, 0.2685416666666667], [0.0, 0.0, 0.0, 1.0]]","[[-0.7952324953520092, -0.009851234511244193, -0.606224571850087, 0.29820023743486945], [-0.00018183200616651678, 0.9998718226593387, -0.016009534315946018, -0.21839891271707848], [0.606304581273586, -0.012621070893406434, -0.795132355835282, 0.2653466945895203], [0.0, 0.0, 0.0, 1.0]]"
3.1666666666666665,-62.68957990064139,31.857709836231972,5.33024675799257,-113.8961638063873,5.196693934717195,42.24129126156552,27.727564454564256,-62.68957990064139,-31.857709836231972,-5.33024675799257,-113.8961638063873,-5.196693934717195,42.24129126156552,-27.727564454564256,"[[-0.7933533402912349, -0.0, -0.6087614290087208, 0.3], [0.0, 1.0, -0.0, 0.22], [0.6087614290087208, 0.0, -0.7933533402912349, 0.27083333333333337], [0.0, 0.0, 0.0, 1.0]]","[[-0.7978442847312774, 0.006043411569115293, -0.6028332891423989, 0.29888908093880845], [6.953379176578888e-05, 0.9999506691756217, 0.009932491141626601, 0.21900675826667415], [0.6028635770111581, 0.007882664006094109, -0.7978053466363075, 0.269386988585832], [0.0, 0.0, 0.0, 1.0]]","[[-0.7933533402912349, -0.0, -0.6087614290087208, 0.3], [0.0, 1.0, -0.0, -0.22], [0.6087614290087208, 0.0, -0.7933533402912349, 0.27083333333333337], [0.0, 0.0, 0.0, 1.0]]","[[-0.7978447921870677, -0.006041683282952513, -0.6028326348523967, 0.2988890380766712], [-6.919727418426298e-05, 0.9999506931391124, -0.00993008068174612, -0.21900686197756494], [0.6028629054699848, -0.007880948782807448, -0.7978058710329041, 0.26938698120635557], [0.0, 0.0, 0.0, 1.0]]"
3.175,-63.24722386523791,30.980600848681032,5.751863663286879,-113.50973902390467,5.004233291171399,42.2602006402827,26.75759050751053,-63.24722386523791,-30.980600848681032,-5.751863663286879,-113.50973902390467,-5.004233291171399,42.2602006402827,-26.75759050751053,"[[-0.7973206537727071, -0.0, -0.6035559419535717, 0.3], [0.0, 1.0, -0.0, 0.22], [0.6035559419535717, 0.0, -0.7973206537727071, 0.27312500000000006], [0.0, 0.0, 0.0, 1.0]]","[[-0.7983944045291513, 0.003423845982626058, -0.6021251133238252, 0.29933618667072615], [2.374323159287325e-05, 0.9999840117939958, 0.005654696512202835, 0.21943454259922876], [0.6021348472334092, 0.004500381658639719, -0.7983817209281072, 0.27133618186383274], [0.0, 0.0, 0.0, 1.0]]","[[-0.7973206537727071, -0.0, -0.6035559419535717, 0.3], [0.0, 1.0, -0.0, -0.22], [0.6035559419535717, 0.0, -0.7973206537727071, 0.27312500000000006], [0.0, 0.0, 0.0, 1.0]]","[[-0.7983949044776741, -0.003422111340989612, -0.6021244602721729, 0.29933613913319895], [-2.3407246075361288e-05, 0.999984025535162, -0.005652267385150747, -0.2194346481009953], [0.6021341843444752, -0.004498647403640119, -0.798382230648548, 0.2713361758182262], [0.0, 0.0, 0.0, 1.0]]"
3.183333333333333,-63.80902741503897,30.10701282364723,6.177669182089699,-113.12037042988975,4.801692995957956,42.27931492467498,25.793555409940126,-63.80902741503897,-30.10701282364723,-6.177669182089699,-113.12037042988975,-4.801692995957956,42.27931492467498,-25.793555409940126,"[[-0.8012538126910604, -0.0, -0.5983246005706592, 0.3], [0.0, 1.0, -0.0, 0.22], [0.5983246005706592, 0.0, -0.8012538126910604, 0.27541666666666675], [0.0, 0.0, 0.0, 1.0]]","[[-0.7988210756680292, 0.0009721275631887248, -0.6015679047593662, 0.2998010202246898], [2.2307967004886594e-06, 0.9999986990712464, 0.0016130253682471525, 0.21983870355933086], [0.6015686902288021, 0.001287176684045952, -0.7988200386273416, 0.2732749335724242], [0.0, 0.0, 0.0, 1.0]]","[[-0.8012538126910604, -0.0, -0.5983246005706592, 0.3], [0.0, 1.0, -0.0, -0.22], [0.5983246005706592, 0.0, -0.8012538126910604, 0.27541666666666675], [0.0, 0.0, 0.0, 1.0]]","[[-0.7988215680987001, -0.0009703863378734906, -0.60156725367218, 0.2998009680379605], [-1.8957231617792872e-06, 0.999998703017283, -0.0016105775851928067, -0.21983881101829117], [0.6015680363323336, -0.0012854237071721814, -0.7988205338805163, 0.27327492884085425], [0.0, 0.0, 0.0, 1.0]]"
3.1916666666666664,-64.14308513715513,31.134597708802723,5.454911797610466,-112.72804436396422,5.315297181446705,42.17104959614111,26.566198361683014,-64.14308513715513,-31.134597708802723,-5.454911797610466,-112.72804436396422,-5.315297181446705,42.17104959614111,-26.566198361683014,"[[-0.8051526485628582, -0.0, -0.5930676289532372, 0.3], [0.0, 1.0, -0.0, 0.22], [0.5930676289532372, 0.0, -0.8051526485628582, 0.27770833333333345], [0.0, 0.0, 0.0, 1.0]]","[[-0.8012538972451413, 1.1084880751337813e-06, -0.5983244873379696, 0.2999998128287662], [2.276388659831485e-07, 0.9999999999987765, 1.5478081980553321e-06, 0.219999850465204], [0.598324487338953, 1.1039854430922501e-06, -0.8012538972444132, 0.2754166798978804], [0.0, 0.0, 0.0, 1.0]]","[[-0.8051526485628582, -0.0, -0.5930676289532372, 0.3], [0.0, 1.0, -0.0, -0.22], [0.5930676289532372, 0.0, -0.8051526485628582, 0.27770833333333345], [0.0, 0.0, 0.0, 1.0]]","[[-0.8012543951129872, 6.251628948126163e-07, -0.5983238206119915, 0.29999976441855325], [1.0948750567219985e-07, 0.9999999999995909, 8.98235255171422e-07, -0.21999996208563394], [0.5983238206123082, 6.542059633484696e-07, -0.8012543951127277, 0.27541667483264376], [0.0, 0.0, 0.0, 1.0]]"
3.2,-64.49370606800856,32.15804691441578,4.7173200960276125,-112.33276082612807,5.802818155155643,41.897910331232296,27.358636909187894,-64.49370606800856,-32.15804691441578,-4.7173200960276125,-112.33276082612807,-5.802818155155643,41.897910331232296,-27.358636909187894,"[[-0.8090169943749473, -0.0, -0.5877852522924731, 0.3], [0.0, 0.9999999999999999, -0.0, 0.22], [0.5877852522924731, 0.0, -0.8090169943749473, 0.28000000000000014], [0.0, 0.0, 0.0, 1.0]]","[[-0.8051527229099279, 1.1164969946241406e-06, -0.5930675280180856, 0.29999980706906676], [2.12685404054391e-07, 0.9999999999987074, 1.5938366505816872e-06, 0.219999835859914], [0.5930675280190983, 1.157145112261419e-06, -0.8051527229091245, 0.2777083257683264], [0.0, 0.0, 0.0, 1.0]]","[[-0.8090169943749473, -0.0, -0.5877852522924731, 0.3], [0.0, 0.9999999999999999, -0.0, -0.22], [0.5877852522924731, 0.0, -0.8090169943749473, 0.28000000000000014], [0.0, 0.0, 0.0, 1.0]]","[[-0.8012543951129872, 6.251628948126163e-07, -0.5983238206119915, 0.29999976441855325], [1.0948750567219985e-07, 0.9999999999995909, 8.98235255171422e-07, -0.21999996208563394], [0.5983238206123082, 6.542059633484696e-07, -0.8012543951127277, 0.27541667483264376], [0.0, 0.0, 0.0, 1.0]]"
3.2083333333333335,-64.94547527028071,32.23009857997024,4.560006752177055,-111.93449932581379,5.909153955248987,41.56051606170659,27.299017895470147,-64.94547527028071,-32.23009857997024,-4.560006752177055,-111.93449932581379,-5.909153955248987,41.56051606170659,-27.299017895470147,"[[-0.8128466845916152, -0.0, -0.5824776968678023, 0.3], [0.0, 1.0, -0.0, 0.22], [0.5824776968678023, 0.0, -0.8128466845916152, 0.28229166666666683], [0.0, 0.0, 0.0, 1.0]]","[[-0.8090170798572929, 1.1109340166549083e-06, -0.5877851346350506, 0.2999998029094249], [2.1462380453561147e-07, 0.9999999999987057, 1.5946298023038075e-06, 0.21999983856018723], [0.5877851346360613, 1.1639300642683875e-06, -0.8090170798564842, 0.2799999956096086], [0.0, 0.0, 0.0, 1.0]]","[[-0.8128466845916152, -0.0, -0.5824776968678023, 0.3], [0.0, 1.0, -0.0, -0.22], [0.5824776968678023, 0.0, -0.8128466845916152, 0.28229166666666683], [0.0, 0.0, 0.0, 1.0]]","[[-0.8090175774463617, 6.105435195155946e-07, -0.5877844497623659, 0.2999997582433145], [1.327093594260901e-07, 0.9999999999996247, 8.56060951002431e-07, -0.21999995744585496], [0.5877844497626681, 6.145638589178349e-07, -0.8090175774461392, 0.27999999122235053], [0.0, 0.0, 0.0, 1.0]]"
3.216666666666667,-65.39758598201136,32.3009208114741,4.401075934153675,-111.53325303283222,6.015434686942148,41.21978524477134,27.240247532756772,-65.39758598201136,-32.3009208114741,-4.401075934153675,-111.53325303283222,-6.015434686942148,41.21978524477134,-27.240247532756772,"[[-0.8166415551616788, -0.0, -0.5771451900372336, 0.3], [0.0, 1.0, -0.0, 0.22], [0.5771451900372336, 0.0, -0.8166415551616788, 0.2845833333333334], [0.0, 0.0, 0.0, 1.0]]","[[-0.8128468081833763, 1.1365550208261304e-06, -0.5824775243945519, 0.29999978260157495], [2.524111358767182e-07, 0.9999999999986898, 1.599003215867297e-06, 0.2199998300237466], [0.5824775243956062, 1.1527208467375986e-06, -0.812846808182598, 0.2822916832913121], [0.0, 0.0, 0.0, 1.0]]","[[-0.8166415551616788, -0.0, -0.5771451900372336, 0.3], [0.0, 1.0, -0.0, -0.22], [0.5771451900372336, 0.0, -0.8166415551616788, 0.2845833333333334], [0.0, 0.0, 0.0, 1.0]]","[[-0.8090175774463617, 6.105435195155946e-07, -0.5877844497623659, 0.2999997582433145], [1.327093594260901e-07, 0.9999999999996247, 8.56060951002431e-07, -0.21999995744585496], [0.5877844497626681, 6.145638589178349e-07, -0.8090175774461392, 0.27999999122235053], [0.0, 0.0, 0.0, 1.0]]"
3.225,-65.85004503338969,32.37051360892736,4.24053575280711,-111.12900828680502,6.121645409196315,40.87573154080487,27.182356556899034,-65.85004503338969,-32.37051360892736,-4.24053575280711,-111.12900828680502,-6.121645409196315,40.87573154080487,-27.182356556899034,"[[-0.8204014435255135, -0.0, -0.5717879602276122, 0.3], [0.0, 0.9999999999999999, -0.0, 0.22], [0.5717879602276122, 0.0, -0.8204014435255135, 0.2868750000000001], [0.0, 0.0, 0.0, 1.0]]","[[-0.8166416147994939, 1.0630352146968566e-06, -0.5771451056506888, 0.2999998092611704], [1.9699811935170463e-07, 0.999999999998759, 1.56313957021013e-06, 0.2199998437102853], [0.5771451056516342, 1.162828322367161e-06, -0.8166416147986899, 0.2845833313846312], [0.0, 0.0, 0.0, 1.0]]","[[-0.8204014435255135, -0.0, -0.5717879602276122, 0.3], [0.0, 0.9999999999999999, -0.0, -0.22], [0.5717879602276122, 0.0, -0.8204014435255135, 0.2868750000000001], [0.0, 0.0, 0.0, 1.0]]","[[-0.8166421044568651, 6.523810161928301e-07, -0.5771444128013692, 0.2999997642408732], [1.6146321049267334e-07, 0.9999999999995804, 9.018944801993635e-07, -0.2199999686843194], [0.5771444128017154, 6.433374164992207e-07, -0.8166421044566275, 0.2845833285224213], [0.0, 0.0, 0.0, 1.0]]"
3.2333333333333334,-66.30288657536154,32.43886331195168,4.078392611439708,-110.72175825754302,6.2277737422936195,40.52836519509095,27.125370581106328,-66.30288657536154,-32.43886331195168,-4.078392611439708,-110.72175825754302,-6.2277737422936195,40.52836519509095,-27.125370581106328,"[[-0.8241261886220157, -0.0, -0.5664062369248328, 0.3], [0.0, 1.0, -0.0, 0.22], [0.5664062369248328, 0.0, -0.8241261886220157, 0.2891666666666668], [0.0, 0.0, 0.0, 1.0]]","[[-0.8204015194287619, 1.1001124563908432e-06, -0.5717878513205475, 0.2999998015097457], [2.285174409701148e-07, 0.9999999999987004, 1.5961101630505429e-06, 0.21999983295372233], [0.5717878513215603, 1.178787706380782e-06, -0.820401519427947, 0.28687499384697734], [0.0, 0.0, 0.0, 1.0]]","[[-0.8241261886220157, -0.0, -0.5664062369248328, 0.3], [0.0, 1.0, -0.0, -0.22], [0.5664062369248328, 0.0, -0.8241261886220157, 0.2891666666666668], [0.0, 0.0, 0.0, 1.0]]","[[-0.8204020050610623, 6.122365488644838e-07, -0.5717871545351589, 0.2999997563049899], [1.3564398795217398e-07, 0.999999999999607, 8.761196280826865e-07, -0.21999996101635916], [0.5717871545354707, 6.412108096514133e-07, -0.820402005060823, 0.28687499175113423], [0.0, 0.0, 0.0, 1.0]]"
3.2416666666666667,-66.75613109849441,32.50596650545247,3.914654194014285,-110.31148245447868,6.333806879629367,40.17770328310249,27.06931351104074,-66.75613109849441,-32.50596650545247,-3.914654194014285,-110.31148245447868,-6.333806879629367,40.17770328310249,-27.06931351104074,"[[-0.8278156308955021, -0.0, -0.5610002506640098, 0.3], [0.0, 1.0, -0.0, 0.22], [0.5610002506640098, 0.0, -0.8278156308955021, 0.2914583333333335], [0.0, 0.0, 0.0, 1.0]]","[[-0.8241262674757373, 1.0981565541739345e-06, -0.5664061221908744, 0.29999980324936104], [2.4209480042466856e-07, 0.9999999999987121, 1.5865645421474103e-06, 0.21999983294144848], [0.5664061221918871, 1.170405537118187e-06, -0.8241262674749419, 0.28916666868329494], [0.0, 0.0, 0.0, 1.0]]","[[-0.8278156308955021, -0.0, -0.5610002506640098, 0.3], [0.0, 1.0, -0.0, -0.22], [0.5610002506640098, 0.0, -0.8278156308955021, 0.2914583333333335], [0.0, 0.0, 0.0, 1.0]]","[[-0.8241267490439161, 6.111005863847308e-07, -0.5664054215047138, 0.2999997578552381], [1.2785776893897598e-07, 0.9999999999995932, 8.928755971037027e-07, -0.2199999641223736], [0.5664054215050291, 6.634233296331869e-07, -0.824126749043659, 0.28916666735618124], [0.0, 0.0, 0.0, 1.0]]"
3.25,-67.20979909335583,32.571816359240565,3.7493264769463646,-109.89817404742287,6.439733722146156,39.82375946521785,27.014212667458953,-67.20979909335583,-32.571816359240565,-3.7493264769463646,-109.89817404742287,-6.439733722146156,39.82375946521785,-27.014212667458953,"[[-0.8314696123025455, -0.0, -0.5555702330196022, 0.3], [0.0, 1.0000000000000002, -0.0, 0.22], [0.5555702330196022, 0.0, -0.8314696123025455, 0.29375000000000007], [0.0, 0.0, 0.0, 1.0]]","[[-0.8278157404087669, 1.1286847743322048e-06, -0.5610000890643521, 0.29999978209763933], [2.774582637106255e-07, 0.9999999999986775, 1.6024961026725359e-06, 0.2199998229397766], [0.5610000890654188, 1.1709173870827275e-06, -0.8278157404079853, 0.29145834912294977], [0.0, 0.0, 0.0, 1.0]]","[[-0.8314696123025455, -0.0, -0.5555702330196022, 0.3], [0.0, 1.0000000000000002, -0.0, -0.22], [0.5555702330196022, 0.0, -0.8314696123025455, 0.29375000000000007], [0.0, 0.0, 0.0, 1.0]]","[[-0.8278162178740371, 5.774554139380772e-07, -0.56099938451338, 0.2999997365093036], [9.837676468419094e-08, 0.9999999999996043, 8.841676949441775e-07, -0.2199999572686556], [0.5609993845136687, 6.767390527568458e-07, -0.8278162178737662, 0.29145834856674746], [0.0, 0.0, 0.0, 1.0]]"
3.2583333333333333,-67.66390422032413,32.63640604312679,3.58241671731194,-109.48181254580807,6.545544024560232,39.466543986720765,26.960091956023067,-67.66390422032413,-32.63640604312679,-3.58241671731194,-109.48181254580807,-6.545544024560232,39.466543986720765,-26.960091956023067,"[[-0.835087976318743, -0.0, -0.5501164165954936, 0.3], [0.0, 1.0, -0.0, 0.22], [0.5501164165954936, 0.0, -0.835087976318743, 0.29604166666666676], [0.0, 0.0, 0.0, 1.0]]","[[-0.8314696813260404, 1.1174882081879396e-06, -0.5555701297175041, 0.299999806147385], [2.755808029416262e-07, 0.9999999999986838, 1.5989900793203703e-06, 0.2199998250869436], [0.5555701297185597, 1.1764073092580749e-06, -0.8314696813252539, 0.29374999815368885], [0.0, 0.0, 0.0, 1.0]]","[[-0.835087976318743, -0.0, -0.5501164165954936, 0.3], [0.0, 1.0, -0.0, -0.22], [0.5501164165954936, 0.0, -0.835087976318743, 0.29604166666666676], [0.0, 0.0, 0.0, 1.0]]","[[-0.8314701546500585, 5.855100735390191e-07, -0.5555694213380229, 0.2999997603599841], [1.0622833946754088e-07, 0.9999999999995941, 8.949095479302602e-07, -0.21999996259349727], [0.5555694213383213, 6.850733631277064e-07, -0.8314701546497829, 0.29374999837044125], [0.0, 0.0, 0.0, 1.0]]"
3.2666666666666666,-68.11848063034516,32.699728726921975,3.4139311049699463,-109.06238428925592,6.651228395361485,39.106070507989585,26.906973574847875,-68.11848063034516,-32.699728726921975,-3.4139311049699463,-109.06238428925592,-6.651228395361485,39.106070507989585,-26.906973574847875,"[[-0.8386705679454239, -0.0, -0.5446390350150273, 0.3], [0.0, 1.0, -0.0, 0.22], [0.5446390350150273, 0.0, -0.8386705679454239, 0.29833333333333345], [0.0, 0.0, 0.0, 1.0]]","[[-0.8350880502503282, 1.097982242696433e-06, -0.5501163043647228, 0.2999998099358328], [2.7123605952873674e-07, 0.9999999999987086, 1.5841672818477282e-06, 0.21999983050334804], [0.5501163043657518, 1.1737077879901822e-06, -0.8350880502495472, 0.2960416747102688], [0.0, 0.0, 0.0, 1.0]]","[[-0.8386705679454239, -0.0, -0.5446390350150273, 0.3], [0.0, 1.0, -0.0, -0.22], [0.5446390350150273, 0.0, -0.8386705679454239, 0.29833333333333345], [0.0, 0.0, 0.0, 1.0]]","[[-0.8314701546500585, 5.855100735390191e-07, -0.5555694213380229, 0.2999997603599841], [1.0622833946754088e-07, 0.9999999999995941, 8.949095479302602e-07, -0.21999996259349727], [0.5555694213383213, 6.850733631277064e-07, -0.8314701546497829, 0.29374999837044125], [0.0, 0.0, 0.0, 1.0]]"
3.275,-68.57354198379726,32.761777580436956,3.243875402892496,-108.6398756173881,6.756778723700277,38.74235268940265,26.854881429595483,-68.57354198379726,-32.761777580436956,-3.243875402892496,-108.6398756173881,-6.756778723700277,38.74235268940265,-26.854881429595483,"[[-0.8422172337162865, -0.0, -0.5391383229110005, 0.3], [0.0, 1.0, -0.0, 0.22], [0.5391383229110005, 0.0, -0.8422172337162865, 0.30062500000000003], [0.0, 0.0, 0.0, 1.0]]","[[-0.8386706209343574, 1.0464289972410693e-06, -0.5446389534182113, 0.2999998229483957], [2.3041472777924125e-07, 0.9999999999987467, 1.5665183862924779e-06, 0.2199998386602828], [0.5446389534191679, 1.1883001115471718e-06, -0.8386706209335472, 0.2983333355610461], [0.0, 0.0, 0.0, 1.0]]","[[-0.8422172337162865, -0.0, -0.5391383229110005, 0.3], [0.0, 1.0, -0.0, -0.22], [0.5391383229110005, 0.0, -0.8422172337162865, 0.30062500000000003], [0.0, 0.0, 0.0, 1.0]]","[[-0.8350885193949072, 6.018485246468099e-07, -0.5501155921935496, 0.2999997639445545], [1.1663910156082235e-07, 0.9999999999995729, 9.169791897901571e-07, -0.21999997121730844], [0.5501155921938664, 7.015938054897486e-07, -0.8350885193946208, 0.29604167570183737], [0.0, 0.0, 0.0, 1.0]]"
3.283333333333333,-69.02911560143711,32.82254235838798,3.072255800938524,-108.21427286982627,6.862186898726968,38.375400776243715,26.803839425927976,-69.02911560143711,-32.82254235838798,-3.072255800938524,-108.21427286982627,-6.862186898726968,38.375400776243715,-26.803839425927976,"[[-0.8457278217039732, -0.0, -0.5336145159156117, 0.3], [0.0, 1.0, -0.0, 0.22], [0.5336145159156117, 0.0, -0.8457278217039732, 0.3029166666666667], [0.0, 0.0, 0.0, 1.0]]","[[-0.8422173142987159, 1.0739831946411574e-06, -0.5391381970277236, 0.29999980664464854], [2.5041201816859777e-07, 0.9999999999986873, 1.6008545897653926e-06, 0.21999983027532852], [0.5391381970287352, 1.2132607691854902e-06, -0.8422173142978793, 0.30062500188081204], [0.0, 0.0, 0.0, 1.0]]","[[-0.8457278217039732, -0.0, -0.5336145159156117, 0.3], [0.0, 1.0, -0.0, -0.22], [0.5336145159156117, 0.0, -0.8457278217039732, 0.3029166666666667], [0.0, 0.0, 0.0, 1.0]]","[[-0.8422177749713319, 6.194350604307097e-07, -0.539137477385829, 0.2999997602313447], [1.4987187469819433e-07, 0.9999999999995705, 9.148136130005787e-07, -0.2199999774932909], [0.539137477386164, 6.896707411989628e-07, -0.842217774971063, 0.3006250044269177], [0.0, 0.0, 0.0, 1.0]]"
3.2916666666666665,-69.48522197383222,32.88201623058586,2.8990778486367317,-107.78554872581374,6.967446517139211,38.00522842889112,26.75386634686558,-69.48522197383222,-32.88201623058586,-2.8990778486367317,-107.78554872581374,-6.967446517139211,38.00522842889112,-26.75386634686558,"[[-0.8492021815265788, -0.0, -0.5280678506503681, 0.3], [0.0, 0.9999999999999999, -0.0, 0.22], [0.5280678506503681, 0.0, -0.8492021815265788, 0.3052083333333334], [0.0, 0.0, 0.0, 1.0]]","[[-0.8457278646450137, 1.0444593832596589e-06, -0.5336144478571528, 0.29999982965490335], [2.3883096154875487e-07, 0.999999999998725, 1.5788054231284819e-06, 0.21999983574636556], [0.5336144478581216, 1.2077960875143868e-06, -0.845727864644185, 0.3029166612837531], [0.0, 0.0, 0.0, 1.0]]","[[-0.8492021815265788, -0.0, -0.5280678506503681, 0.3], [0.0, 0.9999999999999999, -0.0, -0.22], [0.5280678506503681, 0.0, -0.8492021815265788, 0.3052083333333334], [0.0, 0.0, 0.0, 1.0]]","[[-0.8422177749713319, 6.194350604307097e-07, -0.539137477385829, 0.2999997602313447], [1.4987187469819433e-07, 0.9999999999995705, 9.148136130005787e-07, -0.2199999774932909], [0.539137477386164, 6.896707411989628e-07, -0.842217774971063, 0.3006250044269177], [0.0, 0.0, 0.0, 1.0]]"
3.3,-69.94188842173926,32.940192366841444,2.7243470955158196,-107.35369635516135,7.072552029408307,37.63184589262862,26.704986098070382,-69.94188842173926,-32.940192366841444,-2.7243470955158196,-107.35369635516135,-7.072552029408307,37.63184589262862,-26.704986098070382,"[[-0.8526401643540922, -0.0, -0.522498564715949, 0.3], [0.0, 1.0, -0.0, 0.22], [0.522498564715949, 0.0, -0.8526401643540922, 0.3075], [0.0, 0.0, 0.0, 1.0]]","[[-0.8492022640978503, 1.0766312377380873e-06, -0.5280677178638417, 0.29999980029645684], [2.711467090685616e-07, 0.9999999999986788, 1.6027732994486744e-06, 0.2199998258931176], [0.5280677178648695, 1.2178948908632696e-06, -0.8492022640970203, 0.30520833916562856], [0.0, 0.0, 0.0, 1.0]]","[[-0.8526401643540922, -0.0, -0.522498564715949, 0.3], [0.0, 1.0, -0.0, -0.22], [0.522498564715949, 0.0, -0.8526401643540922, 0.3075], [0.0, 0.0, 0.0, 1.0]]","[[-0.8492027161499554, 6.10269593526489e-07, -0.5280669909047203, 0.2999997534422918], [1.4191642432451226e-07, 0.9999999999995599, 9.274463069249518e-07, -0.2199999797341392], [0.5280669909050538, 7.126485437709116e-07, -0.849202716149668, 0.305208343271682], [0.0, 0.0, 0.0, 1.0]]"
3.308333333333333,-70.3991286055366,32.99706052187097,2.548068877661076,-106.91868843711241,7.177498312892376,37.255263412739964,26.657217462562606,-70.3991286055366,-32.99706052187097,-2.548068877661076,-106.91868843711241,-7.177498312892376,37.255263412739964,-26.657217462562606,"[[-0.8560416229147715, -0.0, -0.5169068966820276, 0.3], [0.0, 1.0, -0.0, 0.22], [0.5169068966820276, 0.0, -0.8560416229147715, 0.3097916666666667], [0.0, 0.0, 0.0, 1.0]]","[[-0.8526402136778468, 1.0851529656830096e-06, -0.5224984842257613, 0.29999981619645877], [2.830432758339704e-07, 0.9999999999986557, 1.6149690610964515e-06, 0.2199998192256475], [0.5224984842268116, 1.2290978827428464e-06, -0.8526402136770079, 0.3074999850474984], [0.0, 0.0, 0.0, 1.0]]","[[-0.8560416229147715, -0.0, -0.5169068966820276, 0.3], [0.0, 1.0, -0.0, -0.22], [0.5169068966820276, 0.0, -0.8560416229147715, 0.3097916666666667], [0.0, 0.0, 0.0, 1.0]]","[[-0.8526406613648727, 5.984493414852177e-07, -0.5224977536668598, 0.29999976911489135], [1.3654900071704842e-07, 0.9999999999995652, 9.22534322534512e-07, -0.21999997642285138], [0.5224977536671847, 7.152437287575088e-07, -0.8526406613645836, 0.3074999899351216], [0.0, 0.0, 0.0, 1.0]]"
3.3166666666666664,-70.85697667617006,33.05261728057985,2.3702481042709675,-106.4805044810994,7.282281098723187,36.875491234508914,26.61058093090976,-70.85697667617006,-33.05261728057985,-2.3702481042709675,-106.4805044810994,-7.282281098723187,36.875491234508914,-26.61058093090976,"[[-0.8594064115014526, -0.0, -0.511293086077052, 0.3], [0.0, 1.0, -0.0, 0.22], [0.511293086077052, 0.0, -0.8594064115014526, 0.3120833333333335], [0.0, 0.0, 0.0, 1.0]]","[[-0.8560416700196757, 1.043743369264469e-06, -0.5169068186712529, 0.2999998173373013], [2.5568359902133565e-07, 0.9999999999986943, 1.5957761135374912e-06, 0.21999982650908612], [0.5169068186722434, 1.2338862534536066e-06, -0.8560416700188246, 0.30979165986022844], [0.0, 0.0, 0.0, 1.0]]","[[-0.8594064115014526, -0.0, -0.511293086077052, 0.3], [0.0, 1.0, -0.0, -0.22], [0.511293086077052, 0.0, -0.8594064115014526, 0.3120833333333335], [0.0, 0.0, 0.0, 1.0]]","[[-0.8526406613648727, 5.984493414852177e-07, -0.5224977536668598, 0.29999976911489135], [1.3654900071704842e-07, 0.9999999999995652, 9.22534322534512e-07, -0.21999997642285138], [0.5224977536671847, 7.152437287575088e-07, -0.8526406613645836, 0.3074999899351216], [0.0, 0.0, 0.0, 1.0]]"
3.3249999999999997,-71.31545312420718,33.10684898258975,2.1908896845439596,-106.03913082674401,7.38689739869298,36.49253960321923,26.56509699367935,-71.31545312420718,-33.10684898258975,-2.1908896845439596,-106.03913082674401,-7.38689739869298,36.49253960321923,-26.56509699367935,"[[-0.8627343859777918, -0.0, -0.5056573733779846, 0.3], [0.0, 1.0, -0.0, 0.22], [0.5056573733779846, 0.0, -0.8627343859777918, 0.3143750000000002], [0.0, 0.0, 0.0, 1.0]]","[[-0.8594064997943167, 1.076064719280523e-06, -0.5112929376689294, 0.29999978732396126], [2.86044722801438e-07, 0.9999999999986411, 1.6237971700857582e-06, 0.21999981426156107], [0.5112929376699816, 1.2492491956934763e-06, -0.8594064997934563, 0.3120833402363704], [0.0, 0.0, 0.0, 1.0]]","[[-0.8627343859777918, -0.0, -0.5056573733779846, 0.3], [0.0, 1.0, -0.0, -0.22], [0.5056573733779846, 0.0, -0.8627343859777918, 0.3143750000000002], [0.0, 0.0, 0.0, 1.0]]","[[-0.8594069386430045, 6.008591277068069e-07, -0.5112922000303717, 0.29999973977382227], [1.4688596215141892e-07, 0.9999999999995584, 9.282838905349323e-07, -0.21999997826045437], [0.5112922000307036, 7.226719698142673e-07, -0.8594069386427134, 0.31208334668942006], [0.0, 0.0, 0.0, 1.0]]"
3.3333333333333335,-71.77457844021544,33.15974879771151,2.009998527678519,-105.59453332310036,7.491344651480815,36.106415349060065,26.5207844338916,-71.77457844021544,-33.15974879771151,-2.009998527678519,-105.59453332310036,-7.491344651480815,36.106415349060065,-26.5207844338916,"[[-0.8660254037844387, -0.0, -0.49999999999999994, 0.3], [0.0, 1.0, -0.0, 0.22], [0.49999999999999994, 0.0, -0.8660254037844387, 0.31666666666666676], [0.0, 0.0, 0.0, 1.0]]","[[-0.8627344628235151, 1.0642932059558108e-06, -0.5056572422654386, 0.2999998069554163], [2.962213670102497e-07, 0.9999999999986772, 1.5993696053609246e-06, 0.21999982200040893], [0.5056572422664718, 1.2300447977948132e-06, -0.8627344628226891, 0.31437501485339425], [0.0, 0.0, 0.0, 1.0]]","[[-0.8660254037844387, -0.0, -0.49999999999999994, 0.3], [0.0, 1.0, -0.0, -0.22], [0.49999999999999994, 0.0, -0.8660254037844387, 0.31666666666666676], [0.0, 0.0, 0.0, 1.0]]","[[-0.8594069386430045, 6.008591277068069e-07, -0.5112922000303717, 0.29999973977382227], [1.4688596215141892e-07, 0.9999999999995584, 9.282838905349323e-07, -0.21999997826045437], [0.5112922000307036, 7.226719698142673e-07, -0.8594069386427134, 0.31208334668942006], [0.0, 0.0, 0.0, 1.0]]"
3.341666666666667,-72.23437311476235,33.21130989575593,1.8275789025428761,-105.14670513997932,7.5956211495394,35.71713213240977,26.477662034566723,-72.23437311476235,-33.21130989575593,-1.8275789025428761,-105.14670513997932,-7.5956211495394,35.71713213240977,-26.477662034566723,"[[-0.8692793239451436, -0.0, -0.4943212082861445, 0.3], [0.0, 0.9999999999999999, -0.0, 0.22], [0.4943212082861445, 0.0, -0.8692793239451436, 0.31895833333333345], [0.0, 0.0, 0.0, 1.0]]","[[-0.8660254750082772, 1.0365321448026004e-06, -0.4999998766355986, 0.29999980576150775], [2.5998369375955676e-07, 0.9999999999986497, 1.6227596862189032e-06, 0.21999981892976672], [0.49999987663660544, 1.2753594132749625e-06, -0.866025475007377, 0.31666666659790843], [0.0, 0.0, 0.0, 1.0]]","[[-0.8692793239451436, -0.0, -0.4943212082861445, 0.3], [0.0, 0.9999999999999999, -0.0, -0.22], [0.4943212082861445, 0.0, -0.8692793239451436, 0.31895833333333345], [0.0, 0.0, 0.0, 1.0]]","[[-0.8660259048770518, 6.336039616842198e-07, -0.4999991320807288, 0.29999975772469767], [1.8666020669894786e-07, 0.999999999999537, 9.439044130115258e-07, -0.21999998984942554], [0.4999991320810954, 7.241157320522656e-07, -0.8660259048767691, 0.31666667461824133], [0.0, 0.0, 0.0, 1.0]]"
3.35,-72.69487129879379,33.261518616344695,1.643634971283557,-104.695612126435,7.699726892868735,35.32469678345752,26.43574857872494,-72.69487129879379,-33.261518616344695,-1.643634971283557,-104.695612126435,-7.699726892868735,35.32469678345752,-26.43574857872494,"[[-0.8724960070727971, -0.0, -0.4886212414969548, 0.3], [0.0, 0.9999999999999999, -0.0, 0.22], [0.4886212414969548, 0.0, -0.8724960070727971, 0.32125000000000015], [0.0, 0.0, 0.0, 1.0]]","[[-0.8692794027820171, 1.059381643717455e-06, -0.4943210696478731, 0.2999998002712043], [2.9849283830079034e-07, 0.9999999999986461, 1.6181951703434586e-06, 0.21999981304185195], [0.49432106964891814, 1.25911243214983e-06, -0.8692794027811565, 0.31895833770446247], [0.0, 0.0, 0.0, 1.0]]","[[-0.8724960070727971, -0.0, -0.4886212414969548, 0.3], [0.0, 0.9999999999999999, -0.0, -0.22], [0.4886212414969548, 0.0, -0.8724960070727971, 0.32125000000000015], [0.0, 0.0, 0.0, 1.0]]","[[-0.8692798281086171, 6.073188577860645e-07, -0.49432032169746437, 0.2999997519843931], [1.5514861462570423e-07, 0.9999999999995315, 9.557594053796739e-07, -0.219999987466508], [0.4943203216978131, 7.541292585289429e-07, -0.8692798281083038, 0.3189583465086511], [0.0, 0.0, 0.0, 1.0]]"
3.3583333333333334,-73.15608665268806,33.31036812928863,1.458170789325381,-104.24123379189989,7.803659320147879,34.92911613239248,26.39506284938647,-73.15608665268806,-33.31036812928863,-1.458170789325381,-104.24123379189989,-7.803659320147879,34.92911613239248,-26.39506284938647,"[[-0.8756753153753998, -0.0, -0.48290034380003716, 0.3], [0.0, 1.0, -0.0, 0.22], [0.48290034380003716, 0.0, -0.8756753153753998, 0.3235416666666667], [0.0, 0.0, 0.0, 1.0]]","[[-0.8724960561475612, 1.0763691368242124e-06, -0.4886211538664625, 0.2999998180504142], [3.07461384218392e-07, 0.9999999999985851, 1.6538585881513522e-06, 0.21999980294054775], [0.4886211538675513, 1.292752959261658e-06, -0.8724960561466575, 0.32124997950650547], [0.0, 0.0, 0.0, 1.0]]","[[-0.8756753153753998, -0.0, -0.48290034380003716, 0.3], [0.0, 1.0, -0.0, -0.22], [0.48290034380003716, 0.0, -0.8756753153753998, 0.3235416666666667], [0.0, 0.0, 0.0, 1.0]]","[[-0.8724964768977092, 5.868678939392235e-07, -0.4886204025629112, 0.2999997695092164], [1.5327181834466986e-07, 0.9999999999995585, 9.273840593817434e-07, -0.21999998089991665], [0.48862040256323963, 7.342475869605448e-07, -0.8724964768974136, 0.3212499890944562], [0.0, 0.0, 0.0, 1.0]]"
3.3666666666666667,-73.61806015758022,33.357851604398554,1.271190412093168,-103.78354281561734,7.907420992697775,34.530400424498396,26.355620214476936,-73.61806015758022,-33.357851604398554,-1.271190412093168,-103.78354281561734,-7.907420992697775,34.530400424498396,-26.355620214476936,"[[-0.8788171126619654, -0.0, -0.4771587602596087, 0.3], [0.0, 1.0000000000000002, -0.0, 0.22], [0.4771587602596087, 0.0, -0.8788171126619654, 0.3258333333333334], [0.0, 0.0, 0.0, 1.0]]","[[-0.8756754091589711, 1.0617769896190053e-06, -0.48290017373484273, 0.29999978107437986], [3.0471026274042705e-07, 0.9999999999985987, 1.6461988395428864e-06, 0.2199998026241788], [0.4829001737359139, 1.2943912035575986e-06, -0.8756754091580674, 0.3235416754523963], [0.0, 0.0, 0.0, 1.0]]","[[-0.8788171126619654, -0.0, -0.4771587602596087, 0.3], [0.0, 1.0000000000000002, -0.0, -0.22], [0.4771587602596087, 0.0, -0.8788171126619654, 0.3258333333333334], [0.0, 0.0, 0.0, 1.0]]","[[-0.8724964768977092, 5.868678939392235e-07, -0.4886204025629112, 0.2999997695092164], [1.5327181834466986e-07, 0.9999999999995585, 9.273840593817434e-07, -0.21999998089991665], [0.48862040256323963, 7.342475869605448e-07, -0.8724964768974136, 0.3212499890944562], [0.0, 0.0, 0.0, 1.0]]"
3.375,-74.0807986436594,33.40395538129614,1.082697361403209,-103.32251187683065,8.011012764292065,34.12855307486987,26.31744116456386,-74.0807986436594,-33.40395538129614,-1.082697361403209,-103.32251187683065,-8.011012764292065,34.12855307486987,-26.31744116456386,"[[-0.8819212643483549, -0.0, -0.4713967368259978, 0.3], [0.0, 1.0, -0.0, 0.22], [0.4713967368259978, 0.0, -0.8819212643483549, 0.3281250000000001], [0.0, 0.0, 0.0, 1.0]]","[[-0.8788171891784792, 1.047594077282746e-06, -0.47715861933254433, 0.29999979260490484], [2.9900051447270005e-07, 0.9999999999986026, 1.6447932695573887e-06, 0.21999980499687716], [0.4771586193336006, 1.3028019252665906e-06, -0.8788171891775644, 0.3258333324223625], [0.0, 0.0, 0.0, 1.0]]","[[-0.8819212643483549, -0.0, -0.4713967368259978, 0.3], [0.0, 1.0, -0.0, -0.22], [0.4713967368259978, 0.0, -0.8819212643483549, 0.3281250000000001], [0.0, 0.0, 0.0, 1.0]]","[[-0.8788176006741246, 6.086306673824035e-07, -0.47715786145153716, 0.29999974354191544], [1.7619933895063803e-07, 0.9999999999995324, 9.510135402667804e-07, -0.21999999011477978], [0.47715786145189276, 7.51692537902996e-07, -0.8788176006738209, 0.3258333435767349], [0.0, 0.0, 0.0, 1.0]]"
3.3833333333333333,-74.54433626187149,33.44866921469763,0.8926948922675297,-102.85811365478314,8.114437196251691,33.723580913696054,26.280541067572866,-74.54433626187149,-33.44866921469763,-0.8926948922675297,-102.85811365478314,-8.114437196251691,33.723580913696054,-26.280541067572866,"[[-0.8849876374630419, -0.0, -0.4656145203251116, 0.3], [0.0, 1.0, -0.0, 0.22], [0.4656145203251116, 0.0, -0.8849876374630419, 0.3304166666666668], [0.0, 0.0, 0.0, 1.0]]","[[-0.8819213332077, 1.0481400245339413e-06, -0.4713966079980364, 0.29999980549658833], [3.115728375245344e-07, 0.9999999999986058, 1.6405660947707918e-06, 0.21999980577449807], [0.47139660799909866, 1.2999758587622178e-06, -0.881921333206797, 0.32812499369327086], [0.0, 0.0, 0.0, 1.0]]","[[-0.8849876374630419, -0.0, -0.4656145203251116, 0.3], [0.0, 1.0, -0.0, -0.22], [0.4656145203251116, 0.0, -0.8849876374630419, 0.3304166666666668], [0.0, 0.0, 0.0, 1.0]]","[[-0.8819217400261947, 6.045358297661956e-07, -0.4713958468938856, 0.29999975616629654], [1.7100222658209254e-07, 0.9999999999995222, 9.62514310509848e-07, -0.2199999945161735], [0.4713958468942422, 7.682525561045524e-07, -0.8819217400258768, 0.32812500562991925], [0.0, 0.0, 0.0, 1.0]]"
3.3916666666666666,-75.00870033297315,33.491982859319265,0.7011864197807156,-102.39032082871813,8.217695142350298,33.31549418626072,26.24493699897688,-75.00870033297315,-33.491982859319265,-0.7011864197807156,-102.39032082871813,-8.217695142350298,33.31549418626072,-26.24493699897688,"[[-0.8880161006528073, -0.0, -0.45981235844786, 0.3], [0.0, 1.0, -0.0, 0.22], [0.45981235844786, 0.0, -0.8880161006528073, 0.3327083333333334], [0.0, 0.0, 0.0, 1.0]]","[[-0.8849876947462432, 1.0564774576321473e-06, -0.46561441144643934, 0.29999980880913396], [3.3611975715068694e-07, 0.9999999999986149, 1.6301377060760107e-06, 0.2199998038320132], [0.4656144114475166, 1.2861496077179006e-06, -0.8849876947453723, 0.33041666518972856], [0.0, 0.0, 0.0, 1.0]]","[[-0.8880161006528073, -0.0, -0.45981235844786, 0.3], [0.0, 1.0, -0.0, -0.22], [0.45981235844786, 0.0, -0.8880161006528073, 0.3327083333333334], [0.0, 0.0, 0.0, 1.0]]","[[-0.8819217400261947, 6.045358297661956e-07, -0.4713958468938856, 0.29999975616629654], [1.7100222658209254e-07, 0.9999999999995222, 9.62514310509848e-07, -0.2199999945161735], [0.4713958468942422, 7.682525561045524e-07, -0.8819217400258768, 0.32812500562991925], [0.0, 0.0, 0.0, 1.0]]"
3.4,-75.47391134753188,33.53388606987729,0.5081749321505286,-101.91910607787896,8.320791725229762,32.90429289256386,26.210646034248832,-75.47391134753188,-33.53388606987729,-0.5081749321505286,-101.91910607787896,-8.320791725229762,32.90429289256386,-26.210646034248832,"[[-0.8910065241883678, -0.0, -0.4539904997395469, 0.3], [0.0, 1.0, -0.0, 0.22], [0.4539904997395469, 0.0, -0.8910065241883678, 0.3350000000000001], [0.0, 0.0, 0.0, 1.0]]","[[-0.8880161628145925, 1.0824144098812925e-06, -0.4598122383961476, 0.29999980821774275], [3.6298154072208443e-07, 0.9999999999985679, 1.6530245857883118e-06, 0.2199997950097254], [0.45981223839727836, 1.3010091949740138e-06, -0.8880161628137136, 0.33270832606299383], [0.0, 0.0, 0.0, 1.0]]","[[-0.8910065241883678, -0.0, -0.4539904997395469, 0.3], [0.0, 1.0, -0.0, -0.22], [0.4539904997395469, 0.0, -0.8910065241883678, 0.3350000000000001], [0.0, 0.0, 0.0, 1.0]]","[[-0.88801656018082, 5.630768321404419e-07, -0.45981147097947384, 0.2999997583402993], [1.3462811565220918e-07, 0.9999999999995258, 9.645797548945308e-07, -0.21999999108776136], [0.4598114709797989, 7.946592440682624e-07, -0.8880165601804745, 0.33270833956129797], [0.0, 0.0, 0.0, 1.0]]"
3.408333333333333,-75.93999662630439,33.574372016182544,0.3136630974196129,-101.44443525131975,8.42373035998467,32.48998727788923,26.17768354131435,-75.93999662630439,-33.574372016182544,-0.3136630974196129,-101.44443525131975,-8.42373035998467,32.48998727788923,-26.17768354131435,"[[-0.893958779969932, -0.0, -0.44814919358922256, 0.3], [0.0, 1.0, -0.0, 0.22], [0.44814919358922256, 0.0, -0.893958779969932, 0.33729166666666677], [0.0, 0.0, 0.0, 1.0]]","[[-0.8910065618907316, 1.0019967483665774e-06, -0.4539904257433787, 0.299999816752488], [2.9519618069618025e-07, 0.9999999999986317, 1.6277325961440839e-06, 0.21999980673539887], [0.45399042574438847, 1.3163041844157364e-06, -0.8910065618898081, 0.33499998456797375], [0.0, 0.0, 0.0, 1.0]]","[[-0.893958779969932, -0.0, -0.44814919358922256, 0.3], [0.0, 1.0, -0.0, -0.22], [0.44814919358922256, 0.0, -0.893958779969932, 0.33729166666666677], [0.0, 0.0, 0.0, 1.0]]","[[-0.8910069544826359, 6.398585063489037e-07, -0.4539896552380559, 0.2999997665952705], [2.1007307486974252e-07, 0.999999999999481, 9.971194948323422e-07, -0.2200000065259487], [0.45398965523845825, 7.930694015109168e-07, -0.8910069544823077, 0.334999998845251], [0.0, 0.0, 0.0, 1.0]]"
3.4166666666666665,-76.4069903202365,33.61342020766751,0.11765361031103976,-100.96627419809467,8.526515315483254,32.07257392714224,26.146068303193655,-76.4069903202365,-33.61342020766751,-0.11765361031103976,-100.96627419809467,-8.526515315483254,32.07257392714224,-26.146068303193655,"[[-0.8968727415326883, -0.0, -0.4422886902190013, 0.3], [0.0, 1.0, -0.0, 0.22], [0.4422886902190013, 0.0, -0.8968727415326883, 0.33958333333333335], [0.0, 0.0, 0.0, 1.0]]","[[-0.8939588393617686, 1.0475502302142445e-06, -0.44814907511436686, 0.29999981269171083], [3.5362394707130216e-07, 0.9999999999986056, 1.6321019444963415e-06, 0.21999980253045237], [0.44814907511545166, 1.300555715203739e-06, -0.8939588393608924, 0.3372916698818389], [0.0, 0.0, 0.0, 1.0]]","[[-0.8968727415326883, -0.0, -0.4422886902190013, 0.3], [0.0, 1.0, -0.0, -0.22], [0.4422886902190013, 0.0, -0.8968727415326883, 0.33958333333333335], [0.0, 0.0, 0.0, 1.0]]","[[-0.893959227147783, 5.906395044507394e-07, -0.44814830156655727, 0.2999997622506803], [1.5939997613091742e-07, 0.9999999999994873, 9.999868869624855e-07, -0.22000000606304182], [0.4481483015669181, 8.225126760540804e-07, -0.8939592271474186, 0.3372916849365658], [0.0, 0.0, 0.0, 1.0]]"
3.425,-76.87490608970657,33.6510272292376,-0.07985119463787695,-100.4846024276362,8.629152568141036,31.65206650070123,26.11581398026508,-76.87490608970657,-33.6510272292376,0.07985119463787695,-100.4846024276362,-8.629152568141036,31.65206650070123,-26.11581398026508,"[[-0.8997482840522214, -0.0, -0.43640924067334247, 0.3], [0.0, 1.0000000000000002, -0.0, 0.22], [0.43640924067334247, 0.0, -0.8997482840522214, 0.34187500000000004], [0.0, 0.0, 0.0, 1.0]]","[[-0.8968728041413887, 1.023817843439448e-06, -0.44228856325990873, 0.2999997915617778], [3.215701184885163e-07, 0.999999999998566, 1.662738787819267e-06, 0.219999793042727], [0.44228856326097676, 1.3490384134925147e-06, -0.8968728041404317, 0.3395833240024956], [0.0, 0.0, 0.0, 1.0]]","[[-0.8997482840522214, -0.0, -0.43640924067334247, 0.3], [0.0, 1.0000000000000002, -0.0, -0.22], [0.43640924067334247, 0.0, -0.8997482840522214, 0.34187500000000004], [0.0, 0.0, 0.0, 1.0]]","[[-0.8968731870903124, 6.106767494722111e-07, -0.442287786715949, 0.2999997408329541], [1.9930344044635698e-07, 0.9999999999995033, 9.765741913152038e-07, -0.2200000003467413], [0.4422877867163257, 7.877137298351181e-07, -0.8968731870899884, 0.3395833398329282], [0.0, 0.0, 0.0, 1.0]]"
3.433333333333333,-76.87490608970657,33.6510272292376,-0.07985119463787695,-100.4846024276362,8.629152568141036,31.65206650070123,26.11581398026508,-77.34377808566043,-33.687176005419886,0.27884916965280837,-99.99936529843099,-8.73164809437354,31.22845816837704,-26.08693764800156,"[[-0.9025852843498605, -0.0, -0.4305110968082955, 0.3], [0.0, 1.0, -0.0, 0.22], [0.4305110968082955, 0.0, -0.9025852843498605, 0.34416666666666673], [0.0, 0.0, 0.0, 1.0]]","[[-0.8997483068824105, 9.71297523669217e-07, -0.43640919360308217, 0.29999982931698715], [2.8745752552285404e-07, 0.9999999999986254, 1.6330043276454328e-06, 0.21999980435285882], [0.4364091936040684, 1.343843772022061e-06, -0.8997483068814528, 0.3418749805294661], [0.0, 0.0, 0.0, 1.0]]","[[-0.9025852843498605, -0.0, -0.4305110968082955, 0.3], [0.0, 1.0, -0.0, -0.22], [0.4305110968082955, 0.0, -0.9025852843498605, 0.34416666666666673], [0.0, 0.0, 0.0, 1.0]]","[[-0.8968731870903124, 6.106767494722111e-07, -0.442287786715949, 0.2999997408329541], [1.9930344044635698e-07, 0.9999999999995033, 9.765741913152038e-07, -0.2200000003467413], [0.4422877867163257, 7.877137298351181e-07, -0.8968731870899884, 0.3395833398329282], [0.0, 0.0, 0.0, 1.0]]"
3.4416666666666664,-77.81364045904395,33.72185287583604,-0.47933835372241074,-99.51054231991151,8.834008724369935,30.801755760358834,26.059458089423305,-77.81364045904395,-33.72185287583604,0.47933835372241074,-99.51054231991151,-8.834008724369935,30.801755760358834,-26.059458089423305,"[[-0.9053836208979554, -0.0, -0.42459451128071307, 0.3], [0.0, 1.0000000000000002, -0.0, 0.22], [0.42459451128071307, 0.0, -0.9053836208979554, 0.34645833333333353], [0.0, 0.0, 0.0, 1.0]]","[[-0.9025853381060958, 1.0560269737754022e-06, -0.43051098410469096, 0.2999998090184207], [3.885582376268439e-07, 0.9999999999985825, 1.638332194841405e-06, 0.21999979224358673], [0.43051098410581085, 1.3114560287483144e-06, -0.9025853381052267, 0.3441666678857103], [0.0, 0.0, 0.0, 1.0]]","[[-0.9053836208979554, -0.0, -0.42459451128071307, 0.3], [0.0, 1.0000000000000002, -0.0, -0.22], [0.42459451128071307, 0.0, -0.9053836208979554, 0.34645833333333353], [0.0, 0.0, 0.0, 1.0]]","[[-0.9025857112892278, 5.709881196772608e-07, -0.430510201709777, 0.2999997577021878], [1.4830016176845942e-07, 0.9999999999994736, 1.015387117301244e-06, -0.2200000071787136], [0.43051020171013016, 8.526291709467299e-07, -0.9025857112888372, 0.3441666852614893], [0.0, 0.0, 0.0, 1.0]]"
3.4499999999999997,-78.28450687023546,33.75505101029689,-0.6813170793200313,-99.01809251094276,8.936241288319394,30.37195927664661,26.03338725736137,-78.28450687023546,-33.75505101029689,0.6813170793200313,-99.01809251094276,-8.936241288319394,30.37195927664661,-26.03338725736137,"[[-0.9081431738250815, -0.0, -0.418659737537428, 0.3], [0.0, 1.0000000000000002, -0.0, 0.22], [0.418659737537428, 0.0, -0.9081431738250815, 0.3487500000000001], [0.0, 0.0, 0.0, 1.0]]","[[-0.9053836696900813, 1.0303736964416229e-06, -0.42459440723761305, 0.29999981961161165], [3.674875273505804e-07, 0.9999999999985826, 1.6431127647230988e-06, 0.21999979452126964], [0.4245944072387043, 1.3316143157969786e-06, -0.9053836696891767, 0.3464583267628797], [0.0, 0.0, 0.0, 1.0]]","[[-0.9081431738250815, -0.0, -0.418659737537428, 0.3], [0.0, 1.0000000000000002, -0.0, -0.22], [0.418659737537428, 0.0, -0.9081431738250815, 0.3487500000000001], [0.0, 0.0, 0.0, 1.0]]","[[-0.9025857112892278, 5.709881196772608e-07, -0.430510201709777, 0.2999997577021878], [1.4830016176845942e-07, 0.9999999999994736, 1.015387117301244e-06, -0.2200000071787136], [0.43051020171013016, 8.526291709467299e-07, -0.9025857112888372, 0.3441666852614893], [0.0, 0.0, 0.0, 1.0]]"
3.4583333333333335,-78.75641147018081,33.78675333332951,-0.8847838256613625,-98.52198172057889,9.038352616411084,29.939075547429542,26.00874222728867,-78.75641147018081,-33.78675333332951,0.8847838256613625,-98.52198172057889,-9.038352616411084,29.939075547429542,-26.00874222728867,"[[-0.9108638249211759, -0.0, -0.4127070298043946, 0.3], [0.0, 1.0, -0.0, 0.22], [0.4127070298043946, 0.0, -0.9108638249211759, 0.3510416666666668], [0.0, 0.0, 0.0, 1.0]]","[[-0.9081432001189061, 1.002540107727919e-06, -0.4186596805005082, 0.29999982099139216], [3.366989321893554e-07, 0.9999999999985586, 1.6642855627712356e-06, 0.219999786151785], [0.41865968050157315, 1.3704473495115064e-06, -0.9081432001179345, 0.34874997653511725], [0.0, 0.0, 0.0, 1.0]]","[[-0.9108638249211759, -0.0, -0.4127070298043946, 0.3], [0.0, 1.0, -0.0, -0.22], [0.4127070298043946, 0.0, -0.9108638249211759, 0.3510416666666668], [0.0, 0.0, 0.0, 1.0]]","[[-0.9081435634167075, 6.168751547889432e-07, -0.41865889244637366, 0.29999976907243303], [2.165250897460823e-07, 0.9999999999994728, 1.0037749007596137e-06, -0.22000000883506995], [0.4186588924467721, 8.209215609841409e-07, -0.9081435634163623, 0.34874999544663454], [0.0, 0.0, 0.0, 1.0]]"
3.466666666666667,-79.22938840982584,33.81694618455555,-1.0897372587250822,-98.0221621374957,9.14035380770241,29.503094327423874,25.98554178222543,-79.22938840982584,-33.81694618455555,1.0897372587250822,-98.0221621374957,-9.14035380770241,29.503094327423874,-25.98554178222543,"[[-0.9135454576426011, -0.0, -0.40673664307580004, 0.3], [0.0, 1.0, -0.0, 0.22], [0.40673664307580004, 0.0, -0.9135454576426011, 0.3533333333333335], [0.0, 0.0, 0.0, 1.0]]","[[-0.9108638742940728, 1.0323144808839304e-06, -0.41270692083478105, 0.29999981261551184], [3.7748566404740396e-07, 0.9999999999985375, 1.6681969496541333e-06, 0.21999978352131505], [0.4127069208358995, 1.363709390579241e-06, -0.9108638742931302, 0.3510416524659451], [0.0, 0.0, 0.0, 1.0]]","[[-0.9135454576426011, -0.0, -0.40673664307580004, 0.3], [0.0, 1.0, -0.0, -0.22], [0.40673664307580004, 0.0, -0.9135454576426011, 0.3533333333333335], [0.0, 0.0, 0.0, 1.0]]","[[-0.9081435634167075, 6.168751547889432e-07, -0.41865889244637366, 0.29999976907243303], [2.165250897460823e-07, 0.9999999999994728, 1.0037749007596137e-06, -0.22000000883506995], [0.4186588924467721, 8.209215609841409e-07, -0.9081435634163623, 0.34874999544663454], [0.0, 0.0, 0.0, 1.0]]"
3.475,-79.70345817973809,33.84561590359667,-1.2961764180158384,-97.51859961074733,9.242251692382537,29.064022446818772,25.963799582549985,-79.70345817973809,-33.84561590359667,1.2961764180158384,-97.51859961074733,-9.242251692382537,29.064022446818772,-25.963799582549985,"[[-0.9161879571171359, -0.0, -0.4007488331031412, 0.3], [0.0, 1.0, -0.0, 0.22], [0.4007488331031412, 0.0, -0.9161879571171359, 0.3556250000000001], [0.0, 0.0, 0.0, 1.0]]","[[-0.9135455051072133, 1.0469081785206151e-06, -0.4067365364671716, 0.29999981421311367], [3.914219746153422e-07, 0.9999999999984873, 1.6947737200998483e-06, 0.21999977433942644], [0.4067365364683306, 1.389047295918861e-06, -0.913545505106241, 0.35333330782712424], [0.0, 0.0, 0.0, 1.0]]","[[-0.9161879571171359, -0.0, -0.4007488331031412, 0.3], [0.0, 1.0, -0.0, -0.22], [0.4007488331031412, 0.0, -0.9161879571171359, 0.3556250000000001], [0.0, 0.0, 0.0, 1.0]]","[[-0.9108642326055011, 5.832551850943715e-07, -0.41270613002432094, 0.2999997603895844], [1.840641172524358e-07, 0.9999999999994761, 1.00700652097953e-06, -0.22000001012243575], [0.4127061300246921, 8.412818324531593e-07, -0.9108642326051312, 0.3510416721411446], [0.0, 0.0, 0.0, 1.0]]"
3.4833333333333334,-80.17866176105257,33.87274883007455,-1.5041005031208377,-97.01124632900961,9.344056515735224,28.62185819806695,25.943530996187974,-80.17866176105257,-33.87274883007455,1.5041005031208377,-97.01124632900961,-9.344056515735224,28.62185819806695,-25.943530996187974,"[[-0.9187912101488983, -0.0, -0.3947438563842674, 0.3], [0.0, 1.0, -0.0, 0.22], [0.3947438563842674, 0.0, -0.9187912101488983, 0.35791666666666677], [0.0, 0.0, 0.0, 1.0]]","[[-0.9161880292719059, 1.0428926284900282e-06, -0.4007486681422334, 0.2999997873930089], [4.039503177658598e-07, 0.9999999999985093, 1.6788531975657652e-06, 0.21999977332041437], [0.40074866814338683, 1.3762626506743154e-06, -0.9161880292709613, 0.35562500133807945], [0.0, 0.0, 0.0, 1.0]]","[[-0.9187912101488983, -0.0, -0.3947438563842674, 0.3], [0.0, 1.0, -0.0, -0.22], [0.3947438563842674, 0.0, -0.9187912101488983, 0.35791666666666677], [0.0, 0.0, 0.0, 1.0]]","[[-0.9161883775254345, 5.648940350080172e-07, -0.4007478719681405, 0.29999973454223644], [1.74536623989463e-07, 0.9999999999994742, 1.0105745706573424e-06, -0.22000000784429077], [0.40074787196850065, 8.559314956147322e-07, -0.9161883775250512, 0.35562502253109757], [0.0, 0.0, 0.0, 1.0]]"
3.4916666666666667,-80.6550128141476,33.89833130361083,-1.713508980431551,-96.50006131114752,9.445778523044222,28.176596458526525,25.92475480615961,-80.6550128141476,-33.89833130361083,1.713508980431551,-96.50006131114752,-9.445778523044222,28.176596458526525,-25.92475480615961,"[[-0.9213551052231925, -0.0, -0.38872197015239573, 0.3], [0.0, 1.0, -0.0, 0.22], [0.38872197015239573, 0.0, -0.9213551052231925, 0.36020833333333346], [0.0, 0.0, 0.0, 1.0]]","[[-0.9187912647211004, 9.916998492332428e-07, -0.3947437293627571, 0.2999998014600572], [3.582015538796783e-07, 0.9999999999985273, 1.6785254362044907e-06, 0.2199997801700551], [0.3947437293638402, 1.4008166911548616e-06, -0.9187912647201023, 0.3579166570457693], [0.0, 0.0, 0.0, 1.0]]","[[-0.9213551052231925, -0.0, -0.38872197015239573, 0.3], [0.0, 1.0, -0.0, -0.22], [0.38872197015239573, 0.0, -0.9213551052231925, 0.36020833333333346], [0.0, 0.0, 0.0, 1.0]]","[[-0.9161883775254345, 5.648940350080172e-07, -0.4007478719681405, 0.29999973454223644], [1.74536623989463e-07, 0.9999999999994742, 1.0105745706573424e-06, -0.22000000784429077], [0.40074787196850065, 8.559314956147322e-07, -0.9161883775250512, 0.35562502253109757], [0.0, 0.0, 0.0, 1.0]]"
3.5,-81.1325523201582,33.92234283363801,-1.9244013163394498,-95.98499674583687,9.547428813366938,27.72823552065021,25.907488087937814,-81.1325523201582,-33.92234283363801,1.9244013163394498,-95.98499674583687,-9.547428813366938,27.72823552065021,-25.907488087937814,"[[-0.9238795325112867, -0.0, -0.3826834323650899, 0.3], [0.0, 1.0, -0.0, 0.22], [0.3826834323650899, 0.0, -0.9238795325112867, 0.36250000000000016], [0.0, 0.0, 0.0, 1.0]]","[[-0.9213551415612584, 1.019674988685408e-06, -0.38872188402197516, 0.2999998191890534], [4.0063339869190183e-07, 0.9999999999985194, 1.6735598731590224e-06, 0.21999977819337635], [0.38872188402310603, 1.3862080243040296e-06, -0.9213551415603027, 0.3602083194079222], [0.0, 0.0, 0.0, 1.0]]","[[-0.9238795325112867, -0.0, -0.3826834323650899, 0.3], [0.0, 1.0, -0.0, -0.22], [0.3826834323650899, 0.0, -0.9238795325112867, 0.36250000000000016], [0.0, 0.0, 0.0, 1.0]]","[[-0.9213554796466054, 5.802056287882779e-07, -0.3887210826863362, 0.29999976569927295], [1.9517164363485177e-07, 0.9999999999994508, 1.030001158379228e-06, -0.2200000207555851], [0.38872108268672023, 8.731298786916412e-07, -0.9213554796462123, 0.36020834210441355], [0.0, 0.0, 0.0, 1.0]]"
3.5083333333333333,-81.61130759984107,33.94477317487234,-2.1367775108445337,-95.46601165194261,9.649019339534414,27.276771969343415,25.891744501900938,-81.61130759984107,-33.94477317487234,2.1367775108445337,-95.46601165194261,-9.649019339534414,27.276771969343415,-25.891744501900938,"[[-0.9263643838751181, -0.0, -0.3766285016932108, 0.3], [0.0, 1.0, -0.0, 0.22], [0.3766285016932108, 0.0, -0.9263643838751181, 0.36479166666666674], [0.0, 0.0, 0.0, 1.0]]","[[-0.9238795725430744, 1.0048549227208859e-06, -0.38268333571847185, 0.29999981321582764], [3.8907019865426064e-07, 0.9999999999985021, 1.6865142891203254e-06, 0.2199997756600046], [0.3826833357195934, 1.409245419070612e-06, -0.9238795725420814, 0.3624999793790576], [0.0, 0.0, 0.0, 1.0]]","[[-0.9263643838751181, -0.0, -0.3766285016932108, 0.3], [0.0, 1.0, -0.0, -0.22], [0.3766285016932108, 0.0, -0.9263643838751181, 0.36479166666666674], [0.0, 0.0, 0.0, 1.0]]","[[-0.9213554796466054, 5.802056287882779e-07, -0.3887210826863362, 0.29999976569927295], [1.9517164363485177e-07, 0.9999999999994508, 1.030001158379228e-06, -0.2200000207555851], [0.38872108268672023, 8.731298786916412e-07, -0.9213554796462123, 0.36020834210441355], [0.0, 0.0, 0.0, 1.0]]"
3.5166666666666666,-82.09131280414206,33.96560183674629,-2.350637990833626,-94.94305138795141,9.750561200604055,26.82220068196426,25.877541123521894,-82.09131280414206,-33.96560183674629,2.350637990833626,-94.94305138795141,-9.750561200604055,26.82220068196426,-25.877541123521894,"[[-0.9288095528719243, -0.0, -0.3705574375098363, 0.3], [0.0, 1.0000000000000002, -0.0, 0.22], [0.3705574375098363, 0.0, -0.9288095528719243, 0.36708333333333343], [0.0, 0.0, 0.0, 1.0]]","[[-0.9263644259573894, 9.97780726776314e-07, -0.37662839818532146, 0.2999998093775706], [3.8395138555324517e-07, 0.9999999999984731, 1.704868313156953e-06, 0.21999976634557844], [0.37662839818644744, 1.4347223609286298e-06, -0.926364425956358, 0.36479164420124083], [0.0, 0.0, 0.0, 1.0]]","[[-0.9288095528719243, -0.0, -0.3705574375098363, 0.3], [0.0, 1.0000000000000002, -0.0, -0.22], [0.3705574375098363, 0.0, -0.9288095528719243, 0.36708333333333343], [0.0, 0.0, 0.0, 1.0]]","[[-0.9263647537678328, 5.940691605460444e-07, -0.3766275918945796, 0.29999975523516426], [2.295523979951927e-07, 0.9999999999994609, 1.0127242881526689e-06, -0.22000001706086553], [0.3766275918949782, 8.516963189586951e-07, -0.9263647537674695, 0.364791668384808], [0.0, 0.0, 0.0, 1.0]]"
3.525,-82.57260208400702,33.98481515888153,-2.565982756306727,-94.41606131234991,9.8520680569542,26.364514828323586,25.8648984433682,-82.57260208400702,-33.98481515888153,2.565982756306727,-94.41606131234991,-9.8520680569542,26.364514828323586,-25.8648984433682,"[[-0.9312149347588037, -0.0, -0.36447049987914965, 0.3], [0.0, 1.0, -0.0, 0.22], [0.36447049987914965, 0.0, -0.9312149347588037, 0.3693750000000001], [0.0, 0.0, 0.0, 1.0]]","[[-0.9288096042990429, 9.924231470265958e-07, -0.3705573086053909, 0.29999980652069563], [4.039769820701714e-07, 0.9999999999985315, 1.6656140138903247e-06, 0.2199997774692889], [0.37055730860649966, 1.3973416699419618e-06, -0.9288096042980797, 0.3670833316022466], [0.0, 0.0, 0.0, 1.0]]","[[-0.9312149347588037, -0.0, -0.36447049987914965, 0.3], [0.0, 1.0, -0.0, -0.22], [0.36447049987914965, 0.0, -0.9312149347588037, 0.3693750000000001], [0.0, 0.0, 0.0, 1.0]]","[[-0.928809926933304, 5.95364371261012e-07, -0.37055649991572975, 0.299999752047001], [2.1851881040550834e-07, 0.9999999999994155, 1.0589530369150444e-06, -0.2200000323039369], [0.37055649991614364, 9.025925272932486e-07, -0.9288099269328912, 0.36708335652255253], [0.0, 0.0, 0.0, 1.0]]"
3.533333333333333,-83.05519593000344,34.00239265071056,-2.7828128744808938,-93.88500044400308,9.953551861415896,25.903710993326797,25.853831829365486,-83.05519593000344,-34.00239265071056,2.7828128744808938,-93.88500044400308,-9.953551861415896,25.903710993326797,-25.853831829365486,"[[-0.9335804264972015, -0.0, -0.35836794954530066, 0.3], [0.0, 0.9999999999999999, -0.0, 0.22], [0.35836794954530066, 0.0, -0.9335804264972015, 0.3716666666666667], [0.0, 0.0, 0.0, 1.0]]","[[-0.9312149653566968, 1.0072770175868825e-06, -0.3644704217007351, 0.299999821655527], [4.176265349791876e-07, 0.9999999999984737, 1.6966450539309053e-06, 0.21999976483614686], [0.36447042170188776, 1.4277287458015973e-06, -0.931214965355696, 0.36937497523525675], [0.0, 0.0, 0.0, 1.0]]","[[-0.9335804264972015, -0.0, -0.35836794954530066, 0.3], [0.0, 0.9999999999999999, -0.0, -0.22], [0.35836794954530066, 0.0, -0.9335804264972015, 0.3716666666666667], [0.0, 0.0, 0.0, 1.0]]","[[-0.928809926933304, 5.95364371261012e-07, -0.37055649991572975, 0.299999752047001], [2.1851881040550834e-07, 0.9999999999994155, 1.0589530369150444e-06, -0.2200000323039369], [0.37055649991614364, 9.025925272932486e-07, -0.9288099269328912, 0.36708335652255253], [0.0, 0.0, 0.0, 1.0]]"
3.5416666666666665,-83.53914215345551,34.018320651855035,-3.0011291991297733,-93.3498073112084,10.055027128141129,25.439778931690146,25.84435835698668,-83.53914215345551,-34.018320651855035,3.0011291991297733,-93.3498073112084,-10.055027128141129,25.439778931690146,-25.84435835698668,"[[-0.9359059267573255, -0.0, -0.3522500479212338, 0.3], [0.0, 1.0, -0.0, 0.22], [0.3522500479212338, 0.0, -0.9359059267573255, 0.3739583333333334], [0.0, 0.0, 0.0, 1.0]]","[[-0.933580482623096, 9.948603259835246e-07, -0.35836780333093143, 0.2999997932497888], [4.091616349914117e-07, 0.9999999999984539, 1.7101843514382219e-06, 0.21999976265718407], [0.35836780333207874, 1.4499643758509974e-06, -0.9335804826220597, 0.3716666559812657], [0.0, 0.0, 0.0, 1.0]]","[[-0.9359059267573255, -0.0, -0.3522500479212338, 0.3], [0.0, 1.0, -0.0, -0.22], [0.3522500479212338, 0.0, -0.9359059267573255, 0.3739583333333334], [0.0, 0.0, 0.0, 1.0]]","[[-0.9335807948299664, 5.84707978147875e-07, -0.3583669900036922, 0.2999997381039991], [2.3160292999530693e-07, 0.9999999999994444, 1.0282418329706823e-06, -0.22000002581545208], [0.35836699000409433, 8.76947982803737e-07, -0.9335807948295831, 0.3716666823601093], [0.0, 0.0, 0.0, 1.0]]"
3.55,-84.02446807511994,34.03257525665285,-3.220932797470423,-92.81042044226331,10.156509225055531,24.972710105677162,25.836496809251994,-84.02446807511994,-34.03257525665285,3.220932797470423,-92.81042044226331,-10.156509225055531,24.972710105677162,-25.836496809251994,"[[-0.938191335922484, -0.0, -0.3461170570774933, 0.3], [0.0, 1.0, -0.0, 0.22], [0.3461170570774933, 0.0, -0.938191335922484, 0.3762500000000001], [0.0, 0.0, 0.0, 1.0]]","[[-0.9359059825767455, 1.0004308753468656e-06, -0.35224989961113695, 0.2999997991535618], [4.3655210101413484e-07, 0.9999999999984934, 1.6802251837492623e-06, 0.2199997644314887], [0.35224989961228714, 1.418757367789786e-06, -0.9359059825757721, 0.37395833516715693], [0.0, 0.0, 0.0, 1.0]]","[[-0.938191335922484, -0.0, -0.3461170570774933, 0.3], [0.0, 1.0, -0.0, -0.22], [0.3461170570774933, 0.0, -0.938191335922484, 0.3762500000000001], [0.0, 0.0, 0.0, 1.0]]","[[-0.9359062895334689, 5.749803892946425e-07, -0.3522490840461674, 0.2999997436670556], [2.1348911644804029e-07, 0.9999999999994098, 1.0650832023582126e-06, -0.22000003179385247], [0.35224908404657196, 9.216167222408519e-07, -0.9359062895330394, 0.37395836226723994], [0.0, 0.0, 0.0, 1.0]]"
3.558333333333333,-84.51120101575339,34.04514280472567,-3.442225163606724,-92.26679202584366,10.2580109587638,24.50249768509868,25.830267676728944,-84.51120101575339,-34.04514280472567,3.442225163606724,-92.26679202584366,-10.2580109587638,24.50249768509868,-25.830267676728944,"[[-0.9404365560933546, -0.0, -0.3399692397309945, 0.3], [0.0, 0.9999999999999999, -0.0, 0.22], [0.3399692397309945, 0.0, -0.9404365560933546, 0.37854166666666667], [0.0, 0.0, 0.0, 1.0]]","[[-0.9381913705242365, 9.819527365976594e-07, -0.34611696328393216, 0.299999813938403], [4.226540747985844e-07, 0.9999999999984804, 1.6914002866221476e-06, 0.21999976636479338], [0.346116963285067, 1.4405694081222531e-06, -0.9381913705232258, 0.37624998399473913], [0.0, 0.0, 0.0, 1.0]]","[[-0.9404365560933546, -0.0, -0.3399692397309945, 0.3], [0.0, 0.9999999999999999, -0.0, -0.22], [0.3399692397309945, 0.0, -0.9404365560933546, 0.37854166666666667], [0.0, 0.0, 0.0, 1.0]]","[[-0.9359062895334689, 5.749803892946425e-07, -0.3522490840461674, 0.2999997436670556], [2.1348911644804029e-07, 0.9999999999994098, 1.0650832023582126e-06, -0.22000003179385247], [0.35224908404657196, 9.216167222408519e-07, -0.9359062895330394, 0.37395836226723994], [0.0, 0.0, 0.0, 1.0]]"
3.5666666666666664,-84.99938878668006,34.05599939041141,-3.6650086454162034,-91.71885376005773,10.3595502585125,24.029128009576365,25.825686327343156,-84.99938878668006,-34.05599939041141,3.6650086454162034,-91.71885376005773,-10.3595502585125,24.029128009576365,-25.825686327343156,"[[-0.9426414910921785, -0.0, -0.3338068592337708, 0.3], [0.0, 1.0, -0.0, 0.22], [0.3338068592337708, 0.0, -0.9426414910921785, 0.38083333333333347], [0.0, 0.0, 0.0, 1.0]]","[[-0.9404365964596745, 9.764166280026712e-07, -0.33996912806663854, 0.29999980843081175], [4.3034854889001766e-07, 0.9999999999984935, 1.6816265248639022e-06, 0.2199997651322777], [0.3399691280677683, 1.4351579046284354e-06, -0.9404365964586777, 0.37854166043888166], [0.0, 0.0, 0.0, 1.0]]","[[-0.9426414910921785, -0.0, -0.3338068592337708, 0.3], [0.0, 1.0, -0.0, -0.22], [0.3338068592337708, 0.0, -0.9426414910921785, 0.38083333333333347], [0.0, 0.0, 0.0, 1.0]]","[[-0.9404368928457522, 5.905851985165986e-07, -0.33996830819104096, 0.299999752253941], [2.3852984985463897e-07, 0.9999999999993913, 1.0773443254662484e-06, -0.22000004098659165], [0.3399683081914703, 9.320817604583367e-07, -0.9404368928453205, 0.3785416889639618], [0.0, 0.0, 0.0, 1.0]]"
3.5749999999999997,-85.4890587086566,34.06512452314254,-3.889284737002742,-91.16655100339216,10.461142492227271,23.55259083382645,25.82277495920944,-85.4890587086566,-34.06512452314254,3.889284737002742,-91.16655100339216,-10.461142492227271,23.55259083382645,-25.82277495920944,"[[-0.9448060464668782, -0.0, -0.32763017956169327, 0.3], [0.0, 1.0, -0.0, 0.22], [0.32763017956169327, 0.0, -0.9448060464668782, 0.38312500000000016], [0.0, 0.0, 0.0, 1.0]]","[[-0.9404365964596745, 9.764166280026712e-07, -0.33996912806663854, 0.29999980843081175], [4.3034854889001766e-07, 0.9999999999984935, 1.6816265248639022e-06, 0.2199997651322777], [0.3399691280677683, 1.4351579046284354e-06, -0.9404365964586777, 0.37854166043888166], [0.0, 0.0, 0.0, 1.0]]","[[-0.9448060464668782, -0.0, -0.32763017956169327, 0.3], [0.0, 1.0, -0.0, -0.22], [0.32763017956169327, 0.0, -0.9448060464668782, 0.38312500000000016], [0.0, 0.0, 0.0, 1.0]]","[[-0.9426418393072978, 5.287717194980481e-07, -0.3338058759025599, 0.2999997313480833], [1.924383081140885e-07, 0.9999999999994403, 1.0406387180712872e-06, -0.22000002252043604], [0.33380587590292327, 9.167125572598766e-07, -0.9426418393068717, 0.3808333519296082], [0.0, 0.0, 0.0, 1.0]]"
3.5833333333333335,-85.98025176281807,34.07250112744616,-4.11505621313069,-90.60980862376607,10.562803881607387,23.072872497470605,25.821552355348008,-85.98025176281807,-34.07250112744616,4.11505621313069,-90.60980862376607,-10.562803881607387,23.072872497470605,-25.821552355348008,"[[-0.9469301294951056, -0.0, -0.32143946530316175, 0.3], [0.0, 1.0, -0.0, 0.22], [0.32143946530316175, 0.0, -0.9469301294951056, 0.38541666666666685], [0.0, 0.0, 0.0, 1.0]]","[[-0.9448061140303315, 1.0329080834276236e-06, -0.32762998472337246, 0.2999997748555262], [4.929211490889621e-07, 0.9999999999983801, 1.73120042266809e-06, 0.21999974062474068], [0.3276299847246299, 1.4741529954028619e-06, -0.9448061140293101, 0.3831249976058338], [0.0, 0.0, 0.0, 1.0]]","[[-0.9469301294951056, -0.0, -0.32143946530316175, 0.3], [0.0, 1.0, -0.0, -0.22], [0.32143946530316175, 0.0, -0.9469301294951056, 0.38541666666666685], [0.0, 0.0, 0.0, 1.0]]","[[-0.9426418393072978, 5.287717194980481e-07, -0.3338058759025599, 0.2999997313480833], [1.924383081140885e-07, 0.9999999999994403, 1.0406387180712872e-06, -0.22000002252043604], [0.33380587590292327, 9.167125572598766e-07, -0.9426418393068717, 0.3808333519296082], [0.0, 0.0, 0.0, 1.0]]"
3.591666666666667,-86.4730021001103,34.07810529766015,-4.342325635120987,-90.04855831928779,10.66455235589942,22.589959340130488,25.82203900632637,-86.4730021001103,-34.07810529766015,4.342325635120987,-90.04855831928779,-10.66455235589942,22.589959340130488,-25.82203900632637,"[[-0.9490136491882138, -0.0, -0.31523498164776975, 0.3], [0.0, 0.9999999999999999, -0.0, 0.22], [0.31523498164776975, 0.0, -0.9490136491882138, 0.38770833333333343], [0.0, 0.0, 0.0, 1.0]]","[[-0.9469301768095222, 9.90635912512893e-07, -0.3214393259178251, 0.2999997979754399], [4.6994470777367234e-07, 0.999999999998449, 1.6974621438449086e-06, 0.21999975445109166], [0.32143932591900803, 1.4563194179131114e-06, -0.946930176808519, 0.385416666160381], [0.0, 0.0, 0.0, 1.0]]","[[-0.9490136491882138, -0.0, -0.31523498164776975, 0.3], [0.0, 0.9999999999999999, -0.0, -0.22], [0.31523498164776975, 0.0, -0.9490136491882138, 0.38770833333333343], [0.0, 0.0, 0.0, 1.0]]","[[-0.9469304571717785, 5.635118302981912e-07, -0.32143849999670093, 0.29999974074174535], [2.2789738828577578e-07, 0.9999999999993889, 1.0817274602255537e-06, -0.220000043250673], [0.32143849999711405, 9.510656838029049e-07, -0.9469304571713282, 0.3854166967747502], [0.0, 0.0, 0.0, 1.0]]"
3.6,-86.96734387147914,34.08191312812244,-4.571096418068217,-89.48273861825476,10.766406698123589,22.103835993880462,25.82425540271204,-86.96734387147914,-34.08191312812244,4.571096418068217,-89.48273861825476,-10.766406698123589,22.103835993880462,-25.82425540271204,"[[-0.9510565162951536, -0.0, -0.30901699437494756, 0.3], [0.0, 1.0, -0.0, 0.22], [0.30901699437494756, 0.0, -0.9510565162951536, 0.3900000000000001], [0.0, 0.0, 0.0, 1.0]]","[[-0.9490136653641345, 9.513772029973463e-07, -0.315234932948786, 0.2999998359845478], [4.3517985454788903e-07, 0.9999999999984469, 1.7078867786084272e-06, 0.21999975227297455], [0.3152349329499212, 1.4836239995250611e-06, -0.9490136653630746, 0.3877083056037382], [0.0, 0.0, 0.0, 1.0]]","[[-0.9510565162951536, -0.0, -0.30901699437494756, 0.3], [0.0, 1.0, -0.0, -0.22], [0.30901699437494756, 0.0, -0.9510565162951536, 0.3900000000000001], [0.0, 0.0, 0.0, 1.0]]","[[-0.9469304571717785, 5.635118302981912e-07, -0.32143849999670093, 0.29999974074174535], [2.2789738828577578e-07, 0.9999999999993889, 1.0817274602255537e-06, -0.220000043250673], [0.32143849999711405, 9.510656838029049e-07, -0.9469304571713282, 0.3854166967747502], [0.0, 0.0, 0.0, 1.0]]"
3.6083333333333334,-87.46333171843796,34.083904128265495,-4.801371977066966,-88.91227438858613,10.86838569130011,21.614485383247604,25.82822545016711,-87.46333171843796,-34.083904128265495,4.801371977066966,-88.91227438858613,-10.86838569130011,21.614485383247604,-25.82822545016711,"[[-0.9530586433062971, -0.0, -0.30278576984257466, 0.3], [0.0, 1.0, -0.0, 0.22], [0.30278576984257466, 0.0, -0.9530586433062971, 0.3922916666666668], [0.0, 0.0, 0.0, 1.0]]","[[-0.9510565658137456, 9.620259990482403e-07, -0.309016841970853, 0.29999979784809394], [4.55566328903911e-07, 0.9999999999984323, 1.7110933093700973e-06, 0.21999975076490258], [0.3090168419720146, 1.48656885833026e-06, -0.9510565658126929, 0.3899999959226174], [0.0, 0.0, 0.0, 1.0]]","[[-0.9530586433062971, -0.0, -0.30278576984257466, 0.3], [0.0, 1.0, -0.0, -0.22], [0.30278576984257466, 0.0, -0.9530586433062971, 0.3922916666666668], [0.0, 0.0, 0.0, 1.0]]","[[-0.9510568353879997, 5.833917605205246e-07, -0.3090160123058727, 0.2999997398965214], [2.6205507819565454e-07, 0.9999999999993813, 1.0813759606194328e-06, -0.22000004833102169], [0.30901601230631226, 9.47470783702851e-07, -0.9510568353875638, 0.3900000278940833], [0.0, 0.0, 0.0, 1.0]]"
3.6166666666666667,-87.96098613155426,34.08405097733265,-5.033155727211818,-88.33709049820101,10.970508118449203,21.121892140306286,25.83396963925909,-87.96098613155426,-34.08405097733265,5.033155727211818,-88.33709049820101,-10.970508118449203,21.121892140306286,-25.83396963925909,"[[-0.9550199444571866, -0.0, -0.296541574975571, 0.3], [0.0, 1.0, -0.0, 0.22], [0.296541574975571, 0.0, -0.9550199444571866, 0.3945833333333334], [0.0, 0.0, 0.0, 1.0]]","[[-0.9530586723061373, 9.52543902006598e-07, -0.30278567856019123, 0.2999998163932963], [4.46638756811074e-07, 0.9999999999983863, 1.7400788701223112e-06, 0.21999973961300487], [0.3027856785613602, 1.5231614386144123e-06, -0.9530586723050248, 0.3922916349210142], [0.0, 0.0, 0.0, 1.0]]","[[-0.9550199444571866, -0.0, -0.296541574975571, 0.3], [0.0, 1.0, -0.0, -0.22], [0.296541574975571, 0.0, -0.9550199444571866, 0.3945833333333334], [0.0, 0.0, 0.0, 1.0]]","[[-0.9530589364565261, 5.884606502814506e-07, -0.30278484711096304, 0.29999975807903007], [2.8101278152626234e-07, 0.9999999999994, 1.0589661624363969e-06, -0.22000004160276046], [0.30278484711140446, 9.241707524244253e-07, -0.9530589364561195, 0.39229166755932765], [0.0, 0.0, 0.0, 1.0]]"
3.625,-88.46036858253058,34.082329769661804,-5.266452791144651,-87.7570981546402,11.072795323912022,20.626032359394408,25.84151358319737,-88.46036858253058,-34.082329769661804,5.266452791144651,-87.7570981546402,-11.072795323912022,20.626032359394408,-25.84151358319737,"[[-0.9569403357322089, -0.0, -0.2902846772544624, 0.3], [0.0, 1.0, -0.0, 0.22], [0.2902846772544624, 0.0, -0.9569403357322089, 0.3968750000000001], [0.0, 0.0, 0.0, 1.0]]","[[-0.955019979538773, 9.921095449423522e-07, -0.296541461992715, 0.2999998150564318], [5.095103517654405e-07, 0.999999999998417, 1.7047092700830367e-06, 0.21999974167996328], [0.29654146199393694, 1.4769404676213124e-06, -0.955019979537767, 0.3945833242331744], [0.0, 0.0, 0.0, 1.0]]","[[-0.9569403357322089, -0.0, -0.2902846772544624, 0.3], [0.0, 1.0, -0.0, -0.22], [0.2902846772544624, 0.0, -0.9569403357322089, 0.3968750000000001], [0.0, 0.0, 0.0, 1.0]]","[[-0.9530589364565261, 5.884606502814506e-07, -0.30278484711096304, 0.29999975807903007], [2.8101278152626234e-07, 0.9999999999994, 1.0589661624363969e-06, -0.22000004160276046], [0.30278484711140446, 9.241707524244253e-07, -0.9530589364561195, 0.39229166755932765], [0.0, 0.0, 0.0, 1.0]]"
3.6333333333333333,-88.96150639212358,34.07871659959087,-5.501267010846873,-87.17222905601201,11.17526694448243,20.126888965039047,25.850877772549456,-88.96150639212358,-34.07871659959087,5.501267010846873,-87.17222905601201,-11.17526694448243,20.126888965039047,-25.850877772549456,"[[-0.958819734868193, -0.0, -0.2840153447039226, 0.3], [0.0, 1.0, -0.0, 0.22], [0.2840153447039226, 0.0, -0.958819734868193, 0.3991666666666668], [0.0, 0.0, 0.0, 1.0]]","[[-0.9569403710622243, 9.883817405117421e-07, -0.2902845607853015, 0.2999998129628522], [5.145186119524772e-07, 0.9999999999984078, 1.7087305908659957e-06, 0.21999973732054795], [0.2902845607865282, 1.4857964763821922e-06, -0.9569403710612093, 0.39687499201610904], [0.0, 0.0, 0.0, 1.0]]","[[-0.958819734868193, -0.0, -0.2840153447039226, 0.3], [0.0, 1.0, -0.0, -0.22], [0.2840153447039226, 0.0, -0.958819734868193, 0.3991666666666668], [0.0, 0.0, 0.0, 1.0]]","[[-0.9569406243079142, 5.436991807839574e-07, -0.29028372594564084, 0.2999997539160392], [2.334733480426823e-07, 0.9999999999993643, 1.1033310541437812e-06, -0.22000004823749855], [0.29028372594605617, 9.880487943918259e-07, -0.9569406243074328, 0.39687502596298746], [0.0, 0.0, 0.0, 1.0]]"
3.6416666666666666,-89.46444737165747,34.07318414636316,-5.737603508960362,-86.58239440985723,11.277945178275232,19.624438051578107,25.862089528072033,-89.46444737165747,-34.07318414636316,5.737603508960362,-86.58239440985723,-11.277945178275232,19.624438051578107,-25.862089528072033,"[[-0.9606580613579351, -0.0, -0.2777338458812926, 0.3], [0.0, 0.9999999999999999, -0.0, 0.22], [0.2777338458812926, 0.0, -0.9606580613579351, 0.40145833333333336], [0.0, 0.0, 0.0, 1.0]]","[[-0.9588197751725613, 9.958027454270261e-07, -0.2840152086368745, 0.2999998050727789], [5.291391562093981e-07, 0.9999999999983811, 1.7198151499634263e-06, 0.21999973299904807], [0.2840152086381273, 1.4987092075775452e-06, -0.9588197751715362, 0.39916665932403506], [0.0, 0.0, 0.0, 1.0]]","[[-0.9606580613579351, -0.0, -0.2777338458812926, 0.3], [0.0, 0.9999999999999999, -0.0, -0.22], [0.2777338458812926, 0.0, -0.9606580613579351, 0.40145833333333336], [0.0, 0.0, 0.0, 1.0]]","[[-0.9588200229386141, 5.317678470854421e-07, -0.28401437219217096, 0.29999974565629606], [2.291626244119202e-07, 0.9999999999993703, 1.0986843091118703e-06, -0.22000004841908838], [0.2840143721925763, 9.883550355626768e-07, -0.9588200229381321, 0.39916669391193577], [0.0, 0.0, 0.0, 1.0]]"
3.65,-89.96923250226726,34.06570508922199,-5.975468261900641,-85.98750542371663,11.38085222340523,19.11865571334949,25.875172755427194,-89.96923250226726,-34.06570508922199,5.975468261900641,-85.98750542371663,-11.38085222340523,19.11865571334949,-25.875172755427194,"[[-0.9624552364536473, -0.0, -0.2714404498650746, 0.3], [0.0, 1.0, -0.0, 0.22], [0.2714404498650746, 0.0, -0.9624552364536473, 0.40375000000000016], [0.0, 0.0, 0.0, 1.0]]","[[-0.9606580896661413, 9.571325341610156e-07, -0.2777337479639164, 0.2999998210707904], [4.91510038812451e-07, 0.9999999999983548, 1.7461307557234544e-06, 0.21999972999328005], [0.2777337479651308, 1.540925710859317e-06, -0.9606580896650311, 0.4014583072854387], [0.0, 0.0, 0.0, 1.0]]","[[-0.9624552364536473, -0.0, -0.2714404498650746, 0.3], [0.0, 1.0, -0.0, -0.22], [0.2714404498650746, 0.0, -0.9624552364536473, 0.40375000000000016], [0.0, 0.0, 0.0, 1.0]]","[[-0.9588200229386141, 5.317678470854421e-07, -0.28401437219217096, 0.29999974565629606], [2.291626244119202e-07, 0.9999999999993703, 1.0986843091118703e-06, -0.22000004841908838], [0.2840143721925763, 9.883550355626768e-07, -0.9588200229381321, 0.39916669391193577], [0.0, 0.0, 0.0, 1.0]]"
3.658333333333333,-90.47591642546631,34.05624869231611,-6.214866819196411,-85.38746647494183,11.484011985534517,18.609518044691107,25.890156482918908,-90.47591642546631,-34.05624869231611,6.214866819196411,-85.38746647494183,-11.484011985534517,18.609518044691107,-25.890156482918908,"[[-0.9642111831703293, -0.0, -0.26513542624340836, 0.3], [0.0, 1.0, -0.0, 0.22], [0.26513542624340836, 0.0, -0.9642111831703293, 0.40604166666666675], [0.0, 0.0, 0.0, 1.0]]","[[-0.9624552517431372, 9.633732436217347e-07, -0.2714403956509175, 0.2999998336187885], [5.151948688408853e-07, 0.9999999999983841, 1.722371628998069e-06, 0.21999973146594895], [0.2714403956521382, 1.5178609207470812e-06, -0.962455251742078, 0.40374997561793907], [0.0, 0.0, 0.0, 1.0]]","[[-0.9642111831703293, -0.0, -0.26513542624340836, 0.3], [0.0, 1.0, -0.0, -0.22], [0.26513542624340836, 0.0, -0.9642111831703293, 0.40604166666666675], [0.0, 0.0, 0.0, 1.0]]","[[-0.9624554884985095, 5.550799256808735e-07, -0.2714395561792486, 0.2999997734565608], [2.640046039848824e-07, 0.9999999999993503, 1.1088555029452913e-06, -0.22000005597018082], [0.2714395561796878, 9.95562772226536e-07, -0.9624554884980308, 0.40375001145954886], [0.0, 0.0, 0.0, 1.0]]"
3.6666666666666665,-90.98454012238966,34.044787634888834,-6.455805584150019,-84.78218877107365,11.58744837032519,18.096994309751693,25.907066323756567,-90.98454012238966,-34.044787634888834,6.455805584150019,-84.78218877107365,-11.58744837032519,18.096994309751693,-25.907066323756567,"[[-0.9659258262890682, -0.0, -0.258819045102521, 0.3], [0.0, 1.0, -0.0, 0.22], [0.258819045102521, 0.0, -0.9659258262890682, 0.4083333333333333], [0.0, 0.0, 0.0, 1.0]]","[[-0.9642111985763253, 9.543565883564588e-07, -0.2651353702150953, 0.29999983679329845], [5.147758452737537e-07, 0.9999999999983755, 1.7274343789506407e-06, 0.21999973000629935], [0.2651353702163132, 1.5291262886755018e-06, -0.9642111985752502, 0.40604163765275797], [0.0, 0.0, 0.0, 1.0]]","[[-0.9659258262890682, -0.0, -0.258819045102521, 0.3], [0.0, 1.0, -0.0, -0.22], [0.258819045102521, 0.0, -0.9659258262890682, 0.4083333333333333], [0.0, 0.0, 0.0, 1.0]]","[[-0.9642114298018345, 5.59489268231889e-07, -0.2651345293227366, 0.29999977625517726], [2.750110734817779e-07, 0.9999999999993461, 1.110079658843897e-06, -0.22000005909116818], [0.26513452932318426, 9.97436563521675e-07, -0.9642114298013578, 0.40604167410628633], [0.0, 0.0, 0.0, 1.0]]"
3.675,-91.49515823455064,34.03129118108889,-6.698291813837458,-84.17156985927451,11.691185283439344,17.58105718777456,25.92593130624414,-91.49515823455064,-34.03129118108889,6.698291813837458,-84.17156985927451,-11.691185283439344,17.58105718777456,-25.92593130624414,"[[-0.9675990923602598, -0.0, -0.2524915770151582, 0.3], [0.0, 1.0, -0.0, 0.22], [0.2524915770151582, 0.0, -0.9675990923602598, 0.41062500000000013], [0.0, 0.0, 0.0, 1.0]]","[[-0.9659258562744076, 9.367067231993074e-07, -0.25881893319399063, 0.2999998158383828], [5.067357465520619e-07, 0.9999999999983787, 1.7279939986825561e-06, 0.2199997326294064], [0.25881893319518956, 1.5379612774806202e-06, -0.9659258562733161, 0.4083333204145814], [0.0, 0.0, 0.0, 1.0]]","[[-0.9675990923602598, -0.0, -0.2524915770151582, 0.3], [0.0, 1.0, -0.0, -0.22], [0.2524915770151582, 0.0, -0.9675990923602598, 0.41062500000000013], [0.0, 0.0, 0.0, 1.0]]","[[-0.9659260819545131, 5.724993564180484e-07, -0.2588180909435728, 0.299999754922467], [2.9373065435460766e-07, 0.9999999999993344, 1.1157537529706323e-06, -0.2200000663203078], [0.2588180909440393, 1.0017128438213007e-06, -0.9659260819540384, 0.4083333574695487], [0.0, 0.0, 0.0, 1.0]]"
3.683333333333333,-92.00781174308429,34.015725179970424,-6.942333192221544,-83.55550728670687,11.795250045633658,17.061677650455746,25.9467821662329,-92.00781174308429,-34.015725179970424,6.942333192221544,-83.55550728670687,-11.795250045633658,17.061677650455746,-25.9467821662329,"[[-0.9692309097067545, -0.0, -0.24615329302899325, 0.3], [0.0, 1.0000000000000002, -0.0, 0.22], [0.24615329302899325, 0.0, -0.9692309097067545, 0.4129166666666667], [0.0, 0.0, 0.0, 1.0]]","[[-0.9675991056351025, 9.216101224451186e-07, -0.2524915261415725, 0.29999983660162843], [5.032217097500731e-07, 0.9999999999983915, 1.721615187630356e-06, 0.21999972900071052], [0.252491526142753, 1.5387740983165744e-06, -0.9675991056340099, 0.4106249740327068], [0.0, 0.0, 0.0, 1.0]]","[[-0.9692309097067545, -0.0, -0.24615329302899325, 0.3], [0.0, 1.0000000000000002, -0.0, -0.22], [0.24615329302899325, 0.0, -0.9692309097067545, 0.4129166666666667], [0.0, 0.0, 0.0, 1.0]]","[[-0.9675993257550836, 5.829241318335822e-07, -0.25249068259634483, 0.29999977530611316], [3.0801588510820335e-07, 0.9999999999993162, 1.1283116119420516e-06, -0.22000006732279315], [0.2524906825968299, 1.013982413875273e-06, -0.9675993257546013, 0.4106250116782418], [0.0, 0.0, 0.0, 1.0]]"
3.6916666666666664,-92.52256211969312,33.99805889568219,-7.187937403265094,-82.93389860053317,11.89966827011752,16.538818131754805,25.969651347121395,-92.52256211969312,-33.99805889568219,7.187937403265094,-82.93389860053317,-11.89966827011752,16.538818131754805,-25.969651347121395,"[[-0.970821208426928, -0.0, -0.23980446465501665, 0.3], [0.0, 0.9999999999999999, -0.0, 0.22], [0.23980446465501665, 0.0, -0.970821208426928, 0.4152083333333335], [0.0, 0.0, 0.0, 1.0]]","[[-0.9692309529262887, 9.701173495458778e-07, -0.24615312284969573, 0.29999979431709184], [5.525202096404257e-07, 0.9999999999982888, 1.7655581826957605e-06, 0.21999971334861979], [0.2461531228509873, 1.575229064820459e-06, -0.9692309529251663, 0.4129166507053252], [0.0, 0.0, 0.0, 1.0]]","[[-0.970821208426928, -0.0, -0.23980446465501665, 0.3], [0.0, 0.9999999999999999, -0.0, -0.22], [0.23980446465501665, 0.0, -0.970821208426928, 0.4152083333333335], [0.0, 0.0, 0.0, 1.0]]","[[-0.9692311674718589, 5.297124239763109e-07, -0.2461522780736697, 0.2999997326402883], [2.6958014883375085e-07, 0.9999999999993693, 1.090491397013465e-06, -0.22000005632674027], [0.24615227807409204, 9.905804820865124e-07, -0.9692311674713902, 0.4129166889301236], [0.0, 0.0, 0.0, 1.0]]"
3.6999999999999997,-93.03945717570136,33.97825476218374,-7.435112557817747,-82.30662085734838,12.00446727764761,16.01244789582048,25.9945678772136,-93.03945717570136,-33.97825476218374,7.435112557817747,-82.30662085734838,-12.00446727764761,16.01244789582048,-25.9945678772136,"[[-0.9723699203976766, -0.0, -0.23344536385590553, 0.3], [0.0, 1.0, -0.0, 0.22], [0.23344536385590553, 0.0, -0.9723699203976766, 0.4175000000000001], [0.0, 0.0, 0.0, 1.0]]","[[-0.9708212421372328, 9.85735982610838e-07, -0.23980432818060005, 0.2999998057241124], [5.81172072354255e-07, 0.9999999999982864, 1.757773901033459e-06, 0.21999970598479393], [0.23980432818192177, 1.5671166636294727e-06, -0.9708212421361421, 0.4152083158015935], [0.0, 0.0, 0.0, 1.0]]","[[-0.9723699203976766, -0.0, -0.23344536385590553, 0.3], [0.0, 1.0, -0.0, -0.22], [0.23344536385590553, 0.0, -0.9723699203976766, 0.4175000000000001], [0.0, 0.0, 0.0, 1.0]]","[[-0.9708214510949934, 5.093574343736719e-07, -0.23980348223817, 0.2999997436643722], [2.518821852278141e-07, 0.9999999999993586, 1.104340951740142e-06, -0.2200000536436334], [0.23980348223857867, 1.011715660140601e-06, -0.9708214510944989, 0.4152083545939441], [0.0, 0.0, 0.0, 1.0]]"
3.7083333333333335,-93.55855155262232,33.95628204362381,-7.683868901163257,-81.67356477412574,12.109676096527902,15.48252766906504,26.02156761500266,-93.55855155262232,-33.95628204362381,7.683868901163257,-81.67356477412574,-12.109676096527902,15.48252766906504,-26.02156761500266,"[[-0.9738769792773336, -0.0, -0.22707626303437328, 0.3], [0.0, 1.0, -0.0, 0.22], [0.22707626303437328, 0.0, -0.9738769792773336, 0.4197916666666669], [0.0, 0.0, 0.0, 1.0]]","[[-0.9723699414613085, 9.570228811919523e-07, -0.23344527611758492, 0.29999982292174887], [5.626087386363605e-07, 0.9999999999982998, 1.756124868983739e-06, 0.21999970768580737], [0.23344527611886867, 1.576264683715335e-06, -0.9723699414601936, 0.4174999706066391], [0.0, 0.0, 0.0, 1.0]]","[[-0.9738769792773336, -0.0, -0.22707626303437328, 0.3], [0.0, 1.0, -0.0, -0.22], [0.22707626303437328, 0.0, -0.9738769792773336, 0.4197916666666669], [0.0, 0.0, 0.0, 1.0]]","[[-0.9723701448183981, 5.333020759731168e-07, -0.233444429073737, 0.29999976047753546], [2.814903331851593e-07, 0.9999999999993421, 1.1119960367378831e-06, -0.2200000600497196], [0.23344442907417642, 1.0155593971601147e-06, -0.9723701448179085, 0.4175000099543904], [0.0, 0.0, 0.0, 1.0]]"
3.716666666666667,-94.07991355234773,33.93210317396196,-7.934216678585381,-81.03460740746021,12.215324608836013,14.949016470353468,26.05068641898172,-94.07991355234773,-33.93210317396196,7.934216678585381,-81.03460740746021,-12.215324608836013,14.949016470353468,-26.05068641898172,"[[-0.9753423205085128, -0.0, -0.22069743502150113, 0.3], [0.0, 1.0, -0.0, 0.22], [0.22069743502150113, 0.0, -0.9753423205085128, 0.4220833333333335], [0.0, 0.0, 0.0, 1.0]]","[[-0.9738770252791613, 9.454836049689778e-07, -0.22707606574123554, 0.2999997791891658], [5.643630035627199e-07, 0.9999999999983213, 1.7433076471001667e-06, 0.21999971599877827], [0.22707606574250258, 1.569613935005395e-06, -0.97387702527806, 0.4197916674476891], [0.0, 0.0, 0.0, 1.0]]","[[-0.9753423205085128, -0.0, -0.22069743502150113, 0.3], [0.0, 1.0, -0.0, -0.22], [0.22069743502150113, 0.0, -0.9753423205085128, 0.4220833333333335], [0.0, 0.0, 0.0, 1.0]]","[[-0.9723701448183981, 5.333020759731168e-07, -0.233444429073737, 0.29999976047753546], [2.814903331851593e-07, 0.9999999999993421, 1.1119960367378831e-06, -0.2200000600497196], [0.23344442907417642, 1.0155593971601147e-06, -0.9723701448179085, 0.4175000099543904], [0.0, 0.0, 0.0, 1.0]]"
3.725,-94.60358415601262,33.905673756968596,-8.186165281594226,-80.38961898375757,12.321442696649562,14.41187331855074,26.081960147643915,-94.60358415601262,-33.905673756968596,8.186165281594226,-80.38961898375757,-12.321442696649562,14.41187331855074,-26.081960147643915,"[[-0.9767658813208724, -0.0, -0.21430915306505074, 0.3], [0.0, 1.0, -0.0, 0.22], [0.21430915306505074, 0.0, -0.9767658813208724, 0.42437500000000006], [0.0, 0.0, 0.0, 1.0]]","[[-0.9753423394722298, 9.352533654829909e-07, -0.22069735121193182, 0.2999998302234998], [5.63208107654788e-07, 0.9999999999983125, 1.7486963483356889e-06, 0.21999971371633675], [0.22069735121319486, 1.5812790498717798e-06, -0.9753423394711107, 0.42208330874443256], [0.0, 0.0, 0.0, 1.0]]","[[-0.9767658813208724, -0.0, -0.21430915306505074, 0.3], [0.0, 1.0, -0.0, -0.22], [0.21430915306505074, 0.0, -0.9767658813208724, 0.42437500000000006], [0.0, 0.0, 0.0, 1.0]]","[[-0.9753425315921848, 5.454383439760224e-07, -0.22069650216315337, 0.29999976700614606], [3.032521543738044e-07, 0.9999999999993142, 1.1312531805934563e-06, -0.22000007556238924], [0.22069650216361905, 1.0364326512879932e-06, -0.9753425315916814, 0.4220833491647008], [0.0, 0.0, 0.0, 1.0]]"
3.7333333333333334,-95.129645325887,33.876959641697866,-8.439727516794488,-79.73847655961275,12.428063657140754,13.871055524974546,26.115426367029684,-95.129645325887,-33.876959641697866,8.439727516794488,-79.73847655961275,-12.428063657140754,13.871055524974546,-26.115426367029684,"[[-0.9781476007338056, -0.0, -0.2079116908177593, 0.3], [0.0, 0.9999999999999999, -0.0, 0.22], [0.2079116908177593, 0.0, -0.9781476007338056, 0.42666666666666686], [0.0, 0.0, 0.0, 1.0]]","[[-0.9767659270017539, 9.458580027998034e-07, -0.21430894486117433, 0.29999977391042776], [5.813513794002505e-07, 0.9999999999982754, 1.7638731039873727e-06, 0.21999970127175417], [0.21430894486247312, 1.5983023468168312e-06, -0.976765927000619, 0.42437499897984604], [0.0, 0.0, 0.0, 1.0]]","[[-0.9781476007338056, -0.0, -0.2079116908177593, 0.3], [0.0, 0.9999999999999999, -0.0, -0.22], [0.2079116908177593, 0.0, -0.9781476007338056, 0.42666666666666686], [0.0, 0.0, 0.0, 1.0]]","[[-0.9753425315921848, 5.454383439760224e-07, -0.22069650216315337, 0.29999976700614606], [3.032521543738044e-07, 0.9999999999993142, 1.1312531805934563e-06, -0.22000007556238924], [0.22069650216361905, 1.0364326512879932e-06, -0.9753425315916814, 0.4220833491647008], [0.0, 0.0, 0.0, 1.0]]"
3.7416666666666667,-95.65814487329507,33.84591643192015,-8.694914483243565,-79.081029870864,12.5352190799345,13.32651186320611,26.15112776582134,-95.65814487329507,-33.84591643192015,8.694914483243565,-79.081029870864,-12.5352190799345,13.32651186320611,-26.15112776582134,"[[-0.9794874195590514, -0.0, -0.20150532232561705, 0.3], [0.0, 0.9999999999999999, -0.0, 0.22], [0.20150532232561705, 0.0, -0.9794874195590514, 0.42895833333333344], [0.0, 0.0, 0.0, 1.0]]","[[-0.9781476384695169, 9.353620752571906e-07, -0.20791151328301333, 0.29999979068950644], [5.796396615422553e-07, 0.9999999999982623, 1.7718543015618372e-06, 0.21999970020436935], [0.20791151328430935, 1.612621341594662e-06, -0.9781476384683592, 0.4266666561819536], [0.0, 0.0, 0.0, 1.0]]","[[-0.9794874195590514, -0.0, -0.20150532232561705, 0.3], [0.0, 0.9999999999999999, -0.0, -0.22], [0.20150532232561705, 0.0, -0.9794874195590514, 0.42895833333333344], [0.0, 0.0, 0.0, 1.0]]","[[-0.9781478193092926, 5.355685692278637e-07, -0.2079106624975942, 0.29999972669412034], [3.0954162554645496e-07, 0.9999999999993253, 1.119668902101053e-06, -0.22000007162652693], [0.20791066249805357, 1.0308446905006294e-06, -0.9781478193087986, 0.42666669762054366], [0.0, 0.0, 0.0, 1.0]]"
3.75,-96.1891579303177,33.812499731405865,-8.9517398413198,-78.41713548353876,12.642943969750293,12.778195375694887,26.189105325153903,-96.1891579303177,-33.812499731405865,8.9517398413198,-78.41713548353876,-12.642943969750293,12.778195375694887,-26.189105325153903,"[[-0.9807852804032303, -0.0, -0.19509032201612858, 0.3], [0.0, 0.9999999999999999, -0.0, 0.22], [0.19509032201612858, 0.0, -0.9807852804032303, 0.43125], [0.0, 0.0, 0.0, 1.0]]","[[-0.9794874388682606, 9.375940702982666e-07, -0.2015052284642177, 0.29999982241447404], [5.979882873529749e-07, 0.9999999999982967, 1.7462179861331507e-06, 0.21999970018432427], [0.20150522846551172, 1.589900816481264e-06, -0.9794874388671528, 0.4289583187939986], [0.0, 0.0, 0.0, 1.0]]","[[-0.9807852804032303, -0.0, -0.19509032201612858, 0.3], [0.0, 0.9999999999999999, -0.0, -0.22], [0.19509032201612858, 0.0, -0.9807852804032303, 0.43125], [0.0, 0.0, 0.0, 1.0]]","[[-0.9781478193092926, 5.355685692278637e-07, -0.2079106624975942, 0.29999972669412034], [3.0954162554645496e-07, 0.9999999999993253, 1.119668902101053e-06, -0.22000007162652693], [0.20791066249805357, 1.0308446905006294e-06, -0.9781478193087986, 0.42666669762054366], [0.0, 0.0, 0.0, 1.0]]"
3.7583333333333333,-96.72275279884661,33.77666855901998,-9.21021725140153,-77.74664996366447,12.75127418508128,12.226050567153871,26.229403441256977,-96.72275279884661,-33.77666855901998,9.21021725140153,-77.74664996366447,-12.75127418508128,12.226050567153871,-26.229403441256977,"[[-0.9820411276703037, -0.0, -0.18866696468655553, 0.3], [0.0, 0.9999999999999999, -0.0, 0.22], [0.18866696468655553, 0.0, -0.9820411276703037, 0.4335416666666668], [0.0, 0.0, 0.0, 1.0]]","[[-0.9807853022693999, 9.265994695710713e-07, -0.1950902120852386, 0.2999998164488549], [5.990011157254666e-07, 0.9999999999983099, 1.7382111362656832e-06, 0.21999970494242738], [0.19509021208651953, 1.5879526799841992e-06, -0.9807853022682972, 0.4312499885107309], [0.0, 0.0, 0.0, 1.0]]","[[-0.9820411276703037, -0.0, -0.18866696468655553, 0.3], [0.0, 0.9999999999999999, -0.0, -0.22], [0.18866696468655553, 0.0, -0.9820411276703037, 0.4335416666666668], [0.0, 0.0, 0.0, 1.0]]","[[-0.9807854717919872, 5.344439298912831e-07, -0.1950893598366755, 0.2999997516713191], [3.1325835044817957e-07, 0.9999999999992729, 1.1646185678399263e-06, -0.2200000860322564], [0.19508935983715606, 1.081127600464162e-06, -0.9807854717914412, 0.431250030909481], [0.0, 0.0, 0.0, 1.0]]"
3.7666666666666666,-97.25899778077348,33.73837168834372,-9.470362081414391,-77.06940938670101,12.860246438194249,11.670021942296058,26.272068217907464,-97.25899778077348,-33.73837168834372,9.470362081414391,-77.06940938670101,-12.860246438194249,11.670021942296058,-26.272068217907464,"[[-0.9832549075639546, -0.0, -0.18223552549214772, 0.3], [0.0, 1.0, -0.0, 0.22], [0.18223552549214772, 0.0, -0.9832549075639546, 0.4358333333333334], [0.0, 0.0, 0.0, 1.0]]","[[-0.9820411361832854, 9.154127503965474e-07, -0.18866692037292568, 0.29999984415517106], [5.982771208723362e-07, 0.999999999998311, 1.7378775580423333e-06, 0.2199997041928577], [0.18866692037419788, 1.593792149722762e-06, -0.9820411361821745, 0.43354163946023855], [0.0, 0.0, 0.0, 1.0]]","[[-0.9832549075639546, -0.0, -0.18223552549214772, 0.3], [0.0, 1.0, -0.0, -0.22], [0.18223552549214772, 0.0, -0.9832549075639546, 0.4358333333333334], [0.0, 0.0, 0.0, 1.0]]","[[-0.9820413000352237, 5.406400293690556e-07, -0.18866606749714063, 0.29999977898530283], [3.256545045176019e-07, 0.9999999999992619, 1.1705011893207087e-06, -0.22000009015000674], [0.18866606749763418, 1.0880405549232184e-06, -0.9820413000346748, 0.4335416823159496], [0.0, 0.0, 0.0, 1.0]]"
3.775,-97.79797483836836,33.69756130805289,-9.73219055305766,-76.38524982810836,12.96989914890328,11.110048883192563,26.31714746642955,-97.79797483836836,-33.69756130805289,9.73219055305766,-76.38524982810836,-12.96989914890328,11.110048883192563,-26.31714746642955,"[[-0.9844265680898915, -0.0, -0.1757962799343547, 0.3], [0.0, 0.9999999999999999, -0.0, 0.22], [0.1757962799343547, 0.0, -0.9844265680898915, 0.438125], [0.0, 0.0, 0.0, 1.0]]","[[-0.9832549166036755, 9.067002784427942e-07, -0.18223547671591597, 0.2999998430304365], [5.976417004634925e-07, 0.9999999999982887, 1.7508453559266048e-06, 0.21999969846164633], [0.18223547671719162, 1.6126157842382711e-06, -0.9832549166025348, 0.4358333059615777], [0.0, 0.0, 0.0, 1.0]]","[[-0.9844265680898915, -0.0, -0.1757962799343547, 0.3], [0.0, 0.9999999999999999, -0.0, -0.22], [0.1757962799343547, 0.0, -0.9844265680898915, 0.438125], [0.0, 0.0, 0.0, 1.0]]","[[-0.9820413000352237, 5.406400293690556e-07, -0.18866606749714063, 0.29999977898530283], [3.256545045176019e-07, 0.9999999999992619, 1.1705011893207087e-06, -0.22000009015000674], [0.18866606749763418, 1.0880405549232184e-06, -0.9820413000346748, 0.4335416823159496], [0.0, 0.0, 0.0, 1.0]]"
3.783333333333333,-98.33975910371211,33.654186191728726,-9.995718888030616,-75.69400053315721,13.080272444569747,10.546068210593562,26.364692413242008,-98.33975910371211,-33.654186191728726,9.995718888030616,-75.69400053315721,-13.080272444569747,10.546068210593562,-26.364692413242008,"[[-0.9855560590580776, -0.0, -0.16934950384902478, 0.3], [0.0, 1.0, -0.0, 0.22], [0.16934950384902478, 0.0, -0.9855560590580776, 0.4404166666666668], [0.0, 0.0, 0.0, 1.0]]","[[-0.9844265884383891, 9.043705158047217e-07, -0.17579616598417858, 0.2999998166214613], [5.984198244843198e-07, 0.9999999999982132, 1.79338455857155e-06, 0.2199996853445413], [0.1757961659854863, 1.6602555319594086e-06, -0.984426588437171, 0.4381249727088149], [0.0, 0.0, 0.0, 1.0]]","[[-0.9855560590580776, -0.0, -0.16934950384902478, 0.3], [0.0, 1.0, -0.0, -0.22], [0.16934950384902478, 0.0, -0.9855560590580776, 0.4404166666666668], [0.0, 0.0, 0.0, 1.0]]","[[-0.9844267409285272, 5.416072400847773e-07, -0.17579531206646315, 0.29999975066500467], [3.4912048821929706e-07, 0.9999999999993052, 1.1258758458841777e-06, -0.2200000811015371], [0.17579531206695082, 1.0469685444786023e-06, -0.9844267409280323, 0.4381250164294126], [0.0, 0.0, 0.0, 1.0]]"
3.7916666666666665,-98.88443253907478,33.60819169785786,-10.260965869353475,-74.99547025655083,13.191409013875964,9.978012476381004,26.41475940740549,-98.88443253907478,-33.60819169785786,10.260965869353475,-74.99547025655083,-13.191409013875964,9.978012476381004,-26.41475940740549,"[[-0.9866433320848791, -0.0, -0.1628954733945889, 0.3], [0.0, 1.0, -0.0, 0.22], [0.1628954733945889, 0.0, -0.9866433320848791, 0.44270833333333337], [0.0, 0.0, 0.0, 1.0]]","[[-0.9855560777906786, 9.209586093196396e-07, -0.16934939482917002, 0.2999998198373259], [6.262616279742904e-07, 0.9999999999981956, 1.793585716011736e-06, 0.21999968390118957], [0.16934939483051623, 1.6616222757517353e-06, -0.9855560777894766, 0.44041663589684926], [0.0, 0.0, 0.0, 1.0]]","[[-0.9866433320848791, -0.0, -0.1628954733945889, 0.3], [0.0, 1.0, -0.0, -0.22], [0.1628954733945889, 0.0, -0.9866433320848791, 0.44270833333333337], [0.0, 0.0, 0.0, 1.0]]","[[-0.9855562245914046, 5.199354789972044e-07, -0.16934854049818898, 0.29999975348682445], [3.332144545152021e-07, 0.9999999999993049, 1.1310041330270836e-06, -0.22000008459002054], [0.16934854049865933, 1.0582387817983976e-06, -0.9855562245908928, 0.4404166800242076], [0.0, 0.0, 0.0, 1.0]]"
3.8,-99.43208393691557,33.55951976983235,-10.527951133820103,-74.28946775299246,13.303351545504242,9.4058099635686,26.46739967533878,-99.43208393691557,-33.55951976983235,10.527951133820103,-74.28946775299246,-13.303351545504242,9.4058099635686,-26.46739967533878,"[[-0.9876883405951378, -0.0, -0.15643446504023098, 0.3], [0.0, 1.0, -0.0, 0.22], [0.15643446504023098, 0.0, -0.9876883405951378, 0.44499999999999995], [0.0, 0.0, 0.0, 1.0]]","[[-0.9866433444010262, 9.118589073633448e-07, -0.16289539879421663, 0.29999983400108793], [6.308875856916148e-07, 0.9999999999982229, 1.7765871351556881e-06, 0.2199996792918071], [0.16289539879554712, 1.6500891877842898e-06, -0.986643344399848, 0.4427083073052514], [0.0, 0.0, 0.0, 1.0]]","[[-0.9876883405951378, -0.0, -0.15643446504023098, 0.3], [0.0, 1.0, -0.0, -0.22], [0.15643446504023098, 0.0, -0.9876883405951378, 0.44499999999999995], [0.0, 0.0, 0.0, 1.0]]","[[-0.9866434855076803, 5.239210576745169e-07, -0.16289454412282003, 0.2999997672562017], [3.406113615941446e-07, 0.9999999999992769, 1.1532557930591677e-06, -0.22000008493326498], [0.16289454412330648, 1.08236858287589e-06, -0.9866434855071454, 0.44270835182144025], [0.0, 0.0, 0.0, 1.0]]"
3.808333333333333,-99.9828020896937,33.508115766138836,-10.79669517199801,-73.57580177718535,13.416146143231478,8.829384686301838,26.522678103838988,-99.9828020896937,-33.508115766138836,10.79669517199801,-73.57580177718535,-13.416146143231478,8.829384686301838,-26.522678103838988,"[[-0.9886910398241674, -0.0, -0.1499667555540451, 0.3], [0.0, 1.0, -0.0, 0.22], [0.1499667555540451, 0.0, -0.9886910398241674, 0.44729166666666675], [0.0, 0.0, 0.0, 1.0]]","[[-0.9876883666096498, 9.510884568247129e-07, -0.15643430078808693, 0.29999979792141346], [6.80115673203847e-07, 0.9999999999981745, 1.7857088697514089e-06, 0.21999967309857849], [0.1564343007894997, 1.65733045701247e-06, -0.9876883666084934, 0.4449999879623996], [0.0, 0.0, 0.0, 1.0]]","[[-0.9886910398241674, -0.0, -0.1499667555540451, 0.3], [0.0, 1.0, -0.0, -0.22], [0.1499667555540451, 0.0, -0.9886910398241674, 0.44729166666666675], [0.0, 0.0, 0.0, 1.0]]","[[-0.9866434855076803, 5.239210576745169e-07, -0.16289454412282003, 0.2999997672562017], [3.406113615941446e-07, 0.9999999999992769, 1.1532557930591677e-06, -0.22000008493326498], [0.16289454412330648, 1.08236858287589e-06, -0.9866434855071454, 0.44270835182144025], [0.0, 0.0, 0.0, 1.0]]"
3.8166666666666664,-100.53667578986838,33.4539147999802,-11.067221035775644,-72.85424693288685,13.529839764608218,8.248656389857965,26.580652749514055,-100.53667578986838,-33.4539147999802,11.067221035775644,-72.85424693288685,-13.529839764608218,8.248656389857965,-26.580652749514055,"[[-0.9896513868196701, -0.0, -0.14349262199117935, 0.3], [0.0, 1.0, -0.0, 0.22], [0.14349262199117935, 0.0, -0.9896513868196701, 0.44958333333333356], [0.0, 0.0, 0.0, 1.0]]","[[-0.9886910489262825, 9.138206794336909e-07, -0.14996669554341874, 0.29999984138443386], [6.576485463633126e-07, 0.9999999999982391, 1.757786602872584e-06, 0.2199996813850155], [0.14996669554476094, 1.6392825008556229e-06, -0.9886910489251423, 0.4472916435356857], [0.0, 0.0, 0.0, 1.0]]","[[-0.9896513868196701, -0.0, -0.14349262199117935, 0.3], [0.0, 1.0, -0.0, -0.22], [0.14349262199117935, 0.0, -0.9896513868196701, 0.44958333333333356], [0.0, 0.0, 0.0, 1.0]]","[[-0.9886911786341294, 5.116403706429507e-07, -0.14996584041305755, 0.29999977385028764], [3.3815596330109303e-07, 0.999999999999244, 1.1823262700084103e-06, -0.22000009699238557], [0.1499658404135491, 1.1182437101975733e-06, -0.9886911786335549, 0.4472916887731674], [0.0, 0.0, 0.0, 1.0]]"
3.8249999999999997,-101.09381432046632,33.39685539965391,-11.339551777041454,-72.1245983144219,13.644481928505943,7.663538843098714,26.641390206708394,-101.09381432046632,-33.39685539965391,11.339551777041454,-72.1245983144219,-13.644481928505943,7.663538843098714,-26.641390206708394,"[[-0.9905693404435773, -0.0, -0.13701234168196805, 0.3], [0.0, 1.0, -0.0, 0.22], [0.13701234168196805, 0.0, -0.9905693404435773, 0.45187500000000014], [0.0, 0.0, 0.0, 1.0]]","[[-0.9896514188661368, 9.026573907527289e-07, -0.1434924009675333, 0.29999977423061286], [6.525673507799117e-07, 0.9999999999981851, 1.7899427733747982e-06, 0.2199996767590179], [0.1434924009688886, 1.677780949403125e-06, -0.9896514188649298, 0.4495833324633518], [0.0, 0.0, 0.0, 1.0]]","[[-0.9905693404435773, -0.0, -0.13701234168196805, 0.3], [0.0, 1.0, -0.0, -0.22], [0.13701234168196805, 0.0, -0.9905693404435773, 0.45187500000000014], [0.0, 0.0, 0.0, 1.0]]","[[-0.9896515428707722, 5.175990919959029e-07, -0.14349154572040926, 0.2999997063018697], [3.555190958687654e-07, 0.9999999999992697, 1.1551835295715455e-06, -0.22000009737882215], [0.14349154572090236, 1.092215177740053e-06, -0.9896515428702333, 0.4495833780319455], [0.0, 0.0, 0.0, 1.0]]"
3.8333333333333335,-101.65430647394673,33.336862433079105,-11.613713009004828,-71.3866032047912,13.760125568890722,7.073941972904404,26.70496219240829,-101.65430647394673,-33.336862433079105,11.613713009004828,-71.3866032047912,-13.760125568890722,7.073941972904404,-26.70496219240829,"[[-0.9914448613738104, -0.0, -0.13052619222005155, 0.3], [0.0, 0.9999999999999999, -0.0, 0.22], [0.13052619222005155, 0.0, -0.9914448613738104, 0.4541666666666667], [0.0, 0.0, 0.0, 1.0]]","[[-0.9905693541341452, 9.102897046087804e-07, -0.1370122426990874, 0.2999998290355736], [6.705764741532631e-07, 0.9999999999981628, 1.795731497132822e-06, 0.219999667147032], [0.13701224270047035, 1.686919402688216e-06, -0.9905693541329359, 0.45187496845210906], [0.0, 0.0, 0.0, 1.0]]","[[-0.9914448613738104, -0.0, -0.13052619222005155, 0.3], [0.0, 0.9999999999999999, -0.0, -0.22], [0.13052619222005155, 0.0, -0.9914448613738104, 0.4541666666666667], [0.0, 0.0, 0.0, 1.0]]","[[-0.9905694724345816, 5.047335578923795e-07, -0.1370113874114862, 0.29999976071241], [3.4987739856543175e-07, 0.9999999999992727, 1.154325131408822e-06, -0.2200000927984361], [0.13701138741196914, 1.0955020486362443e-06, -0.9905694724340376, 0.4518750143312157], [0.0, 0.0, 0.0, 1.0]]"
3.841666666666667,-102.21828202390385,33.27387101345866,-11.889733759969737,-70.64002254737379,13.876824473502268,6.479768449079362,26.77144042360002,-102.21828202390385,-33.27387101345866,11.889733759969737,-70.64002254737379,-13.876824473502268,6.479768449079362,-26.77144042360002,"[[-0.9922779121059669, -0.0, -0.12403445145048526, 0.3], [0.0, 0.9999999999999999, -0.0, 0.22], [0.12403445145048526, 0.0, -0.9922779121059669, 0.4564583333333335], [0.0, 0.0, 0.0, 1.0]]","[[-0.9914448841931273, 9.263748611063042e-07, -0.13052601888672774, 0.29999979596416365], [6.979404226767361e-07, 0.999999999998144, 1.795851904236549e-06, 0.2199996611346597], [0.1305260188881491, 1.6893887984316979e-06, -0.9914448841919338, 0.4541666572371001], [0.0, 0.0, 0.0, 1.0]]","[[-0.9922779121059669, -0.0, -0.12403445145048526, 0.3], [0.0, 0.9999999999999999, -0.0, -0.22], [0.12403445145048526, 0.0, -0.9922779121059669, 0.4564583333333335], [0.0, 0.0, 0.0, 1.0]]","[[-0.9914449967888157, 4.833856164109438e-07, -0.13052516363594974, 0.2999997272469222], [3.349660532050555e-07, 0.9999999999992721, 1.159050060939175e-06, -0.2200000918363315], [0.13052516363641503, 1.105412885038839e-06, -0.9914449967882561, 0.45416670340533644], [0.0, 0.0, 0.0, 1.0]]"
3.85,-102.78583659298607,33.20780259361713,-12.167641350692861,-69.88458996479203,13.994635845174878,5.880915391899216,26.840901739911757,-102.78583659298607,-33.20780259361713,12.167641350692861,-69.88458996479203,-13.994635845174878,5.880915391899216,-26.840901739911757,"[[-0.9930684569549264, -0.0, -0.11753739745783755, 0.3], [0.0, 1.0, -0.0, 0.22], [0.11753739745783755, 0.0, -0.9930684569549264, 0.4587500000000001], [0.0, 0.0, 0.0, 1.0]]","[[-0.9922779178684723, 8.886696827222118e-07, -0.12403440534714502, 0.29999985212232116], [6.722784332109215e-07, 0.9999999999981785, 1.7864610884860536e-06, 0.21999966278764552], [0.12403440534850665, 1.6892802335449586e-06, -0.9922779178672622, 0.45645829968745194], [0.0, 0.0, 0.0, 1.0]]","[[-0.9930684569549264, -0.0, -0.11753739745783755, 0.3], [0.0, 1.0, -0.0, -0.22], [0.11753739745783755, 0.0, -0.9930684569549264, 0.4587500000000001], [0.0, 0.0, 0.0, 1.0]]","[[-0.9914449967888157, 4.833856164109438e-07, -0.13052516363594974, 0.2999997272469222], [3.349660532050555e-07, 0.9999999999992721, 1.159050060939175e-06, -0.2200000918363315], [0.13052516363641503, 1.105412885038839e-06, -0.9914449967882561, 0.45416670340533644], [0.0, 0.0, 0.0, 1.0]]"
3.8583333333333334,-103.35710678497676,33.13858204147363,-12.44746822457276,-69.12003907966832,14.113619448063792,5.2772735183372435,26.91342981116083,-103.35710678497676,-33.13858204147363,12.44746822457276,-69.12003907966832,-14.113619448063792,5.2772735183372435,-26.91342981116083,"[[-0.9938164620563782, -0.0, -0.11103530855427755, 0.3], [0.0, 1.0, -0.0, 0.22], [0.11103530855427755, 0.0, -0.9938164620563782, 0.4610416666666667], [0.0, 0.0, 0.0, 1.0]]","[[-0.9930684703109665, 8.695894937983928e-07, -0.11753728460995175, 0.29999982343522447], [6.624068015294495e-07, 0.9999999999981575, 1.8017617590974144e-06, 0.21999966585477068], [0.11753728461130197, 1.7114152972127308e-06, -0.9930684703097128, 0.45874997348680124], [0.0, 0.0, 0.0, 1.0]]","[[-0.9938164620563782, -0.0, -0.11103530855427755, 0.3], [0.0, 1.0, -0.0, -0.22], [0.11103530855427755, 0.0, -0.9938164620563782, 0.4610416666666667], [0.0, 0.0, 0.0, 1.0]]","[[-0.9930685714997459, 5.295604353813854e-07, -0.11753642966831056, 0.29999975393137585], [3.956587348954143e-07, 0.999999999999246, 1.1625687550882068e-06, -0.2200001067111445], [0.11753642966883758, 1.1080061778189956e-06, -0.9930685714992068, 0.45875002016611616], [0.0, 0.0, 0.0, 1.0]]"
3.8666666666666667,-103.932215543281,33.06612056456897,-12.729247678781636,-68.34606253348998,14.233838461418834,4.66872586140391,26.989111722259157,-103.932215543281,-33.06612056456897,12.729247678781636,-68.34606253348998,-14.233838461418834,4.66872586140391,-26.989111722259157,"[[-0.9945218953682732, -0.0, -0.10452846326765373, 0.3], [0.0, 0.9999999999999999, -0.0, 0.22], [0.10452846326765373, 0.0, -0.9945218953682732, 0.4633333333333335], [0.0, 0.0, 0.0, 1.0]]","[[-0.9938164672970892, 8.567776429489149e-07, -0.11103526164421774, 0.2999998486380315], [6.651622960240636e-07, 0.9999999999982253, 1.762758936532226e-06, 0.21999968166032174], [0.11103526164553097, 1.67800238942593e-06, -0.9938164672958952, 0.46104164217263954], [0.0, 0.0, 0.0, 1.0]]","[[-0.9945218953682732, -0.0, -0.10452846326765373, 0.3], [0.0, 0.9999999999999999, -0.0, -0.22], [0.10452846326765373, 0.0, -0.9945218953682732, 0.4633333333333335], [0.0, 0.0, 0.0, 1.0]]","[[-0.9930685714997459, 5.295604353813854e-07, -0.11753642966831056, 0.29999975393137585], [3.956587348954143e-07, 0.999999999999246, 1.1625687550882068e-06, -0.2200001067111445], [0.11753642966883758, 1.1080061778189956e-06, -0.9930685714992068, 0.45875002016611616], [0.0, 0.0, 0.0, 1.0]]"
3.875,-104.5112994716822,32.99032937044392,-13.013016425586278,-67.56236662812272,14.355360333358055,4.055148197033685,27.068036265665945,-104.5112994716822,-32.99032937044392,13.013016425586278,-67.56236662812272,-14.355360333358055,4.055148197033685,-27.068036265665945,"[[-0.9951847266721969, -0.0, -0.09801714032956083, 0.3], [0.0, 1.0, -0.0, 0.22], [0.09801714032956083, 0.0, -0.9951847266721969, 0.46562500000000007], [0.0, 0.0, 0.0, 1.0]]","[[-0.9945219053562295, 8.806263535120696e-07, -0.10452836823484588, 0.29999983194590085], [6.974171034775334e-07, 0.9999999999981561, 1.7892728078538764e-06, 0.2199996573932887], [0.10452836823622882, 1.7065711302633487e-06, -0.9945219053550098, 0.4633333106139061], [0.0, 0.0, 0.0, 1.0]]","[[-0.9951847266721969, -0.0, -0.09801714032956083, 0.3], [0.0, 1.0, -0.0, -0.22], [0.09801714032956083, 0.0, -0.9951847266721969, 0.46562500000000007], [0.0, 0.0, 0.0, 1.0]]","[[-0.9945219951477408, 5.078016380809157e-07, -0.10452751392384545, 0.29999976165860304], [3.8614330814266817e-07, 0.9999999999992245, 1.1841248318954879e-06, -0.2200001084734016], [0.10452751392436567, 1.137275590302201e-06, -0.9945219951471654, 0.46333335770915585], [0.0, 0.0, 0.0, 1.0]]"
3.8833333333333333,-105.0945020041529,32.91111966663929,-13.298813738574415,-66.76860985410802,14.478254219546802,3.4364075499811655,27.15030589421875,-105.0945020041529,-32.91111966663929,13.298813738574415,-66.76860985410802,-14.478254219546802,3.4364075499811655,-27.15030589421875,"[[-0.9958049275746617, -0.0, -0.09150161866340259, 0.3], [0.0, 1.0, -0.0, 0.22], [0.09150161866340259, 0.0, -0.9958049275746617, 0.46791666666666687], [0.0, 0.0, 0.0, 1.0]]","[[-0.9951847328183244, 8.739586463160364e-07, -0.09801707792296613, 0.2999998473585819], [7.04039612777387e-07, 0.9999999999981891, 1.7681528163416688e-06, 0.21999966196297893], [0.09801707792433392, 1.690630782526495e-06, -0.9951847328171374, 0.4656249749586023], [0.0, 0.0, 0.0, 1.0]]","[[-0.9958049275746617, -0.0, -0.09150161866340259, 0.3], [0.0, 1.0, -0.0, -0.22], [0.09150161866340259, 0.0, -0.9958049275746617, 0.46791666666666687], [0.0, 0.0, 0.0, 1.0]]","[[-0.9945219951477408, 5.078016380809157e-07, -0.10452751392384545, 0.29999976165860304], [3.8614330814266817e-07, 0.9999999999992245, 1.1841248318954879e-06, -0.2200001084734016], [0.10452751392436567, 1.137275590302201e-06, -0.9945219951471654, 0.46333335770915585], [0.0, 0.0, 0.0, 1.0]]"
3.8916666666666666,-105.68198023504404,32.82839241541209,-13.58668145265471,-65.9644507019874,14.602592690745006,2.812362193821073,27.236021353207825,-105.68198023504404,-32.82839241541209,13.58668145265471,-65.9644507019874,-14.602592690745006,2.812362193821073,-27.236021353207825,"[[-0.9963824715083255, -0.0, -0.08498217737244182, 0.3], [0.0, 1.0, -0.0, 0.22], [0.08498217737244182, 0.0, -0.9963824715083255, 0.47020833333333345], [0.0, 0.0, 0.0, 1.0]]","[[-0.9958049379180667, 8.401026699454752e-07, -0.09150150609301397, 0.2999998222535518], [6.812053038139413e-07, 0.9999999999982057, 1.7677858166142018e-06, 0.219999670617699], [0.09150150609433488, 1.6980385341084193e-06, -0.9958049379168521, 0.4679166560146215], [0.0, 0.0, 0.0, 1.0]]","[[-0.9963824715083255, -0.0, -0.08498217737244182, 0.3], [0.0, 1.0, -0.0, -0.22], [0.08498217737244182, 0.0, -0.9963824715083255, 0.47020833333333345], [0.0, 0.0, 0.0, 1.0]]","[[-0.9951848169172466, 5.090679011662528e-07, -0.09801622405054938, 0.29999977668113476], [3.9239318095157643e-07, 0.9999999999991915, 1.2096381631659694e-06, -0.22000011817958715], [0.09801622405108593, 1.1653526360063822e-06, -0.9951848169166417, 0.46562502222392743], [0.0, 0.0, 0.0, 1.0]]"
3.9,-106.27389125870651,32.74203833373562,-13.876664817830418,-65.1495135113565,14.728456001675417,2.182860156844375,27.325295340754476,-106.27389125870651,-32.74203833373562,13.876664817830418,-65.1495135113565,-14.728456001675417,2.182860156844375,-27.325295340754476,"[[-0.996917333733128, -0.0, -0.07845909572784505, 0.3], [0.0, 0.9999999999999999, -0.0, 0.22], [0.07845909572784505, 0.0, -0.996917333733128, 0.47250000000000003], [0.0, 0.0, 0.0, 1.0]]","[[-0.9963824791686053, 8.355624101873486e-07, -0.0849820875545294, 0.29999983301442057], [6.878588246452544e-07, 0.9999999999982017, 1.7673363115660428e-06, 0.2199996664714576], [0.08498208755585329, 1.7024872567817135e-06, -0.9963824791673883, 0.4702083198898024], [0.0, 0.0, 0.0, 1.0]]","[[-0.996917333733128, -0.0, -0.07845909572784505, 0.3], [0.0, 0.9999999999999999, -0.0, -0.22], [0.07845909572784505, 0.0, -0.996917333733128, 0.47250000000000003], [0.0, 0.0, 0.0, 1.0]]","[[-0.9963825518993776, 5.365826240035087e-07, -0.0849812348121402, 0.2999997615607277], [4.345666612007773e-07, 0.9999999999991627, 1.2189512822969503e-06, -0.22000013300760912], [0.08498123481272313, 1.1776117778190228e-06, -0.9963825518987766, 0.47020836741469396], [0.0, 0.0, 0.0, 1.0]]"
3.908333333333333,-106.87041266005875,32.65194813858315,-14.168812499199374,-64.32340896143263,14.85592611460807,1.5477390086148721,27.41824567762189,-106.87041266005875,-32.65194813858315,14.168812499199374,-64.32340896143263,-14.85592611460807,1.5477390086148721,-27.41824567762189,"[[-0.9974094913373518, -0.0, -0.07193265315671947, 0.3], [0.0, 0.9999999999999999, -0.0, 0.22], [0.07193265315671947, 0.0, -0.9974094913373518, 0.47479166666666683], [0.0, 0.0, 0.0, 1.0]]","[[-0.9969173459464113, 8.742175368106534e-07, -0.07845894053834312, 0.29999980815193], [7.351661215863509e-07, 0.9999999999981077, 1.8011672994533385e-06, 0.219999644732615], [0.07845894053976926, 1.7379345687571392e-06, -0.9969173459451675, 0.47249999071269266], [0.0, 0.0, 0.0, 1.0]]","[[-0.9974094913373518, -0.0, -0.07193265315671947, 0.3], [0.0, 0.9999999999999999, -0.0, -0.22], [0.07193265315671947, 0.0, -0.9974094913373518, 0.47479166666666683], [0.0, 0.0, 0.0, 1.0]]","[[-0.9963825518993776, 5.365826240035087e-07, -0.0849812348121402, 0.2999997615607277], [4.345666612007773e-07, 0.9999999999991627, 1.2189512822969503e-06, -0.22000013300760912], [0.08498123481272313, 1.1776117778190228e-06, -0.9963825518987766, 0.47020836741469396], [0.0, 0.0, 0.0, 1.0]]"
3.9166666666666665,-107.47172885420834,32.5580057167388,-14.463176576953998,-63.48570675029808,14.98509011445489,0.9068242591436119,27.514998722309706,-107.47172885420834,-32.5580057167388,14.463176576953998,-63.48570675029808,-14.98509011445489,0.9068242591436119,-27.514998722309706,"[[-0.9978589232386036, -0.0, -0.06540312923014312, 0.3], [0.0, 1.0, -0.0, 0.22], [0.06540312923014312, 0.0, -0.9978589232386036, 0.4770833333333334], [0.0, 0.0, 0.0, 1.0]]","[[-0.9974095046112065, 8.847487715250907e-07, -0.07193246909737651, 0.29999979502444885], [7.577701304243754e-07, 0.9999999999981063, 1.7925373999482579e-06, 0.21999964935983], [0.07193246909882624, 1.7333855635897855e-06, -0.9974095046099881, 0.47479166542761286], [0.0, 0.0, 0.0, 1.0]]","[[-0.9978589232386036, -0.0, -0.06540312923014312, 0.3], [0.0, 1.0, -0.0, -0.22], [0.06540312923014312, 0.0, -0.9978589232386036, 0.4770833333333334], [0.0, 0.0, 0.0, 1.0]]","[[-0.9974095660038251, 4.76414119658118e-07, -0.07193161783134183, 0.2999997228011782], [3.909761289821027e-07, 0.9999999999992013, 1.201846853139661e-06, -0.22000012627384424], [0.07193161783185695, 1.1706100027019742e-06, -0.9974095660032147, 0.47479171309764506], [0.0, 0.0, 0.0, 1.0]]"
3.925,-108.07803108645203,32.46008129460832,-14.759815107702236,-62.63595608546762,15.11604191631696,0.2599288786412119,27.61568766350674,-108.07803108645203,-32.46008129460832,14.759815107702236,-62.63595608546762,-15.11604191631696,0.2599288786412119,-27.61568766350674,"[[-0.9982656101847157, -0.0, -0.058870803651189484, 0.3], [0.0, 0.9999999999999999, -0.0, 0.22], [0.058870803651189484, 0.0, -0.9982656101847157, 0.479375], [0.0, 0.0, 0.0, 1.0]]","[[-0.9978589270029844, 8.628239842126765e-07, -0.0654030717910728, 0.2999998525088139], [7.473175153579206e-07, 0.9999999999981178, 1.7905356277386058e-06, 0.21999964676750677], [0.0654030717924946, 1.7378250991481802e-06, -0.9978589270017509, 0.47708330706788005], [0.0, 0.0, 0.0, 1.0]]","[[-0.9982656101847157, -0.0, -0.058870803651189484, 0.3], [0.0, 0.9999999999999999, -0.0, -0.22], [0.058870803651189484, 0.0, -0.9982656101847157, 0.479375], [0.0, 0.0, 0.0, 1.0]]","[[-0.9978589827406239, 4.928123145502386e-07, -0.06540222139655719, 0.2999997799037165], [4.147112126852176e-07, 0.9999999999991847, 1.2077419396765787e-06, -0.22000012889088708], [0.06540222139709906, 1.1780331087911853e-06, -0.9978589827400146, 0.4770833547647607], [0.0, 0.0, 0.0, 1.0]]"
3.933333333333333,-108.68954475303244,32.3580450985975,-15.058787855599327,-61.773678853699366,15.248880557937245,-0.39314851675113716,27.720455935185566,-108.68954475303244,-32.3580450985975,15.058787855599327,-61.773678853699366,-15.248880557937245,-0.39314851675113716,-27.720455935185566,"[[-0.9986295347545738, -0.0, -0.05233595624294425, 0.3], [0.0, 0.9999999999999999, -0.0, 0.22], [0.05233595624294425, 0.0, -0.9986295347545738, 0.4816666666666668], [0.0, 0.0, 0.0, 1.0]]","[[-0.9982656159710304, 8.149545396709305e-07, -0.0588707055275791, 0.2999998327375685], [7.13867769754853e-07, 0.9999999999982345, 1.7381291740314165e-06, 0.21999966923195619], [0.058870705528891676, 1.6930886912928228e-06, -0.9982656159698498, 0.47937499092473296], [0.0, 0.0, 0.0, 1.0]]","[[-0.9986295347545738, -0.0, -0.05233595624294425, 0.3], [0.0, 0.9999999999999999, -0.0, -0.22], [0.05233595624294425, 0.0, -0.9986295347545738, 0.4816666666666668], [0.0, 0.0, 0.0, 1.0]]","[[-0.9982656660643944, 5.351317036465857e-07, -0.05886985609566915, 0.2999997597529038], [4.6152444224121914e-07, 0.9999999999990948, 1.2639354644633901e-06, -0.22000015657746555], [0.058869856096292236, 1.234573500795581e-06, -0.9982656660637378, 0.4793750386162978], [0.0, 0.0, 0.0, 1.0]]"
3.9416666666666664,-109.306488420003,32.25174686454459,-15.360164830084262,-60.89836279080555,15.38371019970059,-1.0526247855395832,27.829462339244383,-109.306488420003,-32.25174686454459,15.360164830084262,-60.89836279080555,-15.38371019970059,-1.0526247855395832,-27.829462339244383,"[[-0.9989506813588601, -0.0, -0.0457988669365207, 0.3], [0.0, 1.0, -0.0, 0.22], [0.0457988669365207, 0.0, -0.9989506813588601, 0.4839583333333336], [0.0, 0.0, 0.0, 1.0]]","[[-0.9986295450953004, 8.820509332888139e-07, -0.05233575892232281, 0.299999791275321], [7.879526438829446e-07, 0.999999999998036, 1.818606339708984e-06, 0.21999963068292225], [0.052335758923824124, 1.7748759221185472e-06, -0.9986295450940341, 0.481666667257434], [0.0, 0.0, 0.0, 1.0]]","[[-0.9989506813588601, -0.0, -0.0457988669365207, 0.3], [0.0, 1.0, -0.0, -0.22], [0.0457988669365207, 0.0, -0.9989506813588601, 0.4839583333333336], [0.0, 0.0, 0.0, 1.0]]","[[-0.9982656660643944, 5.351317036465857e-07, -0.05886985609566915, 0.2999997597529038], [4.6152444224121914e-07, 0.9999999999990948, 1.2639354644633901e-06, -0.22000015657746555], [0.058869856096292236, 1.234573500795581e-06, -0.9982656660637378, 0.4793750386162978], [0.0, 0.0, 0.0, 1.0]]"
3.9499999999999997,-109.9291011439847,32.14103632828786,-15.664014333048742,-60.0094341608959,15.520646954822883,-1.7187338617031993,27.942869092675984,-109.9291011439847,-32.14103632828786,15.664014333048742,-60.0094341608959,-15.520646954822883,-1.7187338617031993,-27.942869092675984,"[[-0.9992290362407229, -0.0, -0.039259815759068506, 0.3], [0.0, 0.9999999999999999, -0.0, 0.22], [0.039259815759068506, 0.0, -0.9992290362407229, 0.4862500000000002], [0.0, 0.0, 0.0, 1.0]]","[[-0.9989506846798012, 8.470400502636819e-07, -0.04579879449329505, 0.29999984948688063], [7.666232004670981e-07, 0.9999999999981336, 1.7734370557714955e-06, 0.21999963998352226], [0.04579879449471175, 1.7364657426874814e-06, -0.9989506846785862, 0.48395831269387846], [0.0, 0.0, 0.0, 1.0]]","[[-0.9992290362407229, -0.0, -0.039259815759068506, 0.3], [0.0, 0.9999999999999999, -0.0, -0.22], [0.039259815759068506, 0.0, -0.9992290362407229, 0.4862500000000002], [0.0, 0.0, 0.0, 1.0]]","[[-0.9989507235223558, 4.918808210944555e-07, -0.045797947267533966, 0.29999977575090186], [4.357375239040968e-07, 0.9999999999991414, 1.2358743066268347e-06, -0.2200001378089799], [0.04579794726810254, 1.2146216486453207e-06, -0.9989507235217125, 0.4839583602731531], [0.0, 0.0, 0.0, 1.0]]"
3.9583333333333335,-110.55765613254428,32.025749565287214,-15.970418326762807,-59.10631239789096,15.659808644067308,-2.3917286223238343,28.06085890304066,-110.55765613254428,-32.025749565287214,15.970418326762807,-59.10631239789096,-15.659808644067308,-2.3917286223238343,-28.06085890304066,"[[-0.9994645874763657, -0.0, -0.032719082821776005, 0.3], [0.0, 1.0, -0.0, 0.22], [0.032719082821776005, 0.0, -0.9994645874763657, 0.48854166666666676], [0.0, 0.0, 0.0, 1.0]]","[[-0.9992290414120012, 8.703943474975981e-07, -0.03925968413137831, 0.299999826469418], [8.002604932396973e-07, 0.9999999999980561, 1.8021240751542488e-06, 0.2199996325192232], [0.039259684132870544, 1.7693167379344575e-06, -0.9992290414107553, 0.48624998149746523], [0.0, 0.0, 0.0, 1.0]]","[[-0.9994645874763657, -0.0, -0.032719082821776005, 0.3], [0.0, 1.0, -0.0, -0.22], [0.032719082821776005, 0.0, -0.9994645874763657, 0.48854166666666676], [0.0, 0.0, 0.0, 1.0]]","[[-0.9989507235223558, 4.918808210944555e-07, -0.045797947267533966, 0.29999977575090186], [4.357375239040968e-07, 0.9999999999991414, 1.2358743066268347e-06, -0.2200001378089799], [0.04579794726810254, 1.2146216486453207e-06, -0.9989507235217125, 0.4839583602731531], [0.0, 0.0, 0.0, 1.0]]"
3.966666666666667,-111.19243342343776,31.90570557552965,-16.279462188591083,-58.18833497344125,15.801326748575386,-3.0718829152985236,28.183621308087886,-111.19243342343776,-31.90570557552965,16.279462188591083,-58.18833497344125,-15.801326748575386,-3.0718829152985236,-28.183621308087886,"[[-0.9996573249755573, -0.0, -0.026176948307872976, 0.3], [0.0, 0.9999999999999999, -0.0, 0.22], [0.026176948307872976, 0.0, -0.9996573249755573, 0.49083333333333357], [0.0, 0.0, 0.0, 1.0]]","[[-0.9994645899744465, 8.397492112852539e-07, -0.03271900650243177, 0.2999998494983427], [7.819609890570772e-07, 0.9999999999981117, 1.7789932581051269e-06, 0.21999963888461424], [0.032719006503863904, 1.7524557805937388e-06, -0.999464589973216, 0.48854164513120046], [0.0, 0.0, 0.0, 1.0]]","[[-0.9996573249755573, -0.0, -0.026176948307872976, 0.3], [0.0, 0.9999999999999999, -0.0, -0.22], [0.026176948307872976, 0.0, -0.9996573249755573, 0.49083333333333357], [0.0, 0.0, 0.0, 1.0]]","[[-0.9994646176246633, 4.879249483221573e-07, -0.032718161869937756, 0.299999775023004], [4.4768857101128085e-07, 0.9999999999991345, 1.2371129540196983e-06, -0.22000014723304756], [0.03271816187051306, 1.2218030784141473e-06, -0.9994646176240167, 0.488541692452784], [0.0, 0.0, 0.0, 1.0]]"
3.975,-111.83374720536693,31.78071311371842,-16.591239833634653,-57.25481545353517,15.945339579677812,-3.7594944941863977,28.311366336134633,-111.83374720536693,-31.78071311371842,16.591239833634653,-57.25481545353517,-15.945339579677812,-3.7594944941863977,-28.311366336134633,"[[-0.9998072404820648, -0.0, -0.019633692460628533, 0.3], [0.0, 1.0, -0.0, 0.22], [0.019633692460628533, 0.0, -0.9998072404820648, 0.49312500000000015], [0.0, 0.0, 0.0, 1.0]]","[[-0.9996573304194422, 8.60115948455777e-07, -0.02617674039935116, 0.29999978921766096], [8.131568984437397e-07, 0.9999999999980415, 1.8045674680274945e-06, 0.21999962305644646], [0.026176740400852022, 1.7826633006156335e-06, -0.9996573304181834, 0.4908333422617596], [0.0, 0.0, 0.0, 1.0]]","[[-0.9998072404820648, -0.0, -0.019633692460628533, 0.3], [0.0, 1.0, -0.0, -0.22], [0.019633692460628533, 0.0, -0.9998072404820648, 0.49312500000000015], [0.0, 0.0, 0.0, 1.0]]","[[-0.9996573524987497, 4.6190664680148147e-07, -0.026175897214374955, 0.2999997143778358], [4.30256621097785e-07, 0.9999999999991697, 1.214760731944134e-06, -0.2200001366806776], [0.026175897214914323, 1.2030821441250564e-06, -0.9996573524981182, 0.4908333893959471], [0.0, 0.0, 0.0, 1.0]]"
3.9833333333333334,-112.48191849722281,31.650563859083828,-16.905852007183782,-56.304985441891105,16.09199910908362,-4.454886298869151,28.44432109097081,-112.48191849722281,-31.650563859083828,16.905852007183782,-56.304985441891105,-16.09199910908362,-4.454886298869151,-28.44432109097081,"[[-0.9999143275740071, -0.0, -0.013089595571344636, 0.3], [0.0, 1.0, -0.0, 0.22], [0.013089595571344636, 0.0, -0.9999143275740071, 0.4954166666666667], [0.0, 0.0, 0.0, 1.0]]","[[-0.9998072439332378, 8.620102588336867e-07, -0.019633516696720373, 0.29999980265837567], [8.270609255641301e-07, 0.9999999999980592, 1.7882050791610248e-06, 0.21999962100572068], [0.01963351669822372, 1.7716222772921327e-06, -0.9998072439320101, 0.49312500696936523], [0.0, 0.0, 0.0, 1.0]]","[[-0.9999143275740071, -0.0, -0.013089595571344636, 0.3], [0.0, 1.0, -0.0, -0.22], [0.013089595571344636, 0.0, -0.9999143275740071, 0.4954166666666667], [0.0, 0.0, 0.0, 1.0]]","[[-0.9998072604605686, 4.543442081211309e-07, -0.019632675062923256, 0.29999972745787284], [4.3019598892276074e-07, 0.9999999999991458, 1.234224826575638e-06, -0.2200001399142915], [0.01963267506346725, 1.2255410445871154e-06, -0.9998072604599102, 0.4931250538747535], [0.0, 0.0, 0.0, 1.0]]"
3.9916666666666667,-113.13731612922055,31.51503583047785,-17.22341311490706,-55.33802531580864,16.241467553785593,-5.158412005079743,28.58273145940653,-113.13731612922055,-31.51503583047785,17.22341311490706,-55.33802531580864,-16.241467553785593,-5.158412005079743,-28.58273145940653,"[[-0.9999785816641292, -0.0, -0.006544937967352018, 0.3], [0.0, 1.0, -0.0, 0.22], [0.006544937967352018, 0.0, -0.9999785816641292, 0.49770833333333353], [0.0, 0.0, 0.0, 1.0]]","[[-0.9999143295886506, 8.353165345405269e-07, -0.013089441645155969, 0.29999981461292263], [8.122081107968923e-07, 0.9999999999981024, 1.7707406147137212e-06, 0.21999963295074845], [0.01308944164661026, 1.7599575639668671e-06, -0.9999143295874315, 0.4954166687741195], [0.0, 0.0, 0.0, 1.0]]","[[-0.9999785816641292, -0.0, -0.006544937967352018, 0.3], [0.0, 1.0, -0.0, -0.22], [0.006544937967352018, 0.0, -0.9999785816641292, 0.49770833333333353], [0.0, 0.0, 0.0, 1.0]]","[[-0.9999143405842945, 4.753540928076688e-07, -0.013088601668993864, 0.2999997390558863], [4.5897155872816116e-07, 0.9999999999991076, 1.254667972173979e-06, -0.22000015715136348], [0.013088601669578594, 1.2485532021389878e-06, -0.9999143405836202, 0.49541671540735527], [0.0, 0.0, 0.0, 1.0]]"
