time,l_q0,l_q1,l_q2,l_q3,l_q4,l_q5,l_q6,r_q0,r_q1,r_q2,r_q3,r_q4,r_q5,r_q6,l_pose,l_real_pose,r_pose,r_real_pose
0.0,-1.95502148127544,13.721056033064603,25.526418173764466,-85.17089483673907,-17.063142726032712,2.0492876967751363,26.64331802760163,-1.9522699822569827,-13.726654226863074,-25.520315399741058,-85.17086068579322,17.057313159576108,2.047254221393177,-26.649842565806285,"[[2.220446049250313e-16, -0.0, -1.0, 0.4], [0.0, 1.0, -0.0, 0.4], [1.0, 0.0, 2.220446049250313e-16, -0.2], [0.0, 0.0, 0.0, 1.0]]","[[-7.881707120294124e-09, 1.763354402175384e-08, -0.9999999999999999, 0.400000000591562], [-7.11550156252129e-09, 1.0, 1.763354407783614e-08, 0.39999999533117], [1.0, 7.115501701503717e-09, -7.881706898249519e-09, -0.19999999644465763], [0.0, 0.0, 0.0, 1.0]]","[[2.220446049250313e-16, -0.0, -1.0, 0.4], [0.0, 1.0, -0.0, -0.4], [1.0, 0.0, 2.220446049250313e-16, -0.2], [0.0, 0.0, 0.0, 1.0]]","[[1.620034756344424e-08, 1.1792983414014841e-08, -0.9999999999999999, 0.4000000012406136], [-9.087169695647554e-09, 1.0, 1.1792983266799536e-08, -0.40000000209219], [0.9999999999999999, 9.087169504597126e-09, 1.6200347674466542e-08, -0.20000000687678582], [0.0, 0.0, 0.0, 1.0]]"
0.008333333333333333,-1.949496285123723,13.661320906130964,25.476750745667424,-85.25948922046331,-17.00702759935918,2.118582740669266,26.615203261430565,-1.9466463886925351,-13.666197661198353,-25.47006228292269,-85.26059571110885,17.00052696681662,2.1174280118127107,-26.62139995055506,"[[2.220446049250313e-16, -0.0, -1.0, 0.4], [0.0, 1.0, -0.0, 0.39937500000000004], [1.0, 0.0, 2.220446049250313e-16, -0.2], [0.0, 0.0, 0.0, 1.0]]","[[-8.991227173904548e-08, 1.937733592045776e-07, -0.9999999999999772, 0.40000041272158326], [3.333322253264236e-08, 0.9999999999999808, 1.937733562075125e-07, 0.3993863063292985], [0.9999999999999954, -3.333320511003894e-08, -8.991227817833902e-08, -0.20000029956115664], [0.0, 0.0, 0.0, 1.0]]","[[2.220446049250313e-16, -0.0, -1.0, 0.4], [0.0, 1.0, -0.0, -0.39937500000000004], [1.0, 0.0, 2.220446049250313e-16, -0.2], [0.0, 0.0, 0.0, 1.0]]","[[-2.3135903737259156e-07, -3.7881433138969077e-07, -0.9999999999999015, 0.40000083168581996], [-9.95904298198122e-08, 0.9999999999999233, -3.78814308348553e-07, -0.39940582121942875], [0.9999999999999684, 9.959034217768862e-08, -2.313590751201744e-07, -0.20000059350345595], [0.0, 0.0, 0.0, 1.0]]"
0.016666666666666666,-1.9438071644319255,13.599779194161856,25.4254628551898,-85.35073371758551,-16.949126378217688,2.1899987717440963,26.586060551789412,-1.9409626040860266,-13.604663633192061,-25.418774392445062,-85.35183337804187,16.94262745322242,2.1888506596332995,-26.59225211827203,"[[2.220446049250313e-16, -0.0, -1.0, 0.4], [0.0, 1.0, -0.0, 0.39875000000000005], [1.0, 0.0, 2.220446049250313e-16, -0.2], [0.0, 0.0, 0.0, 1.0]]","[[-4.484656562775413e-08, 1.3058114269425426e-07, -0.9999999999999903, 0.40000028212163313], [4.318640594712408e-08, 0.9999999999999905, 1.3058114075749225e-07, 0.398756849048705], [0.9999999999999979, -4.318640009100798e-08, -4.4846571178869254e-08, -0.20000021074447513], [0.0, 0.0, 0.0, 1.0]]","[[2.220446049250313e-16, -0.0, -1.0, 0.4], [0.0, 1.0, -0.0, -0.39875000000000005], [1.0, 0.0, 2.220446049250313e-16, -0.2], [0.0, 0.0, 0.0, 1.0]]","[[-1.452987226091551e-07, -2.697817770359596e-07, -0.9999999999999533, 0.4000005898847147], [-8.500980667214686e-08, 0.9999999999999603, -2.697817646841451e-07, -0.3987686690620948], [0.9999999999999861, 8.500976747319704e-08, -1.4529874570179402e-07, -0.2000004278443667], [0.0, 0.0, 0.0, 1.0]]"
0.025,-1.9382422678056574,13.538278463327769,25.374028115645018,-85.44167085619506,-16.89114319480616,2.261301677810798,26.556689030811064,-1.9354028301016362,-13.543170586320791,-25.36733965290028,-85.44277051665144,16.884645977358183,2.260160609332583,-26.562875474651804,"[[2.220446049250313e-16, -0.0, -1.0, 0.4], [0.0, 1.0, -0.0, 0.398125], [1.0, 0.0, 2.220446049250313e-16, -0.2], [0.0, 0.0, 0.0, 1.0]]","[[-1.3645505270165614e-07, 1.9803189100846425e-07, -0.9999999999999712, 0.4000004075865717], [3.540657965754824e-08, 0.9999999999999799, 1.9803188617705926e-07, 0.3981363019420438], [0.9999999999999901, -3.5406552635095745e-08, -1.364550595850389e-07, -0.20000028065350317], [0.0, 0.0, 0.0, 1.0]]","[[2.220446049250313e-16, -0.0, -1.0, 0.4], [0.0, 1.0, -0.0, -0.398125], [1.0, 0.0, 2.220446049250313e-16, -0.2], [0.0, 0.0, 0.0, 1.0]]","[[-2.994432997671659e-07, -6.717945051648808e-07, -0.9999999999997294, 0.40000148011791153], [-2.6668097590687576e-07, 0.9999999999997387, -6.717944253090556e-07, -0.398209066928428], [0.9999999999999195, 2.6668077474246414e-07, -2.9944347895716206e-07, -0.2000011001604528], [0.0, 0.0, 0.0, 1.0]]"
0.03333333333333333,-1.9327042650492465,13.476092152255742,25.32185230057529,-85.53344127788336,-16.832396737754877,2.333358679450552,26.526757434320775,-1.930064183491625,-13.4824450819575,-25.316348875651553,-85.53228014572444,16.827258727951737,2.330490213442558,-26.533604698963714,"[[2.220446049250313e-16, -0.0, -1.0, 0.4], [0.0, 1.0, -0.0, 0.3975], [1.0, 0.0, 2.220446049250313e-16, -0.2], [0.0, 0.0, 0.0, 1.0]]","[[-7.173574195773469e-08, 1.383685422713775e-07, -0.9999999999999878, 0.40000027868964516], [1.5741904063051113e-08, 0.9999999999999902, 1.3836854114212066e-07, 0.3975068413942232], [0.9999999999999973, -1.574189413708095e-08, -7.173574417818074e-08, -0.20000019926718704], [0.0, 0.0, 0.0, 1.0]]","[[2.220446049250313e-16, -0.0, -1.0, 0.4], [0.0, 1.0, -0.0, -0.3975], [1.0, 0.0, 2.220446049250313e-16, -0.2], [0.0, 0.0, 0.0, 1.0]]","[[-2.001752119618061e-07, -4.938979914354737e-07, -0.9999999999998582, 0.40000112096953966], [-1.9826958721083677e-07, 0.9999999999998588, -4.938979517468172e-07, -0.3975509174124219], [0.9999999999999606, 1.982694883446814e-07, -2.0017530988347687e-07, -0.20000084074666524], [0.0, 0.0, 0.0, 1.0]]"
0.041666666666666664,-1.9273886703276841,13.414674237465341,25.270122155348904,-85.62378419003511,-16.77424450716139,2.404433414510293,26.496928290668038,-1.9246553139992095,-13.42030743598331,-25.264027919061963,-85.62375003908926,16.768430308630418,2.402440066489707,-26.503439168494353,"[[2.220446049250313e-16, -0.0, -1.0, 0.4], [0.0, 1.0, -0.0, 0.39687500000000003], [1.0, 0.0, 2.220446049250313e-16, -0.2], [0.0, 0.0, 0.0, 1.0]]","[[-9.347465873554839e-08, 1.9101745053352386e-07, -0.9999999999999772, 0.40000040374302853], [4.50762175191535e-08, 0.9999999999999807, 1.9101744632004044e-07, 0.39688629960951693], [0.9999999999999946, -4.507619966386187e-08, -9.347466739528798e-08, -0.20000029434680228], [0.0, 0.0, 0.0, 1.0]]","[[2.220446049250313e-16, -0.0, -1.0, 0.4], [0.0, 1.0, -0.0, -0.39687500000000003], [1.0, 0.0, 2.220446049250313e-16, -0.2], [0.0, 0.0, 0.0, 1.0]]","[[-1.2318184011705924e-07, -2.7002285070114666e-07, -0.9999999999999561, 0.4000005795298854], [-7.583867941529034e-08, 0.9999999999999609, -2.700228413591999e-07, -0.39689366469094034], [0.9999999999999897, 7.58386461533765e-08, -1.231818607672075e-07, -0.20000042562682818], [0.0, 0.0, 0.0, 1.0]]"
0.05,-1.922196445898005,13.353296450036314,25.218245161055368,-85.71382657386339,-16.71600860675057,2.475394170788259,26.466872043225397,-1.9194063136220547,-13.35849763908928,-25.211794047384288,-85.7144822720237,16.70978630441669,2.473935285070227,-26.47317801537661,"[[2.220446049250313e-16, -0.0, -1.0, 0.4], [0.0, 1.0, -0.0, 0.39625000000000005], [1.0, 0.0, 2.220446049250313e-16, -0.2], [0.0, 0.0, 0.0, 1.0]]","[[-5.002023689693047e-08, 1.8737211668842816e-07, -0.9999999999999813, 0.40000040247425184], [6.393199722227044e-08, 0.9999999999999807, 1.873721134905344e-07, 0.39626130173383856], [0.9999999999999969, -6.393198784987172e-08, -5.0020248887339136e-08, -0.20000030906690724], [0.0, 0.0, 0.0, 1.0]]","[[2.220446049250313e-16, -0.0, -1.0, 0.4], [0.0, 1.0, -0.0, -0.39625000000000005], [1.0, 0.0, 2.220446049250313e-16, -0.2], [0.0, 0.0, 0.0, 1.0]]","[[-1.444928455218708e-07, -3.599285949973576e-07, -0.9999999999999251, 0.40000081114214625], [-1.2089209939995804e-07, 0.9999999999999283, -3.599285775293153e-07, -0.39628082675042303], [0.9999999999999826, 1.208920473928446e-07, -1.4449288904261337e-07, -0.20000060828308028], [0.0, 0.0, 0.0, 1.0]]"
0.058333333333333334,-1.9171273783167977,13.29195878996866,25.166223025241965,-85.80357525955735,-16.657687328975122,2.5462409482844515,26.436588691992853,-1.9144012790643163,-13.297606502638615,-25.160132204049606,-85.8035411086115,16.651878253086025,2.544263821963144,-26.44309444717729,"[[2.220446049250313e-16, -0.0, -1.0, 0.4], [0.0, 1.0, -0.0, 0.395625], [1.0, 0.0, 2.220446049250313e-16, -0.2], [0.0, 0.0, 0.0, 1.0]]","[[-6.270979630018658e-08, 1.400401630514922e-07, -0.9999999999999881, 0.40000027386492], [3.604914062456867e-08, 0.9999999999999896, 1.4004016079085812e-07, 0.3956318382507644], [0.9999999999999972, -3.6049131842678284e-08, -6.27098014072125e-08, -0.2000001996370069], [0.0, 0.0, 0.0, 1.0]]","[[2.220446049250313e-16, -0.0, -1.0, 0.4], [0.0, 1.0, -0.0, -0.395625], [1.0, 0.0, 2.220446049250313e-16, -0.2], [0.0, 0.0, 0.0, 1.0]]","[[-1.9138855550382416e-07, -3.883998289351851e-07, -0.9999999999999064, 0.4000008061211009], [-1.2173248441171892e-07, 0.9999999999999174, -3.8839980563698497e-07, -0.39565580619400226], [0.9999999999999744, 1.2173241007642974e-07, -1.9138860279932501e-07, -0.20000058779319557], [0.0, 0.0, 0.0, 1.0]]"
0.06666666666666667,-1.912181040697239,13.230662111036027,25.1140557479087,-85.89303024711701,-16.599282381382345,2.616972679781811,26.406076529423114,-1.909458783426166,-13.236315800121504,-25.107966634263633,-85.89299609617116,16.593476720587834,2.615003664310143,-26.412580577060258,"[[2.220446049250313e-16, -0.0, -1.0, 0.4], [0.0, 1.0, -0.0, 0.395], [1.0, 0.0, 2.220446049250313e-16, -0.2], [0.0, 0.0, 0.0, 1.0]]","[[-1.1299268320996703e-07, 2.2177787062442667e-07, -0.9999999999999689, 0.40000039710824536], [3.441656111671879e-08, 0.9999999999999747, 2.217778667356084e-07, 0.3950112872711069], [0.9999999999999929, -3.441653605744151e-08, -1.129926907594836e-07, -0.20000027974485465], [0.0, 0.0, 0.0, 1.0]]","[[2.220446049250313e-16, -0.0, -1.0, 0.4], [0.0, 1.0, -0.0, -0.395], [1.0, 0.0, 2.220446049250313e-16, -0.2], [0.0, 0.0, 0.0, 1.0]]","[[-2.170159663639204e-07, -3.9082861789788703e-07, -0.9999999999999, 0.4000008019361135], [-1.1348623938674101e-07, 0.9999999999999172, -3.908285932695678e-07, -0.39503081114292604], [0.9999999999999699, 1.1348615457068487e-07, -2.1701601055079678e-07, -0.2000005729909692], [0.0, 0.0, 0.0, 1.0]]"
0.075,-1.9073572195959176,13.169403851917476,25.061745036602865,-85.98218470635318,-16.540790348877646,2.687589792167161,26.375338970610763,-1.9046388043062525,-13.17506522496577,-25.055655922957797,-85.98215055540733,16.53498810317772,2.685628674101721,-26.381841310700615,"[[2.220446049250313e-16, -0.0, -1.0, 0.4], [0.0, 1.0, -0.0, 0.39437500000000003], [1.0, 0.0, 2.220446049250313e-16, -0.2], [0.0, 0.0, 0.0, 1.0]]","[[-1.5118670604330475e-07, 2.6655727318678716e-07, -0.999999999999953, 0.4000005664333487], [7.350207452572226e-08, 0.9999999999999618, 2.665572620742529e-07, 0.3943936562600438], [0.9999999999999859, -7.350203422580438e-08, -1.5118672558322999e-07, -0.20000040588102844], [0.0, 0.0, 0.0, 1.0]]","[[2.220446049250313e-16, -0.0, -1.0, 0.4], [0.0, 1.0, -0.0, -0.39437500000000003], [1.0, 0.0, 2.220446049250313e-16, -0.2], [0.0, 0.0, 0.0, 1.0]]","[[-1.1811969358177521e-07, -2.6079161725829527e-07, -0.9999999999999593, 0.4000005674749804], [-8.714653929014537e-08, 0.9999999999999625, -2.6079160696457364e-07, -0.3943936627872161], [0.9999999999999895, 8.714650848551711e-08, -1.1811971623032491e-07, -0.20000041841458344], [0.0, 0.0, 0.0, 1.0]]"
0.08333333333333333,-1.902742359594516,13.10890715889138,25.009890240424127,-86.06993897680951,-16.482897665472617,2.757234883256254,26.34472264765618,-1.8999407013743417,-13.11385221585047,-25.0032000701321,-86.0710113165092,16.476414108402984,2.756139705111525,-26.350873233003778,"[[2.220446049250313e-16, -0.0, -1.0, 0.4], [0.0, 1.0, -0.0, 0.39375000000000004], [1.0, 0.0, 2.220446049250313e-16, -0.2], [0.0, 0.0, 0.0, 1.0]]","[[-1.0113074649931164e-07, 2.6660981164540245e-07, -0.9999999999999596, 0.4000005649174518], [7.879220759152713e-08, 0.9999999999999616, 2.6660980367708823e-07, 0.39376865446478165], [0.999999999999992, -7.879218062907545e-08, -1.011307673715045e-07, -0.20000042271819904], [0.0, 0.0, 0.0, 1.0]]","[[2.220446049250313e-16, -0.0, -1.0, 0.4], [0.0, 1.0, -0.0, -0.39375000000000004], [1.0, 0.0, 2.220446049250313e-16, -0.2], [0.0, 0.0, 0.0, 1.0]]","[[-7.119940009792103e-08, -2.3495640578216178e-07, -0.9999999999999698, 0.4000005656367423], [-7.861541440293188e-08, 0.9999999999999691, -2.349564001847913e-07, -0.3937686642706667], [0.9999999999999942, 7.861539767417478e-08, -7.119941852762324e-08, -0.20000043519769478], [0.0, 0.0, 0.0, 1.0]]"
0.09166666666666666,-1.898075632844105,13.047003446896262,24.95668648188431,-86.15960570023344,-16.42355015177438,2.828479092384776,26.313180834069062,-1.8953649015172562,-13.052679334096542,-24.950600783333833,-86.15957154928759,16.41775473626362,2.8265341960186148,-26.319678051517037,"[[2.220446049250313e-16, -0.0, -1.0, 0.4], [0.0, 1.0, -0.0, 0.393125], [1.0, 0.0, 2.220446049250313e-16, -0.2], [0.0, 0.0, 0.0, 1.0]]","[[-2.2195643933908826e-08, 1.0542733216026358e-07, -0.9999999999999943, 0.4000002682532085], [3.143529854020538e-08, 0.999999999999994, 1.0542733146253686e-07, 0.39313185049992494], [0.9999999999999994, -3.143529620017768e-08, -2.21956472645779e-08, -0.20000020917277703], [0.0, 0.0, 0.0, 1.0]]","[[2.220446049250313e-16, -0.0, -1.0, 0.4], [0.0, 1.0, -0.0, -0.393125], [1.0, 0.0, 2.220446049250313e-16, -0.2], [0.0, 0.0, 0.0, 1.0]]","[[-7.066165719216144e-08, -2.3473826699364006e-07, -0.9999999999999701, 0.4000005613740863], [-1.1126762317977854e-07, 0.9999999999999665, -2.3473825913128453e-07, -0.3931436697178095], [0.9999999999999915, 1.1126760659278079e-07, -7.066168339342482e-08, -0.2000004317997153], [0.0, 0.0, 0.0, 1.0]]"
0.1,-1.8936174403067907,12.985862154767247,24.903943761113474,-86.24787223487752,-16.364801987175806,2.8987502129999827,26.281761963887003,-1.8908209047284936,-12.990841362672185,-24.897272373841666,-86.2489240840097,16.358342335768267,2.897651406317257,-26.287915964329187,"[[2.220446049250313e-16, -0.0, -1.0, 0.4], [0.0, 1.0, -0.0, 0.3925], [1.0, 0.0, 2.220446049250313e-16, -0.2], [0.0, 0.0, 0.0, 1.0]]","[[-2.6170571876260595e-08, 1.0176559954082748e-07, -0.9999999999999946, 0.4000002651336665], [4.287996867103593e-08, 0.9999999999999938, 1.0176559841863411e-07, 0.3925068492022036], [0.9999999999999988, -4.287996600777177e-08, -2.6170576317152694e-08, -0.20000020766302606], [0.0, 0.0, 0.0, 1.0]]","[[2.220446049250313e-16, -0.0, -1.0, 0.4], [0.0, 1.0, -0.0, -0.3925], [1.0, 0.0, 2.220446049250313e-16, -0.2], [0.0, 0.0, 0.0, 1.0]]","[[-1.172581452490995e-07, -1.9378320248133733e-07, -0.9999999999999745, 0.4000003886188507], [-5.136709017010846e-08, 0.99999999999998, -1.937831964581287e-07, -0.39251128707958466], [0.999999999999992, 5.1367067447448944e-08, -1.1725815524110672e-07, -0.20000027377153315], [0.0, 0.0, 0.0, 1.0]]"
0.10833333333333334,-1.8893626593406958,12.925479013636103,24.851665493206198,-86.33475907130925,-16.306653171676903,2.968052727413517,26.250474574846468,-1.8866596119766634,-12.931168561214722,-24.845581502203007,-86.3347249203634,16.30086117126073,2.966124052746635,-26.256966669652567,"[[2.220446049250313e-16, -0.0, -1.0, 0.4], [0.0, 1.0, -0.0, 0.39187500000000003], [1.0, 0.0, 2.220446049250313e-16, -0.2], [0.0, 0.0, 0.0, 1.0]]","[[-5.698333210846229e-08, 9.942620876710229e-08, -0.9999999999999936, 0.40000017822015516], [2.3238675644389883e-08, 0.9999999999999949, 9.942620744288525e-08, 0.3918791355849699], [0.9999999999999982, -2.3238669978753133e-08, -5.698333432890834e-08, -0.20000012444598808], [0.0, 0.0, 0.0, 1.0]]","[[2.220446049250313e-16, -0.0, -1.0, 0.4], [0.0, 1.0, -0.0, -0.39187500000000003], [1.0, 0.0, 2.220446049250313e-16, -0.2], [0.0, 0.0, 0.0, 1.0]]","[[-1.6452193202232124e-07, -3.6917523121506054e-07, -0.9999999999999183, 0.4000007791392562], [-1.229716714671234e-07, 0.9999999999999243, -3.691752109835257e-07, -0.3919058016900513], [0.9999999999999789, 1.2297161072969436e-07, -1.6452197754146525e-07, -0.20000057431227136], [0.0, 0.0, 0.0, 1.0]]"
0.11666666666666667,-1.8851452309716246,12.864412853587957,24.79863761203751,-86.4224382096847,-16.247730837254494,3.038092688814001,26.218604912179188,-1.8823657708662525,-12.869387792624666,-24.79194573419819,-86.42349688900605,16.24125411037403,3.037023550765483,-26.224733299411984,"[[2.220446049250313e-16, -0.0, -1.0, 0.4], [0.0, 1.0, -0.0, 0.39125000000000004], [1.0, 0.0, 2.220446049250313e-16, -0.2], [0.0, 0.0, 0.0, 1.0]]","[[-9.388525679110415e-08, 2.6619916477096825e-07, -0.9999999999999601, 0.4000005527428939], [9.87188758697484e-08, 0.9999999999999597, 2.661991555027211e-07, 0.3912686506692092], [0.9999999999999908, -9.87188508775684e-08, -9.388528299236754e-08, -0.20000041516934672], [0.0, 0.0, 0.0, 1.0]]","[[2.220446049250313e-16, -0.0, -1.0, 0.4], [0.0, 1.0, -0.0, -0.39125000000000004], [1.0, 0.0, 2.220446049250313e-16, -0.2], [0.0, 0.0, 0.0, 1.0]]","[[-1.726379634248154e-07, -2.7256838272751826e-07, -0.999999999999948, 0.4000005496019796], [-7.504896183659716e-08, 0.99999999999996, -2.725683697712216e-07, -0.39126864927507354], [0.9999999999999825, 7.5048914780945e-08, -1.7263798385291906e-07, -0.20000038480680254], [0.0, 0.0, 0.0, 1.0]]"
0.125,-1.8809696375112197,12.802662820849164,24.74485670251283,-86.51090965000387,-16.188031568813997,3.1088664686634386,26.186144438148702,-1.878274487553415,-12.808366028806125,-24.738776126604225,-86.5108823292472,16.182246398586997,3.1069540156958353,-26.192633117860215,"[[2.220446049250313e-16, -0.0, -1.0, 0.4], [0.0, 1.0, -0.0, 0.390625], [1.0, 0.0, 2.220446049250313e-16, -0.2], [0.0, 0.0, 0.0, 1.0]]","[[-4.350387272644696e-08, 1.0860782094114975e-07, -0.9999999999999933, 0.40000026042637804], [3.498673897120195e-08, 0.9999999999999938, 1.0860781941909114e-07, 0.3906318447060121], [0.9999999999999987, -3.498673424634095e-08, -4.350387650120524e-08, -0.20000019684728726], [0.0, 0.0, 0.0, 1.0]]","[[2.220446049250313e-16, -0.0, -1.0, 0.4], [0.0, 1.0, -0.0, -0.390625], [1.0, 0.0, 2.220446049250313e-16, -0.2], [0.0, 0.0, 0.0, 1.0]]","[[-1.2090125184327505e-07, -2.607002488427645e-07, -0.9999999999999588, 0.40000054901602083], [-6.486913805935075e-08, 0.999999999999964, -2.6070024100000585e-07, -0.3906436479827116], [0.9999999999999908, 6.486910654036259e-08, -1.2090126871866502e-07, -0.20000040419675083], [0.0, 0.0, 0.0, 1.0]]"
0.13333333333333333,-1.8769948943010952,12.741670939108243,24.691543660946294,-86.5980013921107,-16.12893335702046,3.178671642311204,26.153818860354324,-1.8742534271229814,-12.746945552694786,-24.685094254822513,-86.59862976951435,16.122733252801385,3.1772840466926335,-26.16008555891781,"[[2.220446049250313e-16, -0.0, -1.0, 0.4], [0.0, 1.0, -0.0, 0.39], [1.0, 0.0, 2.220446049250313e-16, -0.2], [0.0, 0.0, 0.0, 1.0]]","[[-1.0050421422880262e-07, 1.388092230588583e-07, -0.9999999999999856, 0.400000258944235], [9.217829376928787e-09, 0.9999999999999905, 1.388092221324283e-07, 0.39000683099573097], [0.9999999999999951, -9.21781542601685e-09, -1.0050421556107025e-07, -0.2000001732518668], [0.0, 0.0, 0.0, 1.0]]","[[2.220446049250313e-16, -0.0, -1.0, 0.4], [0.0, 1.0, -0.0, -0.39], [1.0, 0.0, 2.220446049250313e-16, -0.2], [0.0, 0.0, 0.0, 1.0]]","[[-8.926885863846934e-08, -2.4190623527381216e-07, -0.9999999999999669, 0.40000054684202047], [-9.453041126202772e-08, 0.9999999999999666, -2.4190622683519015e-07, -0.3900186551008584], [0.9999999999999918, 9.453038966733182e-08, -8.926888150906365e-08, -0.2000004138245869], [0.0, 0.0, 0.0, 1.0]]"
0.14166666666666666,-1.8731405331750925,12.680716623407756,24.63808889295448,-86.68479943608322,-16.069744645220425,3.2483598489694323,26.121266178770046,-1.870528839591209,-12.687152369153202,-24.632626449165766,-86.68369294543768,16.064657861836057,3.2456168876874374,-26.12811856605486,"[[2.220446049250313e-16, -0.0, -1.0, 0.4], [0.0, 1.0, -0.0, 0.389375], [1.0, 0.0, 2.220446049250313e-16, -0.2], [0.0, 0.0, 0.0, 1.0]]","[[-1.1272625416447468e-07, 1.8216215264633774e-07, -0.9999999999999771, 0.4000003774557203], [2.9510258470308546e-08, 0.9999999999999831, 1.821621493197579e-07, 0.38938628578647927], [0.9999999999999933, -2.9510237935851132e-08, -1.127262594935452e-07, -0.20000026591762146], [0.0, 0.0, 0.0, 1.0]]","[[2.220446049250313e-16, -0.0, -1.0, 0.4], [0.0, 1.0, -0.0, -0.389375], [1.0, 0.0, 2.220446049250313e-16, -0.2], [0.0, 0.0, 0.0, 1.0]]","[[-1.3659837999613345e-07, -3.6054853571878815e-07, -0.9999999999999257, 0.400000764548861], [-1.1938535837272325e-07, 0.9999999999999281, -3.605485194109424e-07, -0.38940579417742527], [0.9999999999999837, 1.1938530912237068e-07, -1.365984230727868e-07, -0.20000057243613437], [0.0, 0.0, 0.0, 1.0]]"
0.15,-1.8694799786667888,12.620517043610556,24.585112238204573,-86.77023144222174,-16.011162112709226,3.317084998954689,26.08886034625292,-1.8667967815400317,-12.626240742135028,-24.579035077390554,-86.77019729127589,16.00538548021869,3.3151964516491805,-26.09534219577526,"[[2.220446049250313e-16, -0.0, -1.0, 0.4], [0.0, 1.0, -0.0, 0.38875000000000004], [1.0, 0.0, 2.220446049250313e-16, -0.2], [0.0, 0.0, 0.0, 1.0]]","[[-1.6156940652045648e-07, 2.685606483626785e-07, -0.9999999999999509, 0.40000053822892334], [6.48099071037895e-08, 0.9999999999999618, 2.6856063789138317e-07, 0.3887686407409265], [0.9999999999999849, -6.480986371260345e-08, -1.6156942383993567e-07, -0.2000003791501181], [0.0, 0.0, 0.0, 1.0]]","[[2.220446049250313e-16, -0.0, -1.0, 0.4], [0.0, 1.0, -0.0, -0.38875000000000004], [1.0, 0.0, 2.220446049250313e-16, -0.2], [0.0, 0.0, 0.0, 1.0]]","[[-1.13889885411389e-07, -2.639362963004487e-07, -0.9999999999999589, 0.4000005395988727], [-8.530553601437261e-08, 0.9999999999999617, -2.6393628658501177e-07, -0.3887686460886967], [0.99999999999999, 8.530550595469565e-08, -1.138899078378941e-07, -0.2000003977072992], [0.0, 0.0, 0.0, 1.0]]"
0.15833333333333333,-1.8657910361847472,12.558915567486212,24.530759300336904,-86.85750759943618,-15.951104259337303,3.38738258655293,26.055484626873653,-1.8631118944828098,-12.564646096199853,-24.524683847070175,-86.85748027867949,15.94533104194135,3.3855025769838836,-26.06196306130141,"[[2.220446049250313e-16, -0.0, -1.0, 0.4], [0.0, 1.0, -0.0, 0.388125], [1.0, 0.0, 2.220446049250313e-16, -0.2], [0.0, 0.0, 0.0, 1.0]]","[[-5.850905471227463e-08, 1.3222974183838993e-07, -0.9999999999999896, 0.40000025602488565], [2.7042475459020886e-08, 0.9999999999999909, 1.3222974025616042e-07, 0.3881318330093703], [0.999999999999998, -2.7042467722383478e-08, -5.8509058487032917e-08, -0.20000018551886625], [0.0, 0.0, 0.0, 1.0]]","[[2.220446049250313e-16, -0.0, -1.0, 0.4], [0.0, 1.0, -0.0, -0.388125], [1.0, 0.0, 2.220446049250313e-16, -0.2], [0.0, 0.0, 0.0, 1.0]]","[[-1.8278954688755178e-07, -3.826404793025639e-07, -0.9999999999999103, 0.40000075470845126], [-1.2589384430544214e-07, 0.9999999999999192, -3.826404562904885e-07, -0.3881557843876591], [0.9999999999999756, 1.258937743627552e-07, -1.8278959507123105e-07, -0.20000054736029002], [0.0, 0.0, 0.0, 1.0]]"
0.16666666666666666,-1.86229525999017,12.498067973491507,24.476882768163843,-86.94342454900575,-15.891650877706928,3.4567171174781985,26.022254049014247,-1.8596203871564638,-12.503806186167964,-24.47080902244441,-86.94339722824908,15.885879367858267,3.4548450053153803,-26.02873077589471,"[[2.220446049250313e-16, -0.0, -1.0, 0.4], [0.0, 1.0, -0.0, 0.3875], [1.0, 0.0, 2.220446049250313e-16, -0.2], [0.0, 0.0, 0.0, 1.0]]","[[-9.474184792246376e-08, 1.515140892399166e-07, -0.9999999999999839, 0.40000025373970666], [1.3181584355074866e-08, 0.9999999999999882, 1.5151408799106962e-07, 0.387506822644595], [0.9999999999999952, -1.3181570000349977e-08, -9.47418499208652e-08, -0.2000001708696416], [0.0, 0.0, 0.0, 1.0]]","[[2.220446049250313e-16, -0.0, -1.0, 0.4], [0.0, 1.0, -0.0, -0.3875], [1.0, 0.0, 2.220446049250313e-16, -0.2], [0.0, 0.0, 0.0, 1.0]]","[[-1.333944005810217e-07, -3.7347260404126966e-07, -0.9999999999999214, 0.4000007513596583], [-1.419598870970705e-07, 0.9999999999999203, -3.7347258510461516e-07, -0.3875307863017881], [0.9999999999999811, 1.4195983727790772e-07, -1.3339445364968228e-07, -0.2000005646487187], [0.0, 0.0, 0.0, 1.0]]"
0.175,-1.8589187986626565,12.437257091763591,24.42286963220738,-87.02904780044103,-15.83210699607005,3.5259327604232267,25.988798074912232,-1.8563171369191165,-12.443718450718423,-24.417419141249713,-87.027961800363,15.827033873064021,3.523228432398725,-25.99565216974434,"[[2.220446049250313e-16, -0.0, -1.0, 0.4], [0.0, 1.0, -0.0, 0.386875], [1.0, 0.0, 2.220446049250313e-16, -0.2], [0.0, 0.0, 0.0, 1.0]]","[[-1.7589814882423838e-08, 1.1385200591775305e-07, -0.9999999999999937, 0.40000025265885814], [3.871562118466204e-08, 0.9999999999999931, 1.1385200523675238e-07, 0.386881841139947], [0.9999999999999994, -3.871561918202609e-08, -1.7589819323315936e-08, -0.20000019729736576], [0.0, 0.0, 0.0, 1.0]]","[[2.220446049250313e-16, -0.0, -1.0, 0.4], [0.0, 1.0, -0.0, -0.386875], [1.0, 0.0, 2.220446049250313e-16, -0.2], [0.0, 0.0, 0.0, 1.0]]","[[-2.6372670142160715e-07, -5.306036897607093e-07, -0.9999999999998246, 0.40000101864689686], [-1.8248543025170514e-07, 0.9999999999998428, -5.306036416344383e-07, -0.38692583344144055], [0.9999999999999487, 1.8248529031732488e-07, -2.637267984550995e-07, -0.2000007352857782], [0.0, 0.0, 0.0, 1.0]]"
0.18333333333333332,-1.855661011871972,12.376480360981525,24.368714769825644,-87.11438418393118,-15.772472614426668,3.5950299422748375,25.955114997020313,-1.8529944633313167,-12.382231380262676,-24.362644439200793,-87.11435003298533,15.766707934767176,3.593173838367887,-25.961588308806196,"[[2.220446049250313e-16, -0.0, -1.0, 0.4], [0.0, 1.0, -0.0, 0.38625000000000004], [1.0, 0.0, 2.220446049250313e-16, -0.2], [0.0, 0.0, 0.0, 1.0]]","[[-3.5416428401102706e-08, 1.0143885521651716e-07, -0.9999999999999943, 0.40000025117980564], [6.075646732681322e-08, 0.9999999999999931, 1.0143885306473995e-07, 0.3862568374252986], [0.9999999999999977, -6.0756463734211e-08, -3.5416434618351644e-08, -0.20000019494181703], [0.0, 0.0, 0.0, 1.0]]","[[2.220446049250313e-16, -0.0, -1.0, 0.4], [0.0, 1.0, -0.0, -0.38625000000000004], [1.0, 0.0, 2.220446049250313e-16, -0.2], [0.0, 0.0, 0.0, 1.0]]","[[-5.567712957343929e-08, -2.6294823369258147e-07, -0.9999999999999639, 0.4000005300514613], [-9.600434523750456e-08, 0.9999999999999609, -2.6294822834733426e-07, -0.38626864057970856], [0.9999999999999939, 9.600433059729847e-08, -5.567715488652425e-08, -0.20000041036981422], [0.0, 0.0, 0.0, 1.0]]"
0.19166666666666665,-1.8525218996181165,12.315738634918956,24.314423303660504,-87.19942003909784,-15.712747732776783,3.66400716892915,25.921208230433077,-1.8498594065022809,-12.321496484389277,-24.308352973035657,-87.19939271834116,15.706984760664586,3.6621596027586616,-25.927678127124373,"[[2.220446049250313e-16, -0.0, -1.0, 0.4], [0.0, 1.0, -0.0, 0.385625], [1.0, 0.0, 2.220446049250313e-16, -0.2], [0.0, 0.0, 0.0, 1.0]]","[[-1.6669138347413792e-08, 9.729529368583734e-08, -0.999999999999995, 0.4000002501587105], [4.4256417231965233e-08, 0.9999999999999942, 9.729529294812092e-08, 0.38563184139112183], [0.9999999999999988, -4.4256415610136314e-08, -1.666914278830589e-08, -0.20000019773757627], [0.0, 0.0, 0.0, 1.0]]","[[2.220446049250313e-16, -0.0, -1.0, 0.4], [0.0, 1.0, -0.0, -0.385625], [1.0, 0.0, 2.220446049250313e-16, -0.2], [0.0, 0.0, 0.0, 1.0]]","[[-2.075940223611461e-07, -3.8653234205247145e-07, -0.999999999999904, 0.4000007360795978], [-1.038867076797706e-07, 0.9999999999999201, -3.865323204862182e-07, -0.38565576882592223], [0.9999999999999732, 1.0388662743796146e-07, -2.075940625512196e-07, -0.20000052609001392], [0.0, 0.0, 0.0, 1.0]]"
0.2,-1.8495652814811472,12.25574737589144,24.26062019602102,-87.28311717718718,-15.653632445510324,3.7320294497601303,25.887463680838632,-1.8468428107666626,-12.260796593235373,-24.253924903087118,-87.28413487537351,15.647172794102783,3.7310254119521384,-25.893542549199942,"[[2.220446049250313e-16, -0.0, -1.0, 0.4], [0.0, 1.0, -0.0, 0.385], [1.0, 0.0, 2.220446049250313e-16, -0.2], [0.0, 0.0, 0.0, 1.0]]","[[-2.6094167937529278e-08, 8.125967895633177e-08, -0.9999999999999966, 0.4000001695902705], [1.706640091066094e-08, 0.9999999999999967, 8.125967851099825e-08, 0.3850041374171271], [0.9999999999999997, -1.7066398790257186e-08, -2.6094169269796907e-08, -0.20000012760896088], [0.0, 0.0, 0.0, 1.0]]","[[2.220446049250313e-16, -0.0, -1.0, 0.4], [0.0, 1.0, -0.0, -0.385], [1.0, 0.0, 2.220446049250313e-16, -0.2], [0.0, 0.0, 0.0, 1.0]]","[[-1.2820501965604691e-07, -2.954327528256956e-07, -0.999999999999948, 0.4000005224835491], [-6.8994611181742e-08, 0.9999999999999538, -2.9543274398024184e-07, -0.3850186257879988], [0.9999999999999893, 6.899457330577768e-08, -1.2820504008415057e-07, -0.20000037876196353], [0.0, 0.0, 0.0, 1.0]]"
0.20833333333333334,-1.8465979911736,12.194358489405012,24.20542543733815,-87.36862431540656,-15.593026469457508,3.8016030373063496,25.852715093436192,-1.8439440357942267,-12.200129999253674,-24.199356814260593,-87.36859016446071,15.587268619987187,3.7997716928351397,-25.8591815750329,"[[2.220446049250313e-16, -0.0, -1.0, 0.4], [0.0, 1.0, -0.0, 0.384375], [1.0, 0.0, 2.220446049250313e-16, -0.2], [0.0, 0.0, 0.0, 1.0]]","[[-1.1113595593803538e-07, 2.806388525809314e-07, -0.9999999999999545, 0.40000051901617206], [7.17447304474346e-08, 0.999999999999958, 2.806388446075132e-07, 0.384393627183291], [0.9999999999999913, -7.174469925836506e-08, -1.1113597614409443e-07, -0.20000038169723156], [0.0, 0.0, 0.0, 1.0]]","[[2.220446049250313e-16, -0.0, -1.0, 0.4], [0.0, 1.0, -0.0, -0.384375], [1.0, 0.0, 2.220446049250313e-16, -0.2], [0.0, 0.0, 0.0, 1.0]]","[[-7.403054602672654e-08, -2.3313219365892581e-07, -0.9999999999999701, 0.40000051974035994], [-9.718833479635273e-08, 0.9999999999999681, -2.3313218646401985e-07, -0.38439364228382666], [0.9999999999999926, 9.718831753744678e-08, -7.403056867527624e-08, -0.20000039832944128], [0.0, 0.0, 0.0, 1.0]]"
0.21666666666666667,-1.8438127680961156,12.133718362406347,24.15071903718093,-87.45278590635947,-15.533028380240824,3.8702208252555903,25.81813043057383,-1.8411225273367768,-12.139063839205528,-24.14427304615173,-87.45339379319559,15.526850474136547,3.8689047331798934,-25.82435785554959,"[[2.220446049250313e-16, -0.0, -1.0, 0.4], [0.0, 1.0, -0.0, 0.38375000000000004], [1.0, 0.0, 2.220446049250313e-16, -0.2], [0.0, 0.0, 0.0, 1.0]]","[[-7.66827540354953e-09, 9.877397409362695e-08, -0.999999999999995, 0.40000024754683666], [5.7443690377975425e-08, 0.9999999999999936, 9.877397365313276e-08, 0.38375683563589796], [0.9999999999999983, -5.7443689620549114e-08, -7.668280954664652e-09, -0.2000002001758215], [0.0, 0.0, 0.0, 1.0]]","[[2.220446049250313e-16, -0.0, -1.0, 0.4], [0.0, 1.0, -0.0, -0.38375000000000004], [1.0, 0.0, 2.220446049250313e-16, -0.2], [0.0, 0.0, 0.0, 1.0]]","[[-1.0155111479503987e-07, -1.8233117729667763e-07, -0.9999999999999782, 0.40000035794424], [-5.908793873276044e-08, 0.9999999999999816, -1.823311712962322e-07, -0.38376127769724105], [0.9999999999999931, 5.908792021682543e-08, -1.015511256752255e-07, -0.20000025509017702], [0.0, 0.0, 0.0, 1.0]]"
0.225,-1.8412943492830849,12.075007763848209,24.097559674870723,-87.53392855369921,-15.474802725113756,3.9365223253025503,25.784379050790214,-1.838559285407318,-12.079612165122445,-24.090446032850153,-87.5355951198567,15.467888866126412,3.9360715328173295,-25.790179588942845,"[[2.220446049250313e-16, -0.0, -1.0, 0.4], [0.0, 1.0, -0.0, 0.383125], [1.0, 0.0, 2.220446049250313e-16, -0.2], [0.0, 0.0, 0.0, 1.0]]","[[-1.0212215201255148e-07, 2.6619230487291586e-07, -0.9999999999999595, 0.40000051450944485], [7.737963507463244e-08, 0.9999999999999616, 2.6619229697074163e-07, 0.3831436285094509], [0.9999999999999919, -7.737960789049906e-08, -1.0212217266269974e-07, -0.20000038132770673], [0.0, 0.0, 0.0, 1.0]]","[[2.220446049250313e-16, -0.0, -1.0, 0.4], [0.0, 1.0, -0.0, -0.383125], [1.0, 0.0, 2.220446049250313e-16, -0.2], [0.0, 0.0, 0.0, 1.0]]","[[-2.396080390210109e-07, -6.584085400042529e-07, -0.9999999999997544, 0.4000012950610514], [-2.8764819796036213e-07, 0.9999999999997418, -6.584084710814239e-07, -0.38320896436730895], [0.9999999999999298, 2.876480402003289e-07, -2.396082284250589e-07, -0.20000097172797088], [0.0, 0.0, 0.0, 1.0]]"
0.23333333333333334,-1.838652560178171,12.013254316014832,24.0415333406564,-87.619210295676,-15.41345908863058,4.006264106257081,25.748686189735018,-1.8359149349814652,-12.017898844650441,-24.03445214203439,-87.62084271088763,15.406582795683669,4.00579154254388,-25.75450551090787,"[[2.220446049250313e-16, -0.0, -1.0, 0.4], [0.0, 1.0, -0.0, 0.3825], [1.0, 0.0, 2.220446049250313e-16, -0.2], [0.0, 0.0, 0.0, 1.0]]","[[-6.494057686046162e-08, 1.8790103331391186e-07, -0.9999999999999803, 0.4000003565745024], [4.936919268186105e-08, 0.9999999999999811, 1.8790103010784816e-07, 0.38251127525990875], [0.9999999999999968, -4.936918047945879e-08, -6.494058596429042e-08, -0.2000002653839659], [0.0, 0.0, 0.0, 1.0]]","[[2.220446049250313e-16, -0.0, -1.0, 0.4], [0.0, 1.0, -0.0, -0.3825], [1.0, 0.0, 2.220446049250313e-16, -0.2], [0.0, 0.0, 0.0, 1.0]]","[[-1.643942970641632e-07, -4.840902040620695e-07, -0.9999999999998695, 0.40000098328591627], [-1.9627324434408512e-07, 0.9999999999998639, -4.840901717958646e-07, -0.3825508398305371], [0.9999999999999675, 1.96273164762396e-07, -1.643943920992541e-07, -0.20000074287908884], [0.0, 0.0, 0.0, 1.0]]"
0.24166666666666667,-1.8362173842956497,11.952713226759132,23.98642054424357,-87.7025044526043,-15.353186084299802,4.074520747953957,25.713430460786707,-1.833524155328549,-11.957797448822559,-23.979721836215077,-87.70350166022313,15.346734970628725,4.073549153544523,-25.71948542348592,"[[2.220446049250313e-16, -0.0, -1.0, 0.4], [0.0, 1.0, -0.0, 0.381875], [1.0, 0.0, 2.220446049250313e-16, -0.2], [0.0, 0.0, 0.0, 1.0]]","[[-1.195113178975582e-07, 2.828157338117721e-07, -0.9999999999999529, 0.4000005069616014], [9.481305205053387e-08, 0.9999999999999554, 2.8281572248054004e-07, 0.38189362166645807], [0.9999999999999885, -9.481301825084967e-08, -1.195113447649554e-07, -0.20000036771683727], [0.0, 0.0, 0.0, 1.0]]","[[2.220446049250313e-16, -0.0, -1.0, 0.4], [0.0, 1.0, -0.0, -0.381875], [1.0, 0.0, 2.220446049250313e-16, -0.2], [0.0, 0.0, 0.0, 1.0]]","[[-7.255428280394938e-08, -2.3728782046717357e-07, -0.9999999999999695, 0.40000050756749134], [-9.922223355239283e-08, 0.9999999999999674, -2.3728781326817504e-07, -0.38189363558707035], [0.9999999999999928, 9.922221633614267e-08, -7.25543063406775e-08, -0.2000003883317612], [0.0, 0.0, 0.0, 1.0]]"
0.25,-1.8338989619592536,11.892205434675635,23.931172851594624,-87.78550491139829,-15.292819164867938,4.142654873132596,25.67794762804849,-1.8312114959642651,-11.897296486928234,-23.924472436018842,-87.78650211901711,15.286371466291445,4.141690108912332,-25.68399746810583,"[[2.220446049250313e-16, -0.0, -1.0, 0.4], [0.0, 1.0, -0.0, 0.38125000000000003], [1.0, 0.0, 2.220446049250313e-16, -0.2], [0.0, 0.0, 0.0, 1.0]]","[[-7.70159609975174e-08, 2.4450155418912305e-07, -0.9999999999999672, 0.4000005050838685], [8.743260337979441e-08, 0.9999999999999665, 2.4450154745541695e-07, 0.38126863644700676], [0.9999999999999932, -8.743258454926991e-08, -7.701598231379947e-08, -0.200000382441951], [0.0, 0.0, 0.0, 1.0]]","[[2.220446049250313e-16, -0.0, -1.0, 0.4], [0.0, 1.0, -0.0, -0.38125000000000003], [1.0, 0.0, 2.220446049250313e-16, -0.2], [0.0, 0.0, 0.0, 1.0]]","[[-4.988092006108502e-08, -1.9738218125900675e-07, -0.9999999999999795, 0.400000352016201], [-4.973278264234287e-08, 0.9999999999999793, -1.9738217877828982e-07, -0.38126127324393766], [0.9999999999999977, 4.9732772796737196e-08, -4.988092983104764e-08, -0.20000026731625592], [0.0, 0.0, 0.0, 1.0]]"
0.2583333333333333,-1.831696866282159,11.83172923221705,23.875788555162284,-87.86821850224715,-15.232358330334984,4.210667335566645,25.642241106614954,-1.829015590146106,-11.836827968432464,-23.869089847133797,-87.86921570986597,15.225912339305784,4.209708974648727,-25.648287531577708,"[[2.220446049250313e-16, -0.0, -1.0, 0.4], [0.0, 1.0, -0.0, 0.380625], [1.0, 0.0, 2.220446049250313e-16, -0.2], [0.0, 0.0, 0.0, 1.0]]","[[-7.574823407408005e-08, 1.5602839663724555e-07, -0.999999999999985, 0.40000034789069183], [5.793048065032354e-08, 0.999999999999986, 1.560283922491141e-07, 0.3806362809460369], [0.9999999999999954, -5.7930468831447475e-08, -7.574824317790885e-08, -0.2000002591859573], [0.0, 0.0, 0.0, 1.0]]","[[2.220446049250313e-16, -0.0, -1.0, 0.4], [0.0, 1.0, -0.0, -0.380625], [1.0, 0.0, 2.220446049250313e-16, -0.2], [0.0, 0.0, 0.0, 1.0]]","[[-1.7619014386349718e-07, -4.925132564673021e-07, -0.9999999999998633, 0.400000965435455], [-1.9935151722804098e-07, 0.999999999999859, -4.925132213435275e-07, -0.3806758244223743], [0.9999999999999648, 1.9935143045203842e-07, -1.7619024200721256e-07, -0.20000072445611192], [0.0, 0.0, 0.0, 1.0]]"
0.26666666666666666,-1.8295590170719451,11.770571718388755,23.819629032259147,-87.9516629233372,-15.171096656121847,4.2793803192774424,25.60589937758861,-1.8269355841004256,-11.77639018578796,-23.813570654465348,-87.95163560258051,15.165361004766329,4.277604896980062,-25.612350491259686,"[[2.220446049250313e-16, -0.0, -1.0, 0.4], [0.0, 1.0, -0.0, 0.38], [1.0, 0.0, 2.220446049250313e-16, -0.2], [0.0, 0.0, 0.0, 1.0]]","[[-2.8612565428076664e-08, 1.0894044228459388e-07, -0.9999999999999937, 0.4000002373667221], [5.31081490712383e-08, 0.9999999999999925, 1.0894044076503338e-07, 0.38000683407902136], [0.9999999999999981, -5.3108145954172475e-08, -2.8612571201236392e-08, -0.20000018180646084], [0.0, 0.0, 0.0, 1.0]]","[[2.220446049250313e-16, -0.0, -1.0, 0.4], [0.0, 1.0, -0.0, -0.38], [1.0, 0.0, 2.220446049250313e-16, -0.2], [0.0, 0.0, 0.0, 1.0]]","[[-5.4219635725605286e-08, -2.394916072234398e-07, -0.9999999999999701, 0.4000004991794157], [-1.1294685920394805e-07, 0.9999999999999651, -2.394916010995011e-07, -0.38001863707529104], [0.9999999999999923, 1.1294684621879726e-07, -5.421966281504709e-08, -0.20000038608258283], [0.0, 0.0, 0.0, 1.0]]"
0.275,-1.8275906419305121,11.710159548953639,23.76397494335459,-88.0337959481066,-15.11044799138672,4.3471456142409,25.569742063669857,-1.8250220639157642,-11.716696893762988,-23.758560310890065,-88.03275092916358,15.105424387252175,4.344556545658643,-25.576602988691132,"[[2.220446049250313e-16, -0.0, -1.0, 0.4], [0.0, 1.0, -0.0, 0.379375], [1.0, 0.0, 2.220446049250313e-16, -0.2], [0.0, 0.0, 0.0, 1.0]]","[[-1.139432634356119e-07, 1.8998875600332e-07, -0.9999999999999755, 0.4000003450157142], [6.116239808579983e-08, 0.99999999999998, 1.8998874903427766e-07, 0.3793862663313939], [0.9999999999999917, -6.116237643786026e-08, -1.1394327498193135e-07, -0.20000023956876434], [0.0, 0.0, 0.0, 1.0]]","[[2.220446049250313e-16, -0.0, -1.0, 0.4], [0.0, 1.0, -0.0, -0.379375], [1.0, 0.0, 2.220446049250313e-16, -0.2], [0.0, 0.0, 0.0, 1.0]]","[[-1.4726209673909807e-07, -2.9090696472146984e-07, -0.9999999999999467, 0.40000049613841415], [-6.253740777490136e-08, 0.9999999999999556, -2.9090695551208263e-07, -0.37939361282505446], [0.9999999999999871, 6.253736493532986e-08, -1.4726211494675567e-07, -0.20000035020531642], [0.0, 0.0, 0.0, 1.0]]"
0.2833333333333333,-1.8257866182159825,11.650490162590762,23.708831411090493,-88.11462440674453,-15.050415751224184,4.413967489325251,25.533774287500567,-1.8231232713265006,-11.655610243147331,-23.70213099551471,-88.11560112379584,15.043974882836862,4.413028765201197,-25.53980534453769,"[[2.220446049250313e-16, -0.0, -1.0, 0.4], [0.0, 1.0, -0.0, 0.37875000000000003], [1.0, 0.0, 2.220446049250313e-16, -0.2], [0.0, 0.0, 0.0, 1.0]]","[[-2.1510731529339466e-08, 1.1983780399904976e-07, -0.9999999999999928, 0.40000023621136327], [5.1017271302170074e-08, 0.9999999999999917, 1.198378029016308e-07, 0.3787568273137027], [0.9999999999999986, -5.10172687243709e-08, -2.1510737746588404e-08, -0.20000018454563845], [0.0, 0.0, 0.0, 1.0]]","[[2.220446049250313e-16, -0.0, -1.0, 0.4], [0.0, 1.0, -0.0, -0.37875000000000003], [1.0, 0.0, 2.220446049250313e-16, -0.2], [0.0, 0.0, 0.0, 1.0]]","[[-1.2745427263594067e-07, -3.747912548312188e-07, -0.9999999999999218, 0.4000006945338358], [-1.524207991154323e-07, 0.9999999999999183, -3.747912354045354e-07, -0.3787807564370374], [0.9999999999999805, 1.5242075134667606e-07, -1.2745432970140413e-07, -0.20000052067266133], [0.0, 0.0, 0.0, 1.0]]"
0.2916666666666667,-1.8240476947419797,11.590139464858174,23.6529126523556,-88.19617686543448,-14.98957925628688,4.481487324365412,25.497169596191178,-1.821390537711433,-11.595266375603915,-23.646210529232523,-88.1971535824858,14.983140095446851,4.480555003543705,-25.503197238133712,"[[2.220446049250313e-16, -0.0, -1.0, 0.4], [0.0, 1.0, -0.0, 0.37812500000000004], [1.0, 0.0, 2.220446049250313e-16, -0.2], [0.0, 0.0, 0.0, 1.0]]","[[-1.1050681891777714e-07, 2.199580348315925e-07, -0.9999999999999698, 0.400000341057262], [4.755436592441052e-08, 0.9999999999999748, 2.1995802957651187e-07, 0.3781362578520943], [0.9999999999999929, -4.755434161754689e-08, -1.1050682957591818e-07, -0.20000023723063948], [0.0, 0.0, 0.0, 1.0]]","[[2.220446049250313e-16, -0.0, -1.0, 0.4], [0.0, 1.0, -0.0, -0.37812500000000004], [1.0, 0.0, 2.220446049250313e-16, -0.2], [0.0, 0.0, 0.0, 1.0]]","[[-1.0745799183808913e-07, -3.618539520599953e-07, -0.999999999999929, 0.4000006909947948], [-1.3734812284642611e-07, 0.9999999999999252, -3.6185393730084055e-07, -0.3781557612672424], [0.9999999999999849, 1.373480839623189e-07, -1.0745804157608063e-07, -0.20000052476439298], [0.0, 0.0, 0.0, 1.0]]"
0.3,-1.8224240307102206,11.529818649203207,23.596858997384597,-88.27744245617929,-14.928648846248489,4.548883362226866,25.460341216186468,-1.819772850095198,-11.534953243911763,-23.590158581808815,-88.2784191732306,14.922211392955752,4.547957444707507,-25.46636373548713,"[[2.220446049250313e-16, -0.0, -1.0, 0.4], [0.0, 1.0, -0.0, 0.3775], [1.0, 0.0, 2.220446049250313e-16, -0.2], [0.0, 0.0, 0.0, 1.0]]","[[-6.564139243270262e-08, 1.0819048754948448e-07, -0.999999999999992, 0.40000015647293097], [2.072174906982198e-08, 0.9999999999999939, 1.0819048618928024e-07, 0.3775041244143377], [0.9999999999999976, -2.0721741968047656e-08, -6.564139465314867e-08, -0.20000010165283422], [0.0, 0.0, 0.0, 1.0]]","[[2.220446049250313e-16, -0.0, -1.0, 0.4], [0.0, 1.0, -0.0, -0.3775], [1.0, 0.0, 2.220446049250313e-16, -0.2], [0.0, 0.0, 0.0, 1.0]]","[[-1.3779683499803852e-07, -2.771543141952353e-07, -0.999999999999952, 0.4000004863936569], [-9.451774057079365e-08, 0.9999999999999569, -2.771543011709912e-07, -0.37751861120253094], [0.999999999999986, 9.451770237980364e-08, -1.377968611993019e-07, -0.20000034756227036], [0.0, 0.0, 0.0, 1.0]]"
0.30833333333333335,-1.8209151992338826,11.469528569399504,23.540673861272072,-88.35842117897896,-14.867621106014425,4.616154749135968,25.423289147486443,-1.818270208477795,-11.474669994297232,-23.533971738148995,-88.35939106584111,14.861187067816275,4.615234808032132,-25.429306544145224,"[[2.220446049250313e-16, -0.0, -1.0, 0.4], [0.0, 1.0, -0.0, 0.376875], [1.0, 0.0, 2.220446049250313e-16, -0.2], [0.0, 0.0, 0.0, 1.0]]","[[-7.96874655151214e-09, 7.373755783734923e-08, -0.9999999999999973, 0.40000015783482873], [1.8827718392375993e-08, 0.9999999999999971, 7.37375576873159e-08, 0.3768791346119772], [0.9999999999999998, -1.8827717804780023e-08, -7.968748105824375e-09, -0.2000001232935685], [0.0, 0.0, 0.0, 1.0]]","[[2.220446049250313e-16, -0.0, -1.0, 0.4], [0.0, 1.0, -0.0, -0.376875], [1.0, 0.0, 2.220446049250313e-16, -0.2], [0.0, 0.0, 0.0, 1.0]]","[[-9.607545681245e-08, -2.1794772222214904e-07, -0.9999999999999717, 0.4000003377166575], [-5.246037749291182e-08, 0.999999999999975, -2.1794771718199503e-07, -0.3768862604633821], [0.9999999999999941, 5.246035655348385e-08, -9.607546813672485e-08, -0.20000023837724534], [0.0, 0.0, 0.0, 1.0]]"
0.31666666666666665,-1.8194492698832685,11.408128583855675,23.483313932622305,-88.44071129809927,-14.805351978898711,4.684609893205598,25.385328663626805,-1.816853157668429,-11.413986324842607,-23.477262385017674,-88.4406839773426,14.799633403016118,4.6828835628928775,-25.391767824466832,"[[2.220446049250313e-16, -0.0, -1.0, 0.4], [0.0, 1.0, -0.0, 0.37625000000000003], [1.0, 0.0, 2.220446049250313e-16, -0.2], [0.0, 0.0, 0.0, 1.0]]","[[1.5411813547583364e-08, 4.373398374915613e-08, -0.9999999999999992, 0.4000001566256796], [4.091871907023697e-08, 0.9999999999999984, 4.3733984379787764e-08, 0.3762541432351982], [0.9999999999999994, -4.091871974425694e-08, 1.5411811771226525e-08, -0.20000013281228984], [0.0, 0.0, 0.0, 1.0]]","[[2.220446049250313e-16, -0.0, -1.0, 0.4], [0.0, 1.0, -0.0, -0.37625000000000003], [1.0, 0.0, 2.220446049250313e-16, -0.2], [0.0, 0.0, 0.0, 1.0]]","[[-1.2913946451087455e-07, -2.7967159512780523e-07, -0.9999999999999525, 0.4000004816420768], [-8.124239618193014e-08, 0.9999999999999576, -2.7967158463620707e-07, -0.3762686100558261], [0.9999999999999882, 8.124236006528762e-08, -1.2913948738146885e-07, -0.20000034306613737], [0.0, 0.0, 0.0, 1.0]]"
0.325,-1.8182001990388024,11.34832857012492,23.427255155009426,-88.5204947377942,-14.744565002832891,4.751134655061053,25.348083642082724,-1.8156085691356056,-11.354193141301023,-23.421205314952086,-88.52046741703751,14.738849842044882,4.749416008711148,-25.35452109537546,"[[2.220446049250313e-16, -0.0, -1.0, 0.4], [0.0, 1.0, -0.0, 0.37562500000000004], [1.0, 0.0, 2.220446049250313e-16, -0.2], [0.0, 0.0, 0.0, 1.0]]","[[-2.3065468035543546e-08, 1.0613211568621908e-07, -0.9999999999999943, 0.400000228176097], [6.354166895915295e-08, 0.9999999999999927, 1.0613211422060055e-07, 0.3756318288177672], [0.9999999999999979, -6.35416665111657e-08, -2.3065474696881694e-08, -0.20000017846947826], [0.0, 0.0, 0.0, 1.0]]","[[2.220446049250313e-16, -0.0, -1.0, 0.4], [0.0, 1.0, -0.0, -0.37562500000000004], [1.0, 0.0, 2.220446049250313e-16, -0.2], [0.0, 0.0, 0.0, 1.0]]","[[-1.1606460009749853e-07, -2.7399338209842334e-07, -0.9999999999999558, 0.4000004792997965], [-7.287386482021556e-08, 0.9999999999999598, -2.739933736403485e-07, -0.3756436081352085], [0.9999999999999907, 7.287383301928104e-08, -1.1606461985946837e-07, -0.20000034768364044], [0.0, 0.0, 0.0, 1.0]]"
0.3333333333333333,-1.8170360786721385,11.288127282780428,23.37067386792504,-88.60060602656928,-14.683250394653687,4.818028247131688,25.310357092202157,-1.8144888449985468,-11.294708170045736,-23.36527972602802,-88.59958832838294,14.678254111275821,4.815507480441131,-25.317224847412607,"[[2.220446049250313e-16, -0.0, -1.0, 0.4], [0.0, 1.0, -0.0, 0.375], [1.0, 0.0, 2.220446049250313e-16, -0.2], [0.0, 0.0, 0.0, 1.0]]","[[-2.1997992927236254e-08, 1.0762870910127139e-07, -0.9999999999999939, 0.40000022737023083], [5.164261110169041e-08, 0.9999999999999927, 1.0762870796523749e-07, 0.3750068273989115], [0.9999999999999983, -5.1642608734074555e-08, -2.1997998478351377e-08, -0.20000017651419325], [0.0, 0.0, 0.0, 1.0]]","[[2.220446049250313e-16, -0.0, -1.0, 0.4], [0.0, 1.0, -0.0, -0.375], [1.0, 0.0, 2.220446049250313e-16, -0.2], [0.0, 0.0, 0.0, 1.0]]","[[-1.4020992916696784e-07, -2.6760815583407e-07, -0.9999999999999545, 0.4000004747551811], [-7.585571049247685e-08, 0.9999999999999614, -2.6760814519834806e-07, -0.3750186115127457], [0.9999999999999873, 7.585567297115426e-08, -1.402099495950715e-07, -0.20000033630224687], [0.0, 0.0, 0.0, 1.0]]"
0.3416666666666667,-1.8160241434579187,11.228664509639943,23.314616797859454,-88.67944006996956,-14.622555626141661,4.883987810833324,25.272843985733157,-1.8134419050648307,-11.234542741194385,-23.308568665349405,-88.67940591902371,14.61684558799553,4.882285386182699,-25.279276316384014,"[[2.220446049250313e-16, -0.0, -1.0, 0.4], [0.0, 1.0, -0.0, 0.374375], [1.0, 0.0, 2.220446049250313e-16, -0.2], [0.0, 0.0, 0.0, 1.0]]","[[-4.8743513614279976e-08, 1.1969017679742997e-07, -0.9999999999999919, 0.400000227033312], [2.74798786933143e-08, 0.9999999999999927, 1.1969017545796423e-07, 0.37438181915085006], [0.9999999999999988, -2.747987285919438e-08, -4.8743516722904445e-08, -0.20000016641172863], [0.0, 0.0, 0.0, 1.0]]","[[2.220446049250313e-16, -0.0, -1.0, 0.4], [0.0, 1.0, -0.0, -0.374375], [1.0, 0.0, 2.220446049250313e-16, -0.2], [0.0, 0.0, 0.0, 1.0]]","[[-6.033036464847541e-08, -2.4470206693690065e-07, -0.9999999999999686, 0.40000047547158274], [-9.297598251220894e-08, 0.999999999999966, -2.447020613276251e-07, -0.3743936177691796], [0.9999999999999941, 9.297596774924138e-08, -6.033038729702511e-08, -0.20000036338457944], [0.0, 0.0, 0.0, 1.0]]"
0.35,-1.8150862731075112,11.168521278903397,23.257775963586607,-88.7589707926652,-14.561048065118403,4.950630820338786,25.23467347355654,-1.8124722316461006,-11.173696854746973,-23.25107213291624,-88.75992018895982,14.554622564656714,4.949743322633506,-25.240666964553224,"[[2.220446049250313e-16, -0.0, -1.0, 0.4], [0.0, 1.0, -0.0, 0.37375], [1.0, 0.0, 2.220446049250313e-16, -0.2], [0.0, 0.0, 0.0, 1.0]]","[[-8.860326139448205e-08, 1.8669439141945747e-07, -0.9999999999999787, 0.4000003271049485], [3.916881222737241e-08, 0.9999999999999818, 1.8669438794897357e-07, 0.3737612646951916], [0.9999999999999953, -3.916879568563992e-08, -8.86032684999094e-08, -0.2000002329825228], [0.0, 0.0, 0.0, 1.0]]","[[2.220446049250313e-16, -0.0, -1.0, 0.4], [0.0, 1.0, -0.0, -0.37375], [1.0, 0.0, 2.220446049250313e-16, -0.2], [0.0, 0.0, 0.0, 1.0]]","[[-2.6553090759495745e-07, -7.130027331889107e-07, -0.9999999999997107, 0.4000011895472211], [-2.6995549043705266e-07, 0.9999999999997095, -7.130026615073835e-07, -0.373833899282771], [0.9999999999999285, 2.699553011127307e-07, -2.655311001076299e-07, -0.20000086818660204], [0.0, 0.0, 0.0, 1.0]]"
0.35833333333333334,-1.814261741208644,11.10840536892353,23.200803648172236,-88.83822147760485,-14.499443173899474,5.0171470444577775,25.196280980231897,-1.8116891077690762,-11.114296407082666,-23.194758930756777,-88.838187326659,14.493739965942513,5.015460414619607,-25.20270989578817,"[[2.220446049250313e-16, -0.0, -1.0, 0.4], [0.0, 1.0, -0.0, 0.37312500000000004], [1.0, 0.0, 2.220446049250313e-16, -0.2], [0.0, 0.0, 0.0, 1.0]]","[[-5.3203815297830914e-08, 1.0990867172262176e-07, -0.9999999999999927, 0.40000022307126515], [3.472723453417173e-08, 0.9999999999999933, 1.0990866987500049e-07, 0.37313182544372714], [0.999999999999998, -3.472722868661089e-08, -5.32038192946338e-08, -0.20000016176729532], [0.0, 0.0, 0.0, 1.0]]","[[2.220446049250313e-16, -0.0, -1.0, 0.4], [0.0, 1.0, -0.0, -0.37312500000000004], [1.0, 0.0, 2.220446049250313e-16, -0.2], [0.0, 0.0, 0.0, 1.0]]","[[-1.6334243174709329e-07, -3.580307828539883e-07, -0.9999999999999226, 0.40000065880666247], [-1.2313834871362274e-07, 0.9999999999999283, -3.5803076274027307e-07, -0.37315574550036457], [0.9999999999999792, 1.2313829023199774e-07, -1.6334247593396967e-07, -0.20000047770211257], [0.0, 0.0, 0.0, 1.0]]"
0.36666666666666664,-1.8135168237022894,11.047610708894892,23.143042445908733,-88.91814835127234,-14.437018659980142,5.084339030417778,25.157220835915886,-1.8109490994611877,-11.053508577243198,-23.13699772849327,-88.91812103051566,14.431318867117767,5.082660938316071,-25.16364804392487,"[[2.220446049250313e-16, -0.0, -1.0, 0.4], [0.0, 1.0, -0.0, 0.3725], [1.0, 0.0, 2.220446049250313e-16, -0.2], [0.0, 0.0, 0.0, 1.0]]","[[-8.396289935541645e-08, 9.470097690921107e-08, -0.9999999999999922, 0.4000001489413062], [-2.421757646066584e-10, 0.9999999999999958, 9.470097692954518e-08, 0.3725041215837786], [0.9999999999999967, 2.421837159752569e-10, -8.396289935541645e-08, -0.20000009138900215], [0.0, 0.0, 0.0, 1.0]]","[[2.220446049250313e-16, -0.0, -1.0, 0.4], [0.0, 1.0, -0.0, -0.3725], [1.0, 0.0, 2.220446049250313e-16, -0.2], [0.0, 0.0, 0.0, 1.0]]","[[-6.508786998260518e-08, -2.533219718235453e-07, -0.9999999999999657, 0.4000004677084922], [-1.05132523896219e-07, 0.9999999999999623, -2.533219649806924e-07, -0.3725186133363724], [0.9999999999999923, 1.051325074080283e-07, -6.508789662795778e-08, -0.2000003560018621], [0.0, 0.0, 0.0, 1.0]]"
0.375,-1.8129200359235595,10.987552001749323,23.085810583305904,-88.99681847013254,-14.375217400822574,5.150598695556072,25.118379257653316,-1.8103570074375122,-10.993455846513154,-23.079767573437735,-88.99678431918669,14.36951931550749,5.148928714304003,-25.12480475811501,"[[2.220446049250313e-16, -0.0, -1.0, 0.4], [0.0, 1.0, -0.0, 0.371875], [1.0, 0.0, 2.220446049250313e-16, -0.2], [0.0, 0.0, 0.0, 1.0]]","[[-8.813934887497155e-08, 1.4727944139810172e-07, -0.9999999999999852, 0.40000022018539194], [3.687712569210148e-08, 0.9999999999999885, 1.4727943814777636e-07, 0.3718818068284488], [0.9999999999999954, -3.6877112710987177e-08, -8.813935420404206e-08, -0.20000014588015988], [0.0, 0.0, 0.0, 1.0]]","[[2.220446049250313e-16, -0.0, -1.0, 0.4], [0.0, 1.0, -0.0, -0.371875], [1.0, 0.0, 2.220446049250313e-16, -0.2], [0.0, 0.0, 0.0, 1.0]]","[[-1.4642676349208017e-08, -1.6213888825526588e-07, -0.9999999999999868, 0.4000003241997531], [-7.571498297919457e-08, 0.999999999999984, -1.6213888714659544e-07, -0.371886271576356], [0.999999999999997, 7.57149806050463e-08, -1.4642688783705893e-08, -0.2000002564762175], [0.0, 0.0, 0.0, 1.0]]"
0.3833333333333333,-1.8124361597095464,10.927520615360436,23.028450654656137,-89.07519489085844,-14.313317957695688,5.216729867760605,25.079315698242723,-1.8098778269785534,-10.933430436539789,-23.02240935233526,-89.07516757010175,14.307622433701543,5.215067997358176,-25.085737783609826,"[[2.220446049250313e-16, -0.0, -1.0, 0.4], [0.0, 1.0, -0.0, 0.37125], [1.0, 0.0, 2.220446049250313e-16, -0.2], [0.0, 0.0, 0.0, 1.0]]","[[-4.2850535453275995e-08, 1.751397744689788e-07, -0.9999999999999839, 0.4000003223337657], [7.50933460102128e-08, 0.9999999999999819, 1.751397712511884e-07, 0.37126126538066034], [0.9999999999999963, -7.509333850537861e-08, -4.285054877595229e-08, -0.20000024445650022], [0.0, 0.0, 0.0, 1.0]]","[[2.220446049250313e-16, -0.0, -1.0, 0.4], [0.0, 1.0, -0.0, -0.37125], [1.0, 0.0, 2.220446049250313e-16, -0.2], [0.0, 0.0, 0.0, 1.0]]","[[-7.798131801406427e-08, -1.7007824834507783e-07, -0.9999999999999827, 0.4000003196199982], [-5.2496475991271016e-08, 0.9999999999999842, -1.7007824425133371e-07, -0.37126126513211183], [0.9999999999999958, 5.249646272834446e-08, -7.798132689584847e-08, -0.20000023215668422], [0.0, 0.0, 0.0, 1.0]]"
0.39166666666666666,-1.8120645547300154,10.86751569595458,22.97096265995943,-89.15329127382837,-14.251320330599482,5.282732547031377,25.04002845013681,-1.8095111311974883,-10.873432347323105,-22.964921357638556,-89.15325712288252,14.245627367926275,5.281078787478587,-25.04645053550391,"[[2.220446049250313e-16, -0.0, -1.0, 0.4], [0.0, 1.0, -0.0, 0.37062500000000004], [1.0, 0.0, 2.220446049250313e-16, -0.2], [0.0, 0.0, 0.0, 1.0]]","[[-1.0182758108934209e-07, 2.0154665941680147e-07, -0.9999999999999747, 0.4000003175493584], [5.6715707509817576e-08, 0.9999999999999782, 2.015466536415789e-07, 0.3706362538377645], [0.9999999999999933, -5.671568698680792e-08, -1.0182759241361694e-07, -0.2000002206309481], [0.0, 0.0, 0.0, 1.0]]","[[2.220446049250313e-16, -0.0, -1.0, 0.4], [0.0, 1.0, -0.0, -0.37062500000000004], [1.0, 0.0, 2.220446049250313e-16, -0.2], [0.0, 0.0, 0.0, 1.0]]","[[-2.619584754670612e-08, -1.6064337083886047e-07, -0.9999999999999867, 0.40000031966802135], [-8.865290242254483e-08, 0.9999999999999831, -1.60643368516522e-07, -0.3706362678813758], [0.9999999999999956, 8.865289821435447e-08, -2.6195861757560834e-08, -0.20000025021835993], [0.0, 0.0, 0.0, 1.0]]"
0.4,-1.8118052209849664,10.807538097305406,22.91334659921579,-89.23109395866398,-14.189223665760311,5.348605879594741,25.000519220882868,-1.8092370698570417,-10.813033838266328,-22.906904023281175,-89.23165403417592,14.18309442475387,5.347445601209485,-25.00666468358859,"[[2.220446049250313e-16, -0.0, -1.0, 0.4], [0.0, 1.0, -0.0, 0.37], [1.0, 0.0, 2.220446049250313e-16, -0.2], [0.0, 0.0, 0.0, 1.0]]","[[-6.493760085213296e-08, 1.3521197788501295e-07, -0.9999999999999887, 0.4000002166127842], [4.29645081553458e-08, 0.9999999999999898, 1.3521197509500104e-07, 0.37000681081977915], [0.9999999999999969, -4.296449937500404e-08, -6.493760662529269e-08, -0.20000015230237433], [0.0, 0.0, 0.0, 1.0]]","[[2.220446049250313e-16, -0.0, -1.0, 0.4], [0.0, 1.0, -0.0, -0.37], [1.0, 0.0, 2.220446049250313e-16, -0.2], [0.0, 0.0, 0.0, 1.0]]","[[-1.816440168833644e-07, -4.0168773748165066e-07, -0.9999999999999027, 0.40000063996974977], [-1.4428656046220102e-07, 0.9999999999999087, -4.016877112728626e-07, -0.37003071892788086], [0.9999999999999729, 1.4428648749801757e-07, -1.8164407483700629e-07, -0.20000045321696128], [0.0, 0.0, 0.0, 1.0]]"
0.4083333333333333,-1.8116391620107706,10.74716007881614,22.855199491264177,-89.30919717182307,-14.126587415976708,5.414834381994947,24.960513095366814,-1.8090955568751754,-10.753089536789357,-22.849159896490594,-89.3091698510664,14.120900429719027,5.413196417254613,-24.96693005809204,"[[2.220446049250313e-16, -0.0, -1.0, 0.4], [0.0, 1.0, -0.0, 0.369375], [1.0, 0.0, 2.220446049250313e-16, -0.2], [0.0, 0.0, 0.0, 1.0]]","[[-2.739230470227838e-08, 8.233650067837759e-08, -0.9999999999999964, 0.40000014654888794], [3.8130761942689806e-08, 0.9999999999999962, 8.23364996338881e-08, 0.3693791235937611], [0.9999999999999991, -3.813075968730317e-08, -2.739230781090285e-08, -0.20000010997756265], [0.0, 0.0, 0.0, 1.0]]","[[2.220446049250313e-16, -0.0, -1.0, 0.4], [0.0, 1.0, -0.0, -0.369375], [1.0, 0.0, 2.220446049250313e-16, -0.2], [0.0, 0.0, 0.0, 1.0]]","[[-6.966078719417013e-08, -2.4928109626457294e-07, -0.9999999999999664, 0.4000004536518325], [-8.458724748489404e-08, 0.9999999999999651, -2.4928109037215843e-07, -0.36939360857398934], [0.9999999999999939, 8.458723011977425e-08, -6.96608082884076e-08, -0.2000003410891908], [0.0, 0.0, 0.0, 1.0]]"
0.4166666666666667,-1.8116225134246686,10.687663154729805,22.797731987134984,-89.38584555468896,-14.064732369079426,5.4799640777124266,24.920834818930917,-1.8090838174875394,-10.693598589118546,-22.791694099908693,-89.38581823393228,14.05904879791633,5.478334650708556,-24.927251781656143,"[[2.220446049250313e-16, -0.0, -1.0, 0.4], [0.0, 1.0, -0.0, 0.36875], [1.0, 0.0, 2.220446049250313e-16, -0.2], [0.0, 0.0, 0.0, 1.0]]","[[-3.981541635278418e-08, 1.0126406404149753e-07, -0.999999999999994, 0.40000014565645264], [7.873668522343879e-09, 0.9999999999999949, 1.0126406372800421e-07, 0.36875412100267607], [0.9999999999999991, -7.87366449047298e-09, -3.9815417018918e-08, -0.20000010130035098], [0.0, 0.0, 0.0, 1.0]]","[[2.220446049250313e-16, -0.0, -1.0, 0.4], [0.0, 1.0, -0.0, -0.36875], [1.0, 0.0, 2.220446049250313e-16, -0.2], [0.0, 0.0, 0.0, 1.0]]","[[-7.67864947182062e-08, -2.621911927454043e-07, -0.9999999999999628, 0.40000045159250314], [-9.480602612419759e-08, 0.9999999999999614, -2.621911854655815e-07, -0.3687686017246921], [0.9999999999999928, 9.480600599145201e-08, -7.678651936515735e-08, -0.20000033805984974], [0.0, 0.0, 0.0, 1.0]]"
0.425,-1.811721978054457,10.62846932028789,22.740406209431065,-89.46183823939452,-14.00306771370526,5.544656214436202,24.88112239154917,-1.8091881913157937,-10.6344115848658,-22.734370029752068,-89.46181091863784,13.997386703863102,5.543034471395147,-24.887537646727104,"[[2.220446049250313e-16, -0.0, -1.0, 0.4], [0.0, 1.0, -0.0, 0.36812500000000004], [1.0, 0.0, 2.220446049250313e-16, -0.2], [0.0, 0.0, 0.0, 1.0]]","[[-3.847700486003802e-08, 1.4160212371493728e-07, -0.9999999999999893, 0.4000002134060187], [3.789749667308076e-08, 0.9999999999999893, 1.4160212225675513e-07, 0.3681318081411403], [0.9999999999999987, -3.789749122465481e-08, -3.847701018910854e-08, -0.20000015978924693], [0.0, 0.0, 0.0, 1.0]]","[[2.220446049250313e-16, -0.0, -1.0, 0.4], [0.0, 1.0, -0.0, -0.36812500000000004], [1.0, 0.0, 2.220446049250313e-16, -0.2], [0.0, 0.0, 0.0, 1.0]]","[[-1.3945320254116211e-07, -3.622942374924488e-07, -0.9999999999999246, 0.4000006278974699], [-1.3731654721045625e-07, 0.999999999999925, -3.622942183432167e-07, -0.36815573185263917], [0.9999999999999808, 1.3731649668735692e-07, -1.3945325227915362e-07, -0.20000045946821352], [0.0, 0.0, 0.0, 1.0]]"
0.43333333333333335,-1.8118861160379487,10.567890664991754,22.681611941055596,-89.53944967893338,-13.93984321387939,5.610801047019075,24.840264199934154,-1.809341443685296,-10.573412872935709,-22.675169365120983,-89.53999609406698,13.933722510609412,5.609668516277322,-24.846396002261532,"[[2.220446049250313e-16, -0.0, -1.0, 0.4], [0.0, 1.0, -0.0, 0.3675], [1.0, 0.0, 2.220446049250313e-16, -0.2], [0.0, 0.0, 0.0, 1.0]]","[[-9.78439326781988e-08, 1.987180586876951e-07, -0.9999999999999755, 0.40000030780642254], [6.256898356527904e-08, 0.9999999999999782, 1.9871805256570027e-07, 0.367511252031633], [0.9999999999999932, -6.256896412192173e-08, -9.784394511269667e-08, -0.20000021446545946], [0.0, 0.0, 0.0, 1.0]]","[[2.220446049250313e-16, -0.0, -1.0, 0.4], [0.0, 1.0, -0.0, -0.3675], [1.0, 0.0, 2.220446049250313e-16, -0.2], [0.0, 0.0, 0.0, 1.0]]","[[-6.0321942274566e-08, -1.2540341217684316e-07, -0.9999999999999903, 0.400000211824759], [-3.682425756276324e-08, 0.9999999999999913, -1.2540340995553258e-07, -0.36750681323200357], [0.9999999999999974, 3.682424999818563e-08, -6.03219469375027e-08, -0.20000015018445166], [0.0, 0.0, 0.0, 1.0]]"
0.44166666666666665,-1.8121847233707253,10.508043693710455,22.623362380266435,-89.61581802404329,-13.877247945230808,5.67602295029035,24.799646772487378,-1.8096458139901845,-10.513571878069936,-22.61691980433182,-89.61636443917689,13.87112980328177,5.674897249737767,-24.805775159720174,"[[2.220446049250313e-16, -0.0, -1.0, 0.4], [0.0, 1.0, -0.0, 0.366875], [1.0, 0.0, 2.220446049250313e-16, -0.2], [0.0, 0.0, 0.0, 1.0]]","[[-1.2077127964360557e-08, 9.625584240432307e-08, -0.9999999999999953, 0.40000021134712044], [6.370718171254486e-08, 0.9999999999999933, 9.625584163492309e-08, 0.3668818254668922], [0.999999999999998, -6.370718055005044e-08, -1.2077134181609495e-08, -0.20000016622048686], [0.0, 0.0, 0.0, 1.0]]","[[2.220446049250313e-16, -0.0, -1.0, 0.4], [0.0, 1.0, -0.0, -0.366875], [1.0, 0.0, 2.220446049250313e-16, -0.2], [0.0, 0.0, 0.0, 1.0]]","[[-6.053255435789495e-08, -2.5490238058617326e-07, -0.9999999999999657, 0.40000044327804873], [-1.0542442122157936e-07, 0.999999999999962, -2.549023742045628e-07, -0.36689360235017954], [0.9999999999999926, 1.0542440579168393e-07, -6.053258122529215e-08, -0.20000033682185672], [0.0, 0.0, 0.0, 1.0]]"
0.45,-1.812594107834103,10.448220628091253,22.56498816852492,-89.69190633139723,-13.814552785065615,5.741112518646456,24.758807363892583,-1.8100754755776607,-10.454182529463028,-22.558955403940505,-89.69187901064055,13.80888031295992,5.739515108154319,-24.765215788881346,"[[2.220446049250313e-16, -0.0, -1.0, 0.4], [0.0, 1.0, -0.0, 0.36625], [1.0, 0.0, 2.220446049250313e-16, -0.2], [0.0, 0.0, 0.0, 1.0]]","[[-7.807139851268019e-08, 1.4290679965756267e-07, -0.9999999999999869, 0.40000020841261597], [3.487539708723605e-08, 0.9999999999999893, 1.4290679693479196e-07, 0.3662568085243571], [0.9999999999999964, -3.487538593030207e-08, -7.80714036197061e-08, -0.20000014000275637], [0.0, 0.0, 0.0, 1.0]]","[[2.220446049250313e-16, -0.0, -1.0, 0.4], [0.0, 1.0, -0.0, -0.36625], [1.0, 0.0, 2.220446049250313e-16, -0.2], [0.0, 0.0, 0.0, 1.0]]","[[-1.436725792225424e-07, -3.853483480828875e-07, -0.9999999999999154, 0.4000006177843855], [-1.384564544806988e-07, 0.9999999999999161, -3.8534832819049185e-07, -0.3662807239444412], [0.99999999999998, 1.384563991166989e-07, -1.4367263251324758e-07, -0.20000044889381968], [0.0, 0.0, 0.0, 1.0]]"
0.4583333333333333,-1.81313177178783,10.389127538939595,22.507167202106178,-89.76677203488974,-13.75249112494594,5.805285134106487,24.718220672297072,-1.810600759813517,-10.394391053468736,-22.50045654124664,-89.76767361986019,13.746086968825407,5.804480879331718,-24.72415439913852,"[[2.220446049250313e-16, -0.0, -1.0, 0.4], [0.0, 1.0, -0.0, 0.36562500000000003], [1.0, 0.0, 2.220446049250313e-16, -0.2], [0.0, 0.0, 0.0, 1.0]]","[[-9.295310854362526e-08, 2.6662145893551526e-07, -0.9999999999999604, 0.4000004379500033], [9.993132906428935e-08, 0.9999999999999598, 2.6662144964658737e-07, 0.3656435973940149], [0.999999999999991, -9.993130428099282e-08, -9.295313518897785e-08, -0.20000031935847035], [0.0, 0.0, 0.0, 1.0]]","[[2.220446049250313e-16, -0.0, -1.0, 0.4], [0.0, 1.0, -0.0, -0.36562500000000003], [1.0, 0.0, 2.220446049250313e-16, -0.2], [0.0, 0.0, 0.0, 1.0]]","[[-2.1945520012334185e-08, -1.6192437620305595e-07, -0.9999999999999866, 0.4000003063832148], [-8.52284916219561e-08, 0.9999999999999831, -1.6192437433267181e-07, -0.3656362652539493], [0.9999999999999961, 8.522848806844037e-08, -2.194553377909969e-08, -0.2000002405204987], [0.0, 0.0, 0.0, 1.0]]"
0.4666666666666667,-1.8137447812658385,10.328649628933718,22.447865792184835,-89.8432223422697,-13.688858521317163,5.870895504386807,24.67646601835349,-1.811223801131869,-10.334198303860706,-22.44142321625022,-89.84376192721413,13.682747209557293,5.869791575062203,-24.682584160302532,"[[2.220446049250313e-16, -0.0, -1.0, 0.4], [0.0, 1.0, -0.0, 0.365], [1.0, 0.0, 2.220446049250313e-16, -0.2], [0.0, 0.0, 0.0, 1.0]]","[[-1.089430151646198e-07, 1.997413381110835e-07, -0.9999999999999742, 0.4000003011412989], [6.273142422620721e-08, 0.9999999999999781, 1.9974133127693377e-07, 0.3650112471047311], [0.9999999999999922, -6.273140246578269e-08, -1.0894302782116227e-07, -0.20000020625950538], [0.0, 0.0, 0.0, 1.0]]","[[2.220446049250313e-16, -0.0, -1.0, 0.4], [0.0, 1.0, -0.0, -0.365], [1.0, 0.0, 2.220446049250313e-16, -0.2], [0.0, 0.0, 0.0, 1.0]]","[[-6.34453910519639e-08, -2.3761061275406768e-07, -0.9999999999999698, 0.40000043488256865], [-1.1066796813614772e-07, 0.9999999999999657, -2.3761060573269419e-07, -0.3650186065027134], [0.999999999999992, 1.1066795306084656e-07, -6.344541747527188e-08, -0.20000032829129452], [0.0, 0.0, 0.0, 1.0]]"
0.475,-1.814499944055948,10.26960435110625,22.38979893895597,-89.9175211400611,-13.626597078164265,5.9348060113374395,24.6354421946511,-1.811982165573152,-10.274881526013731,-22.383088278096434,-89.91842272503153,13.620197190911963,5.934014563167364,-24.64136738375609,"[[2.220446049250313e-16, -0.0, -1.0, 0.4], [0.0, 1.0, -0.0, 0.364375], [1.0, 0.0, 2.220446049250313e-16, -0.2], [0.0, 0.0, 0.0, 1.0]]","[[-1.0061683558548751e-07, 1.3384096995619692e-07, -0.999999999999986, 0.40000020352108745], [3.334164972694143e-08, 0.9999999999999907, 1.3384096660146626e-07, 0.3643818064144283], [0.9999999999999944, -3.334163626028644e-08, -1.006168400263796e-07, -0.20000013011785667], [0.0, 0.0, 0.0, 1.0]]","[[2.220446049250313e-16, -0.0, -1.0, 0.4], [0.0, 1.0, -0.0, -0.364375], [1.0, 0.0, 2.220446049250313e-16, -0.2], [0.0, 0.0, 0.0, 1.0]]","[[-9.63398728015541e-08, -2.760885075405937e-07, -0.9999999999999571, 0.40000043253325634], [-1.054957991315923e-07, 0.9999999999999563, -2.760884973771416e-07, -0.3643935908691429], [0.9999999999999898, 1.0549577253325707e-07, -9.633990188939734e-08, -0.20000031487339015], [0.0, 0.0, 0.0, 1.0]]"
0.48333333333333334,-1.8153492353905567,10.209878615682719,22.330929538499632,-89.99246880582365,-13.563498083064395,5.999366240032869,24.593723399200666,-1.8128380736535192,-10.21516262077937,-22.3242171700928,-89.99336356060492,13.557099903359385,5.998581195165141,-24.599643465663775,"[[2.220446049250313e-16, -0.0, -1.0, 0.4], [0.0, 1.0, -0.0, 0.36375], [1.0, 0.0, 2.220446049250313e-16, -0.2], [0.0, 0.0, 0.0, 1.0]]","[[-9.377629955897859e-08, 2.702245533988885e-07, -0.9999999999999591, 0.40000042947768655], [1.0654131498293413e-07, 0.9999999999999578, 2.702245434078379e-07, 0.36376858923537486], [0.99999999999999, -1.0654128964227205e-07, -9.377632842477723e-08, -0.20000031446851352], [0.0, 0.0, 0.0, 1.0]]","[[2.220446049250313e-16, -0.0, -1.0, 0.4], [0.0, 1.0, -0.0, -0.36375], [1.0, 0.0, 2.220446049250313e-16, -0.2], [0.0, 0.0, 0.0, 1.0]]","[[-1.7010801062200542e-07, -4.115013371085892e-07, -0.9999999999999007, 0.4000006041782622], [-1.321299753833659e-07, 0.9999999999999065, -4.1150131463222433e-07, -0.36378071282541713], [0.9999999999999767, 1.321299053836828e-07, -1.7010806502293363e-07, -0.20000042511410088], [0.0, 0.0, 0.0, 1.0]]"
0.49166666666666664,-1.8162967106944845,10.149474983984065,22.27125417572123,-90.06804484898983,-13.49955726714932,6.064571067831219,24.551299386718423,-1.8138034782040182,-10.155467621207105,-22.2652248262314,-90.06801752823316,13.493900162969258,6.063014211587279,-24.557699273970726,"[[2.220446049250313e-16, -0.0, -1.0, 0.4], [0.0, 1.0, -0.0, 0.36312500000000003], [1.0, 0.0, 2.220446049250313e-16, -0.2], [0.0, 0.0, 0.0, 1.0]]","[[-9.115483728949769e-08, 1.3275466954453503e-07, -0.9999999999999872, 0.4000002015953713], [3.4209461260683935e-08, 0.9999999999999909, 1.3275466642617765e-07, 0.36313180811440504], [0.9999999999999954, -3.420944915945349e-08, -9.115484173038979e-08, -0.20000013121844915], [0.0, 0.0, 0.0, 1.0]]","[[2.220446049250313e-16, -0.0, -1.0, 0.4], [0.0, 1.0, -0.0, -0.36312500000000003], [1.0, 0.0, 2.220446049250313e-16, -0.2], [0.0, 0.0, 0.0, 1.0]]","[[-1.0916581522080193e-07, -2.943122838934267e-07, -0.9999999999999508, 0.40000042742412734], [-1.052396268933417e-07, 0.9999999999999512, -2.9431227240485716e-07, -0.36314358395105684], [0.9999999999999886, 1.0523959476449735e-07, -1.0916584630704662e-07, -0.20000030523499773], [0.0, 0.0, 0.0, 1.0]]"
0.5,-1.8173667025166493,10.089796206111078,22.212137180907476,-90.14241877886211,-13.43625336637435,6.128861077167611,24.509136628971934,-1.8148788061114722,-10.09579567352329,-22.20610953896494,-90.14239145810542,13.430598823515226,6.127311904886487,-24.515534808676943,"[[2.220446049250313e-16, -0.0, -1.0, 0.4], [0.0, 1.0, -0.0, 0.36250000000000004], [1.0, 0.0, 2.220446049250313e-16, -0.2], [0.0, 0.0, 0.0, 1.0]]","[[-3.153740874006772e-08, 8.181380940795225e-08, -0.9999999999999961, 0.4000001362228351], [1.9579420612691377e-08, 0.9999999999999964, 8.181380879046807e-08, 0.3625041219533241], [0.9999999999999992, -1.9579418032495758e-08, -3.153741051642456e-08, -0.20000009980799036], [0.0, 0.0, 0.0, 1.0]]","[[2.220446049250313e-16, -0.0, -1.0, 0.4], [0.0, 1.0, -0.0, -0.36250000000000004], [1.0, 0.0, 2.220446049250313e-16, -0.2], [0.0, 0.0, 0.0, 1.0]]","[[-8.0804647084598e-08, -2.648804888926508e-07, -0.9999999999999618, 0.4000004244884853], [-9.375481716416819e-08, 0.9999999999999606, -2.6488048131682555e-07, -0.36251859318313845], [0.9999999999999925, 9.375479576059077e-08, -8.080467195359375e-08, -0.20000031229580373], [0.0, 0.0, 0.0, 1.0]]"
0.5083333333333333,-1.8185459773655344,10.030141333900188,22.152897242688663,-90.21650584078922,-13.372846158988184,6.193016190267894,24.466753597624713,-1.8160634170456462,-10.036146777727922,-22.14687130829342,-90.21647852003255,13.367195031223643,6.19147512883641,-24.47315006978243,"[[2.220446049250313e-16, -0.0, -1.0, 0.4], [0.0, 1.0, -0.0, 0.361875], [1.0, 0.0, 2.220446049250313e-16, -0.2], [0.0, 0.0, 0.0, 1.0]]","[[-4.524090430058081e-08, 1.8200184625054646e-07, -0.9999999999999827, 0.4000002942709512], [6.833323661792008e-08, 0.9999999999999811, 1.820018431590888e-07, 0.361886252239341], [0.9999999999999969, -6.833322838399089e-08, -4.5240916735078684e-08, -0.2000002206161888], [0.0, 0.0, 0.0, 1.0]]","[[2.220446049250313e-16, -0.0, -1.0, 0.4], [0.0, 1.0, -0.0, -0.361875], [1.0, 0.0, 2.220446049250313e-16, -0.2], [0.0, 0.0, 0.0, 1.0]]","[[-1.4396448921871752e-07, -2.870028015386737e-07, -0.9999999999999486, 0.4000004201997157], [-8.434918619273423e-08, 0.9999999999999554, -2.870027893953881e-07, -0.3618935834691533], [0.9999999999999861, 8.43491448745199e-08, -1.4396451342157945e-07, -0.20000028786191504], [0.0, 0.0, 0.0, 1.0]]"
0.5166666666666666,-1.819834321797728,9.970509513577746,22.09353606861208,-90.29030603477122,-13.309336498764466,6.257035553358423,24.42415200022405,-1.8173568841197174,-9.976520933821002,-22.08751013421684,-90.29027871401453,13.303687932320864,6.2555030296634015,-24.430546764834475,"[[2.220446049250313e-16, -0.0, -1.0, 0.4], [0.0, 1.0, -0.0, 0.36125], [1.0, 0.0, 2.220446049250313e-16, -0.2], [0.0, 0.0, 0.0, 1.0]]","[[7.963089465601314e-09, 9.520516060585413e-08, -0.9999999999999953, 0.40000020138886105], [6.10306019718432e-08, 0.9999999999999936, 9.52051610918461e-08, 0.3612568206038714], [0.999999999999998, -6.103060272997016e-08, 7.963083692441586e-09, -0.2000001650409196], [0.0, 0.0, 0.0, 1.0]]","[[2.220446049250313e-16, -0.0, -1.0, 0.4], [0.0, 1.0, -0.0, -0.36125], [1.0, 0.0, 2.220446049250313e-16, -0.2], [0.0, 0.0, 0.0, 1.0]]","[[-6.40924387451669e-08, -2.429258161080726e-07, -0.9999999999999684, 0.400000419216258], [-1.1000733637854861e-07, 0.9999999999999645, -2.4292580905743313e-07, -0.36126859827140495], [0.9999999999999919, 1.1000732080883761e-07, -6.409246539051949e-08, -0.20000031700448895], [0.0, 0.0, 0.0, 1.0]]"
0.525,-1.8212315223698188,9.910899891370105,22.034053658677735,-90.36382619099723,-13.245723531929551,6.320919166439199,24.381330129222658,-1.8187596342205088,-9.916918141802531,-22.028029431829783,-90.36379887024056,13.240078380580536,6.319394753593817,-24.38772318628579,"[[2.220446049250313e-16, -0.0, -1.0, 0.4], [0.0, 1.0, -0.0, 0.36062500000000003], [1.0, 0.0, 2.220446049250313e-16, -0.2], [0.0, 0.0, 0.0, 1.0]]","[[-7.664361345582904e-08, 1.5667631381157222e-07, -0.9999999999999849, 0.4000001975044258], [3.6827886443542186e-08, 0.9999999999999871, 1.5667631098895028e-07, 0.36063179776073184], [0.9999999999999964, -3.6827874435303e-08, -7.664361922898877e-08, -0.20000013269359185], [0.0, 0.0, 0.0, 1.0]]","[[2.220446049250313e-16, -0.0, -1.0, 0.4], [0.0, 1.0, -0.0, -0.36062500000000003], [1.0, 0.0, 2.220446049250313e-16, -0.2], [0.0, 0.0, 0.0, 1.0]]","[[-1.0055136973052825e-07, -1.9977347427557648e-07, -0.999999999999975, 0.4000002895755542], [-5.554599666496131e-08, 0.9999999999999787, -1.9977346869035112e-07, -0.3606362459175969], [0.9999999999999934, 5.5545976577464e-08, -1.005513808327585e-07, -0.20000019587522658], [0.0, 0.0, 0.0, 1.0]]"
0.5333333333333333,-1.8227420613934493,9.852014269214486,21.975141569539083,-90.43615789430767,-13.182753456650266,6.383896925681301,24.33878658842994,-1.8202708135743741,-9.857336694125218,-21.968427493584958,-90.43702532833227,13.17636552222901,6.383150300627655,-24.34468104168366,"[[2.220446049250313e-16, -0.0, -1.0, 0.4], [0.0, 1.0, -0.0, 0.36], [1.0, 0.0, 2.220446049250313e-16, -0.2], [0.0, 0.0, 0.0, 1.0]]","[[-1.1967411278623885e-07, 2.849067063266427e-07, -0.9999999999999523, 0.40000041472648123], [9.222051553586211e-08, 0.9999999999999551, 2.8490669529023515e-07, 0.36001857952219735], [0.9999999999999887, -9.22204814399017e-08, -1.1967413898750223e-07, -0.20000028976255313], [0.0, 0.0, 0.0, 1.0]]","[[2.220446049250313e-16, -0.0, -1.0, 0.4], [0.0, 1.0, -0.0, -0.36], [1.0, 0.0, 2.220446049250313e-16, -0.2], [0.0, 0.0, 0.0, 1.0]]","[[-1.6443087669237855e-07, -3.86473635601596e-07, -0.9999999999999117, 0.4000005811389187], [-1.3297452899657187e-07, 0.9999999999999165, -3.8647361373647945e-07, -0.3600307113953111], [0.9999999999999777, 1.3297446544836503e-07, -1.644309282067269e-07, -0.20000040913578873], [0.0, 0.0, 0.0, 1.0]]"
0.5416666666666666,-1.8243518516034567,9.791747241299232,21.914726838783025,-90.51000589961384,-13.118188532199781,6.448277008137373,24.295028981512253,-1.8218904221813135,-9.797777444562707,-21.908704319482368,-90.50997857885717,13.112548503492643,6.446768816991269,-24.3014186234808,"[[2.220446049250313e-16, -0.0, -1.0, 0.4], [0.0, 1.0, -0.0, 0.359375], [1.0, 0.0, 2.220446049250313e-16, -0.2], [0.0, 0.0, 0.0, 1.0]]","[[-6.550837367003126e-08, 1.2886025442269017e-07, -0.9999999999999897, 0.4000001954367426], [3.48550195749814e-08, 0.9999999999999913, 1.288602521393947e-07, 0.35938180585790414], [0.9999999999999974, -3.48550111335555e-08, -6.550837811092336e-08, -0.2000001345680096], [0.0, 0.0, 0.0, 1.0]]","[[2.220446049250313e-16, -0.0, -1.0, 0.4], [0.0, 1.0, -0.0, -0.359375], [1.0, 0.0, 2.220446049250313e-16, -0.2], [0.0, 0.0, 0.0, 1.0]]","[[-1.0155845542314523e-07, -3.66465597471555e-07, -0.9999999999999277, 0.40000058022684926], [-1.6425019911456437e-07, 0.9999999999999194, -3.664655807905554e-07, -0.3594057145324126], [0.9999999999999815, 1.6425016189687417e-07, -1.0155851559723317e-07, -0.2000004290025199], [0.0, 0.0, 0.0, 1.0]]"
0.55,-1.8260745533781808,9.732203359662353,21.854882428822666,-90.58266545200445,-13.054264791757632,6.511749956094301,24.251549704803246,-1.8236184600413265,-9.738240393115,-21.8488616170693,-90.58263813124776,13.048629031918725,6.510249875797837,-24.257937639224497,"[[2.220446049250313e-16, -0.0, -1.0, 0.4], [0.0, 1.0, -0.0, 0.35875], [1.0, 0.0, 2.220446049250313e-16, -0.2], [0.0, 0.0, 0.0, 1.0]]","[[-5.854067136601415e-08, 1.2141144794332827e-07, -0.9999999999999909, 0.4000001940855855], [3.877434808453762e-08, 0.9999999999999918, 1.21411445673452e-07, 0.3587568074264545], [0.9999999999999976, -3.877434097702972e-08, -5.8540676028950855e-08, -0.2000001365088205], [0.0, 0.0, 0.0, 1.0]]","[[2.220446049250313e-16, -0.0, -1.0, 0.4], [0.0, 1.0, -0.0, -0.35875], [1.0, 0.0, 2.220446049250313e-16, -0.2], [0.0, 0.0, 0.0, 1.0]]","[[-7.56237840682239e-08, -2.683584973721438e-07, -0.9999999999999613, 0.40000041122994373], [-1.0519096885406455e-07, 0.9999999999999585, -2.6835848941720404e-07, -0.3587685868541341], [0.9999999999999917, 1.0519094855977603e-07, -7.562381226788872e-08, -0.2000003024724148], [0.0, 0.0, 0.0, 1.0]]"
0.5583333333333333,-1.827905257519156,9.673381770530204,21.795615169847174,-90.6541502118578,-12.99098821173934,6.574320892193964,24.208357296039377,-1.8254542868241792,-9.6787238322348,-21.788897678798467,-90.6550176458824,12.984604546186318,6.573593050160535,-24.214238088914758,"[[2.220446049250313e-16, -0.0, -1.0, 0.4], [0.0, 1.0, -0.0, 0.358125], [1.0, 0.0, 2.220446049250313e-16, -0.2], [0.0, 0.0, 0.0, 1.0]]","[[-8.371063026091363e-08, 2.0325728669757804e-07, -0.9999999999999758, 0.4000002830901568], [5.5258239980161444e-08, 0.9999999999999778, 2.0325728207187635e-07, 0.3581362399978583], [0.9999999999999949, -5.525822296536495e-08, -8.371064136314388e-08, -0.20000019644333883], [0.0, 0.0, 0.0, 1.0]]","[[2.220446049250313e-16, -0.0, -1.0, 0.4], [0.0, 1.0, -0.0, -0.358125], [1.0, 0.0, 2.220446049250313e-16, -0.2], [0.0, 0.0, 0.0, 1.0]]","[[-1.1787315151723377e-07, -3.7271088944006226e-07, -0.9999999999999235, 0.4000005739495034], [-1.3604095557684293e-07, 0.9999999999999214, -3.727108734044853e-07, -0.3581557116576914], [0.9999999999999837, 1.3604091164422728e-07, -1.1787320214340369e-07, -0.2000004172849297], [0.0, 0.0, 0.0, 1.0]]"
0.5666666666666667,-1.8298435371395585,9.613180483185712,21.734836731517817,-90.72713761332855,-12.926106537266097,6.638281771789726,24.163935453224905,-1.827396835312813,-9.61992956385933,-21.729514306607083,-90.72622236797977,12.92122722087777,6.636035066439614,-24.17082882164474,"[[2.220446049250313e-16, -0.0, -1.0, 0.4], [0.0, 1.0, -0.0, 0.35750000000000004], [1.0, 0.0, 2.220446049250313e-16, -0.2], [0.0, 0.0, 0.0, 1.0]]","[[-2.505521018436596e-08, 7.787808393755709e-08, -0.9999999999999966, 0.40000008823234673], [3.975314405435743e-09, 0.9999999999999969, 7.787808383795478e-08, 0.3575024887375837], [0.9999999999999997, -3.975312454183964e-09, -2.505521062845517e-08, -0.20000005968790402], [0.0, 0.0, 0.0, 1.0]]","[[2.220446049250313e-16, -0.0, -1.0, 0.4], [0.0, 1.0, -0.0, -0.35750000000000004], [1.0, 0.0, 2.220446049250313e-16, -0.2], [0.0, 0.0, 0.0, 1.0]]","[[-9.629966307711513e-08, -2.650746367488048e-07, -0.9999999999999604, 0.4000004050544957], [-9.22392611860696e-08, 0.9999999999999607, -2.6507462786619514e-07, -0.3575185881518633], [0.9999999999999912, 9.223923565946858e-08, -9.629968750202167e-08, -0.20000029108295955], [0.0, 0.0, 0.0, 1.0]]"
0.575,-1.8318893922393888,9.553700634572301,21.67463373662603,-90.7989433920729,-12.86187031566942,6.701340212641399,24.119802185902866,-1.829448666828167,-9.55933127176933,-21.66819286823871,-90.79945565626065,12.855788032213523,6.700327210210122,-24.125877639169595,"[[2.220446049250313e-16, -0.0, -1.0, 0.4], [0.0, 1.0, -0.0, 0.356875], [1.0, 0.0, 2.220446049250313e-16, -0.2], [0.0, 0.0, 0.0, 1.0]]","[[-2.5676474946223493e-08, 1.807226729319532e-07, -0.9999999999999836, 0.40000028178756397], [7.705076611440495e-08, 0.9999999999999809, 1.8072267095356065e-07, 0.3568862487267819], [0.9999999999999969, -7.705076147408254e-08, -2.5676488935033603e-08, -0.20000021499814924], [0.0, 0.0, 0.0, 1.0]]","[[2.220446049250313e-16, -0.0, -1.0, 0.4], [0.0, 1.0, -0.0, -0.356875], [1.0, 0.0, 2.220446049250313e-16, -0.2], [0.0, 0.0, 0.0, 1.0]]","[[-4.215002291640957e-08, -1.6555366014186456e-07, -0.9999999999999856, 0.40000027995147297], [-6.454427780480913e-08, 0.9999999999999843, -1.6555365742132155e-07, -0.35688625743149754], [0.9999999999999971, 6.454427082671771e-08, -4.215003379659521e-08, -0.2000002081592274], [0.0, 0.0, 0.0, 1.0]]"
0.5833333333333334,-1.8340387673938274,9.494940517142682,21.61501472290828,-90.86958803865834,-12.79828381581754,6.763499202956747,24.07596261671514,-1.8316085007097722,-9.500302215641142,-21.608297231859574,-90.87044181230459,12.791905272906394,6.762790570830358,-24.081831456759474,"[[2.220446049250313e-16, -0.0, -1.0, 0.4], [0.0, 1.0, -0.0, 0.35625], [1.0, 0.0, 2.220446049250313e-16, -0.2], [0.0, 0.0, 0.0, 1.0]]","[[-5.978557809926954e-08, 1.8190539074107638e-07, -0.9999999999999819, 0.4000002787591412], [7.681824293659506e-08, 0.9999999999999809, 1.8190538614845312e-07, 0.3562612509725799], [0.9999999999999954, -7.681823206127497e-08, -5.978559208807965e-08, -0.2000002020225036], [0.0, 0.0, 0.0, 1.0]]","[[2.220446049250313e-16, -0.0, -1.0, 0.4], [0.0, 1.0, -0.0, -0.35625], [1.0, 0.0, 2.220446049250313e-16, -0.2], [0.0, 0.0, 0.0, 1.0]]","[[-1.2969780111005136e-07, -5.015045444029381e-07, -0.9999999999998662, 0.40000077157571545], [-2.281067556406444e-07, 0.9999999999998486, -5.015045148179846e-07, -0.3563007492104031], [0.9999999999999659, 2.2810669059658106e-07, -1.296979154630229e-07, -0.20000057128568635], [0.0, 0.0, 0.0, 1.0]]"
0.5916666666666667,-1.836297852461809,9.435500795890645,21.554577794037424,-90.94083374189074,-12.73383841967753,6.826279740486565,24.031395632380807,-1.8338688664382232,-9.441568565194556,-21.548560397378644,-90.94080642113407,12.728217173990611,6.8248197875514744,-24.037776736612894,"[[2.220446049250313e-16, -0.0, -1.0, 0.4], [0.0, 1.0, -0.0, 0.355625], [1.0, 0.0, 2.220446049250313e-16, -0.2], [0.0, 0.0, 0.0, 1.0]]","[[-2.2622616613343638e-08, 1.6789587847593703e-07, -0.9999999999999857, 0.4000002776982082], [8.25019744254927e-08, 0.9999999999999825, 1.6789587660952595e-07, 0.3556362511501719], [0.9999999999999963, -8.250197062724744e-08, -2.2622630602153748e-08, -0.200000214581147], [0.0, 0.0, 0.0, 1.0]]","[[2.220446049250313e-16, -0.0, -1.0, 0.4], [0.0, 1.0, -0.0, -0.355625], [1.0, 0.0, 2.220446049250313e-16, -0.2], [0.0, 0.0, 0.0, 1.0]]","[[-1.0340709388767522e-07, -3.7087007572499603e-07, -0.999999999999926, 0.4000005610105722], [-1.505041561465058e-07, 0.99999999999992, -3.708700601617964e-07, -0.35565571257613443], [0.9999999999999835, 1.505041177958995e-07, -1.0340714962087105e-07, -0.20000041158546789], [0.0, 0.0, 0.0, 1.0]]"
0.6,-1.8386707028681537,9.37538232458984,21.493321242466166,-91.01266684139176,-12.668533273475747,6.889675421928508,23.986092695163407,-1.8362489739205612,-9.381032598580733,-21.486880374078844,-91.01317227539035,12.662456966435373,6.888683763838387,-23.992157903146378,"[[2.220446049250313e-16, -0.0, -1.0, 0.4], [0.0, 1.0, -0.0, 0.35500000000000004], [1.0, 0.0, 2.220446049250313e-16, -0.2], [0.0, 0.0, 0.0, 1.0]]","[[1.5977820733148462e-08, 5.8987862074167926e-08, -0.9999999999999983, 0.4000001282329493], [4.6977741754076665e-08, 0.9999999999999974, 5.8987862824769805e-08, 0.3550041293732294], [0.999999999999999, -4.6977742696574084e-08, 1.59778179575909e-08, -0.20000010914854102], [0.0, 0.0, 0.0, 1.0]]","[[2.220446049250313e-16, -0.0, -1.0, 0.4], [0.0, 1.0, -0.0, -0.35500000000000004], [1.0, 0.0, 2.220446049250313e-16, -0.2], [0.0, 0.0, 0.0, 1.0]]","[[-7.354495656919369e-08, -1.900429645526721e-07, -0.9999999999999795, 0.40000027533670435], [-4.735473792951429e-08, 0.9999999999999811, -1.9004296106997026e-07, -0.35501124457900046], [0.9999999999999963, 4.7354723952812e-08, -7.354496545097788e-08, -0.20000019437002017], [0.0, 0.0, 0.0, 1.0]]"
0.6083333333333333,-1.84113661460194,9.316681971315457,21.433352181553452,-91.0824713747093,-12.604633438695693,6.951419051364954,23.941609380646405,-1.8387270519288064,-9.322062452834135,-21.426632982957454,-91.08331148797721,12.59826087220007,6.950729629145606,-23.947464560312397,"[[2.220446049250313e-16, -0.0, -1.0, 0.4], [0.0, 1.0, -0.0, 0.354375], [1.0, 0.0, 2.220446049250313e-16, -0.2], [0.0, 0.0, 0.0, 1.0]]","[[-9.504697218165603e-08, 2.6693666675834077e-07, -0.99999999999996, 0.40000039244555835], [1.0513459751781239e-07, 0.999999999999959, 2.669366567656153e-07, 0.35439357876765076], [0.9999999999999902, -1.0513457214628717e-07, -9.504700038132086e-08, -0.20000028201360276], [0.0, 0.0, 0.0, 1.0]]","[[2.220446049250313e-16, -0.0, -1.0, 0.4], [0.0, 1.0, -0.0, -0.354375], [1.0, 0.0, 2.220446049250313e-16, -0.2], [0.0, 0.0, 0.0, 1.0]]","[[-9.251982224789401e-08, -2.826108696980967e-07, -0.9999999999999558, 0.40000039345987637], [-1.0118246863166564e-07, 0.9999999999999549, -2.8261086033671244e-07, -0.35439357819828154], [0.9999999999999907, 1.011824424845546e-07, -9.251985089164805e-08, -0.20000027967383766], [0.0, 0.0, 0.0, 1.0]]"
0.6166666666666667,-1.843715864787266,9.25730201421866,21.37256349794034,-91.15286330429545,-12.539873000080217,7.013776970939878,23.896390113246337,-1.8413133457467141,-9.262688472152862,-21.36584429934434,-91.15369658737418,12.533501287358241,7.013093525136053,-23.902241877817744,"[[2.220446049250313e-16, -0.0, -1.0, 0.4], [0.0, 1.0, -0.0, 0.35375], [1.0, 0.0, 2.220446049250313e-16, -0.2], [0.0, 0.0, 0.0, 1.0]]","[[-3.5399655817780484e-08, 9.27950954079864e-08, -0.9999999999999951, 0.40000012639369925], [2.5816666480110886e-08, 0.9999999999999953, 9.279509449408532e-08, 0.353754112766637], [0.9999999999999991, -2.581666319519634e-08, -3.539965826027114e-08, -0.20000009019148482], [0.0, 0.0, 0.0, 1.0]]","[[2.220446049250313e-16, -0.0, -1.0, 0.4], [0.0, 1.0, -0.0, -0.35375], [1.0, 0.0, 2.220446049250313e-16, -0.2], [0.0, 0.0, 0.0, 1.0]]","[[-1.1652564080311123e-08, -1.553157980551931e-07, -0.9999999999999881, 0.4000002735415073], [-8.711023118310243e-08, 0.9999999999999845, -1.55315797040135e-07, -0.3537612565799503], [0.9999999999999963, 8.71102293732741e-08, -1.1652577625032023e-08, -0.20000021524062825], [0.0, 0.0, 0.0, 1.0]]"
0.625,-1.8464125088489516,9.19724330707309,21.31095177653224,-91.22382896977189,-12.474245981213794,7.076743204237756,23.85042806277403,-1.84400593438358,-9.20333412826545,-21.304939502515335,-91.2238016490152,12.468635834584276,7.075315694701223,-23.85680233681694,"[[2.220446049250313e-16, -0.0, -1.0, 0.4], [0.0, 1.0, -0.0, 0.353125], [1.0, 0.0, 2.220446049250313e-16, -0.2], [0.0, 0.0, 0.0, 1.0]]","[[-8.292439346302416e-09, 1.7602554079546523e-07, -0.9999999999999846, 0.40000027244449604], [7.59167484650791e-08, 0.9999999999999818, 1.7602554016592972e-07, 0.35313624958637274], [0.9999999999999972, -7.591674700539683e-08, -8.292452668978711e-09, -0.20000021406108845], [0.0, 0.0, 0.0, 1.0]]","[[2.220446049250313e-16, -0.0, -1.0, 0.4], [0.0, 1.0, -0.0, -0.353125], [1.0, 0.0, 2.220446049250313e-16, -0.2], [0.0, 0.0, 0.0, 1.0]]","[[-1.9265157208403494e-07, -5.269773228919057e-07, -0.9999999999998426, 0.4000007452106598], [-2.0320614040770439e-07, 0.9999999999998406, -5.269772837439222e-07, -0.35317573497714794], [0.9999999999999607, 2.0320603888467028e-07, -1.926516791095345e-07, -0.20000052518583655], [0.0, 0.0, 0.0, 1.0]]"
0.6333333333333333,-1.8491663557449363,9.139753604829094,21.251814291150975,-91.29139320104164,-12.411292127633788,7.136835635442351,23.806180389783393,-1.846764903921442,-9.145850402436977,-21.24580201713407,-91.29136588028497,12.405684542325208,7.135416236755457,-23.812552956279013,"[[2.220446049250313e-16, -0.0, -1.0, 0.4], [0.0, 1.0, -0.0, 0.35250000000000004], [1.0, 0.0, 2.220446049250313e-16, -0.2], [0.0, 0.0, 0.0, 1.0]]","[[-7.676640678688784e-08, 1.8521212307204643e-07, -0.9999999999999798, 0.40000026765766333], [6.559669628796179e-08, 0.9999999999999807, 1.852121180364239e-07, 0.35251124282472646], [0.9999999999999949, -6.559668206989168e-08, -7.676641899934111e-08, -0.20000018696771765], [0.0, 0.0, 0.0, 1.0]]","[[2.220446049250313e-16, -0.0, -1.0, 0.4], [0.0, 1.0, -0.0, -0.35250000000000004], [1.0, 0.0, 2.220446049250313e-16, -0.2], [0.0, 0.0, 0.0, 1.0]]","[[-1.505137299240289e-07, -3.765856126361438e-07, -0.9999999999999178, 0.4000005412592124], [-1.4342083909986645e-07, 0.999999999999919, -3.7658559104933867e-07, -0.35253070373628476], [0.9999999999999785, 1.434207824185527e-07, -1.505137838808679e-07, -0.20000037853416744], [0.0, 0.0, 0.0, 1.0]]"
0.6416666666666666,-1.852104617748511,9.078579015527875,21.188793843226563,-91.36319214959683,-12.34419064168029,7.200744007958868,23.758901820348566,-1.8497091423405407,-9.084682643324927,-21.18278156920966,-91.36316482884014,12.33858732523994,7.199332720121614,-23.765272679296892,"[[2.220446049250313e-16, -0.0, -1.0, 0.4], [0.0, 1.0, -0.0, 0.351875], [1.0, 0.0, 2.220446049250313e-16, -0.2], [0.0, 0.0, 0.0, 1.0]]","[[-4.0397294898131264e-08, 1.200799937414743e-07, -0.9999999999999921, 0.4000001823203249], [3.9674039920754054e-08, 0.9999999999999922, 1.200799921387504e-07, 0.3518818074640123], [0.9999999999999986, -3.967403506984687e-08, -4.039729978311257e-08, -0.20000013160470048], [0.0, 0.0, 0.0, 1.0]]","[[2.220446049250313e-16, -0.0, -1.0, 0.4], [0.0, 1.0, -0.0, -0.351875], [1.0, 0.0, 2.220446049250313e-16, -0.2], [0.0, 0.0, 0.0, 1.0]]","[[-1.1328863308568415e-07, -2.664478594515474e-07, -0.9999999999999581, 0.4000003813108128], [-9.575872788628617e-08, 0.9999999999999598, -2.664478486031725e-07, -0.35189358213536137], [0.999999999999989, 9.57586977007696e-08, -1.1328865862081372e-07, -0.20000026439001162], [0.0, 0.0, 0.0, 1.0]]"
0.65,-1.855094106170861,9.01997257735458,21.128252753970862,-91.4315964941345,-12.279767443655084,7.261784554797625,23.713349581226456,-1.8527043937350027,-9.026081327793511,-21.12224218750125,-91.43156917337782,12.274165834762027,7.260380950923188,-23.719720440174786,"[[2.220446049250313e-16, -0.0, -1.0, 0.4], [0.0, 1.0, -0.0, 0.35125], [1.0, 0.0, 2.220446049250313e-16, -0.2], [0.0, 0.0, 0.0, 1.0]]","[[1.552841832896945e-08, 5.6220398425957475e-08, -0.9999999999999986, 0.40000012426302645], [2.851957923610362e-08, 0.9999999999999982, 5.6220398868821425e-08, 0.35125412966283176], [0.9999999999999997, -2.851958010911745e-08, 1.5528416774657217e-08, -0.20000010447068517], [0.0, 0.0, 0.0, 1.0]]","[[2.220446049250313e-16, -0.0, -1.0, 0.4], [0.0, 1.0, -0.0, -0.35125], [1.0, 0.0, 2.220446049250313e-16, -0.2], [0.0, 0.0, 0.0, 1.0]]","[[-1.3562337303207883e-07, -3.8284336913291413e-07, -0.9999999999999177, 0.4000005355194287], [-1.617025736673244e-07, 0.9999999999999138, -3.828433472022642e-07, -0.3512806991166251], [0.9999999999999779, 1.6170252174480492e-07, -1.356234349825236e-07, -0.20000037649593014], [0.0, 0.0, 0.0, 1.0]]"
0.6583333333333333,-1.8582195580463765,8.959989002289882,21.066174872151908,-91.50141468783038,-12.213709269097304,7.324170648902876,23.666513266540388,-1.855835395139219,-8.966103729144336,-21.06016601322959,-91.50138736707369,12.208111075298833,7.3227755827649,-23.672880710394132,"[[2.220446049250313e-16, -0.0, -1.0, 0.4], [0.0, 1.0, -0.0, 0.350625], [1.0, 0.0, 2.220446049250313e-16, -0.2], [0.0, 0.0, 0.0, 1.0]]","[[-7.647213629002891e-08, 2.6540427428006755e-07, -0.9999999999999619, 0.40000037951569933], [1.1868931454709663e-07, 0.9999999999999579, 2.65404265203641e-07, 0.3506435781212584], [0.9999999999999901, -1.1868929425106097e-07, -7.647216782036281e-08, -0.20000027322321298], [0.0, 0.0, 0.0, 1.0]]","[[2.220446049250313e-16, -0.0, -1.0, 0.4], [0.0, 1.0, -0.0, -0.350625], [1.0, 0.0, 2.220446049250313e-16, -0.2], [0.0, 0.0, 0.0, 1.0]]","[[-7.689642311792255e-08, -2.7647810521431274e-07, -0.9999999999999589, 0.4000003796565858], [-1.1348222137315357e-07, 0.9999999999999555, -2.764780964879349e-07, -0.3506435750601937], [0.9999999999999907, 1.134822001129722e-07, -7.689645442621185e-08, -0.2000002771940536], [0.0, 0.0, 0.0, 1.0]]"
0.6666666666666666,-1.8614171537950004,8.90141842260973,21.00541009420089,-91.5692589568561,-12.149074335207828,7.384926035343785,23.620535848142445,-1.8590564696631147,-8.906842446584367,-20.99868577296301,-91.57007174936734,12.142712867769607,7.384280582467219,-23.626361999504468,"[[2.220446049250313e-16, -0.0, -1.0, 0.4], [0.0, 1.0, -0.0, 0.35000000000000003], [1.0, 0.0, 2.220446049250313e-16, -0.2], [0.0, 0.0, 0.0, 1.0]]","[[-9.925456206927308e-08, 2.6622468094243543e-07, -0.9999999999999599, 0.4000003759329316], [1.1779983142580921e-07, 0.9999999999999578, 2.6622466925026426e-07, 0.3500185789159325], [0.9999999999999883, -1.1779980500179153e-07, -9.925459337756237e-08, -0.200000264741647], [0.0, 0.0, 0.0, 1.0]]","[[2.220446049250313e-16, -0.0, -1.0, 0.4], [0.0, 1.0, -0.0, -0.35000000000000003], [1.0, 0.0, 2.220446049250313e-16, -0.2], [0.0, 0.0, 0.0, 1.0]]","[[-1.4003319592781338e-07, -3.798486921537529e-07, -0.9999999999999183, 0.4000005282073842], [-1.5011805137576589e-07, 0.999999999999917, -3.798486711322418e-07, -0.35003069990562846], [0.9999999999999791, 1.501179981843302e-07, -1.4003325299327685e-07, -0.2000003706830245], [0.0, 0.0, 0.0, 1.0]]"
0.675,-1.8647556221952557,8.84147155981182,20.943099985950155,-91.6385034146617,-12.082799302143902,7.447019285088372,23.573262401349496,-1.8623964321672508,-8.846920343222198,-20.936399570374373,-91.63930254679458,12.076461740367776,7.4463644407016965,-23.579102213089858,"[[2.220446049250313e-16, -0.0, -1.0, 0.4], [0.0, 1.0, -0.0, 0.349375], [1.0, 0.0, 2.220446049250313e-16, -0.2], [0.0, 0.0, 0.0, 1.0]]","[[-2.187687758725687e-08, 9.234114836451895e-08, -0.9999999999999957, 0.40000012110282485], [2.26017237956049e-08, 0.9999999999999956, 9.23411478700638e-08, 0.3493791163755613], [0.9999999999999997, -2.2601721775468808e-08, -2.187687980770292e-08, -0.200000086018095], [0.0, 0.0, 0.0, 1.0]]","[[2.220446049250313e-16, -0.0, -1.0, 0.4], [0.0, 1.0, -0.0, -0.349375], [1.0, 0.0, 2.220446049250313e-16, -0.2], [0.0, 0.0, 0.0, 1.0]]","[[-1.7590194800742864e-08, -1.0467171075061916e-07, -0.9999999999999946, 0.4000001786393749], [-4.676810502051114e-08, 0.9999999999999936, -1.0467170992795898e-07, -0.3493818130627883], [0.999999999999999, 4.676810317931511e-08, -1.7590199685724173e-08, -0.20000013755173138], [0.0, 0.0, 0.0, 1.0]]"
0.6833333333333333,-1.868180962064017,8.782238451782177,20.881392641893676,-91.7066277214434,-12.017182528561236,7.508225464014502,23.52631338854212,-1.865814088073196,-8.788371107883203,-20.87538549051865,-91.70660040068672,12.011593726272872,7.506855157312268,-23.53267741730128,"[[2.220446049250313e-16, -0.0, -1.0, 0.4], [0.0, 1.0, -0.0, 0.34875], [1.0, 0.0, 2.220446049250313e-16, -0.2], [0.0, 0.0, 0.0, 1.0]]","[[-1.0505398440052716e-07, 2.0733754541898574e-07, -0.9999999999999731, 0.40000025802409345], [5.0751139376995456e-08, 0.9999999999999774, 2.0733754008737722e-07, 0.3487612324731584], [0.9999999999999933, -5.07511175953594e-08, -1.0505399483662359e-07, -0.20000016904069026], [0.0, 0.0, 0.0, 1.0]]","[[2.220446049250313e-16, -0.0, -1.0, 0.4], [0.0, 1.0, -0.0, -0.34875], [1.0, 0.0, 2.220446049250313e-16, -0.2], [0.0, 0.0, 0.0, 1.0]]","[[-1.3071049242974198e-07, -3.863760466119132e-07, -0.9999999999999168, 0.40000052349544946], [-1.398986930860255e-07, 0.9999999999999156, -3.8637602832568564e-07, -0.3487806945758565], [0.9999999999999817, 1.3989864258261292e-07, -1.3071054660862558e-07, -0.2000003693773522], [0.0, 0.0, 0.0, 1.0]]"
0.6916666666666667,-1.8716891179764648,8.723719952294447,20.820291477126034,-91.77363187720123,-11.952229990875352,7.568549694764054,23.479699055004076,-1.8693277935143444,-8.72985773103735,-20.8142860332983,-91.77360455644455,11.94664374990793,7.567187925798283,-23.486061376215943,"[[2.220446049250313e-16, -0.0, -1.0, 0.4], [0.0, 1.0, -0.0, 0.348125], [1.0, 0.0, 2.220446049250313e-16, -0.2], [0.0, 0.0, 0.0, 1.0]]","[[-4.812194348557952e-08, 1.2346544916375253e-07, -0.9999999999999912, 0.40000017603355936], [5.351351303904964e-08, 0.9999999999999909, 1.2346544658857826e-07, 0.3481318041347264], [0.9999999999999974, -5.3513507097651944e-08, -4.8121949924873064e-08, -0.2000001209992894], [0.0, 0.0, 0.0, 1.0]]","[[2.220446049250313e-16, -0.0, -1.0, 0.4], [0.0, 1.0, -0.0, -0.348125], [1.0, 0.0, 2.220446049250313e-16, -0.2], [0.0, 0.0, 0.0, 1.0]]","[[-8.967845949170439e-08, -3.52724131105861e-07, -0.9999999999999338, 0.4000005210488169], [-1.4514529678339786e-07, 0.9999999999999272, -3.5272411808945214e-07, -0.3481557054344034], [0.9999999999999856, 1.4514526515163274e-07, -8.967851056196352e-08, -0.2000003792359166], [0.0, 0.0, 0.0, 1.0]]"
0.7,-1.875322138284677,8.664520995210655,20.758360444374237,-91.84118927828182,-11.886399773881124,7.629465590650459,23.43232486292087,-1.8730020084009882,-8.669547160666138,-20.751198991029476,-91.8424938444133,11.879577268673927,7.629291420826624,-23.43780267463522,"[[2.220446049250313e-16, -0.0, -1.0, 0.4], [0.0, 1.0, -0.0, 0.34750000000000003], [1.0, 0.0, 2.220446049250313e-16, -0.2], [0.0, 0.0, 0.0, 1.0]]","[[-2.7915327660554823e-08, 1.14650910210359e-07, -0.999999999999993, 0.40000017469249727], [5.386354764910312e-08, 0.999999999999992, 1.1465090870674028e-07, 0.3475068077892998], [0.9999999999999981, -5.386354444858507e-08, -2.791533387780376e-08, -0.200000128283328], [0.0, 0.0, 0.0, 1.0]]","[[2.220446049250313e-16, -0.0, -1.0, 0.4], [0.0, 1.0, -0.0, -0.34750000000000003], [1.0, 0.0, 2.220446049250313e-16, -0.2], [0.0, 0.0, 0.0, 1.0]]","[[-1.7881078673287476e-08, -1.3111027441577833e-07, -0.9999999999999915, 0.4000001766746025], [-5.371397481037748e-08, 0.9999999999999902, -1.3111027345531435e-07, -0.34750680178496085], [0.9999999999999986, 5.3713972465983905e-08, -1.788108555667023e-08, -0.2000001348664888], [0.0, 0.0, 0.0, 1.0]]"
0.7083333333333334,-1.8790842918568846,8.604642434304445,20.695596128543695,-91.90928626430686,-11.819687608710318,7.690966321484547,23.384183982103323,-1.8767349202258117,-8.610793019652041,-20.689590684715963,-91.90925894355017,11.814107344158417,7.689619920444408,-23.390542888220608,"[[2.220446049250313e-16, -0.0, -1.0, 0.4], [0.0, 1.0, -0.0, 0.346875], [1.0, 0.0, 2.220446049250313e-16, -0.2], [0.0, 0.0, 0.0, 1.0]]","[[-4.250288127005675e-08, 1.7603552749478507e-07, -0.9999999999999838, 0.40000025424063773], [8.683213574284099e-08, 0.9999999999999809, 1.760355238041686e-07, 0.3468862431288656], [0.9999999999999956, -8.683212826082257e-08, -4.250289659113449e-08, -0.2000001862624477], [0.0, 0.0, 0.0, 1.0]]","[[2.220446049250313e-16, -0.0, -1.0, 0.4], [0.0, 1.0, -0.0, -0.346875], [1.0, 0.0, 2.220446049250313e-16, -0.2], [0.0, 0.0, 0.0, 1.0]]","[[-1.7274366309605327e-07, -3.8498784635672346e-07, -0.999999999999911, 0.4000005116670203], [-1.3454414796027415e-07, 0.9999999999999167, -3.8498782311507673e-07, -0.34690569196737203], [0.999999999999976, 1.345440814560554e-07, -1.7274371483244622e-07, -0.20000034472616188], [0.0, 0.0, 0.0, 1.0]]"
0.7166666666666667,-1.882927127038663,8.545477628166502,20.63343969954929,-91.97627675968634,-11.753639679436294,7.751585104142056,23.336379488102406,-1.8805574782834917,-8.55232916167767,-20.628158255773574,-91.97542981622925,11.748836348902483,7.749516410597188,-23.343291639542457,"[[2.220446049250313e-16, -0.0, -1.0, 0.4], [0.0, 1.0, -0.0, 0.34625], [1.0, 0.0, 2.220446049250313e-16, -0.2], [0.0, 0.0, 0.0, 1.0]]","[[-2.4482048888163632e-08, 1.308517411853627e-07, -0.9999999999999913, 0.4000001745419362], [4.8157940936661865e-08, 0.9999999999999905, 1.308517400063575e-07, 0.34625679944197835], [0.9999999999999987, -4.8157937733142747e-08, -2.448205510541257e-08, -0.20000012928229005], [0.0, 0.0, 0.0, 1.0]]","[[2.220446049250313e-16, -0.0, -1.0, 0.4], [0.0, 1.0, -0.0, -0.34625], [1.0, 0.0, 2.220446049250313e-16, -0.2], [0.0, 0.0, 0.0, 1.0]]","[[-1.9085649100025748e-07, -5.336722349139883e-07, -0.9999999999998396, 0.4000006976155998], [-2.112453358725667e-07, 0.9999999999998355, -5.336721945964426e-07, -0.34630071617453173], [0.9999999999999597, 2.1124523401773037e-07, -1.9085660379891678e-07, -0.2000004832359817], [0.0, 0.0, 0.0, 1.0]]"
0.725,-1.8868739091618725,8.486328189954191,20.571172279980868,-92.04298038712068,-11.687483320909196,7.812055330185117,23.288361550689924,-1.8845505776270104,-8.492068963951587,-20.564733119140836,-92.04345167017341,11.68143945726738,7.811168259366663,-23.294380654895996,"[[2.220446049250313e-16, -0.0, -1.0, 0.4], [0.0, 1.0, -0.0, 0.345625], [1.0, 0.0, 2.220446049250313e-16, -0.2], [0.0, 0.0, 0.0, 1.0]]","[[-3.937863868319624e-08, 1.3173048304660278e-07, -0.9999999999999906, 0.4000001721176066], [3.934348361289224e-08, 0.9999999999999906, 1.3173048149730996e-07, 0.34563180055260734], [0.9999999999999986, -3.934347842552484e-08, -3.9378643790222156e-08, -0.20000012154765134], [0.0, 0.0, 0.0, 1.0]]","[[2.220446049250313e-16, -0.0, -1.0, 0.4], [0.0, 1.0, -0.0, -0.345625], [1.0, 0.0, 2.220446049250313e-16, -0.2], [0.0, 0.0, 0.0, 1.0]]","[[-5.171167122286491e-08, -1.853248214399526e-07, -0.9999999999999815, 0.40000025054246563], [-7.839752524896795e-08, 0.9999999999999798, -1.8532481738588526e-07, -0.34563624145347616], [0.9999999999999954, 7.83975156655105e-08, -5.171168565576423e-08, -0.20000018106222398], [0.0, 0.0, 0.0, 1.0]]"
0.7333333333333333,-1.8909244247831016,8.42719497344116,20.508795577385726,-92.10940397679906,-11.621217679355379,7.872376999613731,23.24013016986588,-1.888592555511777,-8.433362634261682,-20.502793548652576,-92.10937665604237,11.615646806313586,7.871055358009334,-23.246483953341283,"[[2.220446049250313e-16, -0.0, -1.0, 0.4], [0.0, 1.0, -0.0, 0.34500000000000003], [1.0, 0.0, 2.220446049250313e-16, -0.2], [0.0, 0.0, 0.0, 1.0]]","[[-9.620250490671722e-08, 1.969916026057611e-07, -0.9999999999999759, 0.400000248221264], [8.019541694161763e-08, 0.9999999999999774, 1.9699159489076137e-07, 0.3450112334490682], [0.9999999999999921, -8.019539799053079e-08, -9.620252089392878e-08, -0.20000016335768692], [0.0, 0.0, 0.0, 1.0]]","[[2.220446049250313e-16, -0.0, -1.0, 0.4], [0.0, 1.0, -0.0, -0.34500000000000003], [1.0, 0.0, 2.220446049250313e-16, -0.2], [0.0, 0.0, 0.0, 1.0]]","[[-1.2508257385412946e-07, -5.19688061759433e-07, -0.9999999999998571, 0.40000069187538945], [-2.2964072263073454e-07, 0.9999999999998386, -5.196880330353707e-07, -0.3450507215108719], [0.9999999999999657, 2.29640657626785e-07, -1.250826930920823e-07, -0.20000049752656776], [0.0, 0.0, 0.0, 1.0]]"
0.7416666666666667,-1.8950481514944968,8.368773804149102,20.447035299363176,-92.17472790602106,-11.555622250113869,7.931824404828584,23.192248836236796,-1.8927220451952844,-8.3749465876115,-20.44103327063003,-92.17470058526438,11.550053938393017,7.930510447187003,-23.1986026197122,"[[2.220446049250313e-16, -0.0, -1.0, 0.4], [0.0, 1.0, -0.0, 0.344375], [1.0, 0.0, 2.220446049250313e-16, -0.2], [0.0, 0.0, 0.0, 1.0]]","[[-6.020159981634521e-08, 1.8164492383645334e-07, -0.9999999999999818, 0.40000024831824715], [6.883828487517561e-08, 0.9999999999999812, 1.816449196922784e-07, 0.34438624067786505], [0.999999999999996, -6.883827393985959e-08, -6.020161247288769e-08, -0.20000017539230686], [0.0, 0.0, 0.0, 1.0]]","[[2.220446049250313e-16, -0.0, -1.0, 0.4], [0.0, 1.0, -0.0, -0.344375], [1.0, 0.0, 2.220446049250313e-16, -0.2], [0.0, 0.0, 0.0, 1.0]]","[[-1.3295065420804164e-07, -5.166813005246953e-07, -0.9999999999998578, 0.40000068823917656], [-2.2808402048418988e-07, 0.9999999999998406, -5.166812702007667e-07, -0.3444257275316062], [0.9999999999999653, 2.280839517910445e-07, -1.3295077211372686e-07, -0.2000004934094025], [0.0, 0.0, 0.0, 1.0]]"
0.75,-1.8993353758591491,8.308976351739286,20.383710908020696,-92.24139738250955,-11.488361108488522,7.992572107306677,23.143028785530394,-1.8970152459754606,-8.315155111617209,-20.37771058683484,-92.24137006175287,11.482795358088607,7.991265833627912,-23.149380861458503,"[[2.220446049250313e-16, -0.0, -1.0, 0.4], [0.0, 1.0, -0.0, 0.34375], [1.0, 0.0, 2.220446049250313e-16, -0.2], [0.0, 0.0, 0.0, 1.0]]","[[-2.5928142521891573e-08, 1.1869066092336442e-07, -0.9999999999999928, 0.400000168869647], [4.748022450473389e-08, 0.999999999999992, 1.1869065969229029e-07, 0.3437568046802727], [0.9999999999999988, -4.74802214273052e-08, -2.5928148073006696e-08, -0.20000012297780156], [0.0, 0.0, 0.0, 1.0]]","[[2.220446049250313e-16, -0.0, -1.0, 0.4], [0.0, 1.0, -0.0, -0.34375], [1.0, 0.0, 2.220446049250313e-16, -0.2], [0.0, 0.0, 0.0, 1.0]]","[[-8.1225663528528e-08, -2.705271714565604e-07, -0.9999999999999601, 0.40000035492095654], [-1.0638847865580414e-07, 0.9999999999999578, -2.7052716281508493e-07, -0.3437685737236509], [0.999999999999991, 1.0638845668205157e-07, -8.122569239432664e-08, -0.20000024808534334], [0.0, 0.0, 0.0, 1.0]]"
0.7583333333333333,-1.9036027499865262,8.25173253630541,20.3229410074278,-92.30484983989896,-11.423840580267642,8.050538215245282,23.095671668920108,-1.9013485741170104,-8.256769800818294,-20.315733450306144,-92.3061407456521,11.41698733920918,8.050425517123978,-23.101079471195465,"[[2.220446049250313e-16, -0.0, -1.0, 0.4], [0.0, 1.0, -0.0, 0.343125], [1.0, 0.0, 2.220446049250313e-16, -0.2], [0.0, 0.0, 0.0, 1.0]]","[[2.7904547561519166e-09, 1.773403972790174e-07, -0.9999999999999845, 0.4000002483254459], [9.114414815140107e-08, 0.9999999999999803, 1.7734039753335027e-07, 0.3431362422471744], [0.999999999999996, -9.114414864625999e-08, 2.7904386579180596e-09, -0.20000019681845782], [0.0, 0.0, 0.0, 1.0]]","[[2.220446049250313e-16, -0.0, -1.0, 0.4], [0.0, 1.0, -0.0, -0.343125], [1.0, 0.0, 2.220446049250313e-16, -0.2], [0.0, 0.0, 0.0, 1.0]]","[[-8.609096174838626e-08, -3.658173244284587e-07, -0.9999999999999295, 0.40000049597221576], [-1.7046011998170575e-07, 0.9999999999999187, -3.6581730975337906e-07, -0.34315569992207157], [0.9999999999999819, 1.7046008848812964e-07, -8.609102414292025e-08, -0.20000036008939004], [0.0, 0.0, 0.0, 1.0]]"
0.7666666666666666,-1.9081245486604863,8.191513319714346,20.25891993678998,-92.37145784468494,-11.355849462174751,8.111445573395226,23.04565077853352,-1.905850522553695,-8.197009060675267,-20.25218878536293,-92.37223648625032,11.349507631530393,8.110875252599529,-23.051429118571352,"[[2.220446049250313e-16, -0.0, -1.0, 0.4], [0.0, 1.0, -0.0, 0.3425], [1.0, 0.0, 2.220446049250313e-16, -0.2], [0.0, 0.0, 0.0, 1.0]]","[[-3.6677910542071146e-08, 1.1158485958115724e-07, -0.9999999999999933, 0.40000011270524], [3.1245887152285434e-08, 0.9999999999999936, 1.1158485843512341e-07, 0.34250410811063314], [0.9999999999999991, -3.124588305958576e-08, -3.6677914094784825e-08, -0.20000007220343538], [0.0, 0.0, 0.0, 1.0]]","[[2.220446049250313e-16, -0.0, -1.0, 0.4], [0.0, 1.0, -0.0, -0.3425], [1.0, 0.0, 2.220446049250313e-16, -0.2], [0.0, 0.0, 0.0, 1.0]]","[[-7.138176794097006e-08, -2.0597624382932535e-07, -0.9999999999999764, 0.4000002433865765], [-6.107368345189896e-08, 0.999999999999977, -2.05976239469778e-07, -0.34251123609285233], [0.9999999999999957, 6.107366874894939e-08, -7.138178037546794e-08, -0.20000016588745934], [0.0, 0.0, 0.0, 1.0]]"
0.775,-1.9126888225733474,8.13245608905583,20.195996819061236,-92.43647441539429,-11.289039113034624,8.17101762956243,22.996362425935416,-1.910441690336413,-8.137536896024674,-20.18882341288543,-92.43773117020157,11.282224291790245,8.170889563515493,-23.00178901123099,"[[2.220446049250313e-16, -0.0, -1.0, 0.4], [0.0, 1.0, -0.0, 0.34187500000000004], [1.0, 0.0, 2.220446049250313e-16, -0.2], [0.0, 0.0, 0.0, 1.0]]","[[-2.485211980651769e-09, 1.608868579181505e-07, -0.999999999999987, 0.40000024381502075], [7.375362654378443e-08, 0.9999999999999842, 1.6088685773485668e-07, 0.3418862473875738], [0.9999999999999972, -7.375362614394553e-08, -2.4852237490158302e-09, -0.20000019053899296], [0.0, 0.0, 0.0, 1.0]]","[[2.220446049250313e-16, -0.0, -1.0, 0.4], [0.0, 1.0, -0.0, -0.34187500000000004], [1.0, 0.0, 2.220446049250313e-16, -0.2], [0.0, 0.0, 0.0, 1.0]]","[[-6.835666205295965e-08, -2.73779305275563e-07, -0.9999999999999603, 0.4000003483817446], [-1.0921466540289885e-07, 0.9999999999999567, -2.73779297810012e-07, -0.3418935709121729], [0.9999999999999918, 1.0921464668825558e-07, -6.835669202898131e-08, -0.2000002492402056], [0.0, 0.0, 0.0, 1.0]]"
0.7833333333333333,-1.91735576276717,8.073414226322948,20.132966125853066,-92.5012041181585,-11.222120334641424,8.23043600647331,22.946860629925748,-1.915059751988988,-8.079615184315674,-20.126969219761794,-92.50117679740181,11.216565683298912,8.229163883740394,-22.953207583211984,"[[2.220446049250313e-16, -0.0, -1.0, 0.4], [0.0, 1.0, -0.0, 0.34125], [1.0, 0.0, 2.220446049250313e-16, -0.2], [0.0, 0.0, 0.0, 1.0]]","[[-7.436098675706049e-08, 2.0760137608000496e-07, -0.9999999999999759, 0.40000024018045066], [7.860117478756225e-08, 0.9999999999999756, 2.0760137023514397e-07, 0.34126123387665735], [0.9999999999999943, -7.86011593501176e-08, -7.436100296631665e-08, -0.200000163550132], [0.0, 0.0, 0.0, 1.0]]","[[2.220446049250313e-16, -0.0, -1.0, 0.4], [0.0, 1.0, -0.0, -0.34125], [1.0, 0.0, 2.220446049250313e-16, -0.2], [0.0, 0.0, 0.0, 1.0]]","[[-1.376705127675848e-07, -5.350909364224664e-07, -0.9999999999998473, 0.4000006659636042], [-2.3615464974508185e-07, 0.9999999999998288, -5.350909039109248e-07, -0.34130071328446404], [0.9999999999999626, 2.3615457607880668e-07, -1.37670639110965e-07, -0.20000046918861675], [0.0, 0.0, 0.0, 1.0]]"
0.7916666666666666,-1.9221629352823897,8.013691905994003,20.06909361182969,-92.56643925492129,-11.15430338637237,8.29041702021707,22.896569947066943,-1.919894031817476,-8.019478783768296,-20.06265274344237,-92.56689687759568,11.148277451977124,8.28958544468562,-22.90256514561092,"[[2.220446049250313e-16, -0.0, -1.0, 0.4], [0.0, 1.0, -0.0, 0.340625], [1.0, 0.0, 2.220446049250313e-16, -0.2], [0.0, 0.0, 0.0, 1.0]]","[[1.3373302742980542e-08, 1.202811671491829e-07, -0.9999999999999928, 0.40000016620290224], [4.365776338575566e-08, 0.9999999999999918, 1.2028116773303127e-07, 0.34063180452308306], [0.999999999999999, -4.3657764994311804e-08, 1.3373297413910024e-08, -0.20000013408083134], [0.0, 0.0, 0.0, 1.0]]","[[2.220446049250313e-16, -0.0, -1.0, 0.4], [0.0, 1.0, -0.0, -0.340625], [1.0, 0.0, 2.220446049250313e-16, -0.2], [0.0, 0.0, 0.0, 1.0]]","[[-9.371667336610656e-08, -3.8372003268962485e-07, -0.999999999999922, 0.400000484164191], [-1.7061964914755676e-07, 0.9999999999999118, -3.8372001669971497e-07, -0.3406556927443838], [0.999999999999981, 1.7061961318657997e-07, -9.371673886926501e-08, -0.20000034654628435], [0.0, 0.0, 0.0, 1.0]]"
0.8,-1.927035634924959,7.9546773640178,20.005846060115374,-92.63060205198438,-11.087162626831143,8.349528038615299,22.846646386876028,-1.9247517904212361,-7.960891128615219,-19.999850861571396,-92.63057473122771,11.0816148056778,8.348271283808016,-22.85298992506768,"[[2.220446049250313e-16, -0.0, -1.0, 0.4], [0.0, 1.0, -0.0, 0.34], [1.0, 0.0, 2.220446049250313e-16, -0.2], [0.0, 0.0, 0.0, 1.0]]","[[-6.122012430331836e-08, 1.0135571948370555e-07, -0.9999999999999932, 0.4000001083409866], [3.493530793968922e-08, 0.9999999999999944, 1.013557173449618e-07, 0.3400041087263564], [0.9999999999999977, -3.4935301734679375e-08, -6.122012785603204e-08, -0.20000006177010782], [0.0, 0.0, 0.0, 1.0]]","[[2.220446049250313e-16, -0.0, -1.0, 0.4], [0.0, 1.0, -0.0, -0.34], [1.0, 0.0, 2.220446049250313e-16, -0.2], [0.0, 0.0, 0.0, 1.0]]","[[-1.0227250452077286e-07, -2.860504864029122e-07, -0.9999999999999539, 0.4000003406734318], [-8.323613590036227e-08, 0.9999999999999558, -2.8605047789014463e-07, -0.3400185684031591], [0.9999999999999915, 8.323610664525962e-08, -1.0227252850159019e-07, -0.20000022849066468], [0.0, 0.0, 0.0, 1.0]]"
0.8083333333333333,-1.9320101470748439,7.895677336193584,19.94249264046892,-92.69447798110235,-11.019911730489552,8.40848623153085,22.796511090820843,-1.9297549039882704,-7.901476166798925,-19.936051772081598,-92.69492877358756,11.013889211188893,8.407669170151387,-22.802499459175653,"[[2.220446049250313e-16, -0.0, -1.0, 0.4], [0.0, 1.0, -0.0, 0.339375], [1.0, 0.0, 2.220446049250313e-16, -0.2], [0.0, 0.0, 0.0, 1.0]]","[[1.4202498177517953e-08, 5.2162943458044674e-08, -0.9999999999999987, 0.40000011052045636], [3.6858603924572125e-08, 0.999999999999998, 5.21629439815289e-08, 0.33937912746524795], [0.9999999999999993, -3.685860466541619e-08, 1.420249629013881e-08, -0.20000009187037085], [0.0, 0.0, 0.0, 1.0]]","[[2.220446049250313e-16, -0.0, -1.0, 0.4], [0.0, 1.0, -0.0, -0.339375], [1.0, 0.0, 2.220446049250313e-16, -0.2], [0.0, 0.0, 0.0, 1.0]]","[[-3.1533964994778785e-08, -1.349226598522933e-07, -0.9999999999999905, 0.40000016198650046], [-3.451784370238261e-08, 0.9999999999999905, -1.3492265876380878e-07, -0.33938179796125983], [0.9999999999999989, 3.451783944773588e-08, -3.153396965771549e-08, -0.2000001159099982], [0.0, 0.0, 0.0, 1.0]]"
0.8166666666666667,-1.937044209936555,7.83738508672211,19.879772720867987,-92.75729523089896,-10.953340437970375,8.466582113063685,22.7467531627173,-1.934772531707291,-7.843609096603284,-19.8737792298713,-92.75726791014228,10.947798593232557,8.46534157995568,-22.753093285814366,"[[2.220446049250313e-16, -0.0, -1.0, 0.4], [0.0, 1.0, -0.0, 0.33875], [1.0, 0.0, 2.220446049250313e-16, -0.2], [0.0, 0.0, 0.0, 1.0]]","[[-9.53803219183591e-08, 2.845238933301681e-07, -0.999999999999955, 0.4000003369268962], [1.1090246371616283e-07, 0.9999999999999536, 2.8452388275225495e-07, 0.33876856677198774], [0.9999999999999895, -1.1090243657817831e-07, -9.5380353448693e-08, -0.20000022816908172], [0.0, 0.0, 0.0, 1.0]]","[[2.220446049250313e-16, -0.0, -1.0, 0.4], [0.0, 1.0, -0.0, -0.33875], [1.0, 0.0, 2.220446049250313e-16, -0.2], [0.0, 0.0, 0.0, 1.0]]","[[-6.743296404598809e-08, -2.602539038702807e-07, -0.9999999999999639, 0.40000033689749004], [-1.0497528676671917e-07, 0.9999999999999607, -2.602538967914851e-07, -0.33876857522432574], [0.9999999999999923, 1.0497526921702372e-07, -6.743299135747449e-08, -0.2000002395126713], [0.0, 0.0, 0.0, 1.0]]"
0.825,-1.9422206395537784,7.778411525880927,19.816209272904555,-92.82061108450497,-10.885870121801698,8.525232947466584,22.696201225122742,-1.9399551511834496,-7.784642365951272,-19.810215781907868,-92.82058376374829,10.880330838384817,8.524000098321396,-22.702541348219807,"[[2.220446049250313e-16, -0.0, -1.0, 0.4], [0.0, 1.0, -0.0, 0.338125], [1.0, 0.0, 2.220446049250313e-16, -0.2], [0.0, 0.0, 0.0, 1.0]]","[[-6.472127833667685e-09, 1.8048839227216867e-07, -0.9999999999999838, 0.40000023634835924], [9.023864232983166e-08, 0.9999999999999797, 1.8048839168813188e-07, 0.3381362418512791], [0.999999999999996, -9.023864116168624e-08, -6.472144264968449e-09, -0.20000018100648093], [0.0, 0.0, 0.0, 1.0]]","[[2.220446049250313e-16, -0.0, -1.0, 0.4], [0.0, 1.0, -0.0, -0.338125], [1.0, 0.0, 2.220446049250313e-16, -0.2], [0.0, 0.0, 0.0, 1.0]]","[[-9.496042829848506e-08, -3.742082737451226e-07, -0.9999999999999256, 0.40000047243473696], [-1.500006036080896e-07, 0.9999999999999188, -3.7420825950099855e-07, -0.3381556985255784], [0.9999999999999845, 1.5000056807310187e-07, -9.49604842537255e-08, -0.20000033391262204], [0.0, 0.0, 0.0, 1.0]]"
0.8333333333333334,-1.9475428510210993,7.718758361217328,19.751798881484042,-92.88441871173123,-10.817494805567993,8.584431904550376,22.644848447848002,-1.9452389428366892,-7.725687588130307,-19.746548173559592,-92.88361957959835,10.812752092963064,8.582503229883494,-22.651779382308273,"[[2.220446049250313e-16, -0.0, -1.0, 0.4], [0.0, 1.0, -0.0, 0.3375], [1.0, 0.0, 2.220446049250313e-16, -0.2], [0.0, 0.0, 0.0, 1.0]]","[[-7.122008055526763e-08, 1.4688168700623618e-07, -0.9999999999999869, 0.4000001571877975], [3.086888217175987e-08, 0.9999999999999889, 1.468816848077522e-07, 0.33750679123303595], [0.9999999999999971, -3.0868871710834025e-08, -7.122008521820433e-08, -0.20000009726952092], [0.0, 0.0, 0.0, 1.0]]","[[2.220446049250313e-16, -0.0, -1.0, 0.4], [0.0, 1.0, -0.0, -0.3375], [1.0, 0.0, 2.220446049250313e-16, -0.2], [0.0, 0.0, 0.0, 1.0]]","[[-8.27000234404629e-08, -2.5785866627837747e-07, -0.9999999999999635, 0.40000033255606615], [-1.1994968211975378e-07, 0.9999999999999596, -2.578586563585349e-07, -0.33751857662951334], [0.9999999999999895, 1.1994966079483242e-07, -8.270005452670759e-08, -0.20000023008139053], [0.0, 0.0, 0.0, 1.0]]"
0.8416666666666667,-1.9528770153194677,7.660504531559936,19.688766480728578,-92.94639584825993,-10.750596517742302,8.642066748314237,22.59447068007728,-1.9506700104439072,-7.666053206486925,-19.682031914206945,-92.94714033887946,10.744269201249931,8.641551922805547,-22.60021316162197,"[[2.220446049250313e-16, -0.0, -1.0, 0.4], [0.0, 1.0, -0.0, 0.33687500000000004], [1.0, 0.0, 2.220446049250313e-16, -0.2], [0.0, 0.0, 0.0, 1.0]]","[[-5.348662507342894e-08, 2.704921232765946e-07, -0.9999999999999619, 0.40000033169781346], [1.220932674518495e-07, 0.9999999999999558, 2.7049211674623617e-07, 0.33689357265906167], [0.999999999999991, -1.2209325298413444e-07, -5.348665815807507e-08, -0.2000002378318576], [0.0, 0.0, 0.0, 1.0]]","[[2.220446049250313e-16, -0.0, -1.0, 0.4], [0.0, 1.0, -0.0, -0.33687500000000004], [1.0, 0.0, 2.220446049250313e-16, -0.2], [0.0, 0.0, 0.0, 1.0]]","[[-1.7188321749239677e-07, -5.403448290060559e-07, -0.9999999999998394, 0.4000006366666682], [-2.2116553040178664e-07, 0.9999999999998297, -5.403447909914078e-07, -0.3369257296613253], [0.9999999999999608, 2.2116543752554988e-07, -1.7188333695239422e-07, -0.20000043212484195], [0.0, 0.0, 0.0, 1.0]]"
0.85,-1.9583567480245219,7.601570244306481,19.624888844063328,-93.00886475840886,-10.682793229851585,8.700248860985345,22.543292072626375,-1.956110042674411,-7.607816452302457,-19.618897060613932,-93.00884426784135,10.677262484171168,8.699041625049546,-22.549628780628854,"[[2.220446049250313e-16, -0.0, -1.0, 0.4], [0.0, 1.0, -0.0, 0.33625000000000005], [1.0, 0.0, 2.220446049250313e-16, -0.2], [0.0, 0.0, 0.0, 1.0]]","[[1.660671367087474e-08, 1.251934605947381e-07, -0.9999999999999922, 0.40000015982577825], [4.654887173642036e-08, 0.9999999999999912, 1.2519346136776175e-07, 0.3362568061472102], [0.9999999999999989, -4.6548873815471955e-08, 1.6606707897715012e-08, -0.20000012918689036], [0.0, 0.0, 0.0, 1.0]]","[[2.220446049250313e-16, -0.0, -1.0, 0.4], [0.0, 1.0, -0.0, -0.33625000000000005], [1.0, 0.0, 2.220446049250313e-16, -0.2], [0.0, 0.0, 0.0, 1.0]]","[[-1.2677173016895082e-07, -2.97471524470731e-07, -0.9999999999999478, 0.4000003271681953], [-1.034078983830049e-07, 0.9999999999999505, -2.9747151136153357e-07, -0.33626856474908245], [0.9999999999999867, 1.0340786067202132e-07, -1.267717610331509e-07, -0.20000020877425007], [0.0, 0.0, 0.0, 1.0]]"
0.8583333333333333,-1.9639372260198338,7.54264876365772,19.56090533946594,-93.07105363080183,-10.614878951386856,8.758273879305541,22.491905144405784,-1.9616967105286582,-7.548900094295574,-19.55491526356384,-93.07102631004516,10.609351620801023,8.757074327332559,-22.498240144860972,"[[2.220446049250313e-16, -0.0, -1.0, 0.4], [0.0, 1.0, -0.0, 0.335625], [1.0, 0.0, 2.220446049250313e-16, -0.2], [0.0, 0.0, 0.0, 1.0]]","[[-6.802783447668048e-09, 1.617310408322035e-07, -0.9999999999999869, 0.400000229668414], [7.229007586887353e-08, 0.9999999999999842, 1.6173104034042934e-07, 0.33563624883587384], [0.9999999999999973, -7.229007476865135e-08, -6.802795216032109e-09, -0.200000174394439], [0.0, 0.0, 0.0, 1.0]]","[[2.220446049250313e-16, -0.0, -1.0, 0.4], [0.0, 1.0, -0.0, -0.335625], [1.0, 0.0, 2.220446049250313e-16, -0.2], [0.0, 0.0, 0.0, 1.0]]","[[-1.320272706717418e-07, -3.867808870879817e-07, -0.9999999999999165, 0.4000004584776885], [-1.740220020324813e-07, 0.9999999999999101, -3.8678086411232926e-07, -0.3356556862919713], [0.9999999999999762, 1.7402195096684496e-07, -1.320273379512571e-07, -0.20000030793055423], [0.0, 0.0, 0.0, 1.0]]"
0.8666666666666667,-1.969618235861992,7.48373838206636,19.496819382031003,-93.13295563524966,-10.546853682348114,8.816141803274828,22.4403116029628,-1.967434069431469,-7.489303278692628,-19.49008310796208,-93.13369329568002,10.540530634723975,8.815645760786357,-22.446043839223734,"[[2.220446049250313e-16, -0.0, -1.0, 0.4], [0.0, 1.0, -0.0, 0.335], [1.0, 0.0, 2.220446049250313e-16, -0.2], [0.0, 0.0, 0.0, 1.0]]","[[-1.3189081882192255e-08, 1.7425407091906887e-07, -0.9999999999999848, 0.40000022830727244], [9.072718270168805e-08, 0.9999999999999809, 1.7425406972245992e-07, 0.33501124353212175], [0.9999999999999959, -9.072718040343546e-08, -1.3189097647359205e-08, -0.20000017153884198], [0.0, 0.0, 0.0, 1.0]]","[[2.220446049250313e-16, -0.0, -1.0, 0.4], [0.0, 1.0, -0.0, -0.335], [1.0, 0.0, 2.220446049250313e-16, -0.2], [0.0, 0.0, 0.0, 1.0]]","[[-1.0441338804678679e-07, -2.714614541799703e-07, -0.9999999999999578, 0.4000003239169052], [-9.284187600997515e-08, 0.999999999999959, -2.714614444860358e-07, -0.33501857096955306], [0.9999999999999905, 9.284184766576208e-08, -1.0441341313782715e-07, -0.20000021439629662], [0.0, 0.0, 0.0, 1.0]]"
0.875,-1.9754507905263599,7.424148396652583,19.4318830660444,-93.19533575293939,-10.477916583055176,8.874545043320316,22.38790697655588,-1.9732230816398777,-7.430411680121486,-19.42589469768959,-93.1953084321827,10.472395228884867,8.873361713046611,-22.39423856191648,"[[2.220446049250313e-16, -0.0, -1.0, 0.4], [0.0, 1.0, -0.0, 0.334375], [1.0, 0.0, 2.220446049250313e-16, -0.2], [0.0, 0.0, 0.0, 1.0]]","[[2.774555624140973e-08, 7.964966629721789e-08, -0.9999999999999966, 0.40000010704576033], [3.384979344234889e-08, 0.9999999999999964, 7.964966723639923e-08, 0.33437911712088814], [0.9999999999999992, -3.3849795652273086e-08, 2.774555357687447e-08, -0.20000009104805627], [0.0, 0.0, 0.0, 1.0]]","[[2.220446049250313e-16, -0.0, -1.0, 0.4], [0.0, 1.0, -0.0, -0.334375], [1.0, 0.0, 2.220446049250313e-16, -0.2], [0.0, 0.0, 0.0, 1.0]]","[[-1.8770329401895935e-08, -1.673926824569684e-07, -0.9999999999999861, 0.4000002264372572], [-8.078973212216651e-08, 0.999999999999983, -1.6739268094051801e-07, -0.33438624595313376], [0.9999999999999968, 8.078972898014958e-08, -1.8770342946616836e-08, -0.20000016690112918], [0.0, 0.0, 0.0, 1.0]]"
0.8833333333333333,-1.9813337178358563,7.365262774496965,19.36759049538707,-93.2566708516861,-10.409666771547469,8.932092802172257,22.33589508602623,-1.9791420808859286,-7.371111977747435,-19.361149626999747,-93.25710798379298,10.403663889040674,8.931338920042617,-22.341859548718944,"[[2.220446049250313e-16, -0.0, -1.0, 0.4], [0.0, 1.0, -0.0, 0.33375], [1.0, 0.0, 2.220446049250313e-16, -0.2], [0.0, 0.0, 0.0, 1.0]]","[[-1.4355428845647111e-08, 1.1322039174644406e-07, -0.9999999999999936, 0.4000001547761591], [3.9778327680632937e-08, 0.9999999999999929, 1.1322039117540903e-07, 0.33375680685213177], [0.9999999999999991, -3.977832605530542e-08, -1.435543328653921e-08, -0.20000011448313118], [0.0, 0.0, 0.0, 1.0]]","[[2.220446049250313e-16, -0.0, -1.0, 0.4], [0.0, 1.0, -0.0, -0.33375], [1.0, 0.0, 2.220446049250313e-16, -0.2], [0.0, 0.0, 0.0, 1.0]]","[[-9.042803611469807e-08, -2.1370254806692407e-07, -0.9999999999999732, 0.40000022152235915], [-6.831832064313915e-08, 0.9999999999999749, -2.1370254188903288e-07, -0.3337612283967797], [0.9999999999999937, 6.831830131843612e-08, -9.0428050769642e-08, -0.20000013911890205], [0.0, 0.0, 0.0, 1.0]]"
0.8916666666666666,-1.9873165366619645,7.306388251398747,19.303195471892188,-93.31772591267683,-10.341305115692105,8.989481759125997,22.283678289821484,-1.9851319433446182,-7.312243431064741,-19.296754603504866,-93.31815621459455,10.335304794506248,8.988734707185527,-22.28963933741961,"[[2.220446049250313e-16, -0.0, -1.0, 0.4], [0.0, 1.0, -0.0, 0.333125], [1.0, 0.0, 2.220446049250313e-16, -0.2], [0.0, 0.0, 0.0, 1.0]]","[[-4.092879890560397e-08, 1.223890369263573e-07, -0.9999999999999918, 0.4000001505381955], [4.412625304197624e-08, 0.9999999999999917, 1.2238903512032272e-07, 0.33313180221133626], [0.9999999999999982, -4.412624803273968e-08, -4.092880423467449e-08, -0.20000010155915382], [0.0, 0.0, 0.0, 1.0]]","[[2.220446049250313e-16, -0.0, -1.0, 0.4], [0.0, 1.0, -0.0, -0.333125], [1.0, 0.0, 2.220446049250313e-16, -0.2], [0.0, 0.0, 0.0, 1.0]]","[[-9.620997259984776e-08, -3.9056214201837475e-07, -0.9999999999999192, 0.40000044879025937], [-1.570988448207592e-07, 0.9999999999999114, -3.9056212690389613e-07, -0.33315568913731936], [0.9999999999999831, 1.570988072447749e-07, -9.621003410620332e-08, -0.2000003077175081], [0.0, 0.0, 0.0, 1.0]]"
0.9,-1.9934306231861836,7.247106478271268,19.238245495527245,-93.37895172839683,-10.272345818284363,9.04712940949455,22.23088434263187,-1.9912216973199193,-7.253385983439449,-19.23225883471973,-93.37893123782932,10.266833855624164,9.045969984882941,-22.23721422044518,"[[2.220446049250313e-16, -0.0, -1.0, 0.4], [0.0, 1.0, -0.0, 0.3325], [1.0, 0.0, 2.220446049250313e-16, -0.2], [0.0, 0.0, 0.0, 1.0]]","[[-8.041847576745198e-09, 1.0390726369414438e-07, -0.9999999999999946, 0.40000015209455786], [4.680488800795464e-08, 0.9999999999999933, 1.039072633177465e-07, 0.33250680693200974], [0.9999999999999988, -4.680488717234801e-08, -8.041852461726506e-09, -0.20000011338451434], [0.0, 0.0, 0.0, 1.0]]","[[2.220446049250313e-16, -0.0, -1.0, 0.4], [0.0, 1.0, -0.0, -0.3325], [1.0, 0.0, 2.220446049250313e-16, -0.2], [0.0, 0.0, 0.0, 1.0]]","[[-3.204907123022238e-08, -2.562623098733697e-07, -0.9999999999999666, 0.4000003191564543], [-1.2441453793023594e-07, 0.9999999999999594, -2.562623058859974e-07, -0.3325185753997157], [0.9999999999999917, 1.244145297172629e-07, -3.2049102982600886e-08, -0.20000023455381075], [0.0, 0.0, 0.0, 1.0]]"
0.9083333333333333,-1.9995814219771917,7.188674209921809,19.174101481484364,-93.43898909120125,-10.20424797848569,9.103778998470636,22.178626565292102,-1.9973791128566858,-7.194958837731867,-19.168114820676845,-93.43896860063374,10.198738577146429,9.10262811159549,-22.184953028010828,"[[2.220446049250313e-16, -0.0, -1.0, 0.4], [0.0, 1.0, -0.0, 0.33187500000000003], [1.0, 0.0, 2.220446049250313e-16, -0.2], [0.0, 0.0, 0.0, 1.0]]","[[-2.3958548256430845e-08, 1.860147417531283e-07, -0.9999999999999823, 0.4000002202427266], [8.937438707383646e-08, 0.9999999999999787, 1.8601473961184707e-07, 0.3318862382208131], [0.9999999999999957, -8.937438261719177e-08, -2.395856468773161e-08, -0.20000015883287484], [0.0, 0.0, 0.0, 1.0]]","[[2.220446049250313e-16, -0.0, -1.0, 0.4], [0.0, 1.0, -0.0, -0.33187500000000003], [1.0, 0.0, 2.220446049250313e-16, -0.2], [0.0, 0.0, 0.0, 1.0]]","[[-5.1349269503120354e-08, -2.5184492862570344e-07, -0.9999999999999669, 0.40000031540934633], [-1.1346981015095511e-07, 0.9999999999999618, -2.518449227991103e-07, -0.3318935779369626], [0.9999999999999922, 1.1346979721889858e-07, -5.1349297924829784e-08, -0.200000225198851], [0.0, 0.0, 0.0, 1.0]]"
0.9166666666666666,-2.005805431858366,7.1305253944229054,19.110157250474703,-93.49845954830455,-10.136357605683056,9.160001700623596,22.12640806154006,-2.003667155761329,-7.136123588221377,-19.103417561311193,-93.4991767181674,10.13004480334267,9.15954322417556,-22.132118099686192,"[[2.220446049250313e-16, -0.0, -1.0, 0.4], [0.0, 1.0, -0.0, 0.33125000000000004], [1.0, 0.0, 2.220446049250313e-16, -0.2], [0.0, 0.0, 0.0, 1.0]]","[[-3.339045107075833e-08, 1.4768673833555194e-07, -0.9999999999999886, 0.40000014918050886], [3.068303076998144e-08, 0.9999999999999887, 1.476867373110317e-07, 0.33125679445867456], [0.999999999999999, -3.06830258386543e-08, -3.3390455733695035e-08, -0.2000001022339614], [0.0, 0.0, 0.0, 1.0]]","[[2.220446049250313e-16, -0.0, -1.0, 0.4], [0.0, 1.0, -0.0, -0.33125000000000004], [1.0, 0.0, 2.220446049250313e-16, -0.2], [0.0, 0.0, 0.0, 1.0]]","[[-8.41779902449602e-08, -3.8327826270049696e-07, -0.9999999999999231, 0.40000044137321217], [-1.580022324126984e-07, 0.9999999999999142, -3.8327824940018313e-07, -0.33128068639346214], [0.9999999999999841, 1.5800220014909341e-07, -8.417805086313734e-08, -0.2000003062657568], [0.0, 0.0, 0.0, 1.0]]"
0.9249999999999999,-2.0122439523681606,7.071003710900829,19.044604509915505,-93.5591252885126,-10.066742610114993,9.217429931165064,22.072751802967733,-2.0100544498523485,-7.077299437768288,-19.03861955665528,-93.55909796775592,10.061239185191255,9.216296119762841,-22.079076558139167,"[[2.220446049250313e-16, -0.0, -1.0, 0.4], [0.0, 1.0, -0.0, 0.330625], [1.0, 0.0, 2.220446049250313e-16, -0.2], [0.0, 0.0, 0.0, 1.0]]","[[-8.052104372158198e-09, 1.0388170524220256e-07, -0.9999999999999948, 0.4000001493656323], [5.796176184270487e-08, 0.9999999999999933, 1.0388170477548824e-07, 0.33063181090875815], [0.9999999999999986, -5.7961761006238225e-08, -8.05211036736253e-09, -0.20000011232650394], [0.0, 0.0, 0.0, 1.0]]","[[2.220446049250313e-16, -0.0, -1.0, 0.4], [0.0, 1.0, -0.0, -0.330625], [1.0, 0.0, 2.220446049250313e-16, -0.2], [0.0, 0.0, 0.0, 1.0]]","[[-7.775076416027815e-08, -3.9283317730839087e-07, -0.9999999999999198, 0.4000004386216693], [-1.6835032751447094e-07, 0.9999999999999086, -3.9283316421901984e-07, -0.3306556884900414], [0.9999999999999829, 1.6835029697137872e-07, -7.775083032957042e-08, -0.20000030571027858], [0.0, 0.0, 0.0, 1.0]]"
0.9333333333333333,-2.018663689857738,7.012875812856259,18.980462203419915,-93.61804250029313,-9.99863110993798,9.273333321974325,22.02013031805466,-2.0165407816863334,-7.018485105712132,-18.973722514256405,-93.61874600977764,9.992320868918535,9.272886798357336,-22.025831818464333,"[[2.220446049250313e-16, -0.0, -1.0, 0.4], [0.0, 1.0, -0.0, 0.33], [1.0, 0.0, 2.220446049250313e-16, -0.2], [0.0, 0.0, 0.0, 1.0]]","[[1.9674753548581947e-08, 1.12578067923906e-07, -0.9999999999999937, 0.40000014993275274], [4.1335873314654e-08, 0.9999999999999931, 1.1257806873717905e-07, 0.3300068056707905], [0.9999999999999992, -4.13358755295995e-08, 1.9674748885645243e-08, -0.20000011844985932], [0.0, 0.0, 0.0, 1.0]]","[[2.220446049250313e-16, -0.0, -1.0, 0.4], [0.0, 1.0, -0.0, -0.33], [1.0, 0.0, 2.220446049250313e-16, -0.2], [0.0, 0.0, 0.0, 1.0]]","[[-9.320305727200662e-08, -4.008267792209867e-07, -0.9999999999999153, 0.4000004352548433], [-1.5047482304823786e-07, 0.9999999999999083, -4.0082676519627033e-07, -0.3300306802523059], [0.9999999999999843, 1.5047478568994522e-07, -9.320311744609455e-08, -0.2000002963339303], [0.0, 0.0, 0.0, 1.0]]"
0.9416666666666667,-2.0252413754718717,6.95406660344198,18.915466123278076,-93.67740367436971,-9.929599241770307,9.329754953386862,21.966685795346606,-2.0231613694261914,-6.959262669853067,-18.908267103892882,-93.67855114615027,9.92279978845156,9.329726778856536,-21.972004805162754,"[[2.220446049250313e-16, -0.0, -1.0, 0.4], [0.0, 1.0, -0.0, 0.32937500000000003], [1.0, 0.0, 2.220446049250313e-16, -0.2], [0.0, 0.0, 0.0, 1.0]]","[[-4.9117172828960776e-08, 1.1141621606710572e-07, -0.9999999999999926, 0.4000000977255595], [2.7541750027630634e-08, 0.9999999999999933, 1.114162147143329e-07, 0.32937910586588887], [0.9999999999999983, -2.7541744555180943e-08, -4.9117175937585245e-08, -0.2000000581346038], [0.0, 0.0, 0.0, 1.0]]","[[2.220446049250313e-16, -0.0, -1.0, 0.4], [0.0, 1.0, -0.0, -0.32937500000000003], [1.0, 0.0, 2.220446049250313e-16, -0.2], [0.0, 0.0, 0.0, 1.0]]","[[-7.701459553421941e-08, -1.968597521873798e-07, -0.9999999999999777, 0.40000021273853203], [-5.769473140280438e-08, 0.9999999999999789, -1.9685974774404368e-07, -0.3293862343017477], [0.9999999999999954, 5.7694716241729244e-08, -7.701460685849426e-08, -0.20000013652984328], [0.0, 0.0, 0.0, 1.0]]"
0.95,-2.0319174584987363,6.895267639311456,18.850369297845976,-93.73648481069033,-9.860455529254976,9.386012660259318,21.91303636696345,-2.0297473793333762,-6.90157916099137,-18.844387759680338,-93.7364643201228,9.8549606420677,9.384902754519192,-21.919357707040295,"[[2.220446049250313e-16, -0.0, -1.0, 0.4], [0.0, 1.0, -0.0, 0.32875], [1.0, 0.0, 2.220446049250313e-16, -0.2], [0.0, 0.0, 0.0, 1.0]]","[[-7.725401895974926e-08, 1.3606359990643028e-07, -0.9999999999999879, 0.4000001436344556], [3.3037128968730804e-08, 0.9999999999999902, 1.3606359735417961e-07, 0.32875679426334115], [0.9999999999999966, -3.303711845727067e-08, -7.725402340064136e-08, -0.20000008380189985], [0.0, 0.0, 0.0, 1.0]]","[[2.220446049250313e-16, -0.0, -1.0, 0.4], [0.0, 1.0, -0.0, -0.32875], [1.0, 0.0, 2.220446049250313e-16, -0.2], [0.0, 0.0, 0.0, 1.0]]","[[-1.4323878505528853e-07, -4.02331480797223e-07, -0.999999999999909, 0.40000042633614485], [-1.4770916640738974e-07, 0.9999999999999083, -4.0233145963954114e-07, -0.32878067939303673], [0.9999999999999789, 1.4770910877790676e-07, -1.4323884456324265e-07, -0.20000027338623136], [0.0, 0.0, 0.0, 1.0]]"
0.9583333333333334,-2.0387561854052114,6.8357869369244,18.78441528367304,-93.79600990930699,-9.790385472333462,9.442780069998587,21.85855365550155,-2.0366294352523986,-6.841685232159529,-18.77797441528572,-93.79641972065718,9.784401372846883,9.442088513345123,-21.86449421253217,"[[2.220446049250313e-16, -0.0, -1.0, 0.4], [0.0, 1.0, -0.0, 0.328125], [1.0, 0.0, 2.220446049250313e-16, -0.2], [0.0, 0.0, 0.0, 1.0]]","[[-2.6230362493162573e-08, 9.106993936636257e-08, -0.9999999999999954, 0.4000000972989902], [4.269564425421253e-08, 0.9999999999999949, 9.106993824644029e-08, 0.32812911408293327], [0.9999999999999988, -4.269564186541485e-08, -2.6230366267920857e-08, -0.20000006499887032], [0.0, 0.0, 0.0, 1.0]]","[[2.220446049250313e-16, -0.0, -1.0, 0.4], [0.0, 1.0, -0.0, -0.328125], [1.0, 0.0, 2.220446049250313e-16, -0.2], [0.0, 0.0, 0.0, 1.0]]","[[-4.390859548175641e-08, -1.8028999461539073e-07, -0.9999999999999827, 0.40000021112744105], [-9.031082111801063e-08, 0.9999999999999798, -1.8028999064996885e-07, -0.32813624048398554], [0.9999999999999949, 9.031081320172881e-08, -4.390861169101257e-08, -0.2000001456787666], [0.0, 0.0, 0.0, 1.0]]"
0.9666666666666667,-2.0455652436774794,6.7776987393543795,18.71988365639476,-93.85380697006363,-9.72182915608675,9.498035446610343,21.80512791581371,-2.0434732848007515,-6.7833298034382326,-18.713140552136664,-93.8544968191698,9.715525745256475,9.497614536202741,-21.810815755845038,"[[2.220446049250313e-16, -0.0, -1.0, 0.4], [0.0, 1.0, -0.0, 0.3275], [1.0, 0.0, 2.220446049250313e-16, -0.2], [0.0, 0.0, 0.0, 1.0]]","[[-6.4721747128349e-08, 2.6047523616831534e-07, -0.9999999999999641, 0.4000003019579941], [1.1248377690602253e-07, 0.9999999999999598, 2.604752288881677e-07, 0.32751857102770177], [0.9999999999999917, -1.1248376004760658e-07, -6.472177643823684e-08, -0.20000020675925445], [0.0, 0.0, 0.0, 1.0]]","[[2.220446049250313e-16, -0.0, -1.0, 0.4], [0.0, 1.0, -0.0, -0.3275], [1.0, 0.0, 2.220446049250313e-16, -0.2], [0.0, 0.0, 0.0, 1.0]]","[[-1.0234099512285155e-07, -2.9831768457171394e-07, -0.9999999999999504, 0.4000002987507946], [-1.047221378415138e-07, 0.9999999999999502, -2.983176738543461e-07, -0.3275185596671646], [0.9999999999999895, 1.0472210731138097e-07, -1.0234102643114085e-07, -0.2000001884538654], [0.0, 0.0, 0.0, 1.0]]"
0.975,-2.0526026864001197,6.7182376737611875,18.653731566735892,-93.91275833279,-9.651531995375333,9.554469030853928,21.7502371005489,-2.0504522440286235,-6.724564990253558,-18.647750028570254,-93.91273101203333,9.64604564592452,9.553383884549543,-21.756555025531163,"[[2.220446049250313e-16, -0.0, -1.0, 0.4], [0.0, 1.0, -0.0, 0.326875], [1.0, 0.0, 2.220446049250313e-16, -0.2], [0.0, 0.0, 0.0, 1.0]]","[[-8.970349457682048e-08, 1.9092005576914605e-07, -0.9999999999999778, 0.4000002054476049], [8.439337841126725e-08, 0.9999999999999782, 1.909200481987652e-07, 0.3268862370674802], [0.9999999999999925, -8.439336128506988e-08, -8.970351056403203e-08, -0.20000012428954908], [0.0, 0.0, 0.0, 1.0]]","[[2.220446049250313e-16, -0.0, -1.0, 0.4], [0.0, 1.0, -0.0, -0.326875], [1.0, 0.0, 2.220446049250313e-16, -0.2], [0.0, 0.0, 0.0, 1.0]]","[[-1.200856279415241e-07, -5.458981210908837e-07, -0.9999999999998437, 0.400000575827531], [-2.590988001307946e-07, 0.9999999999998173, -5.458980899768271e-07, -0.3269257167071765], [0.9999999999999591, 2.590987345762392e-07, -1.2008576938393745e-07, -0.20000038989590652], [0.0, 0.0, 0.0, 1.0]]"
0.9833333333333333,-2.0596053378466754,6.6601678323245626,18.589006986613562,-93.96999531803472,-9.582753697980596,9.609396558385525,21.696411794794617,-2.057461298777526,-6.666500698345634,-18.583027155995214,-93.96997482746721,9.57727076362437,9.6083199498176,-21.702728012229585,"[[2.220446049250313e-16, -0.0, -1.0, 0.4], [0.0, 1.0, -0.0, 0.32625000000000004], [1.0, 0.0, 2.220446049250313e-16, -0.2], [0.0, 0.0, 0.0, 1.0]]","[[1.3049161307066015e-08, 1.0568268441702402e-07, -0.9999999999999944, 0.40000014399329176], [5.8206766435199855e-08, 0.999999999999993, 1.0568268517657332e-07, 0.3262568094326974], [0.9999999999999984, -5.8206767814269926e-08, 1.304915520083938e-08, -0.2000001132437079], [0.0, 0.0, 0.0, 1.0]]","[[2.220446049250313e-16, -0.0, -1.0, 0.4], [0.0, 1.0, -0.0, -0.32625000000000004], [1.0, 0.0, 2.220446049250313e-16, -0.2], [0.0, 0.0, 0.0, 1.0]]","[[-8.25790648639746e-08, -3.997512145863275e-07, -0.999999999999917, 0.4000004191881641], [-1.556767718968223e-07, 0.9999999999999083, -3.9975120173068173e-07, -0.3262806838999753], [0.9999999999999847, 1.5567673888572893e-07, -8.257912703646397e-08, -0.20000028648387685], [0.0, 0.0, 0.0, 1.0]]"
0.9916666666666667,-2.0668410694986576,6.600725122864764,18.522656821468765,-94.02837294487082,-9.512227725931984,9.665493755812486,21.64111116817961,-2.0647038606186783,-6.607063111527713,-18.516678698397712,-94.0283524543033,9.506747352896696,9.664424831207379,-21.647427385614577,"[[2.220446049250313e-16, -0.0, -1.0, 0.4], [0.0, 1.0, -0.0, 0.325625], [1.0, 0.0, 2.220446049250313e-16, -0.2], [0.0, 0.0, 0.0, 1.0]]","[[1.8312111271789888e-08, 1.329291956081775e-07, -0.9999999999999911, 0.4000001432936033], [4.5197322719345524e-08, 0.9999999999999902, 1.3292919643583578e-07, 0.3256318003417287], [0.9999999999999989, -4.519732515355936e-08, 1.8312105276585555e-08, -0.20000011389894723], [0.0, 0.0, 0.0, 1.0]]","[[2.220446049250313e-16, -0.0, -1.0, 0.4], [0.0, 1.0, -0.0, -0.325625], [1.0, 0.0, 2.220446049250313e-16, -0.2], [0.0, 0.0, 0.0, 1.0]]","[[-7.90191603816659e-08, -2.8587272814427814e-07, -0.9999999999999559, 0.4000002952004744], [-1.0537542707872007e-07, 0.9999999999999536, -2.8587271981759963e-07, -0.32564356500064773], [0.9999999999999912, 1.0537540448929317e-07, -7.901919035768756e-08, -0.2000001917831163], [0.0, 0.0, 0.0, 1.0]]"
1.0,-2.0741066832282584,6.541982507794893,18.45697601486263,-94.08576019427727,-9.442406970915176,9.720755962613412,21.58624596612419,-2.071976091094038,-6.548325619099719,-18.450997891791577,-94.08573970370975,9.436929159200824,9.719695575744767,-21.592560476011865,"[[2.220446049250313e-16, -0.0, -1.0, 0.4], [0.0, 1.0, -0.0, 0.325], [1.0, 0.0, 2.220446049250313e-16, -0.2], [0.0, 0.0, 0.0, 1.0]]","[[7.010653002570422e-09, 7.061397873253361e-08, -0.9999999999999977, 0.4000000951961656], [5.566034853326835e-08, 0.999999999999996, 7.061397912274891e-08, 0.32500411914140476], [0.9999999999999986, -5.5660349028318315e-08, 7.0106491167898355e-09, -0.20000007430052902], [0.0, 0.0, 0.0, 1.0]]","[[2.220446049250313e-16, -0.0, -1.0, 0.4], [0.0, 1.0, -0.0, -0.325], [1.0, 0.0, 2.220446049250313e-16, -0.2], [0.0, 0.0, 0.0, 1.0]]","[[-3.2428907670301044e-08, -2.750756321932292e-07, -0.9999999999999617, 0.40000029550064187], [-1.111518162340695e-07, 0.9999999999999561, -2.750756285886957e-07, -0.3250185714860565], [0.9999999999999934, 1.1115180731366307e-07, -3.2428938312456523e-08, -0.2000002103283302], [0.0, 0.0, 0.0, 1.0]]"
1.0083333333333333,-2.081469840596944,6.483248003574661,18.391199585608113,-94.14286740592775,-9.372472664003414,9.775849976006027,21.531180981035547,-2.0793458652084813,-6.489596664408188,-18.38522146253706,-94.14284691536024,9.36699826738365,9.774798126873845,-21.537495490923224,"[[2.220446049250313e-16, -0.0, -1.0, 0.4], [0.0, 1.0, -0.0, 0.324375], [1.0, 0.0, 2.220446049250313e-16, -0.2], [0.0, 0.0, 0.0, 1.0]]","[[2.3386664993463313e-08, 7.104657444050335e-08, -0.9999999999999971, 0.4000000963912513], [3.446108367345095e-08, 0.9999999999999969, 7.104657524643315e-08, 0.3243791207865825], [0.9999999999999991, -3.446108533499331e-08, 2.338666255097266e-08, -0.20000007814838391], [0.0, 0.0, 0.0, 1.0]]","[[2.220446049250313e-16, -0.0, -1.0, 0.4], [0.0, 1.0, -0.0, -0.324375], [1.0, 0.0, 2.220446049250313e-16, -0.2], [0.0, 0.0, 0.0, 1.0]]","[[-8.176700322382047e-08, -2.1019923605395663e-07, -0.9999999999999745, 0.4000002012521873], [-7.773773094221652e-08, 0.9999999999999749, -2.101992296975754e-07, -0.32438622749818735], [0.9999999999999936, 7.773771375485347e-08, -8.176701943307663e-08, -0.20000012132569348], [0.0, 0.0, 0.0, 1.0]]"
1.0166666666666666,-2.0888573305145473,6.425213166857532,18.326095929986845,-94.1989979005269,-9.303248696765335,9.830116682735426,21.476563373337537,-2.0867399718718436,-6.431566523446113,-18.320119514463084,-94.19897057977023,9.297777715240155,9.82907251756606,-21.482876175677923,"[[2.220446049250313e-16, -0.0, -1.0, 0.4], [0.0, 1.0, -0.0, 0.32375], [1.0, 0.0, 2.220446049250313e-16, -0.2], [0.0, 0.0, 0.0, 1.0]]","[[-5.913925682499155e-08, 3.988338534535377e-07, -0.9999999999999186, 0.4000004091749516], [1.6666464617752037e-07, 0.9999999999999065, 3.9883384359710957e-07, 0.32378068149257166], [0.9999999999999843, -1.6666462259076974e-07, -5.913932321632842e-08, -0.20000028503735032], [0.0, 0.0, 0.0, 1.0]]","[[2.220446049250313e-16, -0.0, -1.0, 0.4], [0.0, 1.0, -0.0, -0.32375], [1.0, 0.0, 2.220446049250313e-16, -0.2], [0.0, 0.0, 0.0, 1.0]]","[[-1.1561742824239829e-07, -4.009669604302945e-07, -0.9999999999999131, 0.40000040655211955], [-1.6378392343862039e-07, 0.9999999999999063, -4.0096694149401576e-07, -0.32378067902427354], [0.9999999999999801, 1.637838770798395e-07, -1.1561749396760135e-07, -0.20000026386440306], [0.0, 0.0, 0.0, 1.0]]"
1.025,-2.0964872921476863,6.365805462117231,18.259361566701234,-94.25622805558244,-9.232265955815977,9.885532568792676,21.42045166175859,-2.0943767636941524,-6.372164368234512,-18.253385151177476,-94.25620756501493,9.226797535611736,9.884496941359775,-21.426762756551682,"[[2.220446049250313e-16, -0.0, -1.0, 0.4], [0.0, 1.0, -0.0, 0.323125], [1.0, 0.0, 2.220446049250313e-16, -0.2], [0.0, 0.0, 0.0, 1.0]]","[[-3.2563595708801074e-09, 1.6308197688583722e-07, -0.9999999999999867, 0.40000020246000734], [8.696328069039394e-08, 0.9999999999999829, 1.630819766026529e-07, 0.32313624788187334], [0.9999999999999962, -8.696328015933925e-08, -3.2563735596902177e-09, -0.20000015039621097], [0.0, 0.0, 0.0, 1.0]]","[[2.220446049250313e-16, -0.0, -1.0, 0.4], [0.0, 1.0, -0.0, -0.323125], [1.0, 0.0, 2.220446049250313e-16, -0.2], [0.0, 0.0, 0.0, 1.0]]","[[-1.0772605613107444e-07, -5.452699502859213e-07, -0.9999999999998457, 0.4000005553971844], [-2.6198156295625353e-07, 0.9999999999998173, -5.452699220636652e-07, -0.3231757261890065], [0.99999999999996, 2.6198150421643484e-07, -1.0772619912780002e-07, -0.2000003748440114], [0.0, 0.0, 0.0, 1.0]]"
1.0333333333333332,-2.104141372886332,6.307096144219563,18.193299977048873,-94.31248832377584,-9.161992700766655,9.940120294413065,21.36478732757028,-2.1020376746219678,-6.313459746091898,-18.187323561525112,-94.31246783320833,9.156527695657,9.939092350942978,-21.37109842236337,"[[2.220446049250313e-16, -0.0, -1.0, 0.4], [0.0, 1.0, -0.0, 0.3225], [1.0, 0.0, 2.220446049250313e-16, -0.2], [0.0, 0.0, 0.0, 1.0]]","[[2.2311009373332524e-08, 1.0826511435928708e-07, -0.9999999999999939, 0.4000001387697256], [5.07712184691192e-08, 0.9999999999999929, 1.082651154920441e-07, 0.32250680858689323], [0.9999999999999986, -5.0771220884622895e-08, 2.23110038222174e-08, -0.20000011293244327], [0.0, 0.0, 0.0, 1.0]]","[[2.220446049250313e-16, -0.0, -1.0, 0.4], [0.0, 1.0, -0.0, -0.3225], [1.0, 0.0, 2.220446049250313e-16, -0.2], [0.0, 0.0, 0.0, 1.0]]","[[-5.489579835149527e-08, -3.9235075763429536e-07, -0.9999999999999217, 0.4000004046742358], [-1.8273718125857698e-07, 0.9999999999999065, -3.923507476027859e-07, -0.3225306857414433], [0.9999999999999819, 1.827371597201551e-07, -5.4895870071902664e-08, -0.20000027970381232], [0.0, 0.0, 0.0, 1.0]]"
1.0416666666666667,-2.111892143490415,6.248394510284711,18.12714447229542,-94.36846855421327,-9.091606747596028,9.994537265304203,21.30892491789604,-2.10979506197181,-6.254763234798925,-18.121169764318953,-94.36844123345658,9.08614430380731,9.993517859570579,-21.31523430514184,"[[2.220446049250313e-16, -0.0, -1.0, 0.4], [0.0, 1.0, -0.0, 0.321875], [1.0, 0.0, 2.220446049250313e-16, -0.2], [0.0, 0.0, 0.0, 1.0]]","[[-8.837126991290134e-08, 2.0781912837064555e-07, -0.9999999999999744, 0.4000001954075784], [6.882930704444086e-08, 0.999999999999976, 2.078191222881126e-07, 0.321886227622474], [0.9999999999999937, -6.882928867919936e-08, -8.837128412375606e-08, -0.20000011630544753], [0.0, 0.0, 0.0, 1.0]]","[[2.220446049250313e-16, -0.0, -1.0, 0.4], [0.0, 1.0, -0.0, -0.321875], [1.0, 0.0, 2.220446049250313e-16, -0.2], [0.0, 0.0, 0.0, 1.0]]","[[-9.052975608048186e-08, -3.801877342144134e-07, -0.9999999999999238, 0.40000039984904867], [-1.8002469781838747e-07, 0.9999999999999118, -3.801877179168168e-07, -0.3219056885274109], [0.99999999999998, 1.8002466340007237e-07, -9.052982447022018e-08, -0.20000026622637676], [0.0, 0.0, 0.0, 1.0]]"
1.05,-2.1196616971147164,6.1903912631924936,18.061670278911677,-94.42347889778854,-9.021937110514605,10.048132905947647,21.25352183844348,-2.117571445785281,-6.196765110348585,-18.05569557093521,-94.42345840722103,9.016477228046826,10.04712118417684,-21.259829518141988,"[[2.220446049250313e-16, -0.0, -1.0, 0.4], [0.0, 1.0, -0.0, 0.32125000000000004], [1.0, 0.0, 2.220446049250313e-16, -0.2], [0.0, 0.0, 0.0, 1.0]]","[[4.0017545555048883e-08, 8.207569668103667e-08, -0.9999999999999959, 0.4000000940829189], [4.1221990015304536e-08, 0.9999999999999958, 8.207569833063953e-08, 0.3212541174397036], [0.9999999999999983, -4.1221993299772356e-08, 4.001754222437981e-08, -0.20000008235125602], [0.0, 0.0, 0.0, 1.0]]","[[2.220446049250313e-16, -0.0, -1.0, 0.4], [0.0, 1.0, -0.0, -0.32125000000000004], [1.0, 0.0, 2.220446049250313e-16, -0.2], [0.0, 0.0, 0.0, 1.0]]","[[-9.361232500282313e-08, -2.9595327998090077e-07, -0.9999999999999519, 0.40000028133332544], [-1.1613316639525372e-07, 0.9999999999999496, -2.9595326910940436e-07, -0.3212685625016307], [0.999999999999989, 1.161331386903745e-07, -9.361235941973689e-08, -0.2000001768015203], [0.0, 0.0, 0.0, 1.0]]"
1.0583333333333333,-2.127683113964662,6.13101472119028,17.99455513257984,-94.47956841125269,-8.95049589311721,10.102858942898727,21.196605872089762,-2.125599479380985,-6.137393690988249,-17.988582132150665,-94.47954792068518,8.94503857197037,10.101855758864382,-21.20291355178827,"[[2.220446049250313e-16, -0.0, -1.0, 0.4], [0.0, 1.0, -0.0, 0.320625], [1.0, 0.0, 2.220446049250313e-16, -0.2], [0.0, 0.0, 0.0, 1.0]]","[[-4.5456362618434554e-08, 9.371282984193948e-08, -0.9999999999999946, 0.4000000886552052], [4.127511934584881e-08, 0.9999999999999947, 9.371282796572269e-08, 0.32062911068892613], [0.9999999999999981, -4.127511508600429e-08, -4.545636661523744e-08, -0.20000005100437085], [0.0, 0.0, 0.0, 1.0]]","[[2.220446049250313e-16, -0.0, -1.0, 0.4], [0.0, 1.0, -0.0, -0.320625], [1.0, 0.0, 2.220446049250313e-16, -0.2], [0.0, 0.0, 0.0, 1.0]]","[[-3.909361612208784e-08, -1.7364909262910321e-07, -0.9999999999999843, 0.4000001952589314], [-8.766262256719501e-08, 0.9999999999999813, -1.7364908920205375e-07, -0.320636242305513], [0.9999999999999957, 8.766261577862277e-08, -3.909363144316558e-08, -0.20000013291097246], [0.0, 0.0, 0.0, 1.0]]"
1.0666666666666667,-2.1357228869480016,6.072335712257054,17.92812129761771,-94.53470169823304,-8.879770138035374,10.156761942054823,21.140150943505024,-2.1336460825534944,-6.078719804696901,-17.922148297188535,-94.53468120766553,8.87431623198312,10.15576729575694,-21.146456915656238,"[[2.220446049250313e-16, -0.0, -1.0, 0.4], [0.0, 1.0, -0.0, 0.32], [1.0, 0.0, 2.220446049250313e-16, -0.2], [0.0, 0.0, 0.0, 1.0]]","[[-7.969441218058648e-09, 1.4193043385465202e-07, -0.99999999999999, 0.4000001339407733], [6.810341097653046e-08, 0.9999999999999877, 1.4193043331190557e-07, 0.32000679460484094], [0.9999999999999978, -6.810340984542352e-08, -7.969450988021265e-09, -0.2000000948116524], [0.0, 0.0, 0.0, 1.0]]","[[2.220446049250313e-16, -0.0, -1.0, 0.4], [0.0, 1.0, -0.0, -0.32], [1.0, 0.0, 2.220446049250313e-16, -0.2], [0.0, 0.0, 0.0, 1.0]]","[[-1.3225399486671563e-07, -5.698243447566212e-07, -0.9999999999998291, 0.40000053434102095], [-2.5122370128532053e-07, 0.9999999999998064, -5.698243115312701e-07, -0.320050694509218], [0.9999999999999599, 2.512236259237359e-07, -1.322541380854858e-07, -0.20000034392153382], [0.0, 0.0, 0.0, 1.0]]"
1.075,-2.143858496023133,6.013663960399821,17.861595255101786,-94.58954811726824,-8.808931684832233,10.210492478934373,21.083497939434352,-2.141788521817796,-6.020053175481546,-17.855623962219905,-94.58952762670073,8.803480340100917,10.209506370372953,-21.089803911585566,"[[2.220446049250313e-16, -0.0, -1.0, 0.4], [0.0, 1.0, -0.0, 0.319375], [1.0, 0.0, 2.220446049250313e-16, -0.2], [0.0, 0.0, 0.0, 1.0]]","[[-3.2681880146601117e-08, 1.4836302532527765e-07, -0.9999999999999883, 0.40000013239352294], [4.1340221681002624e-08, 0.999999999999988, 1.4836302397420144e-07, 0.3193817948377493], [0.9999999999999986, -4.1340216832219586e-08, -3.2681886363850055e-08, -0.20000008546816606], [0.0, 0.0, 0.0, 1.0]]","[[2.220446049250313e-16, -0.0, -1.0, 0.4], [0.0, 1.0, -0.0, -0.319375], [1.0, 0.0, 2.220446049250313e-16, -0.2], [0.0, 0.0, 0.0, 1.0]]","[[-9.375672394007495e-08, -2.8590785949881163e-07, -0.9999999999999547, 0.4000002758260851], [-1.0393757075299316e-07, 0.9999999999999538, -2.859078497539652e-07, -0.31939356558972304], [0.9999999999999902, 1.039375439472051e-07, -9.375675369405201e-08, -0.20000017236026202], [0.0, 0.0, 0.0, 1.0]]"
1.0833333333333333,-2.1520073385897813,5.955689314724753,17.795757354144744,-94.64345197019797,-8.738813816586529,10.263407661981756,21.027316218416413,-2.1500752488283137,-5.96097545425552,-17.788536136644748,-94.64449698914099,8.732026316098828,10.263462303495116,-21.03255155841523,"[[2.220446049250313e-16, -0.0, -1.0, 0.4], [0.0, 1.0, -0.0, 0.31875000000000003], [1.0, 0.0, 2.220446049250313e-16, -0.2], [0.0, 0.0, 0.0, 1.0]]","[[2.659168502061604e-08, 1.0203356446211916e-07, -0.9999999999999944, 0.400000133308543], [6.442208387312797e-08, 0.9999999999999929, 1.0203356617521074e-07, 0.3187568112164214], [0.9999999999999976, -6.442208658637207e-08, 2.6591678470300195e-08, -0.20000010621706213], [0.0, 0.0, 0.0, 1.0]]","[[2.220446049250313e-16, -0.0, -1.0, 0.4], [0.0, 1.0, -0.0, -0.31875000000000003], [1.0, 0.0, 2.220446049250313e-16, -0.2], [0.0, 0.0, 0.0, 1.0]]","[[-4.454092061845216e-08, -2.567424979401322e-07, -0.9999999999999661, 0.4000002756766456], [-1.29355893552922e-07, 0.9999999999999588, -2.5674249217849975e-07, -0.31876857577539763], [0.9999999999999908, 1.2935588211737063e-07, -4.45409539251429e-08, -0.20000018660838834], [0.0, 0.0, 0.0, 1.0]]"
1.0916666666666666,-2.1603331257446152,5.897031223245861,17.72905031161581,-94.69773831372123,-8.667750820914424,10.316793274308221,20.97027389356305,-2.1582768119176183,-5.9034302567245165,-17.72307901873393,-94.69771099296456,8.66230545259863,10.315823387446079,-20.976578158166973,"[[2.220446049250313e-16, -0.0, -1.0, 0.4], [0.0, 1.0, -0.0, 0.318125], [1.0, 0.0, 2.220446049250313e-16, -0.2], [0.0, 0.0, 0.0, 1.0]]","[[-1.0240068987199535e-07, 2.957085243367156e-07, -0.9999999999999514, 0.4000002707221043], [9.986765041254219e-08, 0.9999999999999516, 2.9570851411019936e-07, 0.31814356231853935], [0.99999999999999, -9.986762013178145e-08, -1.0240071940392781e-07, -0.20000016169349322], [0.0, 0.0, 0.0, 1.0]]","[[2.220446049250313e-16, -0.0, -1.0, 0.4], [0.0, 1.0, -0.0, -0.318125], [1.0, 0.0, 2.220446049250313e-16, -0.2], [0.0, 0.0, 0.0, 1.0]]","[[-2.6923299201175865e-08, -2.709389675642256e-07, -0.9999999999999631, 0.4000002745700628], [-1.3111384458265356e-07, 0.9999999999999549, -2.709389640342061e-07, -0.31814357277964744], [0.9999999999999913, 1.3111383728807793e-07, -2.6923334728312653e-08, -0.20000018955625387], [0.0, 0.0, 0.0, 1.0]]"
1.1,-2.1687543221044177,5.838379535069315,17.662252769080382,-94.75173778929936,-8.596573419573721,10.370004716810852,20.913036908318343,-2.1667902158312162,-5.8440938420836765,-17.655501127085824,-94.75237299689216,8.59029391440554,10.369681136598922,-20.918668399289018,"[[2.220446049250313e-16, -0.0, -1.0, 0.4], [0.0, 1.0, -0.0, 0.3175], [1.0, 0.0, 2.220446049250313e-16, -0.2], [0.0, 0.0, 0.0, 1.0]]","[[-6.986719336410374e-08, 2.0375657793170688e-07, -0.9999999999999768, 0.40000018762077144], [9.073142565126487e-08, 0.9999999999999751, 2.0375657159255645e-07, 0.3175112332037924], [0.9999999999999934, -9.073141141536296e-08, -6.986721201585055e-08, -0.2000001137801383], [0.0, 0.0, 0.0, 1.0]]","[[2.220446049250313e-16, -0.0, -1.0, 0.4], [0.0, 1.0, -0.0, -0.3175], [1.0, 0.0, 2.220446049250313e-16, -0.2], [0.0, 0.0, 0.0, 1.0]]","[[-1.0164715336102859e-07, -4.233591442886468e-07, -0.9999999999999054, 0.40000038151558687], [-1.6973970834228796e-07, 0.9999999999998963, -4.2335912703508475e-07, -0.31753067738928453], [0.9999999999999807, 1.6973966530902172e-07, -1.0164722530348058e-07, -0.200000241360522], [0.0, 0.0, 0.0, 1.0]]"
1.1083333333333334,-2.177270927669189,5.7797342501951166,17.595364726538445,-94.80546405731067,-8.525283320111713,10.423041135716002,20.855606970229584,-2.1753147188022153,-5.785453679851355,-17.588613084543887,-94.80609243471432,8.519005522490826,10.422723531919596,-20.86123333855838,"[[2.220446049250313e-16, -0.0, -1.0, 0.4], [0.0, 1.0, -0.0, 0.316875], [1.0, 0.0, 2.220446049250313e-16, -0.2], [0.0, 0.0, 0.0, 1.0]]","[[-5.282813464457803e-09, 1.0970718518088332e-07, -0.999999999999994, 0.40000012944479346], [6.540182022656298e-08, 0.9999999999999918, 1.0970718483537747e-07, 0.3168818051901757], [0.9999999999999978, -6.540181964699999e-08, -5.282820791929765e-09, -0.2000000919548248], [0.0, 0.0, 0.0, 1.0]]","[[2.220446049250313e-16, -0.0, -1.0, 0.4], [0.0, 1.0, -0.0, -0.316875], [1.0, 0.0, 2.220446049250313e-16, -0.2], [0.0, 0.0, 0.0, 1.0]]","[[-9.891658286909077e-08, -5.565973896591393e-07, -0.9999999999998403, 0.40000051871927433], [-2.5961139162977455e-07, 0.9999999999998115, -5.565973639792516e-07, -0.31692570520039276], [0.9999999999999616, 2.5961133657302373e-07, -9.891672742012858e-08, -0.2000003400565186], [0.0, 0.0, 0.0, 1.0]]"
1.1166666666666667,-2.1859700273508467,5.720405946403916,17.527605834877335,-94.859552325348,-8.453039555486843,10.47653517729554,20.797304475474355,-2.1838469057360306,-5.72750934314073,-17.52241830620271,-94.85887613662018,8.448442838175422,10.474956549823622,-20.804281513711523,"[[2.220446049250313e-16, -0.0, -1.0, 0.4], [0.0, 1.0, -0.0, 0.31625000000000003], [1.0, 0.0, 2.220446049250313e-16, -0.2], [0.0, 0.0, 0.0, 1.0]]","[[2.121969094881493e-08, 1.0124413564892503e-07, -0.9999999999999947, 0.40000012973660726], [6.212866515556071e-08, 0.9999999999999929, 1.0124413696727591e-07, 0.31625681071790124], [0.9999999999999978, -6.212866730392969e-08, 2.121968462054369e-08, -0.20000010109333446], [0.0, 0.0, 0.0, 1.0]]","[[2.220446049250313e-16, -0.0, -1.0, 0.4], [0.0, 1.0, -0.0, -0.31625000000000003], [1.0, 0.0, 2.220446049250313e-16, -0.2], [0.0, 0.0, 0.0, 1.0]]","[[-7.893512060652697e-08, -4.150808320335054e-07, -0.9999999999999108, 0.400000377838815], [-1.715910685444906e-07, 0.9999999999998992, -4.150808184889389e-07, -0.3162806813545801], [0.9999999999999823, 1.7159103578002085e-07, -7.893519188284515e-08, -0.200000243822569], [0.0, 0.0, 0.0, 1.0]]"
1.125,-2.194729744961388,5.661355545934571,17.46006380172237,-94.9131010084409,-8.381012649368119,10.529601478278309,20.73907369770541,-2.1927011787778943,-5.66777421620709,-17.45409592393507,-94.9130805178734,8.375578380109728,10.52866488858837,-20.745372839667457,"[[2.220446049250313e-16, -0.0, -1.0, 0.4], [0.0, 1.0, -0.0, 0.31562500000000004], [1.0, 0.0, 2.220446049250313e-16, -0.2], [0.0, 0.0, 0.0, 1.0]]","[[1.0470152578268e-08, 1.6152097874938385e-07, -0.9999999999999871, 0.4000001879304086], [8.356675431520476e-08, 0.9999999999999838, 1.6152097962433995e-07, 0.31563624810789276], [0.9999999999999967, -8.356675600635297e-08, 1.0470139144569401e-08, -0.20000013837354716], [0.0, 0.0, 0.0, 1.0]]","[[2.220446049250313e-16, -0.0, -1.0, 0.4], [0.0, 1.0, -0.0, -0.31562500000000004], [1.0, 0.0, 2.220446049250313e-16, -0.2], [0.0, 0.0, 0.0, 1.0]]","[[-2.3125870551865546e-08, -1.9801640454741786e-07, -0.9999999999999801, 0.40000018646326047], [-7.901645695822072e-08, 0.9999999999999774, -1.9801640272009296e-07, -0.31563623712897765], [0.9999999999999966, 7.901645237891749e-08, -2.312588609498789e-08, -0.20000012796832442], [0.0, 0.0, 0.0, 1.0]]"
1.1333333333333333,-2.2033902113855524,5.603835534726132,17.39416613661009,-94.96493531405214,-8.310732564129626,10.581093420657389,20.68214919361523,-2.2015114824769757,-5.609151983221341,-17.386939796468212,-94.96595301223847,8.303949332510157,10.581177944248367,-20.687355505310077,"[[2.220446049250313e-16, -0.0, -1.0, 0.4], [0.0, 1.0, -0.0, 0.315], [1.0, 0.0, 2.220446049250313e-16, -0.2], [0.0, 0.0, 0.0, 1.0]]","[[-3.1280775747433154e-09, 1.6755147797305914e-07, -0.9999999999999861, 0.40000018628841133], [8.85826245698756e-08, 0.9999999999999822, 1.6755147769596518e-07, 0.3150112459530053], [0.9999999999999963, -8.858262404576035e-08, -3.1280924517318454e-09, -0.20000013285737758], [0.0, 0.0, 0.0, 1.0]]","[[2.220446049250313e-16, -0.0, -1.0, 0.4], [0.0, 1.0, -0.0, -0.315], [1.0, 0.0, 2.220446049250313e-16, -0.2], [0.0, 0.0, 0.0, 1.0]]","[[-1.0439056263855662e-07, -3.970636540459054e-07, -0.9999999999999158, 0.40000037056893617], [-1.8421822822105069e-07, 0.9999999999999045, -3.970636348152563e-07, -0.3150306881976987], [0.9999999999999778, 1.8421818677133896e-07, -1.0439063569123164e-07, -0.2000002309822899], [0.0, 0.0, 0.0, 1.0]]"
1.1416666666666666,-2.2123770327859966,5.544524733294679,17.32613745247676,-95.01816980844322,-8.238145582498962,10.634051292387083,20.623262717685968,-2.210362553867666,-5.550952795077308,-17.320169574689462,-95.01814931787571,8.232717289656094,10.63313177817007,-20.62956015210072,"[[2.220446049250313e-16, -0.0, -1.0, 0.4], [0.0, 1.0, -0.0, 0.314375], [1.0, 0.0, 2.220446049250313e-16, -0.2], [0.0, 0.0, 0.0, 1.0]]","[[-4.9079496688975155e-08, 2.0762003318485098e-07, -0.9999999999999775, 0.4000001829899924], [7.820995039015066e-08, 0.9999999999999756, 2.076200293463456e-07, 0.3143862330257366], [0.9999999999999959, -7.820994020026234e-08, -4.9079512898231314e-08, -0.200000115151065], [0.0, 0.0, 0.0, 1.0]]","[[2.220446049250313e-16, -0.0, -1.0, 0.4], [0.0, 1.0, -0.0, -0.314375], [1.0, 0.0, 2.220446049250313e-16, -0.2], [0.0, 0.0, 0.0, 1.0]]","[[-6.47598891734269e-08, -2.1782043909640575e-07, -0.9999999999999742, 0.40000018158934514], [-8.785338200864338e-08, 0.9999999999999725, -2.178204334070301e-07, -0.314386225629531], [0.999999999999994, 8.7853367902614e-08, -6.475990826926292e-08, -0.20000010699147655], [0.0, 0.0, 0.0, 1.0]]"
1.15,-2.2213683364980836,5.485908903611277,17.258805447638775,-95.07047539710717,-8.166287723562197,10.686201494247422,20.56486460028236,-2.219415115838872,-5.491924592722765,-17.25236287170416,-95.07084422732235,8.160350581626163,10.685669593265807,-20.57074539315774,"[[2.220446049250313e-16, -0.0, -1.0, 0.4], [0.0, 1.0, -0.0, 0.31375000000000003], [1.0, 0.0, 2.220446049250313e-16, -0.2], [0.0, 0.0, 0.0, 1.0]]","[[-2.1918717785229802e-08, 1.1815905408112419e-07, -0.999999999999993, 0.40000012464940765], [5.712699709593892e-08, 0.9999999999999916, 1.1815905282897349e-07, 0.31375680520293975], [0.9999999999999983, -5.712699450604356e-08, -2.1918724668612555e-08, -0.2000000833582598], [0.0, 0.0, 0.0, 1.0]]","[[2.220446049250313e-16, -0.0, -1.0, 0.4], [0.0, 1.0, -0.0, -0.31375000000000003], [1.0, 0.0, 2.220446049250313e-16, -0.2], [0.0, 0.0, 0.0, 1.0]]","[[-4.909667916663807e-08, -3.7690232431254934e-07, -0.9999999999999281, 0.4000003687686991], [-1.9240956837344355e-07, 0.9999999999999107, -3.7690231486587194e-07, -0.3137807000886644], [0.9999999999999807, 1.9240954986877757e-07, -4.909675177522388e-08, -0.20000024586524484], [0.0, 0.0, 0.0, 1.0]]"
1.1583333333333332,-2.2303602805404057,5.427988045675922,17.192175244738007,-95.12186574042235,-8.095163256187561,10.737550002653931,20.506961671593576,-2.228508445501686,-5.433319008323117,-17.184943781954257,-95.12286294804117,8.088380878341738,10.73764818662325,-20.512152615362787,"[[2.220446049250313e-16, -0.0, -1.0, 0.4], [0.0, 1.0, -0.0, 0.313125], [1.0, 0.0, 2.220446049250313e-16, -0.2], [0.0, 0.0, 0.0, 1.0]]","[[-6.492592546925025e-08, 1.5276396763017834e-07, -0.9999999999999861, 0.4000001221853315], [5.163599625422507e-08, 0.9999999999999869, 1.527639642776636e-07, 0.31313179185036166], [0.9999999999999966, -5.1635986335882606e-08, -6.492593324081142e-08, -0.20000006628377012], [0.0, 0.0, 0.0, 1.0]]","[[2.220446049250313e-16, -0.0, -1.0, 0.4], [0.0, 1.0, -0.0, -0.313125], [1.0, 0.0, 2.220446049250313e-16, -0.2], [0.0, 0.0, 0.0, 1.0]]","[[-1.2616344274851699e-07, -4.2828489681904777e-07, -0.9999999999999004, 0.4000003629578595], [-1.7012471416269355e-07, 0.9999999999998939, -4.282848753555254e-07, -0.3131556752462378], [0.9999999999999777, 1.7012466012878226e-07, -1.261635155791474e-07, -0.20000021705177154], [0.0, 0.0, 0.0, 1.0]]"
1.1666666666666667,-2.2396333295557556,5.368693039056926,17.123881890774342,-95.17424646116717,-8.02223135000381,10.78996487434461,20.44749292203757,-2.2376399815351697,-5.375136041878363,-17.117915720534338,-95.1742191404105,8.016812448671052,10.789069265789692,-20.453786941357734,"[[2.220446049250313e-16, -0.0, -1.0, 0.4], [0.0, 1.0, -0.0, 0.3125], [1.0, 0.0, 2.220446049250313e-16, -0.2], [0.0, 0.0, 0.0, 1.0]]","[[-9.418868390786983e-08, 2.0391730616744217e-07, -0.9999999999999749, 0.40000017630795615], [6.971979763450446e-08, 0.9999999999999769, 2.0391729960062663e-07, 0.3125112326937455], [0.9999999999999933, -6.971977842780064e-08, -9.418869811872455e-08, -0.2000000956408138], [0.0, 0.0, 0.0, 1.0]]","[[2.220446049250313e-16, -0.0, -1.0, 0.4], [0.0, 1.0, -0.0, -0.3125], [1.0, 0.0, 2.220446049250313e-16, -0.2], [0.0, 0.0, 0.0, 1.0]]","[[-1.0840862008087981e-07, -5.454647324475315e-07, -0.9999999999998456, 0.40000049472888083], [-2.42107995439232e-07, 0.9999999999998221, -5.454647062009251e-07, -0.31255072305853626], [0.999999999999965, 2.421079363061184e-07, -1.0840875197537514e-07, -0.20000031137321608], [0.0, 0.0, 0.0, 1.0]]"
1.175,-2.248906805457929,5.310092577299155,17.056290338747896,-95.22570510637405,-7.950033689155838,10.84157719880781,20.38852277629097,-2.2469205010699245,-5.3165402758756475,-17.050324168507892,-95.22567778561738,7.944617349144018,10.840690127989355,-20.394815088063844,"[[2.220446049250313e-16, -0.0, -1.0, 0.4], [0.0, 1.0, -0.0, 0.311875], [1.0, 0.0, 2.220446049250313e-16, -0.2], [0.0, 0.0, 0.0, 1.0]]","[[-4.768884159789266e-08, 1.3679058204263137e-07, -0.9999999999999896, 0.4000001200989779], [5.956708197253266e-08, 0.9999999999999889, 1.3679057920194613e-07, 0.31188179918732484], [0.9999999999999971, -5.9567075449147784e-08, -4.768884959149844e-08, -0.20000006819732585], [0.0, 0.0, 0.0, 1.0]]","[[2.220446049250313e-16, -0.0, -1.0, 0.4], [0.0, 1.0, -0.0, -0.311875], [1.0, 0.0, 2.220446049250313e-16, -0.2], [0.0, 0.0, 0.0, 1.0]]","[[-9.634289305227028e-08, -3.0302611060958394e-07, -0.9999999999999497, 0.4000002542946575], [-1.2911143946431908e-07, 0.999999999999946, -3.0302609817061326e-07, -0.3118935624799367], [0.9999999999999872, 1.291114102699016e-07, -9.634293213212075e-08, -0.20000014916039463], [0.0, 0.0, 0.0, 1.0]]"
1.1833333333333333,-2.258176652822106,5.252186233515787,16.989404003753254,-95.27625533642131,-7.878573688738226,10.89239295245906,20.330056356995662,-2.256197392066683,-5.258638627847334,-16.98343954106054,-95.2762348458538,7.873159910047344,10.89151356560342,-20.336348668768537,"[[2.220446049250313e-16, -0.0, -1.0, 0.4], [0.0, 1.0, -0.0, 0.31125], [1.0, 0.0, 2.220446049250313e-16, -0.2], [0.0, 0.0, 0.0, 1.0]]","[[1.2228592916052605e-08, 1.1947983239866213e-07, -0.9999999999999928, 0.40000012273347674], [5.2715269165564913e-08, 0.9999999999999915, 1.1947983304329552e-07, 0.31125680359424723], [0.9999999999999986, -5.271527062663477e-08, 1.2228586587781365e-08, -0.2000000907556231], [0.0, 0.0, 0.0, 1.0]]","[[2.220446049250313e-16, -0.0, -1.0, 0.4], [0.0, 1.0, -0.0, -0.31125], [1.0, 0.0, 2.220446049250313e-16, -0.2], [0.0, 0.0, 0.0, 1.0]]","[[-5.835452121516482e-08, -2.739811341855179e-07, -0.9999999999999607, 0.40000025412654644], [-1.3236479289837868e-07, 0.9999999999999536, -2.7398112646143187e-07, -0.3112685714653703], [0.9999999999999896, 1.3236477691033602e-07, -5.8354557408435426e-08, -0.20000016212714872], [0.0, 0.0, 0.0, 1.0]]"
1.1916666666666667,-2.26763603793575,5.193595590154948,16.921641696997558,-95.32715390611625,-7.806151485421288,10.943645838217188,20.27070884329742,-2.265663820812909,-5.200052680241549,-16.915678941852136,-95.32713341554874,7.800740268051345,10.942774989098012,-20.276999447523,"[[2.220446049250313e-16, -0.0, -1.0, 0.4], [0.0, 1.0, -0.0, 0.31062500000000004], [1.0, 0.0, 2.220446049250313e-16, -0.2], [0.0, 0.0, 0.0, 1.0]]","[[-3.189868064135126e-08, 2.039086078089772e-07, -0.9999999999999786, 0.40000017620117934], [8.178060352670299e-08, 0.9999999999999758, 2.0390860520028322e-07, 0.3106362355775047], [0.9999999999999961, -8.178059702228577e-08, -3.189869729469663e-08, -0.20000011418154712], [0.0, 0.0, 0.0, 1.0]]","[[2.220446049250313e-16, -0.0, -1.0, 0.4], [0.0, 1.0, -0.0, -0.31062500000000004], [1.0, 0.0, 2.220446049250313e-16, -0.2], [0.0, 0.0, 0.0, 1.0]]","[[-1.2607552335452965e-07, -5.758492991355684e-07, -0.9999999999998261, 0.4000004839053062], [-2.563192790555171e-07, 0.9999999999998013, -5.758492668199669e-07, -0.31067570452547305], [0.9999999999999591, 2.563192064549749e-07, -1.2607567101419193e-07, -0.20000029603274502], [0.0, 0.0, 0.0, 1.0]]"
1.2,-2.2772883758934475,5.134319793442993,16.853001710933516,-95.37838715508052,-7.732761956563147,10.99532902589303,20.21047340500708,-2.2753234158465996,-5.140781579284647,-16.847038955788094,-95.37836666451301,7.72735415428779,10.994466714510315,-20.21676400923266,"[[2.220446049250313e-16, -0.0, -1.0, 0.4], [0.0, 1.0, -0.0, 0.31], [1.0, 0.0, 2.220446049250313e-16, -0.2], [0.0, 0.0, 0.0, 1.0]]","[[-1.372779945274516e-09, 1.393267017253171e-07, -0.9999999999999902, 0.4000001213363529], [6.524488473929131e-08, 0.9999999999999882, 1.3932670163574994e-07, 0.31000679877849874], [0.9999999999999978, -6.524488454802577e-08, -1.3727890491033179e-09, -0.2000000867400095], [0.0, 0.0, 0.0, 1.0]]","[[2.220446049250313e-16, -0.0, -1.0, 0.4], [0.0, 1.0, -0.0, -0.31], [1.0, 0.0, 2.220446049250313e-16, -0.2], [0.0, 0.0, 0.0, 1.0]]","[[-9.175810417039187e-08, -2.925965311575137e-07, -0.999999999999953, 0.4000002479773963], [-1.3169353083064464e-07, 0.9999999999999485, -2.9259651907356363e-07, -0.3100185663277373], [0.9999999999999872, 1.3169350398253655e-07, -9.175814280615313e-08, -0.20000014412823708], [0.0, 0.0, 0.0, 1.0]]"
1.2083333333333333,-2.286935377765856,5.0757376878186165,16.78507035699586,-95.42871881907435,-7.66011179568266,11.046215642756916,20.150748523357194,-2.2849776747950012,-5.082204169415326,-16.779107601850438,-95.42869832850683,7.654706554728241,11.045361869110666,-20.157037420035483,"[[2.220446049250313e-16, -0.0, -1.0, 0.4], [0.0, 1.0, -0.0, 0.309375], [1.0, 0.0, 2.220446049250313e-16, -0.2], [0.0, 0.0, 0.0, 1.0]]","[[-4.535300623942362e-08, 1.996498878256616e-07, -0.9999999999999793, 0.400000172518118], [8.351908956900902e-08, 0.9999999999999769, 1.996498840378193e-07, 0.3093862347432416], [0.9999999999999958, -8.351908051428482e-08, -4.535302289276899e-08, -0.20000010604158044], [0.0, 0.0, 0.0, 1.0]]","[[2.220446049250313e-16, -0.0, -1.0, 0.4], [0.0, 1.0, -0.0, -0.309375], [1.0, 0.0, 2.220446049250313e-16, -0.2], [0.0, 0.0, 0.0, 1.0]]","[[-7.324793033225419e-08, -2.78778736789679e-07, -0.9999999999999584, 0.4000002484758441], [-1.2187668785957232e-07, 0.9999999999999536, -2.7877872786246255e-07, -0.30939357388110345], [0.9999999999999899, 1.2187666743960243e-07, -7.324796430507874e-08, -0.20000014996115953], [0.0, 0.0, 0.0, 1.0]]"
1.2166666666666666,-2.29657362845839,5.017848846394997,16.71785105027918,-95.4781557282869,-7.588205271648058,11.096311665224375,20.091539320989646,-2.294724995070844,-5.023631028414235,-16.711092578095453,-95.47874312455552,7.581946257047388,11.09607346237707,-20.09712300063613,"[[2.220446049250313e-16, -0.0, -1.0, 0.4], [0.0, 1.0, -0.0, 0.30875], [1.0, 0.0, 2.220446049250313e-16, -0.2], [0.0, 0.0, 0.0, 1.0]]","[[-5.836773553369312e-08, 1.413361799058954e-07, -0.9999999999999885, 0.4000001159138226], [4.0533779429433796e-08, 0.9999999999999893, 1.413361775400306e-07, 0.30875679408552137], [0.9999999999999976, -4.0533771179960693e-08, -5.836774130685285e-08, -0.2000000633354116], [0.0, 0.0, 0.0, 1.0]]","[[2.220446049250313e-16, -0.0, -1.0, 0.4], [0.0, 1.0, -0.0, -0.30875], [1.0, 0.0, 2.220446049250313e-16, -0.2], [0.0, 0.0, 0.0, 1.0]]","[[-6.766232085730906e-08, -2.8997364403186313e-07, -0.9999999999999557, 0.4000002465677824], [-1.0663665699761328e-07, 0.9999999999999523, -2.8997363681657846e-07, -0.3087685649926551], [0.9999999999999921, 1.0663663737731931e-07, -6.766235172150914e-08, -0.20000014840281852], [0.0, 0.0, 0.0, 1.0]]"
1.225,-2.3065693968652923,4.95816878786154,16.64847511133207,-95.52889720363092,-7.513953431407204,11.14780702269804,20.030308382627773,-2.3045649497873053,-4.965061729394553,-16.642995592070424,-95.52850788284823,7.50907326124523,11.14660234808318,-20.037022458581895,"[[2.220446049250313e-16, -0.0, -1.0, 0.4], [0.0, 1.0, -0.0, 0.308125], [1.0, 0.0, 2.220446049250313e-16, -0.2], [0.0, 0.0, 0.0, 1.0]]","[[-1.3998890935340569e-08, 1.957709768219677e-07, -0.9999999999999807, 0.40000017293134105], [7.756131508644406e-08, 0.9999999999999778, 1.9577097573619477e-07, 0.30813624047924015], [0.9999999999999969, -7.756131234586602e-08, -1.3998906034373704e-08, -0.20000011635577283], [0.0, 0.0, 0.0, 1.0]]","[[2.220446049250313e-16, -0.0, -1.0, 0.4], [0.0, 1.0, -0.0, -0.308125], [1.0, 0.0, 2.220446049250313e-16, -0.2], [0.0, 0.0, 0.0, 1.0]]","[[-2.273768062721615e-08, -1.8277542961822888e-07, -0.999999999999983, 0.4000001712726384], [-7.155101582432805e-08, 0.9999999999999807, -1.827754279913243e-07, -0.3081362422664244], [0.9999999999999972, 7.155101166843752e-08, -2.273769372784784e-08, -0.20000011114227362], [0.0, 0.0, 0.0, 1.0]]"
1.2333333333333334,-2.316434111017495,4.900015703494406,16.580775983826193,-95.57801309395248,-7.441484270539722,11.197774979118561,19.970450312289074,-2.3145594375337377,-4.9060792039300845,-16.57433170034429,-95.57836143360015,7.435566765397552,11.197313087575939,-19.976308907049653,"[[2.220446049250313e-16, -0.0, -1.0, 0.4], [0.0, 1.0, -0.0, 0.3075], [1.0, 0.0, 2.220446049250313e-16, -0.2], [0.0, 0.0, 0.0, 1.0]]","[[-5.791350815576024e-08, 1.3986314917689288e-07, -0.9999999999999887, 0.4000001140984037], [5.048214549307558e-08, 0.9999999999999889, 1.398631462532948e-07, 0.30750679602311365], [0.9999999999999971, -5.0482137393109535e-08, -5.79135152611876e-08, -0.20000005964976802], [0.0, 0.0, 0.0, 1.0]]","[[2.220446049250313e-16, -0.0, -1.0, 0.4], [0.0, 1.0, -0.0, -0.3075], [1.0, 0.0, 2.220446049250313e-16, -0.2], [0.0, 0.0, 0.0, 1.0]]","[[-8.336898116301228e-09, -2.6095620175593446e-07, -0.9999999999999658, 0.4000002471815385], [-1.2501308193848433e-07, 0.999999999999958, -2.609562007137111e-07, -0.3075185794139556], [0.999999999999992, 1.2501307976291477e-07, -8.336930756858152e-09, -0.20000016892279018], [0.0, 0.0, 0.0, 1.0]]"
1.2416666666666667,-2.3265144030153757,4.841031897369468,16.51202842228272,-95.62757977675926,-7.367861661476154,11.248291911993622,19.909548930554656,-2.324585514905082,-4.847517161986395,-16.506069082231885,-95.62755245600258,7.362467519579138,11.247471435519573,-19.91583441213836,"[[2.220446049250313e-16, -0.0, -1.0, 0.4], [0.0, 1.0, -0.0, 0.306875], [1.0, 0.0, 2.220446049250313e-16, -0.2], [0.0, 0.0, 0.0, 1.0]]","[[1.0725545673828663e-08, 8.034672038471413e-08, -0.9999999999999967, 0.40000007987199626], [4.126828784294095e-08, 0.999999999999996, 8.034672082733898e-08, 0.3068791180439833], [0.9999999999999991, -4.1268288704703243e-08, 1.0725542343159589e-08, -0.20000005761110495], [0.0, 0.0, 0.0, 1.0]]","[[2.220446049250313e-16, -0.0, -1.0, 0.4], [0.0, 1.0, -0.0, -0.306875], [1.0, 0.0, 2.220446049250313e-16, -0.2], [0.0, 0.0, 0.0, 1.0]]","[[-3.479150267882147e-08, -2.798145512343323e-07, -0.9999999999999604, 0.4000002442287517], [-1.2921360637701038e-07, 0.9999999999999526, -2.798145467387946e-07, -0.30689357138801276], [0.9999999999999912, 1.292135966418367e-07, -3.479153865004747e-08, -0.20000015798095686], [0.0, 0.0, 0.0, 1.0]]"
1.25,-2.3365626785015223,4.782886070078327,16.444165370236767,-95.67612876137972,-7.295167958139709,11.297892745746253,19.84932373754807,-2.334703799830221,-4.788958962024114,-16.437722794302154,-95.67647027083821,7.28925472186577,11.297443660808325,-19.85517720966677,"[[2.220446049250313e-16, -0.0, -1.0, 0.4], [0.0, 1.0, -0.0, 0.30625], [1.0, 0.0, 2.220446049250313e-16, -0.2], [0.0, 0.0, 0.0, 1.0]]","[[-6.39671410285203e-09, 1.397330212981427e-07, -0.9999999999999905, 0.4000001158314511], [5.318578805674151e-08, 0.9999999999999891, 1.397330209579282e-07, 0.306256797797848], [0.9999999999999989, -5.3185787162908774e-08, -6.396721652368598e-09, -0.20000007674749995], [0.0, 0.0, 0.0, 1.0]]","[[2.220446049250313e-16, -0.0, -1.0, 0.4], [0.0, 1.0, -0.0, -0.30625], [1.0, 0.0, 2.220446049250313e-16, -0.2], [0.0, 0.0, 0.0, 1.0]]","[[1.3370339835283573e-09, -2.5022512618499177e-07, -0.9999999999999688, 0.4000002439983961], [-1.446126931901608e-07, 0.9999999999999585, -2.502251263783413e-07, -0.3062685834115413], [0.9999999999999897, 1.4461269352471576e-07, 1.3369977902577546e-09, -0.2000001693572309], [0.0, 0.0, 0.0, 1.0]]"
1.2583333333333333,-2.346765060130817,4.7243265894555755,16.37574053513158,-95.7247597082702,-7.221840754757745,11.347672018190954,19.78848382751618,-2.344914505752567,-4.730403750269595,-16.369296251649676,-95.7251012177287,7.215930079804745,11.34723061721584,-19.794333884540297,"[[2.220446049250313e-16, -0.0, -1.0, 0.4], [0.0, 1.0, -0.0, 0.30562500000000004], [1.0, 0.0, 2.220446049250313e-16, -0.2], [0.0, 0.0, 0.0, 1.0]]","[[1.1284060907890137e-09, 1.2087440302227303e-07, -0.9999999999999929, 0.40000011527854973], [4.977001219985949e-08, 0.9999999999999916, 1.2087440307843364e-07, 0.30563180460835904], [0.9999999999999989, -4.977001233625452e-08, 1.1283999845623782e-09, -0.20000007910590237], [0.0, 0.0, 0.0, 1.0]]","[[2.220446049250313e-16, -0.0, -1.0, 0.4], [0.0, 1.0, -0.0, -0.30562500000000004], [1.0, 0.0, 2.220446049250313e-16, -0.2], [0.0, 0.0, 0.0, 1.0]]","[[-1.2974069985016712e-08, -1.3324472780655527e-07, -0.9999999999999912, 0.4000001151599931], [-4.665297898837435e-08, 0.9999999999999902, -1.3324472720127614e-07, -0.30563180086453184], [0.999999999999999, 4.665297725964752e-08, -1.297407620226565e-08, -0.20000007497083697], [0.0, 0.0, 0.0, 1.0]]"
1.2666666666666666,-2.3570596493139075,4.66577052392741,16.30723203020906,-95.77311061740473,-7.148401707028121,11.39726516798077,19.7274595023767,-2.355216992341885,-4.671851953609661,-16.300789454274447,-95.77345212686322,7.142492312735591,11.396830597194828,-19.733309559400816,"[[2.220446049250313e-16, -0.0, -1.0, 0.4], [0.0, 1.0, -0.0, 0.305], [1.0, 0.0, 2.220446049250313e-16, -0.2], [0.0, 0.0, 0.0, 1.0]]","[[-3.348683169646094e-08, 1.4398271785570948e-07, -0.9999999999999891, 0.40000011271332814], [5.44961732671831e-08, 0.9999999999999882, 1.4398271603080516e-07, 0.3050067964284361], [0.999999999999998, -5.449616844565753e-08, -3.348683946802211e-08, -0.20000006722491112], [0.0, 0.0, 0.0, 1.0]]","[[2.220446049250313e-16, -0.0, -1.0, 0.4], [0.0, 1.0, -0.0, -0.305], [1.0, 0.0, 2.220446049250313e-16, -0.2], [0.0, 0.0, 0.0, 1.0]]","[[-1.3051177971679095e-07, -5.783780451619281e-07, -0.9999999999998244, 0.4000004541045779], [-2.6413389643865186e-07, 0.999999999999798, -5.78378010689328e-07, -0.30505070655817773], [0.9999999999999567, 2.6413382095346196e-07, -1.3051193248347914e-07, -0.20000026430993237], [0.0, 0.0, 0.0, 1.0]]"
1.275,-2.3674460191639697,4.607217019720183,16.238644978111086,-95.82118148878327,-7.07484953429037,11.446671341342057,19.666254177224218,-2.365611259598175,-4.613303145157488,-16.232200694629178,-95.82151616805261,7.068942274431955,11.446243600745285,-19.672100819153748,"[[2.220446049250313e-16, -0.0, -1.0, 0.4], [0.0, 1.0, -0.0, 0.304375], [1.0, 0.0, 2.220446049250313e-16, -0.2], [0.0, 0.0, 0.0, 1.0]]","[[-1.2600371357418538e-08, 1.1270580731796361e-07, -0.9999999999999939, 0.40000011392000034], [6.792462213549539e-08, 0.9999999999999916, 1.127058064620879e-07, 0.3043818090193964], [0.9999999999999979, -6.792462071535993e-08, -1.260037912897971e-08, -0.20000007469331313], [0.0, 0.0, 0.0, 1.0]]","[[2.220446049250313e-16, -0.0, -1.0, 0.4], [0.0, 1.0, -0.0, -0.304375], [1.0, 0.0, 2.220446049250313e-16, -0.2], [0.0, 0.0, 0.0, 1.0]]","[[-3.407501708574401e-08, -2.8016938218347293e-07, -0.9999999999999603, 0.4000002373570485], [-1.206549959712356e-07, 0.9999999999999536, -2.8016937807215e-07, -0.3043935777089176], [0.9999999999999922, 1.2065498642445445e-07, -3.407505083652396e-08, -0.20000014854828874], [0.0, 0.0, 0.0, 1.0]]"
1.2833333333333332,-2.377924169681004,4.548666503720718,16.16997767129036,-95.86896549221669,-7.001185090318136,11.495889684501169,19.604864436964142,-2.3760315669506755,-4.555174393339271,-16.16402003878682,-95.86894500164918,6.995805035686281,11.495111042935788,-19.611146503453263,"[[2.220446049250313e-16, -0.0, -1.0, 0.4], [0.0, 1.0, -0.0, 0.30375], [1.0, 0.0, 2.220446049250313e-16, -0.2], [0.0, 0.0, 0.0, 1.0]]","[[-2.294887324616468e-08, 1.8720178395269236e-07, -0.9999999999999825, 0.40000016433166974], [7.671611313560207e-08, 0.9999999999999798, 1.872017821921435e-07, 0.3037612425296681], [0.9999999999999971, -7.671610883953073e-08, -2.2948887457019396e-08, -0.20000010421894004], [0.0, 0.0, 0.0, 1.0]]","[[2.220446049250313e-16, -0.0, -1.0, 0.4], [0.0, 1.0, -0.0, -0.30375], [1.0, 0.0, 2.220446049250313e-16, -0.2], [0.0, 0.0, 0.0, 1.0]]","[[-5.808689113040444e-08, -3.949481733986843e-07, -0.9999999999999206, 0.40000033009202646], [-1.9623015177837004e-07, 0.9999999999999032, -3.9494816200027786e-07, -0.3037806928541789], [0.9999999999999795, 1.962301288370435e-07, -5.808696862397156e-08, -0.200000206067054], [0.0, 0.0, 0.0, 1.0]]"
1.2916666666666667,-2.388493673978187,4.490118549042192,16.10123010974689,-95.91646945789412,-6.92740837511142,11.544919343684459,19.543295404238354,-2.386608328323852,-4.496631134415799,-16.09527418479064,-95.91644896732662,6.922031308687328,11.544148386081893,-19.549575763180183,"[[2.220446049250313e-16, -0.0, -1.0, 0.4], [0.0, 1.0, -0.0, 0.303125], [1.0, 0.0, 2.220446049250313e-16, -0.2], [0.0, 0.0, 0.0, 1.0]]","[[-4.2715756320976794e-08, 2.1192010111787732e-07, -0.9999999999999765, 0.4000001621260294], [9.303314090449033e-08, 0.9999999999999731, 2.1192009714389561e-07, 0.3031362325616835], [0.9999999999999947, -9.303313185216092e-08, -4.271577608294663e-08, -0.20000009646796754], [0.0, 0.0, 0.0, 1.0]]","[[2.220446049250313e-16, -0.0, -1.0, 0.4], [0.0, 1.0, -0.0, -0.303125], [1.0, 0.0, 2.220446049250313e-16, -0.2], [0.0, 0.0, 0.0, 1.0]]","[[-2.5642727108365904e-08, -2.7826373801354587e-07, -0.9999999999999608, 0.4000002340573122], [-1.4188517227184868e-07, 0.9999999999999512, -2.782637343752204e-07, -0.3031435734624614], [0.9999999999999895, 1.4188516513640216e-07, -2.564276663230558e-08, -0.20000015016599287], [0.0, 0.0, 0.0, 1.0]]"
1.3,-2.399154532055519,4.431573582571428,16.032405708575258,-95.96368655562642,-6.853519388670222,11.593760318891928,19.48154366395227,-2.3972764434771774,-4.438090436813266,-16.026449783619007,-95.96366606505892,6.848145310453892,11.592997899025825,-19.487824022894095,"[[2.220446049250313e-16, -0.0, -1.0, 0.4], [0.0, 1.0, -0.0, 0.3025], [1.0, 0.0, 2.220446049250313e-16, -0.2], [0.0, 0.0, 0.0, 1.0]]","[[-6.309127009718196e-08, 1.6372329612948056e-07, -0.9999999999999847, 0.40000010808827985], [4.9272919888156315e-08, 0.9999999999999855, 1.6372329302078957e-07, 0.30250678994719143], [0.9999999999999969, -4.9272909558645044e-08, -6.309127809078774e-08, -0.2000000519036255], [0.0, 0.0, 0.0, 1.0]]","[[2.220446049250313e-16, -0.0, -1.0, 0.4], [0.0, 1.0, -0.0, -0.3025], [1.0, 0.0, 2.220446049250313e-16, -0.2], [0.0, 0.0, 0.0, 1.0]]","[[-6.784781736435264e-09, -1.8056140465502125e-07, -0.9999999999999838, 0.40000016196947136], [-9.397498627969687e-08, 0.9999999999999795, -1.8056140401742067e-07, -0.30251124644468796], [0.9999999999999958, 9.397498505462557e-08, -6.784798833869843e-09, -0.20000010720901654], [0.0, 0.0, 0.0, 1.0]]"
1.3083333333333333,-2.4097916979141676,4.373719745867304,15.96430872255023,-96.01004987971247,-6.780390260774188,11.641828628949538,19.42034175389437,-2.4080359124106514,-4.379552300531672,-15.957546835271918,-96.01060312503523,6.774147040985973,11.641657020446642,-19.425891282595007,"[[2.220446049250313e-16, -0.0, -1.0, 0.4], [0.0, 1.0, -0.0, 0.301875], [1.0, 0.0, 2.220446049250313e-16, -0.2], [0.0, 0.0, 0.0, 1.0]]","[[5.539156355816033e-10, 1.1583498968017731e-07, -0.9999999999999932, 0.4000001103825457], [5.778557091222902e-08, 0.9999999999999916, 1.1583498971218545e-07, 0.30188180663194125], [0.9999999999999983, -5.778557097639146e-08, 5.539089742434555e-10, -0.2000000752000269], [0.0, 0.0, 0.0, 1.0]]","[[2.220446049250313e-16, -0.0, -1.0, 0.4], [0.0, 1.0, -0.0, -0.301875], [1.0, 0.0, 2.220446049250313e-16, -0.2], [0.0, 0.0, 0.0, 1.0]]","[[-2.0969170011486682e-08, -1.8286675068545592e-07, -0.9999999999999829, 0.4000001608022737], [-7.787281906510387e-08, 0.9999999999999802, -1.82866749052527e-07, -0.3018862461517445], [0.9999999999999967, 7.787281523053859e-08, -2.0969184444386002e-08, -0.2000001018466308], [0.0, 0.0, 0.0, 1.0]]"
1.3166666666666667,-2.420633556004505,4.315179475151594,15.895327227027687,-96.05670690193283,-6.706278439411318,11.690292236205364,19.35823313622415,-2.418886308237451,-4.321016298684194,-15.888565339749373,-96.05726014725559,6.700036500283573,11.69012660411799,-19.363780957377493,"[[2.220446049250313e-16, -0.0, -1.0, 0.4], [0.0, 1.0, -0.0, 0.30125], [1.0, 0.0, 2.220446049250313e-16, -0.2], [0.0, 0.0, 0.0, 1.0]]","[[1.8284131819701344e-08, 2.771247104285869e-07, -0.9999999999999617, 0.40000023214870517], [1.365313382881478e-07, 0.9999999999999525, 2.7712471292494137e-07, 0.3012685754700296], [0.9999999999999908, -1.365313433551273e-07, 1.8284094072118506e-08, -0.20000016042542254], [0.0, 0.0, 0.0, 1.0]]","[[2.220446049250313e-16, -0.0, -1.0, 0.4], [0.0, 1.0, -0.0, -0.30125], [1.0, 0.0, 2.220446049250313e-16, -0.2], [0.0, 0.0, 0.0, 1.0]]","[[6.295927057475836e-09, -2.702325491125061e-07, -0.9999999999999637, 0.4000002317388342], [-1.2491925416023923e-07, 0.9999999999999558, -2.7023254989898644e-07, -0.30126857957249836], [0.9999999999999923, 1.249192558615991e-07, 6.295893306695888e-09, -0.20000015798910614], [0.0, 0.0, 0.0, 1.0]]"
1.325,-2.4316833079777047,4.2559523435374755,15.825462929554918,-96.10365079209832,-6.631180936373851,11.739141749149296,19.295212688299735,-2.4298276309575773,-4.262482431270831,-15.819507004598668,-96.10363030153081,6.62581496900716,11.738404088718934,-19.30148963214698,"[[2.220446049250313e-16, -0.0, -1.0, 0.4], [0.0, 1.0, -0.0, 0.30062500000000003], [1.0, 0.0, 2.220446049250313e-16, -0.2], [0.0, 0.0, 0.0, 1.0]]","[[-7.235151916473725e-08, 1.9726986101920903e-07, -0.999999999999978, 0.40000015552547485], [7.64483301526728e-08, 0.9999999999999778, 1.9726985548805614e-07, 0.3006362404504722], [0.9999999999999944, -7.644831587989738e-08, -7.235153426377039e-08, -0.20000007999418729], [0.0, 0.0, 0.0, 1.0]]","[[2.220446049250313e-16, -0.0, -1.0, 0.4], [0.0, 1.0, -0.0, -0.30062500000000003], [1.0, 0.0, 2.220446049250313e-16, -0.2], [0.0, 0.0, 0.0, 1.0]]","[[-2.3769214596569554e-08, -3.981090918700024e-07, -0.9999999999999205, 0.4000003218930209], [-1.7894587435768816e-07, 0.9999999999999047, -3.9810908761659327e-07, -0.30065570223618154], [0.9999999999999838, 1.7894586489493356e-07, -2.3769285872887735e-08, -0.20000020778253996], [0.0, 0.0, 0.0, 1.0]]"
1.3333333333333333,-2.4427078736283403,4.197415914803173,15.756326047228757,-96.1497340784284,-6.5568441456551945,11.787220304490662,19.232745485698093,-2.4409296765666095,-4.203533629865389,-15.749883471294142,-96.15005509731938,6.55095054617512,11.786841228991726,-19.238576759701992,"[[2.220446049250313e-16, -0.0, -1.0, 0.4], [0.0, 1.0, -0.0, 0.30000000000000004], [1.0, 0.0, 2.220446049250313e-16, -0.2], [0.0, 0.0, 0.0, 1.0]]","[[3.923653013604422e-09, 1.9869141364831661e-07, -0.9999999999999802, 0.40000015951811074], [9.318057791230014e-08, 0.9999999999999758, 1.98691414013924e-07, 0.300011238295735], [0.9999999999999956, -9.318057869189447e-08, 3.923634472879911e-09, -0.20000010734672496], [0.0, 0.0, 0.0, 1.0]]","[[2.220446049250313e-16, -0.0, -1.0, 0.4], [0.0, 1.0, -0.0, -0.30000000000000004], [1.0, 0.0, 2.220446049250313e-16, -0.2], [0.0, 0.0, 0.0, 1.0]]","[[-1.0825456586704973e-08, -4.0647286809229534e-07, -0.9999999999999175, 0.4000003204631972], [-1.9469245643591782e-07, 0.9999999999998987, -4.064728659846529e-07, -0.30003069387508674], [0.9999999999999812, 1.946924520356473e-07, -1.0825535856628932e-08, -0.20000020736420812], [0.0, 0.0, 0.0, 1.0]]"
1.3416666666666666,-2.4538227258420666,4.138881620502987,15.687115740369018,-96.1955373270025,-6.482396364362525,11.83510676076162,19.17010069817803,-2.452052853073387,-4.145003604433434,-15.680671456887112,-96.1958583458935,6.476504472429743,11.834734515451855,-19.175930264634633,"[[2.220446049250313e-16, -0.0, -1.0, 0.4], [0.0, 1.0, -0.0, 0.299375], [1.0, 0.0, 2.220446049250313e-16, -0.2], [0.0, 0.0, 0.0, 1.0]]","[[-1.0415641626959626e-08, 1.215006251780795e-07, -0.9999999999999928, 0.40000010760116883], [7.35971075778001e-08, 0.99999999999999, 1.2150062441151808e-07, 0.29938180673974596], [0.9999999999999974, -7.359710631229259e-08, -1.0415650508743823e-08, -0.20000007038001727], [0.0, 0.0, 0.0, 1.0]]","[[2.220446049250313e-16, -0.0, -1.0, 0.4], [0.0, 1.0, -0.0, -0.299375], [1.0, 0.0, 2.220446049250313e-16, -0.2], [0.0, 0.0, 0.0, 1.0]]","[[-7.078370894975095e-08, -2.9831080339119426e-07, -0.9999999999999529, 0.4000002220260446], [-1.1223972451771672e-07, 0.9999999999999492, -2.983107954464491e-07, -0.2993935718742634], [0.9999999999999911, 1.1223970340216693e-07, -7.078374247848629e-08, -0.2000001249086488], [0.0, 0.0, 0.0, 1.0]]"
1.35,-2.4650995816051693,4.0799319653239,15.617336820260876,-96.24140204727914,-6.407304837740582,11.883146896288906,19.106830948348907,-2.4631948126003818,-4.086892354974966,-15.61187608401945,-96.24104004725312,6.402478882205144,11.882088216967553,-19.113553562039492,"[[2.220446049250313e-16, -0.0, -1.0, 0.4], [0.0, 1.0, -0.0, 0.29875], [1.0, 0.0, 2.220446049250313e-16, -0.2], [0.0, 0.0, 0.0, 1.0]]","[[-6.562530036058334e-08, 1.6739931335229908e-07, -0.9999999999999839, 0.40000010292429933], [4.447734574666882e-08, 0.9999999999999851, 1.673993104334601e-07, 0.29875679018155216], [0.999999999999997, -4.447733476103806e-08, -6.56253079100999e-08, -0.20000004608221428], [0.0, 0.0, 0.0, 1.0]]","[[2.220446049250313e-16, -0.0, -1.0, 0.4], [0.0, 1.0, -0.0, -0.29875], [1.0, 0.0, 2.220446049250313e-16, -0.2], [0.0, 0.0, 0.0, 1.0]]","[[-4.8342118030841874e-08, -2.826604304023091e-07, -0.9999999999999589, 0.40000022205131824], [-1.1382537550017933e-07, 0.9999999999999536, -2.8266042489974785e-07, -0.2987685763068161], [0.9999999999999925, 1.1382536183577104e-07, -4.834215022730959e-08, -0.2000001308843539], [0.0, 0.0, 0.0, 1.0]]"
1.3583333333333334,-2.4763237168456156,4.02181772765767,15.548466315312345,-96.28629688069363,-6.333165695621032,11.930299960997734,19.04428007592993,-2.4744977084596953,-4.028365317750773,-15.542513805450678,-96.28627639012612,6.327810827311742,11.929596451513223,-19.050553604682587,"[[2.220446049250313e-16, -0.0, -1.0, 0.4], [0.0, 1.0, -0.0, 0.298125], [1.0, 0.0, 2.220446049250313e-16, -0.2], [0.0, 0.0, 0.0, 1.0]]","[[2.908931479028709e-08, 1.2417113608918148e-07, -0.9999999999999919, 0.40000010832560834], [7.107091123740824e-08, 0.9999999999999898, 1.2417113815658532e-07, 0.2981318071233847], [0.999999999999997, -7.107091484946099e-08, 2.9089305908502894e-08, -0.2000000806065853], [0.0, 0.0, 0.0, 1.0]]","[[2.220446049250313e-16, -0.0, -1.0, 0.4], [0.0, 1.0, -0.0, -0.298125], [1.0, 0.0, 2.220446049250313e-16, -0.2], [0.0, 0.0, 0.0, 1.0]]","[[-1.0156522844972926e-09, -4.015834569195609e-07, -0.9999999999999195, 0.4000003145516933], [-1.9581215495712366e-07, 0.9999999999999003, -4.015834567206762e-07, -0.2981556990367207], [0.999999999999981, 1.9581215454923875e-07, -1.015730888287436e-09, -0.20000020293380572], [0.0, 0.0, 0.0, 1.0]]"
1.3666666666666667,-2.487709215305204,3.9632881291125375,15.479028904662702,-96.33125318581065,-6.258383661945855,11.97760670496289,18.981107656296484,-2.485963888528854,-3.9694229196476782,-15.472586328728088,-96.33156737451247,6.252497746428596,11.977254950220633,-18.986930392563917,"[[2.220446049250313e-16, -0.0, -1.0, 0.4], [0.0, 1.0, -0.0, 0.2975], [1.0, 0.0, 2.220446049250313e-16, -0.2], [0.0, 0.0, 0.0, 1.0]]","[[-2.9593299810670715e-08, 2.0568492746410214e-07, -0.9999999999999784, 0.40000015277141127], [9.463406460352696e-08, 0.9999999999999742, 2.0568492466356703e-07, 0.29751123733883816], [0.999999999999995, -9.463405851662925e-08, -2.9593319350595948e-08, -0.20000009078226372], [0.0, 0.0, 0.0, 1.0]]","[[2.220446049250313e-16, -0.0, -1.0, 0.4], [0.0, 1.0, -0.0, -0.2975], [1.0, 0.0, 2.220446049250313e-16, -0.2], [0.0, 0.0, 0.0, 1.0]]","[[-3.5119977426223414e-08, -1.8761674678305936e-07, -0.9999999999999817, 0.40000015295624053], [-7.726774748257204e-08, 0.9999999999999793, -1.876167440694174e-07, -0.2975112451805398], [0.9999999999999963, 7.726774089347482e-08, -3.5119991859122734e-08, -0.20000009044862346], [0.0, 0.0, 0.0, 1.0]]"
1.375,-2.4990607762623536,3.9054488065604005,15.410332569538006,-96.37538303803811,-6.1843734396468895,12.024155297930172,18.91850555745873,-2.497249922358654,-3.912004507503143,-15.404381767223633,-96.3753625474706,6.1790236939794765,12.02346801014494,-18.924777378664096,"[[2.220446049250313e-16, -0.0, -1.0, 0.4], [0.0, 1.0, -0.0, 0.296875], [1.0, 0.0, 2.220446049250313e-16, -0.2], [0.0, 0.0, 0.0, 1.0]]","[[-4.689459498496973e-08, 1.365248388795718e-07, -0.9999999999999897, 0.4000001016756294], [6.301983604766983e-08, 0.9999999999999888, 1.36524835924282e-07, 0.29688180128094377], [0.999999999999997, -6.301982964539229e-08, -4.689460364470932e-08, -0.2000000508433281], [0.0, 0.0, 0.0, 1.0]]","[[2.220446049250313e-16, -0.0, -1.0, 0.4], [0.0, 1.0, -0.0, -0.296875], [1.0, 0.0, 2.220446049250313e-16, -0.2], [0.0, 0.0, 0.0, 1.0]]","[[-7.728883205659898e-08, -2.882678379245056e-07, -0.9999999999999554, 0.4000002157940038], [-1.3690558163491756e-07, 0.9999999999999489, -2.8826782734323123e-07, -0.2968935740267112], [0.9999999999999876, 1.3690555935502778e-07, -7.728887158053865e-08, -0.20000011458481776], [0.0, 0.0, 0.0, 1.0]]"
1.3833333333333333,-2.510749791253184,3.846232774003682,15.339933809762686,-96.42031202239845,-6.108486622873462,12.071635357945516,18.854236892463497,-2.508821330029713,-3.8534821660340044,-15.334799215054128,-96.4197519468865,6.1040243749113285,12.070394824837512,-18.861256619382978,"[[2.220446049250313e-16, -0.0, -1.0, 0.4], [0.0, 1.0, -0.0, 0.29625], [1.0, 0.0, 2.220446049250313e-16, -0.2], [0.0, 0.0, 0.0, 1.0]]","[[-3.3599689808205824e-08, 1.982121985327814e-07, -0.9999999999999799, 0.400000150624598], [7.364224670037398e-08, 0.9999999999999779, 1.982121960584243e-07, 0.2962612411881335], [0.9999999999999968, -7.364224004050419e-08, -3.359970446314975e-08, -0.20000008634137803], [0.0, 0.0, 0.0, 1.0]]","[[2.220446049250313e-16, -0.0, -1.0, 0.4], [0.0, 1.0, -0.0, -0.29625], [1.0, 0.0, 2.220446049250313e-16, -0.2], [0.0, 0.0, 0.0, 1.0]]","[[-3.951759208753458e-08, -5.535634267927392e-07, -0.9999999999998462, 0.40000041823050886], [-2.7223231012429267e-07, 0.9999999999998099, -5.535634160347537e-07, -0.29630073966466863], [0.9999999999999624, 2.7223228824875747e-07, -3.9517742855821325e-08, -0.2000002535289995], [0.0, 0.0, 0.0, 1.0]]"
1.3916666666666666,-2.522404441854753,3.7877065905531353,15.27027612551231,-96.46441455386922,-6.0333720443630705,12.118356413189343,18.790541963358542,-2.520683661070733,-3.79385418769297,-15.263831842030402,-96.46472191238188,6.0274916783745125,12.118025149014596,-18.7963595769841,"[[2.220446049250313e-16, -0.0, -1.0, 0.4], [0.0, 1.0, -0.0, 0.295625], [1.0, 0.0, 2.220446049250313e-16, -0.2], [0.0, 0.0, 0.0, 1.0]]","[[-3.434433959448313e-09, 1.9061696476958022e-07, -0.999999999999982, 0.40000015132175976], [7.755219001278975e-08, 0.999999999999979, 1.9061696450323177e-07, 0.2956362447133324], [0.9999999999999971, -7.755218935812694e-08, -3.434448836436843e-09, -0.20000009610771774], [0.0, 0.0, 0.0, 1.0]]","[[2.220446049250313e-16, -0.0, -1.0, 0.4], [0.0, 1.0, -0.0, -0.295625], [1.0, 0.0, 2.220446049250313e-16, -0.2], [0.0, 0.0, 0.0, 1.0]]","[[9.874038808810326e-10, -1.336403727802716e-07, -0.9999999999999912, 0.4000001041679831], [-6.18248125343324e-08, 0.9999999999999893, -1.336403728413174e-07, -0.2956318043096773], [0.9999999999999983, 6.182481266628887e-08, 9.873956652306504e-10, -0.20000006972249607], [0.0, 0.0, 0.0, 1.0]]"
1.4,-2.5342240842134602,3.728764192450041,15.200051535560824,-96.50856489666418,-5.957609878541996,12.165219194858446,18.72622036439724,-2.532360296343693,-3.735750195310495,-15.194595921961277,-96.50821655701651,5.952805267347715,12.164219425918684,-18.73294468563512,"[[2.220446049250313e-16, -0.0, -1.0, 0.4], [0.0, 1.0, -0.0, 0.29500000000000004], [1.0, 0.0, 2.220446049250313e-16, -0.2], [0.0, 0.0, 0.0, 1.0]]","[[-6.622965359470712e-08, 1.069871095695529e-07, -0.9999999999999922, 0.40000006573992475], [4.1148814398262326e-08, 0.9999999999999936, 1.0698710684428133e-07, 0.2950041112418878], [0.9999999999999971, -4.114880731254297e-08, -6.622965803559921e-08, -0.20000002155526128], [0.0, 0.0, 0.0, 1.0]]","[[2.220446049250313e-16, -0.0, -1.0, 0.4], [0.0, 1.0, -0.0, -0.29500000000000004], [1.0, 0.0, 2.220446049250313e-16, -0.2], [0.0, 0.0, 0.0, 1.0]]","[[-3.870634529556938e-08, -2.764846723274639e-07, -0.999999999999961, 0.40000021301539995], [-1.175692779113955e-07, 0.9999999999999549, -2.7648466777678505e-07, -0.2950185816004782], [0.9999999999999923, 1.1756926720967987e-07, -3.87063779361263e-08, -0.20000012340126383], [0.0, 0.0, 0.0, 1.0]]"
1.4083333333333332,-2.5459816145394023,3.6706567849729805,15.130743898505411,-96.55177267335368,-5.882811196280717,12.211208566087434,18.6626364258663,-2.5442010696001445,-3.6772295613886485,-15.12479480373833,-96.55175218278617,5.877472549670706,12.210555429248052,-18.668904831977077,"[[2.220446049250313e-16, -0.0, -1.0, 0.4], [0.0, 1.0, -0.0, 0.294375], [1.0, 0.0, 2.220446049250313e-16, -0.2], [0.0, 0.0, 0.0, 1.0]]","[[3.0908348269687025e-08, 1.2061008404642e-07, -0.9999999999999923, 0.40000010427756616], [7.57812821496656e-08, 0.99999999999999, 1.2061008638869396e-07, 0.2943818090340267], [0.9999999999999968, -7.578128587752356e-08, 3.090833916585822e-08, -0.20000007890798419], [0.0, 0.0, 0.0, 1.0]]","[[2.220446049250313e-16, -0.0, -1.0, 0.4], [0.0, 1.0, -0.0, -0.294375], [1.0, 0.0, 2.220446049250313e-16, -0.2], [0.0, 0.0, 0.0, 1.0]]","[[-9.679248763605486e-08, -4.38004074932838e-07, -0.9999999999998992, 0.4000002954755652], [-1.8404482410211266e-07, 0.999999999999887, -4.380040571186763e-07, -0.2944056853157103], [0.9999999999999782, 1.8404478170659187e-07, -9.679256823824645e-08, -0.20000015456403306], [0.0, 0.0, 0.0, 1.0]]"
1.4166666666666667,-2.5577743630282526,3.6128217312890745,15.06168897844929,-96.59450233680128,-5.8082549857349735,12.256787272192575,18.599182260929588,-2.55613106220263,-3.618710208127272,-15.0549219685291,-96.59500777079987,5.802029695193331,12.256693357091487,-18.60469422358979,"[[2.220446049250313e-16, -0.0, -1.0, 0.4], [0.0, 1.0, -0.0, 0.29375], [1.0, 0.0, 2.220446049250313e-16, -0.2], [0.0, 0.0, 0.0, 1.0]]","[[-5.5491567674259556e-08, 2.8630900618520393e-07, -0.9999999999999576, 0.4000002087821981], [1.3138055492838279e-07, 0.9999999999999506, 2.8630899889468897e-07, 0.29376857854498767], [0.99999999999999, -1.3138053904064204e-07, -5.549160519979779e-08, -0.20000011492620745], [0.0, 0.0, 0.0, 1.0]]","[[2.220446049250313e-16, -0.0, -1.0, 0.4], [0.0, 1.0, -0.0, -0.29375], [1.0, 0.0, 2.220446049250313e-16, -0.2], [0.0, 0.0, 0.0, 1.0]]","[[-4.0753306174146076e-08, -2.9450006905866596e-07, -0.9999999999999559, 0.4000002102649477], [-1.2840572651115599e-07, 0.9999999999999486, -2.945000638257059e-07, -0.29376857909990073], [0.999999999999991, 1.284057145092991e-07, -4.075334392172891e-08, -0.20000012054537183], [0.0, 0.0, 0.0, 1.0]]"
1.425,-2.5697846103534854,3.5542985360462898,14.991744426253774,-96.637477887059,-5.7327007137967625,12.302722001908204,18.53480431290763,-2.568149847264325,-3.5601910683093068,-14.984977416333585,-96.63797649086843,5.726476703915588,12.302634063222639,-18.540312860473247,"[[2.220446049250313e-16, -0.0, -1.0, 0.4], [0.0, 1.0, -0.0, 0.29312499999999997], [1.0, 0.0, 2.220446049250313e-16, -0.2], [0.0, 0.0, 0.0, 1.0]]","[[-1.669643445723068e-08, 1.9397465234663105e-07, -0.9999999999999811, 0.4000001464877174], [9.076785354758992e-08, 0.9999999999999771, 1.9397465083113077e-07, 0.2931362440661719], [0.9999999999999958, -9.076785030890316e-08, -1.669645199875447e-08, -0.2000000871866841], [0.0, 0.0, 0.0, 1.0]]","[[2.220446049250313e-16, -0.0, -1.0, 0.4], [0.0, 1.0, -0.0, -0.29312499999999997], [1.0, 0.0, 2.220446049250313e-16, -0.2], [0.0, 0.0, 0.0, 1.0]]","[[-3.0167492781618677e-08, -4.2227207790697413e-07, -0.9999999999999106, 0.4000002955806682], [-1.9314545732036564e-07, 0.9999999999998925, -4.222720720802522e-07, -0.29315569966562655], [0.9999999999999812, 1.9314544458145868e-07, -3.0167574271988684e-08, -0.20000017432354955], [0.0, 0.0, 0.0, 1.0]]"
1.4333333333333333,-2.582015131279451,3.4950867723578027,14.920910241918865,-96.6806856637485,-5.656144111597851,12.349004217497857,18.469495751611262,-2.5803359719606855,-3.5012548600651474,-14.914465958436958,-96.68097936188282,5.650273137119402,12.348707958042606,-18.475303119953065,"[[2.220446049250313e-16, -0.0, -1.0, 0.4], [0.0, 1.0, -0.0, 0.2925], [1.0, 0.0, 2.220446049250313e-16, -0.2], [0.0, 0.0, 0.0, 1.0]]","[[-8.94612345314627e-09, 1.3146287988918496e-07, -0.9999999999999913, 0.40000009990043867], [6.059763530990926e-08, 0.9999999999999896, 1.314628793470708e-07, 0.29250680602300655], [0.9999999999999982, -6.059763413382559e-08, -8.946131446752048e-09, -0.20000006025772066], [0.0, 0.0, 0.0, 1.0]]","[[2.220446049250313e-16, -0.0, -1.0, 0.4], [0.0, 1.0, -0.0, -0.2925], [1.0, 0.0, 2.220446049250313e-16, -0.2], [0.0, 0.0, 0.0, 1.0]]","[[-4.73966637049017e-08, -2.8907518026921124e-07, -0.9999999999999571, 0.40000020723617735], [-1.1835236047014876e-07, 0.9999999999999514, -2.8907517465970246e-07, -0.2925185767018021], [0.999999999999992, 1.1835234676894483e-07, -4.7396697899770857e-08, -0.20000011400550863], [0.0, 0.0, 0.0, 1.0]]"
1.4416666666666667,-2.5940708420513463,3.4372527858909545,14.851645293545765,-96.72256838373903,-5.581262186406063,12.393993819787084,18.405539567770557,-2.592453794765346,-3.4431532155601996,-14.844876576078283,-96.72306698754844,5.5750407378458275,12.393918687706213,-18.411042992694295,"[[2.220446049250313e-16, -0.0, -1.0, 0.4], [0.0, 1.0, -0.0, 0.291875], [1.0, 0.0, 2.220446049250313e-16, -0.2], [0.0, 0.0, 0.0, 1.0]]","[[3.7324522361714685e-09, 2.856024945056495e-07, -0.9999999999999594, 0.4000002088020654], [1.21228994061458e-07, 0.999999999999952, 2.8560249495812885e-07, 0.29189358043494507], [0.9999999999999929, -1.2122899512745073e-07, 3.7324175972131e-09, -0.20000013270824213], [0.0, 0.0, 0.0, 1.0]]","[[2.220446049250313e-16, -0.0, -1.0, 0.4], [0.0, 1.0, -0.0, -0.291875], [1.0, 0.0, 2.220446049250313e-16, -0.2], [0.0, 0.0, 0.0, 1.0]]","[[-8.723835881463415e-08, -3.177902146672892e-07, -0.9999999999999458, 0.4000002034409234], [-1.3078891903489587e-07, 0.9999999999999412, -3.1779020325747704e-07, -0.29189356679193856], [0.9999999999999878, 1.3078889131139294e-07, -8.723840055901988e-08, -0.20000009884796516], [0.0, 0.0, 0.0, 1.0]]"
1.45,-2.606346826423975,3.3787302309784044,14.781492420580564,-96.7646901603505,-5.50537878472722,12.43933005417669,18.34065618575002,-2.604738316874437,-3.384634716072469,-14.774723703113082,-96.7651887641599,5.499158616827454,12.439260898511344,-18.346156195579173,"[[2.220446049250313e-16, -0.0, -1.0, 0.4], [0.0, 1.0, -0.0, 0.29125], [1.0, 0.0, 2.220446049250313e-16, -0.2], [0.0, 0.0, 0.0, 1.0]]","[[2.6517989970553657e-08, 1.927683841463571e-07, -0.9999999999999811, 0.40000014552914404], [8.050373674909213e-08, 0.9999999999999782, 1.927683862811538e-07, 0.29126124673499554], [0.9999999999999964, -8.050374186092076e-08, 2.6517974427431312e-08, -0.20000010064315712], [0.0, 0.0, 0.0, 1.0]]","[[2.220446049250313e-16, -0.0, -1.0, 0.4], [0.0, 1.0, -0.0, -0.29125], [1.0, 0.0, 2.220446049250313e-16, -0.2], [0.0, 0.0, 0.0, 1.0]]","[[-1.0107530179492841e-07, -4.3455943016149116e-07, -0.9999999999999007, 0.40000028528953596], [-1.7615712129036432e-07, 0.9999999999998902, -4.3455941235635246e-07, -0.2912806916509687], [0.9999999999999796, 1.76157077367123e-07, -1.010753784003171e-07, -0.2000001445700293], [0.0, 0.0, 0.0, 1.0]]"
1.4583333333333333,-2.6188460726050984,3.3195188941767406,14.710446500381385,-96.80703733320458,-5.428490064579918,12.485005236703858,18.274838775360482,-2.6171114179993267,-3.32611643002815,-14.704500820708889,-96.80702367282623,5.4231676396691855,12.484402472509604,-18.281103766376678,"[[2.220446049250313e-16, -0.0, -1.0, 0.4], [0.0, 1.0, -0.0, 0.290625], [1.0, 0.0, 2.220446049250313e-16, -0.2], [0.0, 0.0, 0.0, 1.0]]","[[-3.703242884567359e-08, 1.540484523831178e-07, -0.9999999999999875, 0.40000009631828026], [4.2597018879819865e-08, 0.9999999999999871, 1.5404845080564667e-07, 0.2906318001546733], [0.9999999999999983, -4.259701317503103e-08, -3.703243550701174e-08, -0.20000004881820035], [0.0, 0.0, 0.0, 1.0]]","[[2.220446049250313e-16, -0.0, -1.0, 0.4], [0.0, 1.0, -0.0, -0.290625], [1.0, 0.0, 2.220446049250313e-16, -0.2], [0.0, 0.0, 0.0, 1.0]]","[[-2.4542190946164055e-08, -2.8433943811614123e-07, -0.9999999999999593, 0.40000020409870185], [-1.2145923373001945e-07, 0.9999999999999523, -2.8433943513526346e-07, -0.2906435848785605], [0.9999999999999923, 1.214592267517018e-07, -2.454222536307782e-08, -0.2000001198908613], [0.0, 0.0, 0.0, 1.0]]"
1.4666666666666666,-2.631299428452736,3.260996125820779,14.6401536085382,-96.84859220411494,-5.352386816187167,12.529938489932432,18.209619006523326,-2.629436280913203,-3.2682862855427097,-14.63503267420798,-96.84806627954885,5.347964695586406,12.528806386077504,-18.21665068627385,"[[2.220446049250313e-16, -0.0, -1.0, 0.4], [0.0, 1.0, -0.0, 0.29000000000000004], [1.0, 0.0, 2.220446049250313e-16, -0.2], [0.0, 0.0, 0.0, 1.0]]","[[-2.9527554623598462e-08, 2.126899323724026e-07, -0.9999999999999769, 0.40000014032143894], [8.165755570833103e-08, 0.999999999999974, 2.12689929961254e-07, 0.29001123871241685], [0.9999999999999962, -8.16575494281156e-08, -2.952757216512225e-08, -0.2000000761338187], [0.0, 0.0, 0.0, 1.0]]","[[2.220446049250313e-16, -0.0, -1.0, 0.4], [0.0, 1.0, -0.0, -0.29000000000000004], [1.0, 0.0, 2.220446049250313e-16, -0.2], [0.0, 0.0, 0.0, 1.0]]","[[-2.457717790393943e-08, -2.900842237496241e-07, -0.9999999999999578, 0.40000020333893654], [-1.3012708705253625e-07, 0.9999999999999496, -2.9008422055146516e-07, -0.29001858003528436], [0.9999999999999913, 1.3012707992307925e-07, -2.4577215651522266e-08, -0.20000011845098567], [0.0, 0.0, 0.0, 1.0]]"
1.475,-2.643840722985937,3.202472930577994,14.569794122350604,-96.88986020708015,-5.276175138541341,12.5746685450332,18.144233605598792,-2.6421216497492095,-3.2090785772790427,-14.5638501502254,-96.88983971651264,5.270858263159309,12.574082856311872,-18.150496889067693,"[[2.220446049250313e-16, -0.0, -1.0, 0.4], [0.0, 1.0, -0.0, 0.289375], [1.0, 0.0, 2.220446049250313e-16, -0.2], [0.0, 0.0, 0.0, 1.0]]","[[-6.10291440161781e-08, 1.545774999293973e-07, -0.9999999999999861, 0.4000000926185312], [4.802481008711195e-08, 0.9999999999999869, 1.5457749699848436e-07, 0.28938179771591455], [0.999999999999997, -4.8024800653378985e-08, -6.102915134365006e-08, -0.20000003640815295], [0.0, 0.0, 0.0, 1.0]]","[[2.220446049250313e-16, -0.0, -1.0, 0.4], [0.0, 1.0, -0.0, -0.289375], [1.0, 0.0, 2.220446049250313e-16, -0.2], [0.0, 0.0, 0.0, 1.0]]","[[-4.4877908833562685e-08, -4.265208704687242e-07, -0.9999999999999083, 0.4000002821974981], [-1.7866778205062332e-07, 0.9999999999998933, -4.265208624504814e-07, -0.28940569953461814], [0.9999999999999833, 1.7866776290924247e-07, -4.4877984994862175e-08, -0.20000015719356262], [0.0, 0.0, 0.0, 1.0]]"
1.4833333333333334,-2.656469956204702,3.143949521891798,14.499368041818602,-96.93084134210022,-5.199854604755618,12.619197109553452,18.07868428013418,-2.654758566930791,-3.1505590105742542,-14.4934240696934,-96.93082085153272,5.194540290694525,12.618619958568585,-18.08494585605579,"[[2.220446049250313e-16, -0.0, -1.0, 0.4], [0.0, 1.0, -0.0, 0.28875], [1.0, 0.0, 2.220446049250313e-16, -0.2], [0.0, 0.0, 0.0, 1.0]]","[[-6.180583833614861e-08, 1.5770368680364423e-07, -0.9999999999999858, 0.40000009197693737], [4.826339966458781e-08, 0.9999999999999866, 1.5770368382068443e-07, 0.28875679592299014], [0.9999999999999971, -4.826338991757871e-08, -6.180584610770978e-08, -0.20000003599323785], [0.0, 0.0, 0.0, 1.0]]","[[2.220446049250313e-16, -0.0, -1.0, 0.4], [0.0, 1.0, -0.0, -0.28875], [1.0, 0.0, 2.220446049250313e-16, -0.2], [0.0, 0.0, 0.0, 1.0]]","[[-7.523877559867387e-08, -4.3325078168213333e-07, -0.9999999999999034, 0.400000278090936], [-1.6888672612370536e-07, 0.9999999999998919, -4.3325076897529795e-07, -0.28878069424039027], [0.9999999999999829, 1.688866935264317e-07, -7.523884865134889e-08, -0.20000014205613717], [0.0, 0.0, 0.0, 1.0]]"
1.4916666666666667,-2.6690473226744573,3.086114681651303,14.429700112284474,-96.97104383555492,-5.124327226687264,12.66299313628522,18.01374454905299,-2.6674832093545247,-3.0920392304260544,-14.422929687269699,-96.97152194879682,5.118114315863491,12.662953862697492,-18.019230898503803,"[[2.220446049250313e-16, -0.0, -1.0, 0.4], [0.0, 1.0, -0.0, 0.288125], [1.0, 0.0, 2.220446049250313e-16, -0.2], [0.0, 0.0, 0.0, 1.0]]","[[2.810636223760099e-09, 2.820445928317522e-07, -0.9999999999999605, 0.4000002002842127], [1.297811938714891e-07, 0.999999999999952, 2.8204459319651756e-07, 0.2881435831348749], [0.9999999999999918, -1.297811946642087e-07, 2.8105995864002864e-09, -0.20000012428668787], [0.0, 0.0, 0.0, 1.0]]","[[2.220446049250313e-16, -0.0, -1.0, 0.4], [0.0, 1.0, -0.0, -0.288125], [1.0, 0.0, 2.220446049250313e-16, -0.2], [0.0, 0.0, 0.0, 1.0]]","[[-7.442142985203404e-08, -4.3454148514124837e-07, -0.9999999999999027, 0.40000027632830787], [-1.9030043695469216e-07, 0.9999999999998874, -4.3454147097881106e-07, -0.28815569509837935], [0.9999999999999791, 1.9030040461547602e-07, -7.442151267467167e-08, -0.20000014326218754], [0.0, 0.0, 0.0, 1.0]]"
1.5,-2.6818505122736465,3.027590632634872,14.35914255061095,-97.01146489506306,-5.047792395716332,12.707117865870794,17.947870789602803,-2.680295363576999,-3.03351880994762,-14.352370418048881,-97.01193617811579,5.041580338666206,12.707083714924945,-17.953353723959033,"[[2.220446049250313e-16, -0.0, -1.0, 0.4], [0.0, 1.0, -0.0, 0.2875], [1.0, 0.0, 2.220446049250313e-16, -0.2], [0.0, 0.0, 0.0, 1.0]]","[[-3.596317049714415e-08, 2.0780462378387897e-07, -0.999999999999978, 0.4000001359537315], [8.153641220066259e-08, 0.9999999999999754, 2.0780462085157053e-07, 0.2875112459818501], [0.9999999999999962, -8.153640472734778e-08, -3.596318737253412e-08, -0.20000007106737683], [0.0, 0.0, 0.0, 1.0]]","[[2.220446049250313e-16, -0.0, -1.0, 0.4], [0.0, 1.0, -0.0, -0.2875], [1.0, 0.0, 2.220446049250313e-16, -0.2], [0.0, 0.0, 0.0, 1.0]]","[[-1.1580418923795577e-07, -5.768485113672834e-07, -0.9999999999998269, 0.4000003738394001], [-2.5912463655801587e-07, 0.9999999999998, -5.768484813595494e-07, -0.28755073648189783], [0.9999999999999597, 2.5912456975650033e-07, -1.1580433867397488e-07, -0.2000001837025573], [0.0, 0.0, 0.0, 1.0]]"
1.5083333333333333,-2.694741213671576,2.969065516401383,14.288516687045725,-97.05159908662606,-4.971149135492326,12.751037689781269,17.881833105612536,-2.693194816154803,-2.9749977491389505,-14.28174626203095,-97.05207036967879,4.9649383591026695,12.75101036902459,-17.88731433242147,"[[2.220446049250313e-16, -0.0, -1.0, 0.4], [0.0, 1.0, -0.0, 0.286875], [1.0, 0.0, 2.220446049250313e-16, -0.2], [0.0, 0.0, 0.0, 1.0]]","[[-1.942079980166156e-08, 1.4486882684312953e-07, -0.9999999999999895, 0.40000009265796094], [4.877254516367765e-08, 0.9999999999999885, 1.4486882589592755e-07, 0.2868818041264235], [0.9999999999999988, -4.8772542350208666e-08, -1.9420806907088917e-08, -0.200000051446173], [0.0, 0.0, 0.0, 1.0]]","[[2.220446049250313e-16, -0.0, -1.0, 0.4], [0.0, 1.0, -0.0, -0.286875], [1.0, 0.0, 2.220446049250313e-16, -0.2], [0.0, 0.0, 0.0, 1.0]]","[[-4.811249865177558e-08, -4.211085635155624e-07, -0.9999999999999105, 0.40000027489831513], [-1.7893205755746163e-07, 0.9999999999998956, -4.2110855490668777e-07, -0.28690571425927724], [0.9999999999999831, 1.7893203729686078e-07, -4.811257392489665e-08, -0.2000001480148306], [0.0, 0.0, 0.0, 1.0]]"
1.5166666666666666,-2.707719213424835,2.9105393329508362,14.217826790457032,-97.0914464102439,-4.8943974460152475,12.794754315563935,17.815634912176773,-2.7060387734456004,-2.9171644030023374,-14.211884525879121,-97.09143274986556,4.889093804124732,12.794210461751273,-17.821893073003796,"[[2.220446049250313e-16, -0.0, -1.0, 0.4], [0.0, 1.0, -0.0, 0.28625], [1.0, 0.0, 2.220446049250313e-16, -0.2], [0.0, 0.0, 0.0, 1.0]]","[[-6.013457221065721e-08, 1.4658243069149272e-07, -0.9999999999999876, 0.4000000892398033], [4.671848499497247e-08, 0.9999999999999882, 1.4658242788209672e-07, 0.28625680227876743], [0.9999999999999971, -4.671847618030029e-08, -6.013457909403996e-08, -0.20000003323764418], [0.0, 0.0, 0.0, 1.0]]","[[2.220446049250313e-16, -0.0, -1.0, 0.4], [0.0, 1.0, -0.0, -0.28625], [1.0, 0.0, 2.220446049250313e-16, -0.2], [0.0, 0.0, 0.0, 1.0]]","[[1.8458065076387697e-09, -4.0685515262406864e-07, -0.9999999999999175, 0.4000002752593019], [-1.9237970062422025e-07, 0.9999999999998989, -4.0685515297915677e-07, -0.28628071074082195], [0.9999999999999817, 1.923797013751802e-07, 1.8457282369155337e-09, -0.20000016272610013], [0.0, 0.0, 0.0, 1.0]]"
1.525,-2.7207840846466,2.8520122957266434,14.147072860844869,-97.1310136961058,-4.817539034832386,12.83826432812421,17.749276209295513,-2.719111542073593,-2.858641421202964,-14.141130596266958,-97.13100003572745,4.81223795426281,12.83772901204801,-17.755534370122536,"[[2.220446049250313e-16, -0.0, -1.0, 0.4], [0.0, 1.0, -0.0, 0.285625], [1.0, 0.0, 2.220446049250313e-16, -0.2], [0.0, 0.0, 0.0, 1.0]]","[[-6.397379165301587e-08, 2.133150147430244e-07, -0.9999999999999751, 0.40000013123944783], [9.919627064270079e-08, 0.9999999999999722, 2.133150083970622e-07, 0.28563624344563643], [0.9999999999999929, -9.919625699612843e-08, -6.397381274725333e-08, -0.20000005703765322], [0.0, 0.0, 0.0, 1.0]]","[[2.220446049250313e-16, -0.0, -1.0, 0.4], [0.0, 1.0, -0.0, -0.285625], [1.0, 0.0, 2.220446049250313e-16, -0.2], [0.0, 0.0, 0.0, 1.0]]","[[-4.128296338112847e-08, -4.2093318333133483e-07, -0.9999999999999107, 0.40000027040192254], [-1.7745977466347554e-07, 0.9999999999998958, -4.209331760052632e-07, -0.28565570957919906], [0.9999999999999836, 1.7745975728609077e-07, -4.128303798811572e-08, -0.2000001451045218], [0.0, 0.0, 0.0, 1.0]]"
1.5333333333333332,-2.7339358273368712,2.7934841912853927,14.076254044435592,-97.17029411402254,-4.74057347505692,12.881569435009384,17.68275699696876,-2.7325027682716376,-2.799010881540991,-14.068979892969528,-97.17104543483123,4.733816710420485,12.881874232201096,-17.687754987893914,"[[2.220446049250313e-16, -0.0, -1.0, 0.4], [0.0, 1.0, -0.0, 0.28500000000000003], [1.0, 0.0, 2.220446049250313e-16, -0.2], [0.0, 0.0, 0.0, 1.0]]","[[1.597736842828823e-08, 1.9173943741627942e-07, -0.9999999999999815, 0.4000001357813974], [1.0678959387643838e-07, 0.9999999999999759, 1.9173943912249502e-07, 0.28501125041425013], [0.9999999999999941, -1.0678959693992808e-07, 1.5977347889162274e-08, -0.20000008505589814], [0.0, 0.0, 0.0, 1.0]]","[[2.220446049250313e-16, -0.0, -1.0, 0.4], [0.0, 1.0, -0.0, -0.28500000000000003], [1.0, 0.0, 2.220446049250313e-16, -0.2], [0.0, 0.0, 0.0, 1.0]]","[[-5.841307881837565e-08, -3.0596511268935134e-07, -0.9999999999999516, 0.40000018946349325], [-1.1406697475913778e-07, 0.9999999999999469, -3.059651060263467e-07, -0.28501858061928803], [0.999999999999992, 1.1406695688676839e-07, -5.841311390142323e-08, -0.20000009098008736], [0.0, 0.0, 0.0, 1.0]]"
1.5416666666666667,-2.747320650232569,2.7342658108511473,14.004540473245044,-97.20976577723604,-4.6625910708687694,12.925182754180852,17.61529180344196,-2.745750987383935,-2.7404853384206787,-13.998097043536783,-97.21003898480284,4.656744428939239,12.924976994732107,-17.621073558574373,"[[2.220446049250313e-16, -0.0, -1.0, 0.4], [0.0, 1.0, -0.0, 0.284375], [1.0, 0.0, 2.220446049250313e-16, -0.2], [0.0, 0.0, 0.0, 1.0]]","[[-4.9977595839578726e-08, 1.488663123216594e-07, -0.9999999999999878, 0.400000087684942], [6.266629539216675e-08, 0.9999999999999871, 1.488663091897485e-07, 0.2843818026424482], [0.9999999999999969, -6.266628795218574e-08, -4.997760516545213e-08, -0.2000000350571285], [0.0, 0.0, 0.0, 1.0]]","[[2.220446049250313e-16, -0.0, -1.0, 0.4], [0.0, 1.0, -0.0, -0.284375], [1.0, 0.0, 2.220446049250313e-16, -0.2], [0.0, 0.0, 0.0, 1.0]]","[[5.958567916852786e-09, -2.7838794935166645e-07, -0.9999999999999615, 0.4000001921934082], [-1.3781545250287183e-07, 0.999999999999952, -2.7838795017284657e-07, -0.28439358942462745], [0.9999999999999908, 1.3781545416166e-07, 5.958529503136134e-09, -0.20000011359101696], [0.0, 0.0, 0.0, 1.0]]"
1.55,-2.7602533999825765,2.6775630744655823,13.935803156985328,-97.24723619502272,-4.587826112666518,12.966716280750054,17.550545025204823,-2.75860412274143,-2.6842035124427155,-13.929862599954708,-97.24721570445521,4.582532716059758,12.966205724109596,-17.55679977093726,"[[2.220446049250313e-16, -0.0, -1.0, 0.4], [0.0, 1.0, -0.0, 0.28375], [1.0, 0.0, 2.220446049250313e-16, -0.2], [0.0, 0.0, 0.0, 1.0]]","[[-5.625469495784685e-08, 2.9368545044697134e-07, -0.9999999999999554, 0.4000001873523451], [1.1836625036786472e-07, 0.99999999999995, 2.9368544378831246e-07, 0.28376858684629214], [0.9999999999999916, -1.183662338466744e-07, -5.625472959680522e-08, -0.2000000915054873], [0.0, 0.0, 0.0, 1.0]]","[[2.220446049250313e-16, -0.0, -1.0, 0.4], [0.0, 1.0, -0.0, -0.28375], [1.0, 0.0, 2.220446049250313e-16, -0.2], [0.0, 0.0, 0.0, 1.0]]","[[-8.49032871230726e-08, -5.90705228960619e-07, -0.9999999999998218, 0.4000003599960794], [-2.52861666323347e-07, 0.9999999999997935, -5.907052074918157e-07, -0.28380074422177953], [0.9999999999999644, 2.528616161704882e-07, -8.490343633704711e-08, -0.2000001767289747], [0.0, 0.0, 0.0, 1.0]]"
1.5583333333333333,-2.773663195757427,2.6190319818165695,13.86479736414752,-97.28566966948239,-4.510543375981469,13.009403255515341,17.483554529825337,-2.7722702640535677,-2.6245369008441886,-13.857479670225498,-97.28641416010191,4.503744776436368,13.009741349879258,-17.488504709426305,"[[2.220446049250313e-16, -0.0, -1.0, 0.4], [0.0, 1.0, -0.0, 0.283125], [1.0, 0.0, 2.220446049250313e-16, -0.2], [0.0, 0.0, 0.0, 1.0]]","[[1.5938785291602642e-09, 1.2587372065774522e-07, -0.9999999999999921, 0.4000000903183573], [5.825717361804616e-08, 0.9999999999999905, 1.2587372075059988e-07, 0.2831318128062095], [0.9999999999999983, -5.825717381867311e-08, 1.5938712016883017e-09, -0.2000000541300934], [0.0, 0.0, 0.0, 1.0]]","[[2.220446049250313e-16, -0.0, -1.0, 0.4], [0.0, 1.0, -0.0, -0.283125], [1.0, 0.0, 2.220446049250313e-16, -0.2], [0.0, 0.0, 0.0, 1.0]]","[[1.922731845960257e-08, -2.77170132671882e-07, -0.9999999999999614, 0.4000001910183805], [-1.367734904474957e-07, 0.9999999999999523, -2.7717013530166687e-07, -0.28314359021752145], [0.9999999999999905, 1.367734957767289e-07, 1.922728048997513e-08, -0.20000011890992933], [0.0, 0.0, 0.0, 1.0]]"
1.5666666666666667,-2.7871596495573723,2.5604972606295604,13.793728392059892,-97.3238162759969,-4.433152210043347,13.051884470831883,17.41640694009494,-2.7857761093636215,-2.566007302299057,-13.786411551911517,-97.32456076661644,4.426356171819185,13.052225980290382,-17.421353704601323,"[[2.220446049250313e-16, -0.0, -1.0, 0.4], [0.0, 1.0, -0.0, 0.2825], [1.0, 0.0, 2.220446049250313e-16, -0.2], [0.0, 0.0, 0.0, 1.0]]","[[-2.3942174298685615e-08, 1.3088065079799894e-07, -0.9999999999999913, 0.40000008850934665], [5.988226281338893e-08, 0.9999999999999898, 1.3088064936428718e-07, 0.2825068083145243], [0.999999999999998, -5.988225967982109e-08, -2.3942182070246787e-08, -0.2000000441820679], [0.0, 0.0, 0.0, 1.0]]","[[2.220446049250313e-16, -0.0, -1.0, 0.4], [0.0, 1.0, -0.0, -0.2825], [1.0, 0.0, 2.220446049250313e-16, -0.2], [0.0, 0.0, 0.0, 1.0]]","[[-6.88695365735903e-08, -4.23092247648282e-07, -0.9999999999999083, 0.40000025911457426], [-1.8051173269454238e-07, 0.9999999999998945, -4.2309223521651673e-07, -0.2825307083074819], [0.9999999999999816, 1.8051170355635967e-07, -6.886961295693439e-08, -0.20000012535688957], [0.0, 0.0, 0.0, 1.0]]"
1.575,-2.8009935573909983,2.5008240322852746,13.721219957604683,-97.36244099575333,-4.3541465581401635,13.094986379589248,17.347794274787578,-2.799518663417099,-2.5067867874306957,-13.71444697126897,-97.36287812786021,4.347946453921084,13.095006016383111,-17.353255011029002,"[[2.220446049250313e-16, -0.0, -1.0, 0.4], [0.0, 1.0, -0.0, 0.281875], [1.0, 0.0, 2.220446049250313e-16, -0.2], [0.0, 0.0, 0.0, 1.0]]","[[-2.2769408580813888e-10, 1.3062210039968323e-07, -0.9999999999999915, 0.40000008880917937], [6.188613038331915e-08, 0.9999999999999896, 1.3062210038559188e-07, 0.28188180752321557], [0.9999999999999981, -6.188613035357671e-08, -2.277023014585211e-10, -0.20000005016975245], [0.0, 0.0, 0.0, 1.0]]","[[2.220446049250313e-16, -0.0, -1.0, 0.4], [0.0, 1.0, -0.0, -0.281875], [1.0, 0.0, 2.220446049250313e-16, -0.2], [0.0, 0.0, 0.0, 1.0]]","[[-2.3759541334378298e-08, -2.9568945424738884e-07, -0.9999999999999563, 0.40000018492419676], [-1.374584091548547e-07, 0.999999999999947, -2.9568945098143737e-07, -0.28189358579303225], [0.9999999999999905, 1.374584021294029e-07, -2.3759581968541e-08, -0.20000009816204556], [0.0, 0.0, 0.0, 1.0]]"
1.5833333333333333,-2.8144103967984306,2.443425683821426,13.651408594097983,-97.39926254556887,-4.278056116352106,13.136217670287676,17.281649015317882,-2.8131978247773417,-2.448253773790979,-13.64325505577628,-97.40045099848446,4.270344405892338,13.137069736386636,-17.285793232596788,"[[2.220446049250313e-16, -0.0, -1.0, 0.4], [0.0, 1.0, -0.0, 0.28125], [1.0, 0.0, 2.220446049250313e-16, -0.2], [0.0, 0.0, 0.0, 1.0]]","[[3.709298806997552e-08, 8.024301542709666e-08, -0.9999999999999961, 0.40000006162188534], [5.076201373692942e-08, 0.9999999999999956, 8.024301731001139e-08, 0.28125412369717767], [0.9999999999999981, -5.076201671338251e-08, 3.709298396215033e-08, -0.20000004742945696], [0.0, 0.0, 0.0, 1.0]]","[[2.220446049250313e-16, -0.0, -1.0, 0.4], [0.0, 1.0, -0.0, -0.28125], [1.0, 0.0, 2.220446049250313e-16, -0.2], [0.0, 0.0, 0.0, 1.0]]","[[-3.009715199286944e-09, -1.9338925734812693e-07, -0.9999999999999811, 0.4000001287670005], [-1.003151619669423e-07, 0.9999999999999762, -1.9338925704620593e-07, -0.281261251016128], [0.9999999999999949, 1.0031516138489386e-07, -3.0097345171675727e-09, -0.200000073646919], [0.0, 0.0, 0.0, 1.0]]"
1.5916666666666666,-2.828164690239544,2.3848873340964203,13.580158621997349,-97.43656220862631,-4.200349907938517,13.17806965442693,17.21403868027122,-2.8269630038324447,-2.389718839160558,-13.572003376128354,-97.43773700116355,4.192637770591927,13.178923428073182,-17.218176067360954,"[[2.220446049250313e-16, -0.0, -1.0, 0.4], [0.0, 1.0, -0.0, 0.280625], [1.0, 0.0, 2.220446049250313e-16, -0.2], [0.0, 0.0, 0.0, 1.0]]","[[1.394334725457469e-08, 1.3365202720182741e-07, -0.999999999999991, 0.4000000889159637], [6.202217910466004e-08, 0.9999999999999892, 1.3365202806662394e-07, 0.2806318098761812], [0.9999999999999981, -6.202218096821613e-08, 1.3943339038924307e-08, -0.20000005642979746], [0.0, 0.0, 0.0, 1.0]]","[[2.220446049250313e-16, -0.0, -1.0, 0.4], [0.0, 1.0, -0.0, -0.280625], [1.0, 0.0, 2.220446049250313e-16, -0.2], [0.0, 0.0, 0.0, 1.0]]","[[-4.095757649702492e-08, -3.0257673889071954e-07, -0.9999999999999536, 0.4000001810409771], [-1.157554371558457e-07, 0.9999999999999478, -3.0257673414965554e-07, -0.28064358479220813], [0.9999999999999927, 1.1575542476303054e-07, -4.0957611580072495e-08, -0.20000008988554244], [0.0, 0.0, 0.0, 1.0]]"
1.6,-2.8422615603562154,2.325208556223434,13.507465772434548,-97.4743058339798,-4.121022383370696,13.220529525402313,17.144954731911124,-2.840660094439259,-2.33187119231537,-13.501528630498516,-97.47429217360146,4.11574435468957,13.22007019518063,-17.15120777009627,"[[2.220446049250313e-16, -0.0, -1.0, 0.4], [0.0, 1.0, -0.0, 0.28], [1.0, 0.0, 2.220446049250313e-16, -0.2], [0.0, 0.0, 0.0, 1.0]]","[[8.21351209268073e-09, 1.985155533411418e-07, -0.9999999999999802, 0.4000001270473343], [8.133830184347761e-08, 0.999999999999977, 1.9851555400921426e-07, 0.28001125032791496], [0.9999999999999967, -8.133830347398591e-08, 8.213495994446873e-09, -0.200000074589618], [0.0, 0.0, 0.0, 1.0]]","[[2.220446049250313e-16, -0.0, -1.0, 0.4], [0.0, 1.0, -0.0, -0.28], [1.0, 0.0, 2.220446049250313e-16, -0.2], [0.0, 0.0, 0.0, 1.0]]","[[-5.8090013022038534e-08, -4.2438120197789573e-07, -0.9999999999999084, 0.4000002525391688], [-2.0103839209723948e-07, 0.9999999999998901, -4.243811902995651e-07, -0.2800307089342401], [0.9999999999999784, 2.0103836744491217e-07, -5.8090098287166825e-08, -0.20000012116045], [0.0, 0.0, 0.0, 1.0]]"
1.6083333333333334,-2.8561887429606947,2.2666661510736086,13.43609627202344,-97.51103176114695,-4.04310486597966,13.261956330265733,17.07703703835181,-2.8547501343667605,-2.2726432069276044,-13.429321578140433,-97.5114552328755,4.036909457515636,13.261999872721692,-17.082487529309482,"[[2.220446049250313e-16, -0.0, -1.0, 0.4], [0.0, 1.0, -0.0, 0.279375], [1.0, 0.0, 2.220446049250313e-16, -0.2], [0.0, 0.0, 0.0, 1.0]]","[[-5.219620163865457e-08, 1.4708398960581203e-07, -0.9999999999999878, 0.40000008335952325], [6.136568354863671e-08, 0.9999999999999873, 1.4708398640275636e-07, 0.279381804622218], [0.9999999999999967, -6.136567587141055e-08, -5.219621074248337e-08, -0.2000000305060866], [0.0, 0.0, 0.0, 1.0]]","[[2.220446049250313e-16, -0.0, -1.0, 0.4], [0.0, 1.0, -0.0, -0.279375], [1.0, 0.0, 2.220446049250313e-16, -0.2], [0.0, 0.0, 0.0, 1.0]]","[[-2.0005121170729723e-08, -3.0050792264780165e-07, -0.9999999999999548, 0.4000001788971862], [-1.2726368135536894e-07, 0.9999999999999469, -3.005079201018739e-07, -0.27939358839585055], [0.9999999999999919, 1.272636753436658e-07, -2.000515936240177e-08, -0.20000009241888286], [0.0, 0.0, 0.0, 1.0]]"
1.6166666666666667,-2.8699413288545155,2.209259905203532,13.366052682084959,-97.54673999012779,-3.9666033321809326,13.302362021848236,17.010294137329737,-2.868616058712121,-2.2147912912141847,-13.358730719294705,-97.54745032980146,3.9598098552777086,13.302729144516125,-17.015218703721317,"[[2.220446049250313e-16, -0.0, -1.0, 0.4], [0.0, 1.0, -0.0, 0.27875], [1.0, 0.0, 2.220446049250313e-16, -0.2], [0.0, 0.0, 0.0, 1.0]]","[[2.2399497701108828e-08, 1.272854098533896e-07, -0.9999999999999918, 0.4000000876803387], [5.238931398983899e-08, 0.9999999999999907, 1.2728541102688377e-07, 0.27875681215101683], [0.9999999999999984, -5.238931684096783e-08, 2.239949103977068e-08, -0.20000005840468338], [0.0, 0.0, 0.0, 1.0]]","[[2.220446049250313e-16, -0.0, -1.0, 0.4], [0.0, 1.0, -0.0, -0.27875], [1.0, 0.0, 2.220446049250313e-16, -0.2], [0.0, 0.0, 0.0, 1.0]]","[[-5.181917728247498e-09, -4.191714467228241e-07, -0.9999999999999122, 0.4000002517141408], [-1.8226188778218274e-07, 0.9999999999998956, -4.191714457783511e-07, -0.27878071172305696], [0.9999999999999835, 1.822618856100548e-07, -5.181994111591592e-09, -0.20000013527133154], [0.0, 0.0, 0.0, 1.0]]"
1.625,-2.8844565480578503,2.1488850883654393,13.292341280562182,-97.58405331356356,-3.886033993844639,13.344663090925417,16.93994318887861,-2.883029251964729,-2.1548883977590574,-13.285590492341269,-97.58446995510293,3.8798667599109407,13.344707487155022,-16.9454107553092,"[[2.220446049250313e-16, -0.0, -1.0, 0.4], [0.0, 1.0, -0.0, 0.278125], [1.0, 0.0, 2.220446049250313e-16, -0.2], [0.0, 0.0, 0.0, 1.0]]","[[-2.9158659264894027e-08, 6.753673566633192e-08, -0.9999999999999972, 0.4000000360548943], [3.958461757153409e-08, 0.9999999999999969, 6.753673451209752e-08, 0.27812749122213376], [0.9999999999999988, -3.9584615602253356e-08, -2.9158661929429286e-08, -0.20000001043433102], [0.0, 0.0, 0.0, 1.0]]","[[2.220446049250313e-16, -0.0, -1.0, 0.4], [0.0, 1.0, -0.0, -0.278125], [1.0, 0.0, 2.220446049250313e-16, -0.2], [0.0, 0.0, 0.0, 1.0]]","[[-4.0749053686894854e-08, -1.0847787368218237e-07, -0.9999999999999934, 0.4000000544235345], [-3.2431132209589326e-08, 0.9999999999999938, -1.0847787236064446e-07, -0.27812911506061666], [0.9999999999999988, 3.2431127789218474e-08, -4.074905701756393e-08, -0.20000001649474805], [0.0, 0.0, 0.0, 1.0]]"
1.6333333333333333,-2.8986409299732627,2.0903358530264438,13.22079675655359,-97.6199186368953,-3.8078027146386053,13.385451273101442,16.87157299528678,-2.8970714805680404,-2.0970130032703658,-13.214861322164849,-97.6198981463278,3.8025353581280563,13.385026093825608,-16.87782261837734,"[[2.220446049250313e-16, -0.0, -1.0, 0.4], [0.0, 1.0, -0.0, 0.2775], [1.0, 0.0, 2.220446049250313e-16, -0.2], [0.0, 0.0, 0.0, 1.0]]","[[-5.8091494614664896e-08, 2.0605451570727795e-07, -0.9999999999999771, 0.40000011952408476], [8.098581403431368e-08, 0.9999999999999755, 2.0605451100269063e-07, 0.2775112476090127], [0.9999999999999951, -8.098580206429731e-08, -5.8091511268010265e-08, -0.20000004541146368], [0.0, 0.0, 0.0, 1.0]]","[[2.220446049250313e-16, -0.0, -1.0, 0.4], [0.0, 1.0, -0.0, -0.2775], [1.0, 0.0, 2.220446049250313e-16, -0.2], [0.0, 0.0, 0.0, 1.0]]","[[-6.232162225172644e-08, -4.2460427427426193e-07, -0.9999999999999082, 0.40000024387157945], [-1.8320972872427252e-07, 0.9999999999998932, -4.246042628563281e-07, -0.2775307112099624], [0.9999999999999815, 1.8320970226222919e-07, -6.232169996733816e-08, -0.2000001099493398], [0.0, 0.0, 0.0, 1.0]]"
1.6416666666666666,-2.912910262366477,2.0317842698099207,13.1491950297107,-97.65549026209273,-3.729468555708199,13.426025158092255,16.803054245080503,-2.9114441195724514,-2.0380475532788225,-13.14275160000244,-97.65573614890285,3.723643258119824,13.425903068460842,-16.80881380209812,"[[2.220446049250313e-16, -0.0, -1.0, 0.4], [0.0, 1.0, -0.0, 0.276875], [1.0, 0.0, 2.220446049250313e-16, -0.2], [0.0, 0.0, 0.0, 1.0]]","[[-7.046671635091428e-09, 1.407935110334832e-07, -0.9999999999999902, 0.4000000836196846], [6.987240183274853e-08, 0.9999999999999878, 1.40793510541115e-07, 0.2768818090022149], [0.9999999999999978, -6.98724008406222e-08, -7.046681405054045e-09, -0.20000004185594733], [0.0, 0.0, 0.0, 1.0]]","[[2.220446049250313e-16, -0.0, -1.0, 0.4], [0.0, 1.0, -0.0, -0.276875], [1.0, 0.0, 2.220446049250313e-16, -0.2], [0.0, 0.0, 0.0, 1.0]]","[[-3.5631519956780267e-08, -2.055763607342144e-07, -0.9999999999999782, 0.40000012098561843], [-1.0338415324816492e-07, 0.9999999999999736, -2.0557635705047894e-07, -0.27688625236839287], [0.999999999999994, 1.0338414592316463e-07, -3.5631541051017734e-08, -0.20000005569146173], [0.0, 0.0, 0.0, 1.0]]"
1.65,-2.927264331794082,1.9732299118290477,13.077536953807158,-97.69078184953419,-3.651031090166595,13.466386453445153,16.734388645807073,-2.9257111040881387,-1.979914319148963,-13.071602373192063,-97.69076818915585,3.6457684294111004,13.465978349642246,-16.740636561350343,"[[2.220446049250313e-16, -0.0, -1.0, 0.4], [0.0, 1.0, -0.0, 0.27625], [1.0, 0.0, 2.220446049250313e-16, -0.2], [0.0, 0.0, 0.0, 1.0]]","[[-4.3041675112931443e-08, 1.4213380448822788e-07, -0.9999999999999892, 0.40000008038324986], [6.913554776637924e-08, 0.9999999999999878, 1.421338015125179e-07, 0.27625680809721115], [0.999999999999997, -6.913554164870158e-08, -4.304168488289406e-08, -0.20000003027737212], [0.0, 0.0, 0.0, 1.0]]","[[2.220446049250313e-16, -0.0, -1.0, 0.4], [0.0, 1.0, -0.0, -0.27625], [1.0, 0.0, 2.220446049250313e-16, -0.2], [0.0, 0.0, 0.0, 1.0]]","[[-1.6266179958535076e-08, -2.0219209757234365e-07, -0.9999999999999796, 0.40000012057702217], [-9.645332979811941e-08, 0.9999999999999751, -2.0219209600341552e-07, -0.2762612509241763], [0.9999999999999953, 9.645332650922443e-08, -1.6266199276415705e-08, -0.20000006016924876], [0.0, 0.0, 0.0, 1.0]]"
1.6583333333333332,-2.941542201923759,1.9153626281899958,13.006664349658166,-97.72536992749113,-3.5734185834106826,13.506053630823649,16.666387282430428,-2.9399968716240434,-1.922050450604496,-13.000730622816718,-97.72534943692362,3.5681584839761267,13.50565491853085,-16.672635197973694,"[[2.220446049250313e-16, -0.0, -1.0, 0.4], [0.0, 1.0, -0.0, 0.275625], [1.0, 0.0, 2.220446049250313e-16, -0.2], [0.0, 0.0, 0.0, 1.0]]","[[-3.6397599156856586e-08, 1.4243074985746143e-07, -0.9999999999999895, 0.40000008014373317], [6.139081484085539e-08, 0.9999999999999882, 1.42430747622983e-07, 0.2756318064807943], [0.9999999999999977, -6.139080965671745e-08, -3.639760803864078e-08, -0.20000003039405753], [0.0, 0.0, 0.0, 1.0]]","[[2.220446049250313e-16, -0.0, -1.0, 0.4], [0.0, 1.0, -0.0, -0.275625], [1.0, 0.0, 2.220446049250313e-16, -0.2], [0.0, 0.0, 0.0, 1.0]]","[[-5.618751741653938e-09, -2.9757983531275276e-07, -0.9999999999999557, 0.4000001723050667], [-1.3830277164604654e-07, 0.999999999999946, -2.97579834535661e-07, -0.27564358810921885], [0.9999999999999903, 1.383027699740132e-07, -5.618792819905849e-09, -0.20000008894130022], [0.0, 0.0, 0.0, 1.0]]"
1.6666666666666667,-2.956064678203087,1.8568033610106567,12.934896990727903,-97.76009460923147,-3.4947774928544484,13.545988039353421,16.59743140011727,-2.954527458753011,-1.863494598519742,-12.928963263886455,-97.76007411866397,3.489519954740831,13.545597011023437,-16.603677608113248,"[[2.220446049250313e-16, -0.0, -1.0, 0.4], [0.0, 1.0, -0.0, 0.275], [1.0, 0.0, 2.220446049250313e-16, -0.2], [0.0, 0.0, 0.0, 1.0]]","[[-2.13302806528759e-08, 1.3651879063833931e-07, -0.9999999999999905, 0.4000000815171551], [5.820477858736382e-08, 0.9999999999999889, 1.3651878939681485e-07, 0.2750068107727257], [0.999999999999998, -5.820477567537917e-08, -2.1330288646481677e-08, -0.20000003816991696], [0.0, 0.0, 0.0, 1.0]]","[[2.220446049250313e-16, -0.0, -1.0, 0.4], [0.0, 1.0, -0.0, -0.275], [1.0, 0.0, 2.220446049250313e-16, -0.2], [0.0, 0.0, 0.0, 1.0]]","[[-6.570275179473839e-08, -7.948711210995534e-07, -0.999999999999682, 0.4000004266192483], [-3.550905791868151e-07, 0.9999999999996211, -7.948710977690768e-07, -0.2750838577425837], [0.9999999999999349, 3.550905269614837e-07, -6.570303401343125e-08, -0.20000019367673966], [0.0, 0.0, 0.0, 1.0]]"
1.675,-2.970834748839828,1.7975514699607962,12.862230608148138,-97.79494906456605,-3.4151044034033076,13.58618028752436,16.527515876225728,-2.9691423560295456,-1.8049359716706377,-12.857141263442832,-97.79451193245917,3.4107793995548086,13.585324806330817,-16.534576584280227,"[[2.220446049250313e-16, -0.0, -1.0, 0.4], [0.0, 1.0, -0.0, 0.27437500000000004], [1.0, 0.0, 2.220446049250313e-16, -0.2], [0.0, 0.0, 0.0, 1.0]]","[[4.569668127230031e-08, 1.3126766387555567e-07, -0.9999999999999903, 0.400000084522252], [7.345504250442059e-08, 0.9999999999999887, 1.312676672322071e-07, 0.2743818132684132], [0.9999999999999963, -7.345504850291663e-08, 4.56966717243823e-08, -0.20000006019567934], [0.0, 0.0, 0.0, 1.0]]","[[2.220446049250313e-16, -0.0, -1.0, 0.4], [0.0, 1.0, -0.0, -0.27437500000000004], [1.0, 0.0, 2.220446049250313e-16, -0.2], [0.0, 0.0, 0.0, 1.0]]","[[-3.4586158492722063e-08, -4.255166360515439e-07, -0.999999999999909, 0.4000002378361428], [-1.980626742803762e-07, 0.99999999999989, -4.255166292013088e-07, -0.2744057180493849], [0.9999999999999798, 1.9806265956337254e-07, -3.4586242869671935e-08, -0.20000011237569976], [0.0, 0.0, 0.0, 1.0]]"
1.6833333333333333,-2.9856255234874904,1.7385685176095047,12.789842555777051,-97.8293527274154,-3.3356942762352118,13.625966139439685,16.45777452215802,-2.9841045257366936,-1.7452666920294657,-12.783910536482894,-97.82933906703707,3.3304416473200606,13.625593040356273,-16.464019022606703,"[[2.220446049250313e-16, -0.0, -1.0, 0.4], [0.0, 1.0, -0.0, 0.27375], [1.0, 0.0, 2.220446049250313e-16, -0.2], [0.0, 0.0, 0.0, 1.0]]","[[-3.0251390281677004e-10, 1.353491431683151e-07, -0.999999999999991, 0.40000008189886516], [6.102116394860194e-08, 0.9999999999999892, 1.353491431498551e-07, 0.2737568119423142], [0.9999999999999983, -6.102116390765638e-08, -3.0252211846715227e-10, -0.20000004458500203], [0.0, 0.0, 0.0, 1.0]]","[[2.220446049250313e-16, -0.0, -1.0, 0.4], [0.0, 1.0, -0.0, -0.27375], [1.0, 0.0, 2.220446049250313e-16, -0.2], [0.0, 0.0, 0.0, 1.0]]","[[-3.903332329580067e-08, -1.3952923245176105e-07, -0.9999999999999892, 0.40000007799497206], [-5.2497128646759575e-08, 0.9999999999999887, -1.3952923040262355e-07, -0.273756809656274], [0.9999999999999977, 5.2497123200469464e-08, -3.903333062327263e-08, -0.20000002749253462], [0.0, 0.0, 0.0, 1.0]]"
1.6916666666666667,-3.0003033865704363,1.680417887841603,12.718421828947166,-97.86296408832104,-3.2573110253201456,13.66496395827952,16.388880111547394,-2.9987907131126903,-1.687119477356149,-12.712490663426657,-97.86295042794269,3.252060957725933,13.66459939693257,-16.395124611996078,"[[2.220446049250313e-16, -0.0, -1.0, 0.4], [0.0, 1.0, -0.0, 0.273125], [1.0, 0.0, 2.220446049250313e-16, -0.2], [0.0, 0.0, 0.0, 1.0]]","[[2.560507333937423e-08, 1.9905180309940292e-07, -0.9999999999999798, 0.4000001190548922], [8.344015488387792e-08, 0.9999999999999767, 1.9905180523589358e-07, 0.2731362538215693], [0.9999999999999962, -8.34401599806123e-08, 2.560505668602886e-08, -0.20000007237215658], [0.0, 0.0, 0.0, 1.0]]","[[2.220446049250313e-16, -0.0, -1.0, 0.4], [0.0, 1.0, -0.0, -0.273125], [1.0, 0.0, 2.220446049250313e-16, -0.2], [0.0, 0.0, 0.0, 1.0]]","[[-2.7554186765588184e-08, -4.297331759084806e-07, -0.9999999999999074, 0.4000002339276165], [-1.987995727494763e-07, 0.9999999999998881, -4.297331704307117e-07, -0.273155714920139], [0.99999999999998, 1.987995609085098e-07, -2.755427225276108e-08, -0.2000001098749191], [0.0, 0.0, 0.0, 1.0]]"
1.7,-3.014997471352661,1.6225367303807992,12.64728370119419,-97.89613831711979,-3.17919692654706,13.703564772373847,16.32017182359165,-3.0134926953011427,-1.6292414148248129,-12.641352535673681,-97.89612465674145,3.173948993386963,13.703208748763359,-16.326414616493043,"[[2.220446049250313e-16, -0.0, -1.0, 0.4], [0.0, 1.0, -0.0, 0.2725], [1.0, 0.0, 2.220446049250313e-16, -0.2], [0.0, 0.0, 0.0, 1.0]]","[[-3.613869692387084e-08, 2.1215140291444113e-07, -0.9999999999999768, 0.40000011415735304], [9.131703785924359e-08, 0.9999999999999734, 2.1215139961436162e-07, 0.27251125010907606], [0.9999999999999952, -9.131703019236633e-08, -3.613871646379607e-08, -0.2000000463141593], [0.0, 0.0, 0.0, 1.0]]","[[2.220446049250313e-16, -0.0, -1.0, 0.4], [0.0, 1.0, -0.0, -0.2725], [1.0, 0.0, 2.220446049250313e-16, -0.2], [0.0, 0.0, 0.0, 1.0]]","[[-9.592506122757527e-09, -7.679082782907348e-07, -0.9999999999997052, 0.4000004173771183], [-3.634683775955075e-07, 0.9999999999996392, -7.679082748041115e-07, -0.2725838664241692], [0.9999999999999339, 3.634683702292355e-07, -9.592785232825918e-09, -0.20000020013289027], [0.0, 0.0, 0.0, 1.0]]"
1.7083333333333333,-3.0301081976742563,1.5632723528913621,12.57440216765557,-97.92983847048463,-3.0991144526325414,13.742880195010086,16.24967914871524,-3.028611745915789,-1.5699807725950783,-12.568471855908706,-97.9298248101063,3.0938695076802065,13.742531855362415,-16.25592194161663,"[[2.220446049250313e-16, -0.0, -1.0, 0.4], [0.0, 1.0, -0.0, 0.271875], [1.0, 0.0, 2.220446049250313e-16, -0.2], [0.0, 0.0, 0.0, 1.0]]","[[-6.318647677305833e-08, 1.4845785014836156e-07, -0.9999999999999869, 0.4000000744983267], [4.741787578271414e-08, 0.999999999999988, 1.4845784715219318e-07, 0.2718818072228036], [0.9999999999999969, -4.741786640218522e-08, -6.318648387848569e-08, -0.20000001721666158], [0.0, 0.0, 0.0, 1.0]]","[[2.220446049250313e-16, -0.0, -1.0, 0.4], [0.0, 1.0, -0.0, -0.271875], [1.0, 0.0, 2.220446049250313e-16, -0.2], [0.0, 0.0, 0.0, 1.0]]","[[-4.578634610341581e-08, -3.016430497623598e-07, -0.9999999999999534, 0.40000016335831545], [-1.3591489265884111e-07, 0.9999999999999452, -3.0164304353931103e-07, -0.2718935947879632], [0.9999999999999896, 1.35914878847702e-07, -4.578638718166772e-08, -0.2000000685428364], [0.0, 0.0, 0.0, 1.0]]"
1.7166666666666666,-3.045136321395577,1.504694622856923,12.502314643607962,-97.9628487747433,-3.0198656886835877,13.781510891182032,16.17986778520854,-3.0437489392204182,-1.5109884287336781,-12.495872067673348,-97.96308100117508,3.0140557590208457,13.781451127026795,-16.18561197430052,"[[2.220446049250313e-16, -0.0, -1.0, 0.4], [0.0, 1.0, -0.0, 0.27125], [1.0, 0.0, 2.220446049250313e-16, -0.2], [0.0, 0.0, 0.0, 1.0]]","[[-6.564763954663988e-08, 3.054889558664394e-07, -0.9999999999999514, 0.4000001600464781], [1.2949353220311456e-07, 0.9999999999999452, 3.054889473654928e-07, 0.27126859110108054], [0.9999999999999896, -1.2949351214848e-07, -6.564767907057956e-08, -0.20000005712276048], [0.0, 0.0, 0.0, 1.0]]","[[2.220446049250313e-16, -0.0, -1.0, 0.4], [0.0, 1.0, -0.0, -0.27125], [1.0, 0.0, 2.220446049250313e-16, -0.2], [0.0, 0.0, 0.0, 1.0]]","[[8.371312920640861e-09, -2.9813636875329467e-07, -0.9999999999999557, 0.400000164821801], [-1.439273262777026e-07, 0.9999999999999454, -2.981363699581523e-07, -0.2712685942463632], [0.9999999999999899, 1.4392732877348903e-07, 8.37127006603211e-09, -0.2000000855021987], [0.0, 0.0, 0.0, 1.0]]"
1.7249999999999999,-3.06024811493423,1.4461135844496045,12.43017589314158,-97.99557221105684,-2.9405170332180224,13.819923021300538,16.109918110371147,-3.0587678848750417,-1.4528285141773734,-12.424245581394716,-97.9955585506785,2.9352767840207417,13.819591757125792,-16.11616090327254,"[[2.220446049250313e-16, -0.0, -1.0, 0.4], [0.0, 1.0, -0.0, 0.270625], [1.0, 0.0, 2.220446049250313e-16, -0.2], [0.0, 0.0, 0.0, 1.0]]","[[1.6653391277099416e-08, 1.9113269905028754e-07, -0.9999999999999815, 0.40000011515133266], [8.255635028363768e-08, 0.9999999999999782, 1.9113270042513012e-07, 0.2706362587352464], [0.9999999999999963, -8.255635346664376e-08, 1.6653375511932467e-08, -0.20000006379738267], [0.0, 0.0, 0.0, 1.0]]","[[2.220446049250313e-16, -0.0, -1.0, 0.4], [0.0, 1.0, -0.0, -0.270625], [1.0, 0.0, 2.220446049250313e-16, -0.2], [0.0, 0.0, 0.0, 1.0]]","[[5.888274645649005e-09, -4.2034807221514883e-07, -0.9999999999999118, 0.4000002301458843], [-1.9725906133121587e-07, 0.9999999999998924, -4.203480733766562e-07, -0.27065572467103227], [0.9999999999999807, 1.9725906380632332e-07, 5.888191711989066e-09, -0.2000001159975863], [0.0, 0.0, 0.0, 1.0]]"
1.7333333333333334,-3.0754433648468047,1.3875293443911128,12.357985916256423,-98.02800877942522,-2.8610693400094918,13.858115731591957,16.039831831750355,-3.073971245637255,-1.394247475770055,-12.352056458283206,-98.02799511904688,2.855831438689738,13.85779385892732,-16.046072917104453,"[[2.220446049250313e-16, -0.0, -1.0, 0.4], [0.0, 1.0, -0.0, 0.27], [1.0, 0.0, 2.220446049250313e-16, -0.2], [0.0, 0.0, 0.0, 1.0]]","[[-1.1195642191097477e-08, 8.67586894031065e-08, -0.9999999999999963, 0.4000000523083906], [5.498228121388688e-08, 0.9999999999999949, 8.675868878754443e-08, 0.2700041262446856], [0.9999999999999986, -5.4982280242567425e-08, -1.1195647076078785e-08, -0.2000000246913236], [0.0, 0.0, 0.0, 1.0]]","[[2.220446049250313e-16, -0.0, -1.0, 0.4], [0.0, 1.0, -0.0, -0.27], [1.0, 0.0, 2.220446049250313e-16, -0.2], [0.0, 0.0, 0.0, 1.0]]","[[1.88907225417978e-08, -2.830768213681469e-07, -0.9999999999999598, 0.4000001647316874], [-1.5311834175907504e-07, 0.9999999999999483, -2.8307682426065976e-07, -0.2700186041092526], [0.9999999999999882, 1.5311834710659462e-07, 1.889067924309984e-08, -0.20000008938321032], [0.0, 0.0, 0.0, 1.0]]"
1.7416666666666667,-3.090550249186992,1.3296312181790897,12.286595071504157,-98.05977598925496,-2.782462186955696,13.89563737579742,15.970437109783024,-3.08925806277339,-1.335662702103034,-12.279817816300213,-98.06014481947014,2.7762868421723583,13.895775687128113,-15.975848327152967,"[[2.220446049250313e-16, -0.0, -1.0, 0.4], [0.0, 1.0, -0.0, 0.26937500000000003], [1.0, 0.0, 2.220446049250313e-16, -0.2], [0.0, 0.0, 0.0, 1.0]]","[[-5.2741369049869036e-08, 3.0654141790760845e-07, -0.9999999999999518, 0.4000001568604381], [1.4218945012304577e-07, 0.9999999999999432, 3.065414104083395e-07, 0.26939359113577843], [0.9999999999999887, -1.421894339556252e-07, -5.2741412792656206e-08, -0.20000005829511366], [0.0, 0.0, 0.0, 1.0]]","[[2.220446049250313e-16, -0.0, -1.0, 0.4], [0.0, 1.0, -0.0, -0.26937500000000003], [1.0, 0.0, 2.220446049250313e-16, -0.2], [0.0, 0.0, 0.0, 1.0]]","[[1.856396375510272e-08, -2.9412417200593345e-07, -0.9999999999999565, 0.4000001627947365], [-1.282174370422539e-07, 0.9999999999999485, -2.941241743861549e-07, -0.26939359696750104], [0.9999999999999916, 1.2821744250235886e-07, 1.8563926007519882e-08, -0.20000008579701356], [0.0, 0.0, 0.0, 1.0]]"
1.75,-3.106083593463482,1.270349551773316,12.213457405871662,-98.09202814251576,-2.7018766269201238,13.933842892693534,15.899247755611274,-3.1047316428946425,-1.2766563776981765,-12.207014829937046,-98.09225353875837,2.6960735274465515,13.933810449294976,-15.904983406966792,"[[2.220446049250313e-16, -0.0, -1.0, 0.4], [0.0, 1.0, -0.0, 0.26875], [1.0, 0.0, 2.220446049250313e-16, -0.2], [0.0, 0.0, 0.0, 1.0]]","[[3.11382328810339e-08, 1.9321122118103291e-07, -0.9999999999999811, 0.40000011283692527], [9.609788864060258e-08, 0.999999999999977, 1.9321122417335055e-07, 0.26876125848273613], [0.9999999999999951, -9.609789465685685e-08, 3.113821434030939e-08, -0.20000006502958184], [0.0, 0.0, 0.0, 1.0]]","[[2.220446049250313e-16, -0.0, -1.0, 0.4], [0.0, 1.0, -0.0, -0.26875], [1.0, 0.0, 2.220446049250313e-16, -0.2], [0.0, 0.0, 0.0, 1.0]]","[[-1.4459393904431295e-08, -2.0833916231035957e-07, -0.9999999999999784, 0.4000001107757893], [-8.983705354702414e-08, 0.9999999999999745, -2.083391610113694e-07, -0.2687612541908021], [0.9999999999999961, 8.98370505345642e-08, -1.4459412556178108e-08, -0.2000000497480368], [0.0, 0.0, 0.0, 1.0]]"
1.7583333333333333,-3.121632732552427,1.2113363971792885,12.14060575441066,-98.12384316366968,-2.6215621400172364,13.971646282202261,15.828249646736284,-3.1200812123937767,-1.2184822691550028,-12.13519112194613,-98.12359727685956,2.616902243455995,13.971078522727504,-15.83499275099438,"[[2.220446049250313e-16, -0.0, -1.0, 0.4], [0.0, 1.0, -0.0, 0.268125], [1.0, 0.0, 2.220446049250313e-16, -0.2], [0.0, 0.0, 0.0, 1.0]]","[[1.0874375178104856e-08, 1.2682493312240253e-07, -0.999999999999992, 0.400000076865063], [7.619877867406394e-08, 0.9999999999999891, 1.268249339510163e-07, 0.26813181700739847], [0.9999999999999971, -7.619878005320525e-08, 1.0874365519164542e-08, -0.20000004168757543], [0.0, 0.0, 0.0, 1.0]]","[[2.220446049250313e-16, -0.0, -1.0, 0.4], [0.0, 1.0, -0.0, -0.268125], [1.0, 0.0, 2.220446049250313e-16, -0.2], [0.0, 0.0, 0.0, 1.0]]","[[3.224954298053362e-08, -4.1527511940885087e-07, -0.9999999999999135, 0.4000002251201988], [-1.9766603283016532e-07, 0.9999999999998945, -4.152751257834821e-07, -0.26815572749596456], [0.9999999999999801, 1.9766604622258117e-07, 3.22494609350521e-08, -0.2000001165015004], [0.0, 0.0, 0.0, 1.0]]"
1.7666666666666666,-3.1368817702047154,1.1538456277182334,12.069583739873574,-98.15452437342137,-2.543235024719411,14.008241582001544,15.758959085153798,-3.135722132149694,-1.1594684742307406,-12.06229165916094,-98.15511859987916,2.5364917070179045,14.008667615051023,-15.76385803833599,"[[2.220446049250313e-16, -0.0, -1.0, 0.4], [0.0, 1.0, -0.0, 0.2675], [1.0, 0.0, 2.220446049250313e-16, -0.2], [0.0, 0.0, 0.0, 1.0]]","[[-3.029768858020532e-08, 2.1338265013087972e-07, -0.9999999999999768, 0.4000001071220194], [7.845021425394589e-08, 0.9999999999999742, 2.1338264775401898e-07, 0.26751125157030864], [0.9999999999999966, -7.845020778894303e-08, -3.029770545559529e-08, -0.20000004016437703], [0.0, 0.0, 0.0, 1.0]]","[[2.220446049250313e-16, -0.0, -1.0, 0.4], [0.0, 1.0, -0.0, -0.2675], [1.0, 0.0, 2.220446049250313e-16, -0.2], [0.0, 0.0, 0.0, 1.0]]","[[-7.588214406828442e-08, -4.3970826838850874e-07, -0.9999999999999005, 0.400000216648613], [-2.0301858346181281e-07, 0.9999999999998828, -4.397082529830155e-07, -0.26753071919119475], [0.9999999999999767, 2.030185500957876e-07, -7.58822333302156e-08, -0.20000007764608843], [0.0, 0.0, 0.0, 1.0]]"
1.775,-3.1526669777068497,1.0945527555333527,11.996300078947568,-98.18591592284675,-2.4623532052285895,14.045775179038056,15.687363334726431,-3.1512362665191436,-1.1012868951681622,-11.99037318229529,-98.18589543227924,2.4571270432964716,14.045495995055733,-15.693601004985945,"[[2.220446049250313e-16, -0.0, -1.0, 0.4], [0.0, 1.0, -0.0, 0.266875], [1.0, 0.0, 2.220446049250313e-16, -0.2], [0.0, 0.0, 0.0, 1.0]]","[[2.269970372781316e-08, 1.2664776730362207e-07, -0.9999999999999917, 0.4000000764681799], [6.517032098400622e-08, 0.9999999999999898, 1.2664776878296882e-07, 0.2668818191080104], [0.9999999999999977, -6.517032385887252e-08, 2.2699695512162776e-08, -0.20000004517009204], [0.0, 0.0, 0.0, 1.0]]","[[2.220446049250313e-16, -0.0, -1.0, 0.4], [0.0, 1.0, -0.0, -0.266875], [1.0, 0.0, 2.220446049250313e-16, -0.2], [0.0, 0.0, 0.0, 1.0]]","[[-4.0766480358112034e-08, -4.3493503183462866e-07, -0.9999999999999047, 0.4000002173953663], [-2.002565212512909e-07, 0.9999999999998856, -4.3493502367086677e-07, -0.26690572410742675], [0.9999999999999793, 2.0025650352050173e-07, -4.0766567399597164e-08, -0.20000008820590873], [0.0, 0.0, 0.0, 1.0]]"
1.7833333333333332,-3.1684664859175586,1.0355277548299835,11.923303285966703,-98.21686350997608,-2.3817441664177452,14.082909210008124,15.615963952237703,-3.1670438855794916,-1.0422652028376722,-11.91737724308807,-98.21684984959774,2.3765205658065662,14.082637709988616,-15.622201622497217,"[[2.220446049250313e-16, -0.0, -1.0, 0.4], [0.0, 1.0, -0.0, 0.26625], [1.0, 0.0, 2.220446049250313e-16, -0.2], [0.0, 0.0, 0.0, 1.0]]","[[3.1724450622050426e-08, 8.275231262007842e-08, -0.9999999999999962, 0.4000000527362569], [3.9149638747538896e-08, 0.999999999999996, 8.275231386207919e-08, 0.26625412722489744], [0.9999999999999989, -3.914964137281043e-08, 3.1724447402403655e-08, -0.20000003675434372], [0.0, 0.0, 0.0, 1.0]]","[[2.220446049250313e-16, -0.0, -1.0, 0.4], [0.0, 1.0, -0.0, -0.26625], [1.0, 0.0, 2.220446049250313e-16, -0.2], [0.0, 0.0, 0.0, 1.0]]","[[1.344855166118819e-08, -4.277147266521857e-07, -0.9999999999999086, 0.40000021949523196], [-2.093330526213681e-07, 0.9999999999998868, -4.277147294674028e-07, -0.2662807255737978], [0.9999999999999781, 2.0933305837349257e-07, 1.3448462066190103e-08, -0.20000010564595508], [0.0, 0.0, 0.0, 1.0]]"
1.7916666666666667,-3.1839584221722053,0.9780256728681155,11.852143813872571,-98.24670460645986,-2.3031321041654835,14.118850519194377,15.54628748496711,-3.1827219444890216,-0.9840758330905717,-11.845365704894979,-98.24705977629671,2.296964016458139,14.119023835244565,-15.551685041958713,"[[2.220446049250313e-16, -0.0, -1.0, 0.4], [0.0, 1.0, -0.0, 0.265625], [1.0, 0.0, 2.220446049250313e-16, -0.2], [0.0, 0.0, 0.0, 1.0]]","[[-1.2049432618344014e-08, 4.262717264510734e-07, -0.9999999999999091, 0.40000021530244706], [2.0460488630847421e-07, 0.9999999999998883, 4.262717239856917e-07, 0.2656557269979874], [0.999999999999979, -2.0460488117212315e-07, -1.204951988187375e-08, -0.20000009514067363], [0.0, 0.0, 0.0, 1.0]]","[[2.220446049250313e-16, -0.0, -1.0, 0.4], [0.0, 1.0, -0.0, -0.265625], [1.0, 0.0, 2.220446049250313e-16, -0.2], [0.0, 0.0, 0.0, 1.0]]","[[-3.6631091160366225e-08, -4.3307770872704444e-07, -0.9999999999999056, 0.40000021371117445], [-1.9334511556970844e-07, 0.9999999999998875, -4.33077701644594e-07, -0.2656557257685882], [0.9999999999999807, 1.9334509970558141e-07, -3.663117487118228e-08, -0.20000008360179913], [0.0, 0.0, 0.0, 1.0]]"
1.8,-3.1998157735474475,0.9194111238451818,11.779571346393894,-98.27685989164547,-2.2229053425047485,14.155273356717116,15.475135696835794,-3.1986960494103887,-0.9250459231887365,-11.77227670436032,-98.27743362753574,2.2161637323505343,14.155717319013167,-15.480020989639646,"[[2.220446049250313e-16, -0.0, -1.0, 0.4], [0.0, 1.0, -0.0, 0.265], [1.0, 0.0, 2.220446049250313e-16, -0.2], [0.0, 0.0, 0.0, 1.0]]","[[7.634325394079156e-09, 2.0315285262374287e-07, -0.9999999999999795, 0.4000001076483761], [1.0024492755728362e-07, 0.9999999999999745, 2.0315285338904423e-07, 0.26501125913537193], [0.999999999999995, -1.0024492910821653e-07, 7.634305076997805e-09, -0.20000005350582276], [0.0, 0.0, 0.0, 1.0]]","[[2.220446049250313e-16, -0.0, -1.0, 0.4], [0.0, 1.0, -0.0, -0.265], [1.0, 0.0, 2.220446049250313e-16, -0.2], [0.0, 0.0, 0.0, 1.0]]","[[-7.903925036689685e-08, -4.486884281617133e-07, -0.9999999999998963, 0.4000002092406364], [-1.845375952951521e-07, 0.9999999999998824, -4.4868841357599394e-07, -0.26503071894407526], [0.99999999999998, 1.8453755983113713e-07, -7.903933296748988e-08, -0.200000067282884], [0.0, 0.0, 0.0, 1.0]]"
1.8083333333333333,-3.215935233432089,0.8601016030741991,11.706099855265713,-98.30709030891194,-2.141633135014178,14.19190451500954,15.403014021842338,-3.2145376059731756,-0.8668484425919966,-11.700174666160727,-98.30706981834443,2.136417004922404,14.191659481973065,-15.409248277007267,"[[2.220446049250313e-16, -0.0, -1.0, 0.4], [0.0, 1.0, -0.0, 0.264375], [1.0, 0.0, 2.220446049250313e-16, -0.2], [0.0, 0.0, 0.0, 1.0]]","[[-1.7979709554527545e-08, 1.4861220932626526e-07, -0.9999999999999891, 0.40000007173227436], [5.6759317958075305e-08, 0.9999999999999878, 1.48612208305749e-07, 0.26438181214864936], [0.9999999999999984, -5.675931528607033e-08, -1.7979717992222533e-08, -0.2000000277665777], [0.0, 0.0, 0.0, 1.0]]","[[2.220446049250313e-16, -0.0, -1.0, 0.4], [0.0, 1.0, -0.0, -0.264375], [1.0, 0.0, 2.220446049250313e-16, -0.2], [0.0, 0.0, 0.0, 1.0]]","[[6.1239863735629285e-09, -4.268823833332336e-07, -0.999999999999909, 0.4000002135659206], [-2.0254137815587083e-07, 0.9999999999998885, -4.268823845735855e-07, -0.2644057331910473], [0.9999999999999796, 2.0254138077007428e-07, 6.12389988718931e-09, -0.20000009573950076], [0.0, 0.0, 0.0, 1.0]]"
1.8166666666666667,-3.231958003451293,0.8014786230365086,11.633436887780531,-98.3366650280181,-2.0612144877264478,14.227877413820705,15.331604394069855,-3.23056870028543,-0.808228397401215,-11.627511698675546,-98.33665136763976,2.056000278625378,14.227640918520693,-15.337838649234783,"[[2.220446049250313e-16, -0.0, -1.0, 0.4], [0.0, 1.0, -0.0, 0.26375000000000004], [1.0, 0.0, 2.220446049250313e-16, -0.2], [0.0, 0.0, 0.0, 1.0]]","[[9.992512373102613e-11, 2.0396165790427746e-07, -0.9999999999999792, 0.40000010447695467], [8.328810528364303e-08, 0.9999999999999758, 2.039616579125993e-07, 0.2637612604418505], [0.9999999999999966, -8.32881053040222e-08, 9.990813731874937e-11, -0.20000004607247635], [0.0, 0.0, 0.0, 1.0]]","[[2.220446049250313e-16, -0.0, -1.0, 0.4], [0.0, 1.0, -0.0, -0.26375000000000004], [1.0, 0.0, 2.220446049250313e-16, -0.2], [0.0, 0.0, 0.0, 1.0]]","[[-8.338977380839552e-08, -6.0922719209428e-07, -0.999999999999811, 0.40000028261527004], [-2.7636982263636973e-07, 0.9999999999997764, -6.092271690478419e-07, -0.26380077309705263], [0.9999999999999585, 2.7636977183300174e-07, -8.338994211820605e-08, -0.20000009322099954], [0.0, 0.0, 0.0, 1.0]]"
1.825,-3.2475780057528776,0.7446826652409436,11.562995439322897,-98.36501714326282,-1.9832235458018344,14.262498788949854,15.262310417392783,-3.246499903081073,-0.7502946795003139,-11.555658962380658,-98.36558404896394,1.9764405276257768,14.262971779549877,-15.267147898872445,"[[2.220446049250313e-16, -0.0, -1.0, 0.4], [0.0, 1.0, -0.0, 0.263125], [1.0, 0.0, 2.220446049250313e-16, -0.2], [0.0, 0.0, 0.0, 1.0]]","[[3.344363225243896e-08, 1.289718867105013e-07, -0.999999999999991, 0.40000007404630034], [7.16567433769103e-08, 0.9999999999999891, 1.289718891069628e-07, 0.26313181866916], [0.9999999999999968, -7.165674769019809e-08, 3.344362292656555e-08, -0.20000004361795534], [0.0, 0.0, 0.0, 1.0]]","[[2.220446049250313e-16, -0.0, -1.0, 0.4], [0.0, 1.0, -0.0, -0.263125], [1.0, 0.0, 2.220446049250313e-16, -0.2], [0.0, 0.0, 0.0, 1.0]]","[[-4.497956740401321e-08, -6.014200928138137e-07, -0.9999999999998181, 0.4000002831399826], [-2.684550271444085e-07, 0.9999999999997831, -6.014200807388017e-07, -0.2631757708451382], [0.9999999999999629, 2.684550000927446e-07, -4.497972883044099e-08, -0.20000010531027615], [0.0, 0.0, 0.0, 1.0]]"
1.8333333333333333,-3.264066722739523,0.6849104525145455,11.488833245314899,-98.39461235293649,-1.9010459113594143,14.298724404760309,15.18925642157762,-3.2628769891634715,-0.6909752336106937,-11.482054282563661,-98.39494703220582,1.8948833731807704,14.298928456661763,-15.194642025738174,"[[2.220446049250313e-16, -0.0, -1.0, 0.4], [0.0, 1.0, -0.0, 0.2625], [1.0, 0.0, 2.220446049250313e-16, -0.2], [0.0, 0.0, 0.0, 1.0]]","[[-6.035552696515012e-08, 3.1799872539479607e-07, -0.9999999999999476, 0.40000014457695493], [1.4919179201867826e-07, 0.9999999999999383, 3.1799871639024387e-07, 0.26251859742059797], [0.9999999999999871, -1.4919177282569036e-07, -6.035557448269557e-08, -0.2000000448644489], [0.0, 0.0, 0.0, 1.0]]","[[2.220446049250313e-16, -0.0, -1.0, 0.4], [0.0, 1.0, -0.0, -0.2625], [1.0, 0.0, 2.220446049250313e-16, -0.2], [0.0, 0.0, 0.0, 1.0]]","[[4.387580210263309e-08, -2.8399552565256543e-07, -0.9999999999999589, 0.4000001511455456], [-1.4577917019582531e-07, 0.9999999999999493, -2.839955320487407e-07, -0.2625186093600961], [0.9999999999999887, 1.4577918265635103e-07, 4.387576069131427e-08, -0.2000000805115504], [0.0, 0.0, 0.0, 1.0]]"
1.8416666666666666,-3.2805183005725564,0.6255830558578445,11.415184169268297,-98.42368163804406,-1.8193907863885004,14.334444586572182,15.116624189943703,-3.2791539702858463,-0.6323419015675423,-11.409260687710605,-98.42366797766573,1.8141838343634233,14.334234558255204,-15.122855030014048,"[[2.220446049250313e-16, -0.0, -1.0, 0.4], [0.0, 1.0, -0.0, 0.26187499999999997], [1.0, 0.0, 2.220446049250313e-16, -0.2], [0.0, 0.0, 0.0, 1.0]]","[[-5.385515716715972e-08, 8.074066043138674e-08, -0.9999999999999954, 0.40000002835203613], [2.6807484301857203e-08, 0.9999999999999964, 8.074065898766555e-08, 0.2618774897646672], [0.9999999999999983, -2.6807479953556195e-08, -5.3855159387605767e-08, -0.1999999943281893], [0.0, 0.0, 0.0, 1.0]]","[[2.220446049250313e-16, -0.0, -1.0, 0.4], [0.0, 1.0, -0.0, -0.26187499999999997], [1.0, 0.0, 2.220446049250313e-16, -0.2], [0.0, 0.0, 0.0, 1.0]]","[[-2.9872911422312853e-08, -2.1927113423440606e-07, -0.9999999999999757, 0.4000001000104527], [-7.867428270086902e-08, 0.9999999999999729, -2.1927113188417556e-07, -0.2618862540987313], [0.9999999999999966, 7.867427615059996e-08, -2.987292874179204e-08, -0.20000003135001998], [0.0, 0.0, 0.0, 1.0]]"
1.8499999999999999,-3.2968687062285094,0.5669423600169943,11.342347885732929,-98.45211571555883,-1.7385956249227732,14.369515900412905,15.044714250814517,-3.2953274313536136,-0.5743950035359773,-11.337280739142425,-98.45175371553282,1.7343460733202616,14.368896060745728,-15.05179715698382,"[[2.220446049250313e-16, -0.0, -1.0, 0.4], [0.0, 1.0, -0.0, 0.26125], [1.0, 0.0, 2.220446049250313e-16, -0.2], [0.0, 0.0, 0.0, 1.0]]","[[5.001799024961784e-08, 1.2684698095628077e-07, -0.9999999999999909, 0.40000007335697413], [6.46937599917054e-08, 0.99999999999999, 1.2684698419213253e-07, 0.26125681885475005], [0.9999999999999969, -6.469376633633601e-08, 5.0017982033967456e-08, -0.2000000481695287], [0.0, 0.0, 0.0, 1.0]]","[[2.220446049250313e-16, -0.0, -1.0, 0.4], [0.0, 1.0, -0.0, -0.26125], [1.0, 0.0, 2.220446049250313e-16, -0.2], [0.0, 0.0, 0.0, 1.0]]","[[-1.97326652795482e-08, -5.905686317877998e-07, -0.9999999999998257, 0.4000002788994911], [-2.7957195894538127e-07, 0.9999999999997868, -5.905686262710769e-07, -0.2613007744686787], [0.9999999999999609, 2.795719472918395e-07, -1.973283025868966e-08, -0.20000011048026042], [0.0, 0.0, 0.0, 1.0]]"
1.8583333333333334,-3.313114524612796,0.5089882049094361,11.270326102256082,-98.47991458548078,-1.6586641622219354,14.403945176471648,14.97353514192652,-3.311952752123659,-0.5150618439071641,-11.263547139504844,-98.48024243456094,1.6525053593029937,14.40416545007238,-14.978915623445198,"[[2.220446049250313e-16, -0.0, -1.0, 0.4], [0.0, 1.0, -0.0, 0.260625], [1.0, 0.0, 2.220446049250313e-16, -0.2], [0.0, 0.0, 0.0, 1.0]]","[[-2.390925346595907e-09, 1.3710742149001995e-07, -0.9999999999999908, 0.4000000683142114], [6.721695315772934e-08, 0.9999999999999886, 1.3710742132930892e-07, 0.2606318150283896], [0.9999999999999979, -6.721695282991507e-08, -2.3909346724693137e-09, -0.2000000261796586], [0.0, 0.0, 0.0, 1.0]]","[[2.220446049250313e-16, -0.0, -1.0, 0.4], [0.0, 1.0, -0.0, -0.260625], [1.0, 0.0, 2.220446049250313e-16, -0.2], [0.0, 0.0, 0.0, 1.0]]","[[-1.685921402483359e-10, -4.2925324043562265e-07, -0.999999999999908, 0.4000002044796611], [-1.8952729890038255e-07, 0.99999999999989, -4.292532404036621e-07, -0.2606557326706026], [0.9999999999999821, 1.8952729882799635e-07, -1.6867340857373847e-10, -0.20000008814897963], [0.0, 0.0, 0.0, 1.0]]"
1.8666666666666667,-3.3296267203747134,0.45033822428018283,11.197407856450672,-98.50778175729442,-1.5776849058137352,14.438563990279857,14.901386146176383,-3.3284743393956853,-0.4564146914031141,-11.190628893699435,-98.50810277618542,1.5715271701118514,14.43879109406976,-14.906763212600476,"[[2.220446049250313e-16, -0.0, -1.0, 0.4], [0.0, 1.0, -0.0, 0.26], [1.0, 0.0, 2.220446049250313e-16, -0.2], [0.0, 0.0, 0.0, 1.0]]","[[-3.38085243689612e-08, 3.0366004645746605e-07, -0.9999999999999535, 0.40000014140419293], [1.501326837542817e-07, 0.9999999999999427, 3.036600413816983e-07, 0.2600185991676562], [0.9999999999999883, -1.5013267348797678e-07, -3.380856988810521e-08, -0.200000046397666], [0.0, 0.0, 0.0, 1.0]]","[[2.220446049250313e-16, -0.0, -1.0, 0.4], [0.0, 1.0, -0.0, -0.26], [1.0, 0.0, 2.220446049250313e-16, -0.2], [0.0, 0.0, 0.0, 1.0]]","[[-4.146160292872736e-08, -3.1727945735965425e-07, -0.9999999999999489, 0.4000001404301377], [-1.272544312292057e-07, 0.9999999999999417, -3.172794520834793e-07, -0.26001859343670397], [0.9999999999999911, 1.272544180742846e-07, -4.146164311880085e-08, -0.2000000424511207], [0.0, 0.0, 0.0, 1.0]]"
1.875,-3.346220238076436,0.39168397478269834,11.124448629510242,-98.53535523097378,-1.4966141889036806,14.472955700298163,14.82911591456848,-3.345077248607517,-0.3977632700308328,-11.117669666759005,-98.53567624986476,1.490457733862266,14.473187926729944,-14.834491273445279,"[[2.220446049250313e-16, -0.0, -1.0, 0.4], [0.0, 1.0, -0.0, 0.259375], [1.0, 0.0, 2.220446049250313e-16, -0.2], [0.0, 0.0, 0.0, 1.0]]","[[1.3498248352394882e-08, 2.9652716960635867e-07, -0.9999999999999559, 0.40000014361965736], [1.4352708299127632e-07, 0.9999999999999456, 2.9652717154371985e-07, 0.25939360457521093], [0.9999999999999897, -1.435270869938674e-07, 1.3498205830853038e-08, -0.20000006124662234], [0.0, 0.0, 0.0, 1.0]]","[[2.220446049250313e-16, -0.0, -1.0, 0.4], [0.0, 1.0, -0.0, -0.259375], [1.0, 0.0, 2.220446049250313e-16, -0.2], [0.0, 0.0, 0.0, 1.0]]","[[-5.658858487356255e-08, -4.3540456941754494e-07, -0.9999999999999039, 0.400000196682068], [-1.9199286816118768e-07, 0.999999999999887, -4.3540455855293296e-07, -0.25940573680584955], [0.9999999999999802, 1.9199284352224137e-07, -5.6588668362334005e-08, -0.20000005893965364], [0.0, 0.0, 0.0, 1.0]]"
1.8833333333333333,-3.362894864274553,0.33302454928248343,11.051449275208439,-98.56264866689715,-1.415451584604948,14.507118598979275,14.7567261546501,-3.361572368896509,-0.3397979091441676,-11.045528354971685,-98.56262817632964,1.4102560518023897,14.50695125934461,-14.76295528717315,"[[2.220446049250313e-16, -0.0, -1.0, 0.4], [0.0, 1.0, -0.0, 0.25875000000000004], [1.0, 0.0, 2.220446049250313e-16, -0.2], [0.0, 0.0, 0.0, 1.0]]","[[-5.423135274185142e-10, 2.0593258194887615e-07, -0.999999999999979, 0.400000098956354], [9.082305933112386e-08, 0.9999999999999749, 2.0593258189962073e-07, 0.25876126021636164], [0.9999999999999961, -9.08230592194419e-08, -5.423321791653279e-10, -0.20000003918610246], [0.0, 0.0, 0.0, 1.0]]","[[2.220446049250313e-16, -0.0, -1.0, 0.4], [0.0, 1.0, -0.0, -0.25875000000000004], [1.0, 0.0, 2.220446049250313e-16, -0.2], [0.0, 0.0, 0.0, 1.0]]","[[4.6595537206428617e-08, -2.9574637412113187e-07, -0.9999999999999551, 0.40000014436874415], [-1.2654671525824783e-07, 0.9999999999999483, -2.95746380017642e-07, -0.25876860847528854], [0.9999999999999909, 1.265467290387036e-07, 4.6595499680890384e-08, -0.20000007360762986], [0.0, 0.0, 0.0, 1.0]]"
1.8916666666666666,-3.3798405636053546,0.2736690581367355,10.977551751030779,-98.58997625376637,-1.3332373446174448,14.541457375031515,14.683363092774991,-3.3785266059637733,-0.280445139401917,-10.97163168456767,-98.58996259338802,1.3280438395272964,14.54129857313331,-14.689590517750752,"[[2.220446049250313e-16, -0.0, -1.0, 0.4], [0.0, 1.0, -0.0, 0.258125], [1.0, 0.0, 2.220446049250313e-16, -0.2], [0.0, 0.0, 0.0, 1.0]]","[[1.717863162831179e-08, 1.3124875059539553e-07, -0.9999999999999913, 0.40000006829228524], [7.45619888684508e-08, 0.9999999999999888, 1.3124875187626811e-07, 0.258131819197566], [0.9999999999999971, -7.456199112312408e-08, 1.7178621858349175e-08, -0.20000003395025534], [0.0, 0.0, 0.0, 1.0]]","[[2.220446049250313e-16, -0.0, -1.0, 0.4], [0.0, 1.0, -0.0, -0.258125], [1.0, 0.0, 2.220446049250313e-16, -0.2], [0.0, 0.0, 0.0, 1.0]]","[[5.5446803259862065e-09, -4.242725814220831e-07, -0.99999999999991, 0.4000001978207882], [-2.1201701207848425e-07, 0.9999999999998874, -4.2427258259764016e-07, -0.2581557357701028], [0.9999999999999775, 2.1201701443092098e-07, 5.5445902868989094e-09, -0.2000000810388138], [0.0, 0.0, 0.0, 1.0]]"
1.9,-3.3964874421599682,0.21569141091369215,10.905333599615295,-98.61636127453012,-1.2528545558228574,14.574757962329912,14.611596587618376,-3.3951815953680264,-0.22247038700514302,-10.899413533152186,-98.61634761415178,1.2476635053319418,14.574609405715464,-14.617824012594134,"[[2.220446049250313e-16, -0.0, -1.0, 0.4], [0.0, 1.0, -0.0, 0.2575], [1.0, 0.0, 2.220446049250313e-16, -0.2], [0.0, 0.0, 0.0, 1.0]]","[[-2.6156754817652228e-08, 2.0726659300961134e-07, -0.9999999999999784, 0.4000000952479708], [9.411283537838529e-08, 0.9999999999999745, 2.0726659054792411e-07, 0.25751126130936725], [0.9999999999999954, -9.411282995696185e-08, -2.615677435757746e-08, -0.20000003006764258], [0.0, 0.0, 0.0, 1.0]]","[[2.220446049250313e-16, -0.0, -1.0, 0.4], [0.0, 1.0, -0.0, -0.2575], [1.0, 0.0, 2.220446049250313e-16, -0.2], [0.0, 0.0, 0.0, 1.0]]","[[-4.9655566491946246e-08, -6.147941169892248e-07, -0.9999999999998098, 0.40000026394072263], [-2.6349023968427573e-07, 0.9999999999997762, -6.14794103905447e-07, -0.2575507714570525], [0.9999999999999641, 2.6349020915627615e-07, -4.965572858450784e-08, -0.20000008350406548], [0.0, 0.0, 0.0, 1.0]]"
1.9083333333333332,-3.413404753517032,0.1570175513027703,10.832218132097601,-98.64279410661807,-1.1714210918348513,14.608234426999436,14.538856780505032,-3.412107657904964,-0.16379918209665248,-10.826298919408138,-98.64278044623973,1.1662320690563457,14.608092700574158,-14.54508420548079,"[[2.220446049250313e-16, -0.0, -1.0, 0.4], [0.0, 1.0, -0.0, 0.25687499999999996], [1.0, 0.0, 2.220446049250313e-16, -0.2], [0.0, 0.0, 0.0, 1.0]]","[[-3.713785301506789e-08, 2.1846624722804246e-07, -0.9999999999999757, 0.40000009410790327], [1.0365574148730782e-07, 0.9999999999999709, 2.1846624337848974e-07, 0.2568862583211382], [0.9999999999999941, -1.0365573337393804e-07, -3.713787566361759e-08, -0.200000025536674], [0.0, 0.0, 0.0, 1.0]]","[[2.220446049250313e-16, -0.0, -1.0, 0.4], [0.0, 1.0, -0.0, -0.25687499999999996], [1.0, 0.0, 2.220446049250313e-16, -0.2], [0.0, 0.0, 0.0, 1.0]]","[[3.3001866683868286e-08, -5.873261005582401e-07, -0.9999999999998269, 0.4000002665613556], [-2.689371048914157e-07, 0.9999999999997914, -5.873261094336457e-07, -0.25692578646525427], [0.9999999999999633, 2.689371242742271e-07, 3.300170869913188e-08, -0.20000010968895576], [0.0, 0.0, 0.0, 1.0]]"
1.9166666666666667,-3.430402959927078,0.0983387758232759,10.759065098539471,-98.6689332405717,-1.089898408500812,14.641480372784473,14.466004275270384,-3.429307354895526,-0.104431497996019,-10.752286135788234,-98.66924059908436,1.083747182822981,14.641743335067519,-14.471369388863428,"[[2.220446049250313e-16, -0.0, -1.0, 0.4], [0.0, 1.0, -0.0, 0.25625], [1.0, 0.0, 2.220446049250313e-16, -0.2], [0.0, 0.0, 0.0, 1.0]]","[[1.7062756429986337e-08, 3.0308807191916615e-07, -0.999999999999954, 0.4000001385038137], [1.4377415857484353e-07, 0.9999999999999438, 3.030880743723465e-07, 0.25626860852992567], [0.9999999999999896, -1.4377416374635486e-07, 1.706271279822147e-08, -0.20000005937301496], [0.0, 0.0, 0.0, 1.0]]","[[2.220446049250313e-16, -0.0, -1.0, 0.4], [0.0, 1.0, -0.0, -0.25625], [1.0, 0.0, 2.220446049250313e-16, -0.2], [0.0, 0.0, 0.0, 1.0]]","[[3.3501708074368253e-09, -3.0844790356779393e-07, -0.9999999999999525, 0.4000001382433414], [-1.300312561458163e-07, 0.999999999999944, -3.0844790400341826e-07, -0.2562686070837145], [0.9999999999999916, 1.3003125717916326e-07, 3.3501307283856363e-09, -0.20000005650219316], [0.0, 0.0, 0.0, 1.0]]"
1.925,-3.447675868007806,0.03896277743475138,10.685014748879132,-98.6951065254712,-1.0073207811051232,14.674888535562298,14.392173345437131,-3.446512387971376,-0.04533104838171557,-10.678574734265457,-98.69528411038962,1.0015512989688724,14.675002941230897,-14.397876553394092,"[[2.220446049250313e-16, -0.0, -1.0, 0.4], [0.0, 1.0, -0.0, 0.255625], [1.0, 0.0, 2.220446049250313e-16, -0.2], [0.0, 0.0, 0.0, 1.0]]","[[-5.205127484586569e-08, 2.1665840324771334e-07, -0.9999999999999752, 0.4000000908179984], [8.027996904862048e-08, 0.9999999999999734, 2.166583990690382e-07, 0.25563625896775927], [0.9999999999999954, -8.027995777127262e-08, -5.2051292165344876e-08, -0.20000001605357984], [0.0, 0.0, 0.0, 1.0]]","[[2.220446049250313e-16, -0.0, -1.0, 0.4], [0.0, 1.0, -0.0, -0.255625], [1.0, 0.0, 2.220446049250313e-16, -0.2], [0.0, 0.0, 0.0, 1.0]]","[[-6.581837341812502e-08, -2.305299468662756e-07, -0.9999999999999714, 0.4000000906231991], [-1.0675550634240795e-07, 0.9999999999999678, -2.30529939839801e-07, -0.25563625462751166], [0.9999999999999922, 1.067554911692992e-07, -6.581839806507617e-08, -0.2000000142875758], [0.0, 0.0, 0.0, 1.0]]"
1.9333333333333333,-3.4648362914106396,-0.019726540148242246,10.61178743701378,-98.72066509334539,-0.9256194456356059,14.707670028483774,14.31909373641258,-3.463681775997496,0.013355529454987445,-10.60534827617375,-98.7208426782638,0.9198516710466476,14.707791264341543,-14.324795236822247,"[[2.220446049250313e-16, -0.0, -1.0, 0.4], [0.0, 1.0, -0.0, 0.255], [1.0, 0.0, 2.220446049250313e-16, -0.2], [0.0, 0.0, 0.0, 1.0]]","[[4.585538909696041e-08, 2.0222525551619752e-07, -0.9999999999999787, 0.4000000980005168], [9.567876939638416e-08, 0.9999999999999751, 2.02225259903584e-07, 0.2550112647532504], [0.9999999999999944, -9.567877866950009e-08, 4.585536977907978e-08, -0.20000005221762657], [0.0, 0.0, 0.0, 1.0]]","[[2.220446049250313e-16, -0.0, -1.0, 0.4], [0.0, 1.0, -0.0, -0.255], [1.0, 0.0, 2.220446049250313e-16, -0.2], [0.0, 0.0, 0.0, 1.0]]","[[-1.5869818903446742e-08, -3.1339226397896175e-07, -0.9999999999999508, 0.4000001348137179], [-1.4233404290720752e-07, 0.9999999999999408, -3.133922617201431e-07, -0.2550186056132917], [0.9999999999999899, 1.4233403793372204e-07, -1.5869863534412332e-08, -0.2000000461533027], [0.0, 0.0, 0.0, 1.0]]"
1.9416666666666667,-3.4820767560928094,-0.07842115046083196,10.53852512042893,-98.7459436234636,-0.8438302248413776,14.740219294973471,14.245902283040369,-3.4808135979831802,0.07162862071274685,-10.53260761528676,-98.74592996308526,0.8386500599644519,14.740113427041335,-14.252126292921544,"[[2.220446049250313e-16, -0.0, -1.0, 0.4], [0.0, 1.0, -0.0, 0.254375], [1.0, 0.0, 2.220446049250313e-16, -0.2], [0.0, 0.0, 0.0, 1.0]]","[[-4.090611704921088e-08, 1.560680377742065e-07, -0.9999999999999872, 0.40000006070701954], [6.537654432239796e-08, 0.9999999999999859, 1.560680350999057e-07, 0.25438181149109523], [0.9999999999999972, -6.537653793825979e-08, -4.0906127263262704e-08, -0.20000000914986815], [0.0, 0.0, 0.0, 1.0]]","[[2.220446049250313e-16, -0.0, -1.0, 0.4], [0.0, 1.0, -0.0, -0.254375], [1.0, 0.0, 2.220446049250313e-16, -0.2], [0.0, 0.0, 0.0, 1.0]]","[[4.496212774318664e-08, -2.895390668090577e-07, -0.9999999999999571, 0.40000013673045387], [-1.3950093329865248e-07, 0.9999999999999485, -2.8953907308131395e-07, -0.25439361022933293], [0.9999999999999893, 1.3950094631693928e-07, 4.4962087331068545e-08, -0.20000006293494096], [0.0, 0.0, 0.0, 1.0]]"
1.95,-3.499397688941139,-0.1371209968071116,10.465227799124584,-98.77093528563668,-0.7619537590526728,14.772538042578677,14.172600692867793,-3.4981428551245606,0.13032567895446293,-10.459310293982416,-98.77092162525834,0.7567759954141272,14.772440712383005,-14.178824702748965,"[[2.220446049250313e-16, -0.0, -1.0, 0.4], [0.0, 1.0, -0.0, 0.25375000000000003], [1.0, 0.0, 2.220446049250313e-16, -0.2], [0.0, 0.0, 0.0, 1.0]]","[[1.7620281900221357e-08, 1.3181490058921245e-07, -0.9999999999999912, 0.40000006464752336], [6.363276847154714e-08, 0.9999999999999893, 1.3181490171043952e-07, 0.2537568200321033], [0.9999999999999979, -6.36327707941623e-08, 1.762027346252637e-08, -0.20000002868331038], [0.0, 0.0, 0.0, 1.0]]","[[2.220446049250313e-16, -0.0, -1.0, 0.4], [0.0, 1.0, -0.0, -0.25375000000000003], [1.0, 0.0, 2.220446049250313e-16, -0.2], [0.0, 0.0, 0.0, 1.0]]","[[-1.7466967927592947e-08, -4.3264118988987615e-07, -0.9999999999999064, 0.4000001851166082], [-2.0165715286737229e-07, 0.9999999999998863, -4.326411863675284e-07, -0.25378074064944445], [0.9999999999999797, 2.0165714531042364e-07, -1.7467055191122682e-08, -0.20000005630674106], [0.0, 0.0, 0.0, 1.0]]"
1.9583333333333333,-3.5169177644924563,-0.19624504859365924,10.391373817402883,-98.79582449497221,-0.6794032389702525,14.804855082636594,14.09866474887605,-3.5156714684123402,0.1894472227809247,-10.38545716603436,-98.79581083459387,0.6742274496832638,14.804766290177383,-14.104887904983578,"[[2.220446049250313e-16, -0.0, -1.0, 0.4], [0.0, 1.0, -0.0, 0.25312500000000004], [1.0, 0.0, 2.220446049250313e-16, -0.2], [0.0, 0.0, 0.0, 1.0]]","[[-8.463600265073978e-09, 9.178438808614206e-08, -0.9999999999999957, 0.40000004165170394], [4.3699609456148986e-08, 0.9999999999999947, 9.178438771628594e-08, 0.2531291276396377], [0.999999999999999, -4.369960867932244e-08, -8.463604261876867e-09, -0.20000001087831842], [0.0, 0.0, 0.0, 1.0]]","[[2.220446049250313e-16, -0.0, -1.0, 0.4], [0.0, 1.0, -0.0, -0.25312500000000004], [1.0, 0.0, 2.220446049250313e-16, -0.2], [0.0, 0.0, 0.0, 1.0]]","[[2.3884283439912224e-11, -3.076841291613562e-07, -0.9999999999999527, 0.4000001312931752], [-1.3905566011094401e-07, 0.9999999999999432, -3.0768412916467444e-07, -0.25314360583294876], [0.9999999999999905, 1.3905566011828625e-07, 2.3841539853464155e-11, -0.20000004368155774], [0.0, 0.0, 0.0, 1.0]]"
1.9666666666666666,-3.5342796784758055,-0.25453663105447194,10.318529849904698,-98.8200580061474,-0.59794122692595,14.83647715094646,14.025673078537062,-3.533041920132152,0.24773613719909288,-10.312613198536173,-98.82004434576908,0.5927677321556356,14.836396896223713,-14.031895380870944,"[[2.220446049250313e-16, -0.0, -1.0, 0.4], [0.0, 1.0, -0.0, 0.2525], [1.0, 0.0, 2.220446049250313e-16, -0.2], [0.0, 0.0, 0.0, 1.0]]","[[-7.66742601632231e-08, 2.2388147060128572e-07, -0.9999999999999721, 0.400000086875628], [9.868342836241627e-08, 0.9999999999999701, 2.2388146303480641e-07, 0.25251125778301114], [0.9999999999999923, -9.868341119646797e-08, -7.667428214563898e-08, -0.20000000843578544], [0.0, 0.0, 0.0, 1.0]]","[[2.220446049250313e-16, -0.0, -1.0, 0.4], [0.0, 1.0, -0.0, -0.2525], [1.0, 0.0, 2.220446049250313e-16, -0.2], [0.0, 0.0, 0.0, 1.0]]","[[1.9509860060829e-08, -2.992217875691191e-07, -0.9999999999999551, 0.40000013204605667], [-1.4475549563757133e-07, 0.9999999999999448, -2.992217903932755e-07, -0.2525186100675593], [0.9999999999999893, 1.4475550147534009e-07, 1.9509816762131038e-08, -0.20000005128234202], [0.0, 0.0, 0.0, 1.0]]"
1.9749999999999999,-3.551640525242097,-0.31256026199249387,10.245994094692808,-98.84388853616159,-0.5167782491012471,14.867721851304683,13.95291961104538,-3.550411304634906,0.3057573135378818,-10.24007829709793,-98.84387487578324,0.5116067820433426,14.867650134318398,-13.959141913379261,"[[2.220446049250313e-16, -0.0, -1.0, 0.4], [0.0, 1.0, -0.0, 0.25187499999999996], [1.0, 0.0, 2.220446049250313e-16, -0.2], [0.0, 0.0, 0.0, 1.0]]","[[2.7590995543835817e-08, 8.900528860767198e-08, -0.9999999999999959, 0.4000000436233591], [4.2435119515981155e-08, 0.9999999999999953, 8.900528977849913e-08, 0.2518791292430953], [0.999999999999999, -4.243512197172552e-08, 2.7590991769077533e-08, -0.20000002462055488], [0.0, 0.0, 0.0, 1.0]]","[[2.220446049250313e-16, -0.0, -1.0, 0.4], [0.0, 1.0, -0.0, -0.25187499999999996], [1.0, 0.0, 2.220446049250313e-16, -0.2], [0.0, 0.0, 0.0, 1.0]]","[[1.655707515535454e-08, -2.9736983793773754e-07, -0.9999999999999557, 0.40000013274342183], [-1.464638946975404e-07, 0.9999999999999452, -2.9736984036274813e-07, -0.2518936125664009], [0.9999999999999892, 1.4646389962110868e-07, 1.655703152358967e-08, -0.2000000541406397], [0.0, 0.0, 0.0, 1.0]]"
1.9833333333333334,-3.569481192797582,-0.37197394314831916,10.171698711995994,-98.86802642468841,-0.433586251525801,14.899485646039828,13.878319431156854,-3.5682605099268536,0.3651682732902097,-10.165783768174762,-98.86801276431007,0.42841710566499713,14.899422466790005,-13.88454087971709,"[[2.220446049250313e-16, -0.0, -1.0, 0.4], [0.0, 1.0, -0.0, 0.25125], [1.0, 0.0, 2.220446049250313e-16, -0.2], [0.0, 0.0, 0.0, 1.0]]","[[-2.4040801571700854e-08, 2.1548461904537941e-07, -0.9999999999999767, 0.4000000870245934], [9.629777173148334e-08, 0.9999999999999725, 2.154846167303029e-07, 0.25126126012261657], [0.9999999999999953, -9.629776655105819e-08, -2.4040822221849112e-08, -0.20000001861810893], [0.0, 0.0, 0.0, 1.0]]","[[2.220446049250313e-16, -0.0, -1.0, 0.4], [0.0, 1.0, -0.0, -0.25125], [1.0, 0.0, 2.220446049250313e-16, -0.2], [0.0, 0.0, 0.0, 1.0]]","[[-2.0487789909040544e-08, -2.1005805670750942e-07, -0.9999999999999776, 0.40000008770789464], [-9.621664758303604e-08, 0.9999999999999731, -2.1005805473624202e-07, -0.2512612636145862], [0.9999999999999951, 9.621664327940861e-08, -2.0487810115099592e-08, -0.2000000201511991], [0.0, 0.0, 0.0, 1.0]]"
1.9916666666666667,-3.5872016917123566,-0.4307008701274408,10.09823490483063,-98.89157691694662,-0.3512817516556333,14.930638138844255,13.804485940002662,-3.5859893331346795,0.4238927990309513,-10.092319961009398,-98.89156325656828,0.3461145267855335,14.930583497330895,-13.81070653478925,"[[2.220446049250313e-16, -0.0, -1.0, 0.4], [0.0, 1.0, -0.0, 0.250625], [1.0, 0.0, 2.220446049250313e-16, -0.2], [0.0, 0.0, 0.0, 1.0]]","[[-3.5187646352241586e-08, 1.5755043843641838e-07, -0.999999999999987, 0.40000005815980044], [5.842983460714402e-08, 0.9999999999999858, 1.5755043638040983e-07, 0.2506318126539847], [0.9999999999999977, -5.842982906331421e-08, -3.518765567811499e-08, -0.20000000849780164], [0.0, 0.0, 0.0, 1.0]]","[[2.220446049250313e-16, -0.0, -1.0, 0.4], [0.0, 1.0, -0.0, -0.250625], [1.0, 0.0, 2.220446049250313e-16, -0.2], [0.0, 0.0, 0.0, 1.0]]","[[-3.838941275979835e-08, -4.425593107424911e-07, -0.9999999999999015, 0.4000001774349993], [-2.0620270123536696e-07, 0.999999999999881, -4.4255930282648136e-07, -0.2506557395175328], [0.9999999999999781, 2.0620268424575489e-07, -3.838950402013097e-08, -0.20000004581637867], [0.0, 0.0, 0.0, 1.0]]"
2.0,-3.605001591576233,-0.48943337331568953,10.024739508040353,-98.91484737144884,-0.2688933151638685,14.961554990122318,13.730549142237274,-3.603797770735018,0.4826227675786877,-10.018825417992769,-98.91483371107051,0.2637282247278844,14.961510593892713,-13.736769737023863,"[[2.220446049250313e-16, -0.0, -1.0, 0.4], [0.0, 1.0, -0.0, 0.25], [1.0, 0.0, 2.220446049250313e-16, -0.2], [0.0, 0.0, 0.0, 1.0]]","[[-2.2613680761285337e-08, 1.5472575898112933e-07, -0.999999999999988, 0.4000000593727991], [6.522117740403917e-08, 0.9999999999999862, 1.5472575750623816e-07, 0.2500068138321592], [0.9999999999999978, -6.522117390511949e-08, -2.261369075329256e-08, -0.20000001058007055], [0.0, 0.0, 0.0, 1.0]]","[[2.220446049250313e-16, -0.0, -1.0, 0.4], [0.0, 1.0, -0.0, -0.25], [1.0, 0.0, 2.220446049250313e-16, -0.2], [0.0, 0.0, 0.0, 1.0]]","[[3.901250406057599e-08, -2.894257549424318e-07, -0.9999999999999575, 0.4000001303793045], [-1.3985533912899525e-07, 0.9999999999999485, -2.894257603985362e-07, -0.2500186155253577], [0.9999999999999897, 1.3985535042021294e-07, 3.901246353743559e-08, -0.2000000530155452], [0.0, 0.0, 0.0, 1.0]]"
2.0083333333333333,-3.622676840487757,-0.5474791490076611,9.952079101876112,-98.9375440900608,-0.1873972855758482,14.991874199848006,13.657386717169036,-3.6216856092844587,0.5413586058202421,-9.945300139124875,-98.93781046743844,0.18125827953332901,14.992202048928165,-13.662730486420925,"[[2.220446049250313e-16, -0.0, -1.0, 0.4], [0.0, 1.0, -0.0, 0.249375], [1.0, 0.0, 2.220446049250313e-16, -0.2], [0.0, 0.0, 0.0, 1.0]]","[[-2.6503280792233852e-08, 1.5394943111952627e-07, -0.999999999999988, 0.40000005805362426], [5.985445291250571e-08, 0.9999999999999866, 1.539494295331867e-07, 0.24938181486868688], [0.999999999999998, -5.985444883234001e-08, -2.6503289896062654e-08, -0.20000001052220778], [0.0, 0.0, 0.0, 1.0]]","[[2.220446049250313e-16, -0.0, -1.0, 0.4], [0.0, 1.0, -0.0, -0.249375], [1.0, 0.0, 2.220446049250313e-16, -0.2], [0.0, 0.0, 0.0, 1.0]]","[[2.762070394624061e-08, -8.094535597625628e-07, -0.9999999999996723, 0.40000031573785266], [-3.7182263474533365e-07, 0.9999999999996035, -8.0945357003251e-07, -0.2494589037347816], [0.9999999999999307, 3.718226571028891e-07, 2.7620402964778634e-08, -0.20000009609166033], [0.0, 0.0, 0.0, 1.0]]"
2.0166666666666666,-3.64083959415129,-0.6069153484434063,9.877658214453298,-98.96051401623956,-0.10386684012083597,15.022686890741225,13.582372457062078,-3.639652848783,0.6000999935904971,-9.871744124405714,-98.96050035586121,0.09870574507871202,15.022659569984546,-13.588591344301376,"[[2.220446049250313e-16, -0.0, -1.0, 0.4], [0.0, 1.0, -0.0, 0.24875], [1.0, 0.0, 2.220446049250313e-16, -0.2], [0.0, 0.0, 0.0, 1.0]]","[[2.1730560129107346e-09, 2.0482600377428681e-07, -0.999999999999979, 0.40000008829161093], [9.054469014643121e-08, 0.9999999999999749, 2.0482600397104465e-07, 0.2487612692190154], [0.9999999999999959, -9.054469059152769e-08, 2.1730374721862233e-09, -0.20000002880699877], [0.0, 0.0, 0.0, 1.0]]","[[2.220446049250313e-16, -0.0, -1.0, 0.4], [0.0, 1.0, -0.0, -0.24875], [1.0, 0.0, 2.220446049250313e-16, -0.2], [0.0, 0.0, 0.0, 1.0]]","[[-3.750810240177316e-08, -4.4149522878511524e-07, -0.999999999999902, 0.40000017337690547], [-1.966319746250702e-07, 0.9999999999998834, -4.414952214098148e-07, -0.24878074440522946], [0.9999999999999801, 1.9663195806540298e-07, -3.750818899916908e-08, -0.20000004075745453], [0.0, 0.0, 0.0, 1.0]]"
2.025,-3.6586715105269008,-0.6649727034404551,9.804937190360173,-98.98264382915039,-0.02220739625589112,15.05254164760335,13.50901195650791,-3.657493729781897,0.6581548406274602,-9.799024807859881,-98.98263699896123,0.01704844231798942,15.05252115703584,-13.51522998997356,"[[2.220446049250313e-16, -0.0, -1.0, 0.4], [0.0, 1.0, -0.0, 0.248125], [1.0, 0.0, 2.220446049250313e-16, -0.2], [0.0, 0.0, 0.0, 1.0]]","[[5.1435293801915805e-09, 2.0320522252194195e-07, -0.9999999999999795, 0.4000000874456668], [9.389566830166173e-08, 0.999999999999975, 2.032052230048962e-07, 0.24813626890283466], [0.9999999999999957, -9.389566934685184e-08, 5.143510284355557e-09, -0.2000000333591341], [0.0, 0.0, 0.0, 1.0]]","[[2.220446049250313e-16, -0.0, -1.0, 0.4], [0.0, 1.0, -0.0, -0.248125], [1.0, 0.0, 2.220446049250313e-16, -0.2], [0.0, 0.0, 0.0, 1.0]]","[[2.1607530265033148e-08, -4.27174062950093e-07, -0.9999999999999085, 0.4000001750556879], [-1.9528314704887348e-07, 0.9999999999998896, -4.2717406716967146e-07, -0.2481557505347918], [0.9999999999999807, 1.9528315627903219e-07, 2.1607446887284e-08, -0.20000006100588658], [0.0, 0.0, 0.0, 1.0]]"
2.033333333333333,-3.6769943467491064,-0.7244207489855421,9.730457392555769,-99.0050331892497,0.06148907148773069,15.08287622525467,13.43379791336773,-3.6756180636313487,0.7169077543419397,-9.725410736532776,-99.00475315149373,-0.06566698614523642,15.082509102586782,-13.440894479915373,"[[2.220446049250313e-16, -0.0, -1.0, 0.4], [0.0, 1.0, -0.0, 0.2475], [1.0, 0.0, 2.220446049250313e-16, -0.2], [0.0, 0.0, 0.0, 1.0]]","[[2.733655635189791e-08, 2.042958612049694e-07, -0.9999999999999789, 0.4000000867311732], [9.174166628629058e-08, 0.999999999999975, 2.0429586371286986e-07, 0.24751126729691872], [0.9999999999999956, -9.174167187103405e-08, 2.7336537700151098e-08, -0.20000003457809126], [0.0, 0.0, 0.0, 1.0]]","[[2.220446049250313e-16, -0.0, -1.0, 0.4], [0.0, 1.0, -0.0, -0.2475], [1.0, 0.0, 2.220446049250313e-16, -0.2], [0.0, 0.0, 0.0, 1.0]]","[[-5.2610379386308637e-08, -4.4700690550133643e-07, -0.999999999999899, 0.40000016951544953], [-1.9596295014263764e-07, 0.9999999999998812, -4.4700689519164336e-07, -0.24753074309030756], [0.9999999999999796, 1.9596292662541553e-07, -5.261046687188298e-08, -0.20000002975080008], [0.0, 0.0, 0.0, 1.0]]"
2.0416666666666665,-3.6951903975848435,-0.7831819869930725,9.656814292924691,-99.02686247383706,0.14428862667059206,15.112614868900906,13.35936507311387,-3.6940296923127645,0.7763592149816115,-9.650902764198046,-99.02684881345871,-0.14944329840004927,15.112613161353613,-13.365581399032228,"[[2.220446049250313e-16, -0.0, -1.0, 0.4], [0.0, 1.0, -0.0, 0.246875], [1.0, 0.0, 2.220446049250313e-16, -0.2], [0.0, 0.0, 0.0, 1.0]]","[[-1.8318472294609478e-08, 6.73834864838532e-08, -0.9999999999999976, 0.40000002630297177], [2.816182523722083e-08, 0.9999999999999973, 6.738348596797157e-08, 0.24687749772108145], [0.9999999999999993, -2.8161824002858244e-08, -1.8318474070966317e-08, -0.2000000023596332], [0.0, 0.0, 0.0, 1.0]]","[[2.220446049250313e-16, -0.0, -1.0, 0.4], [0.0, 1.0, -0.0, -0.246875], [1.0, 0.0, 2.220446049250313e-16, -0.2], [0.0, 0.0, 0.0, 1.0]]","[[5.7856864965621924e-08, -3.005663342869279e-07, -0.9999999999999534, 0.4000001251930454], [-1.4188392066004098e-07, 0.9999999999999449, -3.0056634249588423e-07, -0.24689361398021334], [0.9999999999999885, 1.4188393804986064e-07, 5.785682233305778e-08, -0.20000005452302938], [0.0, 0.0, 0.0, 1.0]]"
2.05,-3.7134654224828587,-0.8419493614986853,9.583143872536935,-99.04840489047928,0.22716894350430356,15.142117871020776,13.284835756437984,-3.7123132549472424,0.8351242416096972,-9.577232343810287,-99.04839123010093,-0.2323215741811377,15.142124701209946,-13.291052082356341,"[[2.220446049250313e-16, -0.0, -1.0, 0.4], [0.0, 1.0, -0.0, 0.24625000000000002], [1.0, 0.0, 2.220446049250313e-16, -0.2], [0.0, 0.0, 0.0, 1.0]]","[[-4.720292662296899e-08, 3.211804436369791e-07, -0.9999999999999475, 0.40000011638018174], [1.455724250947514e-07, 0.999999999999938, 3.2118043676553156e-07, 0.24626860442696574], [0.9999999999999886, -1.4557240993408718e-07, -4.720297325233602e-08, -0.2000000142491242], [0.0, 0.0, 0.0, 1.0]]","[[2.220446049250313e-16, -0.0, -1.0, 0.4], [0.0, 1.0, -0.0, -0.24625000000000002], [1.0, 0.0, 2.220446049250313e-16, -0.2], [0.0, 0.0, 0.0, 1.0]]","[[-5.3904559316197975e-08, -3.199156729553003e-07, -0.9999999999999476, 0.40000011793610535], [-1.3365054463168498e-07, 0.99999999999994, -3.199156657509242e-07, -0.24626860651700974], [0.9999999999999898, 1.3365052738676497e-07, -5.3904602170806726e-08, -0.20000001886156463], [0.0, 0.0, 0.0, 1.0]]"
2.058333333333333,-3.7318194214431526,-0.9007224456155575,9.509446985166143,-99.0696536089872,0.31012874132839574,15.171383524066988,13.210212524661008,-3.7306757916439985,0.8938948177664835,-9.503535456439497,-99.06964677879802,-0.3152791308494085,15.171400599539913,-13.21642799680572,"[[2.220446049250313e-16, -0.0, -1.0, 0.4], [0.0, 1.0, -0.0, 0.245625], [1.0, 0.0, 2.220446049250313e-16, -0.2], [0.0, 0.0, 0.0, 1.0]]","[[4.969607941829324e-08, 1.2596498986132379e-07, -0.9999999999999908, 0.40000006006806554], [5.845736860282539e-08, 0.9999999999999902, 1.2596499276642577e-07, 0.245631826511121], [0.999999999999997, -5.845737486279114e-08, 4.969607197979897e-08, -0.20000003424581062], [0.0, 0.0, 0.0, 1.0]]","[[2.220446049250313e-16, -0.0, -1.0, 0.4], [0.0, 1.0, -0.0, -0.245625], [1.0, 0.0, 2.220446049250313e-16, -0.2], [0.0, 0.0, 0.0, 1.0]]","[[2.564254802939203e-08, -6.041759396492762e-07, -0.9999999999998175, 0.4000002320612253], [-2.729536904595426e-07, 0.9999999999997806, -6.04175946648482e-07, -0.24567580537838063], [0.9999999999999627, 2.729537059521034e-07, 2.5642383161272875e-08, -0.20000006928747377], [0.0, 0.0, 0.0, 1.0]]"
2.0666666666666664,-3.750251967578901,-0.959501666230512,9.435722777038672,-99.09062228973913,0.39316810018414805,15.200411828039542,13.135495377782947,-3.7491168755162096,0.9526716905039109,-9.429812102085672,-99.09060862936079,-0.3983163285906187,15.20043744124893,-13.141710849927659,"[[2.220446049250313e-16, -0.0, -1.0, 0.4], [0.0, 1.0, -0.0, 0.245], [1.0, 0.0, 2.220446049250313e-16, -0.2], [0.0, 0.0, 0.0, 1.0]]","[[-5.1115209009910956e-08, 1.5129405496952107e-07, -0.9999999999999873, 0.40000005317437726], [6.697075671738832e-08, 0.9999999999999865, 1.512940515462967e-07, 0.24500681704567226], [0.9999999999999964, -6.69707489839604e-08, -5.111521922396278e-08, -0.1999999953004263], [0.0, 0.0, 0.0, 1.0]]","[[2.220446049250313e-16, -0.0, -1.0, 0.4], [0.0, 1.0, -0.0, -0.245], [1.0, 0.0, 2.220446049250313e-16, -0.2], [0.0, 0.0, 0.0, 1.0]]","[[-2.8587602896035236e-08, -3.1650220184367245e-07, -0.9999999999999496, 0.40000011675349534], [-1.3735578819621277e-07, 0.9999999999999405, -3.165021979169969e-07, -0.2450186125220949], [0.9999999999999902, 1.3735577914816665e-07, -2.85876464167778e-08, -0.20000002167858275], [0.0, 0.0, 0.0, 1.0]]"
2.075,-3.7685513250258347,-1.0175937057819398,9.362840389726404,-99.11104455535747,0.4753020320880505,15.228861273479938,13.061571386622253,-3.7674247706996056,1.0107619157863403,-9.356930568547051,-99.1110377251683,-0.4804488997927725,15.228893716878495,-13.067785151219672,"[[2.220446049250313e-16, -0.0, -1.0, 0.4], [0.0, 1.0, -0.0, 0.24437499999999998], [1.0, 0.0, 2.220446049250313e-16, -0.2], [0.0, 0.0, 0.0, 1.0]]","[[3.8411423597395356e-08, 3.0524061444462946e-07, -0.9999999999999527, 0.40000012194076], [1.3529555436135529e-07, 0.9999999999999444, 3.0524061964152176e-07, 0.24439361469736204], [0.9999999999999902, -1.352955660860756e-07, 3.841138229709884e-08, -0.2000000461838028], [0.0, 0.0, 0.0, 1.0]]","[[2.220446049250313e-16, -0.0, -1.0, 0.4], [0.0, 1.0, -0.0, -0.24437499999999998], [1.0, 0.0, 2.220446049250313e-16, -0.2], [0.0, 0.0, 0.0, 1.0]]","[[-5.392298169093479e-08, -6.219032795154033e-07, -0.999999999999805, 0.400000222240518], [-2.813459278971302e-07, 0.9999999999997669, -6.219032643443682e-07, -0.24442578775440468], [0.9999999999999589, 2.813458943621971e-07, -5.392315666208347e-08, -0.200000035665125], [0.0, 0.0, 0.0, 1.0]]"
2.0833333333333335,-3.7871396848520242,-1.0763850926713536,9.289065808953804,-99.13143950021913,0.5584971512733908,15.257416586852468,12.986672385957538,-3.786235111673821,1.0702438988338658,-9.282288553749858,-99.13167172665091,-0.564626392279831,15.257795662351404,-12.991999933510149,"[[2.220446049250313e-16, -0.0, -1.0, 0.4], [0.0, 1.0, -0.0, 0.24375], [1.0, 0.0, 2.220446049250313e-16, -0.2], [0.0, 0.0, 0.0, 1.0]]","[[-2.1912443803895343e-08, 1.0672812930060619e-07, -0.9999999999999941, 0.40000003638698123], [4.7415828216336176e-08, 0.9999999999999931, 1.0672812826160941e-07, 0.243754125048632], [0.9999999999999988, -4.7415825877661784e-08, -2.1912448910921256e-08, -0.20000000311673893], [0.0, 0.0, 0.0, 1.0]]","[[2.220446049250313e-16, -0.0, -1.0, 0.4], [0.0, 1.0, -0.0, -0.24375], [1.0, 0.0, 2.220446049250313e-16, -0.2], [0.0, 0.0, 0.0, 1.0]]","[[4.285457849695362e-08, -1.95015519768926e-07, -0.99999999999998, 0.4000000864323394], [-9.164462547542743e-08, 0.9999999999999767, -1.9501552369631717e-07, -0.2437612737166783], [0.9999999999999949, 9.164463383273367e-08, 4.2854560622362925e-08, -0.20000004015596656], [0.0, 0.0, 0.0, 1.0]]"
2.091666666666667,-3.8058070187404924,-1.1351824559762909,9.215267322519109,-99.15154757713564,0.641769536973717,15.285731136056755,12.911684592833616,-3.8050403300061584,1.1294587574518202,-9.207964142749072,-99.15192323753999,-0.6484948187069465,15.286321947419962,-12.916472555441795,"[[2.220446049250313e-16, -0.0, -1.0, 0.4], [0.0, 1.0, -0.0, 0.24312499999999998], [1.0, 0.0, 2.220446049250313e-16, -0.2], [0.0, 0.0, 0.0, 1.0]]","[[2.8985073563525532e-08, 1.980639327221284e-07, -0.9999999999999801, 0.40000008285669486], [8.804672983082443e-08, 0.9999999999999767, 1.9806393527416868e-07, 0.243136272268157], [0.9999999999999959, -8.804673557172041e-08, 2.8985056133024045e-08, -0.2000000312067062], [0.0, 0.0, 0.0, 1.0]]","[[2.220446049250313e-16, -0.0, -1.0, 0.4], [0.0, 1.0, -0.0, -0.24312499999999998], [1.0, 0.0, 2.220446049250313e-16, -0.2], [0.0, 0.0, 0.0, 1.0]]","[[1.5123913843506642e-08, -6.149257463942615e-07, -0.999999999999811, 0.4000002234609458], [-2.7999506439348435e-07, 0.999999999999772, -6.149257506288587e-07, -0.24317580507171835], [0.9999999999999609, 2.799950736935155e-07, 1.5123741758937825e-08, -0.20000005648390143], [0.0, 0.0, 0.0, 1.0]]"
2.1,-3.824552046030769,-1.1939859024184578,9.141444076648671,-99.17136195591785,0.7251186555804998,15.313808336187385,12.836607153476836,-3.8237960294670135,1.188260389624989,-9.134140896878636,-99.1717376163222,-0.7318436171486121,15.314402562645178,-12.841393408537721,"[[2.220446049250313e-16, -0.0, -1.0, 0.4], [0.0, 1.0, -0.0, 0.2425], [1.0, 0.0, 2.220446049250313e-16, -0.2], [0.0, 0.0, 0.0, 1.0]]","[[-6.296959786933343e-08, 1.518033601571715e-07, -0.9999999999999866, 0.4000000510726323], [7.23214255728615e-08, 0.9999999999999859, 1.518033556031203e-07, 0.24250681801729193], [0.9999999999999954, -7.232141601386425e-08, -6.296960897156367e-08, -0.19999999206853256], [0.0, 0.0, 0.0, 1.0]]","[[2.220446049250313e-16, -0.0, -1.0, 0.4], [0.0, 1.0, -0.0, -0.2425], [1.0, 0.0, 2.220446049250313e-16, -0.2], [0.0, 0.0, 0.0, 1.0]]","[[1.5747977644142708e-08, -3.066994979310342e-07, -0.999999999999953, 0.40000011638894734], [-1.4672748344957454e-07, 0.9999999999999425, -3.066995002416921e-07, -0.24251861365800423], [0.9999999999999892, 1.467274882794645e-07, 1.574793268011021e-08, -0.20000003283691742], [0.0, 0.0, 0.0, 1.0]]"
2.1083333333333334,-3.8433756204965013,-1.2527955387195602,9.067597778889787,-99.19088946675491,0.8085437066809463,15.341646479697065,12.761443482981784,-3.8424996487354472,1.2466480483014313,-9.060820523685841,-99.19111486299752,-0.8146699061187718,15.342042630668926,-12.766765907892516,"[[2.220446049250313e-16, -0.0, -1.0, 0.4], [0.0, 1.0, -0.0, 0.241875], [1.0, 0.0, 2.220446049250313e-16, -0.2], [0.0, 0.0, 0.0, 1.0]]","[[-1.1659514742579091e-08, 1.5182521977357256e-07, -0.9999999999999883, 0.40000005261519], [5.8244106586633515e-08, 0.9999999999999867, 1.518252190944743e-07, 0.2418818190794562], [0.9999999999999981, -5.824410481642447e-08, -1.1659523624363288e-08, -0.20000000831173767], [0.0, 0.0, 0.0, 1.0]]","[[2.220446049250313e-16, -0.0, -1.0, 0.4], [0.0, 1.0, -0.0, -0.241875], [1.0, 0.0, 2.220446049250313e-16, -0.2], [0.0, 0.0, 0.0, 1.0]]","[[1.8044151228746586e-08, -3.055919754792576e-07, -0.9999999999999534, 0.4000001165765737], [-1.4543573221129527e-07, 0.9999999999999429, -3.0559197810351876e-07, -0.24189361725490563], [0.9999999999999896, 1.4543573772543634e-07, 1.80441068198256e-08, -0.20000003698174337], [0.0, 0.0, 0.0, 1.0]]"
2.1166666666666667,-3.862494173757013,-1.312305162688883,8.992860141444215,-99.21036233607862,0.893033146714004,15.36957000057137,12.68530309543542,-3.8615413623677965,1.3058820101047206,-8.986426103246062,-99.21049210967286,-0.8987686913478165,15.369844915685464,-12.690974713767469,"[[2.220446049250313e-16, -0.0, -1.0, 0.4], [0.0, 1.0, -0.0, 0.24125], [1.0, 0.0, 2.220446049250313e-16, -0.2], [0.0, 0.0, 0.0, 1.0]]","[[-6.6665554743217115e-09, 1.4971351249448102e-07, -0.999999999999989, 0.4000000539610326], [6.177888264077315e-08, 0.9999999999999871, 1.497135120826284e-07, 0.24125681907643656], [0.9999999999999983, -6.177888164269904e-08, -6.666564578150513e-09, -0.2000000119877236], [0.0, 0.0, 0.0, 1.0]]","[[2.220446049250313e-16, -0.0, -1.0, 0.4], [0.0, 1.0, -0.0, -0.24125], [1.0, 0.0, 2.220446049250313e-16, -0.2], [0.0, 0.0, 0.0, 1.0]]","[[4.581405088632806e-08, -2.0214270955080315e-07, -0.9999999999999787, 0.40000008297227185], [-9.65979449893617e-08, 0.9999999999999751, -2.0214271397634555e-07, -0.24126127267215436], [0.9999999999999944, 9.659795425033621e-08, 4.581403134640283e-08, -0.20000003577963252], [0.0, 0.0, 0.0, 1.0]]"
2.125,-3.881257130293861,-1.3704339145070996,8.919838589027608,-99.22908388459362,0.9756203790632132,15.396600474211695,12.610859156124159,-3.880182656160054,1.3635888910199834,-8.913930475395548,-99.22907022421529,-0.9807551872151818,15.39668585157632,-12.617068651853346,"[[2.220446049250313e-16, -0.0, -1.0, 0.4], [0.0, 1.0, -0.0, 0.240625], [1.0, 0.0, 2.220446049250313e-16, -0.2], [0.0, 0.0, 0.0, 1.0]]","[[5.970417210621193e-08, 2.0509824445174203e-07, -0.9999999999999775, 0.40000008107248375], [9.969428272676092e-08, 0.9999999999999742, 2.05098250403906e-07, 0.24063627059244572], [0.9999999999999934, -9.969429497197989e-08, 5.970415167810827e-08, -0.2000000373935941], [0.0, 0.0, 0.0, 1.0]]","[[2.220446049250313e-16, -0.0, -1.0, 0.4], [0.0, 1.0, -0.0, -0.240625], [1.0, 0.0, 2.220446049250313e-16, -0.2], [0.0, 0.0, 0.0, 1.0]]","[[-3.125736619535857e-08, -4.4284146725452455e-07, -0.9999999999999014, 0.4000001565155341], [-1.976162642088978e-07, 0.9999999999998823, -4.428414610775522e-07, -0.24065574922293562], [0.99999999999998, 1.9761625036682064e-07, -3.125745368093291e-08, -0.20000002451695564], [0.0, 0.0, 0.0, 1.0]]"
2.1333333333333333,-3.9003146387386662,-1.4292622271067137,8.845926550697962,-99.2477439614061,1.0592697058283593,15.423716325216647,12.535441061082524,-3.8994676952815848,1.4231087602730612,-8.839150149267663,-99.24796252745953,-1.0653929704192757,15.424132966756018,-12.54075836335138,"[[2.220446049250313e-16, -0.0, -1.0, 0.4], [0.0, 1.0, -0.0, 0.24], [1.0, 0.0, 2.220446049250313e-16, -0.2], [0.0, 0.0, 0.0, 1.0]]","[[4.0187581984429954e-08, 2.093067053747662e-07, -0.9999999999999776, 0.4000000819760534], [9.836487809769996e-08, 0.9999999999999736, 2.0930670932781198e-07, 0.24001127248149354], [0.9999999999999947, -9.836488650922827e-08, 4.0187561445304e-08, -0.2000000347493346], [0.0, 0.0, 0.0, 1.0]]","[[2.220446049250313e-16, -0.0, -1.0, 0.4], [0.0, 1.0, -0.0, -0.24], [1.0, 0.0, 2.220446049250313e-16, -0.2], [0.0, 0.0, 0.0, 1.0]]","[[1.1579594172417274e-08, -4.359923988408569e-07, -0.9999999999999049, 0.4000001582595188], [-1.912720481561172e-07, 0.9999999999998866, -4.3599240105570163e-07, -0.2400307607705496], [0.9999999999999817, 1.9127205320471405e-07, 1.1579510794668124e-08, -0.20000004038647012], [0.0, 0.0, 0.0, 1.0]]"
2.1416666666666666,-3.9194498405852802,-1.4880972631737919,8.771994021800804,-99.26612400046261,1.1429932041790236,15.450593119600647,12.45994100377085,-3.9186127155251307,1.4819418753494353,-8.76521676659686,-99.26633573632688,-1.1491156149962938,15.451013176234602,-12.465256598492411,"[[2.220446049250313e-16, -0.0, -1.0, 0.4], [0.0, 1.0, -0.0, 0.239375], [1.0, 0.0, 2.220446049250313e-16, -0.2], [0.0, 0.0, 0.0, 1.0]]","[[3.620955463246034e-08, 2.016489523880144e-07, -0.999999999999979, 0.40000007908976654], [8.817355420702785e-08, 0.9999999999999758, 2.016489555807389e-07, 0.23938627561757794], [0.9999999999999954, -8.817356150864486e-08, 3.6209536868891945e-08, -0.20000002995210148], [0.0, 0.0, 0.0, 1.0]]","[[2.220446049250313e-16, -0.0, -1.0, 0.4], [0.0, 1.0, -0.0, -0.239375], [1.0, 0.0, 2.220446049250313e-16, -0.2], [0.0, 0.0, 0.0, 1.0]]","[[6.069328600810664e-08, -4.28746396378345e-07, -0.9999999999999064, 0.4000001583839685], [-2.0008761745865534e-07, 0.9999999999998883, -4.287464085223122e-07, -0.23940575889379181], [0.9999999999999784, 2.00087643480665e-07, 6.069320029888914e-08, -0.2000000526474723], [0.0, 0.0, 0.0, 1.0]]"
2.15,-3.938883436321259,-1.5476328205176197,8.69717015321696,-99.28442890743824,1.22778221204021,15.477541630970931,12.383465083181509,-3.937835429170485,1.5407813937281565,-8.69126460090584,-99.2844152470599,-1.232910937054949,15.477654329092237,-12.389673725137051,"[[2.220446049250313e-16, -0.0, -1.0, 0.4], [0.0, 1.0, -0.0, 0.23875000000000002], [1.0, 0.0, 2.220446049250313e-16, -0.2], [0.0, 0.0, 0.0, 1.0]]","[[4.5548758820235236e-08, 9.37775098831319e-08, -0.9999999999999946, 0.4000000405845775], [4.9255104492523355e-08, 0.9999999999999944, 9.377751212664077e-08, 0.23875413088913777], [0.9999999999999977, -4.9255108763972375e-08, 4.554875415729853e-08, -0.2000000277045334], [0.0, 0.0, 0.0, 1.0]]","[[2.220446049250313e-16, -0.0, -1.0, 0.4], [0.0, 1.0, -0.0, -0.23875000000000002], [1.0, 0.0, 2.220446049250313e-16, -0.2], [0.0, 0.0, 0.0, 1.0]]","[[1.2728507803316802e-08, -3.125746716939693e-07, -0.999999999999951, 0.4000001102129537], [-1.3365830720205388e-07, 0.9999999999999423, -3.1257467339523734e-07, -0.23876861690716927], [0.999999999999991, 1.3365831118065652e-07, 1.2728466058931076e-08, -0.2000000294663227], [0.0, 0.0, 0.0, 1.0]]"
2.158333333333333,-3.957953751370758,-1.6057867586584007,8.624069199851254,-99.30200981436185,1.310658553490381,15.503619293222041,12.308698417431964,-3.9569142819564465,1.5989331974348218,-8.61816364754013,-99.30199615398351,-1.3157852507927104,15.503740529079808,-12.314907059387506,"[[2.220446049250313e-16, -0.0, -1.0, 0.4], [0.0, 1.0, -0.0, 0.238125], [1.0, 0.0, 2.220446049250313e-16, -0.2], [0.0, 0.0, 0.0, 1.0]]","[[3.2533478633300916e-08, 2.0195608206140075e-07, -0.999999999999979, 0.40000007926080056], [1.0027952770457692e-07, 0.9999999999999745, 2.0195608532384172e-07, 0.23813627456039171], [0.9999999999999943, -1.002795342749088e-07, 3.2533458316219566e-08, -0.20000002978706355], [0.0, 0.0, 0.0, 1.0]]","[[2.220446049250313e-16, -0.0, -1.0, 0.4], [0.0, 1.0, -0.0, -0.238125], [1.0, 0.0, 2.220446049250313e-16, -0.2], [0.0, 0.0, 0.0, 1.0]]","[[2.664761461490528e-08, -6.055326583446733e-07, -0.9999999999998165, 0.4000002090631602], [-2.839776141833162e-07, 0.9999999999997764, -6.055326659119752e-07, -0.23817581605480076], [0.9999999999999595, 2.839776303192652e-07, 2.6647442641358765e-08, -0.20000004688831607], [0.0, 0.0, 0.0, 1.0]]"
2.1666666666666665,-3.977544441457647,-1.665335229328628,8.549206911453329,-99.31973415525803,1.3955927028714301,15.53007944606667,12.232063694944422,-3.976513936666621,1.658479747114345,-8.543301359142207,-99.31972049487969,-1.4007177993481725,15.5302092196609,-12.238270629352671,"[[2.220446049250313e-16, -0.0, -1.0, 0.4], [0.0, 1.0, -0.0, 0.23750000000000002], [1.0, 0.0, 2.220446049250313e-16, -0.2], [0.0, 0.0, 0.0, 1.0]]","[[-6.408034020077835e-08, 2.2783692697353374e-07, -0.9999999999999722, 0.40000007115794245], [1.0328500389319471e-07, 0.9999999999999691, 2.278369203549948e-07, 0.23751126602046918], [0.9999999999999929, -1.0328498929332444e-07, -6.408036373750647e-08, -0.19999999522212522], [0.0, 0.0, 0.0, 1.0]]","[[2.220446049250313e-16, -0.0, -1.0, 0.4], [0.0, 1.0, -0.0, -0.23750000000000002], [1.0, 0.0, 2.220446049250313e-16, -0.2], [0.0, 0.0, 0.0, 1.0]]","[[2.92640101595687e-08, -6.118053099265967e-07, -0.9999999999998126, 0.4000002082924148], [-2.8125097278271857e-07, 0.9999999999997735, -6.118053181571041e-07, -0.23755080757388375], [0.9999999999999603, 2.8125099068654286e-07, 2.9263838074999882e-08, -0.20000004332970414], [0.0, 0.0, 0.0, 1.0]]"
2.175,-3.9967680088766477,-1.7235020807958086,8.476068392047186,-99.33674132629136,1.4786100236949384,15.555678995075878,12.157143349938552,-3.996103772979864,1.7177590656425914,-8.46876521227715,-99.33706917537152,-1.4853307163948195,15.556310787574104,-12.161909114431928,"[[2.220446049250313e-16, -0.0, -1.0, 0.4], [0.0, 1.0, -0.0, 0.236875], [1.0, 0.0, 2.220446049250313e-16, -0.2], [0.0, 0.0, 0.0, 1.0]]","[[3.0441306919648525e-08, 1.407684977829783e-07, -0.9999999999999897, 0.40000005328331667], [5.7887624769804825e-08, 0.9999999999999885, 1.4076849954515307e-07, 0.23688182375684794], [0.9999999999999979, -5.7887629054981325e-08, 3.044129870399814e-08, -0.2000000197185993], [0.0, 0.0, 0.0, 1.0]]","[[2.220446049250313e-16, -0.0, -1.0, 0.4], [0.0, 1.0, -0.0, -0.236875], [1.0, 0.0, 2.220446049250313e-16, -0.2], [0.0, 0.0, 0.0, 1.0]]","[[2.9743464913245532e-08, -2.9890932582395337e-07, -0.9999999999999549, 0.4000001092527959], [-1.4279776085904762e-07, 0.9999999999999452, -2.9890933007125064e-07, -0.2368936254797645], [0.9999999999999893, 1.4279776974964035e-07, 2.9743422280681386e-08, -0.20000003324498497], [0.0, 0.0, 0.0, 1.0]]"
2.183333333333333,-4.016515366427624,-1.7830637849575528,8.401171098929765,-99.35387827091893,1.5636870734400288,15.581649081847559,12.08035324064739,-4.015637260232454,1.7766248375609348,-8.394738768278906,-99.35399438413482,-1.5694118391815575,15.581980346022304,-12.086014613695685,"[[2.220446049250313e-16, -0.0, -1.0, 0.4], [0.0, 1.0, -0.0, 0.23625000000000002], [1.0, 0.0, 2.220446049250313e-16, -0.2], [0.0, 0.0, 0.0, 1.0]]","[[2.3451540487329225e-08, 2.0243331772137797e-07, -0.9999999999999795, 0.40000007710891383], [9.524542690612701e-08, 0.9999999999999751, 2.024333199550291e-07, 0.2362612751510242], [0.9999999999999954, -9.524543165349823e-08, 2.3451521169448597e-08, -0.20000002390893445], [0.0, 0.0, 0.0, 1.0]]","[[2.220446049250313e-16, -0.0, -1.0, 0.4], [0.0, 1.0, -0.0, -0.23625000000000002], [1.0, 0.0, 2.220446049250313e-16, -0.2], [0.0, 0.0, 0.0, 1.0]]","[[-4.7373995393229507e-08, -2.2540489626931367e-07, -0.9999999999999735, 0.40000007081235744], [-1.0248723751477559e-07, 0.9999999999999694, -2.2540489141408283e-07, -0.23626126755545174], [0.9999999999999937, 1.0248722683644258e-07, -4.737401848586842e-08, -0.19999999949637115], [0.0, 0.0, 0.0, 1.0]]"
2.1916666666666664,-4.036116728685091,-1.8419380946123587,8.32712672568495,-99.37052344192625,1.6478390594394057,15.607069338391053,12.004386169151216,-4.035112263990276,1.8350767427042578,-8.32122288092112,-99.37050978154791,-1.6529586063874475,15.607226432741964,-12.010590542238527,"[[2.220446049250313e-16, -0.0, -1.0, 0.4], [0.0, 1.0, -0.0, 0.23562499999999997], [1.0, 0.0, 2.220446049250313e-16, -0.2], [0.0, 0.0, 0.0, 1.0]]","[[-1.9802416872938267e-08, 1.5319407826386742e-07, -0.999999999999988, 0.4000000482631909], [5.871025581123713e-08, 0.9999999999999865, 1.531940771012622e-07, 0.2356318196122561], [0.999999999999998, -5.871025277762345e-08, -1.980242597676707e-08, -0.20000000314851724], [0.0, 0.0, 0.0, 1.0]]","[[2.220446049250313e-16, -0.0, -1.0, 0.4], [0.0, 1.0, -0.0, -0.23562499999999997], [1.0, 0.0, 2.220446049250313e-16, -0.2], [0.0, 0.0, 0.0, 1.0]]","[[-2.1320332110885687e-08, -6.291570673764447e-07, -0.9999999999998018, 0.4000001974750242], [-2.8392828704429014e-07, 0.9999999999997617, -6.291570613229741e-07, -0.23567579630075622], [0.9999999999999595, 2.8392827363039634e-07, -2.132051085679265e-08, -0.2000000186478992], [0.0, 0.0, 0.0, 1.0]]"
2.2,-4.055794930570721,-1.9008185941260998,8.253067838288148,-99.38687491479926,1.7320594540521883,15.632247123219013,11.928345673121465,-4.054573180482935,1.8932612032528922,-8.24803569641714,-99.386663178935,-1.7361800858341159,15.632113934530198,-11.935449923631925,"[[2.220446049250313e-16, -0.0, -1.0, 0.4], [0.0, 1.0, -0.0, 0.235], [1.0, 0.0, 2.220446049250313e-16, -0.2], [0.0, 0.0, 0.0, 1.0]]","[[7.773644450370654e-09, 2.1858188557972152e-07, -0.999999999999976, 0.400000072843682], [1.0246602770815657e-07, 0.9999999999999709, 2.1858188637625484e-07, 0.23501126944583178], [0.9999999999999947, -1.0246602940733199e-07, 7.773622023865556e-09, -0.20000001518669547], [0.0, 0.0, 0.0, 1.0]]","[[2.220446049250313e-16, -0.0, -1.0, 0.4], [0.0, 1.0, -0.0, -0.235], [1.0, 0.0, 2.220446049250313e-16, -0.2], [0.0, 0.0, 0.0, 1.0]]","[[-1.500010793353823e-08, -4.4421750877753326e-07, -0.9999999999999014, 0.4000001442056393], [-2.0141552202558566e-07, 0.9999999999998813, -4.4421750575626976e-07, -0.23503075701233114], [0.9999999999999798, 2.014155153622553e-07, -1.5000197417514016e-08, -0.20000001312439394], [0.0, 0.0, 0.0, 1.0]]"
2.2083333333333335,-4.075323295181434,-1.9590118058546084,8.179863578311243,-99.40274827443037,1.8153507294944378,15.656885323102541,11.853133337528577,-4.07456343663627,1.952841156826325,-8.173088884428237,-99.40292585934878,-1.8214643891318338,15.65735489860798,-11.858436125645445,"[[2.220446049250313e-16, -0.0, -1.0, 0.4], [0.0, 1.0, -0.0, 0.234375], [1.0, 0.0, 2.220446049250313e-16, -0.2], [0.0, 0.0, 0.0, 1.0]]","[[5.743124281698542e-08, 1.252774719503698e-07, -0.9999999999999907, 0.4000000539348632], [6.685135889223409e-08, 0.99999999999999, 1.2527747578972637e-07, 0.23438182972879215], [0.9999999999999962, -6.685136608707459e-08, 5.743123449031273e-08, -0.20000002825656607], [0.0, 0.0, 0.0, 1.0]]","[[2.220446049250313e-16, -0.0, -1.0, 0.4], [0.0, 1.0, -0.0, -0.234375], [1.0, 0.0, 2.220446049250313e-16, -0.2], [0.0, 0.0, 0.0, 1.0]]","[[-9.741629725112944e-09, -3.092014209244198e-07, -0.9999999999999521, 0.40000010260653907], [-1.3196648855308642e-07, 0.9999999999999436, -3.0920141963884845e-07, -0.23439362125381635], [0.9999999999999912, 1.3196648554095435e-07, -9.74167058132025e-09, -0.20000001285593474], [0.0, 0.0, 0.0, 1.0]]"
2.216666666666667,-4.095155176323389,-2.017905752303278,8.105773955063176,-99.4185260114131,1.899706127065034,15.681579872046722,11.776951115073548,-4.094176751724785,2.011039064309888,-8.099870964072993,-99.41851235103476,-1.9048204446494925,15.681760872059728,-11.783153780613565,"[[2.220446049250313e-16, -0.0, -1.0, 0.4], [0.0, 1.0, -0.0, 0.23374999999999999], [1.0, 0.0, 2.220446049250313e-16, -0.2], [0.0, 0.0, 0.0, 1.0]]","[[-3.536164150386156e-08, 2.2917846826970505e-07, -0.9999999999999731, 0.40000006973035923], [9.126575197223534e-08, 0.9999999999999697, 2.2917846504239742e-07, 0.23376126755114873], [0.9999999999999953, -9.126574386810613e-08, -3.536166259809903e-08, -0.20000000099147808], [0.0, 0.0, 0.0, 1.0]]","[[2.220446049250313e-16, -0.0, -1.0, 0.4], [0.0, 1.0, -0.0, -0.23374999999999999], [1.0, 0.0, 2.220446049250313e-16, -0.2], [0.0, 0.0, 0.0, 1.0]]","[[1.7988703415738883e-08, -3.1503543279436777e-07, -0.9999999999999504, 0.4000001040441544], [-1.317405356011662e-07, 0.9999999999999418, -3.1503543516420655e-07, -0.2337686175976476], [0.9999999999999912, 1.3174054126823865e-07, 1.7988662004420064e-08, -0.2000000242906271], [0.0, 0.0, 0.0, 1.0]]"
2.225,-4.115292708430702,-2.077501287245755,8.030797260996653,-99.43420129555828,1.9851283148066217,15.706317109673217,11.699797298209083,-4.114461132899253,2.0710533752258513,-8.024366637893086,-99.434310578585,-1.990846677245803,15.706682524793813,-11.705452694841854,"[[2.220446049250313e-16, -0.0, -1.0, 0.4], [0.0, 1.0, -0.0, 0.233125], [1.0, 0.0, 2.220446049250313e-16, -0.2], [0.0, 0.0, 0.0, 1.0]]","[[3.6173532058647595e-08, 2.0873707269774587e-07, -0.9999999999999777, 0.40000007382267866], [9.450655856131963e-08, 0.9999999999999738, 2.0873707611638112e-07, 0.23313627397972336], [0.999999999999995, -9.450656611207482e-08, 3.617351229667776e-08, -0.20000002193895536], [0.0, 0.0, 0.0, 1.0]]","[[2.220446049250313e-16, -0.0, -1.0, 0.4], [0.0, 1.0, -0.0, -0.233125], [1.0, 0.0, 2.220446049250313e-16, -0.2], [0.0, 0.0, 0.0, 1.0]]","[[-2.5366231781731585e-08, -2.2241219230872906e-07, -0.999999999999975, 0.40000006862621024], [-9.172053783346412e-08, 0.9999999999999711, -2.224121899821238e-07, -0.23313626799053275], [0.9999999999999954, 9.172053219170263e-08, -2.5366252209835238e-08, -0.19999999985039846], [0.0, 0.0, 0.0, 1.0]]"
2.2333333333333334,-4.135417433933322,-2.136829591036955,7.95615097733123,-99.44951457967744,2.0702241475719294,15.730692347273699,11.622929495516113,-4.134456938581288,2.1299592745055684,-7.950249693888339,-99.44950091929911,-2.07533462317498,15.730892130306922,-11.629131307282485,"[[2.220446049250313e-16, -0.0, -1.0, 0.4], [0.0, 1.0, -0.0, 0.23249999999999998], [1.0, 0.0, 2.220446049250313e-16, -0.2], [0.0, 0.0, 0.0, 1.0]]","[[6.314800793383313e-09, 1.4306263517165852e-07, -0.9999999999999898, 0.4000000480791513], [6.211092737344451e-08, 0.9999999999999878, 1.4306263556387639e-07, 0.2325068250244738], [0.999999999999998, -6.21109282768559e-08, 6.314791911599116e-09, -0.20000000642898097], [0.0, 0.0, 0.0, 1.0]]","[[2.220446049250313e-16, -0.0, -1.0, 0.4], [0.0, 1.0, -0.0, -0.23249999999999998], [1.0, 0.0, 2.220446049250313e-16, -0.2], [0.0, 0.0, 0.0, 1.0]]","[[3.3522159492704873e-09, -3.067557207327464e-07, -0.9999999999999531, 0.400000099919933], [-1.4236775798025502e-07, 0.9999999999999429, -3.0675572120999076e-07, -0.23251862226384346], [0.99999999999999, 1.4236775900855976e-07, 3.3521723175056195e-09, -0.20000001228156764], [0.0, 0.0, 0.0, 1.0]]"
2.2416666666666667,-4.155111003744584,-2.19462899967113,7.883420561727996,-99.46413118450127,2.1531716723998566,15.754191613113129,11.54799378258461,-4.154159046129013,2.187756548705628,-7.877519278285105,-99.46411752412294,-2.1582802270122032,15.754401641430107,-11.554194740577337,"[[2.220446049250313e-16, -0.0, -1.0, 0.4], [0.0, 1.0, -0.0, 0.231875], [1.0, 0.0, 2.220446049250313e-16, -0.2], [0.0, 0.0, 0.0, 1.0]]","[[-1.5753683524355466e-08, 3.186371316258887e-07, -0.9999999999999493, 0.40000009875036874], [1.434257572696484e-07, 0.9999999999999392, 3.1863712936640153e-07, 0.23189361579287354], [0.9999999999999897, -1.4342575224993264e-07, -1.5753729043499476e-08, -0.2000000092855736], [0.0, 0.0, 0.0, 1.0]]","[[2.220446049250313e-16, -0.0, -1.0, 0.4], [0.0, 1.0, -0.0, -0.231875], [1.0, 0.0, 2.220446049250313e-16, -0.2], [0.0, 0.0, 0.0, 1.0]]","[[6.277351510819429e-08, -3.079357657402684e-07, -0.9999999999999509, 0.40000010317133783], [-1.3884634254244056e-07, 0.9999999999999434, -3.07935774456139e-07, -0.23189361961239616], [0.9999999999999887, 1.3884636187264467e-07, 6.277347236460784e-08, -0.20000003295708063], [0.0, 0.0, 0.0, 1.0]]"
2.25,-4.175481616057324,-2.254244598294294,7.8084054478473925,-99.4789322044327,2.2387919356273747,15.778187775214676,11.470637621365984,-4.174678215056201,2.247791350189101,-7.801976532291118,-99.47902782708107,-2.244506029198325,15.778575388450074,-11.47628960290417,"[[2.220446049250313e-16, -0.0, -1.0, 0.4], [0.0, 1.0, -0.0, 0.23125], [1.0, 0.0, 2.220446049250313e-16, -0.2], [0.0, 0.0, 0.0, 1.0]]","[[-5.3928059851049426e-08, 1.0204287394624533e-07, -0.9999999999999933, 0.4000000280037128], [4.18777952056309e-08, 0.999999999999994, 1.0204287168785716e-07, 0.2312541307328691], [0.9999999999999976, -4.187778970265653e-08, -5.392806406989692e-08, -0.19999998794551674], [0.0, 0.0, 0.0, 1.0]]","[[2.220446049250313e-16, -0.0, -1.0, 0.4], [0.0, 1.0, -0.0, -0.23125], [1.0, 0.0, 2.220446049250313e-16, -0.2], [0.0, 0.0, 0.0, 1.0]]","[[-5.504084077401217e-08, -2.2362824871978234e-07, -0.9999999999999737, 0.4000000658460718], [-9.05907375802904e-08, 0.9999999999999711, -2.236282437335914e-07, -0.23126127349642384], [0.9999999999999946, 9.059072527160147e-08, -5.5040860980071216e-08, -0.19999998868450328], [0.0, 0.0, 0.0, 1.0]]"
2.2583333333333333,-4.195697695340092,-2.3131729091322253,7.734250084028564,-99.49326194131137,2.3234756091649547,15.801654597655547,11.394120719641625,-4.194763666971093,2.3062972565155495,-7.728349654359319,-99.49325511112221,-2.3285809621261278,15.801879993898158,-11.400319970087057,"[[2.220446049250313e-16, -0.0, -1.0, 0.4], [0.0, 1.0, -0.0, 0.230625], [1.0, 0.0, 2.220446049250313e-16, -0.2], [0.0, 0.0, 0.0, 1.0]]","[[7.018543546344347e-08, 2.0210262621072802e-07, -0.9999999999999771, 0.4000000718562455], [8.808014013357474e-08, 0.9999999999999757, 2.021026323926707e-07, 0.2306362770566897], [0.9999999999999938, -8.808015431823397e-08, 7.018541758885277e-08, -0.20000003020126966], [0.0, 0.0, 0.0, 1.0]]","[[2.220446049250313e-16, -0.0, -1.0, 0.4], [0.0, 1.0, -0.0, -0.230625], [1.0, 0.0, 2.220446049250313e-16, -0.2], [0.0, 0.0, 0.0, 1.0]]","[[4.339591508362162e-08, -6.110598348222059e-07, -0.9999999999998125, 0.4000001900496574], [-2.792152202185212e-07, 0.9999999999997744, -6.110598469389826e-07, -0.23067581268300735], [0.9999999999999601, 2.792152467359701e-07, 4.339574444234273e-08, -0.20000003026349808], [0.0, 0.0, 0.0, 1.0]]"
2.2666666666666666,-4.215990614251023,-2.3721080501593264,7.660084474925981,-99.5073116404341,2.4082224619523576,15.824875533286297,11.317541492441087,-4.215065123618486,2.3652304765519467,-7.654184899030382,-99.50729798005575,-2.4133258939228264,15.825111174812664,-11.323740742886521,"[[2.220446049250313e-16, -0.0, -1.0, 0.4], [0.0, 1.0, -0.0, 0.23], [1.0, 0.0, 2.220446049250313e-16, -0.2], [0.0, 0.0, 0.0, 1.0]]","[[-4.506628514810984e-08, 2.218139406435425e-07, -0.9999999999999746, 0.4000000633759194], [9.406832506815136e-08, 0.9999999999999714, 2.218139364042318e-07, 0.2300112699746769], [0.9999999999999948, -9.406831507181885e-08, -4.5066306020302704e-08, -0.19999998837774005], [0.0, 0.0, 0.0, 1.0]]","[[2.220446049250313e-16, -0.0, -1.0, 0.4], [0.0, 1.0, -0.0, -0.23], [1.0, 0.0, 2.220446049250313e-16, -0.2], [0.0, 0.0, 0.0, 1.0]]","[[1.6219633469649608e-08, -4.40134034651757e-07, -0.999999999999903, 0.4000001384686663], [-1.906221129012072e-07, 0.999999999999885, -4.401340377435698e-07, -0.23003076352256352], [0.9999999999999816, 1.9062212004000143e-07, 1.6219549536788946e-08, -0.20000001915550758], [0.0, 0.0, 0.0, 1.0]]"
2.275,-4.236359945903294,-2.4310500213755977,7.585907766765995,-99.52106081123333,2.493031853659348,15.847850582106927,11.240900793538021,-4.235208632141323,2.4234755550294653,-7.580882455084159,-99.52088322631491,-2.4971288999442978,15.847823261350248,-11.248006751595774,"[[2.220446049250313e-16, -0.0, -1.0, 0.4], [0.0, 1.0, -0.0, 0.229375], [1.0, 0.0, 2.220446049250313e-16, -0.2], [0.0, 0.0, 0.0, 1.0]]","[[3.8480926889405964e-08, 2.1334310549562266e-07, -0.9999999999999767, 0.40000007029424023], [8.725029701308504e-08, 0.9999999999999736, 2.133431088530943e-07, 0.22938627309216936], [0.9999999999999956, -8.725030522272358e-08, 3.848090834868145e-08, -0.20000002078523965], [0.0, 0.0, 0.0, 1.0]]","[[2.220446049250313e-16, -0.0, -1.0, 0.4], [0.0, 1.0, -0.0, -0.229375], [1.0, 0.0, 2.220446049250313e-16, -0.2], [0.0, 0.0, 0.0, 1.0]]","[[2.593950870766193e-08, -8.206425970374655e-07, -0.9999999999996628, 0.400000238165683], [-3.720244477333325e-07, 0.9999999999995941, -8.206426066875403e-07, -0.2294589424342499], [0.9999999999999304, 3.7202446902027313e-07, 2.5939203396330157e-08, -0.2000000160953118], [0.0, 0.0, 0.0, 1.0]]"
2.283333333333333,-4.25680526341008,-2.4899988227810392,7.511722520869548,-99.5345299442766,2.5779027170688686,15.870579744117437,11.164201184253363,-4.255897275137292,2.483117620635663,-7.505823798747596,-99.53451628389826,-2.5830023070579293,15.870832461116729,-11.170398727151504,"[[2.220446049250313e-16, -0.0, -1.0, 0.4], [0.0, 1.0, -0.0, 0.22875], [1.0, 0.0, 2.220446049250313e-16, -0.2], [0.0, 0.0, 0.0, 1.0]]","[[3.785249075294317e-08, 9.291576225313447e-08, -0.9999999999999949, 0.400000033359666], [3.4651441296108976e-08, 0.9999999999999951, 9.291576356477785e-08, 0.22875413423149626], [0.9999999999999987, -3.4651444813201875e-08, 3.78524875332964e-08, -0.20000001923922933], [0.0, 0.0, 0.0, 1.0]]","[[2.220446049250313e-16, -0.0, -1.0, 0.4], [0.0, 1.0, -0.0, -0.22875], [1.0, 0.0, 2.220446049250313e-16, -0.2], [0.0, 0.0, 0.0, 1.0]]","[[3.515000290832404e-08, -2.1399589302344875e-07, -0.9999999999999765, 0.40000006923422443], [-9.448089918551257e-08, 0.9999999999999727, -2.139958963444518e-07, -0.22876127898849183], [0.9999999999999949, 9.448090670746672e-08, 3.514998270226499e-08, -0.20000002216130738], [0.0, 0.0, 0.0, 1.0]]"
2.2916666666666665,-4.277326993658207,-2.5489548812624734,7.437527029689346,-99.54770537918554,2.662835265624331,15.893063019317827,11.08744095703982,-4.276428396895527,2.542072398456628,-7.43162916134104,-99.54769854899638,-2.6679335749529223,15.893325981600873,-11.093637646164316,"[[2.220446049250313e-16, -0.0, -1.0, 0.4], [0.0, 1.0, -0.0, 0.228125], [1.0, 0.0, 2.220446049250313e-16, -0.2], [0.0, 0.0, 0.0, 1.0]]","[[1.9692791120018427e-08, 1.3932483318147502e-07, -0.9999999999999901, 0.40000004867421773], [5.927273630240623e-08, 0.9999999999999885, 1.393248343487204e-07, 0.22813182664923415], [0.9999999999999981, -5.9272739046100506e-08, 1.9692782793345742e-08, -0.20000001440695295], [0.0, 0.0, 0.0, 1.0]]","[[2.220446049250313e-16, -0.0, -1.0, 0.4], [0.0, 1.0, -0.0, -0.228125], [1.0, 0.0, 2.220446049250313e-16, -0.2], [0.0, 0.0, 0.0, 1.0]]","[[1.2840134122615865e-08, -3.1326882154465834e-07, -0.999999999999951, 0.40000009535428327], [-1.318334602348684e-07, 0.9999999999999425, -3.1326882323741493e-07, -0.22814362091141052], [0.9999999999999915, 1.3183346425727562e-07, 1.2840092822319349e-08, -0.2000000137745875], [0.0, 0.0, 0.0, 1.0]]"
2.3,-4.297687787574015,-2.607222371298206,7.364198118760089,-99.56043685179846,2.746821406092923,15.915037445425051,11.011533649698885,-4.296797301660974,2.6003383943884795,-7.358300250411783,-99.56043002160928,-2.751918007874222,15.91530894544456,-11.017729485049733,"[[2.220446049250313e-16, -0.0, -1.0, 0.4], [0.0, 1.0, -0.0, 0.2275], [1.0, 0.0, 2.220446049250313e-16, -0.2], [0.0, 0.0, 0.0, 1.0]]","[[-1.181528669347287e-08, 1.4721264567165437e-07, -0.9999999999999895, 0.400000042878272], [6.846127475346332e-08, 0.9999999999999871, 1.4721264486276443e-07, 0.22750682450709178], [0.9999999999999979, -6.846127301410298e-08, -1.1815296685480092e-08, -0.19999999881918604], [0.0, 0.0, 0.0, 1.0]]","[[2.220446049250313e-16, -0.0, -1.0, 0.4], [0.0, 1.0, -0.0, -0.2275], [1.0, 0.0, 2.220446049250313e-16, -0.2], [0.0, 0.0, 0.0, 1.0]]","[[-3.904771406215701e-08, -6.28400184434376e-07, -0.9999999999998018, 0.4000001733362335], [-2.807142503203465e-07, 0.9999999999997632, -6.284001734731019e-07, -0.2275508066758547], [0.9999999999999599, 2.8071422578270053e-07, -3.904789058761793e-08, -0.19999998824133253], [0.0, 0.0, 0.0, 1.0]]"
2.308333333333333,-4.318360635757528,-2.6661920901579803,7.2899872596542545,-99.57303855081713,2.831872842628626,15.937030654552492,10.934661578137684,-4.3177177442019,2.660001590892422,-7.283216834639479,-99.5731819847897,-2.837974549434975,15.937570239496923,-10.939947290781626,"[[2.220446049250313e-16, -0.0, -1.0, 0.4], [0.0, 1.0, -0.0, 0.22687500000000002], [1.0, 0.0, 2.220446049250313e-16, -0.2], [0.0, 0.0, 0.0, 1.0]]","[[9.617641294479284e-09, 1.424779466060427e-07, -0.99999999999999, 0.40000004586801186], [7.132771269504013e-08, 0.9999999999999876, 1.424779472920467e-07, 0.22688182631158724], [0.9999999999999976, -7.132771406534119e-08, 9.617631080427458e-09, -0.20000000655457129], [0.0, 0.0, 0.0, 1.0]]","[[2.220446049250313e-16, -0.0, -1.0, 0.4], [0.0, 1.0, -0.0, -0.22687500000000002], [1.0, 0.0, 2.220446049250313e-16, -0.2], [0.0, 0.0, 0.0, 1.0]]","[[1.1959149615048403e-08, -2.1018984128331877e-07, -0.9999999999999778, 0.4000000647943188], [-8.902649839816204e-08, 0.999999999999974, -2.1018984234799916e-07, -0.22688627936167013], [0.999999999999996, 8.902650091185183e-08, 1.1959130852279287e-08, -0.20000000601783546], [0.0, 0.0, 0.0, 1.0]]"
2.3166666666666664,-4.3391098966823805,-2.725169066093748,7.2157695703592495,-99.58535338189066,2.916983402989332,15.95877626932252,10.857734865063122,-4.338621111269902,2.719398623462145,-7.208469805683799,-99.58558560832245,-2.92369555795275,15.959476363712447,-10.862467332384295,"[[2.220446049250313e-16, -0.0, -1.0, 0.4], [0.0, 1.0, -0.0, 0.22624999999999998], [1.0, 0.0, 2.220446049250313e-16, -0.2], [0.0, 0.0, 0.0, 1.0]]","[[-3.040549351185362e-08, 3.2010542252572676e-07, -0.9999999999999485, 0.40000008926884684], [1.3917058431357768e-07, 0.9999999999999394, 3.201054182941735e-07, 0.22626862010263843], [0.99999999999999, -1.3917057458060727e-07, -3.0405537920774606e-08, -0.1999999946970075], [0.0, 0.0, 0.0, 1.0]]","[[2.220446049250313e-16, -0.0, -1.0, 0.4], [0.0, 1.0, -0.0, -0.22624999999999998], [1.0, 0.0, 2.220446049250313e-16, -0.2], [0.0, 0.0, 0.0, 1.0]]","[[4.2193969651549423e-08, -3.1170694886083135e-07, -0.9999999999999506, 0.4000000951323084], [-1.394375687791284e-07, 0.9999999999999417, -3.1170695474425317e-07, -0.22626862430245784], [0.9999999999999895, 1.3943758193127535e-07, 4.219392624182916e-08, -0.20000002143761117], [0.0, 0.0, 0.0, 1.0]]"
2.325,-4.359935143461749,-2.784152872218686,7.141545477761897,-99.59737451482988,3.0021520199579825,15.980275997282428,10.780755218022493,-4.3593118886999855,2.7779600250755996,-7.1347750527471225,-99.59751111861328,-3.008252446103862,15.980825827510614,-10.786037515571852,"[[2.220446049250313e-16, -0.0, -1.0, 0.4], [0.0, 1.0, -0.0, 0.225625], [1.0, 0.0, 2.220446049250313e-16, -0.2], [0.0, 0.0, 0.0, 1.0]]","[[-3.5399926878731947e-08, 1.0369960805568293e-07, -0.999999999999994, 0.40000002608613777], [3.8011085007114236e-08, 0.9999999999999939, 1.0369960671009327e-07, 0.22562912925922016], [0.9999999999999987, -3.801108133615551e-08, -3.5399930875534835e-08, -0.19999998540970773], [0.0, 0.0, 0.0, 1.0]]","[[2.220446049250313e-16, -0.0, -1.0, 0.4], [0.0, 1.0, -0.0, -0.225625], [1.0, 0.0, 2.220446049250313e-16, -0.2], [0.0, 0.0, 0.0, 1.0]]","[[-2.168144080938461e-08, -4.579133246397685e-07, -0.999999999999895, 0.4000001261363959], [-1.936139535796523e-07, 0.9999999999998763, -4.579133204419306e-07, -0.22565575784865033], [0.9999999999999811, 1.9361394365141144e-07, -2.1681529405181976e-08, -0.1999999952679666], [0.0, 0.0, 0.0, 1.0]]"
2.3333333333333335,-4.380836376095635,-2.8431439354196164,7.067315408749022,-99.60910877982397,3.0873780532043438,16.00152642333763,10.703722637015797,-4.379981321788914,2.8362537686509546,-7.061419674834832,-99.60910194963479,-3.092467824796473,16.00183378185028,-10.709915911045707,"[[2.220446049250313e-16, -0.0, -1.0, 0.4], [0.0, 1.0, -0.0, 0.22499999999999998], [1.0, 0.0, 2.220446049250313e-16, -0.2], [0.0, 0.0, 0.0, 1.0]]","[[2.221175432470801e-08, 2.1177564406277232e-07, -0.9999999999999775, 0.4000000649559898], [9.354702524503948e-08, 0.9999999999999734, 2.11775646140615e-07, 0.22501127525757986], [0.9999999999999954, -9.354702994894598e-08, 2.221173445171587e-08, -0.20000000869480075], [0.0, 0.0, 0.0, 1.0]]","[[2.220446049250313e-16, -0.0, -1.0, 0.4], [0.0, 1.0, -0.0, -0.22499999999999998], [1.0, 0.0, 2.220446049250313e-16, -0.2], [0.0, 0.0, 0.0, 1.0]]","[[-1.189554549307914e-08, -4.510722642661735e-07, -0.9999999999998982, 0.4000001238305475], [-2.0448962390753753e-07, 0.9999999999998774, -4.510722618336485e-07, -0.22503076232020816], [0.999999999999979, 2.0448961854176608e-07, -1.189563786363479e-08, -0.1999999940734538], [0.0, 0.0, 0.0, 1.0]]"
2.341666666666667,-4.401813167697213,-2.9021422556965404,6.993080643981092,-99.62055617687291,3.172660862398181,16.02253096258271,10.626639683363972,-4.400967078013778,2.895250381380586,-6.987185336953726,-99.62054934668373,-3.177748926443017,16.022845151284532,-10.632832957393882,"[[2.220446049250313e-16, -0.0, -1.0, 0.4], [0.0, 1.0, -0.0, 0.224375], [1.0, 0.0, 2.220446049250313e-16, -0.2], [0.0, 0.0, 0.0, 1.0]]","[[6.204746300086939e-08, 2.0654333846682371e-07, -0.9999999999999769, 0.4000000663067738], [9.591324304338033e-08, 0.9999999999999742, 2.0654334441799657e-07, 0.22438627717998097], [0.9999999999999936, -9.591325585886861e-08, 6.204744323889955e-08, -0.20000002062714878], [0.0, 0.0, 0.0, 1.0]]","[[2.220446049250313e-16, -0.0, -1.0, 0.4], [0.0, 1.0, -0.0, -0.224375], [1.0, 0.0, 2.220446049250313e-16, -0.2], [0.0, 0.0, 0.0, 1.0]]","[[4.731977604199855e-08, -4.4175333997178405e-07, -0.9999999999999015, 0.4000001279238699], [-1.9200984929439175e-07, 0.9999999999998841, -4.4175334905763955e-07, -0.22440576713667187], [0.9999999999999806, 1.9200987019804238e-07, 4.731969122095947e-08, -0.20000001898999165], [0.0, 0.0, 0.0, 1.0]]"
2.35,-4.422865518266485,-2.961147619606046,6.918841183458109,-99.63170987578754,3.2579995937658475,16.043286199923088,10.54950806461431,-4.422028393206335,2.954254464629622,-6.912946303317565,-99.63170304559837,-3.263086163706803,16.043610633908663,-10.555699631096926,"[[2.220446049250313e-16, -0.0, -1.0, 0.4], [0.0, 1.0, -0.0, 0.22374999999999998], [1.0, 0.0, 2.220446049250313e-16, -0.2], [0.0, 0.0, 0.0, 1.0]]","[[5.674524861110086e-08, 1.3556422546933111e-07, -0.9999999999999891, 0.400000046411103], [5.882754288337984e-08, 0.9999999999999891, 1.3556422880751464e-07, 0.22375682781478878], [0.9999999999999967, -5.882755057600506e-08, 5.6745240617495085e-08, -0.20000002112014326], [0.0, 0.0, 0.0, 1.0]]","[[2.220446049250313e-16, -0.0, -1.0, 0.4], [0.0, 1.0, -0.0, -0.22374999999999998], [1.0, 0.0, 2.220446049250313e-16, -0.2], [0.0, 0.0, 0.0, 1.0]]","[[-1.9823686581155187e-08, -4.536996121640675e-07, -0.999999999999897, 0.40000012038565547], [-2.039112488035467e-07, 0.9999999999998764, -4.536996081217855e-07, -0.22378075971719255], [0.9999999999999791, 2.0391123980952683e-07, -1.982377917375544e-08, -0.19999998835857835], [0.0, 0.0, 0.0, 1.0]]"
2.3583333333333334,-4.443993854690273,-3.0201598137047214,6.844598307840539,-99.6425835369462,3.3433929666468742,16.06379384290605,10.472327780766813,-4.443165267366586,3.0132653780678282,-6.838703854586818,-99.64256987656786,-3.3484780424839484,16.06412681462809,-10.47851934724943,"[[2.220446049250313e-16, -0.0, -1.0, 0.4], [0.0, 1.0, -0.0, 0.223125], [1.0, 0.0, 2.220446049250313e-16, -0.2], [0.0, 0.0, 0.0, 1.0]]","[[-3.344176574548996e-08, 1.5254699320279845e-07, -0.9999999999999878, 0.4000000389537087], [6.945284326854687e-08, 0.999999999999986, 1.5254699088017246e-07, 0.2231318240185624], [0.9999999999999971, -6.945283816710531e-08, -3.344177618158639e-08, -0.19999998854354833], [0.0, 0.0, 0.0, 1.0]]","[[2.220446049250313e-16, -0.0, -1.0, 0.4], [0.0, 1.0, -0.0, -0.223125], [1.0, 0.0, 2.220446049250313e-16, -0.2], [0.0, 0.0, 0.0, 1.0]]","[[-2.9656942512890083e-08, -4.5605689827514965e-07, -0.9999999999998956, 0.4000001189448888], [-2.0428583537307205e-07, 0.9999999999998752, -4.56056892216647e-07, -0.2231557622883441], [0.9999999999999787, 2.0428582184779768e-07, -2.9657035771624152e-08, -0.1999999835969454], [0.0, 0.0, 0.0, 1.0]]"
2.3666666666666667,-4.465197750081755,-3.0791794783228017,6.770352444015208,-99.65315666978138,3.4288411944846726,16.084053891531603,10.395101393142417,-4.464378127381353,3.0722835485820275,-6.76445841764831,-99.6531498395922,-3.433924349331043,16.0843954009901,-10.401292105851388,"[[2.220446049250313e-16, -0.0, -1.0, 0.4], [0.0, 1.0, -0.0, 0.2225], [1.0, 0.0, 2.220446049250313e-16, -0.2], [0.0, 0.0, 0.0, 1.0]]","[[8.969582243611995e-09, 2.1369557178870408e-07, -0.9999999999999771, 0.4000000623023129], [8.915512009470599e-08, 0.9999999999999731, 2.136955725883874e-07, 0.22251127600791482], [0.999999999999996, -8.915512201146394e-08, 8.969563147775972e-09, -0.200000004027553], [0.0, 0.0, 0.0, 1.0]]","[[2.220446049250313e-16, -0.0, -1.0, 0.4], [0.0, 1.0, -0.0, -0.2225], [1.0, 0.0, 2.220446049250313e-16, -0.2], [0.0, 0.0, 0.0, 1.0]]","[[-2.0026038327625173e-08, -6.286281721987946e-07, -0.9999999999998025, 0.40000016190056553], [-2.7344339095007467e-07, 0.9999999999997653, -6.286281667227834e-07, -0.22255082495475487], [0.9999999999999626, 2.734433783610889e-07, -2.0026210190149385e-08, -0.19999998502013053], [0.0, 0.0, 0.0, 1.0]]"
2.375,-4.48647720444093,-3.1382066134602864,6.6961040188689385,-99.66344976486059,3.5143432100621843,16.104064638252446,10.31782975551477,-4.485912433173934,3.1320054420241497,-6.689335728288278,-99.66356587807648,-3.52043765979254,16.104650326973776,-10.323104369101314,"[[2.220446049250313e-16, -0.0, -1.0, 0.4], [0.0, 1.0, -0.0, 0.221875], [1.0, 0.0, 2.220446049250313e-16, -0.2], [0.0, 0.0, 0.0, 1.0]]","[[-1.3262149600734574e-08, 2.2054103396828823e-07, -0.9999999999999757, 0.4000000605201086], [9.971745523907815e-08, 0.9999999999999709, 2.2054103264581934e-07, 0.22188627326791285], [0.999999999999995, -9.971745231422754e-08, -1.3262171583150462e-08, -0.1999999977236086], [0.0, 0.0, 0.0, 1.0]]","[[2.220446049250313e-16, -0.0, -1.0, 0.4], [0.0, 1.0, -0.0, -0.221875], [1.0, 0.0, 2.220446049250313e-16, -0.2], [0.0, 0.0, 0.0, 1.0]]","[[4.9807636903764774e-08, -3.054221257410572e-07, -0.9999999999999523, 0.4000000902459603], [-1.366989562516481e-07, 0.9999999999999443, -3.054221325497067e-07, -0.22189362804139368], [0.9999999999999896, 1.3669897146399626e-07, 4.980759515937905e-08, -0.2000000160012389], [0.0, 0.0, 0.0, 1.0]]"
2.3833333333333333,-4.507831790880974,-3.1972405787869413,6.6218538861753755,-99.67344916180548,3.599897732718941,16.123826083068586,10.240514575431165,-4.507425821512181,3.191460104314995,-6.614556682820863,-99.67363357691308,-3.60660583225754,16.12455862085707,-10.245233382373998,"[[2.220446049250313e-16, -0.0, -1.0, 0.4], [0.0, 1.0, -0.0, 0.22125], [1.0, 0.0, 2.220446049250313e-16, -0.2], [0.0, 0.0, 0.0, 1.0]]","[[5.975798039736802e-08, 1.3314274942626298e-07, -0.9999999999999892, 0.4000000443939785], [6.086511019304057e-08, 0.9999999999999893, 1.3314275306343903e-07, 0.22125683000343813], [0.9999999999999963, -6.086511814938194e-08, 5.975797229273994e-08, -0.20000001854821958], [0.0, 0.0, 0.0, 1.0]]","[[2.220446049250313e-16, -0.0, -1.0, 0.4], [0.0, 1.0, -0.0, -0.22125], [1.0, 0.0, 2.220446049250313e-16, -0.2], [0.0, 0.0, 0.0, 1.0]]","[[7.0251765849072e-08, -2.9886612112636253e-07, -0.999999999999953, 0.4000000892401211], [-1.4183928878698214e-07, 0.9999999999999455, -2.9886613109082075e-07, -0.22126862908543563], [0.9999999999999877, 1.4183930978284896e-07, 7.025172354957476e-08, -0.20000001991202823], [0.0, 0.0, 0.0, 1.0]]"
2.3916666666666666,-4.529509957532948,-3.2569782670415193,6.546727781720759,-99.68327780402113,3.686518618659866,16.143568744864506,10.162240607542818,-4.528866639090498,3.250500259500585,-6.540305696353655,-99.68333927572367,-3.6922115813330714,16.14407588641038,-10.167873806060786,"[[2.220446049250313e-16, -0.0, -1.0, 0.4], [0.0, 1.0, -0.0, 0.220625], [1.0, 0.0, 2.220446049250313e-16, -0.2], [0.0, 0.0, 0.0, 1.0]]","[[-3.322638925107313e-08, 2.2627037546749674e-07, -0.9999999999999741, 0.4000000562352252], [9.527370205819147e-08, 0.9999999999999702, 2.2627037230189472e-07, 0.22063627123743731], [0.9999999999999952, -9.527369454004151e-08, -3.322641078939981e-08, -0.19999998547663014], [0.0, 0.0, 0.0, 1.0]]","[[2.220446049250313e-16, -0.0, -1.0, 0.4], [0.0, 1.0, -0.0, -0.220625], [1.0, 0.0, 2.220446049250313e-16, -0.2], [0.0, 0.0, 0.0, 1.0]]","[[3.6833261440882836e-09, -4.4505211023035057e-07, -0.999999999999901, 0.4000001164304666], [-1.957985571817502e-07, 0.9999999999998819, -4.45052110951532e-07, -0.22065577017783763], [0.9999999999999809, 1.957985588210029e-07, 3.6832389915808506e-09, -0.19999999118214867], [0.0, 0.0, 0.0, 1.0]]"
2.4,-4.551016515682026,-3.3160269599635717,6.472476368366728,-99.69268980469741,3.7721773017014653,16.162829878323944,10.084840903868235,-4.550232324587944,3.30912590758092,-6.466584049547122,-99.69268297450824,-3.7772542666889004,16.163207246275586,-10.09102820148262,"[[2.220446049250313e-16, -0.0, -1.0, 0.4], [0.0, 1.0, -0.0, 0.22], [1.0, 0.0, 2.220446049250313e-16, -0.2], [0.0, 0.0, 0.0, 1.0]]","[[-3.78305357595643e-08, 1.538026855855768e-07, -0.9999999999999878, 0.40000003768302816], [6.71278481387878e-08, 0.9999999999999862, 1.5380268304609414e-07, 0.22000682475201844], [0.9999999999999973, -6.712784232034905e-08, -3.783054619566073e-08, -0.19999998760133275], [0.0, 0.0, 0.0, 1.0]]","[[2.220446049250313e-16, -0.0, -1.0, 0.4], [0.0, 1.0, -0.0, -0.22], [1.0, 0.0, 2.220446049250313e-16, -0.2], [0.0, 0.0, 0.0, 1.0]]","[[2.479835908841821e-08, -4.5193874563726567e-07, -0.9999999999998976, 0.40000011765235555], [-1.93462781483063e-07, 0.9999999999998792, -4.5193875043481687e-07, -0.22003076218222717], [0.9999999999999811, 1.9346279269038262e-07, 2.479827160284387e-08, -0.1999999975369929], [0.0, 0.0, 0.0, 1.0]]"
2.408333333333333,-4.572598205911974,-3.3750831234050294,6.3982249550126955,-99.70182176761772,3.8578863573881934,16.181841709878675,10.007401926605922,-4.571822979441177,3.3681805769184967,-6.392333063079914,-99.70181493742855,-3.862962041715159,16.18222761556678,-10.013588370446662,"[[2.220446049250313e-16, -0.0, -1.0, 0.4], [0.0, 1.0, -0.0, 0.21937500000000001], [1.0, 0.0, 2.220446049250313e-16, -0.2], [0.0, 0.0, 0.0, 1.0]]","[[-2.6132007557855275e-08, 1.4614061971660407e-07, -0.999999999999989, 0.4000000392657807], [7.385234654027213e-08, 0.9999999999999868, 1.4614061778669365e-07, 0.2193818262312412], [0.999999999999997, -7.385234272132361e-08, -2.613201821599631e-08, -0.19999999154730644], [0.0, 0.0, 0.0, 1.0]]","[[2.220446049250313e-16, -0.0, -1.0, 0.4], [0.0, 1.0, -0.0, -0.21937500000000001], [1.0, 0.0, 2.220446049250313e-16, -0.2], [0.0, 0.0, 0.0, 1.0]]","[[7.935769502642742e-08, -3.0581095855422323e-07, -0.9999999999999502, 0.40000008615975796], [-1.2924480169134666e-07, 0.9999999999999449, -3.0581096881079124e-07, -0.21939362884069152], [0.9999999999999886, 1.292448259597938e-07, 7.935765550248775e-08, -0.20000001954365226], [0.0, 0.0, 0.0, 1.0]]"
2.4166666666666665,-4.594004445657617,-3.4334498646271383,6.324849086532895,-99.71055074937699,3.9426293681941877,16.200383965927966,9.930841482425603,-4.593489193262104,3.4272427167754778,-6.318083357273174,-99.71065320221454,-3.9487193356129002,16.20100039050056,-9.936110973370267,"[[2.220446049250313e-16, -0.0, -1.0, 0.4], [0.0, 1.0, -0.0, 0.21875], [1.0, 0.0, 2.220446049250313e-16, -0.2], [0.0, 0.0, 0.0, 1.0]]","[[4.402996089947209e-08, 3.0822106072560826e-07, -0.9999999999999517, 0.4000000835854286], [1.298914902593017e-07, 0.9999999999999442, 3.082210664447232e-07, 0.21876862691954932], [0.9999999999999908, -1.2989150383025694e-07, 4.40299209314432e-08, -0.20000000938744228], [0.0, 0.0, 0.0, 1.0]]","[[2.220446049250313e-16, -0.0, -1.0, 0.4], [0.0, 1.0, -0.0, -0.21875], [1.0, 0.0, 2.220446049250313e-16, -0.2], [0.0, 0.0, 0.0, 1.0]]","[[3.389648167706483e-08, -3.0946724056555027e-07, -0.9999999999999515, 0.40000008170647056], [-1.3648749790123914e-07, 0.9999999999999427, -3.094672451919935e-07, -0.21876862790524187], [0.9999999999999901, 1.3648750839108336e-07, 3.389643937756759e-08, -0.20000000153312797], [0.0, 0.0, 0.0, 1.0]]"
2.425,-4.615735973162482,-3.4925203287771707,6.250600234499802,-99.71910897640701,4.028436607850235,16.21890060876787,9.853328226856068,-4.614978675938257,3.4856156478565223,-6.244709196340666,-99.71909531602869,-4.0335093039694385,16.219303589928902,-9.859512963149514,"[[2.220446049250313e-16, -0.0, -1.0, 0.4], [0.0, 1.0, -0.0, 0.218125], [1.0, 0.0, 2.220446049250313e-16, -0.2], [0.0, 0.0, 0.0, 1.0]]","[[-3.933173503556375e-08, 3.26756057824168e-07, -0.9999999999999459, 0.40000007660223136], [1.4502384123683806e-07, 0.9999999999999363, 3.2675605212012555e-07, 0.21814362044829214], [0.9999999999999888, -1.450238283849477e-07, -3.933178255310921e-08, -0.19999997403295036], [0.0, 0.0, 0.0, 1.0]]","[[2.220446049250313e-16, -0.0, -1.0, 0.4], [0.0, 1.0, -0.0, -0.218125], [1.0, 0.0, 2.220446049250313e-16, -0.2], [0.0, 0.0, 0.0, 1.0]]","[[-5.038597594708705e-09, -6.278725020865869e-07, -0.999999999999803, 0.4000001499053822], [-2.838157185767727e-07, 0.9999999999997629, -6.278725006565284e-07, -0.21817581598315447], [0.9999999999999598, 2.838157154131199e-07, -5.0387758965264595e-09, -0.19999997245317408], [0.0, 0.0, 0.0, 1.0]]"
2.433333333333333,-4.6375422058613935,-3.5515978365597842,6.176354370674471,-99.72736667511357,4.114291658830472,16.237166242155777,9.775779112793389,-4.637046163372922,3.54538876771742,-6.1695890683015735,-99.72746229776195,-4.120379918701892,16.237792912012125,-9.781045188643468,"[[2.220446049250313e-16, -0.0, -1.0, 0.4], [0.0, 1.0, -0.0, 0.2175], [1.0, 0.0, 2.220446049250313e-16, -0.2], [0.0, 0.0, 0.0, 1.0]]","[[3.797004377581459e-10, 2.1496537737662805e-07, -0.999999999999977, 0.40000005668803335], [1.0318764622084601e-07, 0.9999999999999716, 2.149653774158073e-07, 0.21751127826993388], [0.9999999999999948, -1.0318764630246609e-07, 3.796782332976534e-10, -0.19999999795279352], [0.0, 0.0, 0.0, 1.0]]","[[2.220446049250313e-16, -0.0, -1.0, 0.4], [0.0, 1.0, -0.0, -0.2175], [1.0, 0.0, 2.220446049250313e-16, -0.2], [0.0, 0.0, 0.0, 1.0]]","[[3.7159339327796914e-08, -4.439529847177909e-07, -0.999999999999901, 0.4000001128961178], [-1.9525189592294719e-07, 0.9999999999998828, -4.439529919732142e-07, -0.21753077240206306], [0.9999999999999805, 1.9525191241992765e-07, 3.715925261937869e-08, -0.19999999553705652], [0.0, 0.0, 0.0, 1.0]]"
2.4416666666666664,-4.65967671452729,-3.6113801344873786,6.101235950182671,-99.73543995871252,4.201212646208054,16.25539430950325,9.697277187341493,-4.658683775776699,3.6037764263938623,-6.096220456897766,-99.73533750587497,-4.205264655933164,16.255604337820227,-9.704378876531013,"[[2.220446049250313e-16, -0.0, -1.0, 0.4], [0.0, 1.0, -0.0, 0.21687499999999998], [1.0, 0.0, 2.220446049250313e-16, -0.2], [0.0, 0.0, 0.0, 1.0]]","[[-1.8920263744615085e-08, 1.505794853483903e-07, -0.9999999999999886, 0.4000000353960085], [6.999247907403674e-08, 0.9999999999999862, 1.505794840241138e-07, 0.21688182495007086], [0.9999999999999974, -6.999247622503238e-08, -1.892027440275612e-08, -0.19999998660893625], [0.0, 0.0, 0.0, 1.0]]","[[2.220446049250313e-16, -0.0, -1.0, 0.4], [0.0, 1.0, -0.0, -0.21687499999999998], [1.0, 0.0, 2.220446049250313e-16, -0.2], [0.0, 0.0, 0.0, 1.0]]","[[8.908020099340774e-08, -6.163222612853173e-07, -0.9999999999998063, 0.40000015403792716], [-2.590704058469731e-07, 0.9999999999997767, -6.163222843633429e-07, -0.21692582156394058], [0.9999999999999626, 2.5907046074903577e-07, 8.90800412323145e-08, -0.2000000041874188], [0.0, 0.0, 0.0, 1.0]]"
2.45,-4.681379640615005,-3.6697761174568724,6.027870326986625,-99.7430282988804,4.28614434098987,16.272947895670182,9.620579285604128,-4.680903234920397,3.6635644872935687,-6.02110673216102,-99.74311026115045,-4.292230466427175,16.27358822590487,-9.625843653906916,"[[2.220446049250313e-16, -0.0, -1.0, 0.4], [0.0, 1.0, -0.0, 0.21624999999999997], [1.0, 0.0, 2.220446049250313e-16, -0.2], [0.0, 0.0, 0.0, 1.0]]","[[-6.278718156504937e-09, 1.501058575343866e-07, -0.9999999999999889, 0.40000003729063555], [6.170846075891694e-08, 0.9999999999999869, 1.5010585714693628e-07, 0.2162568253212794], [0.9999999999999982, -6.170845981644387e-08, -6.2787274823783434e-09, -0.19999999631327273], [0.0, 0.0, 0.0, 1.0]]","[[2.220446049250313e-16, -0.0, -1.0, 0.4], [0.0, 1.0, -0.0, -0.21624999999999997], [1.0, 0.0, 2.220446049250313e-16, -0.2], [0.0, 0.0, 0.0, 1.0]]","[[-1.638764568490103e-08, -3.1578300759289473e-07, -0.99999999999995, 0.40000007692201917], [-1.37158585934312e-07, 0.9999999999999407, -3.157830053451855e-07, -0.21626862843134576], [0.9999999999999905, 1.3715858075936515e-07, -1.638768898359899e-08, -0.1999999810398064], [0.0, 0.0, 0.0, 1.0]]"
2.4583333333333335,-4.703666120989934,-3.7295731429798646,5.952760444231287,-99.75051418621074,4.373157962808071,16.29067052901907,9.542012473355117,-4.702944255372028,3.7226639797475736,-5.946871540506267,-99.75050735602157,-4.378225109398574,16.291109368673247,-9.548194648327625,"[[2.220446049250313e-16, -0.0, -1.0, 0.4], [0.0, 1.0, -0.0, 0.21562499999999998], [1.0, 0.0, 2.220446049250313e-16, -0.2], [0.0, 0.0, 0.0, 1.0]]","[[-2.226353340573084e-08, 1.4898633589242248e-07, -0.9999999999999886, 0.4000000354212806], [7.139521817131818e-08, 0.9999999999999862, 1.489863343029123e-07, 0.21563182806457695], [0.9999999999999972, -7.139521485435514e-08, -2.2263544063871876e-08, -0.19999999099748683], [0.0, 0.0, 0.0, 1.0]]","[[2.220446049250313e-16, -0.0, -1.0, 0.4], [0.0, 1.0, -0.0, -0.21562499999999998], [1.0, 0.0, 2.220446049250313e-16, -0.2], [0.0, 0.0, 0.0, 1.0]]","[[-8.107655935507552e-09, -4.532093549827253e-07, -0.9999999999998975, 0.40000010830247135], [-1.9783883707253558e-07, 0.9999999999998781, -4.5320935337870716e-07, -0.21565576676521658], [0.9999999999999806, 1.9783883339804975e-07, -8.107745641527941e-09, -0.1999999823115773], [0.0, 0.0, 0.0, 1.0]]"
2.466666666666667,-4.7255171768052735,-3.787983640101344,5.8794037856585275,-99.75752879048834,4.458179730709566,16.307730634018473,9.465253953688867,-4.725060407904529,3.7817703023907483,-5.872641044606568,-99.75760392256922,-4.464264575486402,16.308381209536915,-9.470515760670716,"[[2.220446049250313e-16, -0.0, -1.0, 0.4], [0.0, 1.0, -0.0, 0.215], [1.0, 0.0, 2.220446049250313e-16, -0.2], [0.0, 0.0, 0.0, 1.0]]","[[9.437759129760082e-09, 3.2216289237775507e-07, -0.9999999999999483, 0.40000007653866615], [1.3408583968576777e-07, 0.9999999999999393, 3.221628936432221e-07, 0.21501862331062072], [0.9999999999999911, -1.340858427262566e-07, 9.437715942084424e-09, -0.19999998887649462], [0.0, 0.0, 0.0, 1.0]]","[[2.220446049250313e-16, -0.0, -1.0, 0.4], [0.0, 1.0, -0.0, -0.215], [1.0, 0.0, 2.220446049250313e-16, -0.2], [0.0, 0.0, 0.0, 1.0]]","[[5.0881965307780774e-11, -3.2311993327370654e-07, -0.9999999999999479, 0.40000007509222096], [-1.3452458797460572e-07, 0.9999999999999389, -3.231199332805485e-07, -0.21501862290365156], [0.999999999999991, 1.3452458799103965e-07, 5.083844456521547e-11, -0.1999999844808675], [0.0, 0.0, 0.0, 1.0]]"
2.475,-4.747954775115589,-3.8477956066631456,5.804304575073767,-99.76442728155006,4.545283852534269,16.324944418274196,9.386628231058266,-4.747250838744255,3.8408843089967393,-5.798416525122393,-99.76442045136089,-4.550348010917011,16.325402040948585,-9.392808698483481,"[[2.220446049250313e-16, -0.0, -1.0, 0.4], [0.0, 1.0, -0.0, 0.21437499999999998], [1.0, 0.0, 2.220446049250313e-16, -0.2], [0.0, 0.0, 0.0, 1.0]]","[[6.930961971018945e-09, 2.1592175455152205e-07, -0.9999999999999768, 0.4000000531207033], [9.077663769237374e-08, 0.9999999999999727, 2.1592175518069055e-07, 0.21438627641102762], [0.9999999999999959, -9.077663918891709e-08, 6.930942320071409e-09, -0.1999999954432656], [0.0, 0.0, 0.0, 1.0]]","[[2.220446049250313e-16, -0.0, -1.0, 0.4], [0.0, 1.0, -0.0, -0.21437499999999998], [1.0, 0.0, 2.220446049250313e-16, -0.2], [0.0, 0.0, 0.0, 1.0]]","[[1.3183924896242871e-08, -4.5327735251346367e-07, -0.9999999999998972, 0.4000001047743674], [-2.0295590705322066e-07, 0.9999999999998765, -4.532773551892098e-07, -0.21440576711048182], [0.9999999999999793, 2.029559130291744e-07, 1.318383285875413e-08, -0.19999998263098226], [0.0, 0.0, 0.0, 1.0]]"
2.4833333333333334,-4.770211373412899,-3.9069181510055992,5.730086032005117,-99.77095011220742,4.631412537968131,16.341705702497407,9.308894701887997,-4.769516401664849,3.9000055726787233,-5.724198408940565,-99.77094328201825,-4.636474988803579,16.342173570455554,-9.315074315539567,"[[2.220446049250313e-16, -0.0, -1.0, 0.4], [0.0, 1.0, -0.0, 0.21375], [1.0, 0.0, 2.220446049250313e-16, -0.2], [0.0, 0.0, 0.0, 1.0]]","[[2.5281069626625907e-08, 1.4047469156444688e-07, -0.9999999999999901, 0.4000000384330361], [6.749346510264877e-08, 0.999999999999988, 1.404746932707536e-07, 0.21375682711795665], [0.9999999999999977, -6.74934686539986e-08, 2.5281060189730198e-08, -0.2000000035879702], [0.0, 0.0, 0.0, 1.0]]","[[2.220446049250313e-16, -0.0, -1.0, 0.4], [0.0, 1.0, -0.0, -0.21375], [1.0, 0.0, 2.220446049250313e-16, -0.2], [0.0, 0.0, 0.0, 1.0]]","[[6.698730065091141e-08, -6.226509770688857e-07, -0.9999999999998039, 0.4000001440106703], [-2.617916935100155e-07, 0.999999999999772, -6.226509946055846e-07, -0.21380081846838375], [0.9999999999999636, 2.6179173521967356e-07, 6.698713767017139e-08, -0.19999998855966553], [0.0, 0.0, 0.0, 1.0]]"
2.4916666666666667,-4.792542676904255,-3.966047952424046,5.655874319125636,-99.77718607491964,4.717583485197481,16.358217684815912,9.23113555950834,-4.7918566697794915,3.9591345203235235,-5.649987549834731,-99.77717924473048,-4.722644228485637,16.35869238296323,-9.23731517315991,"[[2.220446049250313e-16, -0.0, -1.0, 0.4], [0.0, 1.0, -0.0, 0.21312499999999998], [1.0, 0.0, 2.220446049250313e-16, -0.2], [0.0, 0.0, 0.0, 1.0]]","[[-5.969845978670563e-08, 1.6270010897091368e-07, -0.999999999999985, 0.4000000316051735], [7.231961163579968e-08, 0.9999999999999842, 1.627001046535441e-07, 0.213131821390284], [0.9999999999999957, -7.231960192285294e-08, -5.969847155506969e-08, -0.19999997356782204], [0.0, 0.0, 0.0, 1.0]]","[[2.220446049250313e-16, -0.0, -1.0, 0.4], [0.0, 1.0, -0.0, -0.21312499999999998], [1.0, 0.0, 2.220446049250313e-16, -0.2], [0.0, 0.0, 0.0, 1.0]]","[[6.910424527051262e-08, -3.084080925099419e-07, -0.9999999999999502, 0.40000007845219027], [-1.3104575479591602e-07, 0.999999999999944, -3.08408101565758e-07, -0.21314363150439428], [0.9999999999999892, 1.3104577610821857e-07, 6.910420485839452e-08, -0.2000000107126519], [0.0, 0.0, 0.0, 1.0]]"
2.5,-4.814948258702835,-4.025185437805309,5.5816702902089705,-99.78312833949755,4.803796267335497,16.37447695013513,9.15335251146659,-4.814428310552269,4.018693342999212,-5.575254608144213,-99.7831624904434,-4.80947514274354,16.3750762992348,-9.158972903379864,"[[2.220446049250313e-16, -0.0, -1.0, 0.4], [0.0, 1.0, -0.0, 0.2125], [1.0, 0.0, 2.220446049250313e-16, -0.2], [0.0, 0.0, 0.0, 1.0]]","[[6.742769759204847e-08, 1.378921810109618e-07, -0.9999999999999882, 0.4000000399499083], [5.991839387625375e-08, 0.9999999999999887, 1.378921850511212e-07, 0.21250682764827], [0.999999999999996, -5.99184031740056e-08, 6.742768937639809e-08, -0.2000000154058891], [0.0, 0.0, 0.0, 1.0]]","[[2.220446049250313e-16, -0.0, -1.0, 0.4], [0.0, 1.0, -0.0, -0.2125], [1.0, 0.0, 2.220446049250313e-16, -0.2], [0.0, 0.0, 0.0, 1.0]]","[[-2.6213556325593856e-09, -2.1927636268427615e-07, -0.9999999999999759, 0.4000000494505352], [-9.478015154706978e-08, 0.9999999999999716, -2.1927636243582267e-07, -0.21251127503078882], [0.9999999999999954, 9.478015097226617e-08, -2.6213765047522486e-09, -0.19999998874451388], [0.0, 0.0, 0.0, 1.0]]"
2.5083333333333333,-4.837428972582287,-4.0843301802625644,5.507474799028769,-99.78878373613033,4.890049603721711,16.390486913549637,9.075546411536388,-4.836917989055005,4.077837231682821,-5.501059543850834,-99.78881788707618,-4.895727198469284,16.391093092838478,-9.08116509590237,"[[2.220446049250313e-16, -0.0, -1.0, 0.4], [0.0, 1.0, -0.0, 0.211875], [1.0, 0.0, 2.220446049250313e-16, -0.2], [0.0, 0.0, 0.0, 1.0]]","[[-6.061119661726622e-09, 2.2209334599622632e-07, -0.9999999999999754, 0.4000000490805665], [9.996456180964314e-08, 0.9999999999999705, 2.2209334539032804e-07, 0.2118862740671579], [0.9999999999999951, -9.996456046350634e-08, -6.061141866187114e-09, -0.19999998347066697], [0.0, 0.0, 0.0, 1.0]]","[[2.220446049250313e-16, -0.0, -1.0, 0.4], [0.0, 1.0, -0.0, -0.211875], [1.0, 0.0, 2.220446049250313e-16, -0.2], [0.0, 0.0, 0.0, 1.0]]","[[5.4207435651321134e-08, -6.229295390138993e-07, -0.9999999999998045, 0.4000001397072621], [-2.5874460726167715e-07, 0.9999999999997725, -6.22929553039761e-07, -0.21192582569351795], [0.999999999999965, 2.587446410290403e-07, 5.420727455796026e-08, -0.19999998092164314], [0.0, 0.0, 0.0, 1.0]]"
2.5166666666666666,-4.859983964768961,-4.143482606682637,5.433288272471852,-99.79414543462877,4.9763430674692986,16.406244159964857,8.997718967265033,-4.859324424627232,4.136566186374353,-5.427402356954594,-99.79413860443961,-4.981400395662869,16.406746178868854,-9.003895165822016,"[[2.220446049250313e-16, -0.0, -1.0, 0.4], [0.0, 1.0, -0.0, 0.21125], [1.0, 0.0, 2.220446049250313e-16, -0.2], [0.0, 0.0, 0.0, 1.0]]","[[9.820560753492913e-09, 1.4315120231858897e-07, -0.99999999999999, 0.4000000352235658], [6.56504493085949e-08, 0.9999999999999878, 1.431512029633129e-07, 0.2112568303354973], [0.999999999999998, -6.565045071441933e-08, 9.820551427619506e-09, -0.19999999921671702], [0.0, 0.0, 0.0, 1.0]]","[[2.220446049250313e-16, -0.0, -1.0, 0.4], [0.0, 1.0, -0.0, -0.21125], [1.0, 0.0, 2.220446049250313e-16, -0.2], [0.0, 0.0, 0.0, 1.0]]","[[3.034077766805865e-09, -4.491085030394693e-07, -0.9999999999998991, 0.4000000998740193], [-1.9998431446362756e-07, 0.9999999999998791, -4.4910850364622833e-07, -0.21128076728346828], [0.9999999999999799, 1.9998431582623752e-07, 3.0339879497631728e-09, -0.1999999769049422], [0.0, 0.0, 0.0, 1.0]]"
2.525,-4.882350699866637,-4.201944757109715,5.359984974751983,-99.79915879347958,5.06165383775005,16.421569396915075,8.920792254190472,-4.881700551235016,4.195027056140962,-5.35409991300837,-99.7991519632904,-5.066709031509506,16.422081661102826,-8.926968452747456,"[[2.220446049250313e-16, -0.0, -1.0, 0.4], [0.0, 1.0, -0.0, 0.210625], [1.0, 0.0, 2.220446049250313e-16, -0.2], [0.0, 0.0, 0.0, 1.0]]","[[2.8298255461134403e-08, 2.069818393277384e-07, -0.9999999999999782, 0.400000052070385], [9.72895266424419e-08, 0.999999999999974, 2.069818420808614e-07, 0.21063627949381977], [0.9999999999999949, -9.728953249966483e-08, 2.8298235366097657e-08, -0.20000000182367872], [0.0, 0.0, 0.0, 1.0]]","[[2.220446049250313e-16, -0.0, -1.0, 0.4], [0.0, 1.0, -0.0, -0.210625], [1.0, 0.0, 2.220446049250313e-16, -0.2], [0.0, 0.0, 0.0, 1.0]]","[[3.4801586890065295e-08, -3.186142071650338e-07, -0.9999999999999487, 0.40000007300443763], [-1.341374651542192e-07, 0.9999999999999403, -3.186142118332278e-07, -0.21064362726983946], [0.9999999999999905, 1.3413747624249247e-07, 3.4801544146478847e-08, -0.19999999292254125], [0.0, 0.0, 0.0, 1.0]]"
2.533333333333333,-4.905476012849008,-4.262232275592479,5.284416188661784,-99.80404237873613,5.149668082281657,16.43711490746602,8.841445946602434,-4.904834828840673,4.255314147736902,-5.278531126918172,-99.80403554854696,-5.154722422267467,16.437635709390236,-8.84762129138577,"[[2.220446049250313e-16, -0.0, -1.0, 0.4], [0.0, 1.0, -0.0, 0.21], [1.0, 0.0, 2.220446049250313e-16, -0.2], [0.0, 0.0, 0.0, 1.0]]","[[4.800558423001533e-08, 8.860791530285196e-08, -0.9999999999999951, 0.4000000266109759], [3.7355114687002386e-08, 0.9999999999999956, 8.860791709610609e-08, 0.21000413636524076], [0.9999999999999984, -3.735511894067702e-08, 4.8005580899346256e-08, -0.200000013579761], [0.0, 0.0, 0.0, 1.0]]","[[2.220446049250313e-16, -0.0, -1.0, 0.4], [0.0, 1.0, -0.0, -0.21], [1.0, 0.0, 2.220446049250313e-16, -0.2], [0.0, 0.0, 0.0, 1.0]]","[[-1.530126780835417e-08, -2.190544772730459e-07, -0.9999999999999759, 0.40000004772857306], [-9.025763801369472e-08, 0.999999999999972, -2.1905447589198877e-07, -0.21001127909708556], [0.9999999999999959, 9.025763466188136e-08, -1.5301287570324007e-08, -0.1999999854566873], [0.0, 0.0, 0.0, 1.0]]"
2.5416666666666665,-4.928095464945974,-4.320984709059283,5.210789310729986,-99.80850249226415,5.235457392691133,16.45201155004582,8.764120521235073,-4.927622474345951,4.314488345384954,-5.204376189986167,-99.80852981302083,-5.241130718570475,16.452646757638632,-8.769736644280115,"[[2.220446049250313e-16, -0.0, -1.0, 0.4], [0.0, 1.0, -0.0, 0.209375], [1.0, 0.0, 2.220446049250313e-16, -0.2], [0.0, 0.0, 0.0, 1.0]]","[[2.114651104223597e-08, 1.480507374009273e-07, -0.9999999999999888, 0.400000034533039], [6.655626604572828e-08, 0.9999999999999867, 1.480507388083598e-07, 0.20938182604791675], [0.9999999999999974, -6.655626917648412e-08, 2.1146501161251052e-08, -0.1999999976831145], [0.0, 0.0, 0.0, 1.0]]","[[2.220446049250313e-16, -0.0, -1.0, 0.4], [0.0, 1.0, -0.0, -0.209375], [1.0, 0.0, 2.220446049250313e-16, -0.2], [0.0, 0.0, 0.0, 1.0]]","[[3.5080370330842214e-08, -2.112881236462203e-07, -0.9999999999999772, 0.40000004921162535], [-8.72069881924145e-08, 0.999999999999974, -2.112881267054731e-07, -0.20938627856568742], [0.9999999999999957, 8.720699560447825e-08, 3.5080351901140006e-08, -0.19999999830086104], [0.0, 0.0, 0.0, 1.0]]"
2.55,-4.9506829005312065,-4.37946863071434,5.13751931018232,-99.81265524727952,5.3208791535458975,16.466592296376504,8.687143435515383,-4.950324742486604,4.373247182154104,-5.130761691772239,-99.8127030586037,-5.326955033699448,16.46730263605019,-8.692394997213476,"[[2.220446049250313e-16, -0.0, -1.0, 0.4], [0.0, 1.0, -0.0, 0.20875000000000002], [1.0, 0.0, 2.220446049250313e-16, -0.2], [0.0, 0.0, 0.0, 1.0]]","[[6.983464062582101e-08, 3.0322235468664684e-07, -0.9999999999999518, 0.40000007265642484], [1.2619555471399845e-07, 0.9999999999999463, 3.0322236349946635e-07, 0.20876863125728806], [0.9999999999999898, -1.2619557588941715e-07, 6.983460243414896e-08, -0.20000000268202045], [0.0, 0.0, 0.0, 1.0]]","[[2.220446049250313e-16, -0.0, -1.0, 0.4], [0.0, 1.0, -0.0, -0.20875000000000002], [1.0, 0.0, 2.220446049250313e-16, -0.2], [0.0, 0.0, 0.0, 1.0]]","[[6.697174081971013e-08, -6.250653876537036e-07, -0.9999999999998026, 0.40000013060689976], [-2.6048527529496137e-07, 0.999999999999771, -6.250654050988361e-07, -0.20880082121976842], [0.999999999999964, 2.6048531715662823e-07, 6.697157794999242e-08, -0.19999997447552023], [0.0, 0.0, 0.0, 1.0]]"
2.558333333333333,-4.973874807857985,-4.439356583130658,5.0625144415854715,-99.8166235871873,5.408384975871162,16.481265250260986,8.608307684567803,-4.972994140341877,4.431737933998331,-5.057504497829267,-99.81656894567394,-5.4124113723868845,16.48164261821263,-8.615402543568154,"[[2.220446049250313e-16, -0.0, -1.0, 0.4], [0.0, 1.0, -0.0, 0.208125], [1.0, 0.0, 2.220446049250313e-16, -0.2], [0.0, 0.0, 0.0, 1.0]]","[[-2.8225923487390503e-08, 1.614869740321116e-07, -0.9999999999999867, 0.40000003000131606], [7.489705370977628e-08, 0.9999999999999843, 1.6148697191807272e-07, 0.20813182342134076], [0.9999999999999969, -7.489704915165636e-08, -2.8225935699843774e-08, -0.19999998003380107], [0.0, 0.0, 0.0, 1.0]]","[[2.220446049250313e-16, -0.0, -1.0, 0.4], [0.0, 1.0, -0.0, -0.208125], [1.0, 0.0, 2.220446049250313e-16, -0.2], [0.0, 0.0, 0.0, 1.0]]","[[1.5629660732319195e-08, -4.5126655001759226e-07, -0.999999999999898, 0.4000000939032643], [-1.9623403894161385e-07, 0.999999999999879, -4.512665530846551e-07, -0.2081557689402565], [0.9999999999999806, 1.9623404599473698e-07, 1.562957213652183e-08, -0.19999997290912563], [0.0, 0.0, 0.0, 1.0]]"
2.5666666666666664,-4.996609092510372,-4.497855872711347,4.989269200473547,-99.82020943650156,5.493877599938566,16.495349100329552,8.531303278091434,-4.996003340108357,4.490934756648009,-4.983386700050874,-99.82020260631238,-5.498926817282498,16.495905760746908,-8.537475207780187,"[[2.220446049250313e-16, -0.0, -1.0, 0.4], [0.0, 1.0, -0.0, 0.2075], [1.0, 0.0, 2.220446049250313e-16, -0.2], [0.0, 0.0, 0.0, 1.0]]","[[-2.250286179616978e-09, 1.0275804829764692e-07, -0.9999999999999947, 0.40000002004737045], [4.314154450211013e-08, 0.9999999999999938, 1.0275804820056601e-07, 0.20750413106820748], [0.9999999999999991, -4.314154427087489e-08, -2.2502906205090767e-09, -0.19999999163528728], [0.0, 0.0, 0.0, 1.0]]","[[2.220446049250313e-16, -0.0, -1.0, 0.4], [0.0, 1.0, -0.0, -0.2075], [1.0, 0.0, 2.220446049250313e-16, -0.2], [0.0, 0.0, 0.0, 1.0]]","[[1.0707928377318154e-08, -3.1489241288169263e-07, -0.9999999999999505, 0.4000000656819526], [-1.3344068516946202e-07, 0.9999999999999416, -3.1489241431056315e-07, -0.20751862767221876], [0.9999999999999911, 1.3344068854130082e-07, 1.0707886299865521e-08, -0.19999997999028596], [0.0, 0.0, 0.0, 1.0]]"
2.575,-5.019951690885714,-4.557759193053298,4.914291652633379,-99.8235903801407,5.581454285476469,16.509513205120864,8.452442767708112,-5.019354903106984,4.5508372232163135,-4.908409579097528,-99.82358354995154,-5.586502222159932,16.510078403274683,-8.458614697396865,"[[2.220446049250313e-16, -0.0, -1.0, 0.4], [0.0, 1.0, -0.0, 0.20687499999999998], [1.0, 0.0, 2.220446049250313e-16, -0.2], [0.0, 0.0, 0.0, 1.0]]","[[2.115756903009469e-09, 2.2243511462706004e-07, -0.9999999999999752, 0.40000004620692875], [8.890192729552539e-08, 0.9999999999999714, 2.2243511481515402e-07, 0.2068862757306409], [0.9999999999999961, -8.890192776614181e-08, 2.115737141039631e-09, -0.19999998636778515], [0.0, 0.0, 0.0, 1.0]]","[[2.220446049250313e-16, -0.0, -1.0, 0.4], [0.0, 1.0, -0.0, -0.20687499999999998], [1.0, 0.0, 2.220446049250313e-16, -0.2], [0.0, 0.0, 0.0, 1.0]]","[[6.143316017004352e-08, -4.464348875917919e-07, -0.9999999999998986, 0.40000009387747865], [-1.943193930238934e-07, 0.9999999999998817, -4.4643489952943873e-07, -0.20690577487335815], [0.9999999999999795, 1.9431942044978037e-07, 6.1433073350603e-08, -0.19999998721110135], [0.0, 0.0, 0.0, 1.0]]"
2.5833333333333335,-5.0432635534097905,-4.617394855357149,4.839673116611459,-99.82666396526722,5.668661287025546,16.52335629102119,8.37393571961434,-5.042513513261559,4.6100489869048005,-4.834319955849462,-99.82662981432136,-5.673086395834067,16.52383440426309,-8.380665163494093,"[[2.220446049250313e-16, -0.0, -1.0, 0.4], [0.0, 1.0, -0.0, 0.20625], [1.0, 0.0, 2.220446049250313e-16, -0.2], [0.0, 0.0, 0.0, 1.0]]","[[-5.71364047741163e-08, 1.614708969578826e-07, -0.9999999999999855, 0.4000000272229163], [7.166990697586332e-08, 0.9999999999999847, 1.6147089286292163e-07, 0.20625682313979385], [0.9999999999999959, -7.166989774999598e-08, -5.7136416320435757e-08, -0.19999997115125762], [0.0, 0.0, 0.0, 1.0]]","[[2.220446049250313e-16, -0.0, -1.0, 0.4], [0.0, 1.0, -0.0, -0.20625], [1.0, 0.0, 2.220446049250313e-16, -0.2], [0.0, 0.0, 0.0, 1.0]]","[[-1.8125780931743662e-08, -3.2082930945475275e-07, -0.9999999999999485, 0.40000006178305747], [-1.42530322889021e-07, 0.9999999999999385, -3.2082930687127616e-07, -0.20626862804249718], [0.9999999999999898, 1.4253031707373192e-07, -1.8125826672932277e-08, -0.19999997092442348], [0.0, 0.0, 0.0, 1.0]]"
2.591666666666667,-5.066324833368692,-4.67619211194038,4.7661269202892305,-99.82939604093522,5.754657637544238,16.53675541462546,8.296537723487047,-5.065745974836534,4.6692688614429265,-4.760245273640203,-99.82938921074604,-5.759703012906761,16.537337688252205,-8.302707091854861,"[[2.220446049250313e-16, -0.0, -1.0, 0.4], [0.0, 1.0, -0.0, 0.20562499999999997], [1.0, 0.0, 2.220446049250313e-16, -0.2], [0.0, 0.0, 0.0, 1.0]]","[[-5.7986751511585055e-09, 1.4759231374828808e-07, -0.9999999999999891, 0.4000000314081806], [6.435055025972381e-08, 0.9999999999999871, 1.4759231337513984e-07, 0.20563182679814673], [0.999999999999998, -6.435054940388323e-08, -5.798684699076517e-09, -0.19999998984585288], [0.0, 0.0, 0.0, 1.0]]","[[2.220446049250313e-16, -0.0, -1.0, 0.4], [0.0, 1.0, -0.0, -0.20562499999999997], [1.0, 0.0, 2.220446049250313e-16, -0.2], [0.0, 0.0, 0.0, 1.0]]","[[8.973846776783034e-09, -3.1971926243463895e-07, -0.9999999999999489, 0.4000000644536166], [-1.3338922400820332e-07, 0.99999999999994, -3.1971926363165055e-07, -0.20564362649090767], [0.9999999999999911, 1.3338922687730818e-07, 8.973804144218889e-09, -0.19999998112115439], [0.0, 0.0, 0.0, 1.0]]"
2.6,-5.089351962381744,-4.734721283598689,4.692940162672075,-99.83183441846892,5.8402808889795175,16.549843764622498,8.219496604743888,-5.089052714718733,4.728495993057045,-4.686186813130225,-99.83185490903642,-5.846351646491189,16.550589962789324,-8.224742190026458,"[[2.220446049250313e-16, -0.0, -1.0, 0.4], [0.0, 1.0, -0.0, 0.205], [1.0, 0.0, 2.220446049250313e-16, -0.2], [0.0, 0.0, 0.0, 1.0]]","[[-2.0451370874585706e-08, 1.0848162919758572e-07, -0.9999999999999938, 0.40000001805656465], [4.698418883943719e-08, 0.9999999999999931, 1.0848162823669455e-07, 0.20500413069087908], [0.9999999999999987, -4.698418662083889e-08, -2.045137598161162e-08, -0.19999998466816563], [0.0, 0.0, 0.0, 1.0]]","[[2.220446049250313e-16, -0.0, -1.0, 0.4], [0.0, 1.0, -0.0, -0.205], [1.0, 0.0, 2.220446049250313e-16, -0.2], [0.0, 0.0, 0.0, 1.0]]","[[4.30098207049312e-09, -3.218122132160738e-07, -0.9999999999999485, 0.400000062502308], [-1.361350156563234e-07, 0.9999999999999392, -3.218122138015851e-07, -0.20501862491438114], [0.9999999999999909, 1.3613501704042494e-07, 4.30093832770595e-09, -0.19999997592124824], [0.0, 0.0, 0.0, 1.0]]"
2.6083333333333334,-5.112723162174236,-4.793956952949271,4.618897496974552,-99.83401324881414,5.926961112188857,16.56283819951845,8.141526580273608,-5.112597657448236,4.788153853475698,-4.611616515319318,-99.83405422994916,-5.933653416915,16.563681727880944,-8.146212090044237,"[[2.220446049250313e-16, -0.0, -1.0, 0.4], [0.0, 1.0, -0.0, 0.204375], [1.0, 0.0, 2.220446049250313e-16, -0.2], [0.0, 0.0, 0.0, 1.0]]","[[1.9030182263346518e-08, 2.168256650901923e-07, -0.9999999999999765, 0.400000045872656], [9.164058094775034e-08, 0.9999999999999725, 2.1682566683412837e-07, 0.20438627630262057], [0.9999999999999958, -9.164058507398016e-08, 1.9030162390354377e-08, -0.19999999344832525], [0.0, 0.0, 0.0, 1.0]]","[[2.220446049250313e-16, -0.0, -1.0, 0.4], [0.0, 1.0, -0.0, -0.204375], [1.0, 0.0, 2.220446049250313e-16, -0.2], [0.0, 0.0, 0.0, 1.0]]","[[2.0482100349106247e-08, -4.527214104864988e-07, -0.9999999999998975, 0.40000008690073224], [-1.9651913076605272e-07, 0.9999999999998784, -4.527214145116147e-07, -0.20440576908295965], [0.9999999999999808, 1.9651914003871795e-07, 2.0482011420241975e-08, -0.19999996891976674], [0.0, 0.0, 0.0, 1.0]]"
2.6166666666666667,-5.136440567180282,-4.853898266218479,4.543999776970307,-99.83593253197093,6.0146987340590785,16.575728474029553,8.062629357623498,-5.135888175631156,4.84697288128691,-4.538119837868573,-99.83592570178175,-6.019740694327018,16.576338068412976,-8.068796164670374,"[[2.220446049250313e-16, -0.0, -1.0, 0.4], [0.0, 1.0, -0.0, 0.20375], [1.0, 0.0, 2.220446049250313e-16, -0.2], [0.0, 0.0, 0.0, 1.0]]","[[4.1604195089028906e-09, 1.4820590080017533e-07, -0.9999999999999892, 0.400000028322847], [6.318236621853664e-08, 0.9999999999999871, 1.4820590106304017e-07, 0.2037568275622378], [0.9999999999999981, -6.318236683513467e-08, 4.160410072007181e-09, -0.19999998624662074], [0.0, 0.0, 0.0, 1.0]]","[[2.220446049250313e-16, -0.0, -1.0, 0.4], [0.0, 1.0, -0.0, -0.20375], [1.0, 0.0, 2.220446049250313e-16, -0.2], [0.0, 0.0, 0.0, 1.0]]","[[6.617099240768809e-08, -3.088611779221937e-07, -0.9999999999999502, 0.40000006570544017], [-1.382272085043776e-07, 0.9999999999999427, -3.0886118706882295e-07, -0.2037686314198669], [0.9999999999999883, 1.3822722894202197e-07, 6.617094977512394e-08, -0.19999999632379736], [0.0, 0.0, 0.0, 1.0]]"
2.625,-5.15968711602042,-4.912450489765237,4.470863818885103,-99.8375103056692,6.100411631727215,16.588070625859768,7.985574578501999,-5.159417323548205,4.906223064789478,-4.464112603777369,-99.83752396604753,-6.106479827917948,16.58883560704681,-7.990818456237276,"[[2.220446049250313e-16, -0.0, -1.0, 0.4], [0.0, 1.0, -0.0, 0.203125], [1.0, 0.0, 2.220446049250313e-16, -0.2], [0.0, 0.0, 0.0, 1.0]]","[[-2.020469302976835e-08, 2.2494422236343636e-07, -0.9999999999999746, 0.40000004082867135], [8.528115871636443e-08, 0.9999999999999711, 2.2494422064035596e-07, 0.2031362752105874], [0.9999999999999963, -8.528115417143332e-08, -2.0204712125604374e-08, -0.19999997649738283], [0.0, 0.0, 0.0, 1.0]]","[[2.220446049250313e-16, -0.0, -1.0, 0.4], [0.0, 1.0, -0.0, -0.203125], [1.0, 0.0, 2.220446049250313e-16, -0.2], [0.0, 0.0, 0.0, 1.0]]","[[6.927062945472073e-08, -4.4537882841079273e-07, -0.9999999999998984, 0.4000000876162652], [-1.8678768321431292e-07, 0.9999999999998833, -4.4537884134968645e-07, -0.20315576784214312], [0.9999999999999801, 1.8678771406596667e-07, 6.927054629901619e-08, -0.19999998334552668], [0.0, 0.0, 0.0, 1.0]]"
2.6333333333333333,-5.183279870074113,-4.9717083572306215,4.396874940927294,-99.83882170198983,6.187179793622118,16.60031032485243,7.907596870068902,-5.18274540777156,4.964781691638582,-4.390995855599206,-99.83881487180066,-6.192219192569118,16.600938702256073,-7.913761969568485,"[[2.220446049250313e-16, -0.0, -1.0, 0.4], [0.0, 1.0, -0.0, 0.20249999999999999], [1.0, 0.0, 2.220446049250313e-16, -0.2], [0.0, 0.0, 0.0, 1.0]]","[[-7.687426806235464e-10, 1.531887524013089e-07, -0.9999999999999882, 0.40000002952399316], [6.286809318775321e-08, 0.9999999999999862, 1.531887523529792e-07, 0.20250682508182374], [0.999999999999998, -6.286809306998972e-08, -7.687524505861631e-10, -0.1999999890896937], [0.0, 0.0, 0.0, 1.0]]","[[2.220446049250313e-16, -0.0, -1.0, 0.4], [0.0, 1.0, -0.0, -0.20249999999999999], [1.0, 0.0, 2.220446049250313e-16, -0.2], [0.0, 0.0, 0.0, 1.0]]","[[6.035373062429628e-08, -4.504728721088407e-07, -0.9999999999998966, 0.40000008664816405], [-1.8342145405525375e-07, 0.9999999999998817, -4.50472883179003e-07, -0.2025307749709941], [0.9999999999999812, 1.8342148124295386e-07, 6.035364802370324e-08, -0.19999998321681078], [0.0, 0.0, 0.0, 1.0]]"
2.6416666666666666,-5.206946475548207,-5.030974335545645,4.322904419102879,-99.83984623036534,6.273976130047347,16.612297306845804,7.829617454088513,-5.206862805730875,5.025169101637958,-4.3156268525422306,-99.83985989074368,-6.280665873452552,16.613157910681224,-7.834299548764557,"[[2.220446049250313e-16, -0.0, -1.0, 0.4], [0.0, 1.0, -0.0, 0.201875], [1.0, 0.0, 2.220446049250313e-16, -0.2], [0.0, 0.0, 0.0, 1.0]]","[[-9.287494551202258e-09, 1.5158240259307102e-07, -0.9999999999999887, 0.4000000286581155], [6.93057844011195e-08, 0.9999999999999862, 1.5158240194939356e-07, 0.20188182495582047], [0.9999999999999978, -6.930578299329799e-08, -9.28750498729869e-09, -0.19999998616991024], [0.0, 0.0, 0.0, 1.0]]","[[2.220446049250313e-16, -0.0, -1.0, 0.4], [0.0, 1.0, -0.0, -0.201875], [1.0, 0.0, 2.220446049250313e-16, -0.2], [0.0, 0.0, 0.0, 1.0]]","[[-8.42778441478842e-09, -2.183394565097357e-07, -0.9999999999999762, 0.4000000409884384], [-1.053908962571624e-07, 0.9999999999999707, -2.1833945562152275e-07, -0.20188627759576772], [0.9999999999999944, 1.0539089441704202e-07, -8.427807507427332e-09, -0.19999997981684337], [0.0, 0.0, 0.0, 1.0]]"
2.65,-5.230963555104088,-5.090946384666119,4.248083538726798,-99.84059072098486,6.3618277306993445,16.624168175623286,7.750716816343818,-5.230447448934929,5.084019292187257,-4.242204880285532,-99.8405838907957,-6.366864995212229,16.62481362849985,-7.756881062069755,"[[2.220446049250313e-16, -0.0, -1.0, 0.4], [0.0, 1.0, -0.0, 0.20125], [1.0, 0.0, 2.220446049250313e-16, -0.2], [0.0, 0.0, 0.0, 1.0]]","[[-2.836172185993746e-08, 2.275228419027629e-07, -0.9999999999999739, 0.40000003677728113], [9.625065225517368e-08, 0.9999999999999698, 2.2752283917292767e-07, 0.20126127202001648], [0.9999999999999952, -9.625064580223164e-08, -2.836174384235335e-08, -0.1999999673950012], [0.0, 0.0, 0.0, 1.0]]","[[2.220446049250313e-16, -0.0, -1.0, 0.4], [0.0, 1.0, -0.0, -0.20125], [1.0, 0.0, 2.220446049250313e-16, -0.2], [0.0, 0.0, 0.0, 1.0]]","[[4.5529834791224744e-08, -4.477770954927042e-07, -0.999999999999899, 0.40000008350166455], [-1.8386748400657085e-07, 0.9999999999998831, -4.477771038641533e-07, -0.201280769697589], [0.9999999999999822, 1.8386750439376978e-07, 4.552975252369862e-08, -0.1999999734740008], [0.0, 0.0, 0.0, 1.0]]"
2.658333333333333,-5.254502094531245,-5.149528490290495,4.175024847156579,-99.84102102290258,6.447647776960085,16.635514827381968,7.673665452316905,-5.2539945260985474,5.142600544037987,-4.1691470424889605,-99.8410141927134,-6.452684187699323,16.63617052554229,-7.679827990495548,"[[2.220446049250313e-16, -0.0, -1.0, 0.4], [0.0, 1.0, -0.0, 0.200625], [1.0, 0.0, 2.220446049250313e-16, -0.2], [0.0, 0.0, 0.0, 1.0]]","[[1.5712728007599708e-08, 2.2065785908698582e-07, -0.9999999999999756, 0.400000040848926], [9.188863244492228e-08, 0.9999999999999715, 2.2065786053080602e-07, 0.20063627643707374], [0.9999999999999958, -9.188863591205698e-08, 1.5712707690518357e-08, -0.19999998362383534], [0.0, 0.0, 0.0, 1.0]]","[[2.220446049250313e-16, -0.0, -1.0, 0.4], [0.0, 1.0, -0.0, -0.200625], [1.0, 0.0, 2.220446049250313e-16, -0.2], [0.0, 0.0, 0.0, 1.0]]","[[5.3022924717538444e-08, -6.271015359521254e-07, -0.9999999999998019, 0.4000001078539127], [-2.5938700344574694e-07, 0.9999999999997697, -6.271015497055628e-07, -0.20067582133549136], [0.9999999999999649, 2.5938703669645377e-07, 5.3022761958843034e-08, -0.19999995045715038], [0.0, 0.0, 0.0, 1.0]]"
2.6666666666666665,-5.278390254266541,-5.208817093607145,4.101116650808341,-99.84117811725349,6.534521806787123,16.64674536592476,7.595695427846624,-5.2783377471872965,5.203011432812634,-4.093841218681807,-99.84117811725349,-6.541209842645035,16.64761792259123,-7.600374961201728,"[[2.220446049250313e-16, -0.0, -1.0, 0.4], [0.0, 1.0, -0.0, 0.2], [1.0, 0.0, 2.220446049250313e-16, -0.2], [0.0, 0.0, 0.0, 1.0]]","[[5.6699625106126916e-08, 9.196657411329956e-08, -0.9999999999999942, 0.40000002319762495], [3.977918571204987e-08, 0.999999999999995, 9.196657636876457e-08, 0.20000413670713726], [0.9999999999999976, -3.977919092652004e-08, 5.6699621442390935e-08, -0.20000001308402943], [0.0, 0.0, 0.0, 1.0]]","[[2.220446049250313e-16, -0.0, -1.0, 0.4], [0.0, 1.0, -0.0, -0.2], [1.0, 0.0, 2.220446049250313e-16, -0.2], [0.0, 0.0, 0.0, 1.0]]","[[-7.827534675985959e-09, -3.1715411759235593e-07, -0.9999999999999498, 0.40000005480437345], [-1.380018341929348e-07, 0.9999999999999405, -3.171541165121388e-07, -0.20001862940913812], [0.9999999999999907, 1.3800183171039305e-07, -7.827578418773129e-09, -0.1999999683623033], [0.0, 0.0, 0.0, 1.0]]"
2.675,-5.302352692309062,-5.2681138077734335,4.027229798801258,-99.84104151347009,6.62142016916308,16.65772489501556,7.517729672244575,-5.302141810218437,5.261884248363558,-4.020482852561755,-99.84103468328092,-6.6274836695987585,16.65852573469574,-7.522968427337974,"[[2.220446049250313e-16, -0.0, -1.0, 0.4], [0.0, 1.0, -0.0, 0.199375], [1.0, 0.0, 2.220446049250313e-16, -0.2], [0.0, 0.0, 0.0, 1.0]]","[[-6.173950928278771e-08, 1.1334591101249975e-07, -0.9999999999999918, 0.4000000144509357], [5.0144309793776126e-08, 0.9999999999999925, 1.1334590791661477e-07, 0.19937912934643073], [0.9999999999999969, -5.014430279585497e-08, -6.173951505594744e-08, -0.19999997126123903], [0.0, 0.0, 0.0, 1.0]]","[[2.220446049250313e-16, -0.0, -1.0, 0.4], [0.0, 1.0, -0.0, -0.199375], [1.0, 0.0, 2.220446049250313e-16, -0.2], [0.0, 0.0, 0.0, 1.0]]","[[-5.801664149096553e-10, -3.187395395706089e-07, -0.9999999999999494, 0.4000000553871318], [-1.4207664309021836e-07, 0.9999999999999394, -3.1873953948817757e-07, -0.1993936256712435], [0.99999999999999, 1.4207664290528918e-07, -5.8021171200906e-10, -0.19999997112885348], [0.0, 0.0, 0.0, 1.0]]"
2.683333333333333,-5.326668165754307,-5.328117019631995,3.952496003337094,-99.84061121155237,6.709371661331688,16.668576358059415,7.43884952506739,-5.326356965260248,5.321611264447559,-3.9460927009902074,-99.8406043813632,-6.715028765511751,16.669332801509995,-7.444451133960446,"[[2.220446049250313e-16, -0.0, -1.0, 0.4], [0.0, 1.0, -0.0, 0.19875], [1.0, 0.0, 2.220446049250313e-16, -0.2], [0.0, 0.0, 0.0, 1.0]]","[[6.136673436074602e-08, 1.3625263073740177e-07, -0.9999999999999888, 0.4000000303823968], [4.736416486883985e-08, 0.9999999999999896, 1.36252633643986e-07, 0.1987568309505088], [0.999999999999997, -4.73641732302185e-08, 6.136672792145248e-08, -0.20000000614661714], [0.0, 0.0, 0.0, 1.0]]","[[2.220446049250313e-16, -0.0, -1.0, 0.4], [0.0, 1.0, -0.0, -0.19875], [1.0, 0.0, 2.220446049250313e-16, -0.2], [0.0, 0.0, 0.0, 1.0]]","[[-5.254405688326358e-09, -2.26650176003782e-07, -0.9999999999999744, 0.40000003869116735], [-9.834150751080074e-08, 0.9999999999999695, -2.2665017548705473e-07, -0.19876127413071173], [0.9999999999999952, 9.834150631988624e-08, -5.25442789278685e-09, -0.1999999798732089], [0.0, 0.0, 0.0, 1.0]]"
2.6916666666666664,-5.350778733524452,-5.387428674837094,3.878656108880556,-99.83988721150035,6.796315700597719,16.679048745604337,7.360900844938265,-5.350307450471721,5.380499021037293,-3.8727800117602293,-99.83988721150035,-6.801347842468726,16.6797403022578,-7.367059968022325,"[[2.220446049250313e-16, -0.0, -1.0, 0.4], [0.0, 1.0, -0.0, 0.19812499999999997], [1.0, 0.0, 2.220446049250313e-16, -0.2], [0.0, 0.0, 0.0, 1.0]]","[[7.171761057245263e-08, 2.072892103404438e-07, -0.9999999999999759, 0.40000004234005276], [8.088560580189593e-08, 0.9999999999999754, 2.07289216141366e-07, 0.19813628199338262], [0.9999999999999941, -8.088562066818126e-08, 7.171759380808496e-08, -0.2000000035602482], [0.0, 0.0, 0.0, 1.0]]","[[2.220446049250313e-16, -0.0, -1.0, 0.4], [0.0, 1.0, -0.0, -0.19812499999999997], [1.0, 0.0, 2.220446049250313e-16, -0.2], [0.0, 0.0, 0.0, 1.0]]","[[1.6498291788291652e-08, -4.559295709572389e-07, -0.9999999999998961, 0.4000000749383341], [-1.9298409029840577e-07, 0.9999999999998774, -4.559295741411383e-07, -0.1981557677422738], [0.9999999999999813, 1.929840978204449e-07, 1.6498203858628102e-08, -0.19999995773482102], [0.0, 0.0, 0.0, 1.0]]"
2.7,-5.374963152714997,-5.446748014005008,3.804839266312466,-99.83888317369237,6.883282364865376,16.689268416149968,7.282962410092896,-5.374500407398729,5.439817933318384,-3.798964022965786,-99.83887634350319,-6.88831279918909,16.689970218087186,-7.289120679403309,"[[2.220446049250313e-16, -0.0, -1.0, 0.4], [0.0, 1.0, -0.0, 0.19749999999999998], [1.0, 0.0, 2.220446049250313e-16, -0.2], [0.0, 0.0, 0.0, 1.0]]","[[-1.9755197533388724e-08, 1.485411226435476e-07, -0.9999999999999888, 0.4000000247627416], [7.128976149427901e-08, 0.9999999999999865, 1.4854112123520392e-07, 0.1975068258565406], [0.9999999999999972, -7.128975855981904e-08, -1.9755207969485156e-08, -0.19999997857792132], [0.0, 0.0, 0.0, 1.0]]","[[2.220446049250313e-16, -0.0, -1.0, 0.4], [0.0, 1.0, -0.0, -0.19749999999999998], [1.0, 0.0, 2.220446049250313e-16, -0.2], [0.0, 0.0, 0.0, 1.0]]","[[3.4691738926007076e-09, -3.178691588457152e-07, -0.9999999999999494, 0.4000000500052175], [-1.3898178490007887e-07, 0.9999999999999398, -3.178691593278641e-07, -0.19751862554192404], [0.9999999999999902, 1.3898178600281526e-07, 3.4691297057243276e-09, -0.19999996442717533], [0.0, 0.0, 0.0, 1.0]]"
2.7083333333333335,-5.398938824249035,-5.505375796519459,3.731916751638825,-99.83759909812841,6.969239014909517,16.699122671575005,7.205956296069234,-5.398767642632961,5.499144956449115,-3.7251727936070838,-99.83757860756089,-6.975298673363787,16.699947416917283,-7.211191636068048,"[[2.220446049250313e-16, -0.0, -1.0, 0.4], [0.0, 1.0, -0.0, 0.196875], [1.0, 0.0, 2.220446049250313e-16, -0.2], [0.0, 0.0, 0.0, 1.0]]","[[-8.146573693412762e-09, 3.220660506094792e-07, -0.9999999999999483, 0.4000000513743384], [1.32973609087688e-07, 0.9999999999999396, 3.220660495261971e-07, 0.19689362314052822], [0.9999999999999913, -1.3297360646394627e-07, -8.146616548021512e-09, -0.19999996567739609], [0.0, 0.0, 0.0, 1.0]]","[[2.220446049250313e-16, -0.0, -1.0, 0.4], [0.0, 1.0, -0.0, -0.196875], [1.0, 0.0, 2.220446049250313e-16, -0.2], [0.0, 0.0, 0.0, 1.0]]","[[4.444788953561485e-08, -3.125522759380879e-07, -0.9999999999999504, 0.40000005428272545], [-1.2481108340006023e-07, 0.9999999999999436, -3.12552281485675e-07, -0.19689362639386435], [0.9999999999999915, 1.2481109729234328e-07, 4.444785045576438e-08, -0.19999997981705123], [0.0, 0.0, 0.0, 1.0]]"
2.716666666666667,-5.423553118470468,-5.565410171116109,3.6572815670308034,-99.83599400367345,7.057276311329573,16.70895472888524,7.127119691348008,-5.422824849550215,5.557779569152736,-3.65227589214283,-99.83600766405179,-7.061274106428146,16.709560908174076,-7.13419832864908,"[[2.220446049250313e-16, -0.0, -1.0, 0.4], [0.0, 1.0, -0.0, 0.19624999999999998], [1.0, 0.0, 2.220446049250313e-16, -0.2], [0.0, 0.0, 0.0, 1.0]]","[[-3.487126171153321e-08, 1.5227828206166035e-07, -0.9999999999999879, 0.40000002171052673], [6.639571534857205e-08, 0.9999999999999865, 1.5227827974635772e-07, 0.19625682439314843], [0.9999999999999972, -6.639571003843548e-08, -3.4871271925585035e-08, -0.19999996864395495], [0.0, 0.0, 0.0, 1.0]]","[[2.220446049250313e-16, -0.0, -1.0, 0.4], [0.0, 1.0, -0.0, -0.19624999999999998], [1.0, 0.0, 2.220446049250313e-16, -0.2], [0.0, 0.0, 0.0, 1.0]]","[[-7.009604618968268e-09, -4.583799950840824e-07, -0.9999999999998951, 0.4000000689561492], [-1.9259486808682703e-07, 0.9999999999998765, -4.5837999373406e-07, -0.19628076457635832], [0.9999999999999817, 1.9259486487374428e-07, -7.009692770676423e-09, -0.19999994722512177], [0.0, 0.0, 0.0, 1.0]]"
2.725,-5.44795823814857,-5.624752135285649,3.583541137204053,-99.8341157016517,7.144302312865644,16.718419663527584,7.04921967631672,-5.4475223867021585,5.617821200825379,-3.577667174517842,-99.8341157016517,-7.1493297589815965,16.71914707867419,-7.055375384306194,"[[2.220446049250313e-16, -0.0, -1.0, 0.4], [0.0, 1.0, -0.0, 0.195625], [1.0, 0.0, 2.220446049250313e-16, -0.2], [0.0, 0.0, 0.0, 1.0]]","[[2.943173649239128e-08, 2.175011960309075e-07, -0.9999999999999759, 0.4000000380393246], [8.720134636878414e-08, 0.9999999999999726, 2.175011985973938e-07, 0.19563627762373453], [0.9999999999999957, -8.720135277021998e-08, 2.943171750757756e-08, -0.19999998953198156], [0.0, 0.0, 0.0, 1.0]]","[[2.220446049250313e-16, -0.0, -1.0, 0.4], [0.0, 1.0, -0.0, -0.195625], [1.0, 0.0, 2.220446049250313e-16, -0.2], [0.0, 0.0, 0.0, 1.0]]","[[2.4867269354800214e-10, -3.228750146237692e-07, -0.999999999999948, 0.4000000487812537], [-1.3297250487150927e-07, 0.9999999999999392, -3.22875014656833e-07, -0.19564362508825453], [0.9999999999999913, 1.3297250495179248e-07, 2.4862972791694915e-10, -0.19999996124056404], [0.0, 0.0, 0.0, 1.0]]"
2.7333333333333334,-5.472437209247072,-5.684102210304829,3.5098276012471596,-99.8319505316848,7.2313466705351095,16.727633588717932,6.9713350292110645,-5.472010322423947,5.677171275844558,-3.503954065447772,-99.83194370149563,-7.236373689764239,16.728369541601,-6.977489883426892,"[[2.220446049250313e-16, -0.0, -1.0, 0.4], [0.0, 1.0, -0.0, 0.19499999999999998], [1.0, 0.0, 2.220446049250313e-16, -0.2], [0.0, 0.0, 0.0, 1.0]]","[[-6.6463558545670764e-09, 2.2391774832016288e-07, -0.9999999999999751, 0.4000000340902347], [9.025839271382536e-08, 0.9999999999999711, 2.239177477202726e-07, 0.19501127550562358], [0.9999999999999962, -9.025839122558607e-08, -6.646376060626125e-09, -0.19999997416639767], [0.0, 0.0, 0.0, 1.0]]","[[2.220446049250313e-16, -0.0, -1.0, 0.4], [0.0, 1.0, -0.0, -0.19499999999999998], [1.0, 0.0, 2.220446049250313e-16, -0.2], [0.0, 0.0, 0.0, 1.0]]","[[4.755251387100756e-08, -4.435016474781575e-07, -0.9999999999999006, 0.40000007052606323], [-1.898479857698025e-07, 0.9999999999998839, -4.4350165650589894e-07, -0.1950307669526066], [0.999999999999981, 1.898480068594023e-07, 4.7552429716102296e-08, -0.19999996542668325], [0.0, 0.0, 0.0, 1.0]]"
2.7416666666666667,-5.496989604879153,-5.743459969286825,3.4361415994903584,-99.8294916635836,7.318408530564324,16.73659650445628,6.893467884465157,-5.4965716826793125,5.736528607939731,-3.4302684905777934,-99.82948483339443,-7.3234338422461605,16.73734099507581,-6.899621884907338,"[[2.220446049250313e-16, -0.0, -1.0, 0.4], [0.0, 1.0, -0.0, 0.194375], [1.0, 0.0, 2.220446049250313e-16, -0.2], [0.0, 0.0, 0.0, 1.0]]","[[-3.636546058727319e-08, 1.584624197118602e-07, -0.9999999999999869, 0.4000000195878997], [6.822658079471081e-08, 0.9999999999999851, 1.584624172307689e-07, 0.1943818249632431], [0.9999999999999971, -6.822657503215113e-08, -3.636547146745883e-08, -0.1999999690949184], [0.0, 0.0, 0.0, 1.0]]","[[2.220446049250313e-16, -0.0, -1.0, 0.4], [0.0, 1.0, -0.0, -0.194375], [1.0, 0.0, 2.220446049250313e-16, -0.2], [0.0, 0.0, 0.0, 1.0]]","[[-1.9571762321923813e-08, -3.2961997662610857e-07, -0.9999999999999456, 0.4000000464635476], [-1.3222331400329136e-07, 0.999999999999937, -3.2961997403826246e-07, -0.19439362407937447], [0.9999999999999911, 1.3222330755204042e-07, -1.957180584266638e-08, -0.19999995553791447], [0.0, 0.0, 0.0, 1.0]]"
2.75,-5.521328983986493,-5.8021253178417105,3.3633507794016513,-99.8267800784831,7.404455253728145,16.745207665452373,6.8165403176169495,-5.521206894355079,5.795894050884543,-3.3566108767947296,-99.82673909734808,-7.410511923974653,16.746061439098625,-6.821772242521179,"[[2.220446049250313e-16, -0.0, -1.0, 0.4], [0.0, 1.0, -0.0, 0.19374999999999998], [1.0, 0.0, 2.220446049250313e-16, -0.2], [0.0, 0.0, 0.0, 1.0]]","[[-5.3544758071844e-09, 3.2927316602024317e-07, -0.9999999999999457, 0.4000000453627552], [1.3548674375635563e-07, 0.9999999999999367, 3.2927316529477967e-07, 0.19376862247789164], [0.9999999999999908, -1.3548674199326311e-07, -5.35452043814999e-09, -0.19999995583241528], [0.0, 0.0, 0.0, 1.0]]","[[2.220446049250313e-16, -0.0, -1.0, 0.4], [0.0, 1.0, -0.0, -0.19374999999999998], [1.0, 0.0, 2.220446049250313e-16, -0.2], [0.0, 0.0, 0.0, 1.0]]","[[1.805289651102271e-08, -3.1014696724329906e-07, -0.9999999999999519, 0.400000047779967], [-1.3138482298040636e-07, 0.9999999999999434, -3.1014696961517305e-07, -0.19376862602877437], [0.9999999999999915, 1.3138482857945118e-07, 1.8052855765837705e-08, -0.1999999710474598], [0.0, 0.0, 0.0, 1.0]]"
2.7583333333333333,-5.546315523517692,-5.862198539139265,3.2888541195677337,-99.8237064933566,7.492580915720588,16.7537658924824,6.737790797807642,-5.545915530564423,5.855266750905349,-3.282982077872227,-99.8237064933566,-7.497604519855132,16.754529166122147,-6.743943090702531,"[[2.220446049250313e-16, -0.0, -1.0, 0.4], [0.0, 1.0, -0.0, 0.193125], [1.0, 0.0, 2.220446049250313e-16, -0.2], [0.0, 0.0, 0.0, 1.0]]","[[3.1905326769443576e-08, 1.389590235997934e-07, -0.99999999999999, 0.4000000251271216], [5.995385463779112e-08, 0.9999999999999887, 1.3895902551264054e-07, 0.193131828274232], [0.9999999999999978, -5.995385907132364e-08, 3.190531844277089e-08, -0.19999999296237], [0.0, 0.0, 0.0, 1.0]]","[[2.220446049250313e-16, -0.0, -1.0, 0.4], [0.0, 1.0, -0.0, -0.193125], [1.0, 0.0, 2.220446049250313e-16, -0.2], [0.0, 0.0, 0.0, 1.0]]","[[1.4577941465088173e-08, -4.606958883308716e-07, -0.9999999999998938, 0.4000000631045451], [-1.8745301955356382e-07, 0.9999999999998763, -4.606958910635427e-07, -0.19315576962907474], [0.9999999999999823, 1.8745302626954157e-07, 1.4577855089736858e-08, -0.1999999443860775], [0.0, 0.0, 0.0, 1.0]]"
2.7666666666666666,-5.570800044144896,-5.920879255619783,3.216120929200149,-99.82042117236583,7.5786583747356735,16.761880157216375,6.660904212094454,-5.570697591307345,5.91464713488897,-3.2093825206971083,-99.8203801912308,-7.584712483661243,16.762745883693675,-6.666134856338215,"[[2.220446049250313e-16, -0.0, -1.0, 0.4], [0.0, 1.0, -0.0, 0.1925], [1.0, 0.0, 2.220446049250313e-16, -0.2], [0.0, 0.0, 0.0, 1.0]]","[[-1.6972128147330068e-08, 1.499510397387883e-07, -0.9999999999999888, 0.4000000204945446], [6.126314069317845e-08, 0.9999999999999871, 1.4995103869902217e-07, 0.19250682589931492], [0.9999999999999981, -6.126313814818953e-08, -1.697213725115887e-08, -0.19999997905329625], [0.0, 0.0, 0.0, 1.0]]","[[2.220446049250313e-16, -0.0, -1.0, 0.4], [0.0, 1.0, -0.0, -0.1925], [1.0, 0.0, 2.220446049250313e-16, -0.2], [0.0, 0.0, 0.0, 1.0]]","[[3.6758529498026604e-08, -4.4370455265065675e-07, -0.9999999999999009, 0.40000006505148616], [-1.8760145224575405e-07, 0.9999999999998839, -4.4370455954660275e-07, -0.19253076830106056], [0.9999999999999817, 1.8760146855566258e-07, 3.675844634232206e-08, -0.19999995715963936], [0.0, 0.0, 0.0, 1.0]]"
2.775,-5.595646137911286,-5.980267323566221,3.142550827215826,-99.81680800229488,7.6657808526937705,16.76983903514673,6.583119883392233,-5.595553503470668,5.974035629722231,-3.13581305904302,-99.8167601909707,-7.671834961619341,16.77070988426591,-6.588349673862347,"[[2.220446049250313e-16, -0.0, -1.0, 0.4], [0.0, 1.0, -0.0, 0.191875], [1.0, 0.0, 2.220446049250313e-16, -0.2], [0.0, 0.0, 0.0, 1.0]]","[[1.0346886458734161e-08, 2.170225904248902e-07, -0.9999999999999764, 0.40000003024854847], [9.694492455976302e-08, 0.9999999999999718, 2.170225914279673e-07, 0.19188627425049634], [0.9999999999999952, -9.694492680526882e-08, 1.0346865364496693e-08, -0.19999997490145852], [0.0, 0.0, 0.0, 1.0]]","[[2.220446049250313e-16, -0.0, -1.0, 0.4], [0.0, 1.0, -0.0, -0.191875], [1.0, 0.0, 2.220446049250313e-16, -0.2], [0.0, 0.0, 0.0, 1.0]]","[[3.3725124137795603e-08, -2.0925317809400026e-07, -0.9999999999999777, 0.40000003470245843], [-8.612251710376632e-08, 0.9999999999999746, -2.0925318099849217e-07, -0.19188627701413644], [0.9999999999999959, 8.61225241608539e-08, 3.3725106152182605e-08, -0.19999998903885213], [0.0, 0.0, 0.0, 1.0]]"
2.783333333333333,-5.620565656211254,-6.039663502362298,3.069011461082768,-99.8129079642788,7.752916991030209,16.77754690362509,6.505359887238931,-5.620764585470831,6.034112693001194,-3.0614325124249926,-99.81281234163042,-7.7599742839901245,16.778509960298063,-6.509693642267304,"[[2.220446049250313e-16, -0.0, -1.0, 0.4], [0.0, 1.0, -0.0, 0.19125], [1.0, 0.0, 2.220446049250313e-16, -0.2], [0.0, 0.0, 0.0, 1.0]]","[[2.601398763069085e-09, 3.1704758026453845e-07, -0.9999999999999499, 0.40000004383742505], [1.378886052280199e-07, 0.9999999999999404, 3.170475806232387e-07, 0.19126862290613955], [0.9999999999999908, -1.3788860605278013e-07, 2.6013550202819147e-09, -0.199999958964948], [0.0, 0.0, 0.0, 1.0]]","[[2.220446049250313e-16, -0.0, -1.0, 0.4], [0.0, 1.0, -0.0, -0.19125], [1.0, 0.0, 2.220446049250313e-16, -0.2], [0.0, 0.0, 0.0, 1.0]]","[[6.702648280842993e-08, -2.1575704412642577e-07, -0.9999999999999748, 0.4000000358734138], [-8.51748015209648e-08, 0.9999999999999734, -2.1575704983539287e-07, -0.1912612758922697], [0.9999999999999943, 8.517481598239883e-08, 6.702646437872772e-08, -0.19999999739723864], [0.0, 0.0, 0.0, 1.0]]"
2.7916666666666665,-5.645849735858173,-6.099767459511118,2.994638171540734,-99.80866641680423,7.841096440762366,16.785087432468785,6.426706416964826,-5.645485601398046,6.092835244390378,-2.9887678373925195,-99.80865958661506,-7.846116629802325,16.78588827214897,-6.432854867878307,"[[2.220446049250313e-16, -0.0, -1.0, 0.4], [0.0, 1.0, -0.0, 0.190625], [1.0, 0.0, 2.220446049250313e-16, -0.2], [0.0, 0.0, 0.0, 1.0]]","[[-1.4762809474877514e-08, 2.270603533893757e-07, -0.9999999999999742, 0.40000002849286975], [9.500574357707168e-08, 0.9999999999999698, 2.27060351986823e-07, 0.19063627524552176], [0.9999999999999956, -9.50057402250205e-08, -1.4762831013204192e-08, -0.19999996857761976], [0.0, 0.0, 0.0, 1.0]]","[[2.220446049250313e-16, -0.0, -1.0, 0.4], [0.0, 1.0, -0.0, -0.190625], [1.0, 0.0, 2.220446049250313e-16, -0.2], [0.0, 0.0, 0.0, 1.0]]","[[-6.771243343806077e-09, -4.644420453095875e-07, -0.9999999999998922, 0.40000005779708386], [-1.892188471032353e-07, 0.9999999999998743, -4.644420440283323e-07, -0.19065576343407775], [0.9999999999999821, 1.892188439583648e-07, -6.771331273469627e-09, -0.1999999367334722], [0.0, 0.0, 0.0, 1.0]]"
2.8,-5.67109411503054,-6.1596029048481915,2.9206386214123463,-99.80414483157368,7.9288823008436005,16.792339385820046,6.348442694360235,-5.670561787162102,6.152246791112088,-2.9152929311697537,-99.80417898251953,-7.9332758200272115,16.79309924436521,-6.355147378804248,"[[2.220446049250313e-16, -0.0, -1.0, 0.4], [0.0, 1.0, -0.0, 0.19], [1.0, 0.0, 2.220446049250313e-16, -0.2], [0.0, 0.0, 0.0, 1.0]]","[[5.123982160792906e-08, 1.456170733701647e-07, -0.9999999999999881, 0.4000000253143983], [5.9044691685101325e-08, 0.9999999999999878, 1.456170763956041e-07, 0.19000682611174666], [0.999999999999997, -5.904469914649364e-08, 5.123981305921177e-08, -0.20000000211125876], [0.0, 0.0, 0.0, 1.0]]","[[2.220446049250313e-16, -0.0, -1.0, 0.4], [0.0, 1.0, -0.0, -0.19], [1.0, 0.0, 2.220446049250313e-16, -0.2], [0.0, 0.0, 0.0, 1.0]]","[[5.888281612298485e-08, -3.1498886348185544e-07, -0.9999999999999486, 0.40000004723728716], [-1.2927913431385327e-07, 0.999999999999942, -3.1498887109417283e-07, -0.19001862669123679], [0.9999999999999899, 1.2927915286127845e-07, 5.888277548882215e-08, -0.1999999818350608], [0.0, 0.0, 0.0, 1.0]]"
2.808333333333333,-5.695764758312626,-6.217897288753781,2.848585034867178,-99.79945932180306,8.014394561704869,16.799164452348183,6.272240835111341,-5.695711824346558,6.2116660217966135,-2.841850681788957,-99.7994046802897,-8.020445255535853,16.800060914676745,-6.2774684911473395,"[[2.220446049250313e-16, -0.0, -1.0, 0.4], [0.0, 1.0, -0.0, 0.18937500000000002], [1.0, 0.0, 2.220446049250313e-16, -0.2], [0.0, 0.0, 0.0, 1.0]]","[[7.478895364121385e-08, 3.059191352475501e-07, -0.9999999999999506, 0.4000000460506765], [1.2019672743125694e-07, 0.999999999999946, 3.059191442369363e-07, 0.18939362664860618], [0.9999999999999901, -1.2019675031062368e-07, 7.478891689283174e-08, -0.19999998371837532], [0.0, 0.0, 0.0, 1.0]]","[[2.220446049250313e-16, -0.0, -1.0, 0.4], [0.0, 1.0, -0.0, -0.18937500000000002], [1.0, 0.0, 2.220446049250313e-16, -0.2], [0.0, 0.0, 0.0, 1.0]]","[[1.8737728535445086e-08, -3.212790650612942e-07, -0.9999999999999484, 0.4000000407828521], [-1.2880531749691204e-07, 0.9999999999999403, -3.2127906747481065e-07, -0.18939362352827516], [0.9999999999999917, 1.288053235169453e-07, 1.8737687124126268e-08, -0.1999999608630427], [0.0, 0.0, 0.0, 1.0]]"
2.8166666666666664,-5.721272526654861,-6.278024724677873,2.774311209954932,-99.79434351011471,8.102606454835582,16.80594341509942,6.193674449749154,-5.720640734156635,6.270391988280384,-2.76930702917084,-99.79439815162807,-8.10659101644264,16.80669473590812,-6.200738999785063,"[[2.220446049250313e-16, -0.0, -1.0, 0.4], [0.0, 1.0, -0.0, 0.18874999999999997], [1.0, 0.0, 2.220446049250313e-16, -0.2], [0.0, 0.0, 0.0, 1.0]]","[[5.4720650288775374e-08, 1.441623098370509e-07, -0.9999999999999881, 0.4000000222875224], [5.271596939069673e-08, 0.9999999999999882, 1.4416231272170305e-07, 0.18875682732298332], [0.9999999999999972, -5.2715977279351615e-08, 5.472064273925881e-08, -0.19999999845260466], [0.0, 0.0, 0.0, 1.0]]","[[2.220446049250313e-16, -0.0, -1.0, 0.4], [0.0, 1.0, -0.0, -0.18874999999999997], [1.0, 0.0, 2.220446049250313e-16, -0.2], [0.0, 0.0, 0.0, 1.0]]","[[-9.256428290527197e-09, -4.598423773964249e-07, -0.9999999999998943, 0.40000005389898113], [-1.9314348730907223e-07, 0.9999999999998757, -4.598423756085975e-07, -0.18878076011603215], [0.9999999999999813, 1.9314348305255382e-07, -9.256517108369167e-09, -0.19999993053636717], [0.0, 0.0, 0.0, 1.0]]"
2.825,-5.746560448283187,-6.337459323288031,2.700936408692189,-99.78898864180542,8.189795527138088,16.812394528770497,6.1160587413420675,-5.746409757234624,6.330951006782655,-2.694545272619761,-99.7889476606704,-8.195437263392519,16.813273915626134,-6.121647543630431,"[[2.220446049250313e-16, -0.0, -1.0, 0.4], [0.0, 1.0, -0.0, 0.188125], [1.0, 0.0, 2.220446049250313e-16, -0.2], [0.0, 0.0, 0.0, 1.0]]","[[-5.006917713767933e-09, 2.1784598924998236e-07, -0.9999999999999762, 0.4000000263396729], [9.920066950897345e-08, 0.9999999999999714, 2.178459887532917e-07, 0.188136272047657], [0.9999999999999951, -9.920066841823417e-08, -5.006939252094611e-09, -0.19999996515038193], [0.0, 0.0, 0.0, 1.0]]","[[2.220446049250313e-16, -0.0, -1.0, 0.4], [0.0, 1.0, -0.0, -0.188125], [1.0, 0.0, 2.220446049250313e-16, -0.2], [0.0, 0.0, 0.0, 1.0]]","[[3.729568570642883e-08, -2.098001547440372e-07, -0.9999999999999774, 0.4000000315321442], [-8.718277993100247e-08, 0.9999999999999742, -2.098001579955781e-07, -0.18813627833279675], [0.9999999999999956, 8.718278775564123e-08, 3.729566738774892e-08, -0.1999999841977105], [0.0, 0.0, 0.0, 1.0]]"
2.8333333333333335,-5.771921367558268,-6.396901178974183,2.627596825592354,-99.78334690555099,8.276991429629764,16.81859292544228,6.0384759032203625,-5.771601629327747,6.389968963853443,-2.621728839321667,-99.78334007536182,-8.282007349801491,16.81943816135207,-6.044619658378789,"[[2.220446049250313e-16, -0.0, -1.0, 0.4], [0.0, 1.0, -0.0, 0.18749999999999997], [1.0, 0.0, 2.220446049250313e-16, -0.2], [0.0, 0.0, 0.0, 1.0]]","[[-5.253349566469723e-08, 2.294159300133837e-07, -0.9999999999999726, 0.4000000222519408], [9.491879760442894e-08, 0.9999999999999695, 2.294159250269667e-07, 0.18751127240677412], [0.9999999999999943, -9.49187855524058e-08, -5.253351742506851e-08, -0.19999995301132048], [0.0, 0.0, 0.0, 1.0]]","[[2.220446049250313e-16, -0.0, -1.0, 0.4], [0.0, 1.0, -0.0, -0.18749999999999997], [1.0, 0.0, 2.220446049250313e-16, -0.2], [0.0, 0.0, 0.0, 1.0]]","[[5.721164275662716e-08, -4.524720486230332e-07, -0.999999999999896, 0.4000000572674593], [-1.8305927363186046e-07, 0.9999999999998809, -4.5247205909614817e-07, -0.18753076456828607], [0.9999999999999817, 1.8305929951851124e-07, 5.721155982296722e-08, -0.1999999546676387], [0.0, 0.0, 0.0, 1.0]]"
2.841666666666667,-5.797356138253749,-6.456350718623151,2.5542926740988383,-99.77741147116225,8.364195016084254,16.824543727756655,5.96092764293133,-5.797045364646514,6.449418930389234,-2.5484251147149743,-99.77740464097307,-8.369210082482336,16.825397501402907,-5.96707054431611,"[[2.220446049250313e-16, -0.0, -1.0, 0.4], [0.0, 1.0, -0.0, 0.18687499999999999], [1.0, 0.0, 2.220446049250313e-16, -0.2], [0.0, 0.0, 0.0, 1.0]]","[[-3.800920700403054e-08, 1.62425275524913e-07, -0.999999999999986, 0.40000001472235824], [6.775072056277826e-08, 0.9999999999999843, 1.6242527294976156e-07, 0.18688182212402], [0.9999999999999969, -6.775071438912149e-08, -3.800921810626079e-08, -0.19999996389329933], [0.0, 0.0, 0.0, 1.0]]","[[2.220446049250313e-16, -0.0, -1.0, 0.4], [0.0, 1.0, -0.0, -0.18687499999999999], [1.0, 0.0, 2.220446049250313e-16, -0.2], [0.0, 0.0, 0.0, 1.0]]","[[4.612395576586437e-09, -3.189360074672571e-07, -0.9999999999999493, 0.4000000354663402], [-1.3406941116910993e-07, 0.9999999999999404, -3.189360080856354e-07, -0.18689362314928934], [0.9999999999999912, 1.3406941264016216e-07, 4.6123528329999886e-09, -0.199999952455053], [0.0, 0.0, 0.0, 1.0]]"
2.85,-5.8225667933670895,-6.515107420958185,2.4818873328114144,-99.77126430090924,8.450372366615952,16.830178633821916,5.884332194031515,-5.822562524498858,6.508876580887841,-2.475157675488248,-99.77118233863919,-8.456418791578706,16.831104124454455,-5.889557288746574,"[[2.220446049250313e-16, -0.0, -1.0, 0.4], [0.0, 1.0, -0.0, 0.18624999999999997], [1.0, 0.0, 2.220446049250313e-16, -0.2], [0.0, 0.0, 0.0, 1.0]]","[[2.4071170778849904e-08, 1.4170776167261107e-07, -0.9999999999999897, 0.4000000200827838], [5.7343198990198327e-08, 0.9999999999999882, 1.4170776305292884e-07, 0.18625682739318708], [0.9999999999999981, -5.734320240126951e-08, 2.4071162674221824e-08, -0.1999999903054256], [0.0, 0.0, 0.0, 1.0]]","[[2.220446049250313e-16, -0.0, -1.0, 0.4], [0.0, 1.0, -0.0, -0.18624999999999997], [1.0, 0.0, 2.220446049250313e-16, -0.2], [0.0, 0.0, 0.0, 1.0]]","[[5.59936803590233e-08, -6.261647592148667e-07, -0.9999999999998026, 0.4000000708781362], [-2.5167304539443456e-07, 0.9999999999997724, -6.26164773306948e-07, -0.1863008142538847], [0.9999999999999669, 2.5167308045565505e-07, 5.599352281837611e-08, -0.19999992313803608], [0.0, 0.0, 0.0, 1.0]]"
2.8583333333333334,-5.84814755935608,-6.574572328532786,2.408656178964653,-99.76475513063022,8.537587052127845,16.83563083232688,5.806856931389237,-5.84815310888478,6.568341488462441,-2.401927375415133,-99.76467316836018,-8.543632623316952,16.836563153148585,-5.812081599217473,"[[2.220446049250313e-16, -0.0, -1.0, 0.4], [0.0, 1.0, -0.0, 0.18562499999999998], [1.0, 0.0, 2.220446049250313e-16, -0.2], [0.0, 0.0, 0.0, 1.0]]","[[5.262340335709936e-08, 1.4703829267045606e-07, -0.9999999999999879, 0.40000002257932155], [5.240691926183982e-08, 0.9999999999999878, 1.4703829542828652e-07, 0.18563182606237652], [0.9999999999999972, -5.240692699949469e-08, 5.262339558553819e-08, -0.19999999928223666], [0.0, 0.0, 0.0, 1.0]]","[[2.220446049250313e-16, -0.0, -1.0, 0.4], [0.0, 1.0, -0.0, -0.18562499999999998], [1.0, 0.0, 2.220446049250313e-16, -0.2], [0.0, 0.0, 0.0, 1.0]]","[[4.8444621814081046e-08, -3.1710128585373663e-07, -0.9999999999999485, 0.4000000398981417], [-1.206039410099174e-07, 0.9999999999999425, -3.17101291696347e-07, -0.18564362745386034], [0.9999999999999916, 1.2060395637176335e-07, 4.8444583622409e-08, -0.199999971434189], [0.0, 0.0, 0.0, 1.0]]"
2.8666666666666667,-5.874101424428482,-6.634745868233775,2.334600279775613,-99.75787713013601,8.62583992639358,16.84089007798779,5.7285044163254355,-5.87381711780428,6.627814506886681,-2.32873421449563,-99.75787029994684,-8.630851577697076,16.841769464843427,-5.734644329502454,"[[2.220446049250313e-16, -0.0, -1.0, 0.4], [0.0, 1.0, -0.0, 0.185], [1.0, 0.0, 2.220446049250313e-16, -0.2], [0.0, 0.0, 0.0, 1.0]]","[[7.783959310447841e-09, 9.561913916574492e-08, -0.9999999999999957, 0.4000000103145374], [4.853445818333347e-08, 0.9999999999999944, 9.561913954353507e-08, 0.18500413146905706], [0.999999999999999, -4.853445892762874e-08, 7.783954647511138e-09, -0.19999998692697663], [0.0, 0.0, 0.0, 1.0]]","[[2.220446049250313e-16, -0.0, -1.0, 0.4], [0.0, 1.0, -0.0, -0.185], [1.0, 0.0, 2.220446049250313e-16, -0.2], [0.0, 0.0, 0.0, 1.0]]","[[2.4676641341425665e-08, -3.230415600329553e-07, -0.9999999999999476, 0.4000000357134594], [-1.279528988252832e-07, 0.9999999999999396, -3.230415631904006e-07, -0.18501862360348578], [0.9999999999999916, 1.2795290679685724e-07, 2.467660004112915e-08, -0.199999958519171], [0.0, 0.0, 0.0, 1.0]]"
2.875,-5.899829893258273,-6.694226143734007,2.2614451117833685,-99.75078056358836,8.713063149641934,16.845838550041464,5.651108554632259,-5.899554551257357,6.687295209273738,-2.2555796868336198,-99.75078056358836,-8.718074800945432,16.846728182180858,-5.657247614035631,"[[2.220446049250313e-16, -0.0, -1.0, 0.4], [0.0, 1.0, -0.0, 0.18437499999999998], [1.0, 0.0, 2.220446049250313e-16, -0.2], [0.0, 0.0, 0.0, 1.0]]","[[5.5446056135277644e-08, 2.1179408058583345e-07, -0.9999999999999761, 0.4000000270625637], [8.219153362962312e-08, 0.9999999999999742, 2.1179408514302942e-07, 0.18438627589994566], [0.9999999999999952, -8.219154537276787e-08, 5.544603870477616e-08, -0.19999998437009578], [0.0, 0.0, 0.0, 1.0]]","[[2.220446049250313e-16, -0.0, -1.0, 0.4], [0.0, 1.0, -0.0, -0.18437499999999998], [1.0, 0.0, 2.220446049250313e-16, -0.2], [0.0, 0.0, 0.0, 1.0]]","[[8.317924127254628e-11, -2.231552781927755e-07, -0.9999999999999752, 0.4000000228105261], [-8.855036972968515e-08, 0.9999999999999712, -2.231552782001402e-07, -0.1843862753577344], [0.9999999999999961, 8.855036974824486e-08, 8.315947930270795e-11, -0.1999999653565828], [0.0, 0.0, 0.0, 1.0]]"
2.8833333333333333,-5.925631786621643,-6.75371453008388,2.1883290039354395,-99.74340395928476,8.80028893421123,16.85053772019043,5.573754100960926,-5.9255476899174875,6.7472079211257965,-2.1819425636180663,-99.74334248758223,-8.805925547823781,16.851466625917553,-5.579337780607411,"[[2.220446049250313e-16, -0.0, -1.0, 0.4], [0.0, 1.0, -0.0, 0.18375], [1.0, 0.0, 2.220446049250313e-16, -0.2], [0.0, 0.0, 0.0, 1.0]]","[[-9.657447785915707e-09, 2.2644810268622244e-07, -0.9999999999999742, 0.40000001966917176], [9.313387393683196e-08, 0.99999999999997, 2.2644810178678594e-07, 0.18376127092427127], [0.9999999999999956, -9.313387174991887e-08, -9.657468880153175e-09, -0.19999995886857322], [0.0, 0.0, 0.0, 1.0]]","[[2.220446049250313e-16, -0.0, -1.0, 0.4], [0.0, 1.0, -0.0, -0.18375], [1.0, 0.0, 2.220446049250313e-16, -0.2], [0.0, 0.0, 0.0, 1.0]]","[[4.2949456269258945e-08, -3.145943099671005e-07, -0.9999999999999498, 0.4000000356513067], [-1.2231956945505318e-07, 0.9999999999999432, -3.145943152206574e-07, -0.18376862383408815], [0.9999999999999918, 1.223195829667018e-07, 4.294941774451999e-08, -0.1999999658113786], [0.0, 0.0, 0.0, 1.0]]"
2.8916666666666666,-5.9512048686478165,-6.812508371572527,2.1161132003974834,-99.73582244930604,8.886484213989498,16.854938069563214,5.497357581320687,-5.9512501186510685,6.806279239049475,-2.1093880253859596,-99.73572682665767,-8.892527223857666,16.855894296047016,-5.502580114714808,"[[2.220446049250313e-16, -0.0, -1.0, 0.4], [0.0, 1.0, -0.0, 0.18312499999999998], [1.0, 0.0, 2.220446049250313e-16, -0.2], [0.0, 0.0, 0.0, 1.0]]","[[-3.719141927760461e-08, 2.3254448055305178e-07, -0.9999999999999726, 0.4000000202744244], [9.517746333242285e-08, 0.9999999999999687, 2.3254447701326594e-07, 0.1831362723159842], [0.999999999999995, -9.517745468376107e-08, -3.71914414820651e-08, -0.19999995399544407], [0.0, 0.0, 0.0, 1.0]]","[[2.220446049250313e-16, -0.0, -1.0, 0.4], [0.0, 1.0, -0.0, -0.18312499999999998], [1.0, 0.0, 2.220446049250313e-16, -0.2], [0.0, 0.0, 0.0, 1.0]]","[[4.084964155826043e-08, -4.5838814451402227e-07, -0.9999999999998943, 0.4000000452288629], [-1.8600004315295146e-07, 0.9999999999998779, -4.583881521120498e-07, -0.18315576062073], [0.999999999999982, 1.8600006187792343e-07, 4.084955629313214e-08, -0.19999993792479942], [0.0, 0.0, 0.0, 1.0]]"
2.9,-5.977153184191518,-6.872011698961209,2.0430767069420677,-99.72786527892298,8.973712559879731,16.859142050997356,5.4200906394480945,-5.976904309173636,6.865081191387761,-2.0372125626527886,-99.72786527892298,-8.978721649862289,16.86005900389343,-5.4262267106437045,"[[2.220446049250313e-16, -0.0, -1.0, 0.4], [0.0, 1.0, -0.0, 0.1825], [1.0, 0.0, 2.220446049250313e-16, -0.2], [0.0, 0.0, 0.0, 1.0]]","[[4.7857367735382184e-08, 2.168675565469768e-07, -0.9999999999999756, 0.40000002486907626], [7.820603430932014e-08, 0.9999999999999736, 2.1686756028971137e-07, 0.18251127574346923], [0.999999999999996, -7.820604468802879e-08, 4.785735074896991e-08, -0.19999998295883245], [0.0, 0.0, 0.0, 1.0]]","[[2.220446049250313e-16, -0.0, -1.0, 0.4], [0.0, 1.0, -0.0, -0.1825], [1.0, 0.0, 2.220446049250313e-16, -0.2], [0.0, 0.0, 0.0, 1.0]]","[[1.881623823418721e-08, -4.595607688094992e-07, -0.9999999999998943, 0.40000004414992746], [-1.8487973474444425e-07, 0.9999999999998775, -4.5956077228823257e-07, -0.18253075980506436], [0.9999999999999829, 1.8487974339162967e-07, 1.8816153302125826e-08, -0.19999993392653864], [0.0, 0.0, 0.0, 1.0]]"
2.908333333333333,-6.003478867686863,-6.932224085363102,1.9692218714467198,-99.71952561794639,9.061974825655573,16.863137711661814,5.341956263550911,-6.002934586987378,6.924592202739259,-1.9642176906626276,-99.71962124059478,-9.06594999575252,16.864020513612036,-5.349004591887541,"[[2.220446049250313e-16, -0.0, -1.0, 0.4], [0.0, 1.0, -0.0, 0.181875], [1.0, 0.0, 2.220446049250313e-16, -0.2], [0.0, 0.0, 0.0, 1.0]]","[[2.4828796241216367e-08, 3.182699290244861e-07, -0.9999999999999493, 0.4000000309279026], [1.280695691172633e-07, 0.9999999999999414, 3.182699322042968e-07, 0.18189362434109838], [0.9999999999999917, -1.2806957701951604e-07, 2.482875538500906e-08, -0.19999995685427294], [0.0, 0.0, 0.0, 1.0]]","[[2.220446049250313e-16, -0.0, -1.0, 0.4], [0.0, 1.0, -0.0, -0.181875], [1.0, 0.0, 2.220446049250313e-16, -0.2], [0.0, 0.0, 0.0, 1.0]]","[[-1.3338732951506671e-08, -4.545477093531381e-07, -0.9999999999998967, 0.40000003864291545], [-1.9308320088396162e-07, 0.9999999999998781, -4.545477067776444e-07, -0.18190576385659257], [0.9999999999999813, 1.9308319482085118e-07, -1.3338820659125616e-08, -0.1999999185755637], [0.0, 0.0, 0.0, 1.0]]"
2.9166666666666665,-6.029574886071367,-6.991742780677416,1.8962681940349904,-99.71098105129471,9.149204025319452,16.86683967419196,5.264783236779406,-6.0295283554076455,6.985237452379803,-1.8898849553687904,-99.71091957959217,-9.15483722383742,16.867797608223054,-5.27036392821813,"[[2.220446049250313e-16, -0.0, -1.0, 0.4], [0.0, 1.0, -0.0, 0.18125], [1.0, 0.0, 2.220446049250313e-16, -0.2], [0.0, 0.0, 0.0, 1.0]]","[[6.789034839860264e-08, 2.0655072222146955e-07, -0.9999999999999765, 0.4000000252096135], [8.894088897516091e-08, 0.9999999999999749, 2.0655072825969713e-07, 0.18126127411552168], [0.9999999999999938, -8.894090299795969e-08, 6.789032996890043e-08, -0.19999998666211904], [0.0, 0.0, 0.0, 1.0]]","[[2.220446049250313e-16, -0.0, -1.0, 0.4], [0.0, 1.0, -0.0, -0.18125], [1.0, 0.0, 2.220446049250313e-16, -0.2], [0.0, 0.0, 0.0, 1.0]]","[[1.5439236000780454e-08, -3.1471363760576075e-07, -0.9999999999999505, 0.4000000304022521], [-1.2740115867249062e-07, 0.9999999999999425, -3.1471363957273484e-07, -0.18126862320723083], [0.9999999999999918, 1.2740116353142244e-07, 1.5439195921729265e-08, -0.19999995547089214], [0.0, 0.0, 0.0, 1.0]]"
2.925,-6.055744328989447,-7.051268733067723,1.8233572053055735,-99.70215644688705,9.236430663662393,16.870292334817403,5.187658875105738,-6.055522347841421,7.044339079267923,-1.8174945551201755,-99.70215644688705,-9.241437192324012,16.871236608470156,-5.193791958093586,"[[2.220446049250313e-16, -0.0, -1.0, 0.4], [0.0, 1.0, -0.0, 0.180625], [1.0, 0.0, 2.220446049250313e-16, -0.2], [0.0, 0.0, 0.0, 1.0]]","[[8.249201932652994e-08, 3.1501483457730205e-07, -0.999999999999947, 0.40000003301212006], [1.2338181043719776e-07, 0.9999999999999427, 3.1501484475531543e-07, 0.1806436203997116], [0.999999999999989, -1.2338183642340189e-07, 8.249198046872408e-08, -0.1999999732155281], [0.0, 0.0, 0.0, 1.0]]","[[2.220446049250313e-16, -0.0, -1.0, 0.4], [0.0, 1.0, -0.0, -0.180625], [1.0, 0.0, 2.220446049250313e-16, -0.2], [0.0, 0.0, 0.0, 1.0]]","[[-3.718486973891544e-08, -2.3138193157547092e-07, -0.9999999999999727, 0.4000000165413655], [-9.646451491190367e-08, 0.9999999999999688, -2.3138192798844957e-07, -0.18063627021214926], [0.9999999999999949, 9.646450630799417e-08, -3.7184892165420536e-08, -0.199999948521212], [0.0, 0.0, 0.0, 1.0]]"
2.933333333333333,-6.081680264815278,-7.110100994370452,1.7513473746597754,-99.6931474273718,9.322622528346077,16.87346325013958,5.1114958625577485,-6.081773753029543,7.10387314250787,-1.7446273222901292,-99.69303814434508,-9.328661269346014,16.874450212474645,-5.1167171152914,"[[2.220446049250313e-16, -0.0, -1.0, 0.4], [0.0, 1.0, -0.0, 0.18], [1.0, 0.0, 2.220446049250313e-16, -0.2], [0.0, 0.0, 0.0, 1.0]]","[[4.70443972666601e-09, 2.1478369939360114e-07, -0.9999999999999769, 0.40000002035327387], [9.721273295136405e-08, 0.9999999999999724, 2.1478369985093157e-07, 0.1800112709890751], [0.9999999999999953, -9.721273396179879e-08, 4.704418854473147e-09, -0.19999996763830322], [0.0, 0.0, 0.0, 1.0]]","[[2.220446049250313e-16, -0.0, -1.0, 0.4], [0.0, 1.0, -0.0, -0.18], [1.0, 0.0, 2.220446049250313e-16, -0.2], [0.0, 0.0, 0.0, 1.0]]","[[7.311146238420108e-08, -4.542614723497692e-07, -0.9999999999998941, 0.40000004099397485], [-1.748864369774237e-07, 0.9999999999998814, -4.5426148513596666e-07, -0.1800307600234219], [0.999999999999982, 1.7488647018912666e-07, 7.311138300325482e-08, -0.19999994270740995], [0.0, 0.0, 0.0, 1.0]]"
2.9416666666666664,-6.108303488426341,-7.170343689736788,1.6776653216060877,-99.68363297385797,9.410876256385457,16.87645145790146,5.033562550354257,-6.10779122423859,7.162713514660236,-1.6726610341002899,-99.6837422568847,-9.414848865161467,16.877383778723168,-5.0406040485017165,"[[2.220446049250313e-16, -0.0, -1.0, 0.4], [0.0, 1.0, -0.0, 0.17937499999999998], [1.0, 0.0, 2.220446049250313e-16, -0.2], [0.0, 0.0, 0.0, 1.0]]","[[-1.7073588320926092e-08, 1.5747932272173396e-07, -0.9999999999999877, 0.4000000115944665], [6.269961527624387e-08, 0.9999999999999858, 1.5747932165122625e-07, 0.17938182266317254], [0.9999999999999981, -6.269961258750596e-08, -1.7073598312933314e-08, -0.19999996804488884], [0.0, 0.0, 0.0, 1.0]]","[[2.220446049250313e-16, -0.0, -1.0, 0.4], [0.0, 1.0, -0.0, -0.17937499999999998], [1.0, 0.0, 2.220446049250313e-16, -0.2], [0.0, 0.0, 0.0, 1.0]]","[[7.286843806131316e-08, -2.1118690495026243e-07, -0.9999999999999751, 0.4000000229335785], [-8.379908268849959e-08, 0.9999999999999742, -2.1118691105657052e-07, -0.17938627396984977], [0.999999999999994, 8.379909807735784e-08, 7.286842040876707e-08, -0.1999999900854579], [0.0, 0.0, 0.0, 1.0]]"
2.95,-6.1346932049451555,-7.229892694015543,1.6048856005747822,-99.67393410523655,9.49809350321829,16.87915962790737,4.956593148597383,-6.134684667208693,7.223389500152045,-1.598505350116344,-99.67386580334485,-9.503724140415319,16.88014829778973,-4.962171705601991,"[[2.220446049250313e-16, -0.0, -1.0, 0.4], [0.0, 1.0, -0.0, 0.17874999999999996], [1.0, 0.0, 2.220446049250313e-16, -0.2], [0.0, 0.0, 0.0, 1.0]]","[[-4.50788756323206e-08, 1.0360388676838116e-07, -0.9999999999999937, 0.40000000514546746], [5.21050784096062e-08, 0.9999999999999934, 1.0360388441954279e-07, 0.1787541278508944], [0.9999999999999977, -5.2105073739259263e-08, -4.507888096139112e-08, -0.19999996798011718], [0.0, 0.0, 0.0, 1.0]]","[[2.220446049250313e-16, -0.0, -1.0, 0.4], [0.0, 1.0, -0.0, -0.17874999999999996], [1.0, 0.0, 2.220446049250313e-16, -0.2], [0.0, 0.0, 0.0, 1.0]]","[[-2.7192088525307412e-08, -1.5919014208965123e-07, -0.9999999999999872, 0.40000000865646806], [-6.55849625196187e-08, 0.9999999999999853, -1.5919014030625886e-07, -0.17875682186702657], [0.9999999999999977, 6.558495819090546e-08, -2.7192098961403843e-08, -0.19999996074947357], [0.0, 0.0, 0.0, 1.0]]"
2.9583333333333335,-6.16115677288437,-7.289449382257116,1.5321510228250221,-99.66394836866999,9.585305627409243,16.881618496008574,4.879678388353869,-6.160970223342663,7.28252186289143,-1.5262901869086223,-99.66394836866999,-9.59031044852357,16.882600335701763,-4.885807629360309,"[[2.220446049250313e-16, -0.0, -1.0, 0.4], [0.0, 1.0, -0.0, 0.17812499999999998], [1.0, 0.0, 2.220446049250313e-16, -0.2], [0.0, 0.0, 0.0, 1.0]]","[[2.7593194784625297e-08, 9.511695156132635e-08, -0.9999999999999953, 0.40000001053166395], [4.502238241678762e-08, 0.9999999999999947, 9.511695280363766e-08, 0.17812912972663697], [0.9999999999999989, -4.5022385041368e-08, 2.7593190565777803e-08, -0.19999999198208152], [0.0, 0.0, 0.0, 1.0]]","[[2.220446049250313e-16, -0.0, -1.0, 0.4], [0.0, 1.0, -0.0, -0.17812499999999998], [1.0, 0.0, 2.220446049250313e-16, -0.2], [0.0, 0.0, 0.0, 1.0]]","[[2.1607766409470486e-08, -2.1236213077297254e-07, -0.9999999999999775, 0.4000000172059457], [-9.963987241420152e-08, 0.9999999999999727, -2.1236213292596666e-07, -0.1781362712842158], [0.999999999999995, 9.963987700287065e-08, 2.1607745315233018e-08, -0.19999996687190486], [0.0, 0.0, 0.0, 1.0]]"
2.966666666666667,-6.187693765357161,-7.349013754461504,1.4594620152436308,-99.6536757641583,9.67251262895832,16.88383147729966,4.802819550284186,-6.187817562535868,7.34276925401282,-1.4527697105174877,-99.65355282075323,-9.678521487880639,16.88484063774953,-4.808063428019463,"[[2.220446049250313e-16, -0.0, -1.0, 0.4], [0.0, 1.0, -0.0, 0.1775], [1.0, 0.0, 2.220446049250313e-16, -0.2], [0.0, 0.0, 0.0, 1.0]]","[[3.292835992763088e-08, 9.518758162775865e-08, -0.9999999999999952, 0.40000001269649776], [2.9701088477295407e-08, 0.9999999999999952, 9.518758260576679e-08, 0.17750413295322134], [0.9999999999999992, -2.9701091611666236e-08, 3.292835715207332e-08, -0.19999999808260932], [0.0, 0.0, 0.0, 1.0]]","[[2.220446049250313e-16, -0.0, -1.0, 0.4], [0.0, 1.0, -0.0, -0.1775], [1.0, 0.0, 2.220446049250313e-16, -0.2], [0.0, 0.0, 0.0, 1.0]]","[[1.3631987094697706e-08, -9.245534345299475e-08, -0.9999999999999956, 0.400000009168037], [-5.029013604792063e-08, 0.9999999999999944, -9.24553441385491e-08, -0.17750412972916088], [0.9999999999999987, 5.029013730827046e-08, 1.3631982431761003e-08, -0.1999999882192346], [0.0, 0.0, 0.0, 1.0]]"
2.975,-6.214304182363531,-7.4085858106287095,1.386819751769372,-99.6431094615123,9.75971194654458,16.88579515668604,4.726018341935624,-6.214323819157395,7.402083470538857,-1.3804419559101666,-99.64303432943142,-9.765340876194317,16.88680431713591,-4.731594764506116,"[[2.220446049250313e-16, -0.0, -1.0, 0.4], [0.0, 1.0, -0.0, 0.17687499999999998], [1.0, 0.0, 2.220446049250313e-16, -0.2], [0.0, 0.0, 0.0, 1.0]]","[[3.202997278517472e-08, 8.843477726624424e-08, -0.9999999999999957, 0.40000001033400556], [3.720532669547452e-08, 0.9999999999999954, 8.843477845792983e-08, 0.17687913221693594], [0.9999999999999988, -3.72053295280379e-08, 3.202996945450565e-08, -0.19999999375457464], [0.0, 0.0, 0.0, 1.0]]","[[2.220446049250313e-16, -0.0, -1.0, 0.4], [0.0, 1.0, -0.0, -0.17687499999999998], [1.0, 0.0, 2.220446049250313e-16, -0.2], [0.0, 0.0, 0.0, 1.0]]","[[2.507220031588986e-08, -2.1938271050195358e-07, -0.9999999999999758, 0.4000000174462415], [-8.1493185792495e-08, 0.9999999999999728, -2.193827125451664e-07, -0.17688627103557178], [0.9999999999999964, 8.149319129290032e-08, 2.5072182441299162e-08, -0.19999996760190558], [0.0, 0.0, 0.0, 1.0]]"
2.9833333333333334,-6.240988450790302,-7.468164696985085,1.3142245525673624,-99.63225629092113,9.84690443394167,16.887511241715004,4.6492756170818295,-6.241017052207451,7.4616632106688785,-1.3078475037600976,-99.6321743286511,-9.852532509817761,16.888528939901335,-4.654851612765499,"[[2.220446049250313e-16, -0.0, -1.0, 0.4], [0.0, 1.0, -0.0, 0.17625], [1.0, 0.0, 2.220446049250313e-16, -0.2], [0.0, 0.0, 0.0, 1.0]]","[[-8.757410852044956e-09, 1.0318830252575303e-07, -0.9999999999999947, 0.4000000041097965], [4.9774560951833766e-08, 0.9999999999999936, 1.0318830208985662e-07, 0.17625412844203586], [0.9999999999999987, -4.977456004817115e-08, -8.757415959070869e-09, -0.19999997521612617], [0.0, 0.0, 0.0, 1.0]]","[[2.220446049250313e-16, -0.0, -1.0, 0.4], [0.0, 1.0, -0.0, -0.17625], [1.0, 0.0, 2.220446049250313e-16, -0.2], [0.0, 0.0, 0.0, 1.0]]","[[9.402272183045568e-09, -2.2008760608373909e-07, -0.9999999999999759, 0.4000000167070773], [-7.982878391161302e-08, 0.9999999999999728, -2.2008760683431036e-07, -0.1762612714096965], [0.999999999999997, 7.982878598093466e-08, 9.402254530499476e-09, -0.19999996663600358], [0.0, 0.0, 0.0, 1.0]]"
2.9916666666666667,-6.267745716863827,-7.527751267304276,1.241677164689543,-99.62111625238485,9.934088383602298,16.88898143993385,4.572593083270096,-6.267595025815263,7.520825455485883,-1.2358180363204356,-99.62111625238485,-9.93908978962204,16.88999743057289,-4.578718055408305,"[[2.220446049250313e-16, -0.0, -1.0, 0.4], [0.0, 1.0, -0.0, 0.17562499999999998], [1.0, 0.0, 2.220446049250313e-16, -0.2], [0.0, 0.0, 0.0, 1.0]]","[[2.1520830562060667e-08, 2.1591385717355244e-07, -0.9999999999999766, 0.4000000146579531], [7.971442929186506e-08, 0.9999999999999737, 2.1591385888907251e-07, 0.1756362723256701], [0.9999999999999968, -7.971443393850875e-08, 2.1520813353603785e-08, -0.19999996562829786], [0.0, 0.0, 0.0, 1.0]]","[[2.220446049250313e-16, -0.0, -1.0, 0.4], [0.0, 1.0, -0.0, -0.17562499999999998], [1.0, 0.0, 2.220446049250313e-16, -0.2], [0.0, 0.0, 0.0, 1.0]]","[[-2.808084959005086e-08, -2.2861609448766785e-07, -0.9999999999999735, 0.40000001346994973], [-8.62367999630371e-08, 0.99999999999997, -2.286160920660645e-07, -0.17563626926422488], [0.9999999999999959, 8.623679354330072e-08, -2.80808693520207e-08, -0.1999999513100908], [0.0, 0.0, 0.0, 1.0]]"
3.0,-6.294577261244576,-7.5873455215862835,1.16917844190956,-99.60968251571424,10.021262941752816,16.890204043795283,4.495972448047716,-6.294625072568765,7.5808457428173694,-1.1628029939278821,-99.60960055344421,-10.026889310081614,16.891235402359953,-4.501547589957739,"[[2.220446049250313e-16, -0.0, -1.0, 0.4], [0.0, 1.0, -0.0, 0.175], [1.0, 0.0, 2.220446049250313e-16, -0.2], [0.0, 0.0, 0.0, 1.0]]","[[2.1972708874606894e-08, 1.403738219550127e-07, -0.99999999999999, 0.4000000115250899], [6.755044656669545e-08, 0.9999999999999879, 1.4037382343927873e-07, 0.17500682347008722], [0.9999999999999976, -6.755044965108792e-08, 2.1972699437711185e-08, -0.19999998004622505], [0.0, 0.0, 0.0, 1.0]]","[[2.220446049250313e-16, -0.0, -1.0, 0.4], [0.0, 1.0, -0.0, -0.175], [1.0, 0.0, 2.220446049250313e-16, -0.2], [0.0, 0.0, 0.0, 1.0]]","[[4.92925203987582e-08, -3.1837575251742015e-07, -0.9999999999999482, 0.40000002265530116], [-1.1793269471727093e-07, 0.9999999999999424, -3.1837575833061807e-07, -0.17501862246661123], [0.9999999999999919, 1.1793271041080837e-07, 4.9292482762197665e-08, -0.19999995776693583], [0.0, 0.0, 0.0, 1.0]]"
3.0083333333333333,-6.321672621682016,-7.647373492880586,1.0962119578931369,-99.59787994882846,10.109053070702283,16.891182468393886,4.418866442507443,-6.321539006106377,7.64044853483584,-1.0903538967410875,-99.59787994882846,-10.11405362294838,16.892218949600434,-4.424988853324713,"[[2.220446049250313e-16, -0.0, -1.0, 0.4], [0.0, 1.0, -0.0, 0.174375], [1.0, 0.0, 2.220446049250313e-16, -0.2], [0.0, 0.0, 0.0, 1.0]]","[[-2.8704920607136586e-08, 1.532567372086813e-07, -0.9999999999999879, 0.40000000778862155], [6.769819702800541e-08, 0.999999999999986, 1.5325673526540965e-07, 0.17438182068999447], [0.9999999999999974, -6.769819262878216e-08, -2.8704931043233017e-08, -0.1999999647864806], [0.0, 0.0, 0.0, 1.0]]","[[2.220446049250313e-16, -0.0, -1.0, 0.4], [0.0, 1.0, -0.0, -0.174375], [1.0, 0.0, 2.220446049250313e-16, -0.2], [0.0, 0.0, 0.0, 1.0]]","[[4.0385585098334786e-08, -2.0676735821064033e-07, -0.9999999999999779, 0.4000000147396212], [-8.717329029082728e-08, 0.9999999999999749, -2.0676736173118404e-07, -0.17438627164967063], [0.9999999999999954, 8.71732986412462e-08, 4.0385567001699485e-08, -0.1999999694785153], [0.0, 0.0, 0.0, 1.0]]"
3.0166666666666666,-6.348144727357693,-7.705855280101528,1.0251805518459431,-99.5860978725102,10.194549963637918,16.891906468445907,4.343824861643805,-6.3483359726544535,7.699633831541293,-1.0184707447600518,-99.58595443853763,-10.20058102067504,16.89295319493621,-4.3490426992828715,"[[2.220446049250313e-16, -0.0, -1.0, 0.4], [0.0, 1.0, -0.0, 0.17375], [1.0, 0.0, 2.220446049250313e-16, -0.2], [0.0, 0.0, 0.0, 1.0]]","[[4.0582884219819704e-08, 1.3745030800246022e-07, -0.99999999999999, 0.4000000099314238], [6.038721367364395e-08, 0.9999999999999889, 1.3745031045314737e-07, 0.17375682331517006], [0.9999999999999976, -6.038721925177337e-08, 4.058287589314702e-08, -0.19999998397195268], [0.0, 0.0, 0.0, 1.0]]","[[2.220446049250313e-16, -0.0, -1.0, 0.4], [0.0, 1.0, -0.0, -0.17375], [1.0, 0.0, 2.220446049250313e-16, -0.2], [0.0, 0.0, 0.0, 1.0]]","[[1.5719155255222717e-08, -3.1988959453630695e-07, -0.9999999999999487, 0.40000001812900043], [-1.2498729794329787e-07, 0.9999999999999409, -3.1988959650099924e-07, -0.17376861507896793], [0.999999999999992, 1.2498730297168572e-07, 1.571911528719383e-08, -0.19999994285591322], [0.0, 0.0, 0.0, 1.0]]"
3.025,-6.375512868475111,-7.766174388209203,0.951979173355095,-99.57365326784243,10.282723436954551,16.89239311942427,4.266493886747743,-6.375396755259221,7.7592511377117495,-0.9461219659766917,-99.57365326784243,-10.287722281653354,16.893446676103746,-4.272614590017722,"[[2.220446049250313e-16, -0.0, -1.0, 0.4], [0.0, 1.0, -0.0, 0.173125], [1.0, 0.0, 2.220446049250313e-16, -0.2], [0.0, 0.0, 0.0, 1.0]]","[[4.322667129796898e-08, 9.36127871348676e-08, -0.9999999999999948, 0.40000000836293315], [3.269447086893905e-08, 0.9999999999999951, 9.361278854814078e-08, 0.1731291325093062], [0.9999999999999986, -3.269447491550812e-08, 4.322666818934451e-08, -0.19999999353839515], [0.0, 0.0, 0.0, 1.0]]","[[2.220446049250313e-16, -0.0, -1.0, 0.4], [0.0, 1.0, -0.0, -0.173125], [1.0, 0.0, 2.220446049250313e-16, -0.2], [0.0, 0.0, 0.0, 1.0]]","[[4.9999673845668724e-08, -2.1815036460243644e-07, -0.9999999999999751, 0.40000001328194423], [-8.171304091292468e-08, 0.999999999999973, -2.1815036868806137e-07, -0.17313627161821046], [0.9999999999999956, 8.171305182036991e-08, 4.999965608210033e-08, -0.19999997152341958], [0.0, 0.0, 0.0, 1.0]]"
3.033333333333333,-6.4023209340805876,-7.825096722631611,0.8805319261813237,-99.56122232355301,10.368821386537148,16.892632176045222,4.191035664344735,-6.402213785487983,7.818174325907803,-0.8746751456897436,-99.56121549336383,-10.37382023123595,16.893694270461157,-4.197155513841067,"[[2.220446049250313e-16, -0.0, -1.0, 0.4], [0.0, 1.0, -0.0, 0.1725], [1.0, 0.0, 2.220446049250313e-16, -0.2], [0.0, 0.0, 0.0, 1.0]]","[[-3.7450865630894725e-08, 3.21393726120974e-07, -0.9999999999999478, 0.40000001221488374], [1.337444989218745e-07, 0.9999999999999395, 3.213937211121241e-07, 0.17251861477141694], [0.9999999999999905, -1.337444868853944e-07, -3.7450908485503476e-08, -0.1999999230351799], [0.0, 0.0, 0.0, 1.0]]","[[2.220446049250313e-16, -0.0, -1.0, 0.4], [0.0, 1.0, -0.0, -0.1725], [1.0, 0.0, 2.220446049250313e-16, -0.2], [0.0, 0.0, 0.0, 1.0]]","[[2.902420948025508e-08, -8.300985659418511e-07, -0.9999999999996549, 0.40000003052126165], [-3.2025699836877157e-07, 0.9999999999996042, -8.30098575237015e-07, -0.17258392648784732], [0.9999999999999483, 3.2025702246161605e-07, 2.9023943581840683e-08, -0.19999983319376], [0.0, 0.0, 0.0, 1.0]]"
3.0416666666666665,-6.429519601129225,-7.8847293967277,0.808284586379309,-99.54834741696753,10.45593788807972,16.892627053403345,4.114742878202516,-6.429421417159906,7.877807000003892,-0.8024284462179635,-99.54834741696753,-10.460935879004877,16.893699393103034,-4.120861447038378,"[[2.220446049250313e-16, -0.0, -1.0, 0.4], [0.0, 1.0, -0.0, 0.171875], [1.0, 0.0, 2.220446049250313e-16, -0.2], [0.0, 0.0, 0.0, 1.0]]","[[4.6783891483048734e-08, 1.4845498142082484e-07, -0.999999999999988, 0.4000000106202717], [5.3754943439985467e-08, 0.9999999999999878, 1.4845498393569025e-07, 0.17188182103465086], [0.9999999999999976, -5.3754950385286685e-08, 4.678388348944296e-08, -0.1999999867489905], [0.0, 0.0, 0.0, 1.0]]","[[2.220446049250313e-16, -0.0, -1.0, 0.4], [0.0, 1.0, -0.0, -0.171875], [1.0, 0.0, 2.220446049250313e-16, -0.2], [0.0, 0.0, 0.0, 1.0]]","[[-1.0107041925611071e-08, -3.2013194198653503e-07, -0.9999999999999489, 0.400000011742235], [-1.3064124692996004e-07, 0.9999999999999405, -3.2013194066613577e-07, -0.17189361333349792], [0.9999999999999916, 1.3064124369436634e-07, -1.0107083892041402e-08, -0.19999992717612033], [0.0, 0.0, 0.0, 1.0]]"
3.05,-6.456791692711439,-7.944368047239312,0.7360903406259204,-99.53518564243691,10.543039021696663,16.892376043951344,4.0385209552729355,-6.457022211595928,7.938150013773662,-0.7293849624908191,-99.53502171789684,-10.549067517412844,16.893448383651037,-4.043737939138356,"[[2.220446049250313e-16, -0.0, -1.0, 0.4], [0.0, 1.0, -0.0, 0.17125], [1.0, 0.0, 2.220446049250313e-16, -0.2], [0.0, 0.0, 0.0, 1.0]]","[[8.478584501148134e-08, 2.0703318041212863e-07, -0.9999999999999751, 0.4000000141661538], [8.726008495273399e-08, 0.9999999999999749, 2.0703318781054863e-07, 0.17126126965535238], [0.9999999999999927, -8.726010250621558e-08, 8.478582691484604e-08, -0.1999999831438797], [0.0, 0.0, 0.0, 1.0]]","[[2.220446049250313e-16, -0.0, -1.0, 0.4], [0.0, 1.0, -0.0, -0.17125], [1.0, 0.0, 2.220446049250313e-16, -0.2], [0.0, 0.0, 0.0, 1.0]]","[[3.736665865616828e-09, -4.5085227162393577e-07, -0.9999999999998985, 0.4000000170918258], [-1.78161819561516e-07, 0.9999999999998826, -4.5085227228965983e-07, -0.1712807567606142], [0.9999999999999842, 1.7816182124618215e-07, 3.7365854854698455e-09, -0.1999999096714632], [0.0, 0.0, 0.0, 1.0]]"
3.058333333333333,-6.484458654605046,-8.004718744971898,0.6630998442256965,-99.52157307542109,10.63115699972629,16.891870609952765,3.9614695912460216,-6.484377972995475,7.997798055795383,-0.6572445578379973,-99.52156624523191,-10.6361541368778,16.892960025125383,-3.9675864525345914,"[[2.220446049250313e-16, -0.0, -1.0, 0.4], [0.0, 1.0, -0.0, 0.170625], [1.0, 0.0, 2.220446049250313e-16, -0.2], [0.0, 0.0, 0.0, 1.0]]","[[-2.333572118873306e-08, 2.2111299013375216e-07, -0.9999999999999751, 0.4000000049730862], [9.973309019270205e-08, 0.9999999999999705, 2.2111298780640754e-07, 0.17063626511621668], [0.9999999999999947, -9.973308503286856e-08, -2.3335743171148948e-08, -0.19999994236202617], [0.0, 0.0, 0.0, 1.0]]","[[2.220446049250313e-16, -0.0, -1.0, 0.4], [0.0, 1.0, -0.0, -0.170625], [1.0, 0.0, 2.220446049250313e-16, -0.2], [0.0, 0.0, 0.0, 1.0]]","[[3.919162133714238e-08, -3.204272671488549e-07, -0.999999999999948, 0.4000000142271547], [-1.2251540467973337e-07, 0.9999999999999414, -3.2042727195043007e-07, -0.17064361419214585], [0.9999999999999918, 1.2251541723779128e-07, 3.919158203524731e-08, -0.19999994922713452], [0.0, 0.0, 0.0, 1.0]]"
3.0666666666666664,-6.511879302801708,-8.064372763409144,0.5910131205908827,-99.50782390462184,10.718227397491965,16.891126119333233,3.885392382949481,-6.511807585815423,8.057452928006274,-0.5851584211725653,-99.50782390462184,-10.72322368086983,16.892225779789605,-3.891507963577581,"[[2.220446049250313e-16, -0.0, -1.0, 0.4], [0.0, 1.0, -0.0, 0.16999999999999998], [1.0, 0.0, 2.220446049250313e-16, -0.2], [0.0, 0.0, 0.0, 1.0]]","[[-1.297675333855608e-08, 9.95029495450755e-08, -0.9999999999999951, 0.4000000011515785], [4.8471837464818955e-08, 0.9999999999999939, 9.95029489160683e-08, 0.17000412801530337], [0.9999999999999989, -4.8471836173593486e-08, -1.2976758223537388e-08, -0.19999997205403322], [0.0, 0.0, 0.0, 1.0]]","[[2.220446049250313e-16, -0.0, -1.0, 0.4], [0.0, 1.0, -0.0, -0.16999999999999998], [1.0, 0.0, 2.220446049250313e-16, -0.2], [0.0, 0.0, 0.0, 1.0]]","[[5.474528225191122e-08, -2.1390914792659615e-07, -0.9999999999999756, 0.40000001103652666], [-7.549998854040102e-08, 0.9999999999999742, -2.13909152059864e-07, -0.170011272211629], [0.9999999999999956, 7.550000025091607e-08, 5.474526604265506e-08, -0.19999997185809515], [0.0, 0.0, 0.0, 1.0]]"
3.075,-6.5393742293055945,-8.124035319582852,0.5189808783868705,-99.49379469606664,10.805280719784717,16.890139156998167,3.809389452960164,-6.53950613733394,8.117542371003108,-0.5126131143680087,-99.49369224322909,-10.810901965471638,16.891235402359953,-3.8149594722283093,"[[2.220446049250313e-16, -0.0, -1.0, 0.4], [0.0, 1.0, -0.0, 0.16937499999999997], [1.0, 0.0, 2.220446049250313e-16, -0.2], [0.0, 0.0, 0.0, 1.0]]","[[-2.584440883524053e-08, 1.4815193856432228e-07, -0.9999999999999889, 0.4000000048184303], [5.7762945676778946e-08, 0.9999999999999876, 1.481519370714729e-07, 0.16938182173109484], [0.9999999999999982, -5.7762941847879044e-08, -2.584441749498012e-08, -0.1999999627037301], [0.0, 0.0, 0.0, 1.0]]","[[2.220446049250313e-16, -0.0, -1.0, 0.4], [0.0, 1.0, -0.0, -0.16937499999999997], [1.0, 0.0, 2.220446049250313e-16, -0.2], [0.0, 0.0, 0.0, 1.0]]","[[6.754670955899655e-08, -4.511856850118297e-07, -0.9999999999998961, 0.40000001714762595], [-1.6399331914521395e-07, 0.999999999999885, -4.5118569608903376e-07, -0.16940575150010326], [0.9999999999999845, 1.6399334962130605e-07, 6.754663561814311e-08, -0.1999999284233311], [0.0, 0.0, 0.0, 1.0]]"
3.0833333333333335,-6.566942580343058,-8.183704705945729,0.4470037312634679,-99.47947178937713,10.892317820378189,16.88890630785298,3.7334616550517175,-6.566888365716522,8.176786578090152,-0.4411498589383703,-99.47947178937713,-10.897313249982407,16.890023043782275,-3.7395746743588787,"[[2.220446049250313e-16, -0.0, -1.0, 0.4], [0.0, 1.0, -0.0, 0.16874999999999998], [1.0, 0.0, 2.220446049250313e-16, -0.2], [0.0, 0.0, 0.0, 1.0]]","[[1.9148743590768902e-08, 2.0805221974099458e-07, -0.9999999999999784, 0.4000000071944176], [8.513435836716716e-08, 0.9999999999999748, 2.0805222137120986e-07, 0.16876126905519231], [0.9999999999999963, -8.513436235110393e-08, 1.9148725827200508e-08, -0.19999996202227902], [0.0, 0.0, 0.0, 1.0]]","[[2.220446049250313e-16, -0.0, -1.0, 0.4], [0.0, 1.0, -0.0, -0.16874999999999998], [1.0, 0.0, 2.220446049250313e-16, -0.2], [0.0, 0.0, 0.0, 1.0]]","[[5.5279933131036074e-08, -3.1518594953950284e-07, -0.9999999999999489, 0.400000012064475], [-1.230373236027244e-07, 0.9999999999999429, -3.15185956340996e-07, -0.1687686140858877], [0.9999999999999911, 1.2303734102617666e-07, 5.5279894384252515e-08, -0.19999995089606087], [0.0, 0.0, 0.0, 1.0]]"
3.091666666666667,-6.594261202588994,-8.242679120560558,0.37592888948202097,-99.46503959966088,10.978305633160419,16.88745318510706,3.658506732213174,-6.594539532797672,8.236464502189493,-0.3692293009994583,-99.46486201474247,-10.98432986000837,16.888556260658017,-3.6637232891917715,"[[2.220446049250313e-16, -0.0, -1.0, 0.4], [0.0, 1.0, -0.0, 0.16812499999999997], [1.0, 0.0, 2.220446049250313e-16, -0.2], [0.0, 0.0, 0.0, 1.0]]","[[4.0016164659650855e-08, 1.3821183552070679e-07, -0.9999999999999898, 0.4000000073158086], [5.45025721343452e-08, 0.9999999999999891, 1.3821183770169058e-07, 0.16813182197038118], [0.9999999999999978, -5.4502577665052275e-08, 4.001615711013429e-08, -0.19999998663258964], [0.0, 0.0, 0.0, 1.0]]","[[2.220446049250313e-16, -0.0, -1.0, 0.4], [0.0, 1.0, -0.0, -0.16812499999999997], [1.0, 0.0, 2.220446049250313e-16, -0.2], [0.0, 0.0, 0.0, 1.0]]","[[1.5001551667559454e-09, -3.225829578134793e-07, -0.999999999999948, 0.4000000056209483], [-1.3473318984245986e-07, 0.9999999999999389, -3.2258295801559706e-07, -0.16814361176780324], [0.9999999999999909, 1.3473319032637733e-07, 1.50011164601338e-09, -0.19999992728109853], [0.0, 0.0, 0.0, 1.0]]"
3.1,-6.621976402693613,-8.302363021075422,0.304063746788836,-99.45014295708108,11.06530431393981,16.885737100078092,3.5827338942215223,-6.622264978186046,8.296150110251649,-0.29736498539949313,-99.44996537216267,-11.07132854078776,16.886845298270927,-3.5879495974264732,"[[2.220446049250313e-16, -0.0, -1.0, 0.4], [0.0, 1.0, -0.0, 0.16749999999999998], [1.0, 0.0, 2.220446049250313e-16, -0.2], [0.0, 0.0, 0.0, 1.0]]","[[1.6275682412913994e-08, 3.0758274747926873e-07, -0.9999999999999526, 0.4000000067529237], [1.2279669241506351e-07, 0.9999999999999452, 3.0758274947786637e-07, 0.16751861514045935], [0.9999999999999923, -1.2279669742117683e-07, 1.6275644665331157e-08, -0.19999993554878714], [0.0, 0.0, 0.0, 1.0]]","[[2.220446049250313e-16, -0.0, -1.0, 0.4], [0.0, 1.0, -0.0, -0.16749999999999998], [1.0, 0.0, 2.220446049250313e-16, -0.2], [0.0, 0.0, 0.0, 1.0]]","[[2.2746390715422393e-08, -3.131992730396093e-07, -0.9999999999999507, 0.4000000057614512], [-1.3245216401437186e-07, 0.999999999999942, -3.131992760524153e-07, -0.16751861179265923], [0.9999999999999909, 1.3245217113851846e-07, 2.2746349304103575e-08, -0.19999993457397222], [0.0, 0.0, 0.0, 1.0]]"
3.1083333333333334,-6.649765881105456,-8.362055459326749,0.23225538004312676,-99.43495944655615,11.15228250415169,16.8837768357863,3.5070400302921483,-6.650064274994821,8.355843402276621,-0.22555803271638547,-99.43477503144857,-11.158305877225995,16.884891864168303,-3.5122561603839224,"[[2.220446049250313e-16, -0.0, -1.0, 0.4], [0.0, 1.0, -0.0, 0.166875], [1.0, 0.0, 2.220446049250313e-16, -0.2], [0.0, 0.0, 0.0, 1.0]]","[[7.264024437514394e-09, 2.1372751554910026e-07, -0.9999999999999772, 0.40000000461023], [9.272243524967513e-08, 0.9999999999999731, 2.137275162226374e-07, 0.16688626456400088], [0.9999999999999959, -9.272243680219494e-08, 7.264004675544555e-09, -0.19999995629411058], [0.0, 0.0, 0.0, 1.0]]","[[2.220446049250313e-16, -0.0, -1.0, 0.4], [0.0, 1.0, -0.0, -0.166875], [1.0, 0.0, 2.220446049250313e-16, -0.2], [0.0, 0.0, 0.0, 1.0]]","[[2.8004970564765586e-08, -6.183738246043203e-07, -0.9999999999998085, 0.4000000063293039], [-2.4862193796248915e-07, 0.999999999999778, -6.183738315669515e-07, -0.16692579513546535], [0.9999999999999688, 2.4862195527998246e-07, 2.8004816798876675e-08, -0.1999998634690115], [0.0, 0.0, 0.0, 1.0]]"
3.1166666666666667,-6.677956206244215,-8.422458237251757,0.15966114133646936,-99.41929782278932,11.240269001039795,16.881543363927705,3.430534867955424,-6.67761000103066,8.4148408687799,-0.15465306521011618,-99.4194822378969,-11.244233925852988,16.88272669420141,-3.4375366656283335,"[[2.220446049250313e-16, -0.0, -1.0, 0.4], [0.0, 1.0, -0.0, 0.16624999999999998], [1.0, 0.0, 2.220446049250313e-16, -0.2], [0.0, 0.0, 0.0, 1.0]]","[[-4.3407819727558916e-08, 1.4627857537036497e-07, -0.9999999999999885, 0.39999999798698516], [6.26885787614348e-08, 0.9999999999999873, 1.4627857264919032e-07, 0.16625682111866164], [0.9999999999999971, -6.268857241180015e-08, -4.340782883138772e-08, -0.199999950968311], [0.0, 0.0, 0.0, 1.0]]","[[2.220446049250313e-16, -0.0, -1.0, 0.4], [0.0, 1.0, -0.0, -0.16624999999999998], [1.0, 0.0, 2.220446049250313e-16, -0.2], [0.0, 0.0, 0.0, 1.0]]","[[7.487664921423942e-08, -4.423401447598538e-07, -0.9999999999998993, 0.400000010387825], [-1.5909936034127317e-07, 0.9999999999998894, -4.423401566726764e-07, -0.1662807475382591], [0.9999999999999846, 1.5909939346220593e-07, 7.487657882609966e-08, -0.19999992633487162], [0.0, 0.0, 0.0, 1.0]]"
3.125,-6.705894668157328,-8.482165189655069,0.08797018180733292,-99.40353374618492,11.327204502569364,16.879094741110254,3.355005995783188,-6.706082498359503,8.475677363717203,-0.08160796064706521,-99.40341763296904,-11.332821479388054,16.88023538270165,-3.360573453730395,"[[2.220446049250313e-16, -0.0, -1.0, 0.4], [0.0, 1.0, -0.0, 0.165625], [1.0, 0.0, 2.220446049250313e-16, -0.2], [0.0, 0.0, 0.0, 1.0]]","[[9.399646228036573e-09, 1.404323836561485e-07, -0.9999999999999901, 0.40000000368780364], [5.312693570431273e-08, 0.9999999999999887, 1.4043238415552273e-07, 0.16563182156782336], [0.9999999999999986, -5.312693702432694e-08, 9.399638789542308e-09, -0.1999999707235864], [0.0, 0.0, 0.0, 1.0]]","[[2.220446049250313e-16, -0.0, -1.0, 0.4], [0.0, 1.0, -0.0, -0.165625], [1.0, 0.0, 2.220446049250313e-16, -0.2], [0.0, 0.0, 0.0, 1.0]]","[[1.2206647914680957e-08, -3.1408124958467566e-07, -0.9999999999999508, 0.4000000016633003], [-1.2934134584831e-07, 0.9999999999999424, -3.140812511634973e-07, -0.1656436141201064], [0.9999999999999917, 1.2934134968218285e-07, 1.2206607280518256e-08, -0.19999992777290648], [0.0, 0.0, 0.0, 1.0]]"
3.1333333333333333,-6.733906981490843,-8.541878972247552,0.016338437817165312,-99.38747597144622,11.41411780598413,16.87640364657727,3.2795610068716967,-6.733905700830373,8.5349668208075,-0.010487168501172782,-99.38747597144622,-11.41911067426741,16.87757502401993,-3.2856676228765114,"[[2.220446049250313e-16, -0.0, -1.0, 0.4], [0.0, 1.0, -0.0, 0.16499999999999998], [1.0, 0.0, 2.220446049250313e-16, -0.2], [0.0, 0.0, 0.0, 1.0]]","[[1.3961789169236738e-08, 3.120092564862585e-07, -0.9999999999999512, 0.40000000152373694], [1.2133531228037253e-07, 0.9999999999999439, 3.120092581803142e-07, 0.16501861158279607], [0.9999999999999925, -1.213353166365741e-07, 1.3961751310631598e-08, -0.19999993029457486], [0.0, 0.0, 0.0, 1.0]]","[[2.220446049250313e-16, -0.0, -1.0, 0.4], [0.0, 1.0, -0.0, -0.16499999999999998], [1.0, 0.0, 2.220446049250313e-16, -0.2], [0.0, 0.0, 0.0, 1.0]]","[[1.6491437049293012e-08, -3.1623010514298576e-07, -0.9999999999999498, 0.40000000142049064], [-1.219681906409137e-07, 0.9999999999999427, -3.162301071544142e-07, -0.16501861018608374], [0.9999999999999925, 1.219681958559965e-07, 1.6491398524554057e-08, -0.1999999304061562], [0.0, 0.0, 0.0, 1.0]]"
3.1416666666666666,-6.762193356164804,-8.60202647185233,-0.05574335827638927,-99.37101521554649,11.501630458498564,16.873446174666654,3.203662023823811,-6.762200186353975,8.595115174185924,0.06159411232664608,-99.37101521554649,-11.506623326781844,16.874626089845776,-3.2097675726115678,"[[2.220446049250313e-16, -0.0, -1.0, 0.4], [0.0, 1.0, -0.0, 0.164375], [1.0, 0.0, 2.220446049250313e-16, -0.2], [0.0, 0.0, 0.0, 1.0]]","[[-1.655235837283442e-08, 9.558470573233004e-08, -0.9999999999999953, 0.3999999974796854], [5.63738317116404e-08, 0.9999999999999938, 9.558470479921004e-08, 0.16437912595258408], [0.9999999999999982, -5.6373830129487863e-08, -1.6552363701904937e-08, -0.199999968294717], [0.0, 0.0, 0.0, 1.0]]","[[2.220446049250313e-16, -0.0, -1.0, 0.4], [0.0, 1.0, -0.0, -0.164375], [1.0, 0.0, 2.220446049250313e-16, -0.2], [0.0, 0.0, 0.0, 1.0]]","[[-1.539911109738057e-08, -3.183536962621453e-07, -0.9999999999999493, 0.399999998938788], [-1.2206033693920998e-07, 0.999999999999942, -3.1835369438252224e-07, -0.16439361155648774], [0.9999999999999926, 1.2206033203683988e-07, -1.539914995518643e-08, -0.19999992206022743], [0.0, 0.0, 0.0, 1.0]]"
3.15,-6.789824032678445,-8.6606269336101,-0.12590365173519535,-99.3547047238085,11.586845606130936,16.870340146141594,3.1298165798385718,-6.790170237892,8.654419999201851,0.1325951960691848,-99.35450664832257,-11.592865564110657,16.87148591037486,-3.135032283043523,"[[2.220446049250313e-16, -0.0, -1.0, 0.4], [0.0, 1.0, -0.0, 0.16375], [1.0, 0.0, 2.220446049250313e-16, -0.2], [0.0, 0.0, 0.0, 1.0]]","[[-2.6562640975669183e-11, 2.1333570336394598e-07, -0.9999999999999775, 0.39999999966163186], [9.653509915220275e-08, 0.9999999999999728, 2.133357033613808e-07, 0.163761262445014], [0.9999999999999954, -9.65350991465338e-08, -2.658329112392721e-11, -0.1999999507187116], [0.0, 0.0, 0.0, 1.0]]","[[2.220446049250313e-16, -0.0, -1.0, 0.4], [0.0, 1.0, -0.0, -0.16375], [1.0, 0.0, 2.220446049250313e-16, -0.2], [0.0, 0.0, 0.0, 1.0]]","[[1.3865901149490156e-08, -2.156897100357271e-07, -0.9999999999999767, 0.39999999999205316], [-9.200711918712994e-08, 0.9999999999999727, -2.1568971131148785e-07, -0.16376126315789563], [0.9999999999999958, 9.200712217786002e-08, 1.3865881276498015e-08, -0.19999995292840622], [0.0, 0.0, 0.0, 1.0]]"
3.158333333333333,-6.818389591334731,-8.721066423801897,-0.19819482747785988,-99.33758826974845,11.674713428482212,16.86688065532698,3.053743000080028,-6.818413923883649,8.714156833682782,0.20404475109984357,-99.33758826974845,-11.679705442991844,16.86807935352632,-3.059845987546846,"[[2.220446049250313e-16, -0.0, -1.0, 0.4], [0.0, 1.0, -0.0, 0.163125], [1.0, 0.0, 2.220446049250313e-16, -0.2], [0.0, 0.0, 0.0, 1.0]]","[[-4.166748457379299e-08, 1.0933439972898618e-07, -0.9999999999999932, 0.3999999971954661], [4.5668085733993786e-08, 0.9999999999999929, 1.093343978261119e-07, 0.16312912604687702], [0.9999999999999981, -4.5668081178304146e-08, -4.16674894587743e-08, -0.1999999609584928], [0.0, 0.0, 0.0, 1.0]]","[[2.220446049250313e-16, -0.0, -1.0, 0.4], [0.0, 1.0, -0.0, -0.163125], [1.0, 0.0, 2.220446049250313e-16, -0.2], [0.0, 0.0, 0.0, 1.0]]","[[-6.094181659310749e-09, -2.1811555085470866e-07, -0.9999999999999762, 0.39999999854915436], [-8.317614520933955e-08, 0.9999999999999729, -2.181155503478174e-07, -0.16313626555516167], [0.9999999999999967, 8.317614388010182e-08, -6.094199644923748e-09, -0.1999999451257724], [0.0, 0.0, 0.0, 1.0]]"
3.1666666666666665,-6.846698591010318,-8.780810088471998,-0.269583057548334,-99.32037619304002,11.761528547927659,16.863224796573732,2.9786469911464417,-6.846932951876214,8.774328238949657,0.2759409231289845,-99.32025324963496,-11.767142109651763,16.864401296658265,-2.9842118877727097,"[[2.220446049250313e-16, -0.0, -1.0, 0.4], [0.0, 1.0, -0.0, 0.1625], [1.0, 0.0, 2.220446049250313e-16, -0.2], [0.0, 0.0, 0.0, 1.0]]","[[7.130935858468135e-08, 2.0411639605378935e-07, -0.9999999999999767, 0.40000000318441387], [7.57074833066802e-08, 0.9999999999999765, 2.0411640145244135e-07, 0.16251126677851363], [0.9999999999999947, -7.570749786208808e-08, 7.13093431525813e-08, -0.1999999703093737], [0.0, 0.0, 0.0, 1.0]]","[[2.220446049250313e-16, -0.0, -1.0, 0.4], [0.0, 1.0, -0.0, -0.1625], [1.0, 0.0, 2.220446049250313e-16, -0.2], [0.0, 0.0, 0.0, 1.0]]","[[6.932732704578726e-08, -2.1102206806154587e-07, -0.9999999999999755, 0.40000000366223665], [-7.89235909154319e-08, 0.9999999999999747, -2.110220735331073e-07, -0.16251126510871883], [0.9999999999999946, 7.892360554502626e-08, 6.932731039244189e-08, -0.19999997161582656], [0.0, 0.0, 0.0, 1.0]]"
3.175,-6.875081868993129,-8.840561437104917,-0.34090882874049955,-99.30288407857562,11.848316346616425,16.859326466104946,2.9036416956627695,-6.875124130788619,8.83365440830674,0.34675787190841056,-99.30288407857562,-11.853307507352412,16.8605439473245,-2.909742548695472,"[[2.220446049250313e-16, -0.0, -1.0, 0.4], [0.0, 1.0, -0.0, 0.161875], [1.0, 0.0, 2.220446049250313e-16, -0.2], [0.0, 0.0, 0.0, 1.0]]","[[-4.17499679272737e-08, 1.0741811957895242e-07, -0.9999999999999934, 0.3999999961761783], [4.3144142019657475e-08, 0.9999999999999933, 1.0741811777768587e-07, 0.161879126475022], [0.9999999999999983, -4.314413753495422e-08, -4.1749972590210405e-08, -0.19999995982703697], [0.0, 0.0, 0.0, 1.0]]","[[2.220446049250313e-16, -0.0, -1.0, 0.4], [0.0, 1.0, -0.0, -0.161875], [1.0, 0.0, 2.220446049250313e-16, -0.2], [0.0, 0.0, 0.0, 1.0]]","[[-2.4171625812030584e-10, -4.5832366441944393e-07, -0.9999999999998951, 0.3999999920958694], [-1.8092955989420546e-07, 0.9999999999998788, -4.5832366437570283e-07, -0.16190573743870196], [0.9999999999999837, 1.8092955978340223e-07, -2.417990807579429e-10, -0.19999988527965273], [0.0, 0.0, 0.0, 1.0]]"
3.183333333333333,-6.90320559978748,-8.899616106442494,-0.4113331216839292,-99.28531000184117,11.934050588625718,16.85524372052857,2.8296126903435868,-6.903590651701939,8.893414294676122,0.41801990356179813,-99.2850982659769,-11.940067985284498,16.85641509797123,-2.834828180105126,"[[2.220446049250313e-16, -0.0, -1.0, 0.4], [0.0, 1.0, -0.0, 0.16125], [1.0, 0.0, 2.220446049250313e-16, -0.2], [0.0, 0.0, 0.0, 1.0]]","[[4.9630308085468755e-08, 3.0969762094104913e-07, -0.9999999999999509, 0.39999999952845605], [1.0865630101742258e-07, 0.9999999999999462, 3.096976263336934e-07, 0.16126860878470298], [0.9999999999999929, -1.0865631638780588e-07, 4.963027444571111e-08, -0.19999994291199666], [0.0, 0.0, 0.0, 1.0]]","[[2.220446049250313e-16, -0.0, -1.0, 0.4], [0.0, 1.0, -0.0, -0.16125], [1.0, 0.0, 2.220446049250313e-16, -0.2], [0.0, 0.0, 0.0, 1.0]]","[[6.717611239492882e-08, -3.037317965061938e-07, -0.9999999999999517, 0.39999999933578373], [-1.1779905779492913e-07, 0.9999999999999469, -3.037318044194751e-07, -0.161268607616202], [0.9999999999999908, 1.1779907819844525e-07, 6.717607664574743e-08, -0.19999994827002582], [0.0, 0.0, 0.0, 1.0]]"
3.1916666666666664,-6.931736580611092,-8.959381969227397,-0.4825321074896264,-99.2672441514865,12.020782892027478,16.85087069191247,2.7547922368543283,-6.932131450922483,8.953181011234673,0.4892180089134226,-99.26702558543305,-12.026799434912613,16.852047191997006,-2.7600072997290446,"[[2.220446049250313e-16, -0.0, -1.0, 0.4], [0.0, 1.0, -0.0, 0.16062499999999996], [1.0, 0.0, 2.220446049250313e-16, -0.2], [0.0, 0.0, 0.0, 1.0]]","[[3.161671091600482e-09, 2.1238688421548977e-07, -0.9999999999999775, 0.39999999621111804], [8.645399497947336e-08, 0.9999999999999738, 2.1238688448882804e-07, 0.16063626602208328], [0.9999999999999963, -8.645399565096888e-08, 3.1616527729205757e-09, -0.1999999442918503], [0.0, 0.0, 0.0, 1.0]]","[[2.220446049250313e-16, -0.0, -1.0, 0.4], [0.0, 1.0, -0.0, -0.16062499999999996], [1.0, 0.0, 2.220446049250313e-16, -0.2], [0.0, 0.0, 0.0, 1.0]]","[[5.145544373919009e-08, -6.145230088874266e-07, -0.9999999999998099, 0.3999999881933075], [-2.320824315578434e-07, 0.9999999999997842, -6.145230208293154e-07, -0.16067578663459794], [0.9999999999999718, 2.3208246317835405e-07, 5.145530107553142e-08, -0.19999986128137603], [0.0, 0.0, 0.0, 1.0]]"
3.2,-6.960678653445375,-9.01985902545963,-0.5545037851256077,-99.24866603694406,12.108512403048062,16.846195427425595,2.6791837502895794,-6.960746528450252,9.012955411756039,0.5603514942721964,-99.24866603694406,-12.113502710010401,16.84743852185454,-2.685281188227697,"[[2.220446049250313e-16, -0.0, -1.0, 0.4], [0.0, 1.0, -0.0, 0.15999999999999998], [1.0, 0.0, 2.220446049250313e-16, -0.2], [0.0, 0.0, 0.0, 1.0]]","[[-6.7638583622908754e-09, 1.4335434918909685e-07, -0.9999999999999897, 0.39999999596336877], [5.600609076594107e-08, 0.999999999999988, 1.4335434881027936e-07, 0.16000681984456777], [0.9999999999999983, -5.600608979631198e-08, -6.763866355896653e-09, -0.1999999614074631], [0.0, 0.0, 0.0, 1.0]]","[[2.220446049250313e-16, -0.0, -1.0, 0.4], [0.0, 1.0, -0.0, -0.15999999999999998], [1.0, 0.0, 2.220446049250313e-16, -0.2], [0.0, 0.0, 0.0, 1.0]]","[[-1.062694121589658e-08, -4.500225160118186e-07, -0.9999999999998987, 0.39999998676895754], [-1.830399782857697e-07, 0.9999999999998822, -4.5002251406665606e-07, -0.16003074206494608], [0.9999999999999833, 1.8303997350338836e-07, -1.0627023594445006e-08, -0.19999987906283198], [0.0, 0.0, 0.0, 1.0]]"
3.2083333333333335,-6.989563950332182,-9.080066289219644,-0.6260790449854639,-99.22987618653735,12.195807343282702,16.84129988933799,2.604020933568174,-6.989640363073522,9.073163529289701,0.6319262205235237,-99.22987618653735,-12.200796796471396,16.842553229050687,-2.6101173042892336,"[[2.220446049250313e-16, -0.0, -1.0, 0.4], [0.0, 1.0, -0.0, 0.159375], [1.0, 0.0, 2.220446049250313e-16, -0.2], [0.0, 0.0, 0.0, 1.0]]","[[7.64006130582473e-09, 1.4352344744843982e-07, -0.9999999999999899, 0.3999999980721208], [6.318020478500574e-08, 0.9999999999999878, 1.435234479311402e-07, 0.1593818157380403], [0.9999999999999981, -6.318020588153305e-08, 7.64005231301823e-09, -0.19999996740726128], [0.0, 0.0, 0.0, 1.0]]","[[2.220446049250313e-16, -0.0, -1.0, 0.4], [0.0, 1.0, -0.0, -0.159375], [1.0, 0.0, 2.220446049250313e-16, -0.2], [0.0, 0.0, 0.0, 1.0]]","[[4.076387571938511e-08, -2.0504558847593393e-07, -0.9999999999999782, 0.3999999968592189], [-8.273721393151342e-08, 0.9999999999999757, -2.0504559184862293e-07, -0.1593862641007285], [0.9999999999999958, 8.273722228996464e-08, 4.076385884399514e-08, -0.19999996021073643], [0.0, 0.0, 0.0, 1.0]]"
3.216666666666667,-7.017777754246213,-9.138723953811715,-0.6957411581866287,-99.21130490218408,12.280803924861633,16.836310436149297,2.5309022643993067,-7.01820079908793,9.132526410913574,0.7024228974638995,-99.21107950594147,-12.28681790642583,16.83750742680134,-2.5361179676042576,"[[2.220446049250313e-16, -0.0, -1.0, 0.4], [0.0, 1.0, -0.0, 0.15874999999999997], [1.0, 0.0, 2.220446049250313e-16, -0.2], [0.0, 0.0, 0.0, 1.0]]","[[3.292420353018244e-08, 1.3979279475764226e-07, -0.9999999999999899, 0.39999999663465546], [6.364227024600741e-08, 0.9999999999999885, 1.397927968530131e-07, 0.15875681573767336], [0.9999999999999977, -6.364227484857325e-08, 3.292419464839824e-08, -0.19999997144825363], [0.0, 0.0, 0.0, 1.0]]","[[2.220446049250313e-16, -0.0, -1.0, 0.4], [0.0, 1.0, -0.0, -0.15874999999999997], [1.0, 0.0, 2.220446049250313e-16, -0.2], [0.0, 0.0, 0.0, 1.0]]","[[3.901258865957047e-08, -3.1639420228044825e-07, -0.9999999999999494, 0.3999999913473607], [-1.2130578412531876e-07, 0.9999999999999427, -3.1639420701289883e-07, -0.15876860342784893], [0.999999999999992, 1.2130579646866965e-07, 3.901255035687612e-08, -0.19999992938054498], [0.0, 0.0, 0.0, 1.0]]"
3.225,-7.046606702072367,-9.19851884490059,-0.7666783289676176,-99.1920779196705,12.367415846179272,16.830981181049392,2.4564683569283887,-7.0470395653110165,9.192323009549742,0.773358787584419,-99.19185252342788,-12.373428973969823,16.832183294343317,-2.4616840601333396,"[[2.220446049250313e-16, -0.0, -1.0, 0.4], [0.0, 1.0, -0.0, 0.158125], [1.0, 0.0, 2.220446049250313e-16, -0.2], [0.0, 0.0, 0.0, 1.0]]","[[4.601792252811876e-08, 9.622980194108524e-08, -0.9999999999999943, 0.40000000066475927], [2.6251148878299596e-08, 0.9999999999999951, 9.622980314910864e-08, 0.1581291275192323], [0.9999999999999986, -2.6251153306595057e-08, 4.60179199746058e-08, -0.19999999334029717], [0.0, 0.0, 0.0, 1.0]]","[[2.220446049250313e-16, -0.0, -1.0, 0.4], [0.0, 1.0, -0.0, -0.158125], [1.0, 0.0, 2.220446049250313e-16, -0.2], [0.0, 0.0, 0.0, 1.0]]","[[1.3532304610208712e-08, -4.49450909665716e-07, -0.9999999999998991, 0.39999998158464917], [-1.7680343098906155e-07, 0.9999999999998835, -4.494509120582669e-07, -0.15815574103074337], [0.9999999999999843, 1.7680343707115034e-07, 1.3532225118240149e-08, -0.19999988266621188], [0.0, 0.0, 0.0, 1.0]]"
3.2333333333333334,-7.075510781979392,-9.258321419952283,-0.8375485852390815,-99.17257089940094,12.453995324098354,16.82541286932854,2.3821341275306707,-7.075953463614973,9.252126438375083,0.844227976638825,-99.17233867296916,-12.460008451888903,16.826621812811634,-2.3873498307356216,"[[2.220446049250313e-16, -0.0, -1.0, 0.4], [0.0, 1.0, -0.0, 0.15749999999999997], [1.0, 0.0, 2.220446049250313e-16, -0.2], [0.0, 0.0, 0.0, 1.0]]","[[7.948485430953056e-08, 2.1066915687691238e-07, -0.9999999999999746, 0.3999999977659749], [6.714143596992956e-08, 0.9999999999999756, 2.1066916221363984e-07, 0.15751126355769376], [0.9999999999999946, -6.714145271493552e-08, 7.948484009867585e-08, -0.1999999709638547], [0.0, 0.0, 0.0, 1.0]]","[[2.220446049250313e-16, -0.0, -1.0, 0.4], [0.0, 1.0, -0.0, -0.15749999999999997], [1.0, 0.0, 2.220446049250313e-16, -0.2], [0.0, 0.0, 0.0, 1.0]]","[[1.0301794101108541e-07, -6.173215714808672e-07, -0.9999999999998042, 0.39999998132521225], [-2.0836864442880586e-07, 0.9999999999997877, -6.173215929465658e-07, -0.15755077826624245], [0.9999999999999729, 2.0836870802396447e-07, 1.0301781244725916e-07, -0.19999987025921723], [0.0, 0.0, 0.0, 1.0]]"
3.2416666666666667,-7.104830222765317,-9.318835188451304,-0.9091837693367338,-99.15253112437613,12.541565179447087,16.81953207645316,2.3070255254358023,-7.105147826561723,9.312364437986364,0.9155331772222012,-99.15238769040356,-12.54717447230296,16.8207751708821,-2.3125867935240736,"[[2.220446049250313e-16, -0.0, -1.0, 0.4], [0.0, 1.0, -0.0, 0.156875], [1.0, 0.0, 2.220446049250313e-16, -0.2], [0.0, 0.0, 0.0, 1.0]]","[[4.5165250761591835e-08, 2.1663778084871156e-07, -0.9999999999999757, 0.399999994245511], [8.086997402245734e-08, 0.9999999999999735, 2.1663778450122372e-07, 0.1568862594770507], [0.9999999999999959, -8.086998380695521e-08, 4.516523333109035e-08, -0.19999995984421426], [0.0, 0.0, 0.0, 1.0]]","[[2.220446049250313e-16, -0.0, -1.0, 0.4], [0.0, 1.0, -0.0, -0.156875], [1.0, 0.0, 2.220446049250313e-16, -0.2], [0.0, 0.0, 0.0, 1.0]]","[[5.453691970247476e-08, -2.1420478614128912e-07, -0.9999999999999757, 0.39999999693533506], [-6.854491500416373e-08, 0.9999999999999749, -2.1420478987951746e-07, -0.15688626240025158], [0.9999999999999963, 6.854492668623149e-08, 5.453690504753084e-08, -0.1999999653774112], [0.0, 0.0, 0.0, 1.0]]"
3.25,-7.133884566834082,-9.378651423881337,-0.9799168882162685,-99.13244353802712,12.62807806302176,16.813487359037698,2.232896842043419,-7.134004522031381,9.371756347914209,0.9857620360419186,-99.13244353802712,-12.633066662436809,16.81478509498,-2.238987236348955,"[[2.220446049250313e-16, -0.0, -1.0, 0.4], [0.0, 1.0, -0.0, 0.15625], [1.0, 0.0, 2.220446049250313e-16, -0.2], [0.0, 0.0, 0.0, 1.0]]","[[5.284144383166378e-08, 1.388303218603484e-07, -0.9999999999999892, 0.3999999975933126], [5.167797921009723e-08, 0.9999999999999893, 1.3883032459108743e-07, 0.1562568163665913], [0.9999999999999974, -5.167798654609145e-08, 5.284143661521412e-08, -0.1999999770625317], [0.0, 0.0, 0.0, 1.0]]","[[2.220446049250313e-16, -0.0, -1.0, 0.4], [0.0, 1.0, -0.0, -0.15625], [1.0, 0.0, 2.220446049250313e-16, -0.2], [0.0, 0.0, 0.0, 1.0]]","[[4.197217418067112e-08, -4.48225760967575e-07, -0.9999999999998987, 0.399999981302553], [-1.6807804503988668e-07, 0.9999999999998855, -4.4822576802217007e-07, -0.15628073159589212], [0.9999999999999851, 1.6807806385287961e-07, 4.197209890755005e-08, -0.19999989308681396], [0.0, 0.0, 0.0, 1.0]]"
3.2583333333333333,-7.162105627824106,-9.43660899408348,-1.0483781154231278,-99.11271795170411,12.711846064323737,16.80741702841285,2.1611862590606323,-7.162799745798508,9.430877611596193,1.0555946371680693,-99.11230814035392,-12.718520866690131,16.80859182095009,-2.165834629677649,"[[2.220446049250313e-16, -0.0, -1.0, 0.4], [0.0, 1.0, -0.0, 0.15562499999999999], [1.0, 0.0, 2.220446049250313e-16, -0.2], [0.0, 0.0, 0.0, 1.0]]","[[6.841573485516506e-08, 3.107847113880108e-07, -0.9999999999999495, 0.39999999007955644], [1.0808337578278579e-07, 0.9999999999999459, 3.107847187826133e-07, 0.15564360134343397], [0.9999999999999919, -1.0808339704534526e-07, 6.841570132642971e-08, -0.19999993619469167], [0.0, 0.0, 0.0, 1.0]]","[[2.220446049250313e-16, -0.0, -1.0, 0.4], [0.0, 1.0, -0.0, -0.15562499999999999], [1.0, 0.0, 2.220446049250313e-16, -0.2], [0.0, 0.0, 0.0, 1.0]]","[[1.0290324714556931e-07, -6.168599388085214e-07, -0.9999999999998045, 0.3999999748173448], [-2.1150944084076133e-07, 0.9999999999997874, -6.168599605735192e-07, -0.15567577751556508], [0.9999999999999724, 2.11509504317613e-07, 1.0290311669436392e-07, -0.1999998680858725], [0.0, 0.0, 0.0, 1.0]]"
3.2666666666666666,-7.192218224327399,-9.498306946629851,-1.121175018649064,-99.0914009313045,12.800997962238974,16.800685876985803,2.0849528101868273,-7.1920116111050065,9.490710068725505,1.126189124551794,-99.09164681811463,-12.804963740825812,16.802086065765653,-2.091912986394482,"[[2.220446049250313e-16, -0.0, -1.0, 0.4], [0.0, 1.0, -0.0, 0.155], [1.0, 0.0, 2.220446049250313e-16, -0.2], [0.0, 0.0, 0.0, 1.0]]","[[-2.3924205283520905e-08, 1.0233811014797091e-07, -0.9999999999999947, 0.39999999596132696], [3.458482532572839e-08, 0.9999999999999944, 1.0233810932055641e-07, 0.1550041259892077], [0.9999999999999993, -3.458482287737026e-08, -2.3924208836234584e-08, -0.19999996750819482], [0.0, 0.0, 0.0, 1.0]]","[[2.220446049250313e-16, -0.0, -1.0, 0.4], [0.0, 1.0, -0.0, -0.155], [1.0, 0.0, 2.220446049250313e-16, -0.2], [0.0, 0.0, 0.0, 1.0]]","[[6.771331223509591e-08, -3.0672561889324567e-07, -0.9999999999999506, 0.39999998867352843], [-1.1733058223968088e-07, 0.999999999999946, -3.0672562683808665e-07, -0.15501860436325363], [0.9999999999999908, 1.1733060300908323e-07, 6.771327626386991e-08, -0.19999993664181193], [0.0, 0.0, 0.0, 1.0]]"
3.275,-7.221496683978305,-9.558146233948333,-1.1916991764286788,-99.07044591093091,12.887404977881513,16.79393081989666,2.011139596156734,-7.221298608492375,9.550550209817633,1.1967139226616432,-99.0706986279302,-12.891370756468351,16.795342961507558,-2.01809721104345,"[[2.220446049250313e-16, -0.0, -1.0, 0.4], [0.0, 1.0, -0.0, 0.15437499999999998], [1.0, 0.0, 2.220446049250313e-16, -0.2], [0.0, 0.0, 0.0, 1.0]]","[[2.8268300311662387e-08, 1.3735970113106263e-07, -0.9999999999999902, 0.3999999958498936], [4.6926963650974286e-08, 0.9999999999999896, 1.3735970245760805e-07, 0.15438181664522863], [0.9999999999999987, -4.692696753389916e-08, 2.8268293872368844e-08, -0.19999996952030052], [0.0, 0.0, 0.0, 1.0]]","[[2.220446049250313e-16, -0.0, -1.0, 0.4], [0.0, 1.0, -0.0, -0.15437499999999998], [1.0, 0.0, 2.220446049250313e-16, -0.2], [0.0, 0.0, 0.0, 1.0]]","[[1.8323716544088597e-08, -3.1441105276541717e-07, -0.9999999999999505, 0.3999999843861534], [-1.2142143877118764e-07, 0.9999999999999432, -3.1441105499030696e-07, -0.15439359925461543], [0.9999999999999925, 1.2142144453236067e-07, 1.832367835241655e-08, -0.19999991872412334], [0.0, 0.0, 0.0, 1.0]]"
3.283333333333333,-7.250851129483728,-9.61799149768234,-1.2621518306654198,-99.04920402261217,12.97377357370997,16.78694012128115,1.937434811379715,-7.251005662513699,9.611101544357089,1.2679952709437774,-99.04920402261217,-12.978761319351372,16.78827542326389,-1.943520723373608,"[[2.220446049250313e-16, -0.0, -1.0, 0.4], [0.0, 1.0, -0.0, 0.15375], [1.0, 0.0, 2.220446049250313e-16, -0.2], [0.0, 0.0, 0.0, 1.0]]","[[-1.349443362608227e-08, 1.4885175030088355e-07, -0.9999999999999889, 0.3999999914941161], [6.122342363866095e-08, 0.9999999999999871, 1.4885174947470787e-07, 0.1537568149432692], [0.999999999999998, -6.122342162999021e-08, -1.3494442729911071e-08, -0.1999999554967694], [0.0, 0.0, 0.0, 1.0]]","[[2.220446049250313e-16, -0.0, -1.0, 0.4], [0.0, 1.0, -0.0, -0.15375], [1.0, 0.0, 2.220446049250313e-16, -0.2], [0.0, 0.0, 0.0, 1.0]]","[[9.701438075104818e-08, -4.3491314056156344e-07, -0.9999999999999009, 0.3999999768786527], [-1.5650644399049045e-07, 0.9999999999998933, -4.349131557449359e-07, -0.15378073725916272], [0.9999999999999832, 1.5650648618330542e-07, 9.701431269437677e-08, -0.19999990593136135], [0.0, 0.0, 0.0, 1.0]]"
3.2916666666666665,-7.279934074969642,-9.67714093589465,-1.3317057814177753,-99.02793481353675,13.059085197764368,16.779807696240365,1.864707170540831,-7.2804429240628075,9.670956199601203,1.3383759947508216,-99.0276752663483,-13.06509320291304,16.78105932840577,-1.869923727519428,"[[2.220446049250313e-16, -0.0, -1.0, 0.4], [0.0, 1.0, -0.0, 0.15312499999999998], [1.0, 0.0, 2.220446049250313e-16, -0.2], [0.0, 0.0, 0.0, 1.0]]","[[9.253961286148638e-08, 2.0087945721730649e-07, -0.9999999999999755, 0.39999999084876536], [7.514022021093965e-08, 0.9999999999999769, 2.008794641707537e-07, 0.15313625929850258], [0.9999999999999928, -7.514023880024565e-08, 9.253959776245324e-08, -0.1999999718521915], [0.0, 0.0, 0.0, 1.0]]","[[2.220446049250313e-16, -0.0, -1.0, 0.4], [0.0, 1.0, -0.0, -0.15312499999999998], [1.0, 0.0, 2.220446049250313e-16, -0.2], [0.0, 0.0, 0.0, 1.0]]","[[-6.236720528907114e-09, -4.4784042434574474e-07, -0.9999999999999, 0.3999999674891251], [-1.7168445649688795e-07, 0.9999999999998852, -4.4784042327499016e-07, -0.15315572913237277], [0.9999999999999855, 1.7168445370381515e-07, -6.236797356340418e-09, -0.19999986836408723], [0.0, 0.0, 0.0, 1.0]]"
3.3,-7.309784562963537,-9.737705077038799,-1.4028416680149292,-99.0058528119501,13.146398921019227,16.772255214565625,1.790354264844601,-7.310166199783411,9.731244571857614,1.409184459154638,-99.0056957175992,-13.152004798780514,16.773551242960632,-1.7959128648902276,"[[2.220446049250313e-16, -0.0, -1.0, 0.4], [0.0, 1.0, -0.0, 0.1525], [1.0, 0.0, 2.220446049250313e-16, -0.2], [0.0, 0.0, 0.0, 1.0]]","[[4.62613399809797e-08, 2.1716659288327908e-07, -0.9999999999999754, 0.39999998909724754], [7.180440258894002e-08, 0.9999999999999739, 2.1716659620504663e-07, 0.15251125851924055], [0.9999999999999964, -7.180441263535598e-08, 4.6261324437857354e-08, -0.19999995536705437], [0.0, 0.0, 0.0, 1.0]]","[[2.220446049250313e-16, -0.0, -1.0, 0.4], [0.0, 1.0, -0.0, -0.1525], [1.0, 0.0, 2.220446049250313e-16, -0.2], [0.0, 0.0, 0.0, 1.0]]","[[3.455069602642524e-08, -1.3925989056753859e-07, -0.9999999999999897, 0.3999999916360238], [-5.761243562054935e-08, 0.9999999999999887, -1.392598925580882e-07, -0.15250681563548493], [0.9999999999999977, 5.761244043207498e-08, 3.4550688032819465e-08, -0.1999999675137563], [0.0, 0.0, 0.0, 1.0]]"
3.308333333333333,-7.339364404711569,-9.797572538887607,-1.4730773570238165,-98.98375031979594,13.232653964952732,16.764561006465605,1.7169810644074448,-7.339754579267906,9.791113741253714,1.4794192943898792,-98.98358639525586,-13.238258135166728,16.765863865049784,-1.7225391308445426,"[[2.220446049250313e-16, -0.0, -1.0, 0.4], [0.0, 1.0, -0.0, 0.151875], [1.0, 0.0, 2.220446049250313e-16, -0.2], [0.0, 0.0, 0.0, 1.0]]","[[2.884586974838399e-08, 1.4575477957453053e-07, -0.9999999999999892, 0.3999999900228814], [5.8523408503369577e-08, 0.9999999999999878, 1.4575478126268895e-07, 0.15188181402641923], [0.9999999999999981, -5.8523412707792364e-08, 2.88458611996667e-08, -0.19999996869674017], [0.0, 0.0, 0.0, 1.0]]","[[2.220446049250313e-16, -0.0, -1.0, 0.4], [0.0, 1.0, -0.0, -0.151875], [1.0, 0.0, 2.220446049250313e-16, -0.2], [0.0, 0.0, 0.0, 1.0]]","[[-1.088347661992728e-08, -4.527186026493929e-07, -0.9999999999998976, 0.3999999634181236], [-1.7671028473198115e-07, 0.9999999999998821, -4.5271860072616357e-07, -0.15190572764071036], [0.9999999999999845, 1.767102798048107e-07, -1.0883556555985052e-08, -0.1999998689453879], [0.0, 0.0, 0.0, 1.0]]"
3.3166666666666664,-7.369018524766826,-9.857446830925586,-1.5432394080557148,-98.96135412950747,13.318868027751218,16.75663286438651,1.6437210957001227,-7.3692072087426475,9.850562854015859,1.549081034065074,-98.96136095969663,-13.323854919618974,16.75800402486239,-1.6498019917738438,"[[2.220446049250313e-16, -0.0, -1.0, 0.4], [0.0, 1.0, -0.0, 0.15124999999999997], [1.0, 0.0, 2.220446049250313e-16, -0.2], [0.0, 0.0, 0.0, 1.0]]","[[4.9473208862949036e-08, 4.3810179274570867e-07, -0.9999999999999029, 0.3999999685299529], [1.6124382299594563e-07, 0.9999999999998911, 4.381018007229529e-07, 0.15128072652736593], [0.9999999999999859, -1.6124384467023187e-07, 4.947313825276467e-08, -0.199999888646833], [0.0, 0.0, 0.0, 1.0]]","[[2.220446049250313e-16, -0.0, -1.0, 0.4], [0.0, 1.0, -0.0, -0.15124999999999997], [1.0, 0.0, 2.220446049250313e-16, -0.2], [0.0, 0.0, 0.0, 1.0]]","[[5.52621506333395e-08, -3.0986533316616e-07, -0.9999999999999506, 0.3999999791250526], [-1.1224832009559743e-07, 0.9999999999999458, -3.0986533936924203e-07, -0.1512685986859436], [0.9999999999999923, 1.1224833721941694e-07, 5.526211588335883e-08, -0.19999992956144266], [0.0, 0.0, 0.0, 1.0]]"
3.3249999999999997,-7.398748630676598,-9.91732880692638,-1.6133270740586834,-98.93867790146302,13.40504196318833,16.74847249587564,1.5705754259396925,-7.3989458523888825,9.910445683790298,1.6191681664595134,-98.93867790146302,-13.41002800128244,16.749852194087982,-1.576655254796356,"[[2.220446049250313e-16, -0.0, -1.0, 0.4], [0.0, 1.0, -0.0, 0.15062499999999998], [1.0, 0.0, 2.220446049250313e-16, -0.2], [0.0, 0.0, 0.0, 1.0]]","[[1.159029983099913e-09, 2.097518641062361e-07, -0.9999999999999782, 0.3999999800782617], [9.101522449281653e-08, 0.999999999999974, 2.0975186421172464e-07, 0.15063625775446204], [0.999999999999996, -9.101522473592322e-08, 1.1590108872638893e-09, -0.19999993359165183], [0.0, 0.0, 0.0, 1.0]]","[[2.220446049250313e-16, -0.0, -1.0, 0.4], [0.0, 1.0, -0.0, -0.15062499999999998], [1.0, 0.0, 2.220446049250313e-16, -0.2], [0.0, 0.0, 0.0, 1.0]]","[[4.552251836598131e-08, -4.48465199117666e-07, -0.9999999999998986, 0.3999999681630327], [-1.5969568004600173e-07, 0.9999999999998868, -4.4846520638741034e-07, -0.15065572585073508], [0.9999999999999863, 1.5969570046125108e-07, 4.5522446756596224e-08, -0.19999988697757176], [0.0, 0.0, 0.0, 1.0]]"
3.3333333333333335,-7.428554722440888,-9.977217613116343,-1.683339928145899,-98.91570797528428,13.491174063716777,16.740078193385695,1.4975453357866237,-7.4287604818896344,9.970337051301202,1.6891808071033176,-98.91570797528428,-13.496160955584532,16.741466429334498,-1.5036238839828178,"[[2.220446049250313e-16, -0.0, -1.0, 0.4], [0.0, 1.0, -0.0, 0.14999999999999997], [1.0, 0.0, 2.220446049250313e-16, -0.2], [0.0, 0.0, 0.0, 1.0]]","[[5.003492409283439e-08, 1.3675468341625218e-07, -0.9999999999999896, 0.3999999920776587], [5.332471554362143e-08, 0.9999999999999895, 1.3675468608435025e-07, 0.15000681229476015], [0.9999999999999976, -5.332472238613121e-08, 5.003491687638473e-08, -0.199999972535383], [0.0, 0.0, 0.0, 1.0]]","[[2.220446049250313e-16, -0.0, -1.0, 0.4], [0.0, 1.0, -0.0, -0.14999999999999997], [1.0, 0.0, 2.220446049250313e-16, -0.2], [0.0, 0.0, 0.0, 1.0]]","[[3.8512952493796604e-08, -3.103865475313849e-07, -0.9999999999999513, 0.39999997317612496], [-1.1394099522404912e-07, 0.9999999999999456, -3.1038655191958725e-07, -0.1500185977536982], [0.999999999999993, 1.1394100717794607e-07, 3.851291718870442e-08, -0.19999991766778982], [0.0, 0.0, 0.0, 1.0]]"
3.341666666666667,-7.4584359462860474,-10.037113249495478,-1.7532772232654215,-98.89245118116038,13.577264329336556,16.731451664463968,1.4246323193447972,-7.4586493896976105,10.030234395227628,1.7591174618926053,-98.89245118116038,-13.582250367430666,16.732850145696528,-1.4307098003239334,"[[2.220446049250313e-16, -0.0, -1.0, 0.4], [0.0, 1.0, -0.0, 0.14937499999999998], [1.0, 0.0, 2.220446049250313e-16, -0.2], [0.0, 0.0, 0.0, 1.0]]","[[4.175860973676393e-08, 1.4099149895198658e-07, -0.9999999999999892, 0.39999998924182456], [4.880184531491879e-08, 0.9999999999999889, 1.4099150098988374e-07, 0.14938181368316977], [0.9999999999999979, -4.880185120252733e-08, 4.175860285338118e-08, -0.19999996919836152], [0.0, 0.0, 0.0, 1.0]]","[[2.220446049250313e-16, -0.0, -1.0, 0.4], [0.0, 1.0, -0.0, -0.14937499999999998], [1.0, 0.0, 2.220446049250313e-16, -0.2], [0.0, 0.0, 0.0, 1.0]]","[[1.9190047328976334e-09, -3.155469556574019e-07, -0.9999999999999504, 0.3999999701936913], [-1.2187444200315397e-07, 0.9999999999999429, -3.1554695589127725e-07, -0.14939359720080356], [0.9999999999999928, 1.2187444260868403e-07, 1.918966208158679e-09, -0.19999990239129956], [0.0, 0.0, 0.0, 1.0]]"
3.35,-7.488392302212077,-10.097016569837429,-1.8231379989218985,-98.86890751909134,13.663311052500376,16.72259290911046,1.3518377639963879,-7.488828580545312,10.09056545616635,1.8294749203677894,-98.8687367643621,-13.668913515167079,16.723931626187785,-1.3573941228861932,"[[2.220446049250313e-16, -0.0, -1.0, 0.4], [0.0, 1.0, -0.0, 0.14875], [1.0, 0.0, 2.220446049250313e-16, -0.2], [0.0, 0.0, 0.0, 1.0]]","[[1.4176213758432255e-08, 1.4461030060058548e-07, -0.9999999999999895, 0.399999986434191], [6.069958224594823e-08, 0.9999999999999878, 1.4461030146107548e-07, 0.14875681218010078], [0.9999999999999981, -6.069958429597415e-08, 1.417620498767036e-08, -0.19999995919747093], [0.0, 0.0, 0.0, 1.0]]","[[2.220446049250313e-16, -0.0, -1.0, 0.4], [0.0, 1.0, -0.0, -0.14875], [1.0, 0.0, 2.220446049250313e-16, -0.2], [0.0, 0.0, 0.0, 1.0]]","[[7.589751943593015e-08, -3.0918720482563393e-07, -0.9999999999999496, 0.39999997404252285], [-1.1072099604506826e-07, 0.9999999999999463, -3.091872132290819e-07, -0.1487685964193537], [0.9999999999999913, 1.1072101951160517e-07, 7.589748524106099e-08, -0.19999992978856043], [0.0, 0.0, 0.0, 1.0]]"
3.3583333333333334,-7.518070327929429,-10.156221503336745,-1.8921022055281058,-98.8453638570223,13.748299096342844,16.713616332993773,1.280018751760527,-7.518301700587563,10.149346064163481,1.897941803825055,-98.84537068721149,-13.753285134436954,16.71503359724655,-1.2860936714187243,"[[2.220446049250313e-16, -0.0, -1.0, 0.4], [0.0, 1.0, -0.0, 0.148125], [1.0, 0.0, 2.220446049250313e-16, -0.2], [0.0, 0.0, 0.0, 1.0]]","[[3.9208148838731915e-08, 2.0831049356642094e-07, -0.9999999999999776, 0.3999999832837], [7.375312755122445e-08, 0.9999999999999756, 2.0831049645814415e-07, 0.14813625482826237], [0.9999999999999964, -7.375313571869173e-08, 3.9208133517654176e-08, -0.19999995106906976], [0.0, 0.0, 0.0, 1.0]]","[[2.220446049250313e-16, -0.0, -1.0, 0.4], [0.0, 1.0, -0.0, -0.148125], [1.0, 0.0, 2.220446049250313e-16, -0.2], [0.0, 0.0, 0.0, 1.0]]","[[8.204694745828078e-08, -4.4115065291484427e-07, -0.9999999999998994, 0.3999999586119011], [-1.5232870922475227e-07, 0.9999999999998912, -4.411506654129462e-07, -0.14815572127741977], [0.9999999999999851, 1.523287454198024e-07, 8.20468802897878e-08, -0.19999989068519436], [0.0, 0.0, 0.0, 1.0]]"
3.3666666666666667,-7.548532117854039,-10.21684370108884,-1.96262839102013,-98.82095959111786,13.83527387146014,16.704182134202693,1.2066081987263473,-7.548772028248636,10.209969115689221,1.9684675624302563,-98.82096642130702,-13.84025990955425,16.70560793619193,-1.2126818377240753,"[[2.220446049250313e-16, -0.0, -1.0, 0.4], [0.0, 1.0, -0.0, 0.14749999999999996], [1.0, 0.0, 2.220446049250313e-16, -0.2], [0.0, 0.0, 0.0, 1.0]]","[[9.161380543076802e-09, 3.153706454692933e-07, -0.9999999999999504, 0.3999999694625867], [1.11272610133959e-07, 0.9999999999999443, 3.1537064648870213e-07, 0.14751859571726966], [0.9999999999999939, -1.1127261302318396e-07, 9.161345460029224e-09, -0.19999990823297858], [0.0, 0.0, 0.0, 1.0]]","[[2.220446049250313e-16, -0.0, -1.0, 0.4], [0.0, 1.0, -0.0, -0.14749999999999996], [1.0, 0.0, 2.220446049250313e-16, -0.2], [0.0, 0.0, 0.0, 1.0]]","[[4.7353507781622284e-08, -3.1234184245312654e-07, -0.9999999999999502, 0.3999999734664617], [-1.1246524509956766e-07, 0.9999999999999449, -3.123418477787488e-07, -0.14751859323480182], [0.9999999999999926, 1.1246525989004416e-07, 4.7353472698574706e-08, -0.1999999226754423], [0.0, 0.0, 0.0, 1.0]]"
3.375,-7.578716431343619,-10.276767511998301,-2.0322566200797096,-98.7965553252134,13.921188259708792,16.69463011464843,1.134175963569066,-7.579180030433533,10.270322374742747,2.03859076676125,-98.79637774029497,-13.926789014828204,16.695991029840552,-1.1397313619635194,"[[2.220446049250313e-16, -0.0, -1.0, 0.4], [0.0, 1.0, -0.0, 0.14687499999999998], [1.0, 0.0, 2.220446049250313e-16, -0.2], [0.0, 0.0, 0.0, 1.0]]","[[2.3180901087549444e-09, 1.4803806731617948e-07, -0.9999999999999889, 0.3999999842521154], [5.250101939035272e-08, 0.9999999999999876, 1.4803806743788136e-07, 0.14688181341179335], [0.9999999999999984, -5.250101973351773e-08, 2.318082337193772e-09, -0.19999995419285926], [0.0, 0.0, 0.0, 1.0]]","[[2.220446049250313e-16, -0.0, -1.0, 0.4], [0.0, 1.0, -0.0, -0.14687499999999998], [1.0, 0.0, 2.220446049250313e-16, -0.2], [0.0, 0.0, 0.0, 1.0]]","[[5.295950256112292e-08, -6.144296519273265e-07, -0.9999999999998098, 0.3999999334310643], [-2.1787349508054156e-07, 0.9999999999997875, -6.144296634657847e-07, -0.1469257674272933], [0.9999999999999748, 2.1787352762038947e-07, 5.295936866822615e-08, -0.1999998202710607], [0.0, 0.0, 0.0, 1.0]]"
3.3833333333333333,-7.608619853303581,-10.33599464361242,-2.1009894540277827,-98.77216471968728,14.0060422610888,16.684970519614737,1.062718311028981,-7.608875985397456,10.329123473307387,2.106827558220851,-98.77216471968728,-14.011027445409264,16.686415104624196,-1.0687898155925935,"[[2.220446049250313e-16, -0.0, -1.0, 0.4], [0.0, 1.0, -0.0, 0.14625], [1.0, 0.0, 2.220446049250313e-16, -0.2], [0.0, 0.0, 0.0, 1.0]]","[[7.436577020847324e-09, 2.1124561281033462e-07, -0.9999999999999777, 0.39999997657801695], [7.512146342652437e-08, 0.9999999999999748, 2.1124561336898059e-07, 0.14626125460490375], [0.9999999999999972, -7.512146499746698e-08, 7.4365611446580715e-09, -0.19999993706782426], [0.0, 0.0, 0.0, 1.0]]","[[2.220446049250313e-16, -0.0, -1.0, 0.4], [0.0, 1.0, -0.0, -0.14625], [1.0, 0.0, 2.220446049250313e-16, -0.2], [0.0, 0.0, 0.0, 1.0]]","[[5.323273666313355e-08, -4.3604213865239807e-07, -0.9999999999999036, 0.3999999528733042], [-1.6658565437489268e-07, 0.9999999999998913, -4.3604214752020294e-07, -0.1462807203732773], [0.9999999999999849, 1.665856775865934e-07, 5.323266394352544e-08, -0.19999987393728907], [0.0, 0.0, 0.0, 1.0]]"
3.3916666666666666,-7.639311308339033,-10.396637331932023,-2.171276369455445,-98.74688618956907,14.092877871101757,16.674836226433733,0.9896821377386827,-7.639219100785238,10.389063505916127,2.176298266042697,-98.74718671789255,-14.096849626104119,16.676415707679297,-0.9966024000283751,"[[2.220446049250313e-16, -0.0, -1.0, 0.4], [0.0, 1.0, -0.0, 0.145625], [1.0, 0.0, 2.220446049250313e-16, -0.2], [0.0, 0.0, 0.0, 1.0]]","[[-1.3256707842579374e-08, 1.4202600807343932e-07, -0.9999999999999901, 0.39999998280627963], [5.5503113770774786e-08, 0.9999999999999886, 1.4202600733765055e-07, 0.14563181233295097], [0.9999999999999986, -5.550311188797693e-08, -1.3256715836185151e-08, -0.19999995145012728], [0.0, 0.0, 0.0, 1.0]]","[[2.220446049250313e-16, -0.0, -1.0, 0.4], [0.0, 1.0, -0.0, -0.145625], [1.0, 0.0, 2.220446049250313e-16, -0.2], [0.0, 0.0, 0.0, 1.0]]","[[5.703924327304932e-08, -4.3461151946666063e-07, -0.9999999999999039, 0.39999995168351526], [-1.62565221780034e-07, 0.9999999999998923, -4.346115287392528e-07, -0.14565572001848556], [0.9999999999999851, 1.6256524656993114e-07, 5.7039172662864956e-08, -0.1999998791188011], [0.0, 0.0, 0.0, 1.0]]"
3.4,-7.66972357939216,-10.45658248718264,-2.24066639566772,-98.72161448964002,14.178652240472424,16.66459606532059,0.9176233218299309,-7.669996786958961,10.449715585745839,2.246503859530554,-98.72162131982918,-14.183637424792886,16.666059433350267,-0.9236921583508988,"[[2.220446049250313e-16, -0.0, -1.0, 0.4], [0.0, 1.0, -0.0, 0.14500000000000002], [1.0, 0.0, 2.220446049250313e-16, -0.2], [0.0, 0.0, 0.0, 1.0]]","[[4.4864619186402166e-08, 1.4671282622693953e-07, -0.9999999999999882, 0.39999998563483763], [5.1204431389843335e-08, 0.999999999999988, 1.4671282852420678e-07, 0.14500680924430867], [0.9999999999999978, -5.1204437972057906e-08, 4.48646117479079e-08, -0.19999997102220063], [0.0, 0.0, 0.0, 1.0]]","[[2.220446049250313e-16, -0.0, -1.0, 0.4], [0.0, 1.0, -0.0, -0.14500000000000002], [1.0, 0.0, 2.220446049250313e-16, -0.2], [0.0, 0.0, 0.0, 1.0]]","[[1.5408607723088608e-09, -3.140955201820666e-07, -0.9999999999999508, 0.3999999608728261], [-1.2568184726794302e-07, 0.9999999999999429, -3.1409552037572236e-07, -0.14501859387548421], [0.9999999999999923, 1.2568184775191425e-07, 1.5408212483691841e-09, -0.19999989643866187], [0.0, 0.0, 0.0, 1.0]]"
3.408333333333333,-7.699258171136942,-10.514664708337136,-2.3078165467190543,-98.6968823746554,14.261694534175085,16.654472017423338,0.847937729853494,-7.700134142897996,10.508964915474762,2.314998917518146,-98.69637694065682,-14.268351407294908,16.65572877223062,-0.8526061107903448,"[[2.220446049250313e-16, -0.0, -1.0, 0.4], [0.0, 1.0, -0.0, 0.14437499999999998], [1.0, 0.0, 2.220446049250313e-16, -0.2], [0.0, 0.0, 0.0, 1.0]]","[[-2.0687668911278934e-08, 1.4222792663655616e-07, -0.9999999999999899, 0.39999997893357025], [6.436285943692993e-08, 0.999999999999988, 1.422279253050384e-07, 0.1443818108330777], [0.9999999999999979, -6.436285649456503e-08, -2.0687678015107736e-08, -0.19999994589673786], [0.0, 0.0, 0.0, 1.0]]","[[2.220446049250313e-16, -0.0, -1.0, 0.4], [0.0, 1.0, -0.0, -0.14437499999999998], [1.0, 0.0, 2.220446049250313e-16, -0.2], [0.0, 0.0, 0.0, 1.0]]","[[-4.093547223416039e-09, -3.1666432622512045e-07, -0.9999999999999498, 0.3999999625926469], [-1.2131218081178922e-07, 0.9999999999999425, -3.1666432572852096e-07, -0.14439358763925925], [0.9999999999999927, 1.2131217951550275e-07, -4.093585637132691e-09, -0.19999989995634454], [0.0, 0.0, 0.0, 1.0]]"
3.4166666666666665,-7.73099379134176,-10.576921882621804,-2.3796959634403874,-98.67003290102808,14.350669700945549,16.643347346812682,0.773375863057344,-7.7310655083280455,10.569630655682815,2.385040373022511,-98.67022414632484,-14.355041022014356,16.64490975258532,-0.7799542957234183,"[[2.220446049250313e-16, -0.0, -1.0, 0.4], [0.0, 1.0, -0.0, 0.14375], [1.0, 0.0, 2.220446049250313e-16, -0.2], [0.0, 0.0, 0.0, 1.0]]","[[1.5197753111539924e-08, 8.256675304032794e-08, -0.9999999999999966, 0.39999999092275995], [3.0133222881739825e-08, 0.9999999999999962, 8.25667534982852e-08, 0.14375412439318092], [0.9999999999999994, -3.013322413656886e-08, 1.5197750558026968e-08, -0.19999997582360374], [0.0, 0.0, 0.0, 1.0]]","[[2.220446049250313e-16, -0.0, -1.0, 0.4], [0.0, 1.0, -0.0, -0.14375], [1.0, 0.0, 2.220446049250313e-16, -0.2], [0.0, 0.0, 0.0, 1.0]]","[[8.902852166592368e-08, -1.280550972301771e-07, -0.9999999999999879, 0.39999998648583807], [-4.8845367643489546e-08, 0.9999999999999907, -1.2805510157880833e-07, -0.1437568103514246], [0.999999999999995, 4.884537904404534e-08, 8.902851544867474e-08, -0.1999999822208043], [0.0, 0.0, 0.0, 1.0]]"
3.425,-7.761415453904997,-10.636460641616804,-2.448349609882771,-98.64409867274955,14.435685065544696,16.632504421505285,0.7022139897248323,-7.761933694508271,10.630026603418653,2.454677566705376,-98.64390742745279,-14.441282405569522,16.633911440474307,-0.7077677339328461,"[[2.220446049250313e-16, -0.0, -1.0, 0.4], [0.0, 1.0, -0.0, 0.143125], [1.0, 0.0, 2.220446049250313e-16, -0.2], [0.0, 0.0, 0.0, 1.0]]","[[-3.587206887090133e-08, 2.0859995265915086e-07, -0.9999999999999778, 0.3999999675642115], [8.679506428461138e-08, 0.9999999999999747, 2.085999495456317e-07, 0.14313625332672497], [0.9999999999999958, -8.679505680169771e-08, -3.587208685651433e-08, -0.19999991825593347], [0.0, 0.0, 0.0, 1.0]]","[[2.220446049250313e-16, -0.0, -1.0, 0.4], [0.0, 1.0, -0.0, -0.143125], [1.0, 0.0, 2.220446049250313e-16, -0.2], [0.0, 0.0, 0.0, 1.0]]","[[2.1752135481722945e-08, -2.2538820160858732e-07, -0.9999999999999745, 0.3999999744266235], [-7.040491972231026e-08, 0.9999999999999722, -2.2538820314004417e-07, -0.14313625002825328], [0.9999999999999973, 7.040492462498318e-08, 2.1752119605533693e-08, -0.1999999349310828], [0.0, 0.0, 0.0, 1.0]]"
3.433333333333333,-7.792132522149837,-10.696433971397747,-2.5174130676753546,-98.61767950103993,14.521262213203078,16.621352430137946,0.6306706930158578,-7.792439880662488,10.689574753923763,2.5232488239908957,-98.61768633122911,-14.526248251297188,16.622851656660764,-0.6367343535340952,"[[2.220446049250313e-16, -0.0, -1.0, 0.4], [0.0, 1.0, -0.0, 0.14250000000000002], [1.0, 0.0, 2.220446049250313e-16, -0.2], [0.0, 0.0, 0.0, 1.0]]","[[-2.525386683105424e-08, 1.480541510049304e-07, -0.9999999999999886, 0.3999999786019276], [5.3450999604050386e-08, 0.9999999999999876, 1.480541496550858e-07, 0.14250681003881077], [0.9999999999999981, -5.345099586511e-08, -2.5253874824660016e-08, -0.1999999463114339], [0.0, 0.0, 0.0, 1.0]]","[[2.220446049250313e-16, -0.0, -1.0, 0.4], [0.0, 1.0, -0.0, -0.14250000000000002], [1.0, 0.0, 2.220446049250313e-16, -0.2], [0.0, 0.0, 0.0, 1.0]]","[[1.015574618845605e-07, -4.3227645377526104e-07, -0.9999999999999014, 0.39999994375224024], [-1.479209294253062e-07, 0.9999999999998958, -4.3227646879773267e-07, -0.1425307144072319], [0.999999999999984, 1.479209733261926e-07, 1.0155739793571428e-07, -0.19999988919842948], [0.0, 0.0, 0.0, 1.0]]"
3.4416666666666664,-7.822562722449536,-10.755708914336056,-2.585583051347136,-98.59130131046534,14.605780681540109,16.610116768953276,0.5601000579333754,-7.823241472498306,10.749556621441167,2.5922283985227357,-98.59098029157435,-14.611775880084089,16.61148280678728,-0.5653218442755559,"[[2.220446049250313e-16, -0.0, -1.0, 0.4], [0.0, 1.0, -0.0, 0.14187499999999997], [1.0, 0.0, 2.220446049250313e-16, -0.2], [0.0, 0.0, 0.0, 1.0]]","[[3.581187651979789e-08, 1.3092322387248703e-07, -0.9999999999999909, 0.39999998153644223], [4.549910924042404e-08, 0.9999999999999905, 1.3092322550189546e-07, 0.1418818122524866], [0.9999999999999984, -4.549911392903e-08, 3.581187052459356e-08, -0.19999996321994287], [0.0, 0.0, 0.0, 1.0]]","[[2.220446049250313e-16, -0.0, -1.0, 0.4], [0.0, 1.0, -0.0, -0.14187499999999997], [1.0, 0.0, 2.220446049250313e-16, -0.2], [0.0, 0.0, 0.0, 1.0]]","[[9.842349241173665e-08, -4.246288705329901e-07, -0.999999999999905, 0.39999994463884064], [-1.5354786941089787e-07, 0.9999999999998981, -4.2462888564570475e-07, -0.14190571456998144], [0.9999999999999833, 1.5354791120434115e-07, 9.84234271306228e-08, -0.19999988493285248], [0.0, 0.0, 0.0, 1.0]]"
3.4499999999999997,-7.8534317624034085,-10.81569590449534,-2.6544804501655244,-98.56431523305463,14.691257083908233,16.598513985100716,0.4888200436725636,-7.853755342615338,10.80884010211594,2.660315352707419,-98.5643220632438,-14.69624141445505,16.600031994643754,-0.494881302952421,"[[2.220446049250313e-16, -0.0, -1.0, 0.4], [0.0, 1.0, -0.0, 0.14125], [1.0, 0.0, 2.220446049250313e-16, -0.2], [0.0, 0.0, 0.0, 1.0]]","[[-4.94758493063685e-08, 2.1871800839421442e-07, -0.9999999999999749, 0.39999996652400993], [9.884837350842657e-08, 0.9999999999999712, 2.1871800350360637e-07, 0.1412612455347674], [0.999999999999994, -9.884836268716509e-08, -4.9475871066739785e-08, -0.19999991103146333], [0.0, 0.0, 0.0, 1.0]]","[[2.220446049250313e-16, -0.0, -1.0, 0.4], [0.0, 1.0, -0.0, -0.14125], [1.0, 0.0, 2.220446049250313e-16, -0.2], [0.0, 0.0, 0.0, 1.0]]","[[3.239383539188623e-08, -3.129941823418029e-07, -0.9999999999999505, 0.39999995427274665], [-1.1271968858028976e-07, 0.9999999999999447, -3.1299418599322415e-07, -0.14126858766432543], [0.9999999999999931, 1.1271969871936632e-07, 3.2393800086794045e-08, -0.1999999020308067], [0.0, 0.0, 0.0, 1.0]]"
3.4583333333333335,-7.884742203332394,-10.876395795649243,-2.724100781818876,-98.5367144386186,14.77768971276016,16.58653895593839,0.4168373203400339,-7.885075175054432,10.869541700817136,2.729935470917359,-98.53672126880777,-14.782674043306978,16.58806550321789,-0.4228971922377161,"[[2.220446049250313e-16, -0.0, -1.0, 0.4], [0.0, 1.0, -0.0, 0.140625], [1.0, 0.0, 2.220446049250313e-16, -0.2], [0.0, 0.0, 0.0, 1.0]]","[[-2.949826866105454e-08, 3.1214183386228507e-07, -0.9999999999999508, 0.39999994976107933], [1.1711220007963173e-07, 0.9999999999999445, 3.121418304076759e-07, 0.14064358938248395], [0.9999999999999928, -1.1711219087198242e-07, -2.9498305076369746e-08, -0.19999988616988337], [0.0, 0.0, 0.0, 1.0]]","[[2.220446049250313e-16, -0.0, -1.0, 0.4], [0.0, 1.0, -0.0, -0.140625], [1.0, 0.0, 2.220446049250313e-16, -0.2], [0.0, 0.0, 0.0, 1.0]]","[[2.9097695419810776e-08, -2.94700040468241e-07, -0.999999999999956, 0.39999995676217737], [-1.0730713966966132e-07, 0.9999999999999507, -2.947000435906299e-07, -0.1406435904140371], [0.9999999999999938, 1.0730714824474872e-07, 2.9097663778454574e-08, -0.1999999054184715], [0.0, 0.0, 0.0, 1.0]]"
3.466666666666667,-7.9157657763162375,-10.936396446186867,-2.7928274259080137,-98.5091546253176,14.863060247196149,16.57448367205332,0.3458290195421417,-7.916106432001092,10.929544058902051,2.7986614746762624,-98.5091546253176,-14.868044577742966,16.57601875706928,-0.35188777086191325,"[[2.220446049250313e-16, -0.0, -1.0, 0.4], [0.0, 1.0, -0.0, 0.13999999999999996], [1.0, 0.0, 2.220446049250313e-16, -0.2], [0.0, 0.0, 0.0, 1.0]]","[[1.3544630250716949e-08, 2.130263978524665e-07, -0.9999999999999774, 0.3999999677553561], [7.693508991812036e-08, 0.9999999999999745, 2.1302639889452328e-07, 0.14001124955768596], [0.9999999999999971, -7.693509280348243e-08, 1.3544613930438487e-08, -0.19999993136194885], [0.0, 0.0, 0.0, 1.0]]","[[2.220446049250313e-16, -0.0, -1.0, 0.4], [0.0, 1.0, -0.0, -0.13999999999999996], [1.0, 0.0, 2.220446049250313e-16, -0.2], [0.0, 0.0, 0.0, 1.0]]","[[1.915597291901605e-09, -4.2997859582223296e-07, -0.9999999999999077, 0.3999999307075769], [-1.718391265423323e-07, 0.999999999999893, -4.299785961514012e-07, -0.14003071171279022], [0.9999999999999855, 1.7183912736598226e-07, 1.915523351048165e-09, -0.1999998455606917], [0.0, 0.0, 0.0, 1.0]]"
3.475,-7.946866188928245,-10.996404780687307,-2.8614682657457027,-98.48130794407146,14.948377847666071,16.562202991925638,0.274957455929782,-7.947215382349562,10.989554100949784,2.86730210107054,-98.48130794407146,-14.953362178212888,16.56374832222535,-0.2810147665065255,"[[2.220446049250313e-16, -0.0, -1.0, 0.4], [0.0, 1.0, -0.0, 0.13937499999999997], [1.0, 0.0, 2.220446049250313e-16, -0.2], [0.0, 0.0, 0.0, 1.0]]","[[3.210362170547043e-08, 2.997880795762864e-07, -0.9999999999999546, 0.39999995336279176], [1.107513291062187e-07, 0.9999999999999489, 2.9978808313180346e-07, 0.13939358744922212], [0.9999999999999934, -1.1075133873049682e-07, 3.210358839877969e-08, -0.19999990283670122], [0.0, 0.0, 0.0, 1.0]]","[[2.220446049250313e-16, -0.0, -1.0, 0.4], [0.0, 1.0, -0.0, -0.13937499999999997], [1.0, 0.0, 2.220446049250313e-16, -0.2], [0.0, 0.0, 0.0, 1.0]]","[[2.3840848240030965e-08, -4.476201145091089e-07, -0.9999999999998994, 0.3999999287564126], [-1.4988406284577638e-07, 0.9999999999998885, -4.476201180824672e-07, -0.13940571234244875], [0.9999999999999885, 1.4988407351740464e-07, 2.3840781182560278e-08, -0.19999985262241426], [0.0, 0.0, 0.0, 1.0]]"
3.4833333333333334,-7.978043441168414,-11.056419091603269,-2.9300226610017095,-98.45316756469101,15.033640806622634,16.549700330649927,0.20422375008086552,-7.978400318552547,11.049570973186686,2.935856069439723,-98.45317439488018,-15.03862513716945,16.551252491138815,-0.21027988671884543,"[[2.220446049250313e-16, -0.0, -1.0, 0.4], [0.0, 1.0, -0.0, 0.13874999999999998], [1.0, 0.0, 2.220446049250313e-16, -0.2], [0.0, 0.0, 0.0, 1.0]]","[[8.25454047892471e-08, 2.0157571475927065e-07, -0.9999999999999765, 0.39999997158551387], [6.18862312037446e-08, 0.999999999999978, 2.0157571986769493e-07, 0.13876124904770523], [0.9999999999999949, -6.188624784289254e-08, 8.254539235474923e-08, -0.19999995285751204], [0.0, 0.0, 0.0, 1.0]]","[[2.220446049250313e-16, -0.0, -1.0, 0.4], [0.0, 1.0, -0.0, -0.13874999999999998], [1.0, 0.0, 2.220446049250313e-16, -0.2], [0.0, 0.0, 0.0, 1.0]]","[[4.697680328069609e-08, -4.4721083884017464e-07, -0.9999999999998989, 0.3999999288561116], [-1.4906226140884526e-07, 0.9999999999998888, -4.4721084584263863e-07, -0.13878071052705065], [0.9999999999999877, 1.490622824173661e-07, 4.697673655629231e-08, -0.19999985730349024], [0.0, 0.0, 0.0, 1.0]]"
3.4916666666666667,-8.008928702821565,-11.115735015676599,-2.997686356901264,-98.42509548720226,15.117841671163259,16.537131075029812,0.1344600378157966,-8.009294117942162,11.108889458580954,3.003519338452455,-98.42509548720226,-15.122827709257367,16.538693480802454,-0.14051480041181458,"[[2.220446049250313e-16, -0.0, -1.0, 0.4], [0.0, 1.0, -0.0, 0.138125], [1.0, 0.0, 2.220446049250313e-16, -0.2], [0.0, 0.0, 0.0, 1.0]]","[[-3.630737277493523e-08, 1.611613046238852e-07, -0.9999999999999865, 0.39999997440455615], [5.846359090869855e-08, 0.9999999999999855, 1.6116130250122564e-07, 0.13813180549322585], [0.9999999999999978, -5.846358505735428e-08, -3.630738210080864e-08, -0.19999993823863843], [0.0, 0.0, 0.0, 1.0]]","[[2.220446049250313e-16, -0.0, -1.0, 0.4], [0.0, 1.0, -0.0, -0.138125], [1.0, 0.0, 2.220446049250313e-16, -0.2], [0.0, 0.0, 0.0, 1.0]]","[[6.876825281443288e-08, -2.9290201722420003e-07, -0.9999999999999547, 0.39999995283375], [-9.97249200829098e-08, 0.999999999999952, -2.929020240821078e-07, -0.13814359033814796], [0.9999999999999927, 9.972494022526576e-08, 6.876822361556734e-08, -0.19999991261597078], [0.0, 0.0, 0.0, 1.0]]"
3.5,-8.040258780544415,-11.175762986970902,-3.0660667957768464,-98.39638820212069,15.202995347093099,16.52418274391076,0.06400442872182673,-8.040632733401472,11.168919137422549,3.071899563884626,-98.39639503230987,-15.207979677639916,16.525753687419865,-0.0700579039872687,"[[2.220446049250313e-16, -0.0, -1.0, 0.4], [0.0, 1.0, -0.0, 0.13749999999999996], [1.0, 0.0, 2.220446049250313e-16, -0.2], [0.0, 0.0, 0.0, 1.0]]","[[5.996490320958614e-08, 1.9809329030929603e-07, -0.9999999999999786, 0.3999999654260653], [6.960125842895842e-08, 0.999999999999978, 1.9809329448292862e-07, 0.13751125136107048], [0.9999999999999957, -6.960127030760216e-08, 5.996488944282063e-08, -0.1999999440791972], [0.0, 0.0, 0.0, 1.0]]","[[2.220446049250313e-16, -0.0, -1.0, 0.4], [0.0, 1.0, -0.0, -0.13749999999999996], [1.0, 0.0, 2.220446049250313e-16, -0.2], [0.0, 0.0, 0.0, 1.0]]","[[8.878690799241085e-08, -6.029834487181797e-07, -0.9999999999998143, 0.3999998960134846], [-1.9927035494426709e-07, 0.9999999999997984, -6.029834664107688e-07, -0.13755074902515302], [0.9999999999999761, 1.992704084812676e-07, 8.878678786627958e-08, -0.19999980720178023], [0.0, 0.0, 0.0, 1.0]]"
3.5083333333333333,-8.071666551669072,-11.235798642228023,-3.1343597228536884,-98.36740087928315,15.288092673962288,16.511012431643685,-0.0063102297636406235,-8.072419580025064,11.229662571032412,3.140993544085063,-98.36705253963548,-15.294082749864389,16.51242969589646,0.0010850461485661898,"[[2.220446049250313e-16, -0.0, -1.0, 0.4], [0.0, 1.0, -0.0, 0.13687499999999997], [1.0, 0.0, 2.220446049250313e-16, -0.2], [0.0, 0.0, 0.0, 1.0]]","[[2.9129752165957257e-08, 2.140983186086344e-07, -0.9999999999999768, 0.3999999659147895], [7.255525702336193e-08, 0.9999999999999746, 2.1409832072215055e-07, 0.1368862456625084], [0.999999999999997, -7.255526325999126e-08, 2.9129736622834912e-08, -0.1999999351197928], [0.0, 0.0, 0.0, 1.0]]","[[2.220446049250313e-16, -0.0, -1.0, 0.4], [0.0, 1.0, -0.0, -0.13687499999999997], [1.0, 0.0, 2.220446049250313e-16, -0.2], [0.0, 0.0, 0.0, 1.0]]","[[2.5651502644219448e-08, -4.4256019756954483e-07, -0.9999999999999017, 0.3999999198983805], [-1.6085092827552028e-07, 0.9999999999998892, -4.4256020169560723e-07, -0.13690570623678275], [0.9999999999999868, 1.6085093962783861e-07, 2.565143147892357e-08, -0.19999984508163732], [0.0, 0.0, 0.0, 1.0]]"
3.5166666666666666,-8.103523407731657,-11.296547198479761,-3.2033638433778577,-98.33776468847448,15.374135982031524,16.49745450614121,-0.07730733603823065,-8.10391443606164,11.28970761779964,3.2091957577119907,-98.33777151866364,-15.379122020125633,16.499044232670528,0.07125645544426049,"[[2.220446049250313e-16, -0.0, -1.0, 0.4], [0.0, 1.0, -0.0, 0.13624999999999998], [1.0, 0.0, 2.220446049250313e-16, -0.2], [0.0, 0.0, 0.0, 1.0]]","[[-3.277826954306562e-08, 1.5425910501170524e-07, -0.9999999999999876, 0.39999997045565605], [5.987243270265798e-08, 0.9999999999999863, 1.542591030491903e-07, 0.13625680516505845], [0.9999999999999978, -5.987242764631076e-08, -3.2778278868939026e-08, -0.19999993785736753], [0.0, 0.0, 0.0, 1.0]]","[[2.220446049250313e-16, -0.0, -1.0, 0.4], [0.0, 1.0, -0.0, -0.13624999999999998], [1.0, 0.0, 2.220446049250313e-16, -0.2], [0.0, 0.0, 0.0, 1.0]]","[[-1.6150761283917348e-09, -2.979531129071259e-07, -0.9999999999999559, 0.39999994200328126], [-1.2376188645079472e-07, 0.9999999999999483, -2.9795311270723874e-07, -0.13626858364650374], [0.9999999999999926, 1.2376188596957225e-07, -1.6151129877961523e-09, -0.199999886395689], [0.0, 0.0, 0.0, 1.0]]"
3.525,-8.135087419433578,-11.356595660341576,-3.271476837658752,-98.30819679955749,15.459117195684822,16.483838524030787,-0.1473334502973897,-8.135486131726378,11.349757787208747,3.277308325106062,-98.30820362974666,-15.464103233778932,16.48543678829657,0.14128370362154347,"[[2.220446049250313e-16, -0.0, -1.0, 0.4], [0.0, 1.0, -0.0, 0.135625], [1.0, 0.0, 2.220446049250313e-16, -0.2], [0.0, 0.0, 0.0, 1.0]]","[[9.921130861290095e-09, 3.051592886662567e-07, -0.9999999999999535, 0.3999999413229721], [1.1049807361809658e-07, 0.9999999999999474, 3.0515928976252074e-07, 0.13564358302038168], [0.9999999999999939, -1.104980766456167e-07, 9.921097110510146e-09, -0.19999988634362192], [0.0, 0.0, 0.0, 1.0]]","[[2.220446049250313e-16, -0.0, -1.0, 0.4], [0.0, 1.0, -0.0, -0.135625], [1.0, 0.0, 2.220446049250313e-16, -0.2], [0.0, 0.0, 0.0, 1.0]]","[[1.2963660755982431e-08, -2.0151313780778727e-07, -0.9999999999999798, 0.3999999613087173], [-7.226595898781127e-08, 0.9999999999999771, -2.0151313874461812e-07, -0.13563625056339831], [0.9999999999999976, 7.226596160015777e-08, 1.2963646212060809e-08, -0.19999992716311374], [0.0, 0.0, 0.0, 1.0]]"
3.533333333333333,-8.166728270763663,-11.416651806166204,-3.3394999722633782,-98.27834887288454,15.544042060277468,16.47000056077234,-0.21721464982031077,-8.167361770809181,11.41024338117744,3.3458142687076435,-98.27813030683109,-15.549634277660417,16.47150490993704,0.2116638938200589,"[[2.220446049250313e-16, -0.0, -1.0, 0.4], [0.0, 1.0, -0.0, 0.135], [1.0, 0.0, 2.220446049250313e-16, -0.2], [0.0, 0.0, 0.0, 1.0]]","[[-4.0183021743356306e-08, 2.0131513184430865e-07, -0.9999999999999791, 0.39999995509257197], [9.683915952349613e-08, 0.9999999999999751, 2.0131512795301782e-07, 0.1350112452627968], [0.9999999999999947, -9.68391514340439e-08, -4.018304128328154e-08, -0.1999999079825309], [0.0, 0.0, 0.0, 1.0]]","[[2.220446049250313e-16, -0.0, -1.0, 0.4], [0.0, 1.0, -0.0, -0.135], [1.0, 0.0, 2.220446049250313e-16, -0.2], [0.0, 0.0, 0.0, 1.0]]","[[2.705219720455787e-08, -1.3173167749273555e-07, -0.999999999999991, 0.3999999719182228], [-4.889441064180008e-08, 0.9999999999999902, -1.317316788154367e-07, -0.13500680886211291], [0.9999999999999986, 4.889441420543099e-08, 2.7052190765264328e-08, -0.19999995492335004], [0.0, 0.0, 0.0, 1.0]]"
3.5416666666666665,-8.198446815495556,-11.476713928406358,-3.407432179974679,-98.24820724807726,15.628905453167585,16.455944031460454,-0.2869494805237526,-8.19886260326128,11.469881177915406,3.4132630270917543,-98.24820724807726,-15.633891491261693,16.457561078746455,0.2809024952720434,"[[2.220446049250313e-16, -0.0, -1.0, 0.4], [0.0, 1.0, -0.0, 0.13437499999999997], [1.0, 0.0, 2.220446049250313e-16, -0.2], [0.0, 0.0, 0.0, 1.0]]","[[6.89312716350976e-08, 1.2546702562355763e-07, -0.9999999999999898, 0.3999999741316281], [4.9350752884465924e-08, 0.9999999999999909, 1.2546702902536794e-07, 0.1343818069685775], [0.9999999999999964, -4.935076153306728e-08, 6.893126541784866e-08, -0.19999996991164073], [0.0, 0.0, 0.0, 1.0]]","[[2.220446049250313e-16, -0.0, -1.0, 0.4], [0.0, 1.0, -0.0, -0.13437499999999997], [1.0, 0.0, 2.220446049250313e-16, -0.2], [0.0, 0.0, 0.0, 1.0]]","[[1.7933478257958768e-08, -4.315101514873384e-07, -0.999999999999907, 0.39999991372305643], [-1.6132065724012663e-07, 0.9999999999998941, -4.315101543803734e-07, -0.13440570302004082], [0.9999999999999871, 1.6132066497858952e-07, 1.7933408646975124e-08, -0.19999984111362604], [0.0, 0.0, 0.0, 1.0]]"
3.55,-8.229868246998553,-11.536077663803878,-3.474477316867524,-98.21814758554004,15.712710166736349,16.441844813466258,-0.3557192135015995,-8.230667379131445,11.529952691665668,3.4811036675794944,-98.21778558551402,-15.718696827543864,16.4432928135703,0.3504914240634688,"[[2.220446049250313e-16, -0.0, -1.0, 0.4], [0.0, 1.0, -0.0, 0.13374999999999998], [1.0, 0.0, 2.220446049250313e-16, -0.2], [0.0, 0.0, 0.0, 1.0]]","[[4.907118866803728e-08, 2.086355989617658e-07, -0.9999999999999771, 0.3999999602887394], [7.125049222623091e-08, 0.9999999999999759, 2.0863560245811187e-07, 0.1337612434183275], [0.9999999999999964, -7.12505024642263e-08, 4.907117390207105e-08, -0.19999993777513042], [0.0, 0.0, 0.0, 1.0]]","[[2.220446049250313e-16, -0.0, -1.0, 0.4], [0.0, 1.0, -0.0, -0.13374999999999998], [1.0, 0.0, 2.220446049250313e-16, -0.2], [0.0, 0.0, 0.0, 1.0]]","[[1.1047778802897312e-08, -4.359325905045475e-07, -0.9999999999999049, 0.39999990896348453], [-1.6782942922348486e-07, 0.9999999999998909, -4.359325923586838e-07, -0.13378070097007966], [0.9999999999999857, 1.6782943403955578e-07, 1.104770563919999e-08, -0.19999983249488973], [0.0, 0.0, 0.0, 1.0]]"
3.558333333333333,-8.262117838938414,-11.596859517227822,-3.5430214668397757,-98.18707022481648,15.798454654029396,16.427171859581776,-0.42597584664524646,-8.262173334225421,11.589324964799651,3.5480574506921907,-98.18744588522082,-15.80244177695739,16.428985274806415,0.41911553527377693,"[[2.220446049250313e-16, -0.0, -1.0, 0.4], [0.0, 1.0, -0.0, 0.133125], [1.0, 0.0, 2.220446049250313e-16, -0.2], [0.0, 0.0, 0.0, 1.0]]","[[-1.343610778192783e-08, 1.518485139531517e-07, -0.9999999999999883, 0.3999999681100325], [5.4396530205852945e-08, 0.9999999999999869, 1.5184851322227384e-07, 0.13313180725791576], [0.9999999999999983, -5.4396528165599324e-08, -1.3436115997578213e-08, -0.19999993719452996], [0.0, 0.0, 0.0, 1.0]]","[[2.220446049250313e-16, -0.0, -1.0, 0.4], [0.0, 1.0, -0.0, -0.133125], [1.0, 0.0, 2.220446049250313e-16, -0.2], [0.0, 0.0, 0.0, 1.0]]","[[1.1214378387025548e-07, -4.423413833430576e-07, -0.999999999999896, 0.3999999154182348], [-1.2833820719105644e-07, 0.9999999999998941, -4.4234139773538894e-07, -0.13315570442290817], [0.9999999999999857, 1.2833825679688123e-07, 1.1214372713785892e-07, -0.199999871320912], [0.0, 0.0, 0.0, 1.0]]"
3.5666666666666664,-8.294071171423026,-11.656942130035484,-3.61067833255016,-98.15606799617379,15.88314046200109,16.412456217014984,-0.4952659813409102,-8.294740529961688,11.650543950330475,3.6169885735696057,-98.15584943012036,-15.888730971836747,16.413989594483652,0.48971597239259884,"[[2.220446049250313e-16, -0.0, -1.0, 0.4], [0.0, 1.0, -0.0, 0.13249999999999995], [1.0, 0.0, 2.220446049250313e-16, -0.2], [0.0, 0.0, 0.0, 1.0]]","[[2.1188391596815848e-09, 1.4538798071054225e-07, -0.9999999999999897, 0.39999997025985284], [5.043017148197979e-08, 0.9999999999999885, 1.4538798081739551e-07, 0.13250680407019882], [0.999999999999999, -5.043017179003301e-08, 2.1188318322096222e-09, -0.19999994851497438], [0.0, 0.0, 0.0, 1.0]]","[[2.220446049250313e-16, -0.0, -1.0, 0.4], [0.0, 1.0, -0.0, -0.13249999999999995], [1.0, 0.0, 2.220446049250313e-16, -0.2], [0.0, 0.0, 0.0, 1.0]]","[[3.71560653911196e-08, -3.115959745859082e-07, -0.9999999999999507, 0.3999999370714772], [-1.0216716876245126e-07, 0.999999999999946, -3.115959783820368e-07, -0.13251857595721628], [0.999999999999994, 1.0216718034012678e-07, 3.715603352771879e-08, -0.19999989473558183], [0.0, 0.0, 0.0, 1.0]]"
3.5749999999999997,-8.326102197309448,-11.717032426805964,-3.67824171004628,-98.12478572977514,15.967763090722965,16.397525423489338,-0.5644047312969229,-8.326550428473729,11.710208214051475,3.6840708496160626,-98.1247925599643,-15.972747421269782,16.39917832926848,0.5583628953675178,"[[2.220446049250313e-16, -0.0, -1.0, 0.4], [0.0, 1.0, -0.0, 0.13187499999999996], [1.0, 0.0, 2.220446049250313e-16, -0.2], [0.0, 0.0, 0.0, 1.0]]","[[-1.5906964634382348e-10, 3.026857936570254e-07, -0.9999999999999544, 0.39999993231972175], [1.1016810309351422e-07, 0.9999999999999483, 3.026857936394992e-07, 0.1318935793562039], [0.9999999999999941, -1.1016810304536105e-07, -1.5910295303456223e-10, -0.19999987767069607], [0.0, 0.0, 0.0, 1.0]]","[[2.220446049250313e-16, -0.0, -1.0, 0.4], [0.0, 1.0, -0.0, -0.13187499999999996], [1.0, 0.0, 2.220446049250313e-16, -0.2], [0.0, 0.0, 0.0, 1.0]]","[[1.2395037773949014e-08, -2.2199048208073004e-07, -0.9999999999999754, 0.39999995485823997], [-7.833725502474736e-08, 0.9999999999999724, -2.2199048305172263e-07, -0.1318862409957976], [0.9999999999999969, 7.833725777632587e-08, 1.2395020343447527e-08, -0.19999992020787274], [0.0, 0.0, 0.0, 1.0]]"
3.5833333333333335,-8.35844058170852,-11.777555586815094,-3.746189712570036,-98.09298436899955,16.05292701193656,16.38225995069436,-0.6338824827513505,-8.358897350609263,11.770733935381543,3.752018852139819,-98.09299119918873,-16.05791305003067,16.383923101757258,0.6278419808432676,"[[2.220446049250313e-16, -0.0, -1.0, 0.4], [0.0, 1.0, -0.0, 0.13124999999999998], [1.0, 0.0, 2.220446049250313e-16, -0.2], [0.0, 0.0, 0.0, 1.0]]","[[6.147332681782913e-08, 8.572802998201848e-08, -0.9999999999999946, 0.39999998354563193], [2.1707573610682146e-08, 0.9999999999999962, 8.572803131645539e-08, 0.13125411855079874], [0.9999999999999979, -2.170757888066931e-08, 6.147332493044999e-08, -0.19999998198223556], [0.0, 0.0, 0.0, 1.0]]","[[2.220446049250313e-16, -0.0, -1.0, 0.4], [0.0, 1.0, -0.0, -0.13124999999999998], [1.0, 0.0, 2.220446049250313e-16, -0.2], [0.0, 0.0, 0.0, 1.0]]","[[-6.281076769809602e-10, -2.147450864436389e-07, -0.999999999999977, 0.39999995391396914], [-7.1916538421516e-08, 0.9999999999999744, -2.14745086398467e-07, -0.1312612435994643], [0.9999999999999974, 7.19165382866313e-08, -6.281232201033049e-10, -0.19999991596632302], [0.0, 0.0, 0.0, 1.0]]"
3.591666666666667,-8.390398183061363,-11.837230949593495,-3.8130858659616105,-98.0613605931424,16.136820517964534,16.36700813827772,-0.7022256223907625,-8.390862635924924,11.830411859480883,3.81891457864457,-98.06136742333156,-16.141806556058643,16.36867982707708,0.6961865612257077,"[[2.220446049250313e-16, -0.0, -1.0, 0.4], [0.0, 1.0, -0.0, 0.130625], [1.0, 0.0, 2.220446049250313e-16, -0.2], [0.0, 0.0, 0.0, 1.0]]","[[7.677362801050691e-09, 1.0454725801502462e-07, -0.9999999999999949, 0.39999997815785304], [3.0686096780628435e-08, 0.9999999999999944, 1.0454725825061288e-07, 0.1306291165651991], [0.9999999999999998, -3.068609758327549e-08, 7.67735958140392e-09, -0.19999996384860813], [0.0, 0.0, 0.0, 1.0]]","[[2.220446049250313e-16, -0.0, -1.0, 0.4], [0.0, 1.0, -0.0, -0.130625], [1.0, 0.0, 2.220446049250313e-16, -0.2], [0.0, 0.0, 0.0, 1.0]]","[[7.868579104952644e-08, -2.828029100994679e-07, -0.999999999999957, 0.39999993492592967], [-9.314632780536827e-08, 0.9999999999999558, -2.8280291742876004e-07, -0.13064357856260592], [0.9999999999999928, 9.314635005793552e-08, 7.868576473724076e-08, -0.19999990938193038], [0.0, 0.0, 0.0, 1.0]]"
3.6,-8.422282359880628,-11.896634812352389,-3.8795769037580383,-98.029607043691,16.220259816412703,16.351618014530388,-0.7700986529162073,-8.423136987300525,11.890524354366166,3.8861940764033114,-98.02922455309749,-16.22624135457834,16.35310699576945,0.7648676885073296,"[[2.220446049250313e-16, -0.0, -1.0, 0.4], [0.0, 1.0, -0.0, 0.12999999999999995], [1.0, 0.0, 2.220446049250313e-16, -0.2], [0.0, 0.0, 0.0, 1.0]]","[[8.216459956855715e-08, 3.0245161033598703e-07, -0.9999999999999509, 0.3999999339261867], [8.958558596013699e-08, 0.9999999999999503, 3.0245161769675067e-07, 0.13001857436772907], [0.9999999999999927, -8.958561081094864e-08, 8.216457247911535e-08, -0.1999999080196217], [0.0, 0.0, 0.0, 1.0]]","[[2.220446049250313e-16, -0.0, -1.0, 0.4], [0.0, 1.0, -0.0, -0.12999999999999995], [1.0, 0.0, 2.220446049250313e-16, -0.2], [0.0, 0.0, 0.0, 1.0]]","[[4.5071963272746984e-08, -3.023467295497999e-07, -0.9999999999999533, 0.39999993192346445], [-1.0550398915158298e-07, 0.9999999999999488, -3.023467343050704e-07, -0.1300185730561853], [0.9999999999999934, 1.0550400277893893e-07, 4.5071931298323875e-08, -0.199999894935578], [0.0, 0.0, 0.0, 1.0]]"
3.6083333333333334,-8.455008357515098,-11.957457646911351,-3.947550092604359,-97.99679481491826,16.30562693575411,16.335626834136097,-0.8394299288294498,-8.455106541484417,11.949936754861522,3.9525903453250053,-97.99719096589013,-16.309617473776687,16.33751196634702,0.8325886406020357,"[[2.220446049250313e-16, -0.0, -1.0, 0.4], [0.0, 1.0, -0.0, 0.12937499999999996], [1.0, 0.0, 2.220446049250313e-16, -0.2], [0.0, 0.0, 0.0, 1.0]]","[[-1.6973514760376673e-08, 1.3702627865183082e-07, -0.9999999999999906, 0.3999999658768882], [5.1068716202501604e-08, 0.9999999999999893, 1.3702627778501505e-07, 0.1293818056639969], [0.9999999999999986, -5.1068713876683564e-08, -1.697352186580403e-08, -0.19999993934377383], [0.0, 0.0, 0.0, 1.0]]","[[2.220446049250313e-16, -0.0, -1.0, 0.4], [0.0, 1.0, -0.0, -0.12937499999999996], [1.0, 0.0, 2.220446049250313e-16, -0.2], [0.0, 0.0, 0.0, 1.0]]","[[9.341346085545155e-09, -4.2450387113645254e-07, -0.9999999999999098, 0.39999989465979713], [-1.6050313976883446e-07, 0.999999999999897, -4.2450387263576253e-07, -0.1294056956892025], [0.9999999999999871, 1.605031437342576e-07, 9.341277917851443e-09, -0.19999982801412575], [0.0, 0.0, 0.0, 1.0]]"
3.6166666666666667,-8.487047921137982,-12.016874316274938,-4.013851592651319,-97.96447435976576,16.388938168155338,16.319811531112933,-0.9069954407596853,-8.487921331578097,12.010768127156947,4.02046577708883,-97.96408503898307,-16.394919706320977,16.32131246518304,0.9017630889686323,"[[2.220446049250313e-16, -0.0, -1.0, 0.4], [0.0, 1.0, -0.0, 0.12874999999999998], [1.0, 0.0, 2.220446049250313e-16, -0.2], [0.0, 0.0, 0.0, 1.0]]","[[1.699443169522752e-08, 1.2239297741625195e-07, -0.9999999999999926, 0.39999996671491966], [5.3885231320734663e-08, 0.9999999999999911, 1.2239297833200068e-07, 0.128756804344785], [0.9999999999999986, -5.3885233400733366e-08, 1.6994425144911673e-08, -0.19999995108127705], [0.0, 0.0, 0.0, 1.0]]","[[2.220446049250313e-16, -0.0, -1.0, 0.4], [0.0, 1.0, -0.0, -0.12874999999999998], [1.0, 0.0, 2.220446049250313e-16, -0.2], [0.0, 0.0, 0.0, 1.0]]","[[2.2876792626913556e-08, -4.3556988832067936e-07, -0.999999999999905, 0.3999998917049836], [-1.5615411273373289e-07, 0.999999999999893, -4.3556989189297946e-07, -0.1287806917690408], [0.9999999999999876, 1.5615412269816016e-07, 2.287672468126445e-08, -0.19999982547373862], [0.0, 0.0, 0.0, 1.0]]"
3.625,-8.519549376303488,-12.077003886633147,-4.0808437955780965,-97.9314845460746,16.473180013830984,16.303586416739567,-0.9752078996703679,-8.520046272565606,12.070194188030642,4.0866708007137635,-97.9314845460746,-16.478166051925093,16.30529396403207,0.9691738544254848,"[[2.220446049250313e-16, -0.0, -1.0, 0.4], [0.0, 1.0, -0.0, 0.128125], [1.0, 0.0, 2.220446049250313e-16, -0.2], [0.0, 0.0, 0.0, 1.0]]","[[-2.2212754358097442e-08, 1.3534894525300614e-07, -0.9999999999999907, 0.39999995962579843], [6.572491318169347e-08, 0.9999999999999889, 1.3534894379307455e-07, 0.12813180438168903], [0.9999999999999978, -6.572491017522e-08, -2.2212763461926244e-08, -0.199999931042753], [0.0, 0.0, 0.0, 1.0]]","[[2.220446049250313e-16, -0.0, -1.0, 0.4], [0.0, 1.0, -0.0, -0.128125], [1.0, 0.0, 2.220446049250313e-16, -0.2], [0.0, 0.0, 0.0, 1.0]]","[[9.618215668361074e-08, -3.0740029324567906e-07, -0.9999999999999484, 0.3999999298474681], [-9.152463701122627e-08, 0.9999999999999488, -3.0740030204871614e-07, -0.12814357468743345], [0.9999999999999915, 9.152466657764551e-08, 9.618212859496822e-08, -0.1999999084790479], [0.0, 0.0, 0.0, 1.0]]"
3.6333333333333333,-8.552515284332554,-12.137846357985973,-4.148523286290106,-97.8977980530881,16.55835076523375,16.28694295327954,-1.0440615425893855,-8.553020718331135,12.131039220704409,4.154350291425773,-97.89780488327727,-16.563336803327857,16.288660745855797,1.0380289914483833,"[[2.220446049250313e-16, -0.0, -1.0, 0.4], [0.0, 1.0, -0.0, 0.1275], [1.0, 0.0, 2.220446049250313e-16, -0.2], [0.0, 0.0, 0.0, 1.0]]","[[3.273378434975882e-08, 1.338192647394162e-07, -0.9999999999999907, 0.39999996715304337], [4.641678740651854e-08, 0.9999999999999901, 1.3381926625881322e-07, 0.1275068014384237], [0.9999999999999984, -4.64167917869291e-08, 3.273377813250988e-08, -0.19999995204473062], [0.0, 0.0, 0.0, 1.0]]","[[2.220446049250313e-16, -0.0, -1.0, 0.4], [0.0, 1.0, -0.0, -0.1275], [1.0, 0.0, 2.220446049250313e-16, -0.2], [0.0, 0.0, 0.0, 1.0]]","[[7.350527936322848e-08, -4.185117445829103e-07, -0.99999999999991, 0.3999998912722481], [-1.4666129352352573e-07, 0.9999999999999019, -4.185117553632863e-07, -0.12753069029339206], [0.9999999999999868, 1.4666132428633594e-07, 7.350521796789522e-08, -0.19999984112237779], [0.0, 0.0, 0.0, 1.0]]"
3.6416666666666666,-8.585175541396262,-12.197989588722521,-4.215318694391423,-97.86422767331749,16.64245942222058,16.270289244535753,-1.1119538363827237,-8.58568865935766,12.191185012761895,4.221145272640267,-97.86423450350665,-16.64744546031469,16.272013867301183,1.1059226726238969,"[[2.220446049250313e-16, -0.0, -1.0, 0.4], [0.0, 1.0, -0.0, 0.12687499999999996], [1.0, 0.0, 2.220446049250313e-16, -0.2], [0.0, 0.0, 0.0, 1.0]]","[[1.75493697351925e-08, 1.3534762416451705e-07, -0.9999999999999908, 0.399999962910423], [5.5223249383002717e-08, 0.9999999999999893, 1.353476251336501e-07, 0.126881801194921], [0.9999999999999983, -5.522325175826773e-08, 1.7549362185675932e-08, -0.19999994773941784], [0.0, 0.0, 0.0, 1.0]]","[[2.220446049250313e-16, -0.0, -1.0, 0.4], [0.0, 1.0, -0.0, -0.12687499999999996], [1.0, 0.0, 2.220446049250313e-16, -0.2], [0.0, 0.0, 0.0, 1.0]]","[[1.7105499572345195e-08, -2.0151676897849664e-07, -0.9999999999999797, 0.3999999478638253], [-6.635268906817717e-08, 0.9999999999999776, -2.015167701134921e-07, -0.12688624524300343], [0.9999999999999979, 6.635269251522083e-08, 1.7105486138646597e-08, -0.19999992192600682], [0.0, 0.0, 0.0, 1.0]]"
3.65,-8.617526732400028,-12.257432725069142,-4.281233861863455,-97.8307870671411,16.72551110743335,16.2536287056028,-1.1788909709093183,-8.618436001333286,12.251336781234905,4.287842069885442,-97.8303772557909,-16.7314892305044,16.2551552528823,1.1736562712407381,"[[2.220446049250313e-16, -0.0, -1.0, 0.4], [0.0, 1.0, -0.0, 0.12624999999999997], [1.0, 0.0, 2.220446049250313e-16, -0.2], [0.0, 0.0, 0.0, 1.0]]","[[4.8329425461624e-09, 2.926103356959369e-07, -0.9999999999999574, 0.3999999167186985], [1.1539797720405272e-07, 0.9999999999999507, 2.9261033625364674e-07, 0.12626857337378902], [0.9999999999999936, -1.1539797861821672e-07, 4.832908795382451e-09, -0.1999998717857968], [0.0, 0.0, 0.0, 1.0]]","[[2.220446049250313e-16, -0.0, -1.0, 0.4], [0.0, 1.0, -0.0, -0.12624999999999997], [1.0, 0.0, 2.220446049250313e-16, -0.2], [0.0, 0.0, 0.0, 1.0]]","[[9.239678816497232e-08, -3.023858389808052e-07, -0.99999999999995, 0.3999999245656897], [-8.734171507359771e-08, 0.9999999999999505, -3.023858470508993e-07, -0.12626856979748954], [0.999999999999992, 8.73417430130744e-08, 9.239676174166433e-08, -0.19999990573550305], [0.0, 0.0, 0.0, 1.0]]"
3.658333333333333,-8.650733404597338,-12.318294833215832,-4.348613251138807,-97.79623314013001,16.810476953161015,16.2363414968135,-1.2472560418592682,-8.651262744258013,12.311495379897085,4.3544394025008275,-97.79623997031918,-16.815462991255124,16.238084902599144,1.2412277595864973,"[[2.220446049250313e-16, -0.0, -1.0, 0.4], [0.0, 1.0, -0.0, 0.125625], [1.0, 0.0, 2.220446049250313e-16, -0.2], [0.0, 0.0, 0.0, 1.0]]","[[4.512311241322564e-08, 1.3987084714029642e-07, -0.9999999999999891, 0.39999996504036517], [3.083225352732889e-08, 0.9999999999999896, 1.3987084853154375e-07, 0.1256318028261578], [0.9999999999999984, -3.0832259838736585e-08, 4.5123108083355845e-08, -0.19999995918430358], [0.0, 0.0, 0.0, 1.0]]","[[2.220446049250313e-16, -0.0, -1.0, 0.4], [0.0, 1.0, -0.0, -0.125625], [1.0, 0.0, 2.220446049250313e-16, -0.2], [0.0, 0.0, 0.0, 1.0]]","[[-1.692667639385803e-08, -3.1590720895016547e-07, -0.9999999999999502, 0.39999991471783913], [-1.1604253734268002e-07, 0.9999999999999435, -3.159072069859489e-07, -0.12564356929789053], [0.9999999999999932, 1.1604253199541515e-07, -1.6926713031217844e-08, -0.19999986492519958], [0.0, 0.0, 0.0, 1.0]]"
3.6666666666666665,-8.68363186450835,-12.37845855451989,-4.415111546011228,-97.76180898671315,16.89438411956733,16.21904916538232,-1.3146634989432415,-8.684169741905489,12.371660808748436,4.420937270486426,-97.76181581690231,-16.899370157661437,16.22080281645172,1.3086363906092342,"[[2.220446049250313e-16, -0.0, -1.0, 0.4], [0.0, 1.0, -0.0, 0.125], [1.0, 0.0, 2.220446049250313e-16, -0.2], [0.0, 0.0, 0.0, 1.0]]","[[-4.5798667636098855e-09, 1.3992414544694072e-07, -0.9999999999999901, 0.39999995939112964], [6.487232426101763e-08, 0.9999999999999882, 1.3992414514983383e-07, 0.12500679741474258], [0.9999999999999979, -6.487232362018305e-08, -4.5798758674386875e-09, -0.19999993538063893], [0.0, 0.0, 0.0, 1.0]]","[[2.220446049250313e-16, -0.0, -1.0, 0.4], [0.0, 1.0, -0.0, -0.125], [1.0, 0.0, 2.220446049250313e-16, -0.2], [0.0, 0.0, 0.0, 1.0]]","[[4.201083914079362e-08, -2.967756087229515e-07, -0.9999999999999549, 0.3999999159203765], [-1.1106849258160555e-07, 0.9999999999999497, -2.9677561338903054e-07, -0.125018570786105], [0.9999999999999929, 1.1106850504939312e-07, 4.201080616716979e-08, -0.19999988061543622], [0.0, 0.0, 0.0, 1.0]]"
3.675,-8.716609725368464,-12.438627398465824,-4.481509095593391,-97.72709796535115,16.978222984081942,16.201546805634162,-1.3819070314871345,-8.717155286728419,12.431833067788954,4.487334393181766,-97.72710479554031,-16.98320902217605,16.203308994440025,1.3758810970918907,"[[2.220446049250313e-16, -0.0, -1.0, 0.4], [0.0, 1.0, -0.0, 0.12437500000000001], [1.0, 0.0, 2.220446049250313e-16, -0.2], [0.0, 0.0, 0.0, 1.0]]","[[-2.636419060841888e-08, 8.322807869351503e-08, -0.9999999999999961, 0.39999997192079206], [4.1736540487802725e-08, 0.9999999999999956, 8.322807759316486e-08, 0.12437911705408428], [0.9999999999999988, -4.173653829356165e-08, -2.636419416113256e-08, -0.19999994938621607], [0.0, 0.0, 0.0, 1.0]]","[[2.220446049250313e-16, -0.0, -1.0, 0.4], [0.0, 1.0, -0.0, -0.12437500000000001], [1.0, 0.0, 2.220446049250313e-16, -0.2], [0.0, 0.0, 0.0, 1.0]]","[[4.496668470910237e-08, -4.2141020731400726e-07, -0.9999999999999101, 0.39999987648654567], [-1.5209059161445078e-07, 0.9999999999998996, -4.2141021415301247e-07, -0.1244056855431432], [0.9999999999999873, 1.5209061056385734e-07, 4.4966620538211544e-08, -0.1999998235735552], [0.0, 0.0, 0.0, 1.0]]"
3.683333333333333,-8.749667840951325,-12.498803926374576,-4.547805472998474,-97.692100076044,17.061991839157564,16.183834417569024,-1.4489854655521832,-8.749829204170467,12.491305232439549,4.55285383656876,-97.6925303779617,-17.065990914916608,16.18582371016479,1.4421739526806823,"[[2.220446049250313e-16, -0.0, -1.0, 0.4], [0.0, 1.0, -0.0, 0.12374999999999997], [1.0, 0.0, 2.220446049250313e-16, -0.2], [0.0, 0.0, 0.0, 1.0]]","[[5.597146596203473e-08, 1.9936857509545573e-07, -0.9999999999999787, 0.399999943394595], [6.808621137596738e-08, 0.9999999999999778, 1.9936857890634063e-07, 0.12376123547633179], [0.9999999999999962, -6.808622253491756e-08, 5.597145241731383e-08, -0.19999992833452393], [0.0, 0.0, 0.0, 1.0]]","[[2.220446049250313e-16, -0.0, -1.0, 0.4], [0.0, 1.0, -0.0, -0.12374999999999997], [1.0, 0.0, 2.220446049250313e-16, -0.2], [0.0, 0.0, 0.0, 1.0]]","[[6.887208009453971e-08, -3.0229311037712e-07, -0.9999999999999519, 0.3999999152069789], [-9.162032232933742e-08, 0.9999999999999503, -3.022931166872016e-07, -0.12376856774831538], [0.9999999999999934, 9.162034314888877e-08, 6.88720524499864e-08, -0.19999989349727837], [0.0, 0.0, 0.0, 1.0]]"
3.6916666666666664,-8.782805357483289,-12.558986430698852,-4.614000251339652,-97.65682214898088,17.145690684794193,16.16591200118691,-1.5158977339213306,-8.783367140542522,12.552196368890211,4.619824695154381,-97.65682897917006,-17.150678430435594,16.167692973012993,1.5098744675687314,"[[2.220446049250313e-16, -0.0, -1.0, 0.4], [0.0, 1.0, -0.0, 0.12312499999999998], [1.0, 0.0, 2.220446049250313e-16, -0.2], [0.0, 0.0, 0.0, 1.0]]","[[2.7826130288843842e-11, 2.1244504184930023e-07, -0.9999999999999775, 0.39999993748673235], [8.1155809603594e-08, 0.9999999999999742, 2.1244504185155778e-07, 0.12313623474727642], [0.9999999999999968, -8.115580960950369e-08, 2.7808921831962152e-11, -0.19999990762044223], [0.0, 0.0, 0.0, 1.0]]","[[2.220446049250313e-16, -0.0, -1.0, 0.4], [0.0, 1.0, -0.0, -0.12312499999999998], [1.0, 0.0, 2.220446049250313e-16, -0.2], [0.0, 0.0, 0.0, 1.0]]","[[9.02383673340168e-08, -4.1185230353804053e-07, -0.9999999999999112, 0.39999987830573297], [-1.2373215261925087e-07, 0.9999999999999076, -4.118523147034265e-07, -0.12315569367727433], [0.9999999999999882, 1.2373218978412035e-07, 9.023831637477997e-08, -0.19999984341590146], [0.0, 0.0, 0.0, 1.0]]"
3.6999999999999997,-8.816023128738,-12.61917491143865,-4.680093003730104,-97.62125735397262,17.22931952099183,16.147781264035114,-1.5826429828209299,-8.81659259576005,12.612388264724595,4.685917447544832,-97.62125735397262,-17.23430726663323,16.149570773597656,1.5766212105722115,"[[2.220446049250313e-16, -0.0, -1.0, 0.4], [0.0, 1.0, -0.0, 0.12249999999999994], [1.0, 0.0, 2.220446049250313e-16, -0.2], [0.0, 0.0, 0.0, 1.0]]","[[3.94150674876137e-08, 1.375893852640644e-07, -0.99999999999999, 0.3999999589230338], [3.470605891650803e-08, 0.9999999999999902, 1.375893866320061e-07, 0.12250680166177491], [0.9999999999999989, -3.4706064339602634e-08, 3.941506271365469e-08, -0.19999995305269874], [0.0, 0.0, 0.0, 1.0]]","[[2.220446049250313e-16, -0.0, -1.0, 0.4], [0.0, 1.0, -0.0, -0.12249999999999994], [1.0, 0.0, 2.220446049250313e-16, -0.2], [0.0, 0.0, 0.0, 1.0]]","[[1.1608055983103327e-07, -4.1475910064617333e-07, -0.9999999999999075, 0.39999987509335766], [-1.297710600133701e-07, 0.9999999999999057, -4.147591157100699e-07, -0.12253068535690455], [0.999999999999985, 1.2977110815882842e-07, 1.1608050598521658e-07, -0.19999985000766451], [0.0, 0.0, 0.0, 1.0]]"
3.7083333333333335,-8.849321154715458,-12.679371076141264,-4.746082449509359,-97.58540569101923,17.312878347750473,16.12944220611363,-1.6492201450339234,-8.849898305700323,12.67258699074815,4.7519068933240876,-97.5854125212084,-17.317866093391874,16.131240253412635,1.6431998668890861,"[[2.220446049250313e-16, -0.0, -1.0, 0.4], [0.0, 1.0, -0.0, 0.12187499999999996], [1.0, 0.0, 2.220446049250313e-16, -0.2], [0.0, 0.0, 0.0, 1.0]]","[[1.8502571086376207e-08, 7.156875966914333e-08, -0.9999999999999973, 0.3999999811154425], [2.422866842969956e-08, 0.9999999999999971, 7.156876011743598e-08, 0.12187748709810557], [0.9999999999999996, -2.4228669753905568e-08, 1.8502569310019368e-08, -0.19999997648433052], [0.0, 0.0, 0.0, 1.0]]","[[2.220446049250313e-16, -0.0, -1.0, 0.4], [0.0, 1.0, -0.0, -0.12187499999999996], [1.0, 0.0, 2.220446049250313e-16, -0.2], [0.0, 0.0, 0.0, 1.0]]","[[5.704627004110563e-08, -2.8276075656590993e-07, -0.9999999999999586, 0.3999999113207876], [-9.489676282895592e-08, 0.9999999999999558, -2.827607619794155e-07, -0.12189356830731446], [0.9999999999999941, 9.489677895939874e-08, 5.704624317370843e-08, -0.19999988492873325], [0.0, 0.0, 0.0, 1.0]]"
3.716666666666667,-8.882699435415663,-12.739573217259403,-4.811969015564241,-97.54926716012069,17.396365457522833,16.11089482742246,-1.7156281533432534,-8.883525034531589,12.733219433783999,4.818259619789822,-97.54900761293223,-17.401949137169318,16.112563101127236,1.7100804389116162,"[[2.220446049250313e-16, -0.0, -1.0, 0.4], [0.0, 1.0, -0.0, 0.12124999999999997], [1.0, 0.0, 2.220446049250313e-16, -0.2], [0.0, 0.0, 0.0, 1.0]]","[[3.320280755891858e-08, 2.1360782140680438e-07, -0.9999999999999767, 0.39999993628505376], [7.08920290865495e-08, 0.9999999999999747, 2.1360782376061836e-07, 0.121261232777955], [0.9999999999999969, -7.089203617892731e-08, 3.3202792459885444e-08, -0.19999991297415295], [0.0, 0.0, 0.0, 1.0]]","[[2.220446049250313e-16, -0.0, -1.0, 0.4], [0.0, 1.0, -0.0, -0.12124999999999997], [1.0, 0.0, 2.220446049250313e-16, -0.2], [0.0, 0.0, 0.0, 1.0]]","[[3.414994953487849e-10, -4.1842474110178636e-07, -0.9999999999999126, 0.399999864214551], [-1.56119943997393e-07, 0.9999999999999004, -4.1842474115509613e-07, -0.12128068320894285], [0.9999999999999879, 1.5611994414027118e-07, 3.414342142349369e-10, -0.19999980348732405], [0.0, 0.0, 0.0, 1.0]]"
3.725,-8.916157970838618,-12.799782188566711,-4.877751421234279,-97.51284859146618,17.479780850308906,16.092139127961605,-1.7818659405318618,-8.916751343522762,12.793003225815474,4.8835750112753615,-97.51284859146618,-17.484768595950307,16.093955958280826,1.775848330429669,"[[2.220446049250313e-16, -0.0, -1.0, 0.4], [0.0, 1.0, -0.0, 0.12062499999999998], [1.0, 0.0, 2.220446049250313e-16, -0.2], [0.0, 0.0, 0.0, 1.0]]","[[4.7339623443498624e-08, 1.3535783686373106e-07, -0.9999999999999898, 0.3999999582683087], [4.766663547902697e-08, 0.9999999999999898, 1.3535783912025164e-07, 0.12063179561188249], [0.9999999999999978, -4.7666641886815604e-08, 4.733961700420508e-08, -0.19999995047889696], [0.0, 0.0, 0.0, 1.0]]","[[2.220446049250313e-16, -0.0, -1.0, 0.4], [0.0, 1.0, -0.0, -0.12062499999999998], [1.0, 0.0, 2.220446049250313e-16, -0.2], [0.0, 0.0, 0.0, 1.0]]","[[7.739476393098244e-09, -4.354079519841342e-07, -0.9999999999999053, 0.39999985994955223], [-1.4515236200001434e-07, 0.9999999999998948, -4.35407953107533e-07, -0.12065567837301269], [0.9999999999999895, 1.4515236536983018e-07, 7.739413221408142e-09, -0.19999980363377903], [0.0, 0.0, 0.0, 1.0]]"
3.7333333333333334,-8.949696760984319,-12.859997136289543,-4.943429239632653,-97.47613632467737,17.563124526108695,16.07317852282565,-1.847932439382691,-8.950298671404926,12.853221588632891,4.949252402786912,-97.47614315486653,-17.568112271750095,16.075003890881334,1.8419161099409675,"[[2.220446049250313e-16, -0.0, -1.0, 0.4], [0.0, 1.0, -0.0, 0.12], [1.0, 0.0, 2.220446049250313e-16, -0.2], [0.0, 0.0, 0.0, 1.0]]","[[9.244078197356842e-08, 1.8934394263841962e-07, -0.999999999999978, 0.39999993650360943], [5.857720787977868e-08, 0.9999999999999805, 1.89343948053343e-07, 0.1200112342222909], [0.9999999999999942, -5.857722538288003e-08, 9.244077098236048e-08, -0.19999993770368435], [0.0, 0.0, 0.0, 1.0]]","[[2.220446049250313e-16, -0.0, -1.0, 0.4], [0.0, 1.0, -0.0, -0.12], [1.0, 0.0, 2.220446049250313e-16, -0.2], [0.0, 0.0, 0.0, 1.0]]","[[2.1422648099900243e-09, -2.9319076274366465e-07, -0.9999999999999571, 0.3999999003243539], [-1.1832667931060863e-07, 0.9999999999999502, -2.931907629971497e-07, -0.12001856397279834], [0.9999999999999931, 1.1832667993869581e-07, 2.142230171031656e-09, -0.19999985795637137], [0.0, 0.0, 0.0, 1.0]]"
3.7416666666666667,-8.98355913134195,-12.920646654798318,-5.0094660698492754,-97.43887764275495,17.646987296285403,16.05386787049473,-1.9142941304717118,-8.984168725725374,12.913873668462605,5.015289233003534,-97.43888447294411,-17.651976749474095,16.055703483834172,1.9082792951338694,"[[2.220446049250313e-16, -0.0, -1.0, 0.4], [0.0, 1.0, -0.0, 0.11937499999999995], [1.0, 0.0, 2.220446049250313e-16, -0.2], [0.0, 0.0, 0.0, 1.0]]","[[-1.4132338910233244e-08, 2.142718573870522e-07, -0.9999999999999771, 0.3999999302094366], [8.457428575456535e-08, 0.9999999999999736, 2.1427185619181896e-07, 0.1193862312454668], [0.9999999999999964, -8.457428272640089e-08, -1.4132357117890848e-08, -0.19999989728236106], [0.0, 0.0, 0.0, 1.0]]","[[2.220446049250313e-16, -0.0, -1.0, 0.4], [0.0, 1.0, -0.0, -0.11937499999999995], [1.0, 0.0, 2.220446049250313e-16, -0.2], [0.0, 0.0, 0.0, 1.0]]","[[3.3243452435272047e-09, -1.9449346378464522e-07, -0.9999999999999812, 0.3999999282017608], [-8.954845642029978e-08, 0.9999999999999772, -1.9449346408233442e-07, -0.1193862356179644], [0.9999999999999961, 8.954845706686148e-08, 3.324327813025718e-09, -0.199999901057239], [0.0, 0.0, 0.0, 1.0]]"
3.75,-9.01701852053855,-12.980446668529073,-5.074468553293463,-97.40187167783182,17.729589896560242,16.034639180433853,-1.9795478368113095,-9.01763579888479,12.973676243514298,5.080290862674076,-97.40187850802099,-17.734579349748937,16.036483331509757,1.973534068690525,"[[2.220446049250313e-16, -0.0, -1.0, 0.4], [0.0, 1.0, -0.0, 0.11874999999999997], [1.0, 0.0, 2.220446049250313e-16, -0.2], [0.0, 0.0, 0.0, 1.0]]","[[4.4430413959073434e-08, 2.0269056338571244e-07, -0.9999999999999786, 0.39999993409886697], [5.9558961984875716e-08, 0.9999999999999778, 2.0269056603194162e-07, 0.11876123239683167], [0.9999999999999974, -5.9558970990500206e-08, 4.4430401857642465e-08, -0.19999991896089667], [0.0, 0.0, 0.0, 1.0]]","[[2.220446049250313e-16, -0.0, -1.0, 0.4], [0.0, 1.0, -0.0, -0.11874999999999997], [1.0, 0.0, 2.220446049250313e-16, -0.2], [0.0, 0.0, 0.0, 1.0]]","[[7.2140639018059e-08, -3.053467130285363e-07, -0.999999999999951, 0.3999999039203699], [-7.742232513921039e-08, 0.9999999999999506, -3.0534671861383215e-07, -0.11876856360281393], [0.9999999999999946, 7.742234716711398e-08, 7.214061537030858e-08, -0.19999988907170668], [0.0, 0.0, 0.0, 1.0]]"
3.7583333333333333,-9.050799782399787,-13.040681253045769,-5.139828767895431,-97.36431246758592,17.812711591212008,16.015062150725303,-2.0450943875115715,-9.05102432486875,13.033207318546483,5.144886096089002,-97.36477692044947,-17.816720912254805,16.017155603705913,2.0383141440998647,"[[2.220446049250313e-16, -0.0, -1.0, 0.4], [0.0, 1.0, -0.0, 0.11812499999999998], [1.0, 0.0, 2.220446049250313e-16, -0.2], [0.0, 0.0, 0.0, 1.0]]","[[6.541067210097395e-08, 1.226966885335267e-07, -0.9999999999999903, 0.39999995621248935], [3.0145655098100553e-08, 0.999999999999992, 1.2269669050537447e-07, 0.11813179928917475], [0.9999999999999974, -3.014566312377326e-08, 6.541066832621567e-08, -0.19999996017708327], [0.0, 0.0, 0.0, 1.0]]","[[2.220446049250313e-16, -0.0, -1.0, 0.4], [0.0, 1.0, -0.0, -0.11812499999999998], [1.0, 0.0, 2.220446049250313e-16, -0.2], [0.0, 0.0, 0.0, 1.0]]","[[1.2592059267513278e-07, -4.300694778852276e-07, -0.9999999999998996, 0.3999998593389294], [-1.1427113076229765e-07, 0.999999999999901, -4.300694922743167e-07, -0.11815567699050393], [0.9999999999999856, 1.1427118491689152e-07, 1.259205436032751e-07, -0.19999983925183829], [0.0, 0.0, 0.0, 1.0]]"
3.7666666666666666,-9.084663006531063,-13.100922667751634,-5.205082260791617,-97.32646638939488,17.89575986133019,15.995281922888946,-2.1104661280577637,-9.085296506576583,13.094158219152384,5.210904143285407,-97.32647321958405,-17.900749314518887,15.997143149437774,2.1044549212579176,"[[2.220446049250313e-16, -0.0, -1.0, 0.4], [0.0, 1.0, -0.0, 0.1175], [1.0, 0.0, 2.220446049250313e-16, -0.2], [0.0, 0.0, 0.0, 1.0]]","[[5.156084864621491e-08, 1.3350320580170446e-07, -0.99999999999999, 0.3999999544604629], [3.649183934647435e-08, 0.9999999999999907, 1.3350320768325474e-07, 0.1175067967352813], [0.9999999999999982, -3.649184623001267e-08, 5.15608437612336e-08, -0.19999995224043232], [0.0, 0.0, 0.0, 1.0]]","[[2.220446049250313e-16, -0.0, -1.0, 0.4], [0.0, 1.0, -0.0, -0.1175], [1.0, 0.0, 2.220446049250313e-16, -0.2], [0.0, 0.0, 0.0, 1.0]]","[[9.727061112130286e-08, -2.8258926150538195e-07, -0.9999999999999556, 0.39999990149425174], [-8.013213213868286e-08, 0.9999999999999571, -2.8258926929988385e-07, -0.1175185660634838], [0.9999999999999922, 8.013215962631019e-08, 9.727058847275316e-08, -0.19999989065417528], [0.0, 0.0, 0.0, 1.0]]"
3.775,-9.118608192932381,-13.161170058873026,-5.2702281782083755,-97.28834027344786,17.978732999367505,15.975296789377488,-2.1756611374591817,-9.11924852316707,13.154408171594712,5.276050060702166,-97.28834710363704,-17.98372074500891,15.977168261210071,2.1696514247632166,"[[2.220446049250313e-16, -0.0, -1.0, 0.4], [0.0, 1.0, -0.0, 0.116875], [1.0, 0.0, 2.220446049250313e-16, -0.2], [0.0, 0.0, 0.0, 1.0]]","[[5.837374295047937e-08, 9.446381333284005e-08, -0.9999999999999939, 0.3999999690494872], [2.0337972976199672e-08, 0.9999999999999953, 9.44638145200438e-08, 0.11687911117206234], [0.9999999999999981, -2.0337978490405977e-08, 5.8373740952077924e-08, -0.1999999790266876], [0.0, 0.0, 0.0, 1.0]]","[[2.220446049250313e-16, -0.0, -1.0, 0.4], [0.0, 1.0, -0.0, -0.116875], [1.0, 0.0, 2.220446049250313e-16, -0.2], [0.0, 0.0, 0.0, 1.0]]","[[-9.191088945481596e-09, -2.168624194953934e-07, -0.9999999999999765, 0.3999999242731571], [-7.185505512126501e-08, 0.9999999999999738, -2.1686241883496663e-07, -0.1168862334088629], [0.9999999999999973, 7.185505312806153e-08, -9.19110448860394e-09, -0.1999998991732082], [0.0, 0.0, 0.0, 1.0]]"
3.783333333333333,-9.152878667092919,-13.221852020780357,-5.335726704141036,-97.24964042161056,18.062220109139865,15.954959901123775,-2.241140026597978,-9.153282502027597,13.214664954226212,5.341087975752673,-97.24993411974488,-18.066618750965354,15.956991882401855,2.23467098368033,"[[2.220446049250313e-16, -0.0, -1.0, 0.4], [0.0, 1.0, -0.0, 0.11624999999999996], [1.0, 0.0, 2.220446049250313e-16, -0.2], [0.0, 0.0, 0.0, 1.0]]","[[-4.839766754027863e-09, 9.540780736264317e-08, -0.9999999999999954, 0.3999999630499267], [3.442217374574238e-08, 0.9999999999999949, 9.540780719604782e-08, 0.11625411416176447], [0.9999999999999994, -3.4422173283990686e-08, -4.839770084696937e-09, -0.19999995112109098], [0.0, 0.0, 0.0, 1.0]]","[[2.220446049250313e-16, -0.0, -1.0, 0.4], [0.0, 1.0, -0.0, -0.11624999999999996], [1.0, 0.0, 2.220446049250313e-16, -0.2], [0.0, 0.0, 0.0, 1.0]]","[[-3.0533205408467268e-09, -2.1182283666032594e-07, -0.9999999999999777, 0.3999999215247399], [-7.339654379657525e-08, 0.9999999999999749, -2.118228364362222e-07, -0.11626123264161833], [0.9999999999999974, 7.339654314981055e-08, -3.0533360839690715e-09, -0.19999989410658567], [0.0, 0.0, 0.0, 1.0]]"
3.7916666666666665,-9.186337202515872,-13.280977553330573,-5.399435720511153,-97.21169189058197,18.14347545460092,15.934973060065026,-2.304759823622062,-9.186992900676195,13.274221642467783,5.40525717611812,-97.21170555096032,-18.148464907789617,15.936861607370535,2.2987528856904476,"[[2.220446049250313e-16, -0.0, -1.0, 0.4], [0.0, 1.0, -0.0, 0.11562499999999998], [1.0, 0.0, 2.220446049250313e-16, -0.2], [0.0, 0.0, 0.0, 1.0]]","[[-2.940611643076352e-10, 4.065701410405557e-07, -0.9999999999999174, 0.39999984119531035], [1.4527174454296485e-07, 0.9999999999999067, 4.065701409978326e-07, 0.11565567452075161], [0.9999999999999896, -1.4527174442339633e-07, -2.9412022817254524e-10, -0.1999997909833738], [0.0, 0.0, 0.0, 1.0]]","[[2.220446049250313e-16, -0.0, -1.0, 0.4], [0.0, 1.0, -0.0, -0.11562499999999998], [1.0, 0.0, 2.220446049250313e-16, -0.2], [0.0, 0.0, 0.0, 1.0]]","[[1.9096348335967406e-08, -4.1256806370593797e-07, -0.9999999999999148, 0.39999984254552756], [-1.497042929536483e-07, 0.9999999999999039, -4.1256806656473875e-07, -0.1156556743000443], [0.9999999999999888, 1.497043008321791e-07, 1.9096286607567237e-08, -0.19999979254719236], [0.0, 0.0, 0.0, 1.0]]"
3.8,-9.220931256888342,-13.341951505824923,-5.465015354940207,-97.17224071793599,18.22719479080506,15.914132445360025,-2.370179375492444,-9.221991643756986,13.335885444068305,5.471572763430243,-97.17178992545077,-18.233131932741095,15.915781936044583,2.364909244217545,"[[2.220446049250313e-16, -0.0, -1.0, 0.4], [0.0, 1.0, -0.0, 0.11499999999999999], [1.0, 0.0, 2.220446049250313e-16, -0.2], [0.0, 0.0, 0.0, 1.0]]","[[5.562845917239656e-08, 8.871859186926128e-08, -0.9999999999999944, 0.39999997063509585], [2.260111548995294e-08, 0.9999999999999958, 8.871859312652663e-08, 0.11500411011223509], [0.9999999999999982, -2.260112042523146e-08, 5.5628457173995116e-08, -0.19999997554415247], [0.0, 0.0, 0.0, 1.0]]","[[2.220446049250313e-16, -0.0, -1.0, 0.4], [0.0, 1.0, -0.0, -0.11499999999999999], [1.0, 0.0, 2.220446049250313e-16, -0.2], [0.0, 0.0, 0.0, 1.0]]","[[3.467383857813644e-08, -1.403400003501343e-07, -0.9999999999999896, 0.3999999500153604], [-4.532425261609353e-08, 0.9999999999999892, -1.4034000192170004e-07, -0.11500679386223907], [0.9999999999999984, 4.532425748221961e-08, 3.46738321388429e-08, -0.1999999437034138], [0.0, 0.0, 0.0, 1.0]]"
3.808333333333333,-9.255203438596173,-13.4022245101557,-5.529725847797377,-97.13297396039758,18.309862277877016,15.893341349526505,-2.4346597763519497,-9.255875358455773,13.395474575708436,5.535546449630698,-97.13298079058676,-18.314853438613003,15.895248679852232,2.4286558266280966,"[[2.220446049250313e-16, -0.0, -1.0, 0.4], [0.0, 1.0, -0.0, 0.114375], [1.0, 0.0, 2.220446049250313e-16, -0.2], [0.0, 0.0, 0.0, 1.0]]","[[3.4107528468219073e-09, 1.0123115259383598e-07, -0.9999999999999951, 0.39999996380155955], [3.085192400123756e-08, 0.9999999999999947, 1.0123115269906422e-07, 0.11437911154105902], [0.9999999999999998, -3.085192434651184e-08, 3.4107497381974383e-09, -0.19999995336068457], [0.0, 0.0, 0.0, 1.0]]","[[2.220446049250313e-16, -0.0, -1.0, 0.4], [0.0, 1.0, -0.0, -0.114375], [1.0, 0.0, 2.220446049250313e-16, -0.2], [0.0, 0.0, 0.0, 1.0]]","[[6.19590723172081e-08, -1.9267862192422627e-07, -0.9999999999999797, 0.39999992560244435], [-5.377459552271788e-08, 0.9999999999999801, -1.9267862525605043e-07, -0.11438623036100196], [0.9999999999999968, 5.377460746090565e-08, 6.195906188111167e-08, -0.1999999175046923], [0.0, 0.0, 0.0, 1.0]]"
3.8166666666666664,-9.289556728800399,-13.462504344675647,-5.594325350080535,-97.09342033491404,18.39245292532081,15.872350470659764,-2.4989587503116266,-9.290483926980228,13.45618556591974,5.600603147701423,-97.09314029715807,-18.39803148232542,15.874109244371041,2.493411569488518,"[[2.220446049250313e-16, -0.0, -1.0, 0.4], [0.0, 1.0, -0.0, 0.11374999999999996], [1.0, 0.0, 2.220446049250313e-16, -0.2], [0.0, 0.0, 0.0, 1.0]]","[[-1.1350851369940074e-09, 1.2603639607445503e-07, -0.999999999999992, 0.39999994440693637], [5.30582928749113e-08, 0.9999999999999907, 1.2603639601422919e-07, 0.11375679756003858], [0.9999999999999984, -5.3058292731848846e-08, -1.1350917983321551e-09, -0.19999992468475705], [0.0, 0.0, 0.0, 1.0]]","[[2.220446049250313e-16, -0.0, -1.0, 0.4], [0.0, 1.0, -0.0, -0.11374999999999996], [1.0, 0.0, 2.220446049250313e-16, -0.2], [0.0, 0.0, 0.0, 1.0]]","[[3.339158621828986e-08, -2.857245183242498e-07, -0.9999999999999586, 0.3999998847977061], [-9.894501324657421e-08, 0.9999999999999543, -2.8572452162817947e-07, -0.1137685601366724], [0.9999999999999946, 9.894502278736512e-08, 3.3391558018625034e-08, -0.19999985944621995], [0.0, 0.0, 0.0, 1.0]]"
3.8249999999999997,-9.32399283504831,-13.52279015561112,-5.65881386178968,-97.05358667167452,18.47496331804186,15.8511598087598,-2.563075870484652,-9.324680122833543,13.516046197579378,5.664634463623,-97.0535935018637,-18.479954478777845,15.85308421455845,2.557074695525149,"[[2.220446049250313e-16, -0.0, -1.0, 0.4], [0.0, 1.0, -0.0, 0.11312499999999998], [1.0, 0.0, 2.220446049250313e-16, -0.2], [0.0, 0.0, 0.0, 1.0]]","[[-1.1791354170842538e-08, 8.410589139005577e-08, -0.9999999999999963, 0.39999996285009454], [3.655074478900455e-08, 0.9999999999999958, 8.410589095907293e-08, 0.11312911278294885], [0.9999999999999992, -3.655074379728208e-08, -1.1791357057422402e-08, -0.19999994886821146], [0.0, 0.0, 0.0, 1.0]]","[[2.220446049250313e-16, -0.0, -1.0, 0.4], [0.0, 1.0, -0.0, -0.11312499999999998], [1.0, 0.0, 2.220446049250313e-16, -0.2], [0.0, 0.0, 0.0, 1.0]]","[[4.833715361307611e-08, -2.0478101414672343e-07, -0.9999999999999779, 0.399999922315476], [-4.881357012727838e-08, 0.9999999999999779, -2.0478101650623246e-07, -0.11313623130282367], [0.9999999999999977, 4.881358002580875e-08, 4.833714362106889e-08, -0.19999991658300623], [0.0, 0.0, 0.0, 1.0]]"
3.8333333333333335,-9.358510903566263,-13.583082796735761,-5.723191382924812,-97.01346614048987,18.557396871134742,15.829769363826612,-2.627009856210556,-9.35879606396411,13.575634475445861,5.728258102628492,-97.01396474429929,-18.561418145008588,15.831966977192064,2.620261842753995,"[[2.220446049250313e-16, -0.0, -1.0, 0.4], [0.0, 1.0, -0.0, 0.11249999999999999], [1.0, 0.0, 2.220446049250313e-16, -0.2], [0.0, 0.0, 0.0, 1.0]]","[[4.7495473887160244e-08, 2.1373262669587994e-07, -0.9999999999999761, 0.39999992011540275], [4.6500795334276204e-08, 0.9999999999999762, 2.1373262890445728e-07, 0.11251122781130077], [0.9999999999999979, -4.6500805485607596e-08, 4.7495464006175325e-08, -0.1999999153992413], [0.0, 0.0, 0.0, 1.0]]","[[2.220446049250313e-16, -0.0, -1.0, 0.4], [0.0, 1.0, -0.0, -0.11249999999999999], [1.0, 0.0, 2.220446049250313e-16, -0.2], [0.0, 0.0, 0.0, 1.0]]","[[3.64710903144605e-08, -5.887943927735026e-07, -0.9999999999998261, 0.39999976335296206], [-1.776716736344817e-07, 0.999999999999811, -5.887943992533734e-07, -0.11255068674332858], [0.9999999999999838, 1.776716951084245e-07, 3.647098573145158e-08, -0.19999971009952686], [0.0, 0.0, 0.0, 1.0]]"
3.841666666666667,-9.3931117881279,-13.64338226804957,-5.787456205938638,-96.97306557154924,18.63975187705217,15.808182550954786,-2.690759853715693,-9.394064599517117,13.637072027030126,5.793730588464942,-96.97277187341493,-18.645330434056778,15.80996523032816,2.6852124594491733,"[[2.220446049250313e-16, -0.0, -1.0, 0.4], [0.0, 1.0, -0.0, 0.11187499999999995], [1.0, 0.0, 2.220446049250313e-16, -0.2], [0.0, 0.0, 0.0, 1.0]]","[[-1.2187210296499273e-08, 2.088460096530334e-07, -0.999999999999978, 0.3999999155971824], [7.97240660872716e-08, 0.9999999999999749, 2.0884600868141878e-07, 0.11188622588941717], [0.9999999999999967, -7.972406354201965e-08, -1.2187226949844643e-08, -0.19999988777180683], [0.0, 0.0, 0.0, 1.0]]","[[2.220446049250313e-16, -0.0, -1.0, 0.4], [0.0, 1.0, -0.0, -0.11187499999999995], [1.0, 0.0, 2.220446049250313e-16, -0.2], [0.0, 0.0, 0.0, 1.0]]","[[3.838555889812412e-08, -1.3838082814147969e-07, -0.9999999999999898, 0.39999994394842786], [-3.942420710747766e-08, 0.9999999999999898, -1.3838082965479992e-07, -0.11188179450687023], [0.9999999999999987, 3.9424212419302754e-08, 3.8385553458031296e-08, -0.19999994066584723], [0.0, 0.0, 0.0, 1.0]]"
3.85,-9.427383969835732,-13.702979937426164,-5.850858290682928,-96.93286990828372,18.721058448932002,15.786665747521955,-2.7535809454937086,-9.428506682180553,13.696952295483628,5.857428078890834,-96.93238496485264,-18.72701949653013,15.788351096699655,2.748327462804911,"[[2.220446049250313e-16, -0.0, -1.0, 0.4], [0.0, 1.0, -0.0, 0.11124999999999996], [1.0, 0.0, 2.220446049250313e-16, -0.2], [0.0, 0.0, 0.0, 1.0]]","[[-2.6728688817811985e-08, 1.3806038924591292e-07, -0.99999999999999, 0.399999939120886], [6.768286000177684e-08, 0.999999999999988, 1.3806038743683854e-07, 0.11125679223885283], [0.9999999999999973, -6.768285631160304e-08, -2.6728698143685392e-08, -0.19999991321534383], [0.0, 0.0, 0.0, 1.0]]","[[2.220446049250313e-16, -0.0, -1.0, 0.4], [0.0, 1.0, -0.0, -0.11124999999999996], [1.0, 0.0, 2.220446049250313e-16, -0.2], [0.0, 0.0, 0.0, 1.0]]","[[6.17966609550713e-08, -4.0521663713836204e-07, -0.9999999999999161, 0.3999998258585072], [-1.3175164236103337e-07, 0.9999999999999094, -4.0521664528017084e-07, -0.11128066887741771], [0.9999999999999896, 1.31751667402058e-07, 6.179660755334382e-08, -0.19999980105904266], [0.0, 0.0, 0.0, 1.0]]"
3.8583333333333334,-9.462149632711096,-13.763291361571023,-5.914898998114614,-96.89190243364199,18.803254652951228,15.764686198772853,-2.816962539670488,-9.462867656347594,13.756559356370328,5.920718319287465,-96.89190926383115,-18.808247521234506,15.766648170611939,2.810966700796275,"[[2.220446049250313e-16, -0.0, -1.0, 0.4], [0.0, 1.0, -0.0, 0.11062499999999997], [1.0, 0.0, 2.220446049250313e-16, -0.2], [0.0, 0.0, 0.0, 1.0]]","[[-2.801513920847043e-08, 1.3728144016223455e-07, -0.9999999999999905, 0.3999999379449723], [6.319546112325724e-08, 0.9999999999999888, 1.3728143839180467e-07, 0.11063179351074441], [0.9999999999999978, -6.319545727729801e-08, -2.8015147868210022e-08, -0.19999991236807874], [0.0, 0.0, 0.0, 1.0]]","[[2.220446049250313e-16, -0.0, -1.0, 0.4], [0.0, 1.0, -0.0, -0.11062499999999997], [1.0, 0.0, 2.220446049250313e-16, -0.2], [0.0, 0.0, 0.0, 1.0]]","[[3.5709489309976306e-08, -3.0477310837715475e-07, -0.999999999999953, 0.39999987506820733], [-9.025071485308698e-08, 0.9999999999999496, -3.0477311159996064e-07, -0.11064355602603496], [0.9999999999999954, 9.025072573637488e-08, 3.57094618874676e-08, -0.19999985431548026], [0.0, 0.0, 0.0, 1.0]]"
3.8666666666666667,-9.496998111630148,-13.823609615905053,-5.978825299877702,-96.8506480910551,18.885370602247708,15.742510282085114,-2.880156943975327,-9.498138753221541,13.817587950378039,5.985391672991023,-96.85015631743487,-18.891329942298544,15.744209291641155,2.8749015402958253,"[[2.220446049250313e-16, -0.0, -1.0, 0.4], [0.0, 1.0, -0.0, 0.10999999999999999], [1.0, 0.0, 2.220446049250313e-16, -0.2], [0.0, 0.0, 0.0, 1.0]]","[[3.453972163836028e-08, 2.9066308310301704e-07, -0.9999999999999571, 0.399999873322545], [1.0038159236175314e-07, 0.9999999999999528, 2.9066308657016806e-07, 0.11001855470359366], [0.9999999999999944, -1.0038160240117095e-07, 3.453969255051703e-08, -0.199999856042132], [0.0, 0.0, 0.0, 1.0]]","[[2.220446049250313e-16, -0.0, -1.0, 0.4], [0.0, 1.0, -0.0, -0.10999999999999999], [1.0, 0.0, 2.220446049250313e-16, -0.2], [0.0, 0.0, 0.0, 1.0]]","[[3.534100417867947e-08, -2.768406004053571e-07, -0.999999999999961, 0.3999998769382159], [-8.693910921130389e-08, 0.9999999999999578, -2.768406034778717e-07, -0.11001855844138823], [0.9999999999999957, 8.693911899512545e-08, 3.5340980086839835e-08, -0.19999985838030693], [0.0, 0.0, 0.0, 1.0]]"
3.875,-9.531930260366533,-13.883933846654605,-6.042637622859016,-96.80911371071225,18.967406296821437,15.72013970500603,-2.9431639449648137,-9.532664505702309,13.877207817869435,6.048456517145043,-96.80912054090143,-18.972397457557424,15.722120459865334,2.937170880854951,"[[2.220446049250313e-16, -0.0, -1.0, 0.4], [0.0, 1.0, -0.0, 0.109375], [1.0, 0.0, 2.220446049250313e-16, -0.2], [0.0, 0.0, 0.0, 1.0]]","[[-9.346032281420946e-10, 2.8366166698561976e-07, -0.99999999999996, 0.3999998680033374], [1.1143685769060023e-07, 0.9999999999999538, 2.8366166688146875e-07, 0.10939355537221179], [0.999999999999994, -1.1143685742548464e-07, -9.34634980520599e-10, -0.1999998404963642], [0.0, 0.0, 0.0, 1.0]]","[[2.220446049250313e-16, -0.0, -1.0, 0.4], [0.0, 1.0, -0.0, -0.109375], [1.0, 0.0, 2.220446049250313e-16, -0.2], [0.0, 0.0, 0.0, 1.0]]","[[6.528731766319851e-08, -5.85371126995238e-07, -0.9999999999998266, 0.39999974619391027], [-1.7912157633063214e-07, 0.9999999999998127, -5.853711386895971e-07, -0.10942568135416789], [0.9999999999999818, 1.7912161454791262e-07, 6.528721285814498e-08, -0.19999970768212538], [0.0, 0.0, 0.0, 1.0]]"
3.8833333333333333,-9.56736272045962,-13.944971832172424,-6.10707960390444,-96.76678019823652,19.050324793345393,15.697297844874214,-3.0067165073142554,-9.568357366757503,13.938677812852257,6.113348436902042,-96.76647966991304,-19.055901642802706,15.699118090288023,3.0011691130477356,"[[2.220446049250313e-16, -0.0, -1.0, 0.4], [0.0, 1.0, -0.0, 0.10874999999999996], [1.0, 0.0, 2.220446049250313e-16, -0.2], [0.0, 0.0, 0.0, 1.0]]","[[1.871503202410807e-08, 1.2649126684568037e-07, -0.9999999999999917, 0.3999999388618428], [3.891136749323431e-08, 0.9999999999999911, 1.2649126757390776e-07, 0.10875679532136388], [0.999999999999999, -3.891136986052211e-08, 1.871502702810446e-08, -0.19999993308533684], [0.0, 0.0, 0.0, 1.0]]","[[2.220446049250313e-16, -0.0, -1.0, 0.4], [0.0, 1.0, -0.0, -0.10874999999999996], [1.0, 0.0, 2.220446049250313e-16, -0.2], [0.0, 0.0, 0.0, 1.0]]","[[7.953473413202516e-08, -4.119034940197374e-07, -0.9999999999999122, 0.39999981876095386], [-1.1472077229101294e-07, 0.9999999999999089, -4.1190350314402215e-07, -0.10878066584536267], [0.9999999999999903, 1.1472080505163848e-07, 7.953468694754662e-08, -0.1999997988936791], [0.0, 0.0, 0.0, 1.0]]"
3.8916666666666666,-9.602463062604315,-14.005308869526669,-6.170660127340796,-96.7246720820034,19.13219485583175,15.674536239465148,-3.069342725257514,-9.603212675865723,13.99858967093067,6.176478167853177,-96.72467891219256,-19.13718943166232,15.676534069797375,3.0633526493554126,"[[2.220446049250313e-16, -0.0, -1.0, 0.4], [0.0, 1.0, -0.0, 0.10812499999999997], [1.0, 0.0, 2.220446049250313e-16, -0.2], [0.0, 0.0, 0.0, 1.0]]","[[-4.1453646071332173e-10, 8.639936616446407e-08, -0.9999999999999961, 0.39999995785542064], [3.168638794304249e-08, 0.9999999999999958, 8.639936615132886e-08, 0.1081291105519169], [0.9999999999999994, -3.168638790722668e-08, -4.1453934729318576e-10, -0.199999951687128], [0.0, 0.0, 0.0, 1.0]]","[[2.220446049250313e-16, -0.0, -1.0, 0.4], [0.0, 1.0, -0.0, -0.10812499999999997], [1.0, 0.0, 2.220446049250313e-16, -0.2], [0.0, 0.0, 0.0, 1.0]]","[[8.465368622756486e-08, -1.8405058240520204e-07, -0.9999999999999797, 0.39999991450953054], [-4.962077968441919e-08, 0.999999999999982, -1.8405058660578438e-07, -0.10813622584765835], [0.9999999999999954, 4.962079526497879e-08, 8.465367712373606e-08, -0.19999991850900012], [0.0, 0.0, 0.0, 1.0]]"
3.9,-9.63764792833999,-14.06565188329644,-6.234124110674439,-96.68228392801429,19.213984663595358,15.651579973664735,-3.131778551677658,-9.638404371790568,14.058936099795025,6.2399421511868205,-96.68229075820346,-19.21897753187864,15.653588049280717,3.1257897564360264,"[[2.220446049250313e-16, -0.0, -1.0, 0.4], [0.0, 1.0, -0.0, 0.10749999999999998], [1.0, 0.0, 2.220446049250313e-16, -0.2], [0.0, 0.0, 0.0, 1.0]]","[[6.524968310106516e-08, 3.053591917336597e-07, -0.9999999999999513, 0.3999998678652237], [8.457626015801525e-08, 0.9999999999999499, 3.053591972522334e-07, 0.10751854763205373], [0.9999999999999943, -8.457628008260195e-08, 6.524965734389099e-08, -0.19999986158314723], [0.0, 0.0, 0.0, 1.0]]","[[2.220446049250313e-16, -0.0, -1.0, 0.4], [0.0, 1.0, -0.0, -0.10749999999999998], [1.0, 0.0, 2.220446049250313e-16, -0.2], [0.0, 0.0, 0.0, 1.0]]","[[1.0688827029037284e-07, -2.731607276361807e-07, -0.999999999999957, 0.3999998705610426], [-7.746798930843589e-08, 0.9999999999999598, -2.7316073591660083e-07, -0.10751855549336217], [0.9999999999999915, 7.746801850611112e-08, 1.0688824908511307e-07, -0.19999987272187486], [0.0, 0.0, 0.0, 1.0]]"
3.908333333333333,-9.67291561011935,-14.12600172725538,-6.2974715539053685,-96.63960890608006,19.29569080154164,15.628432462567561,-3.194023132801042,-9.673679737532746,14.11928935884855,6.30328959441775,-96.63961573626922,-19.300685377372208,15.630449075920007,3.18803561821988,"[[2.220446049250313e-16, -0.0, -1.0, 0.4], [0.0, 1.0, -0.0, 0.106875], [1.0, 0.0, 2.220446049250313e-16, -0.2], [0.0, 0.0, 0.0, 1.0]]","[[8.06366021732785e-08, 1.4217393366896204e-07, -0.9999999999999868, 0.39999994171053666], [3.1009206294012133e-08, 0.9999999999999895, 1.4217393616943948e-07, 0.10688178845092014], [0.9999999999999963, -3.1009217758434846e-08, 8.06365977323864e-08, -0.1999999498262041], [0.0, 0.0, 0.0, 1.0]]","[[2.220446049250313e-16, -0.0, -1.0, 0.4], [0.0, 1.0, -0.0, -0.106875], [1.0, 0.0, 2.220446049250313e-16, -0.2], [0.0, 0.0, 0.0, 1.0]]","[[4.134969994185056e-08, -2.830898479832934e-07, -0.9999999999999593, 0.3999998620956896], [-9.82369800007218e-08, 0.9999999999999554, -2.830898520453619e-07, -0.1068935519689679], [0.9999999999999946, 9.823699170639823e-08, 4.1349672186274944e-08, -0.19999984871612214], [0.0, 0.0, 0.0, 1.0]]"
3.9166666666666665,-9.707846905082087,-14.1856497692771,-6.35996308905593,-96.59717294076677,19.376355335639488,15.605378866571476,-3.2553503341415286,-9.7086187164583,14.178940815964856,6.365780702681489,-96.59717977095593,-19.381348203922766,15.607404017660384,3.2493643136642474,"[[2.220446049250313e-16, -0.0, -1.0, 0.4], [0.0, 1.0, -0.0, 0.10625000000000001], [1.0, 0.0, 2.220446049250313e-16, -0.2], [0.0, 0.0, 0.0, 1.0]]","[[4.477256804191754e-08, 1.9792141057594246e-07, -0.9999999999999796, 0.3999999053504876], [5.2653782523780736e-08, 0.9999999999999791, 1.9792141293338743e-07, 0.10626122637566424], [0.9999999999999978, -5.265379138522959e-08, 4.477255771684341e-08, -0.19999990395153064], [0.0, 0.0, 0.0, 1.0]]","[[2.220446049250313e-16, -0.0, -1.0, 0.4], [0.0, 1.0, -0.0, -0.10625000000000001], [1.0, 0.0, 2.220446049250313e-16, -0.2], [0.0, 0.0, 0.0, 1.0]]","[[1.2572205332350705e-07, -4.1441964289850275e-07, -0.9999999999999062, 0.39999980915201944], [-9.905225818370992e-08, 0.9999999999999093, -4.144196553515572e-07, -0.10628066345603258], [0.9999999999999872, 9.905231028539059e-08, 1.2572201224525514e-07, -0.19999980861206845], [0.0, 0.0, 0.0, 1.0]]"
3.925,-9.74328278026976,-14.246012419840735,-6.42307702519461,-96.55393101313142,19.45789584149839,15.581848864880781,-3.3172117843411573,-9.744484039790036,14.240013806202171,6.429631872363707,-96.55341191875449,-19.46385005890735,15.583595685761013,3.3119495504724856,"[[2.220446049250313e-16, -0.0, -1.0, 0.4], [0.0, 1.0, -0.0, 0.10562499999999997], [1.0, 0.0, 2.220446049250313e-16, -0.2], [0.0, 0.0, 0.0, 1.0]]","[[2.991475189784154e-08, 1.9803619044779221e-07, -0.99999999999998, 0.3999999021978046], [6.210155356154932e-08, 0.9999999999999786, 1.9803619230554447e-07, 0.10563622441511951], [0.9999999999999978, -6.210155948575165e-08, 2.991473968538827e-08, -0.1999998978297931], [0.0, 0.0, 0.0, 1.0]]","[[2.220446049250313e-16, -0.0, -1.0, 0.4], [0.0, 1.0, -0.0, -0.10562499999999997], [1.0, 0.0, 2.220446049250313e-16, -0.2], [0.0, 0.0, 0.0, 1.0]]","[[3.725818115141166e-08, -4.1723300870942444e-07, -0.9999999999999125, 0.39999979948914344], [-1.391592856792472e-07, 0.9999999999999034, -4.1723301389424255e-07, -0.10565565915257942], [0.9999999999999898, 1.391593012245782e-07, 3.7258123086747474e-08, -0.19999977161897278], [0.0, 0.0, 0.0, 1.0]]"
3.933333333333333,-9.779225797003306,-14.307088825172636,-6.486808666566353,-96.50987629298483,19.54031231911835,15.557839042400895,-3.3795991591068772,-9.78001297630515,14.300385848275914,6.492625853305088,-96.50988995336317,-19.545306894948922,15.559881268962728,3.373615913393946,"[[2.220446049250313e-16, -0.0, -1.0, 0.4], [0.0, 1.0, -0.0, 0.10499999999999998], [1.0, 0.0, 2.220446049250313e-16, -0.2], [0.0, 0.0, 0.0, 1.0]]","[[7.313387301310925e-08, 9.671981431016619e-08, -0.9999999999999926, 0.3999999606143941], [1.01257412357243e-08, 0.9999999999999951, 9.671981505070111e-08, 0.10500410768365395], [0.9999999999999972, -1.01257483092189e-08, 7.313387201390853e-08, -0.19999997203680642], [0.0, 0.0, 0.0, 1.0]]","[[2.220446049250313e-16, -0.0, -1.0, 0.4], [0.0, 1.0, -0.0, -0.10499999999999998], [1.0, 0.0, 2.220446049250313e-16, -0.2], [0.0, 0.0, 0.0, 1.0]]","[[6.236388222502498e-08, -2.820384609040316e-07, -0.9999999999999583, 0.39999986015096467], [-9.453048399805505e-08, 0.9999999999999558, -2.820384667993189e-07, -0.10501854868096532], [0.9999999999999936, 9.453050158706487e-08, 6.236385557967239e-08, -0.19999985019864416], [0.0, 0.0, 0.0, 1.0]]"
3.9416666666666664,-9.81483242692023,-14.367463428567318,-6.5496839729709055,-96.46606745964837,19.621683777795297,15.53392655011668,-3.4410693675331108,-9.815626436411243,14.360764720538826,6.555501159709641,-96.46607428983754,-19.62668006117316,15.535979021962268,3.4350876159240604,"[[2.220446049250313e-16, -0.0, -1.0, 0.4], [0.0, 1.0, -0.0, 0.10437499999999994], [1.0, 0.0, 2.220446049250313e-16, -0.2], [0.0, 0.0, 0.0, 1.0]]","[[5.5574445378958615e-08, 2.067886814571585e-07, -0.9999999999999771, 0.3999999033561136], [4.827587335600389e-08, 0.9999999999999776, 2.0678868414006347e-07, 0.1043862239176568], [0.9999999999999973, -4.8275884848169207e-08, 5.5574435497973695e-08, -0.19999990293608869], [0.0, 0.0, 0.0, 1.0]]","[[2.220446049250313e-16, -0.0, -1.0, 0.4], [0.0, 1.0, -0.0, -0.10437499999999994], [1.0, 0.0, 2.220446049250313e-16, -0.2], [0.0, 0.0, 0.0, 1.0]]","[[7.752131936378248e-08, -2.88969479572762e-07, -0.9999999999999554, 0.39999986199150106], [-6.831939265968874e-08, 0.999999999999956, -2.889694848689716e-07, -0.10439354729949864], [0.9999999999999949, 6.83194150609814e-08, 7.752129971283495e-08, -0.1999998619639823], [0.0, 0.0, 0.0, 1.0]]"
3.9499999999999997,-9.850523580428131,-14.427845715924814,-6.612440177951806,-96.42197858855593,19.702973274202204,15.509824520082997,-3.5023438483509417,-9.851583113523128,14.421577309814035,6.618700046326122,-96.42165756966494,-19.708546708564935,15.511706237199336,3.4967958137541872,"[[2.220446049250313e-16, -0.0, -1.0, 0.4], [0.0, 1.0, -0.0, 0.10374999999999995], [1.0, 0.0, 2.220446049250313e-16, -0.2], [0.0, 0.0, 0.0, 1.0]]","[[-1.7492274295705101e-09, 1.4814856700393873e-07, -0.9999999999999892, 0.39999992994821826], [3.995303989838916e-08, 0.9999999999999885, 1.4814856693405166e-07, 0.10375679195607264], [0.9999999999999994, -3.995303963924317e-08, -1.7492334247748431e-09, -0.19999991755555035], [0.0, 0.0, 0.0, 1.0]]","[[2.220446049250313e-16, -0.0, -1.0, 0.4], [0.0, 1.0, -0.0, -0.10374999999999995], [1.0, 0.0, 2.220446049250313e-16, -0.2], [0.0, 0.0, 0.0, 1.0]]","[[6.806958940952512e-08, -2.729251658880346e-07, -0.9999999999999606, 0.3999998593978378], [-7.47105614266423e-08, 0.9999999999999601, -2.7292517097355166e-07, -0.10376855373883458], [0.999999999999995, 7.471058000454363e-08, 6.806956898142147e-08, -0.19999985716474453], [0.0, 0.0, 0.0, 1.0]]"
3.9583333333333335,-9.886557950941825,-14.488660012747316,-6.675518255597343,-96.37726817024904,19.78475283668206,15.485353659834134,-3.5638524765912565,-9.887367328358472,14.481968134907996,6.681335015449255,-96.37728183062737,-19.789749120059923,15.487423207152649,3.557873499746557,"[[2.220446049250313e-16, -0.0, -1.0, 0.4], [0.0, 1.0, -0.0, 0.10312499999999997], [1.0, 0.0, 2.220446049250313e-16, -0.2], [0.0, 0.0, 0.0, 1.0]]","[[6.196733576269153e-08, 1.4185512592401498e-07, -0.999999999999988, 0.3999999331711847], [1.8075211874640033e-08, 0.9999999999999898, 1.4185512704408794e-07, 0.10313179222123178], [0.999999999999998, -1.8075220665024094e-08, 6.196733320917858e-08, -0.19999994181272546], [0.0, 0.0, 0.0, 1.0]]","[[2.220446049250313e-16, -0.0, -1.0, 0.4], [0.0, 1.0, -0.0, -0.10312499999999997], [1.0, 0.0, 2.220446049250313e-16, -0.2], [0.0, 0.0, 0.0, 1.0]]","[[-2.990935199509437e-08, -1.3073999949715901e-07, -0.9999999999999911, 0.39999992539669915], [-6.732492011754232e-08, 0.9999999999999892, -1.3073999748351405e-07, -0.10313179003582063], [0.9999999999999973, 6.732491620719312e-08, -2.990936065483396e-08, -0.19999990903157153], [0.0, 0.0, 0.0, 1.0]]"
3.966666666666667,-9.922161165764162,-14.548625658565443,-6.737591441661242,-96.33294024253566,19.865292719827558,15.461056969409107,-3.624301998623397,-9.92297737336998,14.541937195820708,6.743407774626331,-96.33294707272482,-19.87028900320542,15.463135054464082,3.618324302439166,"[[2.220446049250313e-16, -0.0, -1.0, 0.4], [0.0, 1.0, -0.0, 0.10249999999999998], [1.0, 0.0, 2.220446049250313e-16, -0.2], [0.0, 0.0, 0.0, 1.0]]","[[5.88547575675058e-08, 1.4680180419731929e-07, -0.9999999999999878, 0.399999933853044], [2.1719328050022294e-08, 0.9999999999999891, 1.468018054756053e-07, 0.10250678740637063], [0.9999999999999982, -2.1719336690006683e-08, 5.885475434785903e-08, -0.1999999385107763], [0.0, 0.0, 0.0, 1.0]]","[[2.220446049250313e-16, -0.0, -1.0, 0.4], [0.0, 1.0, -0.0, -0.10249999999999998], [1.0, 0.0, 2.220446049250313e-16, -0.2], [0.0, 0.0, 0.0, 1.0]]","[[7.440369037547967e-08, -5.811116010848738e-07, -0.9999999999998284, 0.3999997057285729], [-1.557768040718474e-07, 0.999999999999819, -5.811116126752375e-07, -0.10255066466516777], [0.9999999999999851, 1.5577684730866914e-07, 7.440359978128086e-08, -0.19999968577091873], [0.0, 0.0, 0.0, 1.0]]"
3.975,-9.958107597592294,-14.609026728943158,-6.799985646616132,-96.28799759779696,19.946324376593296,15.436391448768898,-3.6849835336439054,-9.958932342934574,14.602339973745716,6.80580197958122,-96.28800442798614,-19.95132065997116,15.43847977910763,3.6790075450069675,"[[2.220446049250313e-16, -0.0, -1.0, 0.4], [0.0, 1.0, -0.0, 0.101875], [1.0, 0.0, 2.220446049250313e-16, -0.2], [0.0, 0.0, 0.0, 1.0]]","[[-1.3110822982831394e-09, 2.0849811262099683e-07, -0.9999999999999785, 0.3999998906145059], [8.315470374242139e-08, 0.9999999999999749, 2.0849811251197342e-07, 0.10188621902737048], [0.9999999999999967, -8.315470346906138e-08, -1.3110996177623235e-09, -0.19999987612639628], [0.0, 0.0, 0.0, 1.0]]","[[2.220446049250313e-16, -0.0, -1.0, 0.4], [0.0, 1.0, -0.0, -0.101875], [1.0, 0.0, 2.220446049250313e-16, -0.2], [0.0, 0.0, 0.0, 1.0]]","[[1.2771440355274777e-07, -5.701811083755623e-07, -0.9999999999998292, 0.3999997073755902], [-1.5433277713174506e-07, 0.9999999999998255, -5.701811280860787e-07, -0.10192565777625885], [0.9999999999999798, 1.5433284995206137e-07, 1.2771431551206192e-07, -0.19999970539284645], [0.0, 0.0, 0.0, 1.0]]"
3.9833333333333334,-9.993710812414632,-14.668724289836362,-6.8615307736798234,-96.24332133043592,20.026317844605195,15.411843748891872,-3.7447609223730343,-9.994971836090146,14.662749581859893,6.868074094904696,-96.2427749153023,-20.032266939372274,15.413636673549,3.739491431428369,"[[2.220446049250313e-16, -0.0, -1.0, 0.4], [0.0, 1.0, -0.0, 0.10124999999999995], [1.0, 0.0, 2.220446049250313e-16, -0.2], [0.0, 0.0, 0.0, 1.0]]","[[2.7182523343327603e-08, 1.39570716471978e-07, -0.99999999999999, 0.39999992593988304], [4.8437913755866945e-08, 0.9999999999999892, 1.3957071778864263e-07, 0.10125678813069607], [0.9999999999999987, -4.8437917549750743e-08, 2.7182516570967152e-08, -0.19999992688611293], [0.0, 0.0, 0.0, 1.0]]","[[2.220446049250313e-16, -0.0, -1.0, 0.4], [0.0, 1.0, -0.0, -0.10124999999999995], [1.0, 0.0, 2.220446049250313e-16, -0.2], [0.0, 0.0, 0.0, 1.0]]","[[7.072287105946984e-08, -1.866847124413836e-07, -0.9999999999999801, 0.3999998966310585], [-4.634154750381114e-08, 0.9999999999999816, -1.8668471571879116e-07, -0.10126122374596458], [0.9999999999999966, 4.63415607066893e-08, 7.072286239973025e-08, -0.19999990565629858], [0.0, 0.0, 0.0, 1.0]]"
3.9916666666666667,-10.03025915466337,-14.729845945171514,-6.9244082145184915,-96.19725853467335,20.108129850483607,15.386502039523831,-3.8057489621325473,-10.031097560383989,14.72316602016324,6.930224547483581,-96.19726536486252,-20.11312613386147,15.388607445335488,3.799775534816548,"[[2.220446049250313e-16, -0.0, -1.0, 0.4], [0.0, 1.0, -0.0, 0.10062499999999996], [1.0, 0.0, 2.220446049250313e-16, -0.2], [0.0, 0.0, 0.0, 1.0]]","[[-5.900541882875032e-08, 8.754727058150879e-08, -0.9999999999999947, 0.3999999483328436], [4.377240035700357e-08, 0.9999999999999956, 8.754726799870005e-08, 0.10062911059846345], [0.9999999999999976, -4.377239519124011e-08, -5.9005422603508606e-08, -0.19999992564266905], [0.0, 0.0, 0.0, 1.0]]","[[2.220446049250313e-16, -0.0, -1.0, 0.4], [0.0, 1.0, -0.0, -0.10062499999999996], [1.0, 0.0, 2.220446049250313e-16, -0.2], [0.0, 0.0, 0.0, 1.0]]","[[5.8911262201810644e-08, -1.9661876604290864e-07, -0.999999999999979, 0.3999998934705769], [-5.231398785540402e-08, 0.9999999999999793, -1.9661876912479178e-07, -0.10063621997235395], [0.999999999999997, 5.231399943846278e-08, 5.8911251876736515e-08, -0.19999990223008435], [0.0, 0.0, 0.0, 1.0]]"
