time,l_q0,l_q1,l_q2,l_q3,l_q4,l_q5,l_q6,r_q0,r_q1,r_q2,r_q3,r_q4,r_q5,r_q6,l_pose,l_real_pose,r_pose,r_real_pose
0.0,-49.703269514709866,30.81325438382655,4.0354781059976945,-64.58480030096902,-19.25743832709498,25.628483398079258,39.40808781270921,-49.703269514709866,-30.81325438382655,-4.0354781059976945,-64.58480030096902,19.25743832709498,25.628483398079258,-39.40808781270921,"[[3.3306690738754696e-16, -0.0, -1.0000000000000002, 0.55], [0.0, 1.0, -0.0, 0.347481739654184], [1.0000000000000002, 0.0, 3.3306690738754696e-16, 0.03507740030351997], [0.0, 0.0, 0.0, 1.0]]","[[8.055537376039368e-08, 1.8786016710574808e-06, -0.9999999999982321, 0.549999952151034], [-1.0362404386905138e-07, 0.9999999999982301, 1.8786016627100033e-06, 0.34183507298581955], [0.9999999999999913, 1.0362389253740906e-07, 8.05555684935122e-08, 0.03341576373109559], [0.0, 0.0, 0.0, 1.0]]",,"[[-1.1309856565722143e-06, 1.2520496782232186e-06, -0.9999999999985768, 0.5499998849944301], [3.2420453818635493e-07, 0.9999999999991639, 1.2520493115532712e-06, -0.342997144579063], [0.999999999999308, -3.242031221360808e-07, -1.130986062469752e-06, 0.03385951583487948], [0.0, 0.0, 0.0, 1.0]]"
0.03626251220703125,-49.83638990163341,31.257629906322162,4.243710510110697,-64.0224844869802,-19.751182456911447,25.145129693537672,39.537885312601546,-49.81339948488715,-31.15279333275164,-4.192022199792979,-64.15961419494656,19.637555429879114,25.27040390065217,-39.51119634841972,"[[3.3306690738754696e-16, -0.0, -1.0000000000000002, 0.55], [0.0, 1.0, -0.0, 0.347481739654184], [1.0000000000000002, 0.0, 3.3306690738754696e-16, 0.03507740030351997], [0.0, 0.0, 0.0, 1.0]]","[[3.349821298126443e-08, 1.9165015196819143e-06, -0.9999999999981632, 0.5499999484468855], [-9.545265492934577e-08, 0.9999999999981593, 1.9165015164844133e-06, 0.34748138772507803], [0.9999999999999951, 9.545259072979432e-08, 3.349839594601889e-08, 0.03507748339853409], [0.0, 0.0, 0.0, 1.0]]","[[3.3306690738754696e-16, -0.0, -1.0000000000000002, 0.55], [0.0, 1.0, -0.0, -0.347481739654184], [1.0000000000000002, 0.0, 3.3306690738754696e-16, 0.03507740030351997], [0.0, 0.0, 0.0, 1.0]]","[[-1.0583435894329085e-06, 1.2787707647360693e-06, -0.9999999999986225, 0.5499999021597881], [3.1231808393358925e-07, 0.9999999999991338, 1.278770434196881e-06, -0.3485615296727062], [0.9999999999993915, -3.1231673055466764e-07, -1.0583439886691082e-06, 0.03523892460861652], [0.0, 0.0, 0.0, 1.0]]"
0.0673675537109375,-49.85602328040262,31.63374451825267,4.4498396428461575,-63.500248223041034,-20.13949066405772,24.614985778086915,39.6067746005703,-49.86218411103397,-31.54629419121441,-4.398283240556786,-63.62665453401046,20.0523733087415,24.751830325655412,-39.59517693935961,"[[3.3306690738754696e-16, -0.0, -1.0000000000000002, 0.55], [0.0, 1.0, -0.0, 0.34856144990692], [1.0000000000000002, 0.0, 3.3306690738754696e-16, 0.035238652460897635], [0.0, 0.0, 0.0, 1.0]]","[[-5.446083306548388e-09, 1.9299175824452204e-06, -0.9999999999981377, 0.5499999476692872], [-8.917211867841093e-08, 0.9999999999981337, 1.9299175829308515e-06, 0.349623843011407], [0.999999999999996, 8.917212918873677e-08, -5.445911221979571e-09, 0.03534128452447523], [0.0, 0.0, 0.0, 1.0]]","[[3.3306690738754696e-16, -0.0, -1.0000000000000002, 0.55], [0.0, 1.0, -0.0, -0.347481739654184], [1.0000000000000002, 0.0, 3.3306690738754696e-16, 0.03507740030351997], [0.0, 0.0, 0.0, 1.0]]","[[-1.1150159609507604e-06, 1.2656808839010125e-06, -0.9999999999985775, 0.5499998966607167], [3.1700896955538184e-07, 0.9999999999991489, 1.265680530431675e-06, -0.3537020836797798], [0.9999999999993282, -3.17007558300938e-07, -1.1150163621853615e-06, 0.03515532670782809], [0.0, 0.0, 0.0, 1.0]]"
0.10601568222045898,-49.75579025433267,31.938657823180378,4.6573997002127365,-63.024388943566244,-20.42156723149549,24.03962430278338,39.616644223920964,-49.71170479833483,-32.003530959917164,-4.709761211050524,-62.91313199217591,20.47557182971549,23.88894862214561,-39.61020335553364,"[[3.3306690738754696e-16, -0.0, -1.0000000000000002, 0.55], [0.0, 1.0, -0.0, 0.34856144990692], [1.0000000000000002, 0.0, 3.3306690738754696e-16, 0.035238652460897635], [0.0, 0.0, 0.0, 1.0]]","[[9.743375950499455e-08, 1.9198727929727767e-06, -0.9999999999981524, 0.5499999636581614], [-5.224485539302221e-08, 0.9999999999981557, 1.9198727878823704e-06, 0.3556341919439107], [0.999999999999994, 5.224466833250177e-08, 9.743385986915598e-08, 0.034700441672732625], [0.0, 0.0, 0.0, 1.0]]","[[3.3306690738754696e-16, -0.0, -1.0000000000000002, 0.55], [0.0, 1.0, -0.0, -0.3506698118046714], [1.0000000000000002, 0.0, 3.3306690738754696e-16, 0.035384488469474076], [0.0, 0.0, 0.0, 1.0]]","[[-1.127821243229743e-06, 1.235907015707086e-06, -0.9999999999986003, 0.549999891835669], [3.1075590936807144e-07, 0.999999999999188, 1.2359066652306964e-06, -0.35657369938293704], [0.9999999999993158, -3.107545154858448e-07, -1.1278216271448649e-06, 0.034382682171900304], [0.0, 0.0, 0.0, 1.0]]"
0.14735198020935059,-49.459865478352704,32.217134880925556,4.9213455304987095,-62.49952988698579,-20.62651047263631,23.25995308638455,39.55033674745848,-49.459865478352704,-32.217134880925556,-4.9213455304987095,-62.49952988698579,20.62651047263631,23.25995308638455,-39.55033674745848,"[[3.3306690738754696e-16, -0.0, -1.0000000000000002, 0.55], [0.0, 1.0, -0.0, 0.3556345494664542], [1.0000000000000002, 0.0, 3.3306690738754696e-16, 0.034700394153884914], [0.0, 0.0, 0.0, 1.0]]","[[8.532627682189542e-08, 1.892114723923068e-06, -0.9999999999982063, 0.5499999603562264], [-8.84163509543537e-08, 0.9999999999982061, 1.8921147163788292e-06, 0.3601447053640325], [0.9999999999999925, 8.841618950709103e-08, 8.532644413250523e-08, 0.03250982151959736], [0.0, 0.0, 0.0, 1.0]]","[[3.3306690738754696e-16, -0.0, -1.0000000000000002, 0.55], [0.0, 1.0, -0.0, -0.3506698118046714], [1.0000000000000002, 0.0, 3.3306690738754696e-16, 0.035384488469474076], [0.0, 0.0, 0.0, 1.0]]","[[-1.1374725594759383e-06, 1.2824274974106527e-06, -0.9999999999985307, 0.5499998901052566], [3.421047054192118e-07, 0.9999999999991191, 1.2824271082766923e-06, -0.3609909885351135], [0.9999999999992946, -3.421032466930641e-07, -1.137472998014033e-06, 0.03189346435257991], [0.0, 0.0, 0.0, 1.0]]"
0.18752217292785645,-48.98145170812833,32.38089549646578,5.189247320974589,-62.0517768359456,-20.672738900486248,22.417497063587664,39.4032383783985,-48.98145170812833,-32.38089549646578,-5.189247320974589,-62.0517768359456,20.672738900486248,22.417497063587664,-39.4032383783985,"[[3.3306690738754696e-16, -0.0, -1.0000000000000002, 0.55], [0.0, 1.0, -0.0, 0.3556345494664542], [1.0000000000000002, 0.0, 3.3306690738754696e-16, 0.034700394153884914], [0.0, 0.0, 0.0, 1.0]]","[[6.28607572661366e-08, 1.9214308273629537e-06, -0.9999999999981521, 0.54999996691599], [-3.002573563802958e-08, 0.9999999999981536, 1.921430825475516e-06, 0.36418157007831004], [0.9999999999999976, 3.002561485537716e-08, 6.286081488671158e-08, 0.02884954938556842], [0.0, 0.0, 0.0, 1.0]]","[[3.3306690738754696e-16, -0.0, -1.0000000000000002, 0.55], [0.0, 1.0, -0.0, -0.3601450537776155], [1.0000000000000002, 0.0, 3.3306690738754696e-16, 0.03250976200635371], [0.0, 0.0, 0.0, 1.0]]","[[-1.086781679870974e-06, 1.2862169981388186e-06, -0.9999999999985825, 0.5499998977329047], [3.8511472033461836e-07, 0.9999999999990988, 1.2862165796038601e-06, -0.3656601882801573], [0.9999999999993354, -3.8511332249745733e-07, -1.0867821752524875e-06, 0.02699221612673223], [0.0, 0.0, 0.0, 1.0]]"
0.22713303565979004,-48.33796934113767,32.43188627371451,5.455698550025486,-61.67411518616809,-20.569118100587986,21.517745998938132,39.183541928650456,-48.478736124837056,-32.43052706606968,-5.4029152750064515,-61.7445617572676,20.601308782146255,21.701983521610053,-39.23286272464712,"[[3.3306690738754696e-16, -0.0, -1.0000000000000002, 0.55], [0.0, 1.0, -0.0, 0.3641819293651777], [1.0000000000000002, 0.0, 3.3306690738754696e-16, 0.028849478079318605], [0.0, 0.0, 0.0, 1.0]]","[[5.24278606084394e-08, 1.9289738090836486e-06, -0.9999999999981383, 0.5499999717089914], [-3.309261859429235e-08, 0.999999999998139, 1.9289738073486752e-06, 0.3670583221904479], [0.9999999999999981, 3.3092517462260726e-08, 5.242792444626332e-08, 0.024920463214421214], [0.0, 0.0, 0.0, 1.0]]","[[3.3306690738754696e-16, -0.0, -1.0000000000000002, 0.55], [0.0, 1.0, -0.0, -0.3601450537776155], [1.0000000000000002, 0.0, 3.3306690738754696e-16, 0.03250976200635371], [0.0, 0.0, 0.0, 1.0]]","[[-1.1094706625081052e-06, 1.2852375765215041e-06, -0.9999999999985588, 0.549999899732259], [3.8410827101533584e-07, 0.9999999999991005, 1.2852371503653425e-06, -0.3690052945516081], [0.9999999999993109, -3.8410684508186945e-07, -1.1094711563353066e-06, 0.021431276730847878], [0.0, 0.0, 0.0, 1.0]]"
0.2775735855102539,-47.5551647754571,32.374621967713125,5.7116961745516805,-61.35448965376817,-20.32721158320635,20.56721247780955,38.90033154981046,-47.5551647754571,-32.374621967713125,-5.7116961745516805,-61.35448965376817,20.32721158320635,20.56721247780955,-38.90033154981046,"[[3.3306690738754696e-16, -0.0, -1.0000000000000002, 0.55], [0.0, 1.0, -0.0, 0.3641819293651777], [1.0000000000000002, 0.0, 3.3306690738754696e-16, 0.028849478079318605], [0.0, 0.0, 0.0, 1.0]]","[[1.8068625040612574e-08, 1.9343137312258675e-06, -0.999999999998129, 0.5499999646057389], [-3.774270767332766e-08, 0.9999999999981285, 1.9343137305439077e-06, 0.3707671019602263], [0.9999999999999991, 3.774267272286763e-08, 1.806869798226529e-08, 0.017512609258048498], [0.0, 0.0, 0.0, 1.0]]","[[3.3306690738754696e-16, -0.0, -1.0000000000000002, 0.55], [0.0, 1.0, -0.0, -0.368376696901412], [1.0000000000000002, 0.0, 3.3306690738754696e-16, 0.02264348871464393], [0.0, 0.0, 0.0, 1.0]]","[[-1.1249888695608057e-06, 1.2574609877765726e-06, -0.9999999999985767, 0.5499999028235384], [4.2053342641844884e-07, 0.9999999999991209, 1.257460514681833e-06, -0.371838653945752], [0.9999999999992788, -4.2053201178876736e-07, -1.12498939824901e-06, 0.014680087793499823], [0.0, 0.0, 0.0, 1.0]]"
0.3232290744781494,-46.47616222622975,32.17271133056379,5.9893233006320115,-61.0265859320942,-19.873632380804143,19.370718722026936,38.490383595826295,-46.66433052276901,-32.215898616685784,-5.946078384788899,-61.07805140749024,19.96061654743155,19.57375634038932,-38.56334367654037,"[[3.3306690738754696e-16, -0.0, -1.0000000000000002, 0.55], [0.0, 1.0, -0.0, 0.37131346389031133], [1.0000000000000002, 0.0, 3.3306690738754696e-16, 0.016117256592303716], [0.0, 0.0, 0.0, 1.0]]","[[6.096523902376916e-08, 1.9389070657433933e-06, -0.9999999999981185, 0.5499999764856877], [2.3062279298189166e-08, 0.9999999999981202, 1.938907067149394e-06, 0.3737282061795032], [0.9999999999999979, -2.3062397504078316e-08, 6.096519428178127e-08, 0.008537520433136159], [0.0, 0.0, 0.0, 1.0]]","[[3.3306690738754696e-16, -0.0, -1.0000000000000002, 0.55], [0.0, 1.0, -0.0, -0.368376696901412], [1.0000000000000002, 0.0, 3.3306690738754696e-16, 0.02264348871464393], [0.0, 0.0, 0.0, 1.0]]","[[-1.1655237778795957e-06, 1.2350230190943584e-06, -0.9999999999985583, 0.5499999041066688], [4.482467632273565e-07, 0.9999999999991369, 1.2350224966528122e-06, -0.3745462158506796], [0.9999999999992204, -4.4824532377862417e-07, -1.1655243314367958e-06, 0.005252528634652044], [0.0, 0.0, 0.0, 1.0]]"
0.37479400634765625,-45.29997291530229,31.839920608538677,6.215789748508009,-60.734854892264615,-19.266402950380623,18.12914913281682,38.02061001490199,-45.50029553346959,-31.90375214142703,-6.182393111674409,-60.78196953715936,19.377144222488624,18.338397100682037,-38.102302492469924,"[[3.3306690738754696e-16, -0.0, -1.0000000000000002, 0.55], [0.0, 1.0, -0.0, 0.37131346389031133], [1.0000000000000002, 0.0, 3.3306690738754696e-16, 0.016117256592303716], [0.0, 0.0, 0.0, 1.0]]","[[2.0134391098824977e-08, 1.9119701961553505e-06, -0.9999999999981721, 0.5499999750041545], [1.7052495970373923e-08, 0.9999999999981721, 1.9119701964986923e-06, 0.3759233101142922], [0.9999999999999998, -1.7052534466698734e-08, 2.0134358569290356e-08, -0.0016837524466264088], [0.0, 0.0, 0.0, 1.0]]","[[3.3306690738754696e-16, -0.0, -1.0000000000000002, 0.55], [0.0, 1.0, -0.0, -0.3741480478940553], [1.0000000000000002, 0.0, 3.3306690738754696e-16, 0.006911371145925382], [0.0, 0.0, 0.0, 1.0]]","[[-1.0700341482317022e-06, 1.2936267671021928e-06, -0.9999999999985909, 0.5499999104366793], [4.7291961813699516e-07, 0.9999999999990516, 1.293626261062648e-06, -0.37648274586002856], [0.9999999999993159, -4.729182339120543e-07, -1.0700347601866333e-06, -0.0053090519314466], [0.0, 0.0, 0.0, 1.0]]"
0.42151570320129395,-44.08291858257064,31.393700934967157,6.3735675452221265,-60.457446759124544,-18.53213370894216,16.862499088974417,37.508752223406645,-44.286403578323664,-31.475174846481654,-6.352647956454847,-60.503407102049565,18.662228322063388,17.074414245710525,-37.596250361769094,"[[3.3306690738754696e-16, -0.0, -1.0000000000000002, 0.55], [0.0, 1.0, -0.0, 0.3762140203316129], [1.0000000000000002, 0.0, 3.3306690738754696e-16, -0.00348478170510072], [0.0, 0.0, 0.0, 1.0]]","[[5.3827320323218686e-08, 1.8913755621338379e-06, -0.9999999999982098, 0.5499999810815862], [4.789854861844186e-08, 0.9999999999982101, 1.8913755647120888e-06, 0.37733880643470313], [0.9999999999999972, -4.789865042603436e-08, 5.3827229729019876e-08, -0.012812816291117425], [0.0, 0.0, 0.0, 1.0]]","[[3.3306690738754696e-16, -0.0, -1.0000000000000002, 0.55], [0.0, 1.0, -0.0, -0.3741480478940553], [1.0000000000000002, 0.0, 3.3306690738754696e-16, 0.006911371145925382], [0.0, 0.0, 0.0, 1.0]]","[[-1.083443580185417e-06, 1.2558942458218709e-06, -0.9999999999986247, 0.5499999223248763], [4.517850417594517e-07, 0.9999999999991096, 1.2558937563388766e-06, -0.3776361651124493], [0.9999999999993112, -4.517836810688025e-07, -1.0834441475093826e-06, -0.016666342033157665], [0.0, 0.0, 0.0, 1.0]]"
0.46419477462768555,-43.0730204722709,30.94829405390687,6.443289689382794,-60.226531723664756,-17.841613536684914,15.80401613556108,37.06230715359252,-43.27337724138405,-31.042175004048698,-6.434115464666998,-60.27297701002084,17.984699169607513,16.015200462055997,-37.15255102800131,"[[3.3306690738754696e-16, -0.0, -1.0000000000000002, 0.55], [0.0, 1.0, -0.0, 0.3762140203316129], [1.0000000000000002, 0.0, 3.3306690738754696e-16, -0.00348478170510072], [0.0, 0.0, 0.0, 1.0]]","[[7.874984986333544e-08, 1.918776705481634e-06, -0.9999999999981561, 0.5499999839863629], [7.532470524815226e-08, 0.9999999999981565, 1.918776711413444e-06, 0.37784481238199874], [0.9999999999999942, -7.532485635139151e-08, 7.874970531229764e-08, -0.02057276838212229], [0.0, 0.0, 0.0, 1.0]]","[[3.3306690738754696e-16, -0.0, -1.0000000000000002, 0.55], [0.0, 1.0, -0.0, -0.3773391573921572], [1.0000000000000002, 0.0, 3.3306690738754696e-16, -0.012812890010673664], [0.0, 0.0, 0.0, 1.0]]","[[-1.0429704825343222e-06, 1.2701086025555062e-06, -0.9999999999986496, 0.549999923794488], [4.6605172448512354e-07, 0.9999999999990848, 1.2701081164778673e-06, -0.37799389104814957], [0.9999999999993475, -4.660503997992191e-07, -1.042971074505239e-06, -0.026505974096697433], [0.0, 0.0, 0.0, 1.0]]"
0.5077023506164551,-42.09138226966208,30.446760093342004,6.452200951815545,-59.99145027281126,-17.09378978483856,14.75737502262125,36.607235554856665,-42.28456392505213,-30.55110489329229,-6.455394065252525,-60.03885861584031,17.247366588326297,14.965108396038017,-36.69855859915432,"[[3.3306690738754696e-16, -0.0, -1.0000000000000002, 0.55], [0.0, 1.0, -0.0, 0.3779167303042321], [1.0000000000000002, 0.0, 3.3306690738754696e-16, -0.022542079898956104], [0.0, 0.0, 0.0, 1.0]]","[[2.6298705935179356e-08, 1.92242920601696e-06, -0.9999999999981519, 0.5499999812894195], [7.300056432889158e-08, 0.9999999999981497, 1.9224292079367763e-06, 0.37794389579522053], [0.9999999999999971, -7.300061488615706e-08, 2.6298565602989044e-08, -0.03249772325962528], [0.0, 0.0, 0.0, 1.0]]","[[3.3306690738754696e-16, -0.0, -1.0000000000000002, 0.55], [0.0, 1.0, -0.0, -0.3773391573921572], [1.0000000000000002, 0.0, 3.3306690738754696e-16, -0.012812890010673664], [0.0, 0.0, 0.0, 1.0]]","[[-1.10009237058728e-06, 1.2740193847772351e-06, -0.9999999999985834, 0.5499999248825334], [4.790350740452671e-07, 0.9999999999990736, 1.2740188577950299e-06, -0.37769669514650084], [0.9999999999992801, -4.79033672506163e-07, -1.1000929807658544e-06, -0.03851535217925181], [0.0, 0.0, 0.0, 1.0]]"
0.5671331882476807,-40.79530947842255,29.667227188273863,6.359948574903944,-59.655466437349155,-15.971552138165029,13.33693217055861,35.96964081093056,-40.61913840916041,-29.5495532741583,-6.336878330321757,-59.607170169728,15.805303626219626,13.139937562064395,-35.87932521953548,"[[3.3306690738754696e-16, -0.0, -1.0000000000000002, 0.55], [0.0, 1.0, -0.0, 0.3779167303042321], [1.0000000000000002, 0.0, 3.3306690738754696e-16, -0.022542079898956104], [0.0, 0.0, 0.0, 1.0]]","[[2.62864380262684e-09, 1.933575641123398e-06, -0.9999999999981309, 0.5499999859482276], [1.1731239067990516e-07, 0.9999999999981242, 1.9335756414317573e-06, 0.37742124536035787], [0.9999999999999934, -1.1731239576236765e-07, 2.628416984062909e-09, -0.042528070342706004], [0.0, 0.0, 0.0, 1.0]]","[[3.3306690738754696e-16, -0.0, -1.0000000000000002, 0.55], [0.0, 1.0, -0.0, -0.3778011461230909], [1.0000000000000002, 0.0, 3.3306690738754696e-16, -0.03650860562575261], [0.0, 0.0, 0.0, 1.0]]","[[-1.063372442933197e-06, 1.2627323459392783e-06, -0.9999999999986373, 0.5499999373936268], [4.923081115963292e-07, 0.9999999999990816, 1.26273182243296e-06, -0.3766088994807802], [0.9999999999993134, -4.923067688414355e-07, -1.0633730646580908e-06, -0.050521333965324405], [0.0, 0.0, 0.0, 1.0]]"
0.6259796619415283,-39.7753470843808,28.940744362489212,6.185473100103261,-59.366645058106,-14.955349763261362,12.182401389489259,35.432907470478035,-39.7753470843808,-28.940744362489212,-6.185473100103261,-59.366645058106,14.955349763261362,12.182401389489259,-35.432907470478035,"[[3.3306690738754696e-16, -0.0, -1.0000000000000002, 0.55], [0.0, 1.0, -0.0, 0.37660881317027084], [1.0000000000000002, 0.0, 3.3306690738754696e-16, -0.0505216342092363], [0.0, 0.0, 0.0, 1.0]]","[[7.888073078055058e-08, 1.9015930965455397e-06, -0.9999999999981889, 0.5499999927408004], [1.6185759259001932e-07, 0.999999999998179, 1.901593109312966e-06, 0.3754471845824233], [0.9999999999999839, -1.6185774258878013e-07, 7.888042291570585e-08, -0.05843284956190582], [0.0, 0.0, 0.0, 1.0]]","[[3.3306690738754696e-16, -0.0, -1.0000000000000002, 0.55], [0.0, 1.0, -0.0, -0.3778011461230909], [1.0000000000000002, 0.0, 3.3306690738754696e-16, -0.03650860562575261], [0.0, 0.0, 0.0, 1.0]]","[[-1.106720716570475e-06, 1.2447820790204235e-06, -0.999999999998613, 0.5499999370875649], [5.12696067823031e-07, 0.9999999999990938, 1.2447815116096624e-06, -0.374737269321355], [0.9999999999992563, -5.126946901968332e-07, -1.1067213549487143e-06, -0.06234524704424933], [0.0, 0.0, 0.0, 1.0]]"
0.6606194972991943,-38.99533948116534,28.301353278811394,5.976033033167637,-59.13096938079471,-14.077640572837105,11.276177013053845,34.99711066557995,-39.14618762407966,-28.431487165520355,-6.022418128481663,-59.177517119988345,14.255230613899315,11.453024271043814,-35.083328143473025,"[[3.3306690738754696e-16, -0.0, -1.0000000000000002, 0.55], [0.0, 1.0, -0.0, 0.37660881317027084], [1.0000000000000002, 0.0, 3.3306690738754696e-16, -0.0505216342092363], [0.0, 0.0, 0.0, 1.0]]","[[1.8522081590699457e-08, 1.9063269170411573e-06, -0.9999999999981828, 0.5499999929277448], [1.7955585348082936e-07, 0.9999999999981668, 1.906326920366875e-06, 0.37351049627899835], [0.9999999999999838, -1.7955588878964595e-07, 1.8521739308940965e-08, -0.06815058459567577], [0.0, 0.0, 0.0, 1.0]]","[[3.3306690738754696e-16, -0.0, -1.0000000000000002, 0.55], [0.0, 1.0, -0.0, -0.3754475356898788], [1.0000000000000002, 0.0, 3.3306690738754696e-16, -0.05843291091715331], [0.0, 0.0, 0.0, 1.0]]","[[-1.070401180858216e-06, 1.2466145780298014e-06, -0.9999999999986502, 0.5499999405759813], [4.919192233716082e-07, 0.9999999999991023, 1.246614051479447e-06, -0.37305956729553286], [0.9999999999993063, -4.919178889937916e-07, -1.0704017941454147e-06, -0.07006699696423119], [0.0, 0.0, 0.0, 1.0]]"
0.6934032440185547,-38.55814931767658,27.9045773446416,5.823789397228522,-58.99355280488322,-13.539020392626362,10.759340013653565,34.741415703811356,-38.279344410851245,-27.634941966777006,-5.711632995301858,-58.90401585505352,13.175179630634368,10.426399027466708,-34.573434031364066,"[[3.3306690738754696e-16, -0.0, -1.0000000000000002, 0.55], [0.0, 1.0, -0.0, 0.37394097839498347], [1.0000000000000002, 0.0, 3.3306690738754696e-16, -0.0662246432856358], [0.0, 0.0, 0.0, 1.0]]","[[3.403103859822565e-08, 1.9073151767113801e-06, -0.9999999999981806, 0.5499999933937512], [2.1817557767878818e-07, 0.9999999999981575, 1.9073151841360775e-06, 0.3720929300858085], [0.9999999999999758, -2.1817564258630798e-07, 3.403062248663602e-08, -0.07387136580645923], [0.0, 0.0, 0.0, 1.0]]","[[3.3306690738754696e-16, -0.0, -1.0000000000000002, 0.55], [0.0, 1.0, -0.0, -0.3754475356898788], [1.0000000000000002, 0.0, 3.3306690738754696e-16, -0.05843291091715331], [0.0, 0.0, 0.0, 1.0]]","[[-1.0814507538925433e-06, 1.2262693055369987e-06, -0.9999999999986635, 0.5499999416091336], [4.900537466617241e-07, 0.9999999999991283, 1.2262687755685746e-06, -0.37048676255008894], [0.9999999999992952, -4.900524205117773e-07, -1.0814513549672888e-06, -0.07950201814522463], [0.0, 0.0, 0.0, 1.0]]"
0.7397973537445068,-37.751370788009254,27.08391816303352,5.462579111840628,-58.73043342748682,-12.43627781339134,9.7886454816424,34.24334806425027,-37.62540843933588,-26.943779756737783,-5.3952893687981325,-58.688209198037804,12.249219422592201,9.635038796077044,-34.16201417161376,"[[3.3306690738754696e-16, -0.0, -1.0000000000000002, 0.55], [0.0, 1.0, -0.0, 0.37394097839498347], [1.0000000000000002, 0.0, 3.3306690738754696e-16, -0.0662246432856358], [0.0, 0.0, 0.0, 1.0]]","[[-3.3778346009150084e-08, 1.9461074169439484e-06, -0.9999999999981057, 0.5499999918461108], [2.3494288428481736e-07, 0.9999999999980788, 1.946107409007914e-06, 0.3686931311467683], [0.9999999999999718, -2.349428185480828e-07, -3.3778803198991625e-08, -0.08504063601202971], [0.0, 0.0, 0.0, 1.0]]","[[3.3306690738754696e-16, -0.0, -1.0000000000000002, 0.55], [0.0, 1.0, -0.0, -0.3715786387497362], [1.0000000000000002, 0.0, 3.3306690738754696e-16, -0.07575857628192005], [0.0, 0.0, 0.0, 1.0]]","[[-1.0939063002091132e-06, 1.222809012738262e-06, -0.9999999999986541, 0.5499999444112936], [4.865865312297462e-07, 0.999999999999134, 1.2228084804587768e-06, -0.3673958601753078], [0.9999999999992834, -4.865851935911906e-07, -1.0939068952886544e-06, -0.08868118511471819], [0.0, 0.0, 0.0, 1.0]]"
0.7888524532318115,-37.030427245641484,26.229154139352275,5.029672757621935,-58.48393190034106,-11.299759948710607,8.901096549945093,33.7619734070207,-37.030427245641484,-26.229154139352275,-5.029672757621935,-58.48393190034106,11.299759948710607,8.901096549945093,-33.7619734070207,"[[3.3306690738754696e-16, -0.0, -1.0000000000000002, 0.55], [0.0, 1.0, -0.0, 0.36805479629710447], [1.0000000000000002, 0.0, 3.3306690738754696e-16, -0.08686624488113655], [0.0, 0.0, 0.0, 1.0]]","[[1.3590244540839791e-08, 1.898069201755967e-06, -0.9999999999981986, 0.5499999909938581], [2.6402112636905174e-07, 0.9999999999981639, 1.8980692053440128e-06, 0.36455852431772523], [0.9999999999999651, -2.640211521638009e-07, 1.3589743497188778e-08, -0.09584165741288093], [0.0, 0.0, 0.0, 1.0]]","[[3.3306690738754696e-16, -0.0, -1.0000000000000002, 0.55], [0.0, 1.0, -0.0, -0.3715786387497362], [1.0000000000000002, 0.0, 3.3306690738754696e-16, -0.07575857628192005], [0.0, 0.0, 0.0, 1.0]]","[[-1.0763679129666137e-06, 1.235999332797472e-06, -0.999999999998657, 0.5499999524705135], [5.219577984680028e-07, 0.9999999999991, 1.2359987709793934e-06, -0.363021764941876], [0.9999999999992847, -5.219564680778841e-07, -1.076368558006191e-06, -0.09936278150037536], [0.0, 0.0, 0.0, 1.0]]"
0.8281154632568359,-36.49102671631807,25.491732765611847,4.617017060518682,-58.28933298069823,-10.32610709101518,8.221133288823752,33.37184324691332,-36.59461336527048,-25.641020210300816,-4.703217036052005,-58.32763668156366,10.522815685337902,8.3530353407541,-33.44915757322328,"[[3.3306690738754696e-16, -0.0, -1.0000000000000002, 0.55], [0.0, 1.0, -0.0, 0.36805479629710447], [1.0000000000000002, 0.0, 3.3306690738754696e-16, -0.08686624488113655], [0.0, 0.0, 0.0, 1.0]]","[[1.8781269650602894e-08, 1.8966895381303062e-06, -0.9999999999982011, 0.5499999929607154], [3.1449062894282656e-07, 0.9999999999981518, 1.8966895440367462e-06, 0.3614063210035478], [0.9999999999999504, -3.144906645644986e-07, 1.8780673127771763e-08, -0.10284678493904069], [0.0, 0.0, 0.0, 1.0]]","[[3.3306690738754696e-16, -0.0, -1.0000000000000002, 0.55], [0.0, 1.0, -0.0, -0.364558880973955], [1.0000000000000002, 0.0, 3.3306690738754696e-16, -0.09584174065646187], [0.0, 0.0, 0.0, 1.0]]","[[-1.059284708171404e-06, 1.261514374389155e-06, -0.9999999999986435, 0.5499999560963124], [5.315436870137913e-07, 0.9999999999990632, 1.2615138113335852e-06, -0.35884090138490665], [0.9999999999992979, -5.315423507107805e-07, -1.059285378746111e-06, -0.10800467844694027], [0.0, 0.0, 0.0, 1.0]]"
0.8682155609130859,-36.0041844926579,24.73192886196129,4.159209971020238,-58.100628514309115,-9.327432689069058,7.59005881423407,32.989967370417915,-36.0041844926579,-24.73192886196129,-4.159209971020238,-58.100628514309115,9.327432689069058,7.59005881423407,-32.989967370417915,"[[3.3306690738754696e-16, -0.0, -1.0000000000000002, 0.55], [0.0, 1.0, -0.0, 0.36057035727020414], [1.0000000000000002, 0.0, 3.3306690738754696e-16, -0.10457507289002074], [0.0, 0.0, 0.0, 1.0]]","[[-3.4705876561513804e-08, 1.92026167646157e-06, -0.9999999999981558, 0.5499999976478931], [3.102929138939709e-07, 0.9999999999981082, 1.920261665692491e-06, 0.3561060012447874], [0.9999999999999513, -3.1029284724903395e-07, -3.470647252923342e-08, -0.11308601891013068], [0.0, 0.0, 0.0, 1.0]]","[[3.3306690738754696e-16, -0.0, -1.0000000000000002, 0.55], [0.0, 1.0, -0.0, -0.364558880973955], [1.0000000000000002, 0.0, 3.3306690738754696e-16, -0.09584174065646187], [0.0, 0.0, 0.0, 1.0]]","[[-1.1224082812621994e-06, 1.221269270350191e-06, -0.9999999999986244, 0.5499999626634581], [5.08855991799039e-07, 0.9999999999991249, 1.221268699206623e-06, -0.3541919868060432], [0.9999999999992406, -5.088546210362373e-07, -1.1224089027650486e-06, -0.11643251508262469], [0.0, 0.0, 0.0, 1.0]]"
0.9095172882080078,-35.6510056559603,24.108300147340568,3.7616357584911966,-57.95048729597389,-8.510159573742012,7.116523506624379,32.689418556369844,-35.6510056559603,-24.108300147340568,-3.7616357584911966,-57.95048729597389,8.510159573742012,7.116523506624379,-32.689418556369844,"[[3.3306690738754696e-16, -0.0, -1.0000000000000002, 0.55], [0.0, 1.0, -0.0, 0.36057035727020414], [1.0000000000000002, 0.0, 3.3306690738754696e-16, -0.10457507289002074], [0.0, 0.0, 0.0, 1.0]]","[[2.185726927228515e-08, 1.8920448720433033e-06, -0.99999999999821, 0.5499999910968894], [3.323488348747885e-07, 0.9999999999981548, 1.892044879307437e-06, 0.3522053357169359], [0.9999999999999446, -3.3234887622912785e-07, 2.1856640441964004e-08, -0.11974817689367288], [0.0, 0.0, 0.0, 1.0]]","[[3.3306690738754696e-16, -0.0, -1.0000000000000002, 0.55], [0.0, 1.0, -0.0, -0.35703631629775867], [1.0000000000000002, 0.0, 3.3306690738754696e-16, -0.11140069610994432], [0.0, 0.0, 0.0, 1.0]]","[[-1.0767937989042409e-06, 1.2417948376285085e-06, -0.9999999999986493, 0.5499999616275749], [5.341013773141093e-07, 0.9999999999990864, 1.2417942625120001e-06, -0.3511862376733676], [0.9999999999992777, -5.341000401570264e-07, -1.0767944621514758e-06, -0.12139414130481059], [0.0, 0.0, 0.0, 1.0]]"
0.949854850769043,-35.253720872697336,23.309734920150184,3.2270946953188324,-57.75918735770018,-7.465898781727932,6.559169398180761,32.31904813353132,-35.18009826363377,-23.147586229254085,-3.115351306393543,-57.72001622281015,7.254113398586055,6.451940550853438,-32.2456406754266,"[[3.3306690738754696e-16, -0.0, -1.0000000000000002, 0.55], [0.0, 1.0, -0.0, 0.35220569420818815], [1.0000000000000002, 0.0, 3.3306690738754696e-16, -0.11974825514020794], [0.0, 0.0, 0.0, 1.0]]","[[-5.6673332415879685e-08, 1.929013058444679e-06, -0.9999999999981382, 0.5499999907343466], [3.18832764338106e-07, 0.9999999999980889, 1.929013040375269e-06, 0.3469352103907896], [0.9999999999999478, -3.1883265501391506e-07, -5.667394747943533e-08, -0.1279038833700481], [0.0, 0.0, 0.0, 1.0]]","[[3.3306690738754696e-16, -0.0, -1.0000000000000002, 0.55], [0.0, 1.0, -0.0, -0.35703631629775867], [1.0000000000000002, 0.0, 3.3306690738754696e-16, -0.11140069610994432], [0.0, 0.0, 0.0, 1.0]]","[[-1.1323216609349096e-06, 1.203706237022295e-06, -0.9999999999986345, 0.5499999629880936], [5.337399848116766e-07, 0.9999999999991331, 1.203705632657549e-06, -0.3447095935731149], [0.9999999999992165, -5.337386218289864e-07, -1.1323223035319963e-06, -0.1311133800570908], [0.0, 0.0, 0.0, 1.0]]"
0.9947648048400879,-34.90502264009526,22.491338238704675,2.6529588120844925,-57.55913794709967,-6.397737023373863,6.0363081719325296,31.954199918636743,-34.84111597512603,-22.325453434332573,-2.533627509878142,-57.51773334035106,6.181445849813892,5.93564740526582,-31.881902366272158,"[[3.3306690738754696e-16, -0.0, -1.0000000000000002, 0.55], [0.0, 1.0, -0.0, 0.35220569420818815], [1.0000000000000002, 0.0, 3.3306690738754696e-16, -0.11974825514020794], [0.0, 0.0, 0.0, 1.0]]","[[-1.0136402217586493e-08, 1.901924213985854e-06, -0.9999999999981912, 0.5499999959769817], [4.0396168469260687e-07, 0.9999999999981097, 1.9019242098909808e-06, 0.34124827742030794], [0.9999999999999183, -4.0396166541320737e-07, -1.0137170713964139e-08, -0.1358706345233394], [0.0, 0.0, 0.0, 1.0]]","[[3.3306690738754696e-16, -0.0, -1.0000000000000002, 0.55], [0.0, 1.0, -0.0, -0.3469355830010205], [1.0000000000000002, 0.0, 3.3306690738754696e-16, -0.1279039962675363], [0.0, 0.0, 0.0, 1.0]]","[[-1.0816015375003651e-06, 1.2271846498197045e-06, -0.9999999999986623, 0.5499999685936448], [5.108896999724896e-07, 0.9999999999991167, 1.227184097241177e-06, -0.3388626832618999], [0.9999999999992847, -5.108883726475997e-07, -1.0816021643322848e-06, -0.13900180581781732], [0.0, 0.0, 0.0, 1.0]]"
1.0376646518707275,-34.605068052504976,21.655242829572366,2.0422045771624218,-57.346842007317335,-5.308337218682461,5.545909981035723,31.595116383401663,-34.55097636937306,-21.486146128743066,-1.9159828947439974,-57.302773626792415,5.08824376418891,5.451753262006158,-31.524058510371436,"[[3.3306690738754696e-16, -0.0, -1.0000000000000002, 0.55], [0.0, 1.0, -0.0, 0.3400633589574336], [1.0000000000000002, 0.0, 3.3306690738754696e-16, -0.13744053980508325], [0.0, 0.0, 0.0, 1.0]]","[[-3.8004233371413676e-08, 1.911371509139421e-06, -0.9999999999981728, 0.549999989480079], [4.0562596808873755e-07, 0.9999999999980913, 1.911371493723761e-06, 0.33516896148172376], [0.9999999999999172, -4.056258954477881e-07, -3.800500852912947e-08, -0.1436349708309759], [0.0, 0.0, 0.0, 1.0]]","[[3.3306690738754696e-16, -0.0, -1.0000000000000002, 0.55], [0.0, 1.0, -0.0, -0.3469355830010205], [1.0000000000000002, 0.0, 3.3306690738754696e-16, -0.1279039962675363], [0.0, 0.0, 0.0, 1.0]]","[[-1.0870669538420863e-06, 1.2321661500598537e-06, -0.99999999999865, 0.5499999739310172], [5.315202208042908e-07, 0.9999999999990996, 1.2321655722623404e-06, -0.3326336554695513], [0.9999999999992679, -5.31518881357098e-07, -1.0870676086516262e-06, -0.14667723491094364], [0.0, 0.0, 0.0, 1.0]]"
1.0780460834503174,-34.35446841185721,20.80443007032597,1.3987022532127842,-57.12140819866648,-4.201787235871982,5.088972033109163,31.24266837694525,-34.310331729440584,-20.63282669007128,-1.266481636990679,-57.07490827079704,3.978876328345799,5.001934078742043,-31.17308240968116,"[[3.3306690738754696e-16, -0.0, -1.0000000000000002, 0.55], [0.0, 1.0, -0.0, 0.3400633589574336], [1.0000000000000002, 0.0, 3.3306690738754696e-16, -0.13744053980508325], [0.0, 0.0, 0.0, 1.0]]","[[-4.131862801903807e-08, 1.9081432885861814e-06, -0.9999999999981789, 0.5499999942365293], [4.1663239830106437e-07, 0.9999999999980929, 1.9081432713713383e-06, 0.32872341547675515], [0.9999999999999126, -4.1663231945844355e-07, -4.1319422938723704e-08, -0.15116451268098655], [0.0, 0.0, 0.0, 1.0]]","[[3.3306690738754696e-16, -0.0, -1.0000000000000002, 0.55], [0.0, 1.0, -0.0, -0.3351693324788498], [1.0000000000000002, 0.0, 3.3306690738754696e-16, -0.14363507324654673], [0.0, 0.0, 0.0, 1.0]]","[[-1.0627927523043645e-06, 1.2351722156164068e-06, -0.9999999999986725, 0.5499999735305403], [4.810328393672237e-07, 0.9999999999991216, 1.2351717043787462e-06, -0.3260492970148305], [0.9999999999993195, -4.810315266350498e-07, -1.0627933464957273e-06, -0.15409931589222714], [0.0, 0.0, 0.0, 1.0]]"
1.127514362335205,-34.11983092329976,19.769524929927517,0.590169165341563,-56.83755578204451,-2.859045042694229,4.5914841058538824,30.83029570580573,-34.11983092329976,-19.769524929927517,-0.590169165341563,-56.83755578204451,2.859045042694229,4.5914841058538824,-30.83029570580573,"[[3.3306690738754696e-16, -0.0, -1.0000000000000002, 0.55], [0.0, 1.0, -0.0, 0.3273931445780925], [1.0000000000000002, 0.0, 3.3306690738754696e-16, -0.15263809116496485], [0.0, 0.0, 0.0, 1.0]]","[[-8.689679381612692e-08, 1.9132055981946595e-06, -0.9999999999981662, 0.54999999381331], [4.2883801329032823e-07, 0.999999999998078, 1.9132055609298427e-06, 0.3219393568647697], [0.9999999999999044, -4.2883784703811256e-07, -8.689761427094211e-08, -0.15840684977405503], [0.0, 0.0, 0.0, 1.0]]","[[3.3306690738754696e-16, -0.0, -1.0000000000000002, 0.55], [0.0, 1.0, -0.0, -0.3351693324788498], [1.0000000000000002, 0.0, 3.3306690738754696e-16, -0.14363507324654673], [0.0, 0.0, 0.0, 1.0]]","[[-1.0824222439476117e-06, 1.2234717493095907e-06, -0.9999999999986658, 0.5499999787308766], [5.043061453675257e-07, 0.9999999999991246, 1.2234712034379623e-06, -0.31771899491329436], [0.9999999999992871, -5.043048210544074e-07, -1.0824228610095687e-06, -0.16258525706825278], [0.0, 0.0, 0.0, 1.0]]"
1.1687374114990234,-33.979747158517384,18.90109028262249,-0.10700320429076764,-56.59830450070272,-1.7355685704599881,4.229431145877139,30.49703711582247,-33.979747158517384,-18.90109028262249,0.10700320429076764,-56.59830450070272,1.7355685704599881,4.229431145877139,-30.49703711582247,"[[3.3306690738754696e-16, -0.0, -1.0000000000000002, 0.55], [0.0, 1.0, -0.0, 0.3273931445780925], [1.0000000000000002, 0.0, 3.3306690738754696e-16, -0.15263809116496485], [0.0, 0.0, 0.0, 1.0]]","[[-2.0516277343674005e-08, 1.8937936228681994e-06, -0.9999999999982068, 0.5499999869354002], [4.6204881048405414e-07, 0.9999999999981002, 1.893793613388476e-06, 0.3133928171185669], [0.9999999999998932, -4.620487716296305e-07, -2.0517152421462015e-08, -0.16661694140988748], [0.0, 0.0, 0.0, 1.0]]","[[3.3306690738754696e-16, -0.0, -1.0000000000000002, 0.55], [0.0, 1.0, -0.0, -0.320544837844121], [1.0000000000000002, 0.0, 3.3306690738754696e-16, -0.15981501775033613], [0.0, 0.0, 0.0, 1.0]]","[[-1.0960333701182101e-06, 1.223100226447267e-06, -0.9999999999986516, 0.5499999860777333], [4.452327978810125e-07, 0.9999999999991531, 1.2230997384578765e-06, -0.31045454456842664], [0.9999999999993004, -4.452314573222836e-07, -1.096033914793626e-06, -0.1692127460337567], [0.0, 0.0, 0.0, 1.0]]"
1.2150697708129883,-33.889694529405354,18.033080814593298,-0.8183866496051694,-56.368997974792464,-0.6160712703866613,3.9282727374456443,30.17428677187727,-33.889694529405354,-18.033080814593298,0.8183866496051694,-56.368997974792464,0.6160712703866613,3.9282727374456443,-30.17428677187727,"[[3.3306690738754696e-16, -0.0, -1.0000000000000002, 0.55], [0.0, 1.0, -0.0, 0.31192913777125003], [1.0000000000000002, 0.0, 3.3306690738754696e-16, -0.16792473205839878], [0.0, 0.0, 0.0, 1.0]]","[[-5.671907715720792e-08, 1.8982394246101377e-06, -0.9999999999981968, 0.5499999851464386], [4.6076924510618853e-07, 0.9999999999980922, 1.898239398475533e-06, 0.30596857090454893], [0.9999999999998923, -4.6076913743897076e-07, -5.6719952012951325e-08, -0.1729537393319627], [0.0, 0.0, 0.0, 1.0]]","[[3.3306690738754696e-16, -0.0, -1.0000000000000002, 0.55], [0.0, 1.0, -0.0, -0.320544837844121], [1.0000000000000002, 0.0, 3.3306690738754696e-16, -0.15981501775033613], [0.0, 0.0, 0.0, 1.0]]","[[-1.0995796234092303e-06, 1.2377508584596194e-06, -0.9999999999986298, 0.5499999871721152], [5.099861567074573e-07, 0.9999999999991043, 1.2377502976898207e-06, -0.3029301522371157], [0.9999999999992657, -5.09984795701752e-07, -1.0995802546820421e-06, -0.17533560572529466], [0.0, 0.0, 0.0, 1.0]]"
1.2570850849151611,-33.84524024319232,16.830250350808203,-1.8248079801739667,-56.09502542680491,0.9291848043823526,3.63848104445352,29.74046047655474,-33.845930092298495,-17.000634542296048,1.6809052858719067,-56.1291934481279,-0.7107224844399641,3.66896460560611,-29.80119793374908,"[[3.3306690738754696e-16, -0.0, -1.0000000000000002, 0.55], [0.0, 1.0, -0.0, 0.31192913777125003], [1.0000000000000002, 0.0, 3.3306690738754696e-16, -0.16792473205839878], [0.0, 0.0, 0.0, 1.0]]","[[-4.697331273950667e-08, 1.8858080221616036e-06, -0.9999999999982209, 0.5499999864196778], [4.583591200987751e-07, 0.9999999999981168, 1.8858080006307613e-06, 0.298303659077708], [0.999999999999894, -4.5835903151531056e-07, -4.697417715915364e-08, -0.17872432670960636], [0.0, 0.0, 0.0, 1.0]]","[[3.3306690738754696e-16, -0.0, -1.0000000000000002, 0.55], [0.0, 1.0, -0.0, -0.30596893880650267], [1.0000000000000002, 0.0, 3.3306690738754696e-16, -0.1729538558086437], [0.0, 0.0, 0.0, 1.0]]","[[-1.0258815502095509e-06, 1.2726115473165783e-06, -0.999999999998664, 0.5499999860304358], [4.5484249620133133e-07, 0.9999999999990867, 1.2726110807025912e-06, -0.2936033629142644], [0.9999999999993703, -4.548411906524953e-07, -1.0258821290798359e-06, -0.18187066061319196], [0.0, 0.0, 0.0, 1.0]]"
1.3059892654418945,-33.86065598014904,16.1554601042095,-2.3988499483072188,-55.98072562613933,1.793088795111839,3.5581294183970207,29.50122285559129,-33.868951244896024,-15.9887095733601,2.5417101849872057,-55.958548001904305,-2.0062754342506275,3.549142810439988,-29.44225783248657,"[[3.3306690738754696e-16, -0.0, -1.0000000000000002, 0.55], [0.0, 1.0, -0.0, 0.2967450440002024], [1.0000000000000002, 0.0, 3.3306690738754696e-16, -0.17980130395829455], [0.0, 0.0, 0.0, 1.0]]","[[-7.498452031517999e-08, 1.903319807444353e-06, -0.9999999999981859, 0.5499999866654994], [4.894063262537138e-07, 0.9999999999980689, 1.9033197707462318e-06, 0.2904310233193721], [0.9999999999998774, -4.894061835333059e-07, -7.498545179229765e-08, -0.18382274382162517], [0.0, 0.0, 0.0, 1.0]]","[[3.3306690738754696e-16, -0.0, -1.0000000000000002, 0.55], [0.0, 1.0, -0.0, -0.30596893880650267], [1.0000000000000002, 0.0, 3.3306690738754696e-16, -0.1729538558086437], [0.0, 0.0, 0.0, 1.0]]","[[-1.0699872974861968e-06, 1.2627717808842593e-06, -0.9999999999986302, 0.5499999980029113], [4.3136261458517406e-07, 0.9999999999991098, 1.2627713193323466e-06, -0.2840066026340935], [0.9999999999993345, -4.31361263435312e-07, -1.0699878421616127e-06, -0.187347017452701], [0.0, 0.0, 0.0, 1.0]]"
1.3586783409118652,-33.93597930631594,15.169189325796122,-3.249707317226629,-55.89392416707223,3.052608975234394,3.5776259799394103,29.15147277385703,-33.93597930631594,-15.169189325796122,3.249707317226629,-55.89392416707223,-3.052608975234394,3.5776259799394103,-29.15147277385703,"[[3.3306690738754696e-16, -0.0, -1.0000000000000002, 0.55], [0.0, 1.0, -0.0, 0.2967450440002024], [1.0000000000000002, 0.0, 3.3306690738754696e-16, -0.17980130395829455], [0.0, 0.0, 0.0, 1.0]]","[[-7.264196566492132e-08, 1.8969595802738948e-06, -0.9999999999981982, 0.5499999836008542], [5.302743304741753e-07, 0.9999999999980603, 1.8969595417534636e-06, 0.27912499963315096], [0.9999999999998569, -5.302741926743499e-07, -7.264297152698163e-08, -0.18963409305940387], [0.0, 0.0, 0.0, 1.0]]","[[3.3306690738754696e-16, -0.0, -1.0000000000000002, 0.55], [0.0, 1.0, -0.0, -0.28562217322580646], [1.0000000000000002, 0.0, 3.3306690738754696e-16, -0.18651562619300796], [0.0, 0.0, 0.0, 1.0]]","[[-1.0448053695544246e-06, 1.2658993948956534e-06, -0.9999999999986533, 0.5499999931034594], [4.5889574804829887e-07, 0.9999999999990938, 1.2658989154394695e-06, -0.2741993153518813], [0.9999999999993492, -4.588944254296966e-07, -1.044805950423111e-06, -0.19159387193978722], [0.0, 0.0, 0.0, 1.0]]"
1.4172863960266113,-34.0979333368207,14.07045350628296,-4.215750276969604,-55.959073926470396,4.453413539329367,3.845085729109943,28.750858273373687,-34.0979333368207,-14.07045350628296,4.215750276969604,-55.959073926470396,-4.453413539329367,3.845085729109943,-28.750858273373687,"[[3.3306690738754696e-16, -0.0, -1.0000000000000002, 0.55], [0.0, 1.0, -0.0, 0.27419917892021406], [1.0000000000000002, 0.0, 3.3306690738754696e-16, -0.19159416553288433], [0.0, 0.0, 0.0, 1.0]]","[[-6.759658127686308e-08, 1.9029038335883714e-06, -0.9999999999981873, 0.5499999740592542], [5.462809307094386e-07, 0.9999999999980405, 1.9029037966613687e-06, 0.26757358808673415], [0.9999999999998487, -5.462808020786571e-07, -6.759762088970334e-08, -0.19366980226292452], [0.0, 0.0, 0.0, 1.0]]","[[3.3306690738754696e-16, -0.0, -1.0000000000000002, 0.55], [0.0, 1.0, -0.0, -0.28562217322580646], [1.0000000000000002, 0.0, 3.3306690738754696e-16, -0.18651562619300796], [0.0, 0.0, 0.0, 1.0]]","[[-1.081234220212668e-06, 1.2581370201745361e-06, -0.999999999998624, 0.5499999932514025], [4.082407632387896e-07, 0.9999999999991254, 1.2581365787712836e-06, -0.2642422011761431], [0.9999999999993321, -4.0823940289790533e-07, -1.081234733801839e-06, -0.19446774813847229], [0.0, 0.0, 0.0, 1.0]]"
1.458451271057129,-34.25997274469008,13.327648235929269,-4.882217084290999,-56.1363446561889,5.401139425822248,4.215009201444657,28.464243045232443,-34.29694455866736,-13.183760055779196,5.012838048865146,-56.18588060314442,-5.584984212616896,4.307719627917471,-28.406469890137892,"[[3.3306690738754696e-16, -0.0, -1.0000000000000002, 0.55], [0.0, 1.0, -0.0, 0.27419917892021406], [1.0000000000000002, 0.0, 3.3306690738754696e-16, -0.19159416553288433], [0.0, 0.0, 0.0, 1.0]]","[[-7.061424495136137e-08, 1.8989440350327284e-06, -0.9999999999981944, 0.5499999699286757], [5.284974583052642e-07, 0.9999999999980573, 1.8989439977130192e-06, 0.2558741134587331], [0.9999999999998578, -5.284973242118139e-07, -7.061524837093103e-08, -0.19573878233588768], [0.0, 0.0, 0.0, 1.0]]","[[3.3306690738754696e-16, -0.0, -1.0000000000000002, 0.55], [0.0, 1.0, -0.0, -0.26757396107133513], [1.0000000000000002, 0.0, 3.3306690738754696e-16, -0.19366992747347586], [0.0, 0.0, 0.0, 1.0]]","[[-1.0648351907449616e-06, 1.2674265886803888e-06, -0.9999999999986301, 0.549999992744531], [4.0093121672007615e-07, 0.9999999999991167, 1.2674261617553368e-06, -0.2558746222660667], [0.9999999999993529, -4.009298671195481e-07, -1.0648356990050623e-06, -0.19573861462086348], [0.0, 0.0, 0.0, 1.0]]"
1.5067095756530762,-34.50486576228631,12.489228001158217,-5.651700219769111,-56.505721286503196,6.4745262788913776,4.866379156266208,28.11373139740573,-34.551143709007725,-12.355457892489872,5.776547113173659,-56.58410453741826,-6.646396890297347,4.997131601981878,-28.054223374261994,"[[3.3306690738754696e-16, -0.0, -1.0000000000000002, 0.55], [0.0, 1.0, -0.0, 0.25755117626623697], [1.0000000000000002, 0.0, 3.3306690738754696e-16, -0.19556870394134848], [0.0, 0.0, 0.0, 1.0]]","[[-6.750002151667545e-08, 1.8963711290321474e-06, -0.9999999999981999, 0.549999967916065], [5.376398994922132e-07, 0.9999999999980576, 1.8963710927411728e-06, 0.2491601282667228], [0.9999999999998535, -5.376397714861559e-07, -6.750104092345666e-08, -0.1959945355084328], [0.0, 0.0, 0.0, 1.0]]","[[3.3306690738754696e-16, -0.0, -1.0000000000000002, 0.55], [0.0, 1.0, -0.0, -0.26757396107133513], [1.0000000000000002, 0.0, 3.3306690738754696e-16, -0.19366992747347586], [0.0, 0.0, 0.0, 1.0]]","[[-1.0750862842745512e-06, 1.2733622435197033e-06, -0.9999999999986116, 0.5500000016318817], [3.737392911319548e-07, 0.9999999999991198, 1.2733618417183645e-06, -0.2458033513589452], [0.9999999999993525, -3.7373792215758496e-07, -1.0750867601161396e-06, -0.19586641640734254], [0.0, 0.0, 0.0, 1.0]]"
1.5645041465759277,-34.86316724086142,11.590070309192829,-6.5046111277511685,-57.15206550275609,7.634752157068049,5.912292854059431,27.688615300822256,-34.86316724086142,-11.590070309192829,6.5046111277511685,-57.15206550275609,-7.634752157068049,5.912292854059431,-27.688615300822256,"[[3.3306690738754696e-16, -0.0, -1.0000000000000002, 0.55], [0.0, 1.0, -0.0, 0.25755117626623697], [1.0000000000000002, 0.0, 3.3306690738754696e-16, -0.19556870394134848], [0.0, 0.0, 0.0, 1.0]]","[[-2.418933908732157e-08, 1.8832095274537373e-06, -0.9999999999982265, 0.5499999619244356], [5.402971356503998e-07, 0.999999999998081, 1.8832095143840325e-06, 0.23742733488431464], [0.9999999999998539, -5.402970900958481e-07, -2.4190356717745942e-08, -0.1948055495917916], [0.0, 0.0, 0.0, 1.0]]","[[3.3306690738754696e-16, -0.0, -1.0000000000000002, 0.55], [0.0, 1.0, -0.0, -0.24580321722597528], [1.0000000000000002, 0.0, 3.3306690738754696e-16, -0.19586672284677145], [0.0, 0.0, 0.0, 1.0]]","[[-1.073354794101089e-06, 1.2656777815053968e-06, -0.999999999998623, 0.5499999892473747], [3.490537272541949e-07, 0.999999999999138, 1.2656774068475573e-06, -0.23242617705586793], [0.9999999999993631, -3.490523687328018e-07, -1.0733552359698528e-06, -0.19366963029296388], [0.0, 0.0, 0.0, 1.0]]"
1.6173477172851562,-35.30718759352019,10.778884599963556,-7.308205935491617,-58.00747156421931,8.695462605924458,7.2479542755019954,27.24053269315462,-35.30718759352019,-10.778884599963556,7.308205935491617,-58.00747156421931,-8.695462605924458,7.2479542755019954,-27.24053269315462,"[[3.3306690738754696e-16, -0.0, -1.0000000000000002, 0.55], [0.0, 1.0, -0.0, 0.23575793220096136], [1.0000000000000002, 0.0, 3.3306690738754696e-16, -0.1944680533519346], [0.0, 0.0, 0.0, 1.0]]","[[-2.6601654989910628e-08, 1.8808666196254608e-06, -0.9999999999982309, 0.5499999573168065], [5.188353737662238e-07, 0.9999999999980965, 1.8808666058233287e-06, 0.22745123107899787], [0.9999999999998651, -5.188353237311413e-07, -2.6602630875949274e-08, -0.19217170622960342], [0.0, 0.0, 0.0, 1.0]]","[[3.3306690738754696e-16, -0.0, -1.0000000000000002, 0.55], [0.0, 1.0, -0.0, -0.24580321722597528], [1.0000000000000002, 0.0, 3.3306690738754696e-16, -0.19586672284677145], [0.0, 0.0, 0.0, 1.0]]","[[-1.027152596366765e-06, 1.3031852674066166e-06, -0.9999999999986233, 0.5499999888803384], [3.1424868205974376e-07, 0.9999999999991016, 1.30318494462589e-06, -0.22251220328905782], [0.9999999999994231, -3.1424734348951166e-07, -1.0271530058170164e-06, -0.19032447195743943], [0.0, 0.0, 0.0, 1.0]]"
1.6630816459655762,-35.682417695953184,10.252661213096387,-7.852315880247758,-58.722162068401936,9.39402276460845,8.359376317624811,26.9053736030348,-35.763649135752146,-10.152581866282775,7.958191496345772,-58.87337562643685,-9.528031076124101,8.59561463176898,-26.836883881132497,"[[3.3306690738754696e-16, -0.0, -1.0000000000000002, 0.55], [0.0, 1.0, -0.0, 0.23575793220096136], [1.0000000000000002, 0.0, 3.3306690738754696e-16, -0.1944680533519346], [0.0, 0.0, 0.0, 1.0]]","[[-8.456054800820567e-08, 1.8870085101613285e-06, -0.9999999999982162, 0.5499999618881698], [5.250540324183003e-07, 0.9999999999980819, 1.8870084657622185e-06, 0.2176147217237428], [0.9999999999998587, -5.250538728508933e-07, -8.456153899327745e-08, -0.1881446620810331], [0.0, 0.0, 0.0, 1.0]]","[[3.3306690738754696e-16, -0.0, -1.0000000000000002, 0.55], [0.0, 1.0, -0.0, -0.22580082107978597], [1.0000000000000002, 0.0, 3.3306690738754696e-16, -0.19159416553288433], [0.0, 0.0, 0.0, 1.0]]","[[-1.0457572997002451e-06, 1.2941108603703914e-06, -0.999999999998616, 0.5499999913236181], [2.961993769331402e-07, 0.9999999999991191, 1.2941105506183819e-06, -0.21437796636624373], [0.9999999999994096, -2.961980236071753e-07, -1.0457576829492332e-06, -0.1865153389226357], [0.0, 0.0, 0.0, 1.0]]"
1.707021713256836,-36.110011443658074,9.768908796262002,-8.371976309096192,-59.49983374692125,10.045673184072797,9.581867480935788,26.558449512069636,-36.02016372022114,-9.862368835996225,8.269982801767684,-59.340335169423106,-9.918982566479169,9.329435642043164,-26.628698007683216,"[[3.3306690738754696e-16, -0.0, -1.0000000000000002, 0.55], [0.0, 1.0, -0.0, 0.21761508285326167], [1.0000000000000002, 0.0, 3.3306690738754696e-16, -0.18814481291247456], [0.0, 0.0, 0.0, 1.0]]","[[-6.469766189454162e-08, 1.8947122252694603e-06, -0.999999999998203, 0.5499999469757918], [5.078941208418434e-07, 0.9999999999980762, 1.8947121924096578e-06, 0.20956824360085122], [0.999999999999869, -5.078939982574819e-07, -6.469862423585937e-08, -0.1838227314817008], [0.0, 0.0, 0.0, 1.0]]","[[3.3306690738754696e-16, -0.0, -1.0000000000000002, 0.55], [0.0, 1.0, -0.0, -0.22580082107978597], [1.0000000000000002, 0.0, 3.3306690738754696e-16, -0.19159416553288433], [0.0, 0.0, 0.0, 1.0]]","[[-1.0962052479634998e-06, 1.2740988565128237e-06, -0.9999999999985876, 0.5499999870800694], [2.622767870239563e-07, 0.999999999999154, 1.274098569004355e-06, -0.20482210662735906], [0.999999999999365, -2.62275390350048e-07, -1.0962055821406302e-06, -0.18085011659098338], [0.0, 0.0, 0.0, 1.0]]"
1.7600350379943848,-36.69572065555418,9.241123003622192,-8.963702917651077,-60.484419176156926,10.769068764352602,11.166867519350607,26.12930531142315,-36.80117877633918,-9.158455516550235,9.058952466947844,-60.65145828249876,-10.88367848485177,11.441188406985829,-26.05671576847155,"[[3.3306690738754696e-16, -0.0, -1.0000000000000002, 0.55], [0.0, 1.0, -0.0, 0.21761508285326167], [1.0000000000000002, 0.0, 3.3306690738754696e-16, -0.18814481291247456], [0.0, 0.0, 0.0, 1.0]]","[[-1.524723652335247e-07, 1.9409008606207554e-06, -0.9999999999981048, 0.5499999416926641], [4.900777765679546e-07, 0.9999999999979965, 1.9409007858972274e-06, 0.20014493663227778], [0.9999999999998683, -4.900774806332923e-07, -1.524733164726122e-07, -0.17762051111271765], [0.0, 0.0, 0.0, 1.0]]","[[3.3306690738754696e-16, -0.0, -1.0000000000000002, 0.55], [0.0, 1.0, -0.0, -0.20797907275440988], [1.0000000000000002, 0.0, 3.3306690738754696e-16, -0.1828620432748596], [0.0, 0.0, 0.0, 1.0]]","[[-1.0510410672348591e-06, 1.296105647778982e-06, -0.9999999999986078, 0.5499999867295384], [2.2819704202621023e-07, 0.999999999999134, 1.2961054079352014e-06, -0.19707011003335892], [0.9999999999994218, -2.2819567976588125e-07, -1.0510413629982729e-06, -0.17533564004253352], [0.0, 0.0, 0.0, 1.0]]"
1.8094816207885742,-37.36201585437268,8.766568290278876,-9.520650202952256,-61.48926977666003,11.432144382751085,12.846298338135437,25.690720081796414,-37.24540403467305,-8.842152017407884,9.430262894570893,-61.32187550048136,-11.325684785479035,12.56134882237803,-25.76423340783326,"[[3.3306690738754696e-16, -0.0, -1.0000000000000002, 0.55], [0.0, 1.0, -0.0, 0.19860321793991986], [1.0000000000000002, 0.0, 3.3306690738754696e-16, -0.17649089793784897], [0.0, 0.0, 0.0, 1.0]]","[[-1.1402265776006004e-07, 1.9348908257977225e-06, -0.9999999999981217, 0.5499999327207847], [4.835497483529266e-07, 0.9999999999980114, 1.9348907706618818e-06, 0.19103030726082235], [0.9999999999998768, -4.835495277306304e-07, -1.1402359323398059e-07, -0.17048108014485286], [0.0, 0.0, 0.0, 1.0]]","[[3.3306690738754696e-16, -0.0, -1.0000000000000002, 0.55], [0.0, 1.0, -0.0, -0.20797907275440988], [1.0000000000000002, 0.0, 3.3306690738754696e-16, -0.1828620432748596], [0.0, 0.0, 0.0, 1.0]]","[[-1.0824845610435396e-06, 1.2832044818881792e-06, -0.9999999999985908, 0.5499999807724166], [1.9545447414727954e-07, 0.9999999999991576, 1.283204270312456e-06, -0.1866069436282425], [0.999999999999395, -1.9545308509819276e-07, -1.0824848119539432e-06, -0.16661673967766283], [0.0, 0.0, 0.0, 1.0]]"
1.859710693359375,-38.10706313432143,8.341067141780945,-10.042074528153845,-62.48111569698343,12.037686756449613,14.585472821590368,25.248612182105244,-37.97760031369842,-8.408726141925445,9.957693517373862,-62.31790832676598,-11.940686971178032,14.29281799867554,-25.322267234567367,"[[3.3306690738754696e-16, -0.0, -1.0000000000000002, 0.55], [0.0, 1.0, -0.0, 0.19860321793991986], [1.0000000000000002, 0.0, 3.3306690738754696e-16, -0.17649089793784897], [0.0, 0.0, 0.0, 1.0]]","[[-1.4312404555960612e-07, 1.941055971473387e-06, -0.9999999999981061, 0.5499999233236016], [4.7620856387928947e-07, 0.9999999999980029, 1.9410559033162903e-06, 0.18228075518078107], [0.9999999999998764, -4.7620828606661404e-07, -1.4312496993129642e-07, -0.16258540033035224], [0.0, 0.0, 0.0, 1.0]]","[[3.3306690738754696e-16, -0.0, -1.0000000000000002, 0.55], [0.0, 1.0, -0.0, -0.1895455651578118], [1.0000000000000002, 0.0, 3.3306690738754696e-16, -0.16921306646128115], [0.0, 0.0, 0.0, 1.0]]","[[-1.070992020457684e-06, 1.288572206787678e-06, -0.9999999999985965, 0.5499999755755094], [1.947389113527379e-07, 0.9999999999991511, 1.2885719982245723e-06, -0.1808623241012719], [0.9999999999994078, -1.9473753130213665e-07, -1.0709922713680875e-06, -0.16120781888195565], [0.0, 0.0, 0.0, 1.0]]"
1.9001076221466064,-38.78454618300041,8.021699449022197,-10.4483580856483,-63.278779339203375,12.499224836782178,16.058394578367157,24.882239127478467,-38.64513860694586,-8.083076382677577,10.369218391282654,-63.12197868642739,-12.410054155846723,15.762912057135942,-24.955154811962938,"[[3.3306690738754696e-16, -0.0, -1.0000000000000002, 0.55], [0.0, 1.0, -0.0, 0.18228111604399871], [1.0000000000000002, 0.0, 3.3306690738754696e-16, -0.16258557098358023], [0.0, 0.0, 0.0, 1.0]]","[[-3.3250681708008045e-08, 1.9025803859953896e-06, -0.9999999999981896, 0.5499999223551258], [4.1758044006016805e-07, 0.9999999999981029, 1.9025803721103902e-06, 0.17530751940595898], [0.9999999999999122, -4.175803767973175e-07, -3.325147618360447e-08, -0.1555485370393766], [0.0, 0.0, 0.0, 1.0]]","[[3.3306690738754696e-16, -0.0, -1.0000000000000002, 0.55], [0.0, 1.0, -0.0, -0.1895455651578118], [1.0000000000000002, 0.0, 3.3306690738754696e-16, -0.16921306646128115], [0.0, 0.0, 0.0, 1.0]]","[[-9.987476057848887e-07, 1.325547307360147e-06, -0.9999999999986229, 0.5499999729472967], [1.812109063217437e-07, 0.9999999999991054, 1.3255471263768277e-06, -0.17260700119640573], [0.9999999999994851, -1.8120958243447527e-07, -9.987478460371513e-07, -0.1526378335787709], [0.0, 0.0, 0.0, 1.0]]"
1.9317612648010254,-39.21393627045701,7.844986233494688,-10.679243239030471,-63.73984442893591,12.757224987395654,16.94587179307818,24.665090338290835,-39.360662394207225,-7.788550087930165,10.753985145344275,-63.89023153408125,-12.840018832967257,17.2417402199975,-24.593346031249023,"[[3.3306690738754696e-16, -0.0, -1.0000000000000002, 0.55], [0.0, 1.0, -0.0, 0.18228111604399871], [1.0000000000000002, 0.0, 3.3306690738754696e-16, -0.16258557098358023], [0.0, 0.0, 0.0, 1.0]]","[[-1.5660645585890975e-07, 1.949540889428926e-06, -0.9999999999980876, 0.5499999163011663], [4.4532756679845597e-07, 0.9999999999980007, 1.9495408196875846e-06, 0.17127585508307383], [0.9999999999998889, -4.453272614869259e-07, -1.566073238312704e-07, -0.1511644410470589], [0.0, 0.0, 0.0, 1.0]]","[[3.3306690738754696e-16, -0.0, -1.0000000000000002, 0.55], [0.0, 1.0, -0.0, -0.1780602711890964], [1.0000000000000002, 0.0, 3.3306690738754696e-16, -0.15840698129733766], [0.0, 0.0, 0.0, 1.0]]","[[-1.027864096780906e-06, 1.3058002410304724e-06, -0.9999999999986194, 0.5499999691456476], [1.2944759219910276e-07, 0.9999999999991394, 1.3058001079766187e-06, -0.1686559248225047], [0.9999999999994637, -1.294462500138754e-07, -1.0278642657568504e-06, -0.14818361479079795], [0.0, 0.0, 0.0, 1.0]]"
1.9710066318511963,-39.96451600363347,7.57521083675211,-11.041496835814083,-64.4741785571715,13.154786393320002,18.42336636150429,24.310427642996046,-40.119527146846906,-7.525007238805223,11.110439911522546,-64.6156249446933,-13.229284120370977,18.71799340154196,-24.240874119130513,"[[3.3306690738754696e-16, -0.0, -1.0000000000000002, 0.55], [0.0, 1.0, -0.0, 0.17127621142559946], [1.0000000000000002, 0.0, 3.3306690738754696e-16, -0.15116462068255127], [0.0, 0.0, 0.0, 1.0]]","[[-1.0907632114198762e-07, 1.9246823693441388e-06, -0.999999999998142, 0.5499999121282697], [4.1698581373476856e-07, 0.9999999999980611, 1.924682323860704e-06, 0.16483032557750726], [0.9999999999999073, -4.1698560379672614e-07, -1.0907712383323442e-07, -0.14363491061228173], [0.0, 0.0, 0.0, 1.0]]","[[3.3306690738754696e-16, -0.0, -1.0000000000000002, 0.55], [0.0, 1.0, -0.0, -0.1780602711890964], [1.0000000000000002, 0.0, 3.3306690738754696e-16, -0.15840698129733766], [0.0, 0.0, 0.0, 1.0]]","[[-9.76224731441544e-07, 1.3350822772225076e-06, -0.9999999999986322, 0.5499999685927278], [1.3752556786122726e-07, 0.9999999999990992, 1.3350821429672705e-06, -0.16235363899986693], [0.9999999999995139, -1.3752426452083282e-07, -9.762249150724323e-07, -0.1405549976498488], [0.0, 0.0, 0.0, 1.0]]"
2.0135371685028076,-40.75464936229347,7.3370114045424994,-11.374016911593339,-65.16287336137304,13.509823895245496,19.89193728777978,23.96834615615242,-40.75464936229347,-7.3370114045424994,11.374016911593339,-65.16287336137304,-13.509823895245496,19.89193728777978,-23.96834615615242,"[[3.3306690738754696e-16, -0.0, -1.0000000000000002, 0.55], [0.0, 1.0, -0.0, 0.17127621142559946], [1.0000000000000002, 0.0, 3.3306690738754696e-16, -0.15116462068255127], [0.0, 0.0, 0.0, 1.0]]","[[-8.351438385290066e-08, 1.9215864422936224e-06, -0.9999999999981506, 0.5499999069586962], [3.901922471585702e-07, 0.999999999998078, 1.9215864097068177e-06, 0.15875102041362313], [0.9999999999999207, -3.901920866777433e-07, -8.35151336975315e-08, -0.13587057747257283], [0.0, 0.0, 0.0, 1.0]]","[[3.3306690738754696e-16, -0.0, -1.0000000000000002, 0.55], [0.0, 1.0, -0.0, -0.16483066752115022], [1.0000000000000002, 0.0, 3.3306690738754696e-16, -0.14363507324654673], [0.0, 0.0, 0.0, 1.0]]","[[-1.0228160609027093e-06, 1.3041486064967504e-06, -0.9999999999986265, 0.5499999636667267], [8.094074191852446e-08, 0.9999999999991462, 1.3041485237099376e-06, -0.1552906396230078], [0.9999999999994736, -8.093940801435769e-08, -1.0228161663738966e-06, -0.1311134499908632], [0.0, 0.0, 0.0, 1.0]]"
2.062077760696411,-41.91912489879436,7.059764634621573,-11.78592683741659,-66.04991685907177,13.929107010277777,21.92471769799146,23.518344265328007,-41.91912489879436,-7.059764634621573,11.78592683741659,-66.04991685907177,-13.929107010277777,21.92471769799146,-23.518344265328007,"[[3.3306690738754696e-16, -0.0, -1.0000000000000002, 0.55], [0.0, 1.0, -0.0, 0.1575817705052524], [1.0000000000000002, 0.0, 3.3306690738754696e-16, -0.13429288353136556], [0.0, 0.0, 0.0, 1.0]]","[[-1.1699408264398414e-07, 1.93155091287024e-06, -0.9999999999981278, 0.5499999079572923], [3.7437128002035205e-07, 0.9999999999980647, 1.931550869070893e-06, 0.1519759577798011], [0.9999999999999233, -3.7437105403962886e-07, -1.1699480584326238e-07, -0.12628767870125696], [0.0, 0.0, 0.0, 1.0]]","[[3.3306690738754696e-16, -0.0, -1.0000000000000002, 0.55], [0.0, 1.0, -0.0, -0.16483066752115022], [1.0000000000000002, 0.0, 3.3306690738754696e-16, -0.14363507324654673], [0.0, 0.0, 0.0, 1.0]]","[[-9.639472292044537e-07, 1.3298590361399657e-06, -0.999999999998651, 0.549999958445671], [8.211189667462022e-08, 0.9999999999991123, 1.3298589569890437e-06, -0.14881401096900235], [0.9999999999995318, -8.211061476065273e-08, -9.639473384503994e-07, -0.12139421576558522], [0.0, 0.0, 0.0, 1.0]]"
2.1102375984191895,-42.7880342442467,6.905360951357442,-12.039171468820445,-66.63161674992509,14.167116050964271,23.358961801045762,23.22324252714302,-42.61191440140333,-6.933154271750693,11.991366974819526,-66.51852930783718,-14.123907420501125,23.073225959760155,-23.28025582369241,"[[3.3306690738754696e-16, -0.0, -1.0000000000000002, 0.55], [0.0, 1.0, -0.0, 0.1575817705052524], [1.0000000000000002, 0.0, 3.3306690738754696e-16, -0.13429288353136556], [0.0, 0.0, 0.0, 1.0]]","[[-1.3851109637030845e-07, 1.9500395662378106e-06, -0.9999999999980893, 0.5499998987654529], [3.2785236563977305e-07, 0.9999999999980451, 1.9500395208265337e-06, 0.1458077723676435], [0.9999999999999369, -3.278520955370344e-07, -1.3851173563672603e-07, -0.11643268019140916], [0.0, 0.0, 0.0, 1.0]]","[[3.3306690738754696e-16, -0.0, -1.0000000000000002, 0.55], [0.0, 1.0, -0.0, -0.15090504293801763], [1.0000000000000002, 0.0, 3.3306690738754696e-16, -0.12466421712171318], [0.0, 0.0, 0.0, 1.0]]","[[-9.478724676270645e-07, 1.3465559880205219e-06, -0.9999999999986441, 0.5499999629762113], [4.4483103962156654e-08, 0.9999999999990923, 1.346555945856816e-06, -0.1448419715101148], [0.9999999999995498, -4.4481827598789185e-08, -9.478725275791078e-07, -0.1147632311277475], [0.0, 0.0, 0.0, 1.0]]"
2.1433706283569336,-43.503838069264035,6.810437970480367,-12.215733566412567,-67.0686805549142,14.316652797557946,24.496978892249313,23.00629864363049,-43.323200056284705,-6.831675589930875,12.173818403023493,-66.96164466043093,-14.282856167771076,24.213164041667774,-23.05879547759121,"[[3.3306690738754696e-16, -0.0, -1.0000000000000002, 0.55], [0.0, 1.0, -0.0, 0.146792329739929], [1.0000000000000002, 0.0, 3.3306690738754696e-16, -0.11809441755178751], [0.0, 0.0, 0.0, 1.0]]","[[-1.7874830282593734e-07, 1.9763383134620747e-06, -0.9999999999980312, 0.5499998910866349], [3.0925362669957993e-07, 0.9999999999979994, 1.9763382581834505e-06, 0.14205181823641816], [0.9999999999999364, -3.092532734318613e-07, -1.787489141147347e-07, -0.10970685043617696], [0.0, 0.0, 0.0, 1.0]]","[[3.3306690738754696e-16, -0.0, -1.0000000000000002, 0.55], [0.0, 1.0, -0.0, -0.15090504293801763], [1.0000000000000002, 0.0, 3.3306690738754696e-16, -0.12466421712171318], [0.0, 0.0, 0.0, 1.0]]","[[-9.937329749076795e-07, 1.3361824407834841e-06, -0.9999999999986136, 0.5499999592576794], [1.6325189835512405e-08, 0.9999999999991073, 1.3361824245612641e-06, -0.14115935072095634], [0.9999999999995062, -1.632386202695387e-08, -9.937329968900954e-07, -0.1080047362176379], [0.0, 0.0, 0.0, 1.0]]"
2.1827192306518555,-44.42372111649218,6.73045133265764,-12.402488013793642,-67.58295964847031,14.447603745646369,25.910380673051314,22.76293388086106,-44.23751991443388,-6.74286135949273,12.368217539633102,-67.48279492429207,-14.42664872527277,25.628365577316075,-22.808926667184632,"[[3.3306690738754696e-16, -0.0, -1.0000000000000002, 0.55], [0.0, 1.0, -0.0, 0.146792329739929], [1.0000000000000002, 0.0, 3.3306690738754696e-16, -0.11809441755178751], [0.0, 0.0, 0.0, 1.0]]","[[-1.688228365437361e-07, 1.976821518688643e-06, -0.9999999999980318, 0.5499998806309885], [3.154296683768652e-07, 0.9999999999979963, 1.9768214654368417e-06, 0.1377758329607493], [0.999999999999936, -3.1542933464363734e-07, -1.6882346004498672e-07, -0.101109416715733], [0.0, 0.0, 0.0, 1.0]]","[[3.3306690738754696e-16, -0.0, -1.0000000000000002, 0.55], [0.0, 1.0, -0.0, -0.14296368370224127], [1.0000000000000002, 0.0, 3.3306690738754696e-16, -0.1114006961099443], [0.0, 0.0, 0.0, 1.0]]","[[-9.643748553611609e-07, 1.3281600133300556e-06, -0.9999999999986532, 0.5499999491205774], [-5.866163197744067e-10, 0.9999999999991183, 1.3281600138963912e-06, -0.1369784715932687], [0.9999999999995351, 5.878971638949215e-10, -9.643748544729824e-07, -0.09936285780530234], [0.0, 0.0, 0.0, 1.0]]"
2.2228844165802,-45.179734265153385,6.6995707667595426,-12.523873281949461,-67.97081877067865,14.503747900623875,27.035879735053527,22.593591293221643,-45.179734265153385,-6.6995707667595426,12.523873281949461,-67.97081877067865,-14.503747900623875,27.035879735053527,-22.593591293221643,"[[3.3306690738754696e-16, -0.0, -1.0000000000000002, 0.55], [0.0, 1.0, -0.0, 0.13859332262420213], [1.0000000000000002, 0.0, 3.3306690738754696e-16, -0.10284686541907567], [0.0, 0.0, 0.0, 1.0]]","[[-1.660747065423962e-07, 1.983780896682805e-06, -0.9999999999980187, 0.5499998807725126], [2.7655513316350236e-07, 0.9999999999979942, 1.9837808507539438e-06, 0.135440782091664], [0.999999999999948, -2.765548037071319e-07, -1.6607525499257036e-07, -0.0958415649153724], [0.0, 0.0, 0.0, 1.0]]","[[3.3306690738754696e-16, -0.0, -1.0000000000000002, 0.55], [0.0, 1.0, -0.0, -0.14296368370224127], [1.0000000000000002, 0.0, 3.3306690738754696e-16, -0.1114006961099443], [0.0, 0.0, 0.0, 1.0]]","[[-1.0094641911262414e-06, 1.3010148535364293e-06, -0.9999999999986443, 0.5499999472348849], [-1.3818940985082768e-08, 0.9999999999991538, 1.3010148674868182e-06, -0.1332835809561675], [0.9999999999994905, 1.3820254312984996e-08, -1.0094641731406284e-06, -0.09048631453183553], [0.0, 0.0, 0.0, 1.0]]"
2.2643167972564697,-46.15027341036093,6.70508358319339,-12.639755125181544,-68.42798382239512,14.507869919787977,28.4384010245077,22.418098120234625,-46.34782297172521,-6.712298824277862,12.658104428386784,-68.5157927343648,-14.49938682483882,28.71843195028905,-22.38827751431835,"[[3.3306690738754696e-16, -0.0, -1.0000000000000002, 0.55], [0.0, 1.0, -0.0, 0.13859332262420213], [1.0000000000000002, 0.0, 3.3306690738754696e-16, -0.10284686541907567], [0.0, 0.0, 0.0, 1.0]]","[[-1.956693111426766e-07, 1.9776023714757366e-06, -0.9999999999980257, 0.5499998742352161], [2.7981958979394353e-07, 0.9999999999980056, 1.9776023167235905e-06, 0.1313061610588262], [0.9999999999999419, -2.798192028373078e-07, -1.9566986469987668e-07, -0.08504055257636287], [0.0, 0.0, 0.0, 1.0]]","[[3.3306690738754696e-16, -0.0, -1.0000000000000002, 0.55], [0.0, 1.0, -0.0, -0.13470201530841788], [1.0000000000000002, 0.0, 3.3306690738754696e-16, -0.0940665760086163], [0.0, 0.0, 0.0, 1.0]]","[[-9.85964404398576e-07, 1.3257874731794533e-06, -0.9999999999986352, 0.5499999454676029], [-6.250107763381212e-08, 0.9999999999991194, 1.325787534803933e-06, -0.1295134644724454], [0.9999999999995121, 6.250238481304395e-08, -9.859643215759384e-07, -0.07950207977683026], [0.0, 0.0, 0.0, 1.0]]"
2.3159563541412354,-47.1495300859338,6.762175853805057,-12.715366173067231,-68.85480917381838,14.432814678545999,29.836878841973228,22.288182799579108,-47.55722066239727,-6.7999374084051185,12.734341292355174,-69.01680077036357,-14.379301853946242,30.394850655649908,-22.250329891198895,"[[3.3306690738754696e-16, -0.0, -1.0000000000000002, 0.55], [0.0, 1.0, -0.0, 0.13068820792767044], [1.0000000000000002, 0.0, 3.3306690738754696e-16, -0.08320492955112457], [0.0, 0.0, 0.0, 1.0]]","[[-1.384026336870292e-07, 1.9505976409348427e-06, -0.9999999999980882, 0.5499998733542315], [2.473680519069837e-07, 0.9999999999980672, 1.9505976066984117e-06, 0.12842103671474878], [0.99999999999996, -2.4736778193866483e-07, -1.384031161899557e-07, -0.07575841862333926], [0.0, 0.0, 0.0, 1.0]]","[[3.3306690738754696e-16, -0.0, -1.0000000000000002, 0.55], [0.0, 1.0, -0.0, -0.13470201530841788], [1.0000000000000002, 0.0, 3.3306690738754696e-16, -0.0940665760086163], [0.0, 0.0, 0.0, 1.0]]","[[-1.0358441768776316e-06, 1.301947401890401e-06, -0.9999999999986162, 0.5499999358649384], [-9.452699687144062e-08, 0.9999999999991482, 1.3019474998063328e-06, -0.12648927903590737], [0.9999999999994593, 9.452834548604605e-08, -1.035844053642876e-06, -0.0681504057184398], [0.0, 0.0, 0.0, 1.0]]"
2.360924482345581,-48.595556265306364,6.932418745754448,-12.753949911688634,-69.39849906194057,14.183829523863293,31.78393354791208,22.194455528693606,-48.595556265306364,-6.932418745754448,12.753949911688634,-69.39849906194057,-14.183829523863293,31.78393354791208,-22.194455528693606,"[[3.3306690738754696e-16, -0.0, -1.0000000000000002, 0.55], [0.0, 1.0, -0.0, 0.13068820792767044], [1.0000000000000002, 0.0, 3.3306690738754696e-16, -0.08320492955112457], [0.0, 0.0, 0.0, 1.0]]","[[-1.8975192289660825e-07, 1.9778812225322755e-06, -0.9999999999980259, 0.5499998684356862], [1.9987206763496563e-07, 0.999999999998024, 1.9778811846061623e-06, 0.12526249517551416], [0.9999999999999619, -1.9987169232781297e-07, -1.8975231835804962e-07, -0.062345402905893146], [0.0, 0.0, 0.0, 1.0]]","[[3.3306690738754696e-16, -0.0, -1.0000000000000002, 0.55], [0.0, 1.0, -0.0, -0.12741307042474084], [1.0000000000000002, 0.0, 3.3306690738754696e-16, -0.07197429620172277], [0.0, 0.0, 0.0, 1.0]]","[[-1.021828401448488e-06, 1.2845534848994573e-06, -0.9999999999986529, 0.5499999296053594], [-8.658069505141554e-08, 0.9999999999991711, 1.2845535733707366e-06, -0.12455259561564617], [0.9999999999994742, 8.658200764462331e-08, -1.021828290204141e-06, -0.058432657959599434], [0.0, 0.0, 0.0, 1.0]]"
2.401667356491089,-49.44406383570788,7.077839876486366,-12.741640203256978,-69.67796308202081,13.961650300351948,32.88545864592755,22.19284189650219,-49.44406383570788,-7.077839876486366,12.741640203256978,-69.67796308202081,-13.961650300351948,32.88545864592755,-22.19284189650219,"[[3.3306690738754696e-16, -0.0, -1.0000000000000002, 0.55], [0.0, 1.0, -0.0, 0.12565022292411185], [1.0000000000000002, 0.0, 3.3306690738754696e-16, -0.06428950196249429], [0.0, 0.0, 0.0, 1.0]]","[[-6.605109448276636e-08, 1.9264956334259913e-06, -0.9999999999981424, 0.5499998734299135], [1.467089601162827e-07, 0.9999999999981338, 1.926495623735687e-06, 0.12392813025930761], [0.9999999999999873, -1.467088328688656e-07, -6.605137714554843e-08, -0.05449003671312784], [0.0, 0.0, 0.0, 1.0]]","[[3.3306690738754696e-16, -0.0, -1.0000000000000002, 0.55], [0.0, 1.0, -0.0, -0.12741307042474084], [1.0000000000000002, 0.0, 3.3306690738754696e-16, -0.07197429620172277], [0.0, 0.0, 0.0, 1.0]]","[[-1.0255122525060223e-06, 1.3007926665939054e-06, -0.9999999999986283, 0.5499999281904839], [-1.241681820341347e-07, 0.9999999999991465, 1.3007927939305713e-06, -0.12364907542763265], [0.9999999999994665, 1.2416951601291256e-07, -1.0255120910795945e-06, -0.05250856359530682], [0.0, 0.0, 0.0, 1.0]]"
2.4477014541625977,-50.95677315194728,7.415800197939536,-12.66317755139281,-70.10478843344407,13.427082983639961,34.7749553477307,22.29138445075255,-50.73923504197696,-7.361130510049107,12.678640245900073,-70.04899261811424,-13.514934584291957,34.509069743720445,-22.269018996315342,"[[3.3306690738754696e-16, -0.0, -1.0000000000000002, 0.55], [0.0, 1.0, -0.0, 0.12565022292411185], [1.0000000000000002, 0.0, 3.3306690738754696e-16, -0.06428950196249429], [0.0, 0.0, 0.0, 1.0]]","[[-1.8668027496060446e-07, 1.9829773517660625e-06, -0.9999999999980167, 0.549999856835753], [1.5906384752784375e-07, 0.9999999999980216, 1.9829773220719893e-06, 0.12274844971516655], [0.9999999999999702, -1.5906347734477646e-07, -1.8668059048598806e-07, -0.04453154375492221], [0.0, 0.0, 0.0, 1.0]]","[[3.3306690738754696e-16, -0.0, -1.0000000000000002, 0.55], [0.0, 1.0, -0.0, -0.12392844343591039], [1.0000000000000002, 0.0, 3.3306690738754696e-16, -0.054490170764629815], [0.0, 0.0, 0.0, 1.0]]","[[-8.703783825891875e-07, 1.3654793735888746e-06, -0.999999999998689, 0.5499999373270794], [-1.1952469103675506e-07, 0.9999999999990606, 1.3654794776210893e-06, -0.12230355285136107], [0.9999999999996141, 1.1952587952041762e-07, -8.703782193864029e-07, -0.038515470337440585], [0.0, 0.0, 0.0, 1.0]]"
2.4938628673553467,-52.26278045333459,7.786754601952098,-12.542592269143528,-70.40106154907171,12.819958567374929,36.330230402877625,22.486154125124635,-52.045641909430714,-7.719943399038326,12.565884921760563,-70.35634430057564,-12.930582018719749,36.07649912049541,-22.44639047132411,"[[3.3306690738754696e-16, -0.0, -1.0000000000000002, 0.55], [0.0, 1.0, -0.0, 0.12257838544562316], [1.0000000000000002, 0.0, 3.3306690738754696e-16, -0.0425281575169954], [0.0, 0.0, 0.0, 1.0]]","[[-1.0246690568260775e-07, 1.9486888359872456e-06, -0.999999999998096, 0.5499998626851595], [1.0184779254163581e-07, 0.9999999999980962, 1.9486888255512174e-06, 0.12205543405875667], [0.9999999999999896, -1.0184759286532778e-07, -1.0246710419048455e-07, -0.03249766939605134], [0.0, 0.0, 0.0, 1.0]]","[[3.3306690738754696e-16, -0.0, -1.0000000000000002, 0.55], [0.0, 1.0, -0.0, -0.12392844343591039], [1.0000000000000002, 0.0, 3.3306690738754696e-16, -0.054490170764629815], [0.0, 0.0, 0.0, 1.0]]","[[-9.67687879327439e-07, 1.3056146016190587e-06, -0.9999999999986795, 0.5499999194829495], [-1.374959323816737e-07, 0.9999999999991382, 1.3056147346728048e-06, -0.12200633262429245], [0.9999999999995224, 1.374971958090459e-07, -9.676876996933537e-07, -0.026506032225090796], [0.0, 0.0, 0.0, 1.0]]"
2.5436336994171143,-53.12437466618585,8.072938674401986,-12.437435530455657,-70.56116118321681,12.340802867851963,37.318179700279536,22.67464856319677,-53.337210190912614,-8.149045764776146,12.40826891515241,-70.59654156311748,-12.212087099169427,37.557629057107256,-22.729102246354696,"[[3.3306690738754696e-16, -0.0, -1.0000000000000002, 0.55], [0.0, 1.0, -0.0, 0.12257838544562316], [1.0000000000000002, 0.0, 3.3306690738754696e-16, -0.0425281575169954], [0.0, 0.0, 0.0, 1.0]]","[[-1.5153866644856961e-07, 1.963354422043495e-06, -0.9999999999980612, 0.5499998560108785], [6.739335487849801e-08, 0.9999999999980704, 1.9633544118308136e-06, 0.12224806313715081], [0.9999999999999863, -6.739305735425797e-08, -1.5153879878715415e-07, -0.01861373333903871], [0.0, 0.0, 0.0, 1.0]]","[[3.3306690738754696e-16, -0.0, -1.0000000000000002, 0.55], [0.0, 1.0, -0.0, -0.12201720596281129], [1.0000000000000002, 0.0, 3.3306690738754696e-16, -0.030496198512783408], [0.0, 0.0, 0.0, 1.0]]","[[-9.744905560826744e-07, 1.2996788753255386e-06, -0.9999999999986805, 0.5499999119198771], [-1.5171306775414078e-07, 0.9999999999991438, 1.2996790231690926e-06, -0.12236404718205675], [0.9999999999995136, 1.5171433427887456e-07, -9.744903589070653e-07, -0.016666409234357013], [0.0, 0.0, 0.0, 1.0]]"
2.5835225582122803,-54.172784798120716,8.470571797312619,-12.280780019199538,-70.72025677955392,11.663400927669377,38.480428595111,22.975666952750277,-54.376741076926464,-8.555017694889717,12.24630890823213,-70.74692866826283,-11.518163785158226,38.70156621477392,-23.044332552023707,"[[3.3306690738754696e-16, -0.0, -1.0000000000000002, 0.55], [0.0, 1.0, -0.0, 0.12215482591231197], [1.0000000000000002, 0.0, 3.3306690738754696e-16, -0.020572820868387576], [0.0, 0.0, 0.0, 1.0]]","[[-1.8232830339970363e-07, 1.973807065805819e-06, -0.9999999999980353, 0.5499998438453253], [4.7887966890389143e-08, 0.9999999999980509, 1.973807057074518e-06, 0.12284186837805161], [0.9999999999999822, -4.7887607009403166e-08, -1.8232839799070533e-07, -0.010909114062326149], [0.0, 0.0, 0.0, 1.0]]","[[3.3306690738754696e-16, -0.0, -1.0000000000000002, 0.55], [0.0, 1.0, -0.0, -0.12201720596281129], [1.0000000000000002, 0.0, 3.3306690738754696e-16, -0.030496198512783408], [0.0, 0.0, 0.0, 1.0]]","[[-9.74277981846683e-07, 1.3036889489304712e-06, -0.9999999999986755, 0.5499999141823062], [-1.6707904788208917e-07, 0.999999999999136, 1.3036891117125092e-06, -0.12327060483171119], [0.9999999999995113, 1.670803180374645e-07, -9.742777640209255e-07, -0.007155738605200952], [0.0, 0.0, 0.0, 1.0]]"
2.6286604404449463,-55.356125317109175,8.999400901348148,-12.059306012719997,-70.85770750641126,10.74833060248515,39.74189623292066,23.42739517388741,-55.356125317109175,-8.999400901348148,12.059306012719997,-70.85770750641126,-10.74833060248515,39.74189623292066,-23.42739517388741,"[[3.3306690738754696e-16, -0.0, -1.0000000000000002, 0.55], [0.0, 1.0, -0.0, 0.12215482591231197], [1.0000000000000002, 0.0, 3.3306690738754696e-16, -0.020572820868387576], [0.0, 0.0, 0.0, 1.0]]","[[-1.8711565119566842e-07, 1.9858201595667214e-06, -0.9999999999980109, 0.5499998443483668], [1.886227686668273e-08, 0.9999999999980282, 1.9858201560373283e-06, 0.1247216568408028], [0.9999999999999825, -1.8861905288613268e-08, -1.8711568872120665e-07, 0.001841033897404049], [0.0, 0.0, 0.0, 1.0]]","[[3.3306690738754696e-16, -0.0, -1.0000000000000002, 0.55], [0.0, 1.0, -0.0, -0.12284218590500812], [1.0000000000000002, 0.0, 3.3306690738754696e-16, -0.010909271230457054], [0.0, 0.0, 0.0, 1.0]]","[[-9.822814493465337e-07, 1.3007764730093457e-06, -0.9999999999986717, 0.5499999166875105], [-1.8001748179867516e-07, 0.999999999999138, 1.3007766498377853e-06, -0.12507729787912877], [0.9999999999995015, 1.8001875952720892e-07, -9.822812150894755e-07, 0.003561752770079199], [0.0, 0.0, 0.0, 1.0]]"
2.679600477218628,-56.246901513189314,9.476279586556561,-11.849174389130908,-70.93826958767156,9.916474179506482,40.659402374317644,23.87030049816418,-56.411778864658835,-9.575003140819925,11.804475069881406,-70.9518343433632,-9.74412118599038,40.82660882029414,-23.965120599316883,"[[3.3306690738754696e-16, -0.0, -1.0000000000000002, 0.55], [0.0, 1.0, -0.0, 0.12438834740970237], [1.0000000000000002, 0.0, 3.3306690738754696e-16, 9.19127866922595e-05], [0.0, 0.0, 0.0, 1.0]]","[[-1.7256525020048485e-07, 1.976021042464165e-06, -0.9999999999980329, 0.5499998466455034], [-8.714815938043964e-09, 0.9999999999980477, 1.976021043968069e-06, 0.12627110760908714], [0.9999999999999851, 8.715156930592687e-09, -1.7256523310305028e-07, 0.008537584941386086], [0.0, 0.0, 0.0, 1.0]]","[[3.3306690738754696e-16, -0.0, -1.0000000000000002, 0.55], [0.0, 1.0, -0.0, -0.12284218590500812], [1.0000000000000002, 0.0, 3.3306690738754696e-16, -0.010909271230457054], [0.0, 0.0, 0.0, 1.0]]","[[-9.447810657148281e-07, 1.3095059895891706e-06, -0.9999999999986964, 0.5499999207605095], [-1.7277790877392032e-07, 0.9999999999991277, 1.3095061528270322e-06, -0.12717429120872722], [0.9999999999995388, 1.7277914597031363e-07, -9.447808394513757e-07, 0.01168430193075473], [0.0, 0.0, 0.0, 1.0]]"
2.7223057746887207,-57.018869983751664,9.97934094817457,-11.616871117722312,-71.00143517711584,9.039748536322707,41.43689646791853,24.361766759892447,-57.156330955892756,-10.082526323513246,11.567756934948044,-71.01327872513664,-8.860705372514577,41.574272062694995,-24.464702833326417,"[[3.3306690738754696e-16, -0.0, -1.0000000000000002, 0.55], [0.0, 1.0, -0.0, 0.12438834740970237], [1.0000000000000002, 0.0, 3.3306690738754696e-16, 9.19127866922595e-05], [0.0, 0.0, 0.0, 1.0]]","[[-1.697184561777476e-07, 1.9619154013201777e-06, -0.9999999999980611, 0.5499998430796589], [-3.4642027866709885e-08, 0.9999999999980749, 1.961915407199597e-06, 0.12868621781974995], [0.9999999999999851, 3.464236083989689e-08, -1.697183882320985e-07, 0.016117406293116122], [0.0, 0.0, 0.0, 1.0]]","[[3.3306690738754696e-16, -0.0, -1.0000000000000002, 0.55], [0.0, 1.0, -0.0, -0.12627142251408452], [1.0000000000000002, 0.0, 3.3306690738754696e-16, 0.008537449358394317], [0.0, 0.0, 0.0, 1.0]]","[[-9.398241772040627e-07, 1.3138903338276497e-06, -0.9999999999986952, 0.5499999125980062], [-1.8982863831221093e-07, 0.9999999999991187, 1.3138905122337499e-06, -0.1292326688036641], [0.9999999999995403, 1.8982987313803293e-07, -9.398239278479714e-07, 0.01751274466940552], [0.0, 0.0, 0.0, 1.0]]"
2.7692813873291016,-57.43860559881646,8.90132279996135,-8.828692275874728,-71.07544027677292,8.385111616643773,41.81995738223494,21.76284904485133,-57.46602197814489,-8.534125853765941,8.093202138122122,-71.08932605135557,-8.32737261249507,41.82943426970834,-20.97483133728674,"[[3.3306690738754696e-16, -0.0, -1.0000000000000002, 0.55], [0.0, 1.0, -0.0, 0.12923252935410998], [1.0000000000000002, 0.0, 3.3306690738754696e-16, 0.017512525834192327], [0.0, 0.0, 0.0, 1.0]]","[[-1.9705128961877705e-07, 1.9207207807011515e-06, -0.9999999999981362, 0.5499998552563137], [-3.7241345545932206e-08, 0.9999999999981549, 1.9207207880396425e-06, 0.132271880262186], [0.99999999999998, 3.7241724026371194e-08, -1.9705121812041426e-07, 0.023807183891612602], [0.0, 0.0, 0.0, 1.0]]","[[3.3306690738754696e-16, -0.0, -1.0000000000000002, 0.55], [0.0, 1.0, -0.0, -0.12627142251408452], [1.0000000000000002, 0.0, 3.3306690738754696e-16, 0.008537449358394317], [0.0, 0.0, 0.0, 1.0]]","[[-8.815115023486086e-07, 1.3886320633265148e-06, -0.9999999999986475, 0.5499999106627038], [-1.6732833027682946e-07, 0.999999999999022, 1.3886322108288828e-06, -0.13363075180973324], [0.9999999999995977, 1.673295543718694e-07, -8.815112698679073e-07, 0.025982588619731545], [0.0, 0.0, 0.0, 1.0]]"
2.826568126678467,-57.618184932474435,7.06011510870336,-4.94663131769292,-71.17227869882537,7.972569044548648,41.886148745481535,17.716931848480918,-57.645785726910454,-6.851238959261084,4.440200538379977,-71.19227749271516,-7.883602415514647,41.8999593879833,-17.22693236987691,"[[3.3306690738754696e-16, -0.0, -1.0000000000000002, 0.55], [0.0, 1.0, -0.0, 0.12923252935410998], [1.0000000000000002, 0.0, 3.3306690738754696e-16, 0.017512525834192327], [0.0, 0.0, 0.0, 1.0]]","[[-2.646965744923513e-07, 1.9060177170757388e-06, -0.9999999999981487, 0.5499998574564415], [-4.02459419923901e-08, 0.999999999998183, 1.906017727728767e-06, 0.13658640189807786], [0.9999999999999644, 4.0246446508678945e-08, -2.64696497664918e-07, 0.029695726227704108], [0.0, 0.0, 0.0, 1.0]]","[[3.3306690738754696e-16, -0.0, -1.0000000000000002, 0.55], [0.0, 1.0, -0.0, -0.13363059533083083], [1.0000000000000002, 0.0, 3.3306690738754696e-16, 0.025982390998335644], [0.0, 0.0, 0.0, 1.0]]","[[-1.0048986313071495e-06, 1.3987825447684262e-06, -0.9999999999985171, 0.5499998844422156], [-1.844850678444815e-07, 0.9999999999990049, 1.3987827301579008e-06, -0.1398550996309089], [0.9999999999994783, 1.844864734790589e-07, -1.0048983732913186e-06, 0.03251003158763852], [0.0, 0.0, 0.0, 1.0]]"
2.8894906044006348,-57.72197648710195,6.307548644252076,-2.394197735708794,-71.34252116388794,7.183328733122628,42.00298937651836,15.622290414956428,-57.71429252428568,-6.359158407394339,2.2507974871975533,-71.37304527928872,-7.031506861364761,42.024002453499904,-15.622833414995442,"[[3.3306690738754696e-16, -0.0, -1.0000000000000002, 0.55], [0.0, 1.0, -0.0, 0.13900909550035498], [1.0000000000000002, 0.0, 3.3306690738754696e-16, 0.03189316207688232], [0.0, 0.0, 0.0, 1.0]]","[[-2.89693259214463e-07, 1.8869334475601695e-06, -0.999999999998178, 0.5499998642359827], [-6.521866904504965e-08, 0.9999999999982179, 1.8869334664536534e-06, 0.14250532838070676], [0.9999999999999561, 6.521921567683646e-08, -2.8969313597970725e-07, 0.03400421783840409], [0.0, 0.0, 0.0, 1.0]]","[[3.3306690738754696e-16, -0.0, -1.0000000000000002, 0.55], [0.0, 1.0, -0.0, -0.13363059533083083], [1.0000000000000002, 0.0, 3.3306690738754696e-16, 0.025982390998335644], [0.0, 0.0, 0.0, 1.0]]","[[-9.753838948745042e-07, 1.414512515098195e-06, -0.9999999999985241, 0.549999880351544], [-1.7451623827763052e-07, 0.9999999999989845, 1.4145126853191746e-06, -0.14532287281449202], [0.9999999999995093, 1.7451761797026517e-07, -9.753836479609035e-07, 0.034958203981194445], [0.0, 0.0, 0.0, 1.0]]"
2.9469053745269775,-57.53024624691052,7.830391826785664,-2.996297053735401,-71.5900950307334,5.8291557914820356,42.173986577484214,17.81036029859023,-57.48354141336598,-8.324595286823813,3.465222410542157,-71.63165673183292,-5.567256029739305,42.20281680597083,-18.641645546999555,"[[3.3306690738754696e-16, -0.0, -1.0000000000000002, 0.55], [0.0, 1.0, -0.0, 0.13900909550035498], [1.0000000000000002, 0.0, 3.3306690738754696e-16, 0.03189316207688232], [0.0, 0.0, 0.0, 1.0]]","[[-2.0920769855381494e-07, 1.8850752792940883e-06, -0.9999999999982013, 0.5499998654888081], [-7.569058529390743e-08, 0.9999999999982203, 1.8850752951291772e-06, 0.1493299058881449], [0.9999999999999752, 7.569097966603531e-08, -2.0920755577913397e-07, 0.03538460161346807], [0.0, 0.0, 0.0, 1.0]]","[[3.3306690738754696e-16, -0.0, -1.0000000000000002, 0.55], [0.0, 1.0, -0.0, -0.14532271498385152], [1.0000000000000002, 0.0, 3.3306690738754696e-16, 0.03495795356730137], [0.0, 0.0, 0.0, 1.0]]","[[-9.453860604913267e-07, 1.3748853404816572e-06, -0.999999999998608, 0.5499998863632573], [-1.6262793364195466e-07, 0.9999999999990414, 1.3748854942284351e-06, -0.15361489138849824], [0.9999999999995399, 1.626292334393094e-07, -9.453858368924095e-07, 0.034858285809723256], [0.0, 0.0, 0.0, 1.0]]"
2.996373414993286,-57.29711823015965,11.931573791277941,-7.406714338796126,-71.85868538965497,3.998204483036466,42.293064095474215,24.920682847221883,-57.22252231913935,-11.335185578614524,6.562513629553128,-71.85868538965497,-4.148959991510164,42.234160544072026,-23.803125587677105,"[[3.3306690738754696e-16, -0.0, -1.0000000000000002, 0.55], [0.0, 1.0, -0.0, 0.15143855009308], [1.0000000000000002, 0.0, 3.3306690738754696e-16, 0.03523865246089761], [0.0, 0.0, 0.0, 1.0]]","[[-1.2294261719780764e-07, 1.9044646764219966e-06, -0.999999999998179, 0.5499998680438692], [-9.698928798629541e-08, 0.9999999999981819, 1.9044646883461188e-06, 0.15585697007320765], [0.9999999999999878, 9.69895221259918e-08, -1.2294243245669634e-07, 0.034248221314553205], [0.0, 0.0, 0.0, 1.0]]","[[3.3306690738754696e-16, -0.0, -1.0000000000000002, 0.55], [0.0, 1.0, -0.0, -0.14532271498385152], [1.0000000000000002, 0.0, 3.3306690738754696e-16, 0.03495795356730137], [0.0, 0.0, 0.0, 1.0]]","[[-9.154790301946214e-07, 1.3353777560054902e-06, -0.9999999999986895, 0.5499999087987197], [-1.3571097490131678e-07, 0.9999999999990994, 1.3353778802465893e-06, -0.15816472533482215], [0.9999999999995719, 1.357121974115856e-07, -9.154788487841792e-07, 0.033415907638158195], [0.0, 0.0, 0.0, 1.0]]"
3.0350606441497803,-56.81444242189318,13.931918486894883,-9.080731378890075,-72.10795314341459,2.9352530918020583,41.93393957910411,28.150348041546167,-56.650377862934896,-14.034224475377918,8.98813706563315,-72.1590156376496,-2.8057917652829323,41.81467764600652,-28.233847104149575,"[[3.3306690738754696e-16, -0.0, -1.0000000000000002, 0.55], [0.0, 1.0, -0.0, 0.15143855009308], [1.0000000000000002, 0.0, 3.3306690738754696e-16, 0.03523865246089761], [0.0, 0.0, 0.0, 1.0]]","[[-1.5716543483312861e-07, 1.960376792792503e-06, -0.9999999999980661, 0.5499998502749521], [-7.787546923876311e-08, 0.9999999999980753, 1.960376805031853e-06, 0.16174324039371105], [0.9999999999999846, 7.78757773420852e-08, -1.5716528206644043e-07, 0.03176891185613508], [0.0, 0.0, 0.0, 1.0]]","[[3.3306690738754696e-16, -0.0, -1.0000000000000002, 0.55], [0.0, 1.0, -0.0, -0.1558572704455026], [1.0000000000000002, 0.0, 3.3306690738754696e-16, 0.034248109109253466], [0.0, 0.0, 0.0, 1.0]]","[[-9.405762940728479e-07, 1.3093550825090478e-06, -0.9999999999987006, 0.5499999049509844], [-1.094541134310221e-07, 0.999999999999137, 1.3093551854595637e-06, -0.16545931464239688], [0.9999999999995519, 1.0945534497932793e-07, -9.405761508540778e-07, 0.02967532181099849], [0.0, 0.0, 0.0, 1.0]]"
3.0821502208709717,-55.732079419594186,14.538402572925227,-8.505324653583289,-72.41184875015597,2.187754627714924,41.12361959635214,28.631811491234952,-55.92786337705802,-14.438521301597545,8.604487901274473,-72.36216595413329,-2.3077324500148984,41.27408524867294,-28.554695240410922,"[[3.3306690738754696e-16, -0.0, -1.0000000000000002, 0.55], [0.0, 1.0, -0.0, 0.16296719867703027], [1.0000000000000002, 0.0, 3.3306690738754696e-16, 0.031118627722254544], [0.0, 0.0, 0.0, 1.0]]","[[-1.1624435453105875e-07, 1.9199748773584665e-06, -0.9999999999981501, 0.5499998679787023], [-8.097417228411037e-08, 0.9999999999981535, 1.9199748867712637e-06, 0.16930540113677767], [0.99999999999999, 8.09743954702021e-08, -1.162441990998353e-07, 0.027176280249646172], [0.0, 0.0, 0.0, 1.0]]","[[3.3306690738754696e-16, -0.0, -1.0000000000000002, 0.55], [0.0, 1.0, -0.0, -0.1558572704455026], [1.0000000000000002, 0.0, 3.3306690738754696e-16, 0.034248109109253466], [0.0, 0.0, 0.0, 1.0]]","[[-9.55079862974273e-07, 1.3108966179512637e-06, -0.9999999999986848, 0.5499999024577], [-8.532171435063177e-08, 0.9999999999991374, 1.310896699440908e-06, -0.1706160839254659], [0.9999999999995404, 8.532296636155955e-08, -9.55079751063792e-07, 0.026261437516453646], [0.0, 0.0, 0.0, 1.0]]"
3.1234071254730225,-54.67769628723015,15.031467098919277,-7.990849192088541,-72.64533193674367,1.6100717418672317,40.28625889467609,29.001375951751417,-54.89753275585618,-14.93362122396426,8.09616558644826,-72.60117476375954,-1.7230271692050811,40.464547322580934,-28.92939941827782,"[[3.3306690738754696e-16, -0.0, -1.0000000000000002, 0.55], [0.0, 1.0, -0.0, 0.16296719867703027], [1.0000000000000002, 0.0, 3.3306690738754696e-16, 0.031118627722254544], [0.0, 0.0, 0.0, 1.0]]","[[-1.1393267634884907e-07, 1.93054291435207e-06, -0.9999999999981303, 0.5499998702889848], [-3.938485848079424e-08, 0.9999999999981359, 1.9305429188393034e-06, 0.17599090325143021], [0.999999999999993, 3.938507843264206e-08, -1.1393260040959419e-07, 0.02224360565443724], [0.0, 0.0, 0.0, 1.0]]","[[3.3306690738754696e-16, -0.0, -1.0000000000000002, 0.55], [0.0, 1.0, -0.0, -0.1693057137706056], [1.0000000000000002, 0.0, 3.3306690738754696e-16, 0.027176155538912755], [0.0, 0.0, 0.0, 1.0]]","[[-1.0717169114382585e-06, 1.2551491638231763e-06, -0.9999999999986382, 0.5499998904812164], [-7.415083993776239e-08, 0.9999999999992097, 1.2551492432926027e-06, -0.1801572860237518], [0.9999999999994231, 7.415218510233169e-08, -1.0717168181795245e-06, 0.01891379621013251], [0.0, 0.0, 0.0, 1.0]]"
3.1719107627868652,-53.29149914989231,15.61305599919857,-7.335259461020391,-72.87193029264802,0.9495704644556077,39.11718664086378,29.418140434527256,-53.52872869523978,-15.516571039435677,7.447225898310764,-72.83941859219875,-1.058292348446813,39.32282656129994,-29.350104920204757,"[[3.3306690738754696e-16, -0.0, -1.0000000000000002, 0.55], [0.0, 1.0, -0.0, 0.17736745254657832], [1.0000000000000002, 0.0, 3.3306690738754696e-16, 0.021159991539908274], [0.0, 0.0, 0.0, 1.0]]","[[-5.4913740887840845e-08, 1.8932222591706732e-06, -0.9999999999982064, 0.549999875825129], [-4.963774876026008e-08, 0.9999999999982068, 1.8932222618964682e-06, 0.18443096545295642], [0.9999999999999974, 4.9637852724088024e-08, -5.491364696297296e-08, 0.015380241419974502], [0.0, 0.0, 0.0, 1.0]]","[[3.3306690738754696e-16, -0.0, -1.0000000000000002, 0.55], [0.0, 1.0, -0.0, -0.1693057137706056], [1.0000000000000002, 0.0, 3.3306690738754696e-16, 0.027176155538912755], [0.0, 0.0, 0.0, 1.0]]","[[-1.0308941816306039e-06, 1.272505361918575e-06, -0.9999999999986591, 0.5499998948976421], [-1.973059832637866e-08, 0.9999999999991902, 1.2725053822594101e-06, -0.18733760582688058], [0.9999999999994684, 1.9731910144746944e-08, -1.0308941565395635e-06, 0.012943656794585982], [0.0, 0.0, 0.0, 1.0]]"
3.214733600616455,-52.088217893621994,16.09556788292495,-6.760561794726818,-72.99668369783831,0.4061236616987664,38.036999053815435,29.754052553003067,-52.329945118537914,-15.998862649561325,6.877402425763641,-72.97708105492036,-0.5152904951618009,38.25913046600259,-29.687174755744888,"[[3.3306690738754696e-16, -0.0, -1.0000000000000002, 0.55], [0.0, 1.0, -0.0, 0.17736745254657832], [1.0000000000000002, 0.0, 3.3306690738754696e-16, 0.021159991539908274], [0.0, 0.0, 0.0, 1.0]]","[[-1.0545219331081768e-07, 1.9172954265640875e-06, -0.9999999999981566, 0.5499998805518937], [-4.4188633575210114e-08, 0.9999999999981611, 1.9172954312238847e-06, 0.1917767305583506], [0.9999999999999936, 4.418883575813682e-08, -1.054521084897786e-07, 0.00921636896586158], [0.0, 0.0, 0.0, 1.0]]","[[3.3306690738754696e-16, -0.0, -1.0000000000000002, 0.55], [0.0, 1.0, -0.0, -0.18443127364513004], [1.0000000000000002, 0.0, 3.3306690738754696e-16, 0.015380133138926569], [0.0, 0.0, 0.0, 1.0]]","[[-9.961318559459365e-07, 1.284913604589002e-06, -0.9999999999986783, 0.5499999110275653], [-3.72350835331248e-09, 0.9999999999991744, 1.2849136082987447e-06, -0.19478737377747896], [0.9999999999995038, 3.7247882966849238e-09, -9.961318510609551e-07, 0.00671307014467586], [0.0, 0.0, 0.0, 1.0]]"
3.2611429691314697,-50.88927039238005,16.583806880270387,-6.163259617375087,-73.05142766403596,-0.15083186785418495,36.89416838679431,30.090162746964808,-50.88927039238005,-16.583806880270387,6.163259617375087,-73.05142766403596,0.15083186785418495,36.89416838679431,-30.090162746964808,"[[3.3306690738754696e-16, -0.0, -1.0000000000000002, 0.55], [0.0, 1.0, -0.0, 0.19177704323892855], [1.0000000000000002, 0.0, 3.3306690738754696e-16, 0.009216249468110616], [0.0, 0.0, 0.0, 1.0]]","[[-1.2856711567588164e-07, 1.930524333043854e-06, -0.9999999999981282, 0.5499998752933035], [-1.3163046194721789e-08, 0.9999999999981364, 1.9305243347362046e-06, 0.19937285745082], [0.9999999999999916, 1.3163294396642637e-08, -1.2856709014075207e-07, 0.0029806678073742822], [0.0, 0.0, 0.0, 1.0]]","[[3.3306690738754696e-16, -0.0, -1.0000000000000002, 0.55], [0.0, 1.0, -0.0, -0.18443127364513004], [1.0000000000000002, 0.0, 3.3306690738754696e-16, 0.015380133138926569], [0.0, 0.0, 0.0, 1.0]]","[[-1.0336862880655495e-06, 1.2670631406877664e-06, -0.9999999999986631, 0.5499999040782083], [1.8281795346091656e-08, 0.9999999999991971, 1.2670631217908019e-06, -0.20247454945335522], [0.9999999999994655, -1.8280485600292185e-08, -1.0336863111581884e-06, 0.000537219748631508], [0.0, 0.0, 0.0, 1.0]]"
3.3021349906921387,-49.737113102047275,17.086367076758048,-5.54608585840685,-73.03177037960467,-0.739877413716428,35.72402037818773,30.43615622465556,-49.51572276538507,-17.189410725671443,5.420482948438547,-73.01897743528923,0.8631025107190677,35.48994979533139,-30.50734045618543,"[[3.3306690738754696e-16, -0.0, -1.0000000000000002, 0.55], [0.0, 1.0, -0.0, 0.19177704323892855], [1.0000000000000002, 0.0, 3.3306690738754696e-16, 0.009216249468110616], [0.0, 0.0, 0.0, 1.0]]","[[-7.087719106069201e-08, 1.8966245170171724e-06, -0.9999999999981991, 0.5499998921545226], [-1.952101890983175e-08, 0.9999999999982014, 1.8966245184007717e-06, 0.205608112836783], [0.9999999999999974, 1.952115333721457e-08, -7.087715397924299e-08, -0.0018476150331648725], [0.0, 0.0, 0.0, 1.0]]","[[3.3306690738754696e-16, -0.0, -1.0000000000000002, 0.55], [0.0, 1.0, -0.0, -0.19937317418577163], [1.0000000000000002, 0.0, 3.3306690738754696e-16, 0.0029805422173543733], [0.0, 0.0, 0.0, 1.0]]","[[-1.0320536001917624e-06, 1.2889812379842882e-06, -0.9999999999986369, 0.5499999124755436], [5.458096090241762e-08, 0.999999999999168, 1.2889811816544957e-06, -0.21036610607861325], [0.9999999999994662, -5.457963060467415e-08, -1.0320536703578576e-06, -0.005272028914084883], [0.0, 0.0, 0.0, 1.0]]"
3.3488874435424805,-48.46904067131022,17.72142952804937,-4.7826081667564715,-72.91289093710058,-1.5135020450699486,34.33549414634292,30.876840029904784,-48.66951013854468,-17.61253752965915,4.911440048654899,-72.93952184467447,1.3784467936205824,34.56331510610869,-30.80092930746926,"[[3.3306690738754696e-16, -0.0, -1.0000000000000002, 0.55], [0.0, 1.0, -0.0, 0.20877295029082457], [1.0000000000000002, 0.0, 3.3306690738754696e-16, -0.004154226255804694], [0.0, 0.0, 0.0, 1.0]]","[[-1.102163733057715e-07, 1.918974126320427e-06, -0.9999999999981529, 0.5499998859565268], [6.5415278712553745e-09, 0.999999999998159, 1.918974125599455e-06, 0.21680327125134094], [0.9999999999999941, -6.541316368875239e-09, -1.1021638574026937e-07, -0.009457430225612424], [0.0, 0.0, 0.0, 1.0]]","[[3.3306690738754696e-16, -0.0, -1.0000000000000002, 0.55], [0.0, 1.0, -0.0, -0.19937317418577163], [1.0000000000000002, 0.0, 3.3306690738754696e-16, 0.0029805422173543733], [0.0, 0.0, 0.0, 1.0]]","[[-1.0565777445181723e-06, 1.2550197055631618e-06, -0.9999999999986544, 0.5499999022118522], [2.9472446471655253e-08, 0.9999999999992121, 1.2550196744239307e-06, -0.21842806398271428], [0.9999999999994416, -2.9471120445758657e-08, -1.0565777815996213e-06, -0.010421275061486018], [0.0, 0.0, 0.0, 1.0]]"
3.3882038593292236,-47.718112598486094,18.171566315109892,-4.261517667050566,-72.78141662576701,-2.0819180717612262,33.44770957311924,31.192213769546367,-47.54407937843417,-18.288080804613845,4.129896506649835,-72.74270994374055,2.231563247607974,33.232896708627756,-31.274237511289048,"[[3.3306690738754696e-16, -0.0, -1.0000000000000002, 0.55], [0.0, 1.0, -0.0, 0.20877295029082457], [1.0000000000000002, 0.0, 3.3306690738754696e-16, -0.004154226255804694], [0.0, 0.0, 0.0, 1.0]]","[[-1.2010588662514365e-07, 1.937275108999704e-06, -0.9999999999981162, 0.5499998897586134], [3.367221544355039e-08, 0.9999999999981228, 1.9372751049554853e-06, 0.22333222640901357], [0.9999999999999922, -3.3671982765342866e-08, -1.201059519062575e-07, -0.013084112573533566], [0.0, 0.0, 0.0, 1.0]]","[[3.3306690738754696e-16, -0.0, -1.0000000000000002, 0.55], [0.0, 1.0, -0.0, -0.21518492919937476], [1.0000000000000002, 0.0, 3.3306690738754696e-16, -0.00845858814882465], [0.0, 0.0, 0.0, 1.0]]","[[-1.0639365552456148e-06, 1.252684432314152e-06, -0.9999999999986495, 0.5499998981790182], [9.171582409920632e-08, 0.9999999999992113, 1.2526843347350378e-06, -0.2282785419158357], [0.99999999999943, -9.171449132242654e-08, -1.0639366700426756e-06, -0.015365937326989399], [0.0, 0.0, 0.0, 1.0]]"
3.440610647201538,-46.764242529947964,18.897531754064914,-3.4647265814970964,-72.51833139931647,-3.0292066127038146,32.212910408923904,31.705577617753693,-46.764242529947964,-18.897531754064914,3.4647265814970964,-72.51833139931647,3.0292066127038146,32.212910408923904,-31.705577617753693,"[[3.3306690738754696e-16, -0.0, -1.0000000000000002, 0.55], [0.0, 1.0, -0.0, 0.22662570323084846], [1.0000000000000002, 0.0, 3.3306690738754696e-16, -0.01465058361792259], [0.0, 0.0, 0.0, 1.0]]","[[-1.1169717817338665e-08, 1.8948998842129367e-06, -0.9999999999982048, 0.5499999035918085], [2.5912832237904133e-08, 0.9999999999982045, 1.8948998839234971e-06, 0.23159454706518756], [0.9999999999999998, -2.5912811072360785e-08, -1.1169766889196353e-08, -0.016654972457297263], [0.0, 0.0, 0.0, 1.0]]","[[3.3306690738754696e-16, -0.0, -1.0000000000000002, 0.55], [0.0, 1.0, -0.0, -0.21518492919937476], [1.0000000000000002, 0.0, 3.3306690738754696e-16, -0.00845858814882465], [0.0, 0.0, 0.0, 1.0]]","[[-1.0593420323723457e-06, 1.243958829452855e-06, -0.9999999999986652, 0.5499999070157723], [1.0451954426515686e-07, 0.9999999999992208, 1.2439587187316e-06, -0.23659261870349932], [0.9999999999994335, -1.045182264872601e-07, -1.0593421622684396e-06, -0.018213285715655104], [0.0, 0.0, 0.0, 1.0]]"
3.4855587482452393,-46.04275257244659,19.694302349050872,-2.6544187650195825,-72.1911994890187,-4.102880547161496,31.131066501001825,32.274102073698046,-46.04275257244659,-19.694302349050872,2.6544187650195825,-72.1911994890187,4.102880547161496,31.131066501001825,-32.274102073698046,"[[3.3306690738754696e-16, -0.0, -1.0000000000000002, 0.55], [0.0, 1.0, -0.0, 0.22662570323084846], [1.0000000000000002, 0.0, 3.3306690738754696e-16, -0.01465058361792259], [0.0, 0.0, 0.0, 1.0]]","[[-9.74558848065854e-08, 1.933848057557699e-06, -0.9999999999981254, 0.5499999004918663], [6.280565720868524e-08, 0.999999999998128, 1.9338480514369237e-06, 0.24328669192273575], [0.9999999999999932, -6.28054687436946e-08, -9.74560062649843e-08, -0.0195496067718791], [0.0, 0.0, 0.0, 1.0]]","[[3.3306690738754696e-16, -0.0, -1.0000000000000002, 0.55], [0.0, 1.0, -0.0, -0.23492395028319085], [1.0000000000000002, 0.0, 3.3306690738754696e-16, -0.017745535758284407], [0.0, 0.0, 0.0, 1.0]]","[[-1.1060203760071552e-06, 1.222088259070111e-06, -0.9999999999986415, 0.5499998990629587], [1.2260953914789977e-07, 0.9999999999992457, 1.2220881234622008e-06, -0.24664244004383237], [0.9999999999993807, -1.2260818749336741e-07, -1.1060205258872635e-06, -0.019886929306189724], [0.0, 0.0, 0.0, 1.0]]"
3.52531099319458,-45.6993648119242,20.268326814824377,-2.1102567400710206,-71.94384418822669,-4.8924384623839225,30.507757097724802,32.68595906555523,-45.6993648119242,-20.268326814824377,2.1102567400710206,-71.94384418822669,4.8924384623839225,30.507757097724802,-32.68595906555523,"[[3.3306690738754696e-16, -0.0, -1.0000000000000002, 0.55], [0.0, 1.0, -0.0, 0.24328702503264177], [1.0000000000000002, 0.0, 3.3306690738754696e-16, -0.019549729349825677], [0.0, 0.0, 0.0, 1.0]]","[[-8.829793013420684e-08, 1.9259936492786662e-06, -0.9999999999981413, 0.5499999081248401], [7.732535616667857e-08, 0.9999999999981422, 1.9259936424509988e-06, 0.24999966913570199], [0.9999999999999929, -7.732518610528278e-08, -8.829807912613674e-08, -0.019999879706415556], [0.0, 0.0, 0.0, 1.0]]","[[3.3306690738754696e-16, -0.0, -1.0000000000000002, 0.55], [0.0, 1.0, -0.0, -0.23492395028319085], [1.0000000000000002, 0.0, 3.3306690738754696e-16, -0.017745535758284407], [0.0, 0.0, 0.0, 1.0]]","[[-1.0514340787470822e-06, 1.2633796494607578e-06, -0.9999999999986494, 0.5499999083412572], [1.4721527893188107e-07, 0.9999999999991913, 1.2633794946742814e-06, -0.2533577397112006], [0.9999999999994366, -1.472139505714272e-07, -1.0514342645984165e-06, -0.019886942484102638], [0.0, 0.0, 0.0, 1.0]]"
3.564594030380249,-45.468398550045634,20.877410641607558,-1.5663015417882629,-71.67515820665673,-5.740730881826582,29.965989907853977,33.124306946108305,-45.39497060137341,-21.1949119851756,1.295516877874109,-71.53278291340781,6.1861787440218885,29.725249645273124,-33.35314218896583,"[[3.3306690738754696e-16, -0.0, -1.0000000000000002, 0.55], [0.0, 1.0, -0.0, 0.24328702503264177], [1.0000000000000002, 0.0, 3.3306690738754696e-16, -0.019549729349825677], [0.0, 0.0, 0.0, 1.0]]","[[-4.747323406606441e-08, 1.8919978887345824e-06, -0.9999999999982091, 0.5499999156500223], [4.554043797671302e-08, 0.9999999999982092, 1.8919978865726307e-06, 0.2567126529197091], [0.9999999999999979, -4.554034815737286e-08, -4.747332021937112e-08, -0.019549615841536847], [0.0, 0.0, 0.0, 1.0]]","[[3.3306690738754696e-16, -0.0, -1.0000000000000002, 0.55], [0.0, 1.0, -0.0, -0.25], [1.0000000000000002, 0.0, 3.3306690738754696e-16, -0.019999999999999997], [0.0, 0.0, 0.0, 1.0]]","[[-1.0710192590579481e-06, 1.2659706694219554e-06, -0.9999999999986253, 0.5499999116032196], [1.9465245878716533e-07, 0.99999999999918, 1.2659704609461255e-06, -0.2617366878039764], [0.9999999999994078, -1.946511029081526e-07, -1.0710195055274596e-06, -0.018628485180903234], [0.0, 0.0, 0.0, 1.0]]"
3.6062257289886475,-45.33664761605067,21.68677610542302,-0.8922757961289259,-71.30860927465882,-6.879541128747501,29.400200942672218,33.70781342199708,-45.33080097412114,-21.854737287302804,0.7589252638468598,-71.23088855209325,7.117036624585777,29.301033426112802,-33.82891267598141,"[[3.3306690738754696e-16, -0.0, -1.0000000000000002, 0.55], [0.0, 1.0, -0.0, 0.25671297496735823], [1.0000000000000002, 0.0, 3.3306690738754696e-16, -0.019549729349825677], [0.0, 0.0, 0.0, 1.0]]","[[-3.678868032430671e-08, 1.9021163462147603e-06, -0.9999999999981903, 0.5499999187637152], [6.303156448862568e-08, 0.999999999998189, 1.9021163438959098e-06, 0.26507571615625025], [0.9999999999999973, -6.30314945121613e-08, -3.678880022839337e-08, -0.017745425593613168], [0.0, 0.0, 0.0, 1.0]]","[[3.3306690738754696e-16, -0.0, -1.0000000000000002, 0.55], [0.0, 1.0, -0.0, -0.25], [1.0000000000000002, 0.0, 3.3306690738754696e-16, -0.019999999999999997], [0.0, 0.0, 0.0, 1.0]]","[[-1.041940332457969e-06, 1.2749286027483077e-06, -0.9999999999986446, 0.549999913207323], [1.6476499234460345e-07, 0.9999999999991738, 1.2749284310736916e-06, -0.26674212943677633], [0.9999999999994438, -1.6476366394502672e-07, -1.0419405425121653e-06, -0.01722543180221998], [0.0, 0.0, 0.0, 1.0]]"
3.645684003829956,-45.373322316799054,22.545206233141272,-0.2328335715646242,-70.90361320782291,-8.096021298702045,28.946529532716212,34.326188013598774,-45.373322316799054,-22.545206233141272,0.2328335715646242,-70.90361320782291,8.096021298702045,28.946529532716212,-34.326188013598774,"[[3.3306690738754696e-16, -0.0, -1.0000000000000002, 0.55], [0.0, 1.0, -0.0, 0.25671297496735823], [1.0000000000000002, 0.0, 3.3306690738754696e-16, -0.019549729349825677], [0.0, 0.0, 0.0, 1.0]]","[[-8.118004996005013e-08, 1.938045108394605e-06, -0.9999999999981187, 0.5499999146700261], [5.903780412538026e-08, 0.9999999999981204, 1.938045103601916e-06, 0.2733739549059342], [0.999999999999995, -5.903764679467092e-08, -8.118016431302166e-08, -0.014650469482910855], [0.0, 0.0, 0.0, 1.0]]","[[3.3306690738754696e-16, -0.0, -1.0000000000000002, 0.55], [0.0, 1.0, -0.0, -0.2650760497168092], [1.0000000000000002, 0.0, 3.3306690738754696e-16, -0.0177455357582844], [0.0, 0.0, 0.0, 1.0]]","[[-1.0830809298867372e-06, 1.248439292898048e-06, -0.9999999999986343, 0.5499999045600268], [2.217718320320452e-07, 0.9999999999991962, 1.2484390527019074e-06, -0.2766675296547899], [0.999999999999389, -2.2177047987121214e-07, -1.0830812067763596e-06, -0.013083984465286497], [0.0, 0.0, 0.0, 1.0]]"
3.684520721435547,-45.56674985899923,23.445023892135215,0.40243949501305853,-70.45282072260207,-9.374830786814362,28.585091289764772,34.971135456166394,-45.51627476103284,-23.262224124283577,-0.27779542621034875,-70.5470431822024,9.114997584182383,28.65116483224818,-34.84053882414117,"[[3.3306690738754696e-16, -0.0, -1.0000000000000002, 0.55], [0.0, 1.0, -0.0, 0.2733742967691516], [1.0000000000000002, 0.0, 3.3306690738754696e-16, -0.014650583617922604], [0.0, 0.0, 0.0, 1.0]]","[[-3.7871965952174236e-08, 1.9040085328100798e-06, -0.9999999999981867, 0.549999923163534], [5.4728968848308185e-08, 0.9999999999981859, 1.9040085307373847e-06, 0.28157170032974627], [0.9999999999999979, -5.47288967396625e-08, -3.787207031313855e-08, -0.010421429194013114], [0.0, 0.0, 0.0, 1.0]]","[[3.3306690738754696e-16, -0.0, -1.0000000000000002, 0.55], [0.0, 1.0, -0.0, -0.2650760497168092], [1.0000000000000002, 0.0, 3.3306690738754696e-16, -0.0177455357582844], [0.0, 0.0, 0.0, 1.0]]","[[-1.0530797192043195e-06, 1.2635874740674026e-06, -0.9999999999986475, 0.5499999086892338], [1.8399287330439944e-07, 0.9999999999991851, 1.2635872803089185e-06, -0.28319649532196206], [0.9999999999994289, -1.839915426460122e-07, -1.0530799516850209e-06, -0.009457293842851792], [0.0, 0.0, 0.0, 1.0]]"
3.7256834506988525,-45.89948593951099,24.375478364651247,1.003702061505486,-69.94815853539734,-10.695454693025496,28.290445466706885,35.63078829601706,-45.98079934157999,-24.564104283864904,-1.1190536045815405,-69.84014592386276,10.962465570701513,28.237060708154065,-35.76320517345609,"[[3.3306690738754696e-16, -0.0, -1.0000000000000002, 0.55], [0.0, 1.0, -0.0, 0.2733742967691516], [1.0000000000000002, 0.0, 3.3306690738754696e-16, -0.014650583617922604], [0.0, 0.0, 0.0, 1.0]]","[[2.2381509590108095e-08, 1.9004444420651691e-06, -0.9999999999981941, 0.5499999264581661], [1.8260671076603176e-08, 0.9999999999981941, 1.9004444424738706e-06, 0.2896336728443464], [0.9999999999999998, -1.8260713611385415e-08, 2.2381474840127424e-08, -0.00527219613824575], [0.0, 0.0, 0.0, 1.0]]","[[3.3306690738754696e-16, -0.0, -1.0000000000000002, 0.55], [0.0, 1.0, -0.0, -0.2799422263086402], [1.0000000000000002, 0.0, 3.3306690738754696e-16, -0.01134854770968128], [0.0, 0.0, 0.0, 1.0]]","[[-1.1003653947461167e-06, 1.2461944983885183e-06, -0.9999999999986183, 0.5499998960798487], [2.133534624291826e-07, 0.9999999999992011, 1.2461942636224774e-06, -0.2928130792331453], [0.9999999999993722, -2.1335209115984507e-07, -1.1003656605335088e-06, -0.003011662095123413], [0.0, 0.0, 0.0, 1.0]]"
3.765328884124756,-46.25045862510668,25.13293097568003,1.4541257165111467,-69.50127291838174,-11.765398703866117,28.08383395186129,36.15904195661501,-46.34814057552162,-25.323105640287988,-1.5619683203684187,-69.38330872122646,12.032918430635299,28.034304835094943,-36.29004839999045,"[[3.3306690738754696e-16, -0.0, -1.0000000000000002, 0.55], [0.0, 1.0, -0.0, 0.2880341480802126], [1.0000000000000002, 0.0, 3.3306690738754696e-16, -0.006363820628076722], [0.0, 0.0, 0.0, 1.0]]","[[5.6869859321739824e-08, 1.8845530004999981e-06, -0.9999999999982226, 0.5499999350802859], [2.5420069577963043e-08, 0.9999999999982239, 1.8845530019456363e-06, 0.2959621923718325], [0.9999999999999981, -2.542017675218191e-08, 5.686981136010516e-08, -0.0006638918655312448], [0.0, 0.0, 0.0, 1.0]]","[[3.3306690738754696e-16, -0.0, -1.0000000000000002, 0.55], [0.0, 1.0, -0.0, -0.2799422263086402], [1.0000000000000002, 0.0, 3.3306690738754696e-16, -0.01134854770968128], [0.0, 0.0, 0.0, 1.0]]","[[-1.075835646902057e-06, 1.2558758202019306e-06, -0.9999999999986328, 0.5499999036297737], [2.0001440178456155e-07, 0.9999999999991916, 1.255875605020009e-06, -0.29752563879847804], [0.9999999999994015, -2.0001305066854405e-07, -1.075835898034505e-06, 0.0005372425922784583], [0.0, 0.0, 0.0, 1.0]]"
3.8066530227661133,-46.77102490779379,26.083112742066355,1.9728892561441933,-68.88643294967554,-13.096116775896885,27.837983000233976,36.80546813513794,-46.77102490779379,-26.083112742066355,-1.9728892561441933,-68.88643294967554,13.096116775896885,27.837983000233976,-36.80546813513794,"[[3.3306690738754696e-16, -0.0, -1.0000000000000002, 0.55], [0.0, 1.0, -0.0, 0.2880341480802126], [1.0000000000000002, 0.0, 3.3306690738754696e-16, -0.006363820628076722], [0.0, 0.0, 0.0, 1.0]]","[[-1.721767239892813e-08, 1.9097657368322456e-06, -0.9999999999981763, 0.5499999315340547], [-2.736734659645304e-08, 0.9999999999981761, 1.909765737303447e-06, 0.30369291059302006], [0.9999999999999996, 2.736737947812414e-08, -1.7217620218445973e-08, 0.005463261399863877], [0.0, 0.0, 0.0, 1.0]]","[[3.3306690738754696e-16, -0.0, -1.0000000000000002, 0.55], [0.0, 1.0, -0.0, -0.29596252129113176], [1.0000000000000002, 0.0, 3.3306690738754696e-16, -0.0006639563510077579], [0.0, 0.0, 0.0, 1.0]]","[[-1.1298143625104728e-06, 1.2457663208112278e-06, -0.9999999999985857, 0.5499998942265965], [2.7140767641509057e-07, 0.9999999999991871, 1.2457660141716861e-06, -0.30521281899107544], [0.9999999999993249, -2.714062689303715e-07, -1.1298147006844061e-06, 0.006713134664382073], [0.0, 0.0, 0.0, 1.0]]"
3.839017868041992,-47.23192607298625,26.83539831498802,2.349728721900368,-68.35103491120576,-14.136775496897428,27.63454752335244,37.299956755573945,-47.11417019660064,-26.64854312231669,-2.2587695986194274,-68.48831488333384,13.879567648227674,27.686759196915308,-37.178819935549186,"[[3.3306690738754696e-16, -0.0, -1.0000000000000002, 0.55], [0.0, 1.0, -0.0, 0.30216452743652306], [1.0000000000000002, 0.0, 3.3306690738754696e-16, 0.004218225016059715], [0.0, 0.0, 0.0, 1.0]]","[[1.848150799066417e-08, 1.8958917079670677e-06, -0.9999999999982029, 0.5499999402045727], [-3.985461219817948e-08, 0.9999999999982022, 1.895891707230493e-06, 0.30971283045446624], [0.9999999999999992, 3.985457715916989e-08, 1.8481583596852147e-08, 0.010464987439282862], [0.0, 0.0, 0.0, 1.0]]","[[3.3306690738754696e-16, -0.0, -1.0000000000000002, 0.55], [0.0, 1.0, -0.0, -0.29596252129113176], [1.0000000000000002, 0.0, 3.3306690738754696e-16, -0.0006639563510077579], [0.0, 0.0, 0.0, 1.0]]","[[-1.0639043803717385e-06, 1.2659227372507044e-06, -0.9999999999986329, 0.549999897251206], [2.544497126443424e-07, 0.9999999999991664, 1.265922466541216e-06, -0.31266259449540074], [0.9999999999994018, -2.5444836582353705e-07, -1.0639047025584603e-06, 0.012943682259047023], [0.0, 0.0, 0.0, 1.0]]"
3.880178451538086,-47.711429258383234,27.57089869802438,2.692004655691928,-67.78135615329167,-15.139549719892852,27.41204557340281,37.76408177005465,-47.83179768212637,-27.75108079587661,-2.7722820034412035,-67.63432950121798,15.382572973203782,27.352226776651836,-37.87431419306949,"[[3.3306690738754696e-16, -0.0, -1.0000000000000002, 0.55], [0.0, 1.0, -0.0, 0.30216452743652306], [1.0000000000000002, 0.0, 3.3306690738754696e-16, 0.004218225016059715], [0.0, 0.0, 0.0, 1.0]]","[[-3.3627816142800526e-08, 1.923806808612369e-06, -0.9999999999981491, 0.5499999298781196], [-4.8771735859729574e-08, 0.9999999999981486, 1.923806810252455e-06, 0.3155683731376823], [0.9999999999999986, 4.877180055306111e-08, -3.362772221793264e-08, 0.015380234860060365], [0.0, 0.0, 0.0, 1.0]]","[[3.3306690738754696e-16, -0.0, -1.0000000000000002, 0.55], [0.0, 1.0, -0.0, -0.30971316675424887], [1.0000000000000002, 0.0, 3.3306690738754696e-16, 0.0104648997960618], [0.0, 0.0, 0.0, 1.0]]","[[-1.1685980449427369e-06, 1.24949296764697e-06, -0.9999999999985366, 0.5499998877737083], [3.0474950245778173e-07, 0.9999999999991729, 1.2494926115180924e-06, -0.32124388573244866], [0.9999999999992707, -3.0474804230271286e-07, -1.1685984257492343e-06, 0.020049557630072514], [0.0, 0.0, 0.0, 1.0]]"
3.9278953075408936,-48.419880384759054,28.622816132098045,3.143833622119319,-66.87835050350262,-16.540670820567172,27.0213997340131,38.38434149386726,-48.419880384759054,-28.622816132098045,-3.143833622119319,-66.87835050350262,16.540670820567172,27.0213997340131,-38.38434149386726,"[[3.3306690738754696e-16, -0.0, -1.0000000000000002, 0.55], [0.0, 1.0, -0.0, 0.3170050367484153], [1.0000000000000002, 0.0, 3.3306690738754696e-16, 0.016576597445992408], [0.0, 0.0, 0.0, 1.0]]","[[-5.956346582625116e-09, 1.890532962778198e-06, -0.9999999999982129, 0.5499999404652787], [-7.963010003233355e-08, 0.9999999999982099, 1.8905329632524965e-06, 0.32400844055009154], [0.9999999999999968, 7.963011129286091e-08, -5.956196036382977e-09, 0.02224358501910381], [0.0, 0.0, 0.0, 1.0]]","[[3.3306690738754696e-16, -0.0, -1.0000000000000002, 0.55], [0.0, 1.0, -0.0, -0.30971316675424887], [1.0000000000000002, 0.0, 3.3306690738754696e-16, 0.0104648997960618], [0.0, 0.0, 0.0, 1.0]]","[[-1.1532154406967976e-06, 1.2489672817324457e-06, -0.9999999999985553, 0.5499998891547176], [2.982076838013143e-07, 0.9999999999991758, 1.2489669378355153e-06, -0.3253723527650231], [0.9999999999992907, -2.982062434729259e-07, -1.1532158130656e-06, 0.023297807211308235], [0.0, 0.0, 0.0, 1.0]]"
3.9684689044952393,-48.954189008056225,29.433655209226938,3.471273531259965,-66.10265957984261,-17.58564024470764,26.628602385034835,38.81602993997958,-49.05096937350072,-29.587122729687955,-3.5323091689002566,-65.94714983281976,17.779120720873884,26.54179580332585,-38.89199871902304,"[[3.3306690738754696e-16, -0.0, -1.0000000000000002, 0.55], [0.0, 1.0, -0.0, 0.3170050367484153], [1.0000000000000002, 0.0, 3.3306690738754696e-16, 0.016576597445992408], [0.0, 0.0, 0.0, 1.0]]","[[7.079828850953263e-08, 1.8707871598329833e-06, -0.9999999999982476, 0.5499999458760103], [-8.09488237227169e-08, 0.9999999999982467, 1.8707871541019437e-06, 0.33069395807387014], [0.9999999999999942, 8.094869127404635e-08, 7.079843994395318e-08, 0.027176223978282833], [0.0, 0.0, 0.0, 1.0]]","[[3.3306690738754696e-16, -0.0, -1.0000000000000002, 0.55], [0.0, 1.0, -0.0, -0.3240087820475415], [1.0000000000000002, 0.0, 3.3306690738754696e-16, 0.02224348850360662], [0.0, 0.0, 0.0, 1.0]]","[[-1.1500761566973772e-06, 1.222379306132808e-06, -0.9999999999985916, 0.5499998915954089], [2.470197207021397e-07, 0.9999999999992224, 1.222379022042088e-06, -0.33327295156480763], [0.9999999999993081, -2.47018314872824e-07, -1.1500764586780399e-06, 0.028885211220746533], [0.0, 0.0, 0.0, 1.0]]"
4.008644104003906,-49.39411807740216,30.168204488421374,3.7646107327615606,-65.33024031679504,-18.496483536569276,26.165570200821332,39.15924011558355,-49.39411807740216,-30.168204488421374,-3.7646107327615606,-65.33024031679504,18.496483536569276,26.165570200821332,-39.15924011558355,"[[3.3306690738754696e-16, -0.0, -1.0000000000000002, 0.55], [0.0, 1.0, -0.0, 0.3306942862293944], [1.0000000000000002, 0.0, 3.3306690738754696e-16, 0.027176155538912755], [0.0, 0.0, 0.0, 1.0]]","[[4.6613822635155344e-08, 1.8852082681898263e-06, -0.9999999999982221, 0.549999949174807], [-5.6308764460942647e-08, 0.9999999999982216, 1.8852082655650586e-06, 0.3370324592747507], [0.9999999999999976, 5.6308676584079e-08, 4.66139287724765e-08, 0.031118702488104548], [0.0, 0.0, 0.0, 1.0]]","[[3.3306690738754696e-16, -0.0, -1.0000000000000002, 0.55], [0.0, 1.0, -0.0, -0.3240087820475415], [1.0000000000000002, 0.0, 3.3306690738754696e-16, 0.02224348850360662], [0.0, 0.0, 0.0, 1.0]]","[[-1.0617399482382162e-06, 1.3071788169375318e-06, -0.9999999999985821, 0.549999893018223], [3.281052511056112e-07, 0.9999999999990921, 1.3071784685757459e-06, -0.33946498998122554], [0.9999999999993826, -3.2810386322154635e-07, -1.0617403772283929e-06, 0.032369525010472626], [0.0, 0.0, 0.0, 1.0]]"
4.049561023712158,-49.703269514709866,30.81325438382655,4.0354781059976945,-64.58480030096902,-19.25743832709498,25.628483398079258,39.40808781270921,-49.74666853669613,-30.930542392254008,-4.087983904581699,-64.44090870572437,19.39064067628857,25.512095267074947,-39.4463095513046,"[[3.3306690738754696e-16, -0.0, -1.0000000000000002, 0.55], [0.0, 1.0, -0.0, 0.3306942862293944], [1.0000000000000002, 0.0, 3.3306690738754696e-16, 0.027176155538912755], [0.0, 0.0, 0.0, 1.0]]","[[1.8145732416652294e-08, 1.9287704354149357e-06, -0.9999999999981398, 0.5499999427304547], [-1.0184242307932291e-07, 0.9999999999981348, 1.9287704335669207e-06, 0.3429967127562429], [0.9999999999999948, 1.0184238808018125e-07, 1.814592881510535e-08, 0.03385930634035973], [0.0, 0.0, 0.0, 1.0]]","[[3.3306690738754696e-16, -0.0, -1.0000000000000002, 0.55], [0.0, 1.0, -0.0, -0.33703280132296976], [1.0000000000000002, 0.0, 3.3306690738754696e-16, 0.031118627722254544], [0.0, 0.0, 0.0, 1.0]]","[[-1.1298087121969225e-06, 1.2748720047869003e-06, -0.9999999999985492, 0.5499998898427167], [2.961685376612343e-07, 0.9999999999991436, 1.2748716701738639e-06, -0.34638533297538887], [0.9999999999993179, -2.961670972996846e-07, -1.1298090898947954e-06, 0.034858354703423404], [0.0, 0.0, 0.0, 1.0]]"
4.100257873535156,-49.86090003547,31.454431561972324,4.346778918459836,-63.755895373485444,-19.958610179362857,24.885819854150846,39.5798499948621,-49.86090003547,-31.454431561972324,-4.346778918459836,-63.755895373485444,19.958610179362857,24.885819854150846,-39.5798499948621,"[[3.3306690738754696e-16, -0.0, -1.0000000000000002, 0.55], [0.0, 1.0, -0.0, 0.34414272955449743], [1.0000000000000002, 0.0, 3.3306690738754696e-16, 0.034248109109253466], [0.0, 0.0, 0.0, 1.0]]","[[-5.446083306548388e-09, 1.9299175824452204e-06, -0.9999999999981377, 0.5499999476692872], [-8.917211867841093e-08, 0.9999999999981337, 1.9299175829308515e-06, 0.349623843011407], [0.999999999999996, 8.917212918873677e-08, -5.445911221979571e-09, 0.03534128452447523], [0.0, 0.0, 0.0, 1.0]]","[[3.3306690738754696e-16, -0.0, -1.0000000000000002, 0.55], [0.0, 1.0, -0.0, -0.33703280132296976], [1.0000000000000002, 0.0, 3.3306690738754696e-16, 0.031118627722254544], [0.0, 0.0, 0.0, 1.0]]","[[-1.145150057391131e-06, 1.2494629953401108e-06, -0.9999999999985637, 0.5499998848056158], [3.3935018580588034e-07, 0.9999999999991618, 1.2494626067339735e-06, -0.3516981726161505], [0.9999999999992867, -3.393487549832173e-07, -1.1451504812742819e-06, 0.03536841016205648], [0.0, 0.0, 0.0, 1.0]]"
4.142231702804565,-49.79226004940596,31.86922212007803,4.605246937031458,-63.13877412159645,-20.360980038462895,24.18760035115171,39.619567544885726,-49.821107353365505,-31.795237510988454,-4.553286272920586,-63.25623971494233,20.293782929861017,24.332839201210152,-39.618928922198336,"[[3.3306690738754696e-16, -0.0, -1.0000000000000002, 0.55], [0.0, 1.0, -0.0, 0.34414272955449743], [1.0000000000000002, 0.0, 3.3306690738754696e-16, 0.034248109109253466], [0.0, 0.0, 0.0, 1.0]]","[[1.3155360245598047e-08, 1.9180385317840406e-06, -0.9999999999981606, 0.5499999503276213], [-1.292176432375738e-07, 0.9999999999981523, 1.91803853008412e-06, 0.35467692690071473], [0.9999999999999916, 1.2921761800484802e-07, 1.3155608158399446e-08, 0.03495804694066302], [0.0, 0.0, 0.0, 1.0]]","[[3.3306690738754696e-16, -0.0, -1.0000000000000002, 0.55], [0.0, 1.0, -0.0, -0.34856144990692], [1.0000000000000002, 0.0, 3.3306690738754696e-16, 0.03523865246089761], [0.0, 0.0, 0.0, 1.0]]","[[-1.148225843294881e-06, 1.2719453703978671e-06, -0.9999999999985318, 0.5499998859685293], [3.7980949965498527e-07, 0.9999999999991189, 1.271944934291531e-06, -0.3546773628321577], [0.9999999999992686, -3.798080391743829e-07, -1.1482263264639414e-06, 0.03495826417589021], [0.0, 0.0, 0.0, 1.0]]"
4.175144910812378,-49.60077911111924,32.119528062591485,4.815136088905011,-62.70004375044985,-20.563969845501088,23.579634967845116,39.586977297261015,-49.660020756885345,-32.063824454815446,-4.762340007281282,-62.805010097614606,20.523026276521446,23.735605752636943,-39.600296166142535,"[[3.3306690738754696e-16, -0.0, -1.0000000000000002, 0.55], [0.0, 1.0, -0.0, 0.35370200968584475], [1.0000000000000002, 0.0, 3.3306690738754696e-16, 0.035155037282295395], [0.0, 0.0, 0.0, 1.0]]","[[1.3894064232466974e-08, 1.913616802056925e-06, -0.9999999999981689, 0.5499999528039742], [-1.048736844824835e-07, 0.9999999999981635, 1.9136168005997927e-06, 0.35839628701561904], [0.9999999999999943, 1.0487365789437668e-07, 1.3894264960789826e-08, 0.033565731708712], [0.0, 0.0, 0.0, 1.0]]","[[3.3306690738754696e-16, -0.0, -1.0000000000000002, 0.55], [0.0, 1.0, -0.0, -0.34856144990692], [1.0000000000000002, 0.0, 3.3306690738754696e-16, 0.03523865246089761], [0.0, 0.0, 0.0, 1.0]]","[[-1.0801174998853469e-06, 1.3006077768210815e-06, -0.9999999999985711, 0.5499998934602378], [3.6429371419150215e-07, 0.9999999999990881, 1.300607383341738e-06, -0.3601451426956838], [0.9999999999993505, -3.642923093821863e-07, -1.0801179737285338e-06, 0.032510042591661396], [0.0, 0.0, 0.0, 1.0]]"
4.217660188674927,-49.289636673668475,32.29635483001395,5.0282396985567015,-62.31143330743281,-20.66361889039699,22.93021716646572,39.50075640427336,-49.289636673668475,-32.29635483001395,-5.0282396985567015,-62.31143330743281,20.66361889039699,22.93021716646572,-39.50075640427336,"[[3.3306690738754696e-16, -0.0, -1.0000000000000002, 0.55], [0.0, 1.0, -0.0, 0.35370200968584475], [1.0000000000000002, 0.0, 3.3306690738754696e-16, 0.035155037282295395], [0.0, 0.0, 0.0, 1.0]]","[[9.320899735376642e-08, 1.9215533507665957e-06, -0.9999999999981495, 0.5499999651438385], [-5.82126204929598e-08, 0.9999999999981521, 1.9215533453406606e-06, 0.3618172943861507], [0.999999999999994, 5.82124413867913e-08, 9.32091092642473e-08, 0.03121821664627771], [0.0, 0.0, 0.0, 1.0]]","[[3.3306690738754696e-16, -0.0, -1.0000000000000002, 0.55], [0.0, 1.0, -0.0, -0.3574943900228065], [1.0000000000000002, 0.0, 3.3306690738754696e-16, 0.0340040713819877], [0.0, 0.0, 0.0, 1.0]]","[[-1.1238821586712078e-06, 1.2707005816498897e-06, -0.9999999999985612, 0.549999892067451], [3.752236554209325e-07, 0.9999999999991223, 1.270700159943431e-06, -0.36341338515144916], [0.9999999999992981, -3.752222273031538e-07, -1.1238826354009746e-06, 0.02969587630284815], [0.0, 0.0, 0.0, 1.0]]"
4.257647514343262,-48.74258291738006,32.41462638568189,5.296439029148299,-61.8928861452836,-20.648677851587586,22.06413381178247,39.323577882108644,-48.74258291738006,-32.41462638568189,-5.296439029148299,-61.8928861452836,20.648677851587586,22.06413381178247,-39.323577882108644,"[[3.3306690738754696e-16, -0.0, -1.0000000000000002, 0.55], [0.0, 1.0, -0.0, 0.36262517206831407], [1.0000000000000002, 0.0, 3.3306690738754696e-16, 0.030485400752997785], [0.0, 0.0, 0.0, 1.0]]","[[8.106941584706817e-08, 1.9073070669161902e-06, -0.9999999999981778, 0.5499999665374545], [-7.139912784117791e-08, 0.9999999999981786, 1.9073070611279062e-06, 0.36565975006669654], [0.9999999999999941, 7.139897321677855e-08, 8.106955196041099e-08, 0.026991990898252476], [0.0, 0.0, 0.0, 1.0]]","[[3.3306690738754696e-16, -0.0, -1.0000000000000002, 0.55], [0.0, 1.0, -0.0, -0.3574943900228065], [1.0000000000000002, 0.0, 3.3306690738754696e-16, 0.0340040713819877], [0.0, 0.0, 0.0, 1.0]]","[[-1.1156559764913254e-06, 1.264305483844735e-06, -0.9999999999985786, 0.5499999025709239], [3.591015236956387e-07, 0.9999999999991365, 1.2643050832116793e-06, -0.36705876053290004], [0.9999999999993133, -3.591001131656062e-07, -1.1156564303504979e-06, 0.024920689565397877], [0.0, 0.0, 0.0, 1.0]]"
4.297788143157959,-48.03990671594749,32.42163757486491,5.559946019780099,-61.540093214274094,-20.48822646270023,21.14321940598965,39.077346147435094,-47.88309240279317,-32.41012870611343,-5.611236471578663,-61.476292417237005,20.439735534687724,20.953049864023573,-39.020624841472724,"[[3.3306690738754696e-16, -0.0, -1.0000000000000002, 0.55], [0.0, 1.0, -0.0, 0.36262517206831407], [1.0000000000000002, 0.0, 3.3306690738754696e-16, 0.030485400752997785], [0.0, 0.0, 0.0, 1.0]]","[[5.859025353771585e-08, 1.90729949734093e-06, -0.9999999999981796, 0.5499999691951495], [-3.857571585345551e-08, 0.9999999999981806, 1.9072994950807713e-06, 0.36900485609167377], [0.9999999999999977, 3.85756041042245e-08, 5.859032703448008e-08, 0.021431048753904794], [0.0, 0.0, 0.0, 1.0]]","[[3.3306690738754696e-16, -0.0, -1.0000000000000002, 0.55], [0.0, 1.0, -0.0, -0.3656601050073558], [1.0000000000000002, 0.0, 3.3306690738754696e-16, 0.026991929743247198], [0.0, 0.0, 0.0, 1.0]]","[[-1.1495314928278155e-06, 1.2570582358810333e-06, -0.9999999999985493, 0.5499998950254277], [4.0395738026220307e-07, 0.9999999999991285, 1.2570577715200308e-06, -0.37076754047178334], [0.9999999999992578, -4.039559352341203e-07, -1.149532000643827e-06, 0.017512838787263327], [0.0, 0.0, 0.0, 1.0]]"
4.344502687454224,-47.031483926508464,32.29104435793426,5.855674427821434,-61.184431603813195,-20.12128479482505,19.97572151078103,38.70394653569967,-46.849527687019325,-32.2553668648047,-5.901497740076226,-61.13062337353183,20.043208902422634,19.775451826579797,-38.63455864392151,"[[3.3306690738754696e-16, -0.0, -1.0000000000000002, 0.55], [0.0, 1.0, -0.0, 0.36961324355547087], [1.0000000000000002, 0.0, 3.3306690738754696e-16, 0.02017076087635243], [0.0, 0.0, 0.0, 1.0]]","[[1.4157519584445666e-07, 1.915684417647226e-06, -0.9999999999981553, 0.5499999808058895], [-1.0671235735367967e-08, 0.9999999999981652, 1.915684416136463e-06, 0.3723423831902048], [0.9999999999999902, 1.0670964521952057e-08, 1.415752162725603e-07, 0.01320159570228464], [0.0, 0.0, 0.0, 1.0]]","[[3.3306690738754696e-16, -0.0, -1.0000000000000002, 0.55], [0.0, 1.0, -0.0, -0.3656601050073558], [1.0000000000000002, 0.0, 3.3306690738754696e-16, 0.026991929743247198], [0.0, 0.0, 0.0, 1.0]]","[[-1.1575703044441887e-06, 1.2409691678619167e-06, -0.9999999999985603, 0.5499999033214531], [4.045810195379959e-07, 0.9999999999991482, 1.2409686995316728e-06, -0.37328788408614255], [0.9999999999992484, -4.0457958302889813e-07, -1.1575708064870405e-06, 0.01012919313038182], [0.0, 0.0, 0.0, 1.0]]"
4.385842323303223,-46.092015311835304,32.075493833012416,6.071442665023075,-60.92653049094268,-19.686976971166036,18.96094835296119,38.33955594347949,-46.28529942006291,-32.12588355361419,-6.031141133825415,-60.97611766431697,19.782377638398188,19.166419226215393,-38.41576036404932,"[[3.3306690738754696e-16, -0.0, -1.0000000000000002, 0.55], [0.0, 1.0, -0.0, 0.36961324355547087], [1.0000000000000002, 0.0, 3.3306690738754696e-16, 0.02017076087635243], [0.0, 0.0, 0.0, 1.0]]","[[-1.1903734109530717e-09, 1.951482417967742e-06, -0.9999999999980961, 0.549999973032484], [-2.2546437581547827e-08, 0.999999999998096, 1.95148241799458e-06, 0.3745457772928389], [0.9999999999999999, 2.254643990449778e-08, -1.1903294461212965e-09, 0.005252295373246768], [0.0, 0.0, 0.0, 1.0]]","[[3.3306690738754696e-16, -0.0, -1.0000000000000002, 0.55], [0.0, 1.0, -0.0, -0.3723427400729802], [1.0000000000000002, 0.0, 3.3306690738754696e-16, 0.013201561770288348], [0.0, 0.0, 0.0, 1.0]]","[[-1.1070724684203448e-06, 1.2744556488505184e-06, -0.9999999999985753, 0.5499999117303966], [4.3528030248733506e-07, 0.9999999999990934, 1.2744551669643398e-06, -0.37527810655417043], [0.9999999999992927, -4.3527889157248725e-07, -1.1070730230877679e-06, 0.001841194823412881], [0.0, 0.0, 0.0, 1.0]]"
4.42492151260376,-45.098533561205684,31.77293694334836,6.24726624841119,-60.68811590777422,-19.152137300660893,17.91919765546709,37.93774957498598,-45.29997291530229,-31.839920608538677,-6.215789748508009,-60.734854892264615,19.266402950380623,18.12914913281682,-38.02061001490199,"[[3.3306690738754696e-16, -0.0, -1.0000000000000002, 0.55], [0.0, 1.0, -0.0, 0.3741480478940553], [1.0000000000000002, 0.0, 3.3306690738754696e-16, 0.006911371145925396], [0.0, 0.0, 0.0, 1.0]]","[[4.846761225696383e-08, 1.8936993834260889e-06, -0.9999999999982059, 0.5499999776549858], [1.5095740921812485e-08, 0.999999999998207, 1.8936993841577453e-06, 0.37561130132936826], [0.9999999999999989, -1.5095832704872858e-08, 4.84675837242321e-08, 9.199041808423813e-05], [0.0, 0.0, 0.0, 1.0]]","[[3.3306690738754696e-16, -0.0, -1.0000000000000002, 0.55], [0.0, 1.0, -0.0, -0.3723427400729802], [1.0000000000000002, 0.0, 3.3306690738754696e-16, 0.013201561770288348], [0.0, 0.0, 0.0, 1.0]]","[[-1.0700341482317022e-06, 1.2936267671021928e-06, -0.9999999999985909, 0.5499999104366793], [4.7291961813699516e-07, 0.9999999999990516, 1.293626261062648e-06, -0.37648274586002856], [0.9999999999993159, -4.729182339120543e-07, -1.0700347601866333e-06, -0.0053090519314466], [0.0, 0.0, 0.0, 1.0]]"
4.467583894729614,-44.286403578323664,31.475174846481654,6.352647956454847,-60.503407102049565,-18.662228322063388,17.074414245710525,37.596250361769094,-44.08291858257064,-31.393700934967157,-6.3735675452221265,-60.457446759124544,18.53213370894216,16.862499088974417,-37.508752223406645,"[[3.3306690738754696e-16, -0.0, -1.0000000000000002, 0.55], [0.0, 1.0, -0.0, 0.3741480478940553], [1.0000000000000002, 0.0, 3.3306690738754696e-16, 0.006911371145925396], [0.0, 0.0, 0.0, 1.0]]","[[3.143915699999056e-08, 1.9319324781805162e-06, -0.9999999999981334, 0.5499999759668387], [4.821359049431549e-08, 0.9999999999981326, 1.9319324796963096e-06, 0.3771574503294442], [0.9999999999999983, -4.821365123255405e-08, 3.143906385227879e-08, -0.010909192606067422], [0.0, 0.0, 0.0, 1.0]]","[[3.3306690738754696e-16, -0.0, -1.0000000000000002, 0.55], [0.0, 1.0, -0.0, -0.37592366973822366], [1.0000000000000002, 0.0, 3.3306690738754696e-16, -0.0016838373633073223], [0.0, 0.0, 0.0, 1.0]]","[[-1.1027188351331318e-06, 1.2865692051373937e-06, -0.9999999999985644, 0.5499999147416139], [4.567745009317139e-07, 0.9999999999990681, 1.2865687014441961e-06, -0.3773392455177662], [0.9999999999992876, -4.5677308220751824e-07, -1.102719422885201e-06, -0.012812579366338417], [0.0, 0.0, 0.0, 1.0]]"
4.506418466567993,-43.27337724138405,31.042175004048698,6.434115464666998,-60.27297701002084,-17.984699169607513,16.015200462055997,37.15255102800131,-43.474724387926855,-31.133737104967302,-6.4225246336454855,-60.31926520202602,18.125399358962483,16.226751911218802,-37.24238850615449,"[[3.3306690738754696e-16, -0.0, -1.0000000000000002, 0.55], [0.0, 1.0, -0.0, 0.3771578140949919], [1.0000000000000002, 0.0, 3.3306690738754696e-16, -0.010909271230457054], [0.0, 0.0, 0.0, 1.0]]","[[4.9345934172162487e-08, 1.914818706579703e-06, -0.9999999999981656, 0.5499999854460199], [7.750018499810554e-08, 0.9999999999981639, 1.914818710404019e-06, 0.3777512602985197], [0.9999999999999959, -7.750027948648147e-08, 4.9345785735344094e-08, -0.018613808958177533], [0.0, 0.0, 0.0, 1.0]]","[[3.3306690738754696e-16, -0.0, -1.0000000000000002, 0.55], [0.0, 1.0, -0.0, -0.37592366973822366], [1.0000000000000002, 0.0, 3.3306690738754696e-16, -0.0016838373633073223], [0.0, 0.0, 0.0, 1.0]]","[[-1.1444576451524746e-06, 1.2528443863488443e-06, -0.9999999999985605, 0.5499999190061226], [4.7201197267327034e-07, 0.999999999999104, 1.2528438461518147e-06, -0.37796635498365444], [0.999999999999234, -4.7201053884587277e-07, -1.1444582366793021e-06, -0.02451999797163328], [0.0, 0.0, 0.0, 1.0]]"
4.544707775115967,-42.28456392505213,30.55110489329229,6.455394065252525,-60.03885861584031,-17.247366588326297,14.965108396038017,36.69855859915432,-42.47944629754552,-30.65350308932912,-6.456089463887397,-60.08606888338344,17.399027523751844,15.173743354425227,-36.7897860208036,"[[3.3306690738754696e-16, -0.0, -1.0000000000000002, 0.55], [0.0, 1.0, -0.0, 0.3771578140949919], [1.0000000000000002, 0.0, 3.3306690738754696e-16, -0.010909271230457054], [0.0, 0.0, 0.0, 1.0]]","[[-7.888934783206736e-09, 1.9448203663238368e-06, -0.999999999998109, 0.5499999833256709], [9.956507161911851e-08, 0.999999999998104, 1.9448203655383645e-06, 0.37798241557719037], [0.9999999999999952, -9.956505627636911e-08, -7.88912840610223e-09, -0.03049610656182267], [0.0, 0.0, 0.0, 1.0]]","[[3.3306690738754696e-16, -0.0, -1.0000000000000002, 0.55], [0.0, 1.0, -0.0, -0.3777516207006168], [1.0000000000000002, 0.0, 3.3306690738754696e-16, -0.0186138855762931], [0.0, 0.0, 0.0, 1.0]]","[[-1.1192742053189875e-06, 1.2458300026323658e-06, -0.9999999999985978, 0.5499999191111783], [5.099365917072811e-07, 0.9999999999990941, 1.2458294318741108e-06, -0.3779443365873482], [0.9999999999992437, -5.099351972818187e-07, -1.1192748405886022e-06, -0.03249748403113792], [0.0, 0.0, 0.0, 1.0]]"
4.582910537719727,-41.523161757135796,30.122705183265335,6.427607148161622,-59.84818022478107,-16.62236329813511,14.140623454721085,36.3332425163016,-41.523161757135796,-30.122705183265335,-6.427607148161622,-59.84818022478107,16.62236329813511,14.140623454721085,-36.3332425163016,"[[3.3306690738754696e-16, -0.0, -1.0000000000000002, 0.55], [0.0, 1.0, -0.0, 0.3779993117466848], [1.0000000000000002, 0.0, 3.3306690738754696e-16, -0.028498626209378326], [0.0, 0.0, 0.0, 1.0]]","[[4.1737389822049664e-08, 1.891327510296072e-06, -0.9999999999982105, 0.5499999855693767], [1.2647281842722007e-07, 0.9999999999982034, 1.8913275155747038e-06, 0.3776962535672175], [0.9999999999999911, -1.2647289736606765e-07, 4.173715068001016e-08, -0.038515591801186785], [0.0, 0.0, 0.0, 1.0]]","[[3.3306690738754696e-16, -0.0, -1.0000000000000002, 0.55], [0.0, 1.0, -0.0, -0.3777516207006168], [1.0000000000000002, 0.0, 3.3306690738754696e-16, -0.0186138855762931], [0.0, 0.0, 0.0, 1.0]]","[[-1.136618022867797e-06, 1.2298544556296522e-06, -0.9999999999985978, 0.5499999263080357], [5.029106571150075e-07, 0.9999999999991174, 1.2298538840129743e-06, -0.37742168753407507], [0.9999999999992275, -5.029092592402122e-07, -1.1366186412620216e-06, -0.04252783053880332], [0.0, 0.0, 0.0, 1.0]]"
4.632715940475464,-40.61913840916041,29.5495532741583,6.336878330321757,-59.607170169728,-15.805303626219626,13.139937562064395,35.87932521953548,-40.27410798814264,-29.309991219209273,-6.283466251012257,-59.510659596755715,15.468928762427545,12.751223812436152,-35.69964684813454,"[[3.3306690738754696e-16, -0.0, -1.0000000000000002, 0.55], [0.0, 1.0, -0.0, 0.3779993117466848], [1.0000000000000002, 0.0, 3.3306690738754696e-16, -0.028498626209378326], [0.0, 0.0, 0.0, 1.0]]","[[8.150378461024843e-08, 1.9237347904339503e-06, -0.9999999999981464, 0.549999990526182], [1.3829940540168777e-07, 0.9999999999981402, 1.9237348017058633e-06, 0.37684442363752574], [0.9999999999999871, -1.3829956219309822e-07, 8.150351848978943e-08, -0.04852918131193647], [0.0, 0.0, 0.0, 1.0]]","[[3.3306690738754696e-16, -0.0, -1.0000000000000002, 0.55], [0.0, 1.0, -0.0, -0.37757008217147336], [1.0000000000000002, 0.0, 3.3306690738754696e-16, -0.040522507391080154], [0.0, 0.0, 0.0, 1.0]]","[[-1.0531132955127198e-06, 1.273066356014294e-06, -0.9999999999986352, 0.5499999287134465], [5.067067183470897e-07, 0.9999999999990614, 1.2730658223952546e-06, -0.3760716587261311], [0.9999999999993171, -5.067053776638545e-07, -1.0531139405522971e-06, -0.05448986828276081], [0.0, 0.0, 0.0, 1.0]]"
4.668092727661133,-39.7753470843808,28.940744362489212,6.185473100103261,-59.366645058106,-14.955349763261362,12.182401389489259,35.432907470478035,-39.61419560110351,-28.8151781647877,-6.148132029023978,-59.31898399807765,14.781902231930765,11.996842225212937,-35.34482876603613,"[[3.3306690738754696e-16, -0.0, -1.0000000000000002, 0.55], [0.0, 1.0, -0.0, 0.3768447869869177], [1.0000000000000002, 0.0, 3.3306690738754696e-16, -0.04852923991905129], [0.0, 0.0, 0.0, 1.0]]","[[7.888073078055058e-08, 1.9015930965455397e-06, -0.9999999999981889, 0.5499999927408004], [1.6185759259001932e-07, 0.999999999998179, 1.901593109312966e-06, 0.3754471845824233], [0.9999999999999839, -1.6185774258878013e-07, 7.888042291570585e-08, -0.05843284956190582], [0.0, 0.0, 0.0, 1.0]]","[[3.3306690738754696e-16, -0.0, -1.0000000000000002, 0.55], [0.0, 1.0, -0.0, -0.37757008217147336], [1.0000000000000002, 0.0, 3.3306690738754696e-16, -0.040522507391080154], [0.0, 0.0, 0.0, 1.0]]","[[-1.0438362434417314e-06, 1.2507065439786236e-06, -0.9999999999986731, 0.5499999362898129], [4.914671024393716e-07, 0.9999999999990972, 1.25070603096798e-06, -0.37434987405949277], [0.9999999999993345, -4.914657969064346e-07, -1.0438368580611979e-06, -0.06428920410296039], [0.0, 0.0, 0.0, 1.0]]"
4.717355489730835,-38.99533948116534,28.301353278811394,5.976033033167637,-59.13096938079471,-14.077640572837105,11.276177013053845,34.99711066557995,-38.99533948116534,-28.301353278811394,-5.976033033167637,-59.13096938079471,14.077640572837105,11.276177013053845,-34.99711066557995,"[[3.3306690738754696e-16, -0.0, -1.0000000000000002, 0.55], [0.0, 1.0, -0.0, 0.3768447869869177], [1.0000000000000002, 0.0, 3.3306690738754696e-16, -0.04852923991905129], [0.0, 0.0, 0.0, 1.0]]","[[1.8522081590699457e-08, 1.9063269170411573e-06, -0.9999999999981828, 0.5499999929277448], [1.7955585348082936e-07, 0.9999999999981668, 1.906326920366875e-06, 0.37351049627899835], [0.9999999999999838, -1.7955588878964595e-07, 1.8521739308940965e-08, -0.06815058459567577], [0.0, 0.0, 0.0, 1.0]]","[[3.3306690738754696e-16, -0.0, -1.0000000000000002, 0.55], [0.0, 1.0, -0.0, -0.3751031205338562], [1.0000000000000002, 0.0, 3.3306690738754696e-16, -0.060393240932281676], [0.0, 0.0, 0.0, 1.0]]","[[-1.0829762323583125e-06, 1.242145879247293e-06, -0.9999999999986422, 0.5499999433206864], [5.078297357034139e-07, 0.9999999999990997, 1.2421453292803272e-06, -0.3720933787611627], [0.9999999999992848, -5.078283904888555e-07, -1.0829768631870351e-06, -0.07387112693888927], [0.0, 0.0, 0.0, 1.0]]"
4.7644500732421875,-38.01048084436286,27.361357032024852,5.591169375797166,-58.81628890535388,-12.807593363656267,10.102838452331218,34.4074262835869,-38.143679778461866,-27.498635296605645,-5.652428061802541,-58.859920153771924,12.991853084442994,10.26344522802219,-34.49018768575995,"[[3.3306690738754696e-16, -0.0, -1.0000000000000002, 0.55], [0.0, 1.0, -0.0, 0.3725869295752592], [1.0000000000000002, 0.0, 3.3306690738754696e-16, -0.07197429620172277], [0.0, 0.0, 0.0, 1.0]]","[[-3.0334764422601523e-08, 1.9352539864145994e-06, -0.999999999998127, 0.5499999885872481], [2.046415666781257e-07, 0.9999999999981064, 1.935253980206806e-06, 0.36990918292174674], [0.9999999999999787, -2.046415079722685e-07, -3.033516055017671e-08, -0.08135868890846089], [0.0, 0.0, 0.0, 1.0]]","[[3.3306690738754696e-16, -0.0, -1.0000000000000002, 0.55], [0.0, 1.0, -0.0, -0.3751031205338562], [1.0000000000000002, 0.0, 3.3306690738754696e-16, -0.060393240932281676], [0.0, 0.0, 0.0, 1.0]]","[[-1.1159940189742201e-06, 1.2397760285280059e-06, -0.9999999999986087, 0.5499999473814229], [5.105912597733789e-07, 0.9999999999991009, 1.2397754587118241e-06, -0.36931188207109683], [0.9999999999992468, -5.105898761906717e-07, -1.1159946520233888e-06, -0.08320459515528288], [0.0, 0.0, 0.0, 1.0]]"
4.803240537643433,-37.50180250592616,26.80270219943117,5.326030396840556,-58.64646308183068,-12.061222734555832,9.483735591809276,34.08113790165164,-37.380532497212585,-26.660697443944727,-5.2548209789881195,-58.605174588297956,11.872285187961293,9.334717085818877,-34.00070559398557,"[[3.3306690738754696e-16, -0.0, -1.0000000000000002, 0.55], [0.0, 1.0, -0.0, 0.3725869295752592], [1.0000000000000002, 0.0, 3.3306690738754696e-16, -0.07197429620172277], [0.0, 0.0, 0.0, 1.0]]","[[-3.874178666762873e-08, 1.9380460013132042e-06, -0.9999999999981212, 0.5499999912284893], [2.469052794072652e-07, 0.9999999999980915, 1.9380459917475947e-06, 0.3667161817910518], [0.9999999999999688, -2.4690520432343683e-07, -3.8742265173752344e-08, -0.09048646579948569], [0.0, 0.0, 0.0, 1.0]]","[[3.3306690738754696e-16, -0.0, -1.0000000000000002, 0.55], [0.0, 1.0, -0.0, -0.37048667574718414], [1.0000000000000002, 0.0, 3.3306690738754696e-16, -0.079502329633355], [0.0, 0.0, 0.0, 1.0]]","[[-1.0985353922632335e-06, 1.2379969989633172e-06, -0.9999999999986305, 0.5499999512000335], [4.995439189174431e-07, 0.9999999999991092, 1.2379964501972349e-06, -0.36601734371912226], [0.999999999999272, -4.995425589338428e-07, -1.0985360106574582e-06, -0.09228123630767966], [0.0, 0.0, 0.0, 1.0]]"
4.8417699337005615,-36.91820723757817,26.08347815718695,4.95084042176894,-58.4443372937225,-11.106993227312628,8.760930822892677,33.683207665512114,-37.030427245641484,-26.229154139352275,-5.029672757621935,-58.48393190034106,11.299759948710607,8.901096549945093,-33.7619734070207,"[[3.3306690738754696e-16, -0.0, -1.0000000000000002, 0.55], [0.0, 1.0, -0.0, 0.36739577451875116], [1.0000000000000002, 0.0, 3.3306690738754696e-16, -0.08868149921530584], [0.0, 0.0, 0.0, 1.0]]","[[-4.9511336697172226e-08, 1.942635569003712e-06, -0.9999999999981121, 0.549999993555675], [2.792245239197338e-07, 0.9999999999980743, 1.9426355551788592e-06, 0.3637996876898641], [0.9999999999999599, -2.7922442773672374e-07, -4.951187915214206e-08, -0.09760708653751138], [0.0, 0.0, 0.0, 1.0]]","[[3.3306690738754696e-16, -0.0, -1.0000000000000002, 0.55], [0.0, 1.0, -0.0, -0.37048667574718414], [1.0000000000000002, 0.0, 3.3306690738754696e-16, -0.079502329633355], [0.0, 0.0, 0.0, 1.0]]","[[-1.0763679129666137e-06, 1.235999332797472e-06, -0.999999999998657, 0.5499999524705135], [5.219577984680028e-07, 0.9999999999991, 1.2359987709793934e-06, -0.363021764941876], [0.9999999999992847, -5.219564680778841e-07, -1.076368558006191e-06, -0.09936278150037536], [0.0, 0.0, 0.0, 1.0]]"
4.881535291671753,-36.38953693544085,25.341550566141606,4.529011353723537,-58.25127516664292,-10.128397020205405,8.091188086090614,33.29486018477811,-36.38953693544085,-25.341550566141606,-4.529011353723537,-58.25127516664292,10.128397020205405,8.091188086090614,-33.29486018477811,"[[3.3306690738754696e-16, -0.0, -1.0000000000000002, 0.55], [0.0, 1.0, -0.0, 0.36739577451875116], [1.0000000000000002, 0.0, 3.3306690738754696e-16, -0.08868149921530584], [0.0, 0.0, 0.0, 1.0]]","[[3.0083457558394144e-08, 1.8760174305848744e-06, -0.99999999999824, 0.5499999928476311], [2.902119558617306e-07, 0.9999999999981981, 1.8760174393153755e-06, 0.35884044208598104], [0.9999999999999575, -2.9021201229831086e-07, 3.008291310502287e-08, -0.10800491074015374], [0.0, 0.0, 0.0, 1.0]]","[[3.3306690738754696e-16, -0.0, -1.0000000000000002, 0.55], [0.0, 1.0, -0.0, -0.364558880973955], [1.0000000000000002, 0.0, 3.3306690738754696e-16, -0.09584174065646187], [0.0, 0.0, 0.0, 1.0]]","[[-1.1227689342696578e-06, 1.2219629760705857e-06, -0.9999999999986231, 0.549999956176952], [5.258027358317475e-07, 0.9999999999991152, 1.2219623857162097e-06, -0.3570364117699063], [0.9999999999992315, -5.258013638496182e-07, -1.1227695766447e-06, -0.11140036049456896], [0.0, 0.0, 0.0, 1.0]]"
4.937699794769287,-35.823628441948614,24.42184510383188,3.9638371055670776,-58.02567401835739,-8.920835796646431,7.350025476232313,32.83919094448988,-35.91290584458985,-24.577322407456172,-4.06238435557249,-58.06315809652243,9.124645226385026,7.469202885738927,-32.91444938385967,"[[3.3306690738754696e-16, -0.0, -1.0000000000000002, 0.55], [0.0, 1.0, -0.0, 0.3588407896865484], [1.0000000000000002, 0.0, 3.3306690738754696e-16, -0.10800498878368917], [0.0, 0.0, 0.0, 1.0]]","[[-4.031420236527694e-08, 1.914185013145824e-06, -0.9999999999981671, 0.549999995637028], [3.3331903351111753e-07, 0.9999999999981124, 1.914184999708228e-06, 0.3541915242990034], [0.9999999999999437, -3.3331895634166503e-07, -4.031484029942689e-08, -0.11643274473615624], [0.0, 0.0, 0.0, 1.0]]","[[3.3306690738754696e-16, -0.0, -1.0000000000000002, 0.55], [0.0, 1.0, -0.0, -0.364558880973955], [1.0000000000000002, 0.0, 3.3306690738754696e-16, -0.09584174065646187], [0.0, 0.0, 0.0, 1.0]]","[[-1.0767937989042409e-06, 1.2417948376285085e-06, -0.9999999999986493, 0.5499999616275749], [5.341013773141093e-07, 0.9999999999990864, 1.2417942625120001e-06, -0.3511862376733676], [0.9999999999992777, -5.341000401570264e-07, -1.0767944621514758e-06, -0.12139414130481059], [0.0, 0.0, 0.0, 1.0]]"
4.984616279602051,-35.32928325548519,23.471087894007983,3.3372517728093865,-57.79799649256419,-7.676723669517777,6.667770686644433,32.39267757278405,-35.40679224218649,-23.631633197996425,-3.4458031155147526,-57.836491438726384,7.886573547803603,6.777773017661604,-32.46652557809023,"[[3.3306690738754696e-16, -0.0, -1.0000000000000002, 0.55], [0.0, 1.0, -0.0, 0.3588407896865484], [1.0000000000000002, 0.0, 3.3306690738754696e-16, -0.10800498878368917], [0.0, 0.0, 0.0, 1.0]]","[[2.75511848335519e-08, 1.897020221481597e-06, -0.9999999999982002, 0.549999989847576], [3.505835131548483e-07, 0.9999999999981393, 1.8970202311404724e-06, 0.3480233427936333], [0.9999999999999382, -3.5058356541937233e-07, 2.755051980996015e-08, -0.12628777321174575], [0.0, 0.0, 0.0, 1.0]]","[[3.3306690738754696e-16, -0.0, -1.0000000000000002, 0.55], [0.0, 1.0, -0.0, -0.353207670260071], [1.0000000000000002, 0.0, 3.3306690738754696e-16, -0.11809441755178751], [0.0, 0.0, 0.0, 1.0]]","[[-1.1286336291660426e-06, 1.2044051806147138e-06, -0.999999999998638, 0.5499999632157023], [5.491706397558211e-07, 0.999999999999124, 1.2044045608028471e-06, -0.34693567768758615], [0.9999999999992124, -5.491692804235827e-07, -1.1286342906369207e-06, -0.12790365797849493], [0.0, 0.0, 0.0, 1.0]]"
5.027440071105957,-34.97087590897794,22.656514410950383,2.770822690836348,-57.60005078022805,-6.613173996400759,6.138257709918255,32.02672628233852,-35.03867578177407,-22.82095804540761,-2.8871924657072636,-57.64047866992536,6.827731155685193,6.241503703185814,-32.09947462718833,"[[3.3306690738754696e-16, -0.0, -1.0000000000000002, 0.55], [0.0, 1.0, -0.0, 0.34802370306046526], [1.0000000000000002, 0.0, 3.3306690738754696e-16, -0.1262878496569341], [0.0, 0.0, 0.0, 1.0]]","[[-6.932025220507398e-08, 1.927819828069433e-06, -0.9999999999981393, 0.5499999912935996], [3.7406576658529083e-07, 0.9999999999980718, 1.9278198021389698e-06, 0.34241785657533375], [0.9999999999999276, -3.7406563294764e-07, -6.932097340595078e-08, -0.13429276585839486], [0.0, 0.0, 0.0, 1.0]]","[[3.3306690738754696e-16, -0.0, -1.0000000000000002, 0.55], [0.0, 1.0, -0.0, -0.353207670260071], [1.0000000000000002, 0.0, 3.3306690738754696e-16, -0.11809441755178751], [0.0, 0.0, 0.0, 1.0]]","[[-1.0990425300394513e-06, 1.2271493562282004e-06, -0.9999999999986435, 0.5499999677037615], [4.962758591830108e-07, 0.9999999999991243, 1.2271488108005146e-06, -0.34006346721803926], [0.9999999999992732, -4.962745104936036e-07, -1.0990431391078026e-06, -0.13744021438721646], [0.0, 0.0, 0.0, 1.0]]"
5.069456577301025,-34.66113366030703,21.823747011491164,2.1671131557129106,-57.39037080289783,-5.5277403971830195,5.641393464311562,31.666437218714936,-34.71916636259004,-21.991634768837372,-2.2906744794496148,-57.43336001353389,5.746416160536971,5.738185355700282,-31.738014186122086,"[[3.3306690738754696e-16, -0.0, -1.0000000000000002, 0.55], [0.0, 1.0, -0.0, 0.34802370306046526], [1.0000000000000002, 0.0, 3.3306690738754696e-16, -0.1262878496569341], [0.0, 0.0, 0.0, 1.0]]","[[-4.701018746500196e-08, 1.9169156770550803e-06, -0.9999999999981616, 0.5499999871093633], [3.863059604766024e-07, 0.999999999998088, 1.9169156588946236e-06, 0.3376461379612582], [0.9999999999999242, -3.8630587036132776e-07, -4.701092798375939e-08, -0.14055514187969778], [0.0, 0.0, 0.0, 1.0]]","[[3.3306690738754696e-16, -0.0, -1.0000000000000002, 0.55], [0.0, 1.0, -0.0, -0.3424182294947476], [1.0000000000000002, 0.0, 3.3306690738754696e-16, -0.13429288353136556], [0.0, 0.0, 0.0, 1.0]]","[[-1.037432952155637e-06, 1.2446462287340994e-06, -0.9999999999986874, 0.5499999723471254], [4.96441406876165e-07, 0.9999999999991023, 1.2446457137099415e-06, -0.3339087695815172], [0.9999999999993386, -4.964401156390362e-07, -1.0374335701057724e-06, -0.14516085923285987], [0.0, 0.0, 0.0, 1.0]]"
5.104273080825806,-34.49886544110045,21.316487644854536,1.7884838602290754,-57.25818273679599,-4.867499307290091,5.35894806665861,31.453273844908008,-34.49886544110045,-21.316487644854536,-1.7884838602290754,-57.25818273679599,4.867499307290091,5.35894806665861,-31.453273844908008,"[[3.3306690738754696e-16, -0.0, -1.0000000000000002, 0.55], [0.0, 1.0, -0.0, 0.33764650551430647], [1.0000000000000002, 0.0, 3.3306690738754696e-16, -0.14055524967424282], [0.0, 0.0, 0.0, 1.0]]","[[-3.217613364636662e-08, 1.90039558083318e-06, -0.9999999999981939, 0.5499999917133627], [3.740500584838003e-07, 0.9999999999981245, 1.9003955687975635e-06, 0.3326331791495289], [0.9999999999999296, -3.7404999733574304e-07, -3.217684441114699e-08, -0.14667745163695944], [0.0, 0.0, 0.0, 1.0]]","[[3.3306690738754696e-16, -0.0, -1.0000000000000002, 0.55], [0.0, 1.0, -0.0, -0.3424182294947476], [1.0000000000000002, 0.0, 3.3306690738754696e-16, -0.13429288353136556], [0.0, 0.0, 0.0, 1.0]]","[[-1.0920456032237347e-06, 1.2247618813982694e-06, -0.9999999999986537, 0.5499999789477421], [4.970279839122818e-07, 0.9999999999991265, 1.224761338621624e-06, -0.32872389419183445], [0.9999999999992804, -4.970266464163776e-07, -1.0920462120700414e-06, -0.15116429835670891], [0.0, 0.0, 0.0, 1.0]]"
5.139751195907593,-34.268203122639946,20.460820328655554,1.13318569286112,-57.028015607050314,-3.7555432297515456,4.916458957034388,31.103827706591815,-34.310331729440584,-20.63282669007128,-1.266481636990679,-57.07490827079704,3.978876328345799,5.001934078742043,-31.17308240968116,"[[3.3306690738754696e-16, -0.0, -1.0000000000000002, 0.55], [0.0, 1.0, -0.0, 0.33764650551430647], [1.0000000000000002, 0.0, 3.3306690738754696e-16, -0.14055524967424282], [0.0, 0.0, 0.0, 1.0]]","[[-1.4809693749118225e-08, 1.8980897556193057e-06, -0.9999999999981986, 0.5499999871473911], [4.377139581603627e-07, 0.9999999999981029, 1.8980897491367144e-06, 0.32604881668055163], [0.9999999999999041, -4.3771393004944617e-07, -1.4810524640029854e-08, -0.15409952856848916], [0.0, 0.0, 0.0, 1.0]]","[[3.3306690738754696e-16, -0.0, -1.0000000000000002, 0.55], [0.0, 1.0, -0.0, -0.3326335446773626], [1.0000000000000002, 0.0, 3.3306690738754696e-16, -0.14667755584765896], [0.0, 0.0, 0.0, 1.0]]","[[-1.130818296279923e-06, 1.2207845546326355e-06, -0.9999999999986154, 0.549999982715633], [4.970518665814805e-07, 0.9999999999991314, 1.2207839925579203e-06, -0.3219398396522581], [0.9999999999992372, -4.970504860959178e-07, -1.1308189029057836e-06, -0.15840663963659538], [0.0, 0.0, 0.0, 1.0]]"
5.187041759490967,-34.05775133393352,19.42246935782083,0.3134437042729527,-56.741513077030376,-2.409679213236274,4.440227859136657,30.695781960291498,-34.029737313052706,-19.24873837363968,-0.17395575343374078,-56.69356856415147,2.1849224470868958,4.36771686336051,-30.62912272908676,"[[3.3306690738754696e-16, -0.0, -1.0000000000000002, 0.55], [0.0, 1.0, -0.0, 0.3260491842387072], [1.0000000000000002, 0.0, 3.3306690738754696e-16, -0.15409962148179202], [0.0, 0.0, 0.0, 1.0]]","[[-4.248993873412488e-08, 1.9114778802397345e-06, -0.9999999999981724, 0.5499999872998027], [4.281032422350243e-07, 0.9999999999980818, 1.9114778620494805e-06, 0.3177185096567942], [0.9999999999999076, -4.281031610156643e-07, -4.249075719053863e-08, -0.16258546459067358], [0.0, 0.0, 0.0, 1.0]]","[[3.3306690738754696e-16, -0.0, -1.0000000000000002, 0.55], [0.0, 1.0, -0.0, -0.3326335446773626], [1.0000000000000002, 0.0, 3.3306690738754696e-16, -0.14667755584765896], [0.0, 0.0, 0.0, 1.0]]","[[-1.082046830247485e-06, 1.229246818948559e-06, -0.9999999999986592, 0.5499999778759397], [4.896170587593047e-07, 0.9999999999991248, 1.2292462891605448e-06, -0.3162884217488641], [0.9999999999992949, -4.896157286565975e-07, -1.0820474319883644e-06, -0.16394638831500116], [0.0, 0.0, 0.0, 1.0]]"
5.228274583816528,-33.95776077957911,18.727267090887544,-0.24836475472657205,-56.55119668599714,-1.5110966445433405,4.163872855789241,30.431624394141256,-33.937772230973074,-18.553503663307833,0.39024029690773976,-56.50459089019556,1.286846379609601,4.1008566767330565,-30.366641974377757,"[[3.3306690738754696e-16, -0.0, -1.0000000000000002, 0.55], [0.0, 1.0, -0.0, 0.3260491842387072], [1.0000000000000002, 0.0, 3.3306690738754696e-16, -0.15409962148179202], [0.0, 0.0, 0.0, 1.0]]","[[-2.621492023457961e-08, 1.878984096511578e-06, -0.9999999999982344, 0.5499999874040196], [4.3751462508970317e-07, 0.999999999998139, 1.878984085041988e-06, 0.31192877980126216], [0.999999999999904, -4.3751457583151263e-07, -2.6215742465751646e-08, -0.16792462839991593], [0.0, 0.0, 0.0, 1.0]]","[[3.3306690738754696e-16, -0.0, -1.0000000000000002, 0.55], [0.0, 1.0, -0.0, -0.3177188839560013], [1.0000000000000002, 0.0, 3.3306690738754696e-16, -0.16258557098358023], [0.0, 0.0, 0.0, 1.0]]","[[-1.0960333701182101e-06, 1.223100226447267e-06, -0.9999999999986516, 0.5499999860777333], [4.452327978810125e-07, 0.9999999999991531, 1.2230997384578765e-06, -0.31045454456842664], [0.9999999999993004, -4.452314573222836e-07, -1.096033914793626e-06, -0.1692127460337567], [0.0, 0.0, 0.0, 1.0]]"
5.268204927444458,-33.87759826438526,17.860058462538536,-0.9617526404488543,-56.32564676413039,-0.3933551833343829,3.8766565710010346,30.111039220162954,-33.87759826438526,-17.860058462538536,0.9617526404488543,-56.32564676413039,0.3933551833343829,3.8766565710010346,-30.111039220162954,"[[3.3306690738754696e-16, -0.0, -1.0000000000000002, 0.55], [0.0, 1.0, -0.0, 0.31192913777125003], [1.0000000000000002, 0.0, 3.3306690738754696e-16, -0.16792473205839878], [0.0, 0.0, 0.0, 1.0]]","[[-6.465231661145765e-08, 1.8960110308496394e-06, -0.9999999999982004, 0.5499999907846874], [4.793071465133303e-07, 0.9999999999980878, 1.8960109998611082e-06, 0.3044537987191918], [0.9999999999998831, -4.793070239309644e-07, -6.4653225217981e-08, -0.17415650686816517], [0.0, 0.0, 0.0, 1.0]]","[[3.3306690738754696e-16, -0.0, -1.0000000000000002, 0.55], [0.0, 1.0, -0.0, -0.3177188839560013], [1.0000000000000002, 0.0, 3.3306690738754696e-16, -0.16258557098358023], [0.0, 0.0, 0.0, 1.0]]","[[-1.1002962648221093e-06, 1.2249718811380557e-06, -0.9999999999986446, 0.5499999884045492], [4.931829867246669e-07, 0.9999999999991283, 1.22497133849125e-06, -0.29985480648666385], [0.9999999999992732, -4.9318163889261e-07, -1.1002968690054793e-06, -0.17762036815458715], [0.0, 0.0, 0.0, 1.0]]"
5.326085090637207,-33.846387714972884,16.66048941408212,-1.9686063006477723,-56.0629337829896,1.1467143766162111,3.6120140614197207,29.680108925048508,-33.84935543216726,-16.491402958536575,2.1122475267706675,-56.033082441222064,-1.3632487689436579,3.5897049560431666,-29.62012961885204,"[[3.3306690738754696e-16, -0.0, -1.0000000000000002, 0.55], [0.0, 1.0, -0.0, 0.31192913777125003], [1.0000000000000002, 0.0, 3.3306690738754696e-16, -0.16792473205839878], [0.0, 0.0, 0.0, 1.0]]","[[-5.813366177331858e-09, 1.8712436808370668e-06, -0.9999999999982492, 0.5499999811595017], [4.992474908782282e-07, 0.9999999999981246, 1.871243677934525e-06, 0.293602865054806], [0.9999999999998754, -4.992474799991292e-07, -5.8143005410293824e-09, -0.18187085304058562], [0.0, 0.0, 0.0, 1.0]]","[[3.3306690738754696e-16, -0.0, -1.0000000000000002, 0.55], [0.0, 1.0, -0.0, -0.30139678206008014], [1.0000000000000002, 0.0, 3.3306690738754696e-16, -0.17649089793784897], [0.0, 0.0, 0.0, 1.0]]","[[-1.0939792747244326e-06, 1.243744557540807e-06, -0.9999999999986281, 0.5499999894548494], [4.560037031361663e-07, 0.9999999999991225, 1.2437440586828216e-06, -0.2920210557053181], [0.9999999999992976, -4.5600234250531755e-07, -1.0939798418263535e-06, -0.18286172584453098], [0.0, 0.0, 0.0, 1.0]]"
5.366445302963257,-33.87897454750302,15.822841844460926,-2.6842114098489436,-55.939245887309845,2.2182287973574053,3.5448741556521415,29.38359333770533,-33.87897454750302,-15.822841844460926,2.6842114098489436,-55.939245887309845,-2.2182287973574053,3.5448741556521415,-29.38359333770533,"[[3.3306690738754696e-16, -0.0, -1.0000000000000002, 0.55], [0.0, 1.0, -0.0, 0.29360322556607454], [1.0000000000000002, 0.0, 3.3306690738754696e-16, -0.1818709494116535], [0.0, 0.0, 0.0, 1.0]]","[[-4.4755312123001545e-08, 1.8795985962408904e-06, -0.9999999999982327, 0.5499999831249645], [4.715637161716716e-07, 0.9999999999981226, 1.8795985751357019e-06, 0.28562181112867374], [0.9999999999998881, -4.7156363204881733e-07, -4.4756198525064406e-08, -0.1865155093859471], [0.0, 0.0, 0.0, 1.0]]","[[3.3306690738754696e-16, -0.0, -1.0000000000000002, 0.55], [0.0, 1.0, -0.0, -0.30139678206008014], [1.0000000000000002, 0.0, 3.3306690738754696e-16, -0.17649089793784897], [0.0, 0.0, 0.0, 1.0]]","[[-1.0833909482310666e-06, 1.2508648221212433e-06, -0.999999999998631, 0.5499999921484701], [4.7682574642122693e-07, 0.999999999999104, 1.2508643055331377e-06, -0.28238504682822035], [0.9999999999992996, -4.76824391245508e-07, -1.0833915446428755e-06, -0.18814450131725957], [0.0, 0.0, 0.0, 1.0]]"
5.399058103561401,-33.93597930631594,15.169189325796122,-3.249707317226629,-55.89392416707223,3.052608975234394,3.5776259799394103,29.15147277385703,-33.91923168247107,-15.33102895063228,3.10909741443475,-55.9001703750682,-2.8461353448326707,3.5617077971918727,-29.209170796870715,"[[3.3306690738754696e-16, -0.0, -1.0000000000000002, 0.55], [0.0, 1.0, -0.0, 0.29360322556607454], [1.0000000000000002, 0.0, 3.3306690738754696e-16, -0.1818709494116535], [0.0, 0.0, 0.0, 1.0]]","[[-7.264196566492132e-08, 1.8969595802738948e-06, -0.9999999999981982, 0.5499999836008542], [5.302743304741753e-07, 0.9999999999980603, 1.8969595417534636e-06, 0.27912499963315096], [0.9999999999998569, -5.302741926743499e-07, -7.264297152698163e-08, -0.18963409305940387], [0.0, 0.0, 0.0, 1.0]]","[[3.3306690738754696e-16, -0.0, -1.0000000000000002, 0.55], [0.0, 1.0, -0.0, -0.2872317464840736], [1.0000000000000002, 0.0, 3.3306690738754696e-16, -0.18565046353873646], [0.0, 0.0, 0.0, 1.0]]","[[-1.0448053695544246e-06, 1.2658993948956534e-06, -0.9999999999986533, 0.5499999931034594], [4.5889574804829887e-07, 0.9999999999990938, 1.2658989154394695e-06, -0.2741993153518813], [0.9999999999993492, -4.588944254296966e-07, -1.044805950423111e-06, -0.19159387193978722], [0.0, 0.0, 0.0, 1.0]]"
5.446759223937988,-34.07010714614207,14.223450597464891,-4.079934526644839,-55.93725830226137,4.258368096069544,3.7894576803015974,28.807944994456655,-34.07010714614207,-14.223450597464891,4.079934526644839,-55.93725830226137,-4.258368096069544,3.7894576803015974,-28.807944994456655,"[[3.3306690738754696e-16, -0.0, -1.0000000000000002, 0.55], [0.0, 1.0, -0.0, 0.2791253732994533], [1.0000000000000002, 0.0, 3.3306690738754696e-16, -0.18963422170502026], [0.0, 0.0, 0.0, 1.0]]","[[-7.403311286235947e-08, 1.8984851117923604e-06, -0.9999999999981952, 0.5499999768622554], [5.012918161597383e-07, 0.9999999999980723, 1.8984850746799336e-06, 0.26923514275557175], [0.9999999999998717, -5.012916756080738e-07, -7.403406454553618e-08, -0.1932100909334149], [0.0, 0.0, 0.0, 1.0]]","[[3.3306690738754696e-16, -0.0, -1.0000000000000002, 0.55], [0.0, 1.0, -0.0, -0.2872317464840736], [1.0000000000000002, 0.0, 3.3306690738754696e-16, -0.18565046353873646], [0.0, 0.0, 0.0, 1.0]]","[[-1.0772320401808422e-06, 1.258931833232398e-06, -0.9999999999986273, 0.549999993733866], [4.457603204272593e-07, 0.999999999999108, 1.2589313530457038e-06, -0.26923564921602944], [0.9999999999993203, -4.457589642654574e-07, -1.0772326015096034e-06, -0.19320991423932288], [0.0, 0.0, 0.0, 1.0]]"
5.486324071884155,-34.19059509819568,13.620193775817379,-4.6182443601351695,-56.05151370669734,5.027670658421474,4.048447781457903,28.579248062929825,-34.224524062897714,-13.473136387892419,4.750680020594424,-56.091569351084885,-5.2153599879451935,4.128597063160241,-28.521826662577528,"[[3.3306690738754696e-16, -0.0, -1.0000000000000002, 0.55], [0.0, 1.0, -0.0, 0.2791253732994533], [1.0000000000000002, 0.0, 3.3306690738754696e-16, -0.18963422170502026], [0.0, 0.0, 0.0, 1.0]]","[[-1.1190355386769824e-07, 1.915545474192293e-06, -0.9999999999981593, 0.5499999812074579], [5.381981173153653e-07, 0.9999999999980206, 1.9155454139657455e-06, 0.26257191887154113], [0.999999999999849, -5.381979029580352e-07, -1.119045848207989e-07, -0.19480551545345887], [0.0, 0.0, 0.0, 1.0]]","[[3.3306690738754696e-16, -0.0, -1.0000000000000002, 0.55], [0.0, 1.0, -0.0, -0.27089375968952967], [1.0000000000000002, 0.0, 3.3306690738754696e-16, -0.192710688533909], [0.0, 0.0, 0.0, 1.0]]","[[-1.0514503249736684e-06, 1.273883706247075e-06, -0.9999999999986359, 0.5499999918174383], [4.1365742718681497e-07, 0.9999999999991032, 1.273883271307434e-06, -0.25922670797425995], [0.9999999999993617, -4.1365608776127103e-07, -1.051450851885516e-06, -0.1953559830221577], [0.0, 0.0, 0.0, 1.0]]"
5.525537490844727,-34.37547465864959,12.900892893944995,-5.27126935516998,-56.2993607811096,5.946787870688934,4.512135236944905,28.29023031574803,-34.37547465864959,-12.900892893944995,5.27126935516998,-56.2993607811096,-5.946787870688934,4.512135236944905,-28.29023031574803,"[[3.3306690738754696e-16, -0.0, -1.0000000000000002, 0.55], [0.0, 1.0, -0.0, 0.26257230196592546], [1.0000000000000002, 0.0, 3.3306690738754696e-16, -0.19480566642873656], [0.0, 0.0, 0.0, 1.0]]","[[-8.390204198072126e-08, 1.9028056550118603e-06, -0.9999999999981863, 0.549999972288626], [5.160537617424369e-07, 0.9999999999980567, 1.9028056117136493e-06, 0.25419640997690085], [0.9999999999998634, -5.160536020922243e-07, -8.390302408400885e-08, -0.19586658384072783], [0.0, 0.0, 0.0, 1.0]]","[[3.3306690738754696e-16, -0.0, -1.0000000000000002, 0.55], [0.0, 1.0, -0.0, -0.27089375968952967], [1.0000000000000002, 0.0, 3.3306690738754696e-16, -0.192710688533909], [0.0, 0.0, 0.0, 1.0]]","[[-1.015105029533725e-06, 1.2903656846591634e-06, -0.9999999999986524, 0.5499999929718613], [4.003643274494184e-07, 0.9999999999990874, 1.2903652782478823e-06, -0.2508396451359114], [0.9999999999994047, -4.00363017592595e-07, -1.015105546009476e-06, -0.19599438940332978], [0.0, 0.0, 0.0, 1.0]]"
5.566497087478638,-34.59901991999493,12.223442288664573,-5.9004002140539695,-56.667234769806484,6.81623167844383,5.1341814821123,27.9943413982612,-34.64851488581543,-12.093193996287015,6.023253972881343,-56.75506758743826,-6.984025093802125,5.277491657503861,-27.934061563741253,"[[3.3306690738754696e-16, -0.0, -1.0000000000000002, 0.55], [0.0, 1.0, -0.0, 0.26257230196592546], [1.0000000000000002, 0.0, 3.3306690738754696e-16, -0.19480566642873656], [0.0, 0.0, 0.0, 1.0]]","[[-8.794170314185834e-08, 1.9003815804722776e-06, -0.9999999999981907, 0.5499999746161751], [5.355767760482934e-07, 0.999999999998051, 1.9003815333724786e-06, 0.24580284199120944], [0.9999999999998529, -5.355766089245357e-07, -8.794272099432732e-08, -0.1958665771479826], [0.0, 0.0, 0.0, 1.0]]","[[3.3306690738754696e-16, -0.0, -1.0000000000000002, 0.55], [0.0, 1.0, -0.0, -0.25419678277402474], [1.0000000000000002, 0.0, 3.3306690738754696e-16, -0.19586672284677145], [0.0, 0.0, 0.0, 1.0]]","[[-1.0607858105249335e-06, 1.281712813869467e-06, -0.999999999998616, 0.550000002339871], [3.6183119027584404e-07, 0.9999999999991132, 1.2817124300447118e-06, -0.2424489602170354], [0.9999999999993718, -3.618298306529845e-07, -1.0607862741540686e-06, -0.19556840318467314], [0.0, 0.0, 0.0, 1.0]]"
5.604565620422363,-34.80695478399222,11.713156294451982,-6.3857846192131635,-57.0461258536346,7.475136612580375,5.74448492454915,27.75065732414807,-34.86316724086142,-11.590070309192829,6.5046111277511685,-57.15206550275609,-7.634752157068049,5.912292854059431,-27.688615300822256,"[[3.3306690738754696e-16, -0.0, -1.0000000000000002, 0.55], [0.0, 1.0, -0.0, 0.24748164145970908], [1.0000000000000002, 0.0, 3.3306690738754696e-16, -0.19595200362881973], [0.0, 0.0, 0.0, 1.0]]","[[-8.719601990447856e-08, 1.9051054000018748e-06, -0.9999999999981816, 0.549999964390527], [5.27034825860949e-07, 0.9999999999980465, 1.9051053540462784e-06, 0.23909925259597567], [0.9999999999998573, -5.270346597423862e-07, -8.719702399018203e-08, -0.19510169911049421], [0.0, 0.0, 0.0, 1.0]]","[[3.3306690738754696e-16, -0.0, -1.0000000000000002, 0.55], [0.0, 1.0, -0.0, -0.25419678277402474], [1.0000000000000002, 0.0, 3.3306690738754696e-16, -0.19586672284677145], [0.0, 0.0, 0.0, 1.0]]","[[-1.0050633064140335e-06, 1.2970497156494122e-06, -0.9999999999986536, 0.54999999226217], [3.477453365480095e-07, 0.9999999999990983, 1.297049366143911e-06, -0.23742784393344574], [0.9999999999994343, -3.477440329308168e-07, -1.0050637573866261e-06, -0.19480539479078154], [0.0, 0.0, 0.0, 1.0]]"
5.6463305950164795,-35.105765314896516,11.115760628885987,-6.969831960706839,-57.61774097017838,8.252908182616299,6.6420575857402735,27.43558582037726,-35.17100045165931,-11.001681955594787,7.083623339166074,-57.74402433774275,-8.402412485811414,6.838634272034649,-27.37107639121378,"[[3.3306690738754696e-16, -0.0, -1.0000000000000002, 0.55], [0.0, 1.0, -0.0, 0.24748164145970908], [1.0000000000000002, 0.0, 3.3306690738754696e-16, -0.19595200362881973], [0.0, 0.0, 0.0, 1.0]]","[[-9.644620230231382e-08, 1.9186317078328626e-06, -0.999999999998155, 0.5499999569938225], [5.243116428949823e-07, 0.9999999999980222, 1.9186316572647407e-06, 0.23242566852429833], [0.9999999999998581, -5.24311457849278e-07, -9.644720816437413e-08, -0.19366978148897096], [0.0, 0.0, 0.0, 1.0]]","[[3.3306690738754696e-16, -0.0, -1.0000000000000002, 0.55], [0.0, 1.0, -0.0, -0.2390996270702357], [1.0000000000000002, 0.0, 3.3306690738754696e-16, -0.19510184096907726], [0.0, 0.0, 0.0, 1.0]]","[[-9.993748157910431e-07, 1.3075853907936404e-06, -0.9999999999986457, 0.5499999914295425], [3.3847596260540554e-07, 0.9999999999990878, 1.3075850525298657e-06, -0.22745173886474768], [0.9999999999994433, -3.38474655837376e-07, -9.993752585479854e-07, -0.19217155865858393], [0.0, 0.0, 0.0, 1.0]]"
5.686408042907715,-35.45120213216991,10.563170150501628,-7.5288099466256275,-58.28438792373914,8.980661423586572,7.677974447909536,27.107960428911966,-35.526221514918745,-10.457939133506535,7.637628520482271,-58.427494047229246,-9.120355867586257,7.9004038270992325,-27.040920414660995,"[[3.3306690738754696e-16, -0.0, -1.0000000000000002, 0.55], [0.0, 1.0, -0.0, 0.2307644847784227], [1.0000000000000002, 0.0, 3.3306690738754696e-16, -0.19321022151986822], [0.0, 0.0, 0.0, 1.0]]","[[-5.8694969606865044e-08, 1.8894896584639088e-06, -0.9999999999982133, 0.549999952963113], [5.256944208503402e-07, 0.9999999999980769, 1.8894896276080327e-06, 0.2225116964601755], [0.9999999999998602, -5.256943099458644e-07, -5.869596303442748e-08, -0.19032461589383753], [0.0, 0.0, 0.0, 1.0]]","[[3.3306690738754696e-16, -0.0, -1.0000000000000002, 0.55], [0.0, 1.0, -0.0, -0.2390996270702357], [1.0000000000000002, 0.0, 3.3306690738754696e-16, -0.19510184096907726], [0.0, 0.0, 0.0, 1.0]]","[[-1.0485167582507948e-06, 1.3099572789712245e-06, -0.9999999999985925, 0.5499999995576492], [2.96280781095219e-07, 0.999999999999098, 1.309956968316523e-06, -0.21761522740474437], [0.9999999999994065, -2.9627940758296796e-07, -1.0485171463847642e-06, -0.188144521777363], [0.0, 0.0, 0.0, 1.0]]"
5.7422709465026855,-36.02016372022114,9.862368835996225,-8.269982801767684,-59.340335169423106,9.918982566479169,9.329435642043164,26.628698007683216,-35.93249824222403,-9.957453606979266,8.167021968897973,-59.18263976186586,-9.790491340265596,9.080806510970945,-26.69853156930472,"[[3.3306690738754696e-16, -0.0, -1.0000000000000002, 0.55], [0.0, 1.0, -0.0, 0.2307644847784227], [1.0000000000000002, 0.0, 3.3306690738754696e-16, -0.19321022151986822], [0.0, 0.0, 0.0, 1.0]]","[[-3.360995276535661e-08, 1.8734102612988845e-06, -0.9999999999982448, 0.5499999523242357], [4.837867016737111e-07, 0.9999999999981284, 1.8734102450386183e-06, 0.21116473660800986], [0.9999999999998826, -4.83786638707632e-07, -3.3610859151433914e-08, -0.1847524852600425], [0.0, 0.0, 0.0, 1.0]]","[[3.3306690738754696e-16, -0.0, -1.0000000000000002, 0.55], [0.0, 1.0, -0.0, -0.219242208668493], [1.0000000000000002, 0.0, 3.3306690738754696e-16, -0.18890734770185513], [0.0, 0.0, 0.0, 1.0]]","[[-1.0207366233916382e-06, 1.3095193809557328e-06, -0.9999999999986217, 0.5499999874574896], [2.7990369449328564e-07, 0.9999999999991034, 1.3095190952484117e-06, -0.20956874700434014], [0.9999999999994399, -2.799023578188004e-07, -1.0207369897652363e-06, -0.1838225971944958], [0.0, 0.0, 0.0, 1.0]]"
5.781760931015015,-36.39281542624246,9.498077281519011,-8.672171660854715,-59.987290687606716,10.415134337978065,10.360296456679325,26.345388591100257,-36.49153898050582,-9.410912968652246,8.770311233944042,-60.15215779379248,-10.534813766388675,10.62625292390222,-26.273666482173248,"[[3.3306690738754696e-16, -0.0, -1.0000000000000002, 0.55], [0.0, 1.0, -0.0, 0.21276825351592635], [1.0000000000000002, 0.0, 3.3306690738754696e-16, -0.18565046353873646], [0.0, 0.0, 0.0, 1.0]]","[[-8.839451914877117e-08, 1.888032983220821e-06, -0.9999999999982139, 0.5499999500733567], [5.023137426821938e-07, 0.9999999999980916, 1.8880329388188083e-06, 0.2063964188347182], [0.9999999999998701, -5.023135757895326e-07, -8.83954675012788e-08, -0.18187079751173918], [0.0, 0.0, 0.0, 1.0]]","[[3.3306690738754696e-16, -0.0, -1.0000000000000002, 0.55], [0.0, 1.0, -0.0, -0.219242208668493], [1.0000000000000002, 0.0, 3.3306690738754696e-16, -0.18890734770185513], [0.0, 0.0, 0.0, 1.0]]","[[-1.022091560221039e-06, 1.301152112887711e-06, -0.9999999999986313, 0.5499999834870878], [2.5331607422092953e-07, 0.9999999999991216, 1.3011518539761272e-06, -0.2016961186809606], [0.9999999999994458, -2.5331474432425426e-07, -1.0220918899572773e-06, -0.1787241669892746], [0.0, 0.0, 0.0, 1.0]]"
5.82236909866333,-36.90888402936111,9.07724542109243,-9.1532363982507,-60.81888670962328,10.996630176929916,11.717961332533086,25.983887168898992,-37.01882616933622,-8.99747137290762,9.246551296465059,-60.986533702801246,-11.107940062286321,11.997020663905005,-25.910845125914875,"[[3.3306690738754696e-16, -0.0, -1.0000000000000002, 0.55], [0.0, 1.0, -0.0, 0.21276825351592635], [1.0000000000000002, 0.0, 3.3306690738754696e-16, -0.18565046353873646], [0.0, 0.0, 0.0, 1.0]]","[[-1.0868723376855627e-07, 1.919901407470579e-06, -0.9999999999981511, 0.5499999419977807], [5.0037175141395e-07, 0.9999999999980319, 1.919901353086329e-06, 0.19706961097939707], [0.9999999999998689, -5.003715427442578e-07, -1.0868819433351717e-07, -0.17533576493824682], [0.0, 0.0, 0.0, 1.0]]","[[3.3306690738754696e-16, -0.0, -1.0000000000000002, 0.55], [0.0, 1.0, -0.0, -0.2048219785287269], [1.0000000000000002, 0.0, 3.3306690738754696e-16, -0.18085042259472978], [0.0, 0.0, 0.0, 1.0]]","[[-9.690908507331564e-07, 1.3418777990284782e-06, -0.9999999999986302, 0.5499999831593347], [2.411851888715452e-07, 0.9999999999990707, 1.3418775652987092e-06, -0.19554598900108275], [0.9999999999995015, -2.411838884699433e-07, -9.690911744741904e-07, -0.17415638201068895], [0.0, 0.0, 0.0, 1.0]]"
5.864834547042847,-37.48082016479588,8.692345478341993,-9.610053110319491,-61.656281562245184,11.537009984625584,13.132897344577403,25.6171077180166,-37.48082016479588,-8.692345478341993,9.610053110319491,-61.656281562245184,-11.537009984625584,13.132897344577403,-25.6171077180166,"[[3.3306690738754696e-16, -0.0, -1.0000000000000002, 0.55], [0.0, 1.0, -0.0, 0.19706997108156046], [1.0000000000000002, 0.0, 3.3306690738754696e-16, -0.17533592752227167], [0.0, 0.0, 0.0, 1.0]]","[[-9.838577730292286e-08, 1.921596842477173e-06, -0.9999999999981489, 0.549999928597272], [4.691755456016009e-07, 0.9999999999980438, 1.92159679631677e-06, 0.18954521060036736], [0.9999999999998851, -4.691753565429381e-07, -9.838667880401886e-08, -0.16921291245312223], [0.0, 0.0, 0.0, 1.0]]","[[3.3306690738754696e-16, -0.0, -1.0000000000000002, 0.55], [0.0, 1.0, -0.0, -0.2048219785287269], [1.0000000000000002, 0.0, 3.3306690738754696e-16, -0.18085042259472978], [0.0, 0.0, 0.0, 1.0]]","[[-9.792638880345983e-07, 1.3295494743508777e-06, -0.9999999999986369, 0.5499999813489862], [2.0497551920762257e-07, 0.9999999999990954, 1.3295492736263633e-06, -0.18807101109192978], [0.9999999999994997, -2.0497421722775203e-07, -9.792641604833285e-07, -0.16792448005780397], [0.0, 0.0, 0.0, 1.0]]"
5.899317502975464,-37.97760031369842,8.408726141925445,-9.957693517373862,-62.31790832676598,11.940686971178032,14.29281799867554,25.322267234567367,-38.10706313432143,-8.341067141780945,10.042074528153845,-62.48111569698343,-12.037686756449613,14.585472821590368,-25.248612182105244,"[[3.3306690738754696e-16, -0.0, -1.0000000000000002, 0.55], [0.0, 1.0, -0.0, 0.19706997108156046], [1.0000000000000002, 0.0, 3.3306690738754696e-16, -0.17533592752227167], [0.0, 0.0, 0.0, 1.0]]","[[-7.968056286999925e-08, 1.8926502998140483e-06, -0.9999999999982057, 0.5499999364284606], [4.615041706512532e-07, 0.9999999999981024, 1.8926502630409407e-06, 0.18371134589205348], [0.9999999999998903, -4.615040198429868e-07, -7.968143639347502e-08, -0.1639465484952091], [0.0, 0.0, 0.0, 1.0]]","[[3.3306690738754696e-16, -0.0, -1.0000000000000002, 0.55], [0.0, 1.0, -0.0, -0.1910306699383462], [1.0000000000000002, 0.0, 3.3306690738754696e-16, -0.17048124311450263], [0.0, 0.0, 0.0, 1.0]]","[[-9.769425491357175e-07, 1.329762734445254e-06, -0.9999999999986386, 0.5499999818469202], [1.9183052175450114e-07, 0.9999999999990974, 1.3297625470384652e-06, -0.17945530739791346], [0.9999999999995044, -1.9182922265262748e-07, -9.769428042649686e-07, -0.15981476184589952], [0.0, 0.0, 0.0, 1.0]]"
5.938276529312134,-38.507653729142675,8.145694703214607,-10.289008918538256,-62.963736863736536,12.319309970081227,15.467767630268643,25.028280524764387,-38.507653729142675,-8.145694703214607,10.289008918538256,-62.963736863736536,-12.319309970081227,15.467767630268643,-25.028280524764387,"[[3.3306690738754696e-16, -0.0, -1.0000000000000002, 0.55], [0.0, 1.0, -0.0, 0.18371169272883914], [1.0000000000000002, 0.0, 3.3306690738754696e-16, -0.1639467020762999], [0.0, 0.0, 0.0, 1.0]]","[[-1.5550211512893597e-07, 1.950321289496673e-06, -0.9999999999980862, 0.5499999269760626], [4.5926795615689105e-07, 0.9999999999979927, 1.950321218079352e-06, 0.17805991027393425], [0.9999999999998825, -4.592676528769374e-07, -1.5550301085687224e-07, -0.15840679980520142], [0.0, 0.0, 0.0, 1.0]]","[[3.3306690738754696e-16, -0.0, -1.0000000000000002, 0.55], [0.0, 1.0, -0.0, -0.1910306699383462], [1.0000000000000002, 0.0, 3.3306690738754696e-16, -0.17048124311450263], [0.0, 0.0, 0.0, 1.0]]","[[-9.474351265192915e-07, 1.3350764672568035e-06, -0.99999999999866, 0.5499999743771081], [1.875070596920275e-07, 0.9999999999990912, 1.3350762896066043e-06, -0.1753080092768396], [0.9999999999995337, -1.875057947936029e-07, -9.474353767635613e-07, -0.15554842821179093], [0.0, 0.0, 0.0, 1.0]]"
5.978348255157471,-39.21393627045701,7.844986233494688,-10.679243239030471,-63.73984442893591,12.757224987395654,16.94587179307818,24.665090338290835,-39.21393627045701,-7.844986233494688,10.679243239030471,-63.73984442893591,-12.757224987395654,16.94587179307818,-24.665090338290835,"[[3.3306690738754696e-16, -0.0, -1.0000000000000002, 0.55], [0.0, 1.0, -0.0, 0.18371169272883914], [1.0000000000000002, 0.0, 3.3306690738754696e-16, -0.1639467020762999], [0.0, 0.0, 0.0, 1.0]]","[[-1.5660645585890975e-07, 1.949540889428926e-06, -0.9999999999980876, 0.5499999163011663], [4.4532756679845597e-07, 0.9999999999980007, 1.9495408196875846e-06, 0.17127585508307383], [0.9999999999998889, -4.453272614869259e-07, -1.566073238312704e-07, -0.1511644410470589], [0.0, 0.0, 0.0, 1.0]]","[[3.3306690738754696e-16, -0.0, -1.0000000000000002, 0.55], [0.0, 1.0, -0.0, -0.17667775824513418], [1.0000000000000002, 0.0, 3.3306690738754696e-16, -0.15698465456371144], [0.0, 0.0, 0.0, 1.0]]","[[-1.027864096780906e-06, 1.3058002410304724e-06, -0.9999999999986194, 0.5499999691456476], [1.2944759219910276e-07, 0.9999999999991394, 1.3058001079766187e-06, -0.1686559248225047], [0.9999999999994637, -1.294462500138754e-07, -1.0278642657568504e-06, -0.14818361479079795], [0.0, 0.0, 0.0, 1.0]]"
6.024908781051636,-40.119527146846906,7.525007238805223,-11.110439911522546,-64.6156249446933,13.229284120370977,18.71799340154196,24.240874119130513,-40.119527146846906,-7.525007238805223,11.110439911522546,-64.6156249446933,-13.229284120370977,18.71799340154196,-24.240874119130513,"[[3.3306690738754696e-16, -0.0, -1.0000000000000002, 0.55], [0.0, 1.0, -0.0, 0.16995911272432634], [1.0000000000000002, 0.0, 3.3306690738754696e-16, -0.14967972428252457], [0.0, 0.0, 0.0, 1.0]]","[[-6.929868912042281e-08, 1.914045590011446e-06, -0.9999999999981659, 0.549999916420058], [3.75764026439893e-07, 0.9999999999980979, 1.9140455639713613e-06, 0.16358431117922245], [0.9999999999999272, -3.757638937983554e-07, -6.929940832289816e-08, -0.1420995207410276], [0.0, 0.0, 0.0, 1.0]]","[[3.3306690738754696e-16, -0.0, -1.0000000000000002, 0.55], [0.0, 1.0, -0.0, -0.17667775824513418], [1.0000000000000002, 0.0, 3.3306690738754696e-16, -0.15698465456371144], [0.0, 0.0, 0.0, 1.0]]","[[-9.76224731441544e-07, 1.3350822772225076e-06, -0.9999999999986322, 0.5499999685927278], [1.3752556786122726e-07, 0.9999999999990992, 1.3350821429672705e-06, -0.16235363899986693], [0.9999999999995139, -1.3752426452083282e-07, -9.762249150724323e-07, -0.1405549976498488], [0.0, 0.0, 0.0, 1.0]]"
6.065439701080322,-40.91702686452677,7.293284533476078,-11.43678549629211,-65.29504435200197,13.575462866942965,20.18410887481083,23.901797915521694,-40.75464936229347,-7.3370114045424994,11.374016911593339,-65.16287336137304,-13.509823895245496,19.89193728777978,-23.96834615615242,"[[3.3306690738754696e-16, -0.0, -1.0000000000000002, 0.55], [0.0, 1.0, -0.0, 0.16995911272432634], [1.0000000000000002, 0.0, 3.3306690738754696e-16, -0.14967972428252457], [0.0, 0.0, 0.0, 1.0]]","[[-1.667787798975695e-07, 1.9517598435504027e-06, -0.9999999999980814, 0.5499999028293145], [4.1502708275416027e-07, 0.9999999999980091, 1.9517597743325516e-06, 0.15758142414738438], [0.9999999999999, -4.1502675724125014e-07, -1.6677958991628827e-07, -0.13429270460277232], [0.0, 0.0, 0.0, 1.0]]","[[3.3306690738754696e-16, -0.0, -1.0000000000000002, 0.55], [0.0, 1.0, -0.0, -0.16358464664667965], [1.0000000000000002, 0.0, 3.3306690738754696e-16, -0.1420996635161183], [0.0, 0.0, 0.0, 1.0]]","[[-1.0228160609027093e-06, 1.3041486064967504e-06, -0.9999999999986265, 0.5499999636667267], [8.094074191852446e-08, 0.9999999999991462, 1.3041485237099376e-06, -0.1552906396230078], [0.9999999999994736, -8.093940801435769e-08, -1.0228161663738966e-06, -0.1311134499908632], [0.0, 0.0, 0.0, 1.0]]"
6.104695796966553,-41.74893024505598,7.095148429616825,-11.731086394796911,-65.92854439752065,13.875125463946226,21.63612683763279,23.58020187354623,-41.579971855557375,-7.131975955847887,11.674885036985108,-65.80543023773117,-13.819111082562952,21.346929797985283,-23.642923500694454,"[[3.3306690738754696e-16, -0.0, -1.0000000000000002, 0.55], [0.0, 1.0, -0.0, 0.1575817705052524], [1.0000000000000002, 0.0, 3.3306690738754696e-16, -0.13429288353136556], [0.0, 0.0, 0.0, 1.0]]","[[-1.1699408264398414e-07, 1.93155091287024e-06, -0.9999999999981278, 0.5499999079572923], [3.7437128002035205e-07, 0.9999999999980647, 1.931550869070893e-06, 0.1519759577798011], [0.9999999999999233, -3.7437105403962886e-07, -1.1699480584326238e-07, -0.12628767870125696], [0.0, 0.0, 0.0, 1.0]]","[[3.3306690738754696e-16, -0.0, -1.0000000000000002, 0.55], [0.0, 1.0, -0.0, -0.16358464664667965], [1.0000000000000002, 0.0, 3.3306690738754696e-16, -0.1420996635161183], [0.0, 0.0, 0.0, 1.0]]","[[-1.023828001267546e-06, 1.3047803304151167e-06, -0.9999999999986247, 0.5499999594351458], [6.843989572754004e-08, 0.9999999999991465, 1.3047802603451161e-06, -0.1498509724281805], [0.9999999999994735, -6.843855985687987e-08, -1.0238280905294772e-06, -0.12303282109305329], [0.0, 0.0, 0.0, 1.0]]"
6.147749900817871,-42.61191440140333,6.933154271750693,-11.991366974819526,-66.51852930783718,14.123907420501125,23.073225959760155,23.28025582369241,-42.61191440140333,-6.933154271750693,11.991366974819526,-66.51852930783718,-14.123907420501125,23.073225959760155,-23.28025582369241,"[[3.3306690738754696e-16, -0.0, -1.0000000000000002, 0.55], [0.0, 1.0, -0.0, 0.1575817705052524], [1.0000000000000002, 0.0, 3.3306690738754696e-16, -0.13429288353136556], [0.0, 0.0, 0.0, 1.0]]","[[-8.43014891782623e-08, 1.9256439675524016e-06, -0.9999999999981425, 0.5499998947515415], [3.2783142755513696e-07, 0.9999999999980924, 1.925643939915627e-06, 0.14679200050656194], [0.9999999999999428, -3.2783126521987607e-07, -8.43021204510741e-08, -0.11809426864929636], [0.0, 0.0, 0.0, 1.0]]","[[3.3306690738754696e-16, -0.0, -1.0000000000000002, 0.55], [0.0, 1.0, -0.0, -0.15197629693953477], [1.0000000000000002, 0.0, 3.3306690738754696e-16, -0.1262878496569341], [0.0, 0.0, 0.0, 1.0]]","[[-9.522372008130553e-07, 1.341076179573531e-06, -0.9999999999986474, 0.5499999565797552], [6.751255604757806e-08, 0.9999999999990985, 1.3410761152861684e-06, -0.14679247651634889], [0.9999999999995445, -6.751127902492048e-08, -9.522372914072541e-07, -0.11809417891160583], [0.0, 0.0, 0.0, 1.0]]"
6.188597917556763,-43.323200056284705,6.831675589930875,-12.173818403023493,-66.96164466043093,14.282856167771076,24.213164041667774,23.05879547759121,-43.685589403078076,-6.79090917898283,12.256142673089656,-67.17428210967176,-14.347980313959855,24.780378808838773,-22.9550261210785,"[[3.3306690738754696e-16, -0.0, -1.0000000000000002, 0.55], [0.0, 1.0, -0.0, 0.14779430579181185], [1.0000000000000002, 0.0, 3.3306690738754696e-16, -0.11974825514020791], [0.0, 0.0, 0.0, 1.0]]","[[-1.6886317844022614e-07, 1.9686312619194685e-06, -0.9999999999980481, 0.5499998870195304], [3.3332714243738774e-07, 0.9999999999980068, 1.9686312056327066e-06, 0.14296334497971663], [0.9999999999999304, -3.333268100074145e-07, -1.688638345820337e-07, -0.11140051716324026], [0.0, 0.0, 0.0, 1.0]]","[[3.3306690738754696e-16, -0.0, -1.0000000000000002, 0.55], [0.0, 1.0, -0.0, -0.15197629693953477], [1.0000000000000002, 0.0, 3.3306690738754696e-16, -0.1262878496569341], [0.0, 0.0, 0.0, 1.0]]","[[-9.937329749076795e-07, 1.3361824407834841e-06, -0.9999999999986136, 0.5499999592576794], [1.6325189835512405e-08, 0.9999999999991073, 1.3361824245612641e-06, -0.14115935072095634], [0.9999999999995062, -1.632386202695387e-08, -9.937329968900954e-07, -0.1080047362176379], [0.0, 0.0, 0.0, 1.0]]"
6.229142189025879,-44.23751991443388,6.74286135949273,-12.368217539633102,-67.48279492429207,14.42664872527277,25.628365577316075,22.808926667184632,-44.42372111649218,-6.73045133265764,12.402488013793642,-67.58295964847031,-14.447603745646369,25.910380673051314,-22.76293388086106,"[[3.3306690738754696e-16, -0.0, -1.0000000000000002, 0.55], [0.0, 1.0, -0.0, 0.14779430579181185], [1.0000000000000002, 0.0, 3.3306690738754696e-16, -0.11974825514020791], [0.0, 0.0, 0.0, 1.0]]","[[-1.1579401337780126e-07, 1.947710496640953e-06, -0.9999999999980966, 0.5499998839083947], [2.9879357365594007e-07, 0.9999999999980588, 1.947710462042372e-06, 0.13697800124166876], [0.9999999999999487, -2.9879334812216016e-07, -1.1579459535671077e-07, -0.09936294199045514], [0.0, 0.0, 0.0, 1.0]]","[[3.3306690738754696e-16, -0.0, -1.0000000000000002, 0.55], [0.0, 1.0, -0.0, -0.14296368370224127], [1.0000000000000002, 0.0, 3.3306690738754696e-16, -0.1114006961099443], [0.0, 0.0, 0.0, 1.0]]","[[-9.643748553611609e-07, 1.3281600133300556e-06, -0.9999999999986532, 0.5499999491205774], [-5.866163197744067e-10, 0.9999999999991183, 1.3281600138963912e-06, -0.1369784715932687], [0.9999999999995351, 5.878971638949215e-10, -9.643748544729824e-07, -0.09936285780530234], [0.0, 0.0, 0.0, 1.0]]"
6.268779516220093,-45.179734265153385,6.6995707667595426,-12.523873281949461,-67.97081877067865,14.503747900623875,27.035879735053527,22.593591293221643,-45.179734265153385,-6.6995707667595426,12.523873281949461,-67.97081877067865,-14.503747900623875,27.035879735053527,-22.593591293221643,"[[3.3306690738754696e-16, -0.0, -1.0000000000000002, 0.55], [0.0, 1.0, -0.0, 0.13859332262420213], [1.0000000000000002, 0.0, 3.3306690738754696e-16, -0.10284686541907567], [0.0, 0.0, 0.0, 1.0]]","[[-1.26936027633473e-07, 1.9378766732465337e-06, -0.9999999999981143, 0.5499998883065618], [2.8175983805299197e-07, 0.9999999999980826, 1.9378766374809978e-06, 0.13470168837424168], [0.9999999999999524, -2.817595920660983e-07, -1.2693657364115651e-07, -0.09406640781054722], [0.0, 0.0, 0.0, 1.0]]","[[3.3306690738754696e-16, -0.0, -1.0000000000000002, 0.55], [0.0, 1.0, -0.0, -0.14296368370224127], [1.0000000000000002, 0.0, 3.3306690738754696e-16, -0.1114006961099443], [0.0, 0.0, 0.0, 1.0]]","[[-1.0121116355565896e-06, 1.319058871056109e-06, -0.999999999998618, 0.5499999446649739], [-1.5516924333685435e-08, 0.99999999999913, 1.3190588867616441e-06, -0.13398288946570475], [0.9999999999994877, 1.5518259368511167e-08, -1.012111615128486e-06, -0.09228130720896897], [0.0, 0.0, 0.0, 1.0]]"
6.3020477294921875,-45.9538747358718,6.699934047446023,-12.619793043558536,-68.33896596694234,14.513185514509539,28.158216419470023,22.44973897156471,-45.75862353316323,-6.696829726468252,12.598220744838697,-68.24874599819564,-14.515379712780405,27.87787984272331,-22.483155672078997,"[[3.3306690738754696e-16, -0.0, -1.0000000000000002, 0.55], [0.0, 1.0, -0.0, 0.13859332262420213], [1.0000000000000002, 0.0, 3.3306690738754696e-16, -0.10284686541907567], [0.0, 0.0, 0.0, 1.0]]","[[-1.8937266904606176e-07, 1.958824969462191e-06, -0.9999999999980635, 0.5499998805297558], [2.680557953712024e-07, 0.9999999999980456, 1.9588249186997146e-06, 0.13194487305297734], [0.999999999999946, -2.680554244227806e-07, -1.893731939595078e-07, -0.08686606095604806], [0.0, 0.0, 0.0, 1.0]]","[[3.3306690738754696e-16, -0.0, -1.0000000000000002, 0.55], [0.0, 1.0, -0.0, -0.13544111902604497], [1.0000000000000002, 0.0, 3.3306690738754696e-16, -0.09584174065646182], [0.0, 0.0, 0.0, 1.0]]","[[-1.0315524188175829e-06, 1.3027135737037965e-06, -0.9999999999986195, 0.5499999413008511], [-5.2867249773807316e-08, 0.9999999999991502, 1.3027136282398273e-06, -0.13130662748955707], [0.9999999999994666, 5.286859359112857e-08, -1.0315523499837553e-06, -0.08504047113080014], [0.0, 0.0, 0.0, 1.0]]"
6.335722208023071,-46.54652683505922,6.721598553719657,-12.674839245626961,-68.60238587266223,14.48768671079059,28.998305781719495,22.36032838023466,-46.9473838072581,-6.746521487114211,12.703468837306715,-68.77191116786194,-14.454445887647429,29.557544595487215,-22.310230650219907,"[[3.3306690738754696e-16, -0.0, -1.0000000000000002, 0.55], [0.0, 1.0, -0.0, 0.13260422548124884], [1.0000000000000002, 0.0, 3.3306690738754696e-16, -0.08868149921530581], [0.0, 0.0, 0.0, 1.0]]","[[-1.5409500125906916e-07, 1.9455507901606936e-06, -0.9999999999980955, 0.5499998802713287], [2.6274847084283463e-07, 0.9999999999980729, 1.9455507496724235e-06, 0.13009012840914608], [0.9999999999999536, -2.6274817104268874e-07, -1.540955126277943e-07, -0.08135862882591158], [0.0, 0.0, 0.0, 1.0]]","[[3.3306690738754696e-16, -0.0, -1.0000000000000002, 0.55], [0.0, 1.0, -0.0, -0.13544111902604497], [1.0000000000000002, 0.0, 3.3306690738754696e-16, -0.09584174065646182], [0.0, 0.0, 0.0, 1.0]]","[[-1.0264884001132124e-06, 1.2899020906362375e-06, -0.9999999999986414, 0.5499999374741782], [-4.565441257392862e-08, 0.9999999999991673, 1.2899021375006407e-06, -0.1289570618534423], [0.9999999999994723, 4.565573664344804e-08, -1.026488341271392e-06, -0.07763531390469788], [0.0, 0.0, 0.0, 1.0]]"
6.368047714233398,-47.55722066239727,6.7999374084051185,-12.734341292355174,-69.01680077036357,14.379301853946242,30.394850655649908,22.250329891198895,-47.3528135911063,-6.779977461216226,12.725654999278209,-68.93644359477837,-14.40778032769061,30.115991107311213,-22.26819937361494,"[[3.3306690738754696e-16, -0.0, -1.0000000000000002, 0.55], [0.0, 1.0, -0.0, 0.13260422548124884], [1.0000000000000002, 0.0, 3.3306690738754696e-16, -0.08868149921530581], [0.0, 0.0, 0.0, 1.0]]","[[-6.874845781545957e-08, 1.932855946591897e-06, -0.99999999999813, 0.5499998772661692], [1.9555337591300023e-07, 0.9999999999981133, 1.9328559331478715e-06, 0.12741275457314977], [0.9999999999999788, -1.9555324303176976e-07, -6.874883573537716e-08, -0.07197416351730927], [0.0, 0.0, 0.0, 1.0]]","[[3.3306690738754696e-16, -0.0, -1.0000000000000002, 0.55], [0.0, 1.0, -0.0, -0.13009045021076873], [1.0000000000000002, 0.0, 3.3306690738754696e-16, -0.08135879283183892], [0.0, 0.0, 0.0, 1.0]]","[[-1.0358441768776316e-06, 1.301947401890401e-06, -0.9999999999986162, 0.5499999358649384], [-9.452699687144062e-08, 0.9999999999991482, 1.3019474998063328e-06, -0.12648927903590737], [0.9999999999994593, 9.452834548604605e-08, -1.035844053642876e-06, -0.0681504057184398], [0.0, 0.0, 0.0, 1.0]]"
6.401593923568726,-48.3857943257061,6.901545436932343,-12.753176392765129,-69.32493109439037,14.230127107378578,31.506979622351817,22.201003972560358,-48.177050084292176,-6.872864618833813,12.750837906748046,-69.24994927768196,-14.272787615160832,31.229540753360485,-22.209913954332638,"[[3.3306690738754696e-16, -0.0, -1.0000000000000002, 0.55], [0.0, 1.0, -0.0, 0.1279067120899282], [1.0000000000000002, 0.0, 3.3306690738754696e-16, -0.07387144184744822], [0.0, 0.0, 0.0, 1.0]]","[[-2.114126895769175e-07, 1.9857108209323526e-06, -0.9999999999980064, 0.5499998683995628], [2.1372229507624096e-07, 0.9999999999980058, 1.9857107757487463e-06, 0.12564989450260627], [0.999999999999955, -2.1372187527135887e-07, -2.1141311412620212e-07, -0.06428931858705379], [0.0, 0.0, 0.0, 1.0]]","[[3.3306690738754696e-16, -0.0, -1.0000000000000002, 0.55], [0.0, 1.0, -0.0, -0.13009045021076873], [1.0000000000000002, 0.0, 3.3306690738754696e-16, -0.08135879283183892], [0.0, 0.0, 0.0, 1.0]]","[[-9.562952664188273e-07, 1.3306172719091726e-06, -0.9999999999986574, 0.5499999394095619], [-7.392710315388228e-08, 0.9999999999991119, 1.3306173426059166e-06, -0.12489702139327837], [0.99999999999954, 7.392837561684926e-08, -9.562951680530674e-07, -0.060393006421919866], [0.0, 0.0, 0.0, 1.0]]"
6.443192481994629,-49.44406383570788,7.077839876486366,-12.741640203256978,-69.67796308202081,13.961650300351948,32.88545864592755,22.19284189650219,-49.44406383570788,-7.077839876486366,12.741640203256978,-69.67796308202081,-13.961650300351948,32.88545864592755,-22.19284189650219,"[[3.3306690738754696e-16, -0.0, -1.0000000000000002, 0.55], [0.0, 1.0, -0.0, 0.1279067120899282], [1.0000000000000002, 0.0, 3.3306690738754696e-16, -0.07387144184744822], [0.0, 0.0, 0.0, 1.0]]","[[-6.605109448276636e-08, 1.9264956334259913e-06, -0.9999999999981424, 0.5499998734299135], [1.467089601162827e-07, 0.9999999999981338, 1.926495623735687e-06, 0.12392813025930761], [0.9999999999999873, -1.467088328688656e-07, -6.605137714554843e-08, -0.05449003671312784], [0.0, 0.0, 0.0, 1.0]]","[[3.3306690738754696e-16, -0.0, -1.0000000000000002, 0.55], [0.0, 1.0, -0.0, -0.12605902160501653], [1.0000000000000002, 0.0, 3.3306690738754696e-16, -0.0662246432856358], [0.0, 0.0, 0.0, 1.0]]","[[-8.814144456525952e-07, 1.356393438822473e-06, -0.9999999999986916, 0.5499999423811571], [-6.408944844033346e-08, 0.9999999999990781, 1.3563934953123627e-06, -0.12392858942623604], [0.9999999999996095, 6.40906439850703e-08, -8.814143586111101e-07, -0.054489957457625596], [0.0, 0.0, 0.0, 1.0]]"
6.482353687286377,-50.305248237208936,7.258119304534268,-12.705390681784428,-69.93210076065864,13.679130624391773,33.97278036556397,22.23271483332943,-50.52202819618139,-7.308564520423043,12.692718119553115,-69.9914209536002,-13.598950179951347,34.24163710186318,-22.24947270245806,"[[3.3306690738754696e-16, -0.0, -1.0000000000000002, 0.55], [0.0, 1.0, -0.0, 0.12422963378452731], [1.0000000000000002, 0.0, 3.3306690738754696e-16, -0.05646505064665386], [0.0, 0.0, 0.0, 1.0]]","[[-2.0974676495644218e-07, 1.9976518915051125e-06, -0.9999999999979827, 0.5499998562182635], [1.73149410623297e-07, 0.9999999999979897, 1.997651855187598e-06, 0.12294073552477722], [0.9999999999999631, -1.7314899162193344e-07, -2.0974711090193665e-07, -0.04653217560093447], [0.0, 0.0, 0.0, 1.0]]","[[3.3306690738754696e-16, -0.0, -1.0000000000000002, 0.55], [0.0, 1.0, -0.0, -0.12605902160501653], [1.0000000000000002, 0.0, 3.3306690738754696e-16, -0.0662246432856358], [0.0, 0.0, 0.0, 1.0]]","[[-9.837247532673565e-07, 1.3069099934634306e-06, -0.9999999999986621, 0.5499999279726668], [-1.2637023092188427e-07, 0.999999999999138, 1.306910117777577e-06, -0.12257851706185466], [0.9999999999995081, 1.263715165615483e-07, -9.837245880661705e-07, -0.04252790598716375], [0.0, 0.0, 0.0, 1.0]]"
6.524226427078247,-51.39243676815655,7.531368706243444,-12.628189053595774,-70.21095689390275,13.239892257925653,35.30156634783327,22.344685539488037,-51.39243676815655,-7.531368706243444,12.628189053595774,-70.21095689390275,-13.239892257925653,35.30156634783327,-22.344685539488037,"[[3.3306690738754696e-16, -0.0, -1.0000000000000002, 0.55], [0.0, 1.0, -0.0, 0.12422963378452731], [1.0000000000000002, 0.0, 3.3306690738754696e-16, -0.05646505064665386], [0.0, 0.0, 0.0, 1.0]]","[[-1.5888699317345711e-07, 1.967086089709319e-06, -0.9999999999980527, 0.5499998549388249], [1.3168555264178177e-07, 0.9999999999980567, 1.967086068786205e-06, 0.12219853881599486], [0.9999999999999787, -1.3168524009713454e-07, -1.5888725207746646e-07, -0.03650845515530861], [0.0, 0.0, 0.0, 1.0]]","[[3.3306690738754696e-16, -0.0, -1.0000000000000002, 0.55], [0.0, 1.0, -0.0, -0.12294106423934181], [1.0000000000000002, 0.0, 3.3306690738754696e-16, -0.04653235152602241], [0.0, 0.0, 0.0, 1.0]]","[[-9.435397027579562e-07, 1.3289555880288433e-06, -0.9999999999986718, 0.5499999301039926], [-1.113028855191289e-07, 0.9999999999991107, 1.3289556930481183e-06, -0.12211643536505278], [0.9999999999995487, 1.1130413944144051e-07, -9.435395546542047e-07, -0.03450206844122291], [0.0, 0.0, 0.0, 1.0]]"
6.563694953918457,-52.47937941229404,7.85549277198546,-12.51807701266506,-70.44390049554603,12.70562717708444,36.5814208548886,22.528863298004723,-52.47937941229404,-7.85549277198546,12.51807701266506,-70.44390049554603,-12.70562717708444,36.5814208548886,-22.528863298004723,"[[3.3306690738754696e-16, -0.0, -1.0000000000000002, 0.55], [0.0, 1.0, -0.0, 0.1221988538769091], [1.0000000000000002, 0.0, 3.3306690738754696e-16, -0.03650860562575261], [0.0, 0.0, 0.0, 1.0]]","[[-1.6299860233770502e-07, 1.972581014480268e-06, -0.9999999999980412, 0.5499998510802975], [9.590637587221243e-08, 0.99999999999805, 1.97258099884768e-06, 0.12200587863376472], [0.9999999999999821, -9.59060543440787e-08, -1.6299879151970842e-07, -0.026506113035077494], [0.0, 0.0, 0.0, 1.0]]","[[3.3306690738754696e-16, -0.0, -1.0000000000000002, 0.55], [0.0, 1.0, -0.0, -0.12294106423934181], [1.0000000000000002, 0.0, 3.3306690738754696e-16, -0.04653235152602241], [0.0, 0.0, 0.0, 1.0]]","[[-9.589239421403661e-07, 1.3170834386823343e-06, -0.999999999998673, 0.5499999228605268], [-1.3847058714938586e-07, 0.9999999999991233, 1.3170835714656886e-06, -0.12208340806713866], [0.9999999999995307, 1.384718501321727e-07, -9.589237598417455e-07, -0.022541849653530305], [0.0, 0.0, 0.0, 1.0]]"
6.604283094406128,-53.548659187237874,8.226903091125122,-12.377997516750915,-70.63011194288809,12.079917816087804,37.79374186652543,22.786457052362582,-53.758537240054025,-8.306471379861184,12.346644387139618,-70.66189281309616,-11.944362466725144,38.02635420399397,-22.846690783105633,"[[3.3306690738754696e-16, -0.0, -1.0000000000000002, 0.55], [0.0, 1.0, -0.0, 0.1221988538769091], [1.0000000000000002, 0.0, 3.3306690738754696e-16, -0.03650860562575261], [0.0, 0.0, 0.0, 1.0]]","[[-1.715637785726365e-07, 1.975462514256087e-06, -0.999999999998034, 0.5499998442304597], [6.823967404806898e-08, 0.9999999999980465, 1.975462502548655e-06, 0.12236359464885654], [0.9999999999999829, -6.823933513012311e-08, -1.715639135757563e-07, -0.01666649129160845], [0.0, 0.0, 0.0, 1.0]]","[[3.3306690738754696e-16, -0.0, -1.0000000000000002, 0.55], [0.0, 1.0, -0.0, -0.1220061942354285], [1.0000000000000002, 0.0, 3.3306690738754696e-16, -0.026506262310269625], [0.0, 0.0, 0.0, 1.0]]","[[-9.608280961970195e-07, 1.3073804362950687e-06, -0.9999999999986838, 0.5499999174160471], [-1.5127030671881673e-07, 0.9999999999991338, 1.307380581640418e-06, -0.12266098221346314], [0.9999999999995269, 1.512715628866128e-07, -9.608278983552765e-07, -0.012812668628186192], [0.0, 0.0, 0.0, 1.0]]"
6.644327402114868,-54.376741076926464,8.555017694889717,-12.24630890823213,-70.74692866826283,11.518163785158226,38.70156621477392,23.044332552023707,-54.376741076926464,-8.555017694889717,12.24630890823213,-70.74692866826283,-11.518163785158226,38.70156621477392,-23.044332552023707,"[[3.3306690738754696e-16, -0.0, -1.0000000000000002, 0.55], [0.0, 1.0, -0.0, 0.1222483792993832], [1.0000000000000002, 0.0, 3.3306690738754696e-16, -0.0186138855762931], [0.0, 0.0, 0.0, 1.0]]","[[-1.3031838635990667e-07, 1.947369156518462e-06, -0.9999999999980954, 0.5499998546092267], [4.1548245868697547e-08, 0.9999999999981031, 1.9473691511039765e-06, 0.12304509579579313], [0.9999999999999906, -4.15479920906128e-08, -1.3031846740618747e-07, -0.009022994623616592], [0.0, 0.0, 0.0, 1.0]]","[[3.3306690738754696e-16, -0.0, -1.0000000000000002, 0.55], [0.0, 1.0, -0.0, -0.1220061942354285], [1.0000000000000002, 0.0, 3.3306690738754696e-16, -0.026506262310269625], [0.0, 0.0, 0.0, 1.0]]","[[-9.7145804983656e-07, 1.3081816621666412e-06, -0.9999999999986726, 0.5499999162372737], [-1.6386584509464663e-07, 0.9999999999991311, 1.308181821356035e-06, -0.12351748686106273], [0.9999999999995148, 1.6386711593819007e-07, -9.714578353414716e-07, -0.005309126748711659], [0.0, 0.0, 0.0, 1.0]]"
6.687323331832886,-55.54231968897831,9.092374290104008,-12.019084736245084,-70.87586897941432,10.586414991794475,39.935808718551904,23.51150553842153,-55.54231968897831,-9.092374290104008,12.019084736245084,-70.87586897941432,-10.586414991794475,39.935808718551904,-23.51150553842153,"[[3.3306690738754696e-16, -0.0, -1.0000000000000002, 0.55], [0.0, 1.0, -0.0, 0.1222483792993832], [1.0000000000000002, 0.0, 3.3306690738754696e-16, -0.0186138855762931], [0.0, 0.0, 0.0, 1.0]]","[[-1.8711565119566842e-07, 1.9858201595667214e-06, -0.9999999999980109, 0.5499998443483668], [1.886227686668273e-08, 0.9999999999980282, 1.9858201560373283e-06, 0.1247216568408028], [0.9999999999999825, -1.8861905288613268e-08, -1.8711568872120665e-07, 0.001841033897404049], [0.0, 0.0, 0.0, 1.0]]","[[3.3306690738754696e-16, -0.0, -1.0000000000000002, 0.55], [0.0, 1.0, -0.0, -0.12327047424072615], [1.0000000000000002, 0.0, 3.3306690738754696e-16, -0.007155981910616227], [0.0, 0.0, 0.0, 1.0]]","[[-9.651914181230126e-07, 1.3016739206116918e-06, -0.9999999999986872, 0.5499999142068526], [-1.6823909670417711e-07, 0.9999999999991389, 1.301674082995212e-06, -0.12545397648044673], [0.9999999999995203, 1.6824035306861018e-07, -9.651911989649875e-07, 0.005252428660482662], [0.0, 0.0, 0.0, 1.0]]"
6.7282819747924805,-56.57165651765591,9.674723048928465,-11.758896363776264,-70.96481170278624,9.570116994242428,40.98807449227324,24.06178826664007,-56.411778864658835,-9.575003140819925,11.804475069881406,-70.9518343433632,-9.74412118599038,40.82660882029414,-23.965120599316883,"[[3.3306690738754696e-16, -0.0, -1.0000000000000002, 0.55], [0.0, 1.0, -0.0, 0.12438834740970237], [1.0000000000000002, 0.0, 3.3306690738754696e-16, 9.19127866922595e-05], [0.0, 0.0, 0.0, 1.0]]","[[-1.2628791923319227e-07, 1.947798511559768e-06, -0.999999999998095, 0.5499998513618256], [-1.500615026783789e-08, 0.9999999999981029, 1.947798513454879e-06, 0.12671186973156875], [0.9999999999999919, 1.5006396251230584e-08, -1.2628788992330442e-07, 0.010129009069822278], [0.0, 0.0, 0.0, 1.0]]","[[3.3306690738754696e-16, -0.0, -1.0000000000000002, 0.55], [0.0, 1.0, -0.0, -0.12327047424072615], [1.0000000000000002, 0.0, 3.3306690738754696e-16, -0.007155981910616227], [0.0, 0.0, 0.0, 1.0]]","[[-9.311819701429691e-07, 1.3150641813241899e-06, -0.9999999999987019, 0.5499999152880627], [-1.763591727423591e-07, 0.9999999999991198, 1.3150643455472215e-06, -0.1267123190804839], [0.999999999999551, 1.763603973063383e-07, -9.311817383284016e-07, 0.010129096416028013], [0.0, 0.0, 0.0, 1.0]]"
6.769143104553223,-57.018869983751664,9.97934094817457,-11.616871117722312,-71.00143517711584,9.039748536322707,41.43689646791853,24.361766759892447,-57.156330955892756,-10.082526323513246,11.567756934948044,-71.01327872513664,-8.860705372514577,41.574272062694995,-24.464702833326417,"[[3.3306690738754696e-16, -0.0, -1.0000000000000002, 0.55], [0.0, 1.0, -0.0, 0.12438834740970237], [1.0000000000000002, 0.0, 3.3306690738754696e-16, 9.19127866922595e-05], [0.0, 0.0, 0.0, 1.0]]","[[-1.697184561777476e-07, 1.9619154013201777e-06, -0.9999999999980611, 0.5499998430796589], [-3.4642027866709885e-08, 0.9999999999980749, 1.961915407199597e-06, 0.12868621781974995], [0.9999999999999851, 3.464236083989689e-08, -1.697183882320985e-07, 0.016117406293116122], [0.0, 0.0, 0.0, 1.0]]","[[3.3306690738754696e-16, -0.0, -1.0000000000000002, 0.55], [0.0, 1.0, -0.0, -0.12627142251408452], [1.0000000000000002, 0.0, 3.3306690738754696e-16, 0.008537449358394317], [0.0, 0.0, 0.0, 1.0]]","[[-9.238255825883002e-07, 1.3135825535461528e-06, -0.9999999999987107, 0.5499999039874168], [-1.85726971280577e-07, 0.9999999999991201, 1.313582725126018e-06, -0.13038689577837437], [0.9999999999995562, 1.857281848016639e-07, -9.238253385612794e-07, 0.02017096589014472], [0.0, 0.0, 0.0, 1.0]]"
6.820389747619629,-57.43860559881646,8.90132279996135,-8.828692275874728,-71.07544027677292,8.385111616643773,41.81995738223494,21.76284904485133,-57.414187672533664,-9.289074346690267,9.595497977198194,-71.06220337016144,-8.43975654509846,41.81092104196301,-22.589875670313155,"[[3.3306690738754696e-16, -0.0, -1.0000000000000002, 0.55], [0.0, 1.0, -0.0, 0.12923252935410998], [1.0000000000000002, 0.0, 3.3306690738754696e-16, 0.017512525834192327], [0.0, 0.0, 0.0, 1.0]]","[[-1.9705128961877705e-07, 1.9207207807011515e-06, -0.9999999999981362, 0.5499998552563137], [-3.7241345545932206e-08, 0.9999999999981549, 1.9207207880396425e-06, 0.132271880262186], [0.99999999999998, 3.7241724026371194e-08, -1.9705121812041426e-07, 0.023807183891612602], [0.0, 0.0, 0.0, 1.0]]","[[3.3306690738754696e-16, -0.0, -1.0000000000000002, 0.55], [0.0, 1.0, -0.0, -0.12627142251408452], [1.0000000000000002, 0.0, 3.3306690738754696e-16, 0.008537449358394317], [0.0, 0.0, 0.0, 1.0]]","[[-9.96652368245865e-07, 1.3576278143664066e-06, -0.9999999999985817, 0.5499998917674476], [-1.869316627760041e-07, 0.999999999999061, 1.3576280006729417e-06, -0.13434004092880125], [0.9999999999994859, 1.8693301585890112e-07, -9.966521144488816e-07, 0.026992177710755193], [0.0, 0.0, 0.0, 1.0]]"
6.876056671142578,-57.618184932474435,7.06011510870336,-4.94663131769292,-71.17227869882537,7.972569044548648,41.886148745481535,17.716931848480918,-57.618184932474435,-7.06011510870336,4.94663131769292,-71.17227869882537,-7.972569044548648,41.886148745481535,-17.716931848480918,"[[3.3306690738754696e-16, -0.0, -1.0000000000000002, 0.55], [0.0, 1.0, -0.0, 0.12923252935410998], [1.0000000000000002, 0.0, 3.3306690738754696e-16, 0.017512525834192327], [0.0, 0.0, 0.0, 1.0]]","[[-2.646965744923513e-07, 1.9060177170757388e-06, -0.9999999999981487, 0.5499998574564415], [-4.02459419923901e-08, 0.999999999998183, 1.906017727728767e-06, 0.13658640189807786], [0.9999999999999644, 4.0246446508678945e-08, -2.64696497664918e-07, 0.029695726227704108], [0.0, 0.0, 0.0, 1.0]]","[[3.3306690738754696e-16, -0.0, -1.0000000000000002, 0.55], [0.0, 1.0, -0.0, -0.13363059533083083], [1.0000000000000002, 0.0, 3.3306690738754696e-16, 0.025982390998335644], [0.0, 0.0, 0.0, 1.0]]","[[-8.541637414039016e-07, 1.446087789080175e-06, -0.9999999999985898, 0.5499999033294926], [-1.574795581533093e-07, 0.9999999999989421, 1.4460879235940131e-06, -0.13900926462575994], [0.999999999999623, 1.5748079334895838e-07, -8.541635138081816e-07, 0.031893367355866294], [0.0, 0.0, 0.0, 1.0]]"
6.9279303550720215,-57.72197648710195,6.307548644252076,-2.394197735708794,-71.34252116388794,7.183328733122628,42.00298937651836,15.622290414956428,-57.71429252428568,-6.359158407394339,2.2507974871975533,-71.37304527928872,-7.031506861364761,42.024002453499904,-15.622833414995442,"[[3.3306690738754696e-16, -0.0, -1.0000000000000002, 0.55], [0.0, 1.0, -0.0, 0.13818234198610563], [1.0000000000000002, 0.0, 3.3306690738754696e-16, 0.031218164704734264], [0.0, 0.0, 0.0, 1.0]]","[[-2.2102733426843102e-07, 1.8629911666079625e-06, -0.9999999999982404, 0.5499998682781507], [-6.742367686806996e-08, 0.9999999999982625, 1.862991181510479e-06, 0.14160307988926663], [0.9999999999999735, 6.742408863992578e-08, -2.2102720859118463e-07, 0.033565764426992405], [0.0, 0.0, 0.0, 1.0]]","[[3.3306690738754696e-16, -0.0, -1.0000000000000002, 0.55], [0.0, 1.0, -0.0, -0.13363059533083083], [1.0000000000000002, 0.0, 3.3306690738754696e-16, 0.025982390998335644], [0.0, 0.0, 0.0, 1.0]]","[[-9.006090957996982e-07, 1.445512217082501e-06, -0.9999999999985498, 0.549999896133489], [-1.640569477102412e-07, 0.999999999998942, 1.445512364834247e-06, -0.1443656171248474], [0.9999999999995812, 1.6405824955158722e-07, -9.006088586560601e-07, 0.034700619778462505], [0.0, 0.0, 0.0, 1.0]]"
6.984673023223877,-57.574765419920666,7.4203012926025735,-2.644059075595966,-71.54999499011625,6.070532542316171,42.14620478303519,17.13643065582695,-57.53024624691052,-7.830391826785664,2.996297053735401,-71.5900950307334,-5.8291557914820356,42.173986577484214,-17.81036029859023,"[[3.3306690738754696e-16, -0.0, -1.0000000000000002, 0.55], [0.0, 1.0, -0.0, 0.13818234198610563], [1.0000000000000002, 0.0, 3.3306690738754696e-16, 0.031218164704734264], [0.0, 0.0, 0.0, 1.0]]","[[-1.826789909897819e-07, 1.852509037299709e-06, -0.9999999999982675, 0.5499998753960955], [-7.461434859158756e-08, 0.9999999999982814, 1.8525090509302087e-06, 0.1483016276831509], [0.9999999999999806, 7.461468700594248e-08, -1.8267885287803765e-07, 0.03536821524304995], [0.0, 0.0, 0.0, 1.0]]","[[3.3306690738754696e-16, -0.0, -1.0000000000000002, 0.55], [0.0, 1.0, -0.0, -0.14436545053354582], [1.0000000000000002, 0.0, 3.3306690738754696e-16, 0.034700394153884914], [0.0, 0.0, 0.0, 1.0]]","[[-9.407805563466098e-07, 1.3838020936679533e-06, -0.9999999999986, 0.5499998909778632], [-1.5243960210666643e-07, 0.999999999999031, 1.3838022370807635e-06, -0.15143869795482093], [0.9999999999995459, 1.524409039606916e-07, -9.407803454042352e-07, 0.03523887845130757], [0.0, 0.0, 0.0, 1.0]]"
7.038800954818726,-57.29711823015965,11.931573791277941,-7.406714338796126,-71.85868538965497,3.998204483036466,42.293064095474215,24.920682847221883,-57.26645751097546,-12.701694695669804,8.269227212090751,-71.90725486484293,-3.6833208094678307,42.27353316954256,-26.265608566499925,"[[3.3306690738754696e-16, -0.0, -1.0000000000000002, 0.55], [0.0, 1.0, -0.0, 0.1503757984235402], [1.0000000000000002, 0.0, 3.3306690738754696e-16, 0.03534119214863371], [0.0, 0.0, 0.0, 1.0]]","[[-3.0333341821675575e-07, 1.960378748214241e-06, -0.9999999999980326, 0.5499998499649267], [-7.404331299020919e-08, 0.999999999998076, 1.960378770674137e-06, 0.15472749489503163], [0.9999999999999515, 7.40439076384571e-08, -3.033332729995841e-07, 0.03458153526983164], [0.0, 0.0, 0.0, 1.0]]","[[3.3306690738754696e-16, -0.0, -1.0000000000000002, 0.55], [0.0, 1.0, -0.0, -0.14436545053354582], [1.0000000000000002, 0.0, 3.3306690738754696e-16, 0.034700394153884914], [0.0, 0.0, 0.0, 1.0]]","[[-9.606926421046325e-07, 1.3052787968839642e-06, -0.9999999999986866, 0.549999908597652], [-1.400055566783949e-07, 0.9999999999991382, 1.305278931386862e-06, -0.1581647152361712], [0.9999999999995286, 1.4000681065007636e-07, -9.606924593619226e-07, 0.033415927372267916], [0.0, 0.0, 0.0, 1.0]]"
7.0851523876190186,-56.650377862934896,14.034224475377918,-8.98813706563315,-72.1590156376496,2.8057917652829323,41.81467764600652,28.233847104149575,-56.81444242189318,-13.931918486894883,9.080731378890075,-72.10795314341459,-2.9352530918020583,41.93393957910411,-28.150348041546167,"[[3.3306690738754696e-16, -0.0, -1.0000000000000002, 0.55], [0.0, 1.0, -0.0, 0.1503757984235402], [1.0000000000000002, 0.0, 3.3306690738754696e-16, 0.03534119214863371], [0.0, 0.0, 0.0, 1.0]]","[[-9.58725362987245e-08, 1.914658408653447e-06, -0.9999999999981628, 0.5499998646974131], [-1.0422299553440439e-07, 0.9999999999981619, 1.9146584186455685e-06, 0.1629668908065943], [0.9999999999999902, 1.0422317909737174e-07, -9.587233668062467e-08, 0.031118737826367926], [0.0, 0.0, 0.0, 1.0]]","[[3.3306690738754696e-16, -0.0, -1.0000000000000002, 0.55], [0.0, 1.0, -0.0, -0.1570029285739299], [1.0000000000000002, 0.0, 3.3306690738754696e-16, 0.033859222300705635], [0.0, 0.0, 0.0, 1.0]]","[[-9.405762940728479e-07, 1.3093550825090478e-06, -0.9999999999987006, 0.5499999049509844], [-1.094541134310221e-07, 0.999999999999137, 1.3093551854595637e-06, -0.16545931464239688], [0.9999999999995519, 1.0945534497932793e-07, -9.405761508540778e-07, 0.02967532181099849], [0.0, 0.0, 0.0, 1.0]]"
7.120181560516357,-55.92786337705802,14.438521301597545,-8.604487901274473,-72.36216595413329,2.3077324500148984,41.27408524867294,28.554695240410922,-56.117879239767774,-14.338173869859009,8.702366219628049,-72.31187527127449,-2.4294359622973594,41.418543749618706,-28.476383706482142,"[[3.3306690738754696e-16, -0.0, -1.0000000000000002, 0.55], [0.0, 1.0, -0.0, 0.161743560471595], [1.0000000000000002, 0.0, 3.3306690738754696e-16, 0.03176878978645584], [0.0, 0.0, 0.0, 1.0]]","[[-8.86952752909842e-08, 1.9076200086981986e-06, -0.9999999999981768, 0.5499998637647232], [-6.288781353370488e-08, 0.9999999999981786, 1.907620014276054e-06, 0.16800905121765136], [0.9999999999999942, 6.288798273047263e-08, -8.869515516485293e-08, 0.028051446987443933], [0.0, 0.0, 0.0, 1.0]]","[[3.3306690738754696e-16, -0.0, -1.0000000000000002, 0.55], [0.0, 1.0, -0.0, -0.1570029285739299], [1.0000000000000002, 0.0, 3.3306690738754696e-16, 0.033859222300705635], [0.0, 0.0, 0.0, 1.0]]","[[-9.912427949010372e-07, 1.2949437485756e-06, -0.9999999999986703, 0.5499999067269754], [-1.0244686110027262e-07, 0.9999999999991562, 1.2949438501259423e-06, -0.1693058367890816], [0.9999999999995034, 1.0244814470389752e-07, -9.912426621183634e-07, 0.027176386743386693], [0.0, 0.0, 0.0, 1.0]]"
7.155701160430908,-54.89753275585618,14.93362122396426,-8.09616558644826,-72.60117476375954,1.7230271692050811,40.464547322580934,28.92939941827782,-54.89753275585618,-14.93362122396426,8.09616558644826,-72.60117476375954,-1.7230271692050811,40.464547322580934,-28.92939941827782,"[[3.3306690738754696e-16, -0.0, -1.0000000000000002, 0.55], [0.0, 1.0, -0.0, 0.161743560471595], [1.0000000000000002, 0.0, 3.3306690738754696e-16, 0.03176878978645584], [0.0, 0.0, 0.0, 1.0]]","[[-1.6769668170768526e-07, 1.9568826363417045e-06, -0.9999999999980714, 0.5499998511197894], [-8.323664290649809e-08, 0.999999999998082, 1.956882650300234e-06, 0.1732768570457235], [0.9999999999999826, 8.323697106906481e-08, -1.6769651894898985e-07, 0.024320021673701113], [0.0, 0.0, 0.0, 1.0]]","[[3.3306690738754696e-16, -0.0, -1.0000000000000002, 0.55], [0.0, 1.0, -0.0, -0.1667271079985031], [1.0000000000000002, 0.0, 3.3306690738754696e-16, 0.028884915009964415], [0.0, 0.0, 0.0, 1.0]]","[[-1.0004678465680428e-06, 1.2789518368932548e-06, -0.9999999999986817, 0.5499999055062738], [-1.0948324250950372e-07, 0.9999999999991762, 1.2789519464283513e-06, -0.17599133658760727], [0.9999999999994935, 1.0948452205965922e-07, -1.0004677066799417e-06, 0.022243714476548163], [0.0, 0.0, 0.0, 1.0]]"
7.200960159301758,-53.99684254019577,15.323199846296154,-7.667989565116624,-72.76770160591363,1.276946660737902,39.72179840128789,29.21255174050987,-53.99684254019577,-15.323199846296154,7.667989565116624,-72.76770160591363,-1.276946660737902,39.72179840128789,-29.21255174050987,"[[3.3306690738754696e-16, -0.0, -1.0000000000000002, 0.55], [0.0, 1.0, -0.0, 0.17462771738456082], [1.0000000000000002, 0.0, 3.3306690738754696e-16, 0.02329750854097537], [0.0, 0.0, 0.0, 1.0]]","[[-1.7804722146630425e-07, 1.951035785271039e-06, -0.9999999999980812, 0.5499998574289764], [-5.2017243899883955e-08, 0.9999999999980957, 1.951035794532593e-06, 0.18015685405016146], [0.999999999999983, 5.201759127628643e-08, -1.780471199919198e-07, 0.018913685861007893], [0.0, 0.0, 0.0, 1.0]]","[[3.3306690738754696e-16, -0.0, -1.0000000000000002, 0.55], [0.0, 1.0, -0.0, -0.1667271079985031], [1.0000000000000002, 0.0, 3.3306690738754696e-16, 0.028884915009964415], [0.0, 0.0, 0.0, 1.0]]","[[-9.438782443416116e-07, 1.3076051633397354e-06, -0.9999999999986998, 0.5499999059996554], [-5.33188469127095e-08, 0.9999999999991439, 1.3076052136668154e-06, -0.18299508481081456], [0.9999999999995534, 5.332008113275355e-08, -9.438781746196057e-07, 0.016576810823016486], [0.0, 0.0, 0.0, 1.0]]"
7.240267276763916,-52.812518473966826,15.805875654562614,-7.108280748956643,-72.92968637226964,0.7326069975100669,38.69476334636059,29.553118632905047,-52.812518473966826,-15.805875654562614,7.108280748956643,-72.92968637226964,-0.7326069975100669,38.69476334636059,-29.553118632905047,"[[3.3306690738754696e-16, -0.0, -1.0000000000000002, 0.55], [0.0, 1.0, -0.0, 0.17462771738456082], [1.0000000000000002, 0.0, 3.3306690738754696e-16, 0.02329750854097537], [0.0, 0.0, 0.0, 1.0]]","[[-1.2505017021879894e-07, 1.9280731690093667e-06, -0.9999999999981336, 0.549999865518423], [-6.619457247742472e-08, 0.9999999999981393, 1.92807317728702e-06, 0.18733717601755273], [0.9999999999999901, 6.619481358317999e-08, -1.250500425431511e-07, 0.012943543638328834], [0.0, 0.0, 0.0, 1.0]]","[[3.3306690738754696e-16, -0.0, -1.0000000000000002, 0.55], [0.0, 1.0, -0.0, -0.18015717447790908], [1.0000000000000002, 0.0, 3.3306690738754696e-16, 0.01891354411667355], [0.0, 0.0, 0.0, 1.0]]","[[-1.018736078717275e-06, 1.279871556378589e-06, -0.9999999999986621, 0.549999907694197], [-1.6615842503889687e-08, 0.9999999999991808, 1.2798715733064111e-06, -0.19177715915834032], [0.999999999999481, 1.6617146355215253e-08, -1.018736057400993e-06, 0.009216483981950437], [0.0, 0.0, 0.0, 1.0]]"
7.288203716278076,-51.3655258228267,16.38729550765995,-6.404710646516446,-73.03835468196455,0.07477549030059139,37.356616589833784,29.955061605181957,-51.60565819857142,-16.289717717629856,6.524192853214772,-73.02737173777918,-0.1860169870539106,37.58546549306965,-29.887917430546146,"[[3.3306690738754696e-16, -0.0, -1.0000000000000002, 0.55], [0.0, 1.0, -0.0, 0.18880689756070607], [1.0000000000000002, 0.0, 3.3306690738754696e-16, 0.011708131947110623], [0.0, 0.0, 0.0, 1.0]]","[[-7.78442293403181e-08, 1.909963282588984e-06, -0.999999999998173, 0.5499998853885897], [-4.0110924014424306e-08, 0.9999999999981752, 1.909963285711392e-06, 0.19478694593946602], [0.9999999999999962, 4.0111072693971e-08, -7.78441527349294e-08, 0.006712953810459636], [0.0, 0.0, 0.0, 1.0]]","[[3.3306690738754696e-16, -0.0, -1.0000000000000002, 0.55], [0.0, 1.0, -0.0, -0.18015717447790908], [1.0000000000000002, 0.0, 3.3306690738754696e-16, 0.01891354411667355], [0.0, 0.0, 0.0, 1.0]]","[[-1.0544124279254774e-06, 1.260900845761304e-06, -0.9999999999986491, 0.5499998986606801], [-5.103331082030243e-09, 0.999999999999205, 1.2609008511430205e-06, -0.19937328421740733], [0.999999999999444, 5.1046605915511104e-09, -1.0544124214861839e-06, 0.002980786239799315], [0.0, 0.0, 0.0, 1.0]]"
7.329290390014648,-50.18982145533031,16.883037467808645,-5.795179442342631,-73.04857264496289,-0.4992555588681381,36.19300848735749,30.29598025231939,-50.42055549077709,-16.782599536063607,5.918633404043319,-73.05252049430315,0.38158674071402454,36.4273352023077,-30.22685190772969,"[[3.3306690738754696e-16, -0.0, -1.0000000000000002, 0.55], [0.0, 1.0, -0.0, 0.18880689756070607], [1.0000000000000002, 0.0, 3.3306690738754696e-16, 0.011708131947110623], [0.0, 0.0, 0.0, 1.0]]","[[-1.0257865351581685e-07, 1.902548723482823e-06, -0.999999999998185, 0.549999887430811], [4.610489334057261e-10, 0.9999999999981903, 1.9025487234355393e-06, 0.20403716607003106], [0.9999999999999949, -4.6085377251841606e-10, -1.0257865440399527e-07, -0.0006638262547113614], [0.0, 0.0, 0.0, 1.0]]","[[3.3306690738754696e-16, -0.0, -1.0000000000000002, 0.55], [0.0, 1.0, -0.0, -0.19630674642276522], [1.0000000000000002, 0.0, 3.3306690738754696e-16, 0.005463166819568918], [0.0, 0.0, 0.0, 1.0]]","[[-1.0068708182764396e-06, 1.2901868730818624e-06, -0.9999999999986608, 0.549999912463737], [3.509703106560971e-08, 0.9999999999991671, 1.290186837744339e-06, -0.20560853831272186], [0.9999999999994926, -3.50957320140857e-08, -1.006870863573539e-06, -0.0018474935744363418], [0.0, 0.0, 0.0, 1.0]]"
7.370016098022461,-49.084232394758686,17.398634787874567,-5.167252831186678,-72.9847923384933,-1.1160364752373932,35.02412406374736,30.652242919427252,-49.298007070496325,-17.29347548786576,5.294199153987359,-73.00329532095488,0.9884463003857336,35.256551986108306,-30.579347725510292,"[[3.3306690738754696e-16, -0.0, -1.0000000000000002, 0.55], [0.0, 1.0, -0.0, 0.20403747870886826], [1.0000000000000002, 0.0, 3.3306690738754696e-16, -0.0006639563510077579], [0.0, 0.0, 0.0, 1.0]]","[[-1.0348306900276327e-07, 1.910666013635394e-06, -0.9999999999981696, 0.5499998883530397], [3.566996160565716e-08, 0.9999999999981743, 1.9106660099441656e-06, 0.21196553381699734], [0.9999999999999943, -3.566976388400915e-08, -1.0348313717045698e-07, -0.006363690666227234], [0.0, 0.0, 0.0, 1.0]]","[[3.3306690738754696e-16, -0.0, -1.0000000000000002, 0.55], [0.0, 1.0, -0.0, -0.19630674642276522], [1.0000000000000002, 0.0, 3.3306690738754696e-16, 0.005463166819568918], [0.0, 0.0, 0.0, 1.0]]","[[-9.72358351503111e-07, 1.2917041320894605e-06, -0.9999999999986929, 0.5499999092222541], [2.5619402440937495e-08, 0.9999999999991654, 1.2917041071788307e-06, -0.21518503845361667], [0.9999999999995269, -2.5618146441627823e-08, -9.72358384587757e-07, -0.008458362870447263], [0.0, 0.0, 0.0, 1.0]]"
7.414613962173462,-48.27346161952149,17.831708054841105,-4.653182058400254,-72.88368504820961,-1.6512731504880411,34.109763224463165,30.953874318458773,-48.27346161952149,-17.831708054841105,4.653182058400254,-72.88368504820961,1.6512731504880411,34.109763224463165,-30.953874318458773,"[[3.3306690738754696e-16, -0.0, -1.0000000000000002, 0.55], [0.0, 1.0, -0.0, 0.20403747870886826], [1.0000000000000002, 0.0, 3.3306690738754696e-16, -0.0006639563510077579], [0.0, 0.0, 0.0, 1.0]]","[[-1.0015676782382243e-07, 1.922663916580669e-06, -0.999999999998147, 0.5499998881225828], [5.0451199018851976e-08, 0.9999999999981508, 1.9226639115276468e-06, 0.21842764064019826], [0.999999999999994, -5.045100645095529e-08, -1.0015686485731479e-07, -0.010421403333381351], [0.0, 0.0, 0.0, 1.0]]","[[3.3306690738754696e-16, -0.0, -1.0000000000000002, 0.55], [0.0, 1.0, -0.0, -0.2119658519197874], [1.0000000000000002, 0.0, 3.3306690738754696e-16, -0.006363820628076722], [0.0, 0.0, 0.0, 1.0]]","[[-1.0842061268778735e-06, 1.2370789473197392e-06, -0.999999999998647, 0.5499999014743919], [6.845912226164605e-08, 0.9999999999992324, 1.2370788730966635e-06, -0.22333264908324466], [0.9999999999994099, -6.845778101305989e-08, -1.084206211476868e-06, -0.013083981505903125], [0.0, 0.0, 0.0, 1.0]]"
7.45673131942749,-47.37587913993343,18.406311379146768,-3.997774608005578,-72.70184492193637,-2.384403030995584,33.02141356135665,31.35762387577115,-47.37587913993343,-18.406311379146768,3.997774608005578,-72.70184492193637,2.384403030995584,33.02141356135665,-31.35762387577115,"[[3.3306690738754696e-16, -0.0, -1.0000000000000002, 0.55], [0.0, 1.0, -0.0, 0.22005777369135984], [1.0000000000000002, 0.0, 3.3306690738754696e-16, -0.01134854770968128], [0.0, 0.0, 0.0, 1.0]]","[[-1.5656054003221342e-07, 1.942985290975587e-06, -0.9999999999981001, 0.5499998873642308], [3.201747170382469e-08, 0.9999999999981117, 1.9429852859629373e-06, 0.22662537039847114], [0.9999999999999872, -3.201716750893825e-08, -1.565606022047028e-07, -0.014650434678822965], [0.0, 0.0, 0.0, 1.0]]","[[3.3306690738754696e-16, -0.0, -1.0000000000000002, 0.55], [0.0, 1.0, -0.0, -0.2119658519197874], [1.0000000000000002, 0.0, 3.3306690738754696e-16, -0.006363820628076722], [0.0, 0.0, 0.0, 1.0]]","[[-1.123057509155867e-06, 1.2365343050601764e-06, -0.9999999999986051, 0.5499998987017228], [1.1137044573323391e-07, 0.9999999999992295, 1.236534179985533e-06, -0.22993502242776764], [0.9999999999993634, -1.1136905703408216e-07, -1.1230576470455667e-06, -0.016034527213415188], [0.0, 0.0, 0.0, 1.0]]"
7.488121271133423,-46.764242529947964,18.897531754064914,-3.4647265814970964,-72.51833139931647,-3.0292066127038146,32.212910408923904,31.705577617753693,-46.62725967104877,-19.025164083990358,3.3304474102921726,-72.46784264097172,3.199088571844253,32.021077715894926,-31.796337171444826,"[[3.3306690738754696e-16, -0.0, -1.0000000000000002, 0.55], [0.0, 1.0, -0.0, 0.22005777369135984], [1.0000000000000002, 0.0, 3.3306690738754696e-16, -0.01134854770968128], [0.0, 0.0, 0.0, 1.0]]","[[-5.435794842023611e-08, 1.9051212451733765e-06, -0.999999999998184, 0.5499999035330596], [5.9016672175802436e-08, 0.9999999999981837, 1.905121241965351e-06, 0.23325764898394102], [0.999999999999997, -5.901656861721295e-08, -5.435806099685081e-08, -0.01722558617034457], [0.0, 0.0, 0.0, 1.0]]","[[3.3306690738754696e-16, -0.0, -1.0000000000000002, 0.55], [0.0, 1.0, -0.0, -0.2249769798737448], [1.0000000000000002, 0.0, 3.3306690738754696e-16, -0.013889419487385889], [0.0, 0.0, 0.0, 1.0]]","[[-1.013764783563964e-06, 1.2607390214676732e-06, -0.9999999999986916, 0.5499999054694711], [1.1211693993963799e-07, 0.9999999999991992, 1.2607389078081076e-06, -0.23826350460550183], [0.9999999999994801, -1.121156618467851e-07, -1.0137649250063774e-06, -0.018628509971595326], [0.0, 0.0, 0.0, 1.0]]"
7.526477575302124,-46.14601820250801,19.55624032026282,-2.790128647412212,-72.24956345547646,-3.914769880343352,31.299464814988493,32.17528972697547,-46.14601820250801,-19.55624032026282,2.790128647412212,-72.24956345547646,3.914769880343352,31.299464814988493,-32.17528972697547,"[[3.3306690738754696e-16, -0.0, -1.0000000000000002, 0.55], [0.0, 1.0, -0.0, 0.2332579678153278], [1.0000000000000002, 0.0, 3.3306690738754696e-16, -0.01722569130489613], [0.0, 0.0, 0.0, 1.0]]","[[-4.3896376866747744e-08, 1.8899708926905453e-06, -0.9999999999982132, 0.5499999045163929], [1.897140170174622e-08, 0.999999999998214, 1.8899708918577709e-06, 0.23993599823147882], [0.9999999999999991, -1.8971318738837704e-08, -4.389641283797374e-08, -0.018990221218170036], [0.0, 0.0, 0.0, 1.0]]","[[3.3306690738754696e-16, -0.0, -1.0000000000000002, 0.55], [0.0, 1.0, -0.0, -0.2249769798737448], [1.0000000000000002, 0.0, 3.3306690738754696e-16, -0.013889419487385889], [0.0, 0.0, 0.0, 1.0]]","[[-1.1060203760071552e-06, 1.222088259070111e-06, -0.9999999999986415, 0.5499998990629587], [1.2260953914789977e-07, 0.9999999999992457, 1.2220881234622008e-06, -0.24664244004383237], [0.9999999999993807, -1.2260818749336741e-07, -1.1060205258872635e-06, -0.019886929306189724], [0.0, 0.0, 0.0, 1.0]]"
7.576894044876099,-45.6993648119242,20.268326814824377,-2.1102567400710206,-71.94384418822669,-4.8924384623839225,30.507757097724802,32.68595906555523,-45.6993648119242,-20.268326814824377,2.1102567400710206,-71.94384418822669,4.8924384623839225,30.507757097724802,-32.68595906555523,"[[3.3306690738754696e-16, -0.0, -1.0000000000000002, 0.55], [0.0, 1.0, -0.0, 0.2332579678153278], [1.0000000000000002, 0.0, 3.3306690738754696e-16, -0.01722569130489613], [0.0, 0.0, 0.0, 1.0]]","[[-8.829793013420684e-08, 1.9259936492786662e-06, -0.9999999999981413, 0.5499999081248401], [7.732535616667857e-08, 0.9999999999981422, 1.9259936424509988e-06, 0.24999966913570199], [0.9999999999999929, -7.732518610528278e-08, -8.829807912613674e-08, -0.019999879706415556], [0.0, 0.0, 0.0, 1.0]]","[[3.3306690738754696e-16, -0.0, -1.0000000000000002, 0.55], [0.0, 1.0, -0.0, -0.24328702503264177], [1.0000000000000002, 0.0, 3.3306690738754696e-16, -0.019549729349825677], [0.0, 0.0, 0.0, 1.0]]","[[-1.0514340787470822e-06, 1.2633796494607578e-06, -0.9999999999986494, 0.5499999083412572], [1.4721527893188107e-07, 0.9999999999991913, 1.2633794946742814e-06, -0.2533577397112006], [0.9999999999994366, -1.472139505714272e-07, -1.0514342645984165e-06, -0.019886942484102638], [0.0, 0.0, 0.0, 1.0]]"
7.616929054260254,-45.468398550045634,20.877410641607558,-1.5663015417882629,-71.67515820665673,-5.740730881826582,29.965989907853977,33.124306946108305,-45.468398550045634,-20.877410641607558,1.5663015417882629,-71.67515820665673,5.740730881826582,29.965989907853977,-33.124306946108305,"[[3.3306690738754696e-16, -0.0, -1.0000000000000002, 0.55], [0.0, 1.0, -0.0, 0.25], [1.0000000000000002, 0.0, 3.3306690738754696e-16, -0.019999999999999997], [0.0, 0.0, 0.0, 1.0]]","[[-4.747323406606441e-08, 1.8919978887345824e-06, -0.9999999999982091, 0.5499999156500223], [4.554043797671302e-08, 0.9999999999982092, 1.8919978865726307e-06, 0.2567126529197091], [0.9999999999999979, -4.554034815737286e-08, -4.747332021937112e-08, -0.019549615841536847], [0.0, 0.0, 0.0, 1.0]]","[[3.3306690738754696e-16, -0.0, -1.0000000000000002, 0.55], [0.0, 1.0, -0.0, -0.24328702503264177], [1.0000000000000002, 0.0, 3.3306690738754696e-16, -0.019549729349825677], [0.0, 0.0, 0.0, 1.0]]","[[-1.0710192590579481e-06, 1.2659706694219554e-06, -0.9999999999986253, 0.5499999116032196], [1.9465245878716533e-07, 0.99999999999918, 1.2659704609461255e-06, -0.2617366878039764], [0.9999999999994078, -1.946511029081526e-07, -1.0710195055274596e-06, -0.018628485180903234], [0.0, 0.0, 0.0, 1.0]]"
7.648554086685181,-45.33664761605067,21.68677610542302,-0.8922757961289259,-71.30860927465882,-6.879541128747501,29.400200942672218,33.70781342199708,-45.34924931506934,-21.52078884821337,1.026206040716797,-71.38480003485031,6.6451700175676836,29.50387638408384,-33.58812118698178,"[[3.3306690738754696e-16, -0.0, -1.0000000000000002, 0.55], [0.0, 1.0, -0.0, 0.25], [1.0000000000000002, 0.0, 3.3306690738754696e-16, -0.019999999999999997], [0.0, 0.0, 0.0, 1.0]]","[[-4.769307176966109e-08, 1.887753206978107e-06, -0.9999999999982172, 0.5499999192406686], [2.202410115853051e-08, 0.9999999999982181, 1.887753205927712e-06, 0.2617362688792786], [0.9999999999999987, -2.2024011125742067e-08, -4.769311329200221e-08, -0.01862864054858133], [0.0, 0.0, 0.0, 1.0]]","[[3.3306690738754696e-16, -0.0, -1.0000000000000002, 0.55], [0.0, 1.0, -0.0, -0.25671297496735823], [1.0000000000000002, 0.0, 3.3306690738754696e-16, -0.019549729349825677], [0.0, 0.0, 0.0, 1.0]]","[[-1.09336007059202e-06, 1.2500485624247985e-06, -0.9999999999986211, 0.5499999089917791], [2.038786866928767e-07, 0.9999999999991981, 1.2500483395127044e-06, -0.26840522387670723], [0.9999999999993816, -2.038773199396547e-07, -1.0933603254992263e-06, -0.016654790934162403], [0.0, 0.0, 0.0, 1.0]]"
7.6894450187683105,-45.35299225873451,22.369917965829355,-0.3631051292740427,-70.98801385539676,-7.847170186481799,29.029154331105858,34.20006857057449,-45.39994297908918,-22.72216106661067,0.10352781861210136,-70.8173820695515,8.347381651668622,28.867616942140472,-34.45337979632275,"[[3.3306690738754696e-16, -0.0, -1.0000000000000002, 0.55], [0.0, 1.0, -0.0, 0.26340747324851654], [1.0000000000000002, 0.0, 3.3306690738754696e-16, -0.01821353954595086], [0.0, 0.0, 0.0, 1.0]]","[[-4.235956058140644e-08, 1.8998733240203563e-06, -0.9999999999981944, 0.5499999175555185], [3.95014197137437e-08, 0.9999999999981946, 1.899873322347094e-06, 0.27172121821622663], [0.9999999999999983, -3.950133923587336e-08, -4.2359635632482906e-08, -0.015366091144856686], [0.0, 0.0, 0.0, 1.0]]","[[3.3306690738754696e-16, -0.0, -1.0000000000000002, 0.55], [0.0, 1.0, -0.0, -0.25671297496735823], [1.0000000000000002, 0.0, 3.3306690738754696e-16, -0.019549729349825677], [0.0, 0.0, 0.0, 1.0]]","[[-1.1182333985448878e-06, 1.249042631115471e-06, -0.9999999999985949, 0.549999900261509], [1.8971220384706955e-07, 0.9999999999992022, 1.2490424189737069e-06, -0.2750231009644764], [0.999999999999357, -1.8971080712585383e-07, -1.1182336356885259e-06, -0.013889125548486416], [0.0, 0.0, 0.0, 1.0]]"
7.732807874679565,-45.51627476103284,23.262224124283577,0.27779542621034875,-70.5470431822024,-9.114997584182383,28.65116483224818,34.84053882414117,-45.51627476103284,-23.262224124283577,-0.27779542621034875,-70.5470431822024,9.114997584182383,28.65116483224818,-34.84053882414117,"[[3.3306690738754696e-16, -0.0, -1.0000000000000002, 0.55], [0.0, 1.0, -0.0, 0.26340747324851654], [1.0000000000000002, 0.0, 3.3306690738754696e-16, -0.01821353954595086], [0.0, 0.0, 0.0, 1.0]]","[[-4.012886634097157e-08, 1.9107239736200643e-06, -0.9999999999981738, 0.5499999118175736], [1.9076747043393486e-08, 0.9999999999981745, 1.910723972854537e-06, 0.2799418904487809], [0.999999999999999, -1.907667036817179e-08, -4.012890275628678e-08, -0.011348440264980027], [0.0, 0.0, 0.0, 1.0]]","[[3.3306690738754696e-16, -0.0, -1.0000000000000002, 0.55], [0.0, 1.0, -0.0, -0.27337429676915154], [1.0000000000000002, 0.0, 3.3306690738754696e-16, -0.01465058361792259], [0.0, 0.0, 0.0, 1.0]]","[[-1.0530797192043195e-06, 1.2635874740674026e-06, -0.9999999999986475, 0.5499999086892338], [1.8399287330439944e-07, 0.9999999999991851, 1.2635872803089185e-06, -0.28319649532196206], [0.9999999999994289, -1.839915426460122e-07, -1.0530799516850209e-06, -0.009457293842851792], [0.0, 0.0, 0.0, 1.0]]"
7.775563955307007,-45.82283072645593,24.18754741718564,0.8866239746732991,-70.05375325996575,-10.42912768804013,28.34537043291754,35.49836458838885,-45.89948593951099,-24.375478364651247,-1.003702061505486,-69.94815853539734,10.695454693025496,28.290445466706885,-35.63078829601706,"[[3.3306690738754696e-16, -0.0, -1.0000000000000002, 0.55], [0.0, 1.0, -0.0, 0.2815720332859401], [1.0000000000000002, 0.0, 3.3306690738754696e-16, -0.010421532848747722], [0.0, 0.0, 0.0, 1.0]]","[[-5.169946648564405e-08, 1.938351835023018e-06, -0.9999999999981204, 0.5499999172295682], [1.2368652564266328e-08, 0.9999999999981217, 1.9383518343835678e-06, 0.28803379890261355], [0.9999999999999989, -1.2368552352487188e-08, -5.1699490466461384e-08, -0.00636371437457068], [0.0, 0.0, 0.0, 1.0]]","[[3.3306690738754696e-16, -0.0, -1.0000000000000002, 0.55], [0.0, 1.0, -0.0, -0.27337429676915154], [1.0000000000000002, 0.0, 3.3306690738754696e-16, -0.01465058361792259], [0.0, 0.0, 0.0, 1.0]]","[[-1.0729210137561118e-06, 1.264433330886521e-06, -0.999999999998625, 0.549999904176009], [1.9920304572898712e-07, 0.9999999999991807, 1.26443311715809e-06, -0.2912271367447647], [0.9999999999994046, -1.9920168909185143e-07, -1.0729212655546938e-06, -0.0041539537837450655], [0.0, 0.0, 0.0, 1.0]]"
7.817009210586548,-46.25045862510668,25.13293097568003,1.4541257165111467,-69.50127291838174,-11.765398703866117,28.08383395186129,36.15904195661501,-46.34814057552162,-25.323105640287988,-1.5619683203684187,-69.38330872122646,12.032918430635299,28.034304835094943,-36.29004839999045,"[[3.3306690738754696e-16, -0.0, -1.0000000000000002, 0.55], [0.0, 1.0, -0.0, 0.2815720332859401], [1.0000000000000002, 0.0, 3.3306690738754696e-16, -0.010421532848747722], [0.0, 0.0, 0.0, 1.0]]","[[5.6869859321739824e-08, 1.8845530004999981e-06, -0.9999999999982226, 0.5499999350802859], [2.5420069577963043e-08, 0.9999999999982239, 1.8845530019456363e-06, 0.2959621923718325], [0.9999999999999981, -2.542017675218191e-08, 5.686981136010516e-08, -0.0006638918655312448], [0.0, 0.0, 0.0, 1.0]]","[[3.3306690738754696e-16, -0.0, -1.0000000000000002, 0.55], [0.0, 1.0, -0.0, -0.2880341480802126], [1.0000000000000002, 0.0, 3.3306690738754696e-16, -0.00636382062807677], [0.0, 0.0, 0.0, 1.0]]","[[-1.0172179523149083e-06, 1.2815653603106447e-06, -0.9999999999986614, 0.5499999059926233], [2.2305525377730247e-07, 0.9999999999991538, 1.2815651334154673e-06, -0.3006269194307329], [0.9999999999994577, -2.23053950145943e-07, -1.0172182380863148e-06, 0.002980790169359411], [0.0, 0.0, 0.0, 1.0]]"
7.862882137298584,-46.883415670586345,26.272259463204225,2.070342181778524,-68.75607878936584,-13.358997950445982,27.788289958927546,36.93142706871674,-46.883415670586345,-26.272259463204225,-2.070342181778524,-68.75607878936584,13.358997950445982,27.788289958927546,-36.93142706871674,"[[3.3306690738754696e-16, -0.0, -1.0000000000000002, 0.55], [0.0, 1.0, -0.0, 0.29752555593771], [1.0000000000000002, 0.0, 3.3306690738754696e-16, 0.000536973922827963], [0.0, 0.0, 0.0, 1.0]]","[[-3.660748953970838e-08, 1.907493187865488e-06, -0.9999999999981803, 0.5499999274815871], [-4.3842500283158896e-08, 0.9999999999981801, 1.907493189470451e-06, 0.30521239904151953], [0.9999999999999987, 4.384257011161592e-08, -3.6607405828892325e-08, 0.006712949925822791], [0.0, 0.0, 0.0, 1.0]]","[[3.3306690738754696e-16, -0.0, -1.0000000000000002, 0.55], [0.0, 1.0, -0.0, -0.2880341480802126], [1.0000000000000002, 0.0, 3.3306690738754696e-16, -0.00636382062807677], [0.0, 0.0, 0.0, 1.0]]","[[-1.082015111730783e-06, 1.2594091163262756e-06, -0.9999999999986215, 0.549999904052124], [2.645494543463809e-07, 0.999999999999172, 1.2594088300804616e-06, -0.30971325126086147], [0.9999999999993796, -2.6454809164663017e-07, -1.082015445019735e-06, 0.010465175186895225], [0.0, 0.0, 0.0, 1.0]]"
7.91461443901062,-47.83179768212637,27.75108079587661,2.7722820034412035,-67.63432950121798,-15.382572973203782,27.352226776651836,37.87431419306949,-47.711429258383234,-27.57089869802438,-2.692004655691928,-67.78135615329167,15.139549719892852,27.41204557340281,-37.76408177005465,"[[3.3306690738754696e-16, -0.0, -1.0000000000000002, 0.55], [0.0, 1.0, -0.0, 0.29752555593771], [1.0000000000000002, 0.0, 3.3306690738754696e-16, 0.000536973922827963], [0.0, 0.0, 0.0, 1.0]]","[[4.735953296197692e-10, 1.8977799681391186e-06, -0.9999999999981992, 0.5499999337428682], [-6.26495294005922e-08, 0.9999999999981972, 1.8977799681094445e-06, 0.31412079490078076], [0.999999999999998, 6.264952850169966e-08, 4.737142345057066e-10, 0.014168339764208995], [0.0, 0.0, 0.0, 1.0]]","[[3.3306690738754696e-16, -0.0, -1.0000000000000002, 0.55], [0.0, 1.0, -0.0, -0.30672272886680685], [1.0000000000000002, 0.0, 3.3306690738754696e-16, 0.007964716843179759], [0.0, 0.0, 0.0, 1.0]]","[[-1.1029726022515618e-06, 1.2436612410635795e-06, -0.9999999999986184, 0.5499998975157364], [2.7059771949099195e-07, 0.9999999999991901, 1.2436609426024196e-06, -0.31700511583268576], [0.9999999999993552, -2.7059634776667185e-07, -1.1029729388711829e-06, 0.016576877621864643], [0.0, 0.0, 0.0, 1.0]]"
7.9557037353515625,-48.070792831374284,28.10602352892737,2.9267204779814198,-67.33565898919166,-15.857846563957242,27.226593984605916,38.08690724608072,-48.070792831374284,-28.10602352892737,-2.9267204779814198,-67.33565898919166,15.857846563957242,27.226593984605916,-38.08690724608072,"[[3.3306690738754696e-16, -0.0, -1.0000000000000002, 0.55], [0.0, 1.0, -0.0, 0.3141211341396589], [1.0000000000000002, 0.0, 3.3306690738754696e-16, 0.014168250921220676], [0.0, 0.0, 0.0, 1.0]]","[[6.964703636036518e-08, 1.8865405200300117e-06, -0.9999999999982182, 0.5499999404419147], [-6.607576168039959e-08, 0.9999999999982184, 1.8865405154280313e-06, 0.3198424869781897], [0.9999999999999954, 6.60756302883262e-08, 6.964716092738854e-08, 0.01891360868077388], [0.0, 0.0, 0.0, 1.0]]","[[3.3306690738754696e-16, -0.0, -1.0000000000000002, 0.55], [0.0, 1.0, -0.0, -0.30672272886680685], [1.0000000000000002, 0.0, 3.3306690738754696e-16, 0.007964716843179759], [0.0, 0.0, 0.0, 1.0]]","[[-1.1288987765700753e-06, 1.2739318366914377e-06, -0.9999999999985515, 0.5499998949489828], [2.9615409433176866e-07, 0.9999999999991448, 1.2739315023641987e-06, -0.32400886525612604], [0.9999999999993191, -2.96152656191625e-07, -1.1288991540459037e-06, 0.022243782202722745], [0.0, 0.0, 0.0, 1.0]]"
7.997438669204712,-48.74958044618474,29.117653092181712,3.3450051047344087,-66.41387714937424,-17.182682989338982,26.793795632753472,38.65349875848995,-48.64239087244514,-28.955364382407627,-3.279598572912132,-66.56920248128951,16.97352039883839,26.87228987424255,-38.56707979001637,"[[3.3306690738754696e-16, -0.0, -1.0000000000000002, 0.55], [0.0, 1.0, -0.0, 0.3141211341396589], [1.0000000000000002, 0.0, 3.3306690738754696e-16, 0.014168250921220676], [0.0, 0.0, 0.0, 1.0]]","[[5.4147051675723645e-08, 1.9076246720807386e-06, -0.9999999999981791, 0.5499999489073852], [-4.880526153209687e-08, 0.9999999999981795, 1.9076246694380784e-06, 0.32805979904749416], [0.9999999999999974, 4.880515823975631e-08, 5.414714482343541e-08, 0.025308531983585618], [0.0, 0.0, 0.0, 1.0]]","[[3.3306690738754696e-16, -0.0, -1.0000000000000002, 0.55], [0.0, 1.0, -0.0, -0.321243815629402], [1.0000000000000002, 0.0, 3.3306690738754696e-16, 0.0200492494388632], [0.0, 0.0, 0.0, 1.0]]","[[-1.0619970690073366e-06, 1.299128190054127e-06, -0.9999999999985923, 0.5499998959712852], [2.960912450499328e-07, 0.9999999999991125, 1.2991278756067682e-06, -0.3306943851356639], [0.9999999999993924, -2.960898653795199e-07, -1.0619974535885923e-06, 0.027176425511108018], [0.0, 0.0, 0.0, 1.0]]"
8.045354843139648,-49.31551284533907,30.028066082125637,3.708122080117793,-65.4833116862842,-18.32588077902799,26.264034207896238,39.09801771495814,-49.231928405371036,-29.884437449164025,-3.650639634949789,-65.6372846407438,18.149371615401936,26.35954415815511,-39.03304554047839,"[[3.3306690738754696e-16, -0.0, -1.0000000000000002, 0.55], [0.0, 1.0, -0.0, 0.329384045305833], [1.0000000000000002, 0.0, 3.3306690738754696e-16, 0.02626122316782306], [0.0, 0.0, 0.0, 1.0]]","[[6.939221569579601e-08, 1.905717118280131e-06, -0.9999999999981818, 0.5499999506989279], [-9.41637748423159e-08, 0.9999999999981797, 1.9057171117458942e-06, 0.33579384188376427], [0.9999999999999932, 9.416364260021191e-08, 6.939239510783679e-08, 0.03042028225258168], [0.0, 0.0, 0.0, 1.0]]","[[3.3306690738754696e-16, -0.0, -1.0000000000000002, 0.55], [0.0, 1.0, -0.0, -0.321243815629402], [1.0000000000000002, 0.0, 3.3306690738754696e-16, 0.0200492494388632], [0.0, 0.0, 0.0, 1.0]]","[[-1.0949416898720088e-06, 1.2902829969088252e-06, -0.9999999999985681, 0.549999895173119], [2.731392656733731e-07, 0.9999999999991304, 1.2902826978379815e-06, -0.33703288876405985], [0.9999999999993633, -2.731378528886646e-07, -1.0949420422567968e-06, 0.0311189081212004], [0.0, 0.0, 0.0, 1.0]]"
8.085647583007812,-49.653433039430865,30.69195363926171,3.982536029080457,-64.73063850012713,-19.117810477439704,25.74188502886898,39.36600701723276,-49.653433039430865,-30.69195363926171,-3.982536029080457,-64.73063850012713,19.117810477439704,25.74188502886898,-39.36600701723276,"[[3.3306690738754696e-16, -0.0, -1.0000000000000002, 0.55], [0.0, 1.0, -0.0, 0.329384045305833], [1.0000000000000002, 0.0, 3.3306690738754696e-16, 0.02626122316782306], [0.0, 0.0, 0.0, 1.0]]","[[8.299192533200994e-08, 1.8704944177438246e-06, -0.9999999999982474, 0.5499999485610368], [-1.0956064073399315e-07, 0.9999999999982447, 1.8704944086511712e-06, 0.33946455953816856], [0.9999999999999907, 1.0956048549786881e-07, 8.299213016815798e-08, 0.03236931780496223], [0.0, 0.0, 0.0, 1.0]]","[[3.3306690738754696e-16, -0.0, -1.0000000000000002, 0.55], [0.0, 1.0, -0.0, -0.3345408131725094], [1.0000000000000002, 0.0, 3.3306690738754696e-16, 0.029675110222232765], [0.0, 0.0, 0.0, 1.0]]","[[-1.0596748493685304e-06, 1.3074584847943167e-06, -0.9999999999985839, 0.5499998940860468], [2.960834136589911e-07, 0.9999999999991014, 1.307458171042847e-06, -0.34414282618858294], [0.9999999999993948, -2.9608202817803144e-07, -1.0596752363922768e-06, 0.03424837782794397], [0.0, 0.0, 0.0, 1.0]]"
8.13314938545227,-49.83638990163341,31.257629906322162,4.243710510110697,-64.0224844869802,-19.751182456911447,25.145129693537672,39.537885312601546,-49.81339948488715,-31.15279333275164,-4.192022199792979,-64.15961419494656,19.637555429879114,25.27040390065217,-39.51119634841972,"[[3.3306690738754696e-16, -0.0, -1.0000000000000002, 0.55], [0.0, 1.0, -0.0, 0.3418354121270607], [1.0000000000000002, 0.0, 3.3306690738754696e-16, 0.033415703822843784], [0.0, 0.0, 0.0, 1.0]]","[[3.349821298126443e-08, 1.9165015196819143e-06, -0.9999999999981632, 0.5499999484468855], [-9.545265492934577e-08, 0.9999999999981593, 1.9165015164844133e-06, 0.34748138772507803], [0.9999999999999951, 9.545259072979432e-08, 3.349839594601889e-08, 0.03507748339853409], [0.0, 0.0, 0.0, 1.0]]","[[3.3306690738754696e-16, -0.0, -1.0000000000000002, 0.55], [0.0, 1.0, -0.0, -0.3345408131725094], [1.0000000000000002, 0.0, 3.3306690738754696e-16, 0.029675110222232765], [0.0, 0.0, 0.0, 1.0]]","[[-1.162025277223755e-06, 1.2564704374079734e-06, -0.9999999999985354, 0.5499998860239238], [3.240492050685518e-07, 0.9999999999991581, 1.2564700608553883e-06, -0.3496242772990931], [0.9999999999992724, -3.240477450181064e-07, -1.1620256844535604e-06, 0.035341498361370384], [0.0, 0.0, 0.0, 1.0]]"
8.172353029251099,-49.85602328040262,31.63374451825267,4.4498396428461575,-63.500248223041034,-20.13949066405772,24.614985778086915,39.6067746005703,-49.842349241684246,-31.716734731762912,-4.501494655991672,-63.37675157265804,20.21995712266964,24.47531182465474,-39.61467712944,"[[3.3306690738754696e-16, -0.0, -1.0000000000000002, 0.55], [0.0, 1.0, -0.0, 0.3418354121270607], [1.0000000000000002, 0.0, 3.3306690738754696e-16, 0.033415703822843784], [0.0, 0.0, 0.0, 1.0]]","[[1.350421169332705e-08, 1.938493675566772e-06, -0.9999999999981211, 0.5499999475990491], [-9.877477366164971e-08, 0.9999999999981162, 1.9384936742328873e-06, 0.35169773762111517], [0.9999999999999951, 9.877474748363516e-08, 1.3504403206798798e-08, 0.03536819494295788], [0.0, 0.0, 0.0, 1.0]]","[[3.3306690738754696e-16, -0.0, -1.0000000000000002, 0.55], [0.0, 1.0, -0.0, -0.347481739654184], [1.0000000000000002, 0.0, 3.3306690738754696e-16, 0.03507740030351997], [0.0, 0.0, 0.0, 1.0]]","[[-1.1150159609507604e-06, 1.2656808839010125e-06, -0.9999999999985775, 0.5499998966607167], [3.1700896955538184e-07, 0.9999999999991489, 1.265680530431675e-06, -0.3537020836797798], [0.9999999999993282, -3.17007558300938e-07, -1.1150163621853615e-06, 0.03515532670782809], [0.0, 0.0, 0.0, 1.0]]"
8.220978021621704,-49.660020756885345,32.063824454815446,4.762340007281282,-62.805010097614606,-20.523026276521446,23.735605752636943,39.600296166142535,-49.660020756885345,-32.063824454815446,-4.762340007281282,-62.805010097614606,20.523026276521446,23.735605752636943,-39.600296166142535,"[[3.3306690738754696e-16, -0.0, -1.0000000000000002, 0.55], [0.0, 1.0, -0.0, 0.35370200968584475], [1.0000000000000002, 0.0, 3.3306690738754696e-16, 0.035155037282295395], [0.0, 0.0, 0.0, 1.0]]","[[5.696717703118637e-08, 1.9291680104327617e-06, -0.9999999999981375, 0.5499999614076281], [-4.754376206778911e-08, 0.9999999999981379, 1.929168007724329e-06, 0.3574940279047384], [0.9999999999999971, 4.754365216844534e-08, 5.69672687356082e-08, 0.03400413290334257], [0.0, 0.0, 0.0, 1.0]]","[[3.3306690738754696e-16, -0.0, -1.0000000000000002, 0.55], [0.0, 1.0, -0.0, -0.347481739654184], [1.0000000000000002, 0.0, 3.3306690738754696e-16, 0.03507740030351997], [0.0, 0.0, 0.0, 1.0]]","[[-1.0838289860592987e-06, 1.2912938846185345e-06, -0.9999999999985791, 0.5499998922063408], [3.730488022795322e-07, 0.9999999999990967, 1.2912934802980979e-06, -0.3592803407357082], [0.9999999999993432, -3.730474027376985e-07, -1.0838294678960914e-06, 0.0330676943756187], [0.0, 0.0, 0.0, 1.0]]"
8.261551856994629,-49.289636673668475,32.29635483001395,5.0282396985567015,-62.31143330743281,-20.66361889039699,22.93021716646572,39.50075640427336,-49.19381253470778,-32.32909192670582,-5.081864367504117,-62.22193733873813,20.672793541999607,22.761682248695656,-39.47127047762641,"[[3.3306690738754696e-16, -0.0, -1.0000000000000002, 0.55], [0.0, 1.0, -0.0, 0.35370200968584475], [1.0000000000000002, 0.0, 3.3306690738754696e-16, 0.035155037282295395], [0.0, 0.0, 0.0, 1.0]]","[[9.320899735376642e-08, 1.9215533507665957e-06, -0.9999999999981495, 0.5499999651438385], [-5.82126204929598e-08, 0.9999999999981521, 1.9215533453406606e-06, 0.3618172943861507], [0.999999999999994, 5.82124413867913e-08, 9.32091092642473e-08, 0.03121821664627771], [0.0, 0.0, 0.0, 1.0]]","[[3.3306690738754696e-16, -0.0, -1.0000000000000002, 0.55], [0.0, 1.0, -0.0, -0.3574943900228065], [1.0000000000000002, 0.0, 3.3306690738754696e-16, 0.0340040713819877], [0.0, 0.0, 0.0, 1.0]]","[[-1.1238821586712078e-06, 1.2707005816498897e-06, -0.9999999999985612, 0.549999892067451], [3.752236554209325e-07, 0.9999999999991223, 1.270700159943431e-06, -0.36341338515144916], [0.9999999999992981, -3.752222273031538e-07, -1.1238826354009746e-06, 0.02969587630284815], [0.0, 0.0, 0.0, 1.0]]"
8.303696632385254,-48.74258291738006,32.41462638568189,5.296439029148299,-61.8928861452836,-20.648677851587586,22.06413381178247,39.323577882108644,-48.74258291738006,-32.41462638568189,-5.296439029148299,-61.8928861452836,20.648677851587586,22.06413381178247,-39.323577882108644,"[[3.3306690738754696e-16, -0.0, -1.0000000000000002, 0.55], [0.0, 1.0, -0.0, 0.36181765801389437], [1.0000000000000002, 0.0, 3.3306690738754696e-16, 0.031218164704734236], [0.0, 0.0, 0.0, 1.0]]","[[8.106941584706817e-08, 1.9073070669161902e-06, -0.9999999999981778, 0.5499999665374545], [-7.139912784117791e-08, 0.9999999999981786, 1.9073070611279062e-06, 0.36565975006669654], [0.9999999999999941, 7.139897321677855e-08, 8.106955196041099e-08, 0.026991990898252476], [0.0, 0.0, 0.0, 1.0]]","[[3.3306690738754696e-16, -0.0, -1.0000000000000002, 0.55], [0.0, 1.0, -0.0, -0.3574943900228065], [1.0000000000000002, 0.0, 3.3306690738754696e-16, 0.0340040713819877], [0.0, 0.0, 0.0, 1.0]]","[[-1.1038193511447858e-06, 1.2834366023355638e-06, -0.9999999999985673, 0.5499998958869581], [3.771454618943775e-07, 0.9999999999991053, 1.2834361860357952e-06, -0.3677279027884368], [0.9999999999993198, -3.7714404521213904e-07, -1.1038198352020245e-06, 0.023807330941102725], [0.0, 0.0, 0.0, 1.0]]"
8.345280885696411,-48.03990671594749,32.42163757486491,5.559946019780099,-61.540093214274094,-20.48822646270023,21.14321940598965,39.077346147435094,-47.88309240279317,-32.41012870611343,-5.611236471578663,-61.476292417237005,20.439735534687724,20.953049864023573,-39.020624841472724,"[[3.3306690738754696e-16, -0.0, -1.0000000000000002, 0.55], [0.0, 1.0, -0.0, 0.36181765801389437], [1.0000000000000002, 0.0, 3.3306690738754696e-16, 0.031218164704734236], [0.0, 0.0, 0.0, 1.0]]","[[5.859025353771585e-08, 1.90729949734093e-06, -0.9999999999981796, 0.5499999691951495], [-3.857571585345551e-08, 0.9999999999981806, 1.9072994950807713e-06, 0.36900485609167377], [0.9999999999999977, 3.85756041042245e-08, 5.859032703448008e-08, 0.021431048753904794], [0.0, 0.0, 0.0, 1.0]]","[[3.3306690738754696e-16, -0.0, -1.0000000000000002, 0.55], [0.0, 1.0, -0.0, -0.3656601050073558], [1.0000000000000002, 0.0, 3.3306690738754696e-16, 0.026991929743247198], [0.0, 0.0, 0.0, 1.0]]","[[-1.0888405501119358e-06, 1.3199021136170764e-06, -0.9999999999985361, 0.549999901568259], [3.824254735493794e-07, 0.9999999999990556, 1.3199016972173992e-06, -0.3702007972518291], [0.9999999999993341, -3.824240363863295e-07, -1.0888410548193228e-06, 0.0188644521830894], [0.0, 0.0, 0.0, 1.0]]"
8.384939432144165,-47.20992603366963,32.32285937908818,5.808703216899256,-61.23959904173939,-20.194722988781027,20.174488553364867,38.77142538960481,-47.20992603366963,-32.32285937908818,-5.808703216899256,-61.23959904173939,20.194722988781027,20.174488553364867,-38.77142538960481,"[[3.3306690738754696e-16, -0.0, -1.0000000000000002, 0.55], [0.0, 1.0, -0.0, 0.3690052083069588], [1.0000000000000002, 0.0, 3.3306690738754696e-16, 0.021430975436276256], [0.0, 0.0, 0.0, 1.0]]","[[1.8721530437026956e-08, 1.952323105873197e-06, -0.9999999999980942, 0.5499999712887723], [-4.863915496348822e-08, 0.9999999999980932, 1.952323104962596e-06, 0.37131309033855764], [0.9999999999999989, 4.8639118412919106e-08, 1.8721625361095562e-08, 0.01611734356107124], [0.0, 0.0, 0.0, 1.0]]","[[3.3306690738754696e-16, -0.0, -1.0000000000000002, 0.55], [0.0, 1.0, -0.0, -0.3656601050073558], [1.0000000000000002, 0.0, 3.3306690738754696e-16, 0.026991929743247198], [0.0, 0.0, 0.0, 1.0]]","[[-1.03819234564817e-06, 1.273299303745573e-06, -0.9999999999986504, 0.5499999108185215], [3.919928202018605e-07, 0.9999999999991127, 1.2732988967822158e-06, -0.3728259265876062], [0.9999999999993843, -3.919914982721631e-07, -1.038192844804442e-06, 0.011684361033029436], [0.0, 0.0, 0.0, 1.0]]"
8.41704535484314,-46.47616222622975,32.17271133056379,5.9893233006320115,-61.0265859320942,-19.873632380804143,19.370718722026936,38.490383595826295,-46.66433052276901,-32.215898616685784,-5.946078384788899,-61.07805140749024,19.96061654743155,19.57375634038932,-38.56334367654037,"[[3.3306690738754696e-16, -0.0, -1.0000000000000002, 0.55], [0.0, 1.0, -0.0, 0.3690052083069588], [1.0000000000000002, 0.0, 3.3306690738754696e-16, 0.021430975436276256], [0.0, 0.0, 0.0, 1.0]]","[[6.096523902376916e-08, 1.9389070657433933e-06, -0.9999999999981185, 0.5499999764856877], [2.3062279298189166e-08, 0.9999999999981202, 1.938907067149394e-06, 0.3737282061795032], [0.9999999999999979, -2.3062397504078316e-08, 6.096519428178127e-08, 0.008537520433136159], [0.0, 0.0, 0.0, 1.0]]","[[3.3306690738754696e-16, -0.0, -1.0000000000000002, 0.55], [0.0, 1.0, -0.0, -0.37131346389031133], [1.0000000000000002, 0.0, 3.3306690738754696e-16, 0.01611725659230373], [0.0, 0.0, 0.0, 1.0]]","[[-1.1655237778795957e-06, 1.2350230190943584e-06, -0.9999999999985583, 0.5499999041066688], [4.482467632273565e-07, 0.9999999999991369, 1.2350224966528122e-06, -0.3745462158506796], [0.9999999999992204, -4.4824532377862417e-07, -1.1655243314367958e-06, 0.005252528634652044], [0.0, 0.0, 0.0, 1.0]]"
8.460456848144531,-45.50029553346959,31.90375214142703,6.182393111674409,-60.78196953715936,-19.377144222488624,18.338397100682037,38.102302492469924,-45.69924869870831,-31.9643461646488,-6.147151043104436,-60.82955546510684,19.484236466032545,18.54684252131978,-38.18274504541975,"[[3.3306690738754696e-16, -0.0, -1.0000000000000002, 0.55], [0.0, 1.0, -0.0, 0.3737285774859155], [1.0000000000000002, 0.0, 3.3306690738754696e-16, 0.008537449358394317], [0.0, 0.0, 0.0, 1.0]]","[[4.846761225696383e-08, 1.8936993834260889e-06, -0.9999999999982059, 0.5499999776549858], [1.5095740921812485e-08, 0.999999999998207, 1.8936993841577453e-06, 0.37561130132936826], [0.9999999999999989, -1.5095832704872858e-08, 4.84675837242321e-08, 9.199041808423813e-05], [0.0, 0.0, 0.0, 1.0]]","[[3.3306690738754696e-16, -0.0, -1.0000000000000002, 0.55], [0.0, 1.0, -0.0, -0.37131346389031133], [1.0000000000000002, 0.0, 3.3306690738754696e-16, 0.01611725659230373], [0.0, 0.0, 0.0, 1.0]]","[[-1.1415356692690004e-06, 1.2713527383745869e-06, -0.9999999999985404, 0.5499999068956785], [4.399418700191082e-07, 0.9999999999990952, 1.2713522361659553e-06, -0.37592374877586987], [0.9999999999992518, -4.399404187245402e-07, -1.1415362285993602e-06, -0.0016835175729597008], [0.0, 0.0, 0.0, 1.0]]"
8.497624397277832,-44.69327453208673,31.629851310425764,6.30418691051996,-60.595457561493824,-18.913510981628157,17.4975939836643,37.7688526571899,-44.4899295552117,-31.553920097422733,-6.329503860452259,-60.549387935542086,18.78939278403069,17.28614840243363,-37.68297668875533,"[[3.3306690738754696e-16, -0.0, -1.0000000000000002, 0.55], [0.0, 1.0, -0.0, 0.3737285774859155], [1.0000000000000002, 0.0, 3.3306690738754696e-16, 0.008537449358394317], [0.0, 0.0, 0.0, 1.0]]","[[9.469634398850957e-08, 1.9138991626257987e-06, -0.9999999999981642, 0.5499999819920739], [4.2533911108498565e-08, 0.9999999999981678, 1.9138991666536114e-06, 0.3767291725425965], [0.9999999999999948, -4.253409234767422e-08, 9.469626260916186e-08, -0.007155929947313276], [0.0, 0.0, 0.0, 1.0]]","[[3.3306690738754696e-16, -0.0, -1.0000000000000002, 0.55], [0.0, 1.0, -0.0, -0.37527802257382226], [1.0000000000000002, 0.0, 3.3306690738754696e-16, 0.001840890841474957], [0.0, 0.0, 0.0, 1.0]]","[[-1.1027188351331318e-06, 1.2865692051373937e-06, -0.9999999999985644, 0.5499999147416139], [4.567745009317139e-07, 0.9999999999990681, 1.2865687014441961e-06, -0.3773392455177662], [0.9999999999992876, -4.5677308220751824e-07, -1.102719422885201e-06, -0.012812579366338417], [0.0, 0.0, 0.0, 1.0]]"
8.543959140777588,-43.474724387926855,31.133737104967302,6.4225246336454855,-60.31926520202602,-18.125399358962483,16.226751911218802,37.24238850615449,-43.6768843269809,-31.222898394392647,-6.408546224622231,-60.36541679024779,18.263609944364983,16.43855778492819,-37.331747871065765,"[[3.3306690738754696e-16, -0.0, -1.0000000000000002, 0.55], [0.0, 1.0, -0.0, 0.37695459189515806], [1.0000000000000002, 0.0, 3.3306690738754696e-16, -0.00902313208572586], [0.0, 0.0, 0.0, 1.0]]","[[4.9345934172162487e-08, 1.914818706579703e-06, -0.9999999999981656, 0.5499999854460199], [7.750018499810554e-08, 0.9999999999981639, 1.914818710404019e-06, 0.3777512602985197], [0.9999999999999959, -7.750027948648147e-08, 4.9345785735344094e-08, -0.018613808958177533], [0.0, 0.0, 0.0, 1.0]]","[[3.3306690738754696e-16, -0.0, -1.0000000000000002, 0.55], [0.0, 1.0, -0.0, -0.37527802257382226], [1.0000000000000002, 0.0, 3.3306690738754696e-16, 0.001840890841474957], [0.0, 0.0, 0.0, 1.0]]","[[-1.0737263261284546e-06, 1.2553419839022764e-06, -0.9999999999986358, 0.5499999191465333], [4.610502016740814e-07, 0.999999999999106, 1.2553414888611274e-06, -0.3778452519834054], [0.9999999999993174, -4.610488537802474e-07, -1.0737269049987397e-06, -0.02057253035943318], [0.0, 0.0, 0.0, 1.0]]"
8.586454153060913,-42.47944629754552,30.65350308932912,6.456089463887397,-60.08606888338344,-17.399027523751844,15.173743354425227,36.7897860208036,-42.47944629754552,-30.65350308932912,-6.456089463887397,-60.08606888338344,17.399027523751844,15.173743354425227,-36.7897860208036,"[[3.3306690738754696e-16, -0.0, -1.0000000000000002, 0.55], [0.0, 1.0, -0.0, 0.37695459189515806], [1.0000000000000002, 0.0, 3.3306690738754696e-16, -0.00902313208572586], [0.0, 0.0, 0.0, 1.0]]","[[3.393585767952345e-08, 1.9494033935319077e-06, -0.9999999999980994, 0.5499999855971918], [1.0456205426393368e-07, 0.9999999999980946, 1.949403397080301e-06, 0.3779989414897718], [0.9999999999999941, -1.0456212041841103e-07, 3.393565384257613e-08, -0.02849855132483126], [0.0, 0.0, 0.0, 1.0]]","[[3.3306690738754696e-16, -0.0, -1.0000000000000002, 0.55], [0.0, 1.0, -0.0, -0.3777516207006168], [1.0000000000000002, 0.0, 3.3306690738754696e-16, -0.0186138855762931], [0.0, 0.0, 0.0, 1.0]]","[[-1.1192742053189875e-06, 1.2458300026323658e-06, -0.9999999999985978, 0.5499999191111783], [5.099365917072811e-07, 0.9999999999990941, 1.2458294318741108e-06, -0.3779443365873482], [0.9999999999992437, -5.099351972818187e-07, -1.1192748405886022e-06, -0.03249748403113792], [0.0, 0.0, 0.0, 1.0]]"
8.628070592880249,-41.523161757135796,30.122705183265335,6.427607148161622,-59.84818022478107,-16.62236329813511,14.140623454721085,36.3332425163016,-41.71058214796094,-30.23249364398412,-6.4383070663832696,-59.896094001808706,16.7812113001148,14.345033087332995,-36.42452799455882,"[[3.3306690738754696e-16, -0.0, -1.0000000000000002, 0.55], [0.0, 1.0, -0.0, 0.3779993117466848], [1.0000000000000002, 0.0, 3.3306690738754696e-16, -0.028498626209378326], [0.0, 0.0, 0.0, 1.0]]","[[5.635687577720816e-08, 1.913210265768391e-06, -0.9999999999981684, 0.549999989867662], [1.547324944570214e-07, 0.9999999999981581, 1.913210274488611e-06, 0.37780079114737497], [0.9999999999999867, -1.5473260227929162e-07, 5.635657968072749e-08, -0.036508531120876486], [0.0, 0.0, 0.0, 1.0]]","[[3.3306690738754696e-16, -0.0, -1.0000000000000002, 0.55], [0.0, 1.0, -0.0, -0.3777516207006168], [1.0000000000000002, 0.0, 3.3306690738754696e-16, -0.0186138855762931], [0.0, 0.0, 0.0, 1.0]]","[[-1.136618022867797e-06, 1.2298544556296522e-06, -0.9999999999985978, 0.5499999263080357], [5.029106571150075e-07, 0.9999999999991174, 1.2298538840129743e-06, -0.37742168753407507], [0.9999999999992275, -5.029092592402122e-07, -1.1366186412620216e-06, -0.04252783053880332], [0.0, 0.0, 0.0, 1.0]]"
8.66183614730835,-40.973857453515855,29.783432611717878,6.3805706235555055,-59.70374904459198,-16.13643973491831,13.535583099926553,36.060226194797856,-40.973857453515855,-29.783432611717878,-6.3805706235555055,-59.70374904459198,16.13643973491831,13.535583099926553,-36.060226194797856,"[[3.3306690738754696e-16, -0.0, -1.0000000000000002, 0.55], [0.0, 1.0, -0.0, 0.3779993117466848], [1.0000000000000002, 0.0, 3.3306690738754696e-16, -0.028498626209378326], [0.0, 0.0, 0.0, 1.0]]","[[2.6053436352757586e-08, 1.8989812623190294e-06, -0.9999999999981967, 0.5499999883367358], [1.3984826801046106e-07, 0.9999999999981872, 1.8989812659625393e-06, 0.3772508694561792], [0.9999999999999899, -1.3984831748519652e-07, 2.6053170787410096e-08, -0.044531639403932885], [0.0, 0.0, 0.0, 1.0]]","[[3.3306690738754696e-16, -0.0, -1.0000000000000002, 0.55], [0.0, 1.0, -0.0, -0.3778011461230909], [1.0000000000000002, 0.0, 3.3306690738754696e-16, -0.03650860562575261], [0.0, 0.0, 0.0, 1.0]]","[[-1.063372442933197e-06, 1.2627323459392783e-06, -0.9999999999986373, 0.5499999373936268], [4.923081115963292e-07, 0.9999999999990816, 1.26273182243296e-06, -0.3766088994807802], [0.9999999999993134, -4.923067688414355e-07, -1.0633730646580908e-06, -0.050521333965324405], [0.0, 0.0, 0.0, 1.0]]"
8.701953172683716,-39.93905988859683,29.06509137142388,6.220491479977916,-59.41450419362028,-15.12769251149371,12.370023270894924,35.521419891932226,-40.10532035337328,-29.188188455740434,-6.25316326298585,-59.462520423485465,15.298898033229248,12.55965152036928,-35.610338709642036,"[[3.3306690738754696e-16, -0.0, -1.0000000000000002, 0.55], [0.0, 1.0, -0.0, 0.3770589357606582], [1.0000000000000002, 0.0, 3.3306690738754696e-16, -0.04653235152602241], [0.0, 0.0, 0.0, 1.0]]","[[7.805395463300613e-08, 1.8847985257780033e-06, -0.9999999999982208, 0.5499999849925575], [1.5581566303395386e-07, 0.9999999999982118, 1.884798537940015e-06, 0.37607121445370806], [0.9999999999999849, -1.5581581014965613e-07, 7.805366086799381e-08, -0.054490108237945666], [0.0, 0.0, 0.0, 1.0]]","[[3.3306690738754696e-16, -0.0, -1.0000000000000002, 0.55], [0.0, 1.0, -0.0, -0.3778011461230909], [1.0000000000000002, 0.0, 3.3306690738754696e-16, -0.03650860562575261], [0.0, 0.0, 0.0, 1.0]]","[[-1.076521507659134e-06, 1.2749102875250192e-06, -0.9999999999986079, 0.549999939226844], [5.062305688164636e-07, 0.9999999999990592, 1.2749097425574996e-06, -0.37510321586823436], [0.9999999999992925, -5.062291963480007e-07, -1.0765221531428004e-06, -0.0603929278782565], [0.0, 0.0, 0.0, 1.0]]"
8.740914583206177,-39.29961074831107,28.56051968422565,6.066579570334026,-59.22438587807297,-14.43181917847447,11.63210926976061,35.170027149702584,-39.29961074831107,-28.56051968422565,-6.066579570334026,-59.22438587807297,14.43181917847447,11.63210926976061,-35.170027149702584,"[[3.3306690738754696e-16, -0.0, -1.0000000000000002, 0.55], [0.0, 1.0, -0.0, 0.3770589357606582], [1.0000000000000002, 0.0, 3.3306690738754696e-16, -0.04653235152602241], [0.0, 0.0, 0.0, 1.0]]","[[8.032613052488813e-08, 1.902801155493651e-06, -0.9999999999981866, 0.5499999895494898], [2.0394621783198923e-07, 0.999999999998169, 1.9028011718758282e-06, 0.37434942771209073], [0.999999999999976, -2.0394637067627464e-07, 8.032574250194102e-08, -0.06428944372449605], [0.0, 0.0, 0.0, 1.0]]","[[3.3306690738754696e-16, -0.0, -1.0000000000000002, 0.55], [0.0, 1.0, -0.0, -0.37607155656408964], [1.0000000000000002, 0.0, 3.3306690738754696e-16, -0.054490170764629774], [0.0, 0.0, 0.0, 1.0]]","[[-1.1165210411778759e-06, 1.2343789097628883e-06, -0.9999999999986149, 0.54999993524845], [5.176033870070665e-07, 0.9999999999991043, 1.2343783318484198e-06, -0.37394106682434924], [0.9999999999992428, -5.176020087969692e-07, -1.1165216802222488e-06, -0.06622431491924541], [0.0, 0.0, 0.0, 1.0]]"
8.784271478652954,-38.55814931767658,27.9045773446416,5.823789397228522,-58.99355280488322,-13.539020392626362,10.759340013653565,34.741415703811356,-38.55814931767658,-27.9045773446416,-5.823789397228522,-58.99355280488322,13.539020392626362,10.759340013653565,-34.741415703811356,"[[3.3306690738754696e-16, -0.0, -1.0000000000000002, 0.55], [0.0, 1.0, -0.0, 0.3743497770758881], [1.0000000000000002, 0.0, 3.3306690738754696e-16, -0.06428950196249426], [0.0, 0.0, 0.0, 1.0]]","[[3.403103859822565e-08, 1.9073151767113801e-06, -0.9999999999981806, 0.5499999933937512], [2.1817557767878818e-07, 0.9999999999981575, 1.9073151841360775e-06, 0.3720929300858085], [0.9999999999999758, -2.1817564258630798e-07, 3.403062248663602e-08, -0.07387136580645923], [0.0, 0.0, 0.0, 1.0]]","[[3.3306690738754696e-16, -0.0, -1.0000000000000002, 0.55], [0.0, 1.0, -0.0, -0.37607155656408964], [1.0000000000000002, 0.0, 3.3306690738754696e-16, -0.054490170764629774], [0.0, 0.0, 0.0, 1.0]]","[[-1.1204758618710287e-06, 1.2137010436364354e-06, -0.9999999999986358, 0.5499999367230773], [4.997242231372485e-07, 0.9999999999991387, 1.2137004837081162e-06, -0.3715787177197933], [0.9999999999992475, -4.997228632144714e-07, -1.1204764682748447e-06, -0.07575824769358751], [0.0, 0.0, 0.0, 1.0]]"
8.824363470077515,-37.879720287797554,27.223114003223795,5.527879562287358,-58.7731221097994,-12.622401322047834,9.944575285299207,34.32514982484493,-37.879720287797554,-27.223114003223795,-5.527879562287358,-58.7731221097994,12.622401322047834,9.944575285299207,-34.32514982484493,"[[3.3306690738754696e-16, -0.0, -1.0000000000000002, 0.55], [0.0, 1.0, -0.0, 0.3743497770758881], [1.0000000000000002, 0.0, 3.3306690738754696e-16, -0.06428950196249426], [0.0, 0.0, 0.0, 1.0]]","[[-6.225906401535752e-09, 1.9059865960304099e-06, -0.9999999999981837, 0.5499999941223745], [2.4367665665060645e-07, 0.9999999999981539, 1.9059865945132451e-06, 0.3693114308519417], [0.9999999999999705, -2.4367664478366956e-07, -6.2263709188492555e-09, -0.08320483285225458], [0.0, 0.0, 0.0, 1.0]]","[[3.3306690738754696e-16, -0.0, -1.0000000000000002, 0.55], [0.0, 1.0, -0.0, -0.3720932879100718], [1.0000000000000002, 0.0, 3.3306690738754696e-16, -0.07387144184744822], [0.0, 0.0, 0.0, 1.0]]","[[-1.0626922199996613e-06, 1.2637713890111346e-06, -0.9999999999986368, 0.5499999505155851], [5.071677120606327e-07, 0.9999999999990727, 1.2637708500485039e-06, -0.3680549006611748], [0.9999999999993067, -5.071663690604911e-07, -1.0626928608203912e-06, -0.0868659282159943], [0.0, 0.0, 0.0, 1.0]]"
8.863835573196411,-37.2615642622493,26.517767197825748,5.181679898261038,-58.564330057061284,-11.682399098845767,9.187956811122813,33.92071041842638,-37.144870480279636,-26.3739182912634,-5.1066246570190605,-58.523922657931486,11.491560198341027,9.043427446964404,-33.84113529950115,"[[3.3306690738754696e-16, -0.0, -1.0000000000000002, 0.55], [0.0, 1.0, -0.0, 0.36931179207232956], [1.0000000000000002, 0.0, 3.3306690738754696e-16, -0.08320492955112457], [0.0, 0.0, 0.0, 1.0]]","[[3.953949445634208e-09, 1.904447360009216e-06, -0.9999999999981867, 0.5499999944787877], [2.807165860748878e-07, 0.9999999999981473, 1.9044473611190802e-06, 0.3660168897680744], [0.9999999999999608, -2.8071659360446745e-07, 3.953414873247851e-09, -0.09228147242611917], [0.0, 0.0, 0.0, 1.0]]","[[3.3306690738754696e-16, -0.0, -1.0000000000000002, 0.55], [0.0, 1.0, -0.0, -0.3720932879100718], [1.0000000000000002, 0.0, 3.3306690738754696e-16, -0.07387144184744822], [0.0, 0.0, 0.0, 1.0]]","[[-1.085983034387894e-06, 1.2431613036268477e-06, -0.9999999999986376, 0.5499999491338827], [5.260273960492562e-07, 0.999999999999089, 1.2431607323705812e-06, -0.36455897941021687], [0.999999999999272, -5.260260459970753e-07, -1.0859836883092555e-06, -0.09584142203727723], [0.0, 0.0, 0.0, 1.0]]"
8.897818565368652,-36.80817972023844,25.936895467409304,4.870143444272532,-58.40510468712994,-10.913251496410632,8.622891845993072,33.60482441459705,-36.91820723757817,-26.08347815718695,-4.95084042176894,-58.4443372937225,11.106993227312628,8.760930822892677,-33.683207665512114,"[[3.3306690738754696e-16, -0.0, -1.0000000000000002, 0.55], [0.0, 1.0, -0.0, 0.36931179207232956], [1.0000000000000002, 0.0, 3.3306690738754696e-16, -0.08320492955112457], [0.0, 0.0, 0.0, 1.0]]","[[2.0288694058123724e-08, 1.904085280093124e-06, -0.9999999999981871, 0.5499999928931747], [2.775454617817387e-07, 0.9999999999981489, 1.904085285724086e-06, 0.36302130868099397], [0.9999999999999615, -2.775455004126393e-07, 2.0288165591964002e-08, -0.09936301607092625], [0.0, 0.0, 0.0, 1.0]]","[[3.3306690738754696e-16, -0.0, -1.0000000000000002, 0.55], [0.0, 1.0, -0.0, -0.36671655350417565], [1.0000000000000002, 0.0, 3.3306690738754696e-16, -0.09048657415940459], [0.0, 0.0, 0.0, 1.0]]","[[-1.0749590605430015e-06, 1.2423192919088458e-06, -0.9999999999986507, 0.5499999539934208], [4.941451720122574e-07, 0.9999999999991064, 1.242318760723582e-06, -0.36140677845954705], [0.9999999999993002, -4.941438365697826e-07, -1.0749596744963341e-06, -0.10284655123464523], [0.0, 0.0, 0.0, 1.0]]"
8.93783688545227,-36.38953693544085,25.341550566141606,4.529011353723537,-58.25127516664292,-10.128397020205405,8.091188086090614,33.29486018477811,-36.192776260925704,-25.03851044059377,-4.34763866852161,-58.17571278385507,9.729947689688958,7.836987228202957,-33.14182979642398,"[[3.3306690738754696e-16, -0.0, -1.0000000000000002, 0.55], [0.0, 1.0, -0.0, 0.3630216707488415], [1.0000000000000002, 0.0, 3.3306690738754696e-16, -0.09936309537825874], [0.0, 0.0, 0.0, 1.0]]","[[-5.5266718368418566e-08, 1.9311380196545366e-06, -0.999999999998134, 0.5499999902878845], [3.0231893309086537e-07, 0.99999999999809, 1.931138002946276e-06, 0.35971464359571287], [0.999999999999953, -3.023188263626412e-07, -5.5267302123684914e-08, -0.1062942799631442], [0.0, 0.0, 0.0, 1.0]]","[[3.3306690738754696e-16, -0.0, -1.0000000000000002, 0.55], [0.0, 1.0, -0.0, -0.36671655350417565], [1.0000000000000002, 0.0, 3.3306690738754696e-16, -0.09048657415940459], [0.0, 0.0, 0.0, 1.0]]","[[-1.1227689342696578e-06, 1.2219629760705857e-06, -0.9999999999986231, 0.549999956176952], [5.258027358317475e-07, 0.9999999999991152, 1.2219623857162097e-06, -0.3570364117699063], [0.9999999999992315, -5.258013638496182e-07, -1.1227695766447e-06, -0.11140036049456896], [0.0, 0.0, 0.0, 1.0]]"
8.985804319381714,-35.823628441948614,24.42184510383188,3.9638371055670776,-58.02567401835739,-8.920835796646431,7.350025476232313,32.83919094448988,-35.73633179416668,-24.26550207373029,-3.863582308269161,-57.988135298679005,8.716006107400563,7.232480481937332,-32.7641818070248,"[[3.3306690738754696e-16, -0.0, -1.0000000000000002, 0.55], [0.0, 1.0, -0.0, 0.3630216707488415], [1.0000000000000002, 0.0, 3.3306690738754696e-16, -0.09936309537825874], [0.0, 0.0, 0.0, 1.0]]","[[-8.434082876540572e-10, 1.9209410929744463e-06, -0.999999999998155, 0.5499999889579017], [3.189248663269993e-07, 0.9999999999981042, 1.920941092705365e-06, 0.3551578136137647], [0.9999999999999492, -3.1892486470627324e-07, -8.440209087190453e-10, -0.11476337896926561], [0.0, 0.0, 0.0, 1.0]]","[[3.3306690738754696e-16, -0.0, -1.0000000000000002, 0.55], [0.0, 1.0, -0.0, -0.3588407896865484], [1.0000000000000002, 0.0, 3.3306690738754696e-16, -0.10800498878368914], [0.0, 0.0, 0.0, 1.0]]","[[-1.057333946563599e-06, 1.242720148581324e-06, -0.9999999999986692, 0.549999959662776], [5.17519989023191e-07, 0.9999999999990941, 1.2427196013903996e-06, -0.35220579955635534], [0.9999999999993073, -5.175186750528815e-07, -1.0573345898268194e-06, -0.11974794839259653], [0.0, 0.0, 0.0, 1.0]]"
9.034425497055054,-35.32928325548519,23.471087894007983,3.3372517728093865,-57.79799649256419,-7.676723669517777,6.667770686644433,32.39267757278405,-35.253720872697336,-23.309734920150184,-3.2270946953188324,-57.75918735770018,7.465898781727932,6.559169398180761,-32.31904813353132,"[[3.3306690738754696e-16, -0.0, -1.0000000000000002, 0.55], [0.0, 1.0, -0.0, 0.353207670260071], [1.0000000000000002, 0.0, 3.3306690738754696e-16, -0.11809441755178753], [0.0, 0.0, 0.0, 1.0]]","[[2.75511848335519e-08, 1.897020221481597e-06, -0.9999999999982002, 0.549999989847576], [3.505835131548483e-07, 0.9999999999981393, 1.8970202311404724e-06, 0.3480233427936333], [0.9999999999999382, -3.5058356541937233e-07, 2.755051980996015e-08, -0.12628777321174575], [0.0, 0.0, 0.0, 1.0]]","[[3.3306690738754696e-16, -0.0, -1.0000000000000002, 0.55], [0.0, 1.0, -0.0, -0.3588407896865484], [1.0000000000000002, 0.0, 3.3306690738754696e-16, -0.10800498878368914], [0.0, 0.0, 0.0, 1.0]]","[[-1.0819742953249722e-06, 1.2415099986419793e-06, -0.9999999999986439, 0.5499999657659107], [5.115687299158849e-07, 0.9999999999990985, 1.2415094451383274e-06, -0.34583089475444995], [0.9999999999992838, -5.115673866338843e-07, -1.0819749303725423e-06, -0.12951231355673928], [0.0, 0.0, 0.0, 1.0]]"
9.069736003875732,-35.03867578177407,22.82095804540761,2.8871924657072636,-57.64047866992536,-6.827731155685193,6.241503703185814,32.09947462718833,-34.97087590897794,-22.656514410950383,-2.770822690836348,-57.60005078022805,6.613173996400759,6.138257709918255,-32.02672628233852,"[[3.3306690738754696e-16, -0.0, -1.0000000000000002, 0.55], [0.0, 1.0, -0.0, 0.353207670260071], [1.0000000000000002, 0.0, 3.3306690738754696e-16, -0.11809441755178753], [0.0, 0.0, 0.0, 1.0]]","[[-2.696180145811411e-08, 1.9145792801846804e-06, -0.9999999999981668, 0.5499999968396498], [3.501932385380067e-07, 0.999999999998106, 1.914579270742723e-06, 0.34357154107784244], [0.9999999999999383, -3.5019318691685864e-07, -2.6962472032820983e-08, -0.13270706802220036], [0.0, 0.0, 0.0, 1.0]]","[[3.3306690738754696e-16, -0.0, -1.0000000000000002, 0.55], [0.0, 1.0, -0.0, -0.34909495706198246], [1.0000000000000002, 0.0, 3.3306690738754696e-16, -0.12466421712171309], [0.0, 0.0, 0.0, 1.0]]","[[-1.0990425300394513e-06, 1.2271493562282004e-06, -0.9999999999986435, 0.5499999677037615], [4.962758591830108e-07, 0.9999999999991243, 1.2271488108005146e-06, -0.34006346721803926], [0.9999999999992732, -4.962745104936036e-07, -1.0990431391078026e-06, -0.13744021438721646], [0.0, 0.0, 0.0, 1.0]]"
9.119948625564575,-34.66113366030703,21.823747011491164,2.1671131557129106,-57.39037080289783,-5.5277403971830195,5.641393464311562,31.666437218714936,-34.66113366030703,-21.823747011491164,-2.1671131557129106,-57.39037080289783,5.5277403971830195,5.641393464311562,-31.666437218714936,"[[3.3306690738754696e-16, -0.0, -1.0000000000000002, 0.55], [0.0, 1.0, -0.0, 0.3424182294947476], [1.0000000000000002, 0.0, 3.3306690738754696e-16, -0.13429288353136556], [0.0, 0.0, 0.0, 1.0]]","[[-4.9225211518066914e-08, 1.922874786426423e-06, -0.99999999999815, 0.5499999901340661], [4.032343885800805e-07, 0.99999999999807, 1.922874766576971e-06, 0.33641497656132235], [0.9999999999999175, -4.032342939254174e-07, -4.922598689782731e-08, -0.14209955778355185], [0.0, 0.0, 0.0, 1.0]]","[[3.3306690738754696e-16, -0.0, -1.0000000000000002, 0.55], [0.0, 1.0, -0.0, -0.34909495706198246], [1.0000000000000002, 0.0, 3.3306690738754696e-16, -0.12466421712171309], [0.0, 0.0, 0.0, 1.0]]","[[-1.037432952155637e-06, 1.2446462287340994e-06, -0.9999999999986874, 0.5499999723471254], [4.96441406876165e-07, 0.9999999999991023, 1.2446457137099415e-06, -0.3339087695815172], [0.9999999999993386, -4.964401156390362e-07, -1.0374335701057724e-06, -0.14516085923285987], [0.0, 0.0, 0.0, 1.0]]"
9.161084175109863,-34.400606339700644,20.975598026021075,1.5298038923497708,-57.167474409523635,-4.424226006571787,5.1775181786223845,31.31256853291116,-34.400606339700644,-20.975598026021075,-1.5298038923497708,-57.167474409523635,4.424226006571787,5.1775181786223845,-31.31256853291116,"[[3.3306690738754696e-16, -0.0, -1.0000000000000002, 0.55], [0.0, 1.0, -0.0, 0.3424182294947476], [1.0000000000000002, 0.0, 3.3306690738754696e-16, -0.13429288353136556], [0.0, 0.0, 0.0, 1.0]]","[[-4.626905808491344e-08, 1.892774627152484e-06, -0.9999999999982077, 0.5499999959896421], [3.9146741296333463e-07, 0.9999999999981319, 1.8927746090395128e-06, 0.33004052224264185], [0.9999999999999223, -3.914673253857349e-07, -4.6269799047760074e-08, -0.1496796110507955], [0.0, 0.0, 0.0, 1.0]]","[[3.3306690738754696e-16, -0.0, -1.0000000000000002, 0.55], [0.0, 1.0, -0.0, -0.33641535335332035], [1.0000000000000002, 0.0, 3.3306690738754696e-16, -0.14209966351611827], [0.0, 0.0, 0.0, 1.0]]","[[-1.0697475132936951e-06, 1.2373229954172676e-06, -0.9999999999986623, 0.5499999743452462], [5.316130698439246e-07, 0.9999999999990932, 1.2373224267260413e-06, -0.3273932594794408], [0.9999999999992865, -5.316117462206245e-07, -1.069748170989815e-06, -0.15263778045689314], [0.0, 0.0, 0.0, 1.0]]"
9.20340085029602,-34.22808600654988,20.288448552119235,0.9988593506622412,-56.980778018750506,-3.5318395933948183,4.832606859028258,31.034907682771802,-34.22808600654988,-20.288448552119235,-0.9988593506622412,-56.980778018750506,3.5318395933948183,4.832606859028258,-31.034907682771802,"[[3.3306690738754696e-16, -0.0, -1.0000000000000002, 0.55], [0.0, 1.0, -0.0, 0.3300408872756736], [1.0000000000000002, 0.0, 3.3306690738754696e-16, -0.14967972428252457], [0.0, 0.0, 0.0, 1.0]]","[[-3.645205470803603e-08, 1.914811214601286e-06, -0.9999999999981664, 0.5499999864228191], [4.168517357308585e-07, 0.9999999999980802, 1.914811199406019e-06, 0.3246917635027351], [0.9999999999999127, -4.168516659312913e-07, -3.6452852958390736e-08, -0.1555485667246739], [0.0, 0.0, 0.0, 1.0]]","[[3.3306690738754696e-16, -0.0, -1.0000000000000002, 0.55], [0.0, 1.0, -0.0, -0.33641535335332035], [1.0000000000000002, 0.0, 3.3306690738754696e-16, -0.14209966351611827], [0.0, 0.0, 0.0, 1.0]]","[[-1.130818296279923e-06, 1.2207845546326355e-06, -0.9999999999986154, 0.549999982715633], [4.970518665814805e-07, 0.9999999999991314, 1.2207839925579203e-06, -0.3219398396522581], [0.9999999999992372, -4.970504860959178e-07, -1.1308189029057836e-06, -0.15840663963659538], [0.0, 0.0, 0.0, 1.0]]"
9.244139909744263,-34.029737313052706,19.24873837363968,0.17395575343374078,-56.69356856415147,-2.1849224470868958,4.36771686336051,30.62912272908676,-34.05775133393352,-19.42246935782083,-0.3134437042729527,-56.741513077030376,2.409679213236274,4.440227859136657,-30.695781960291498,"[[3.3306690738754696e-16, -0.0, -1.0000000000000002, 0.55], [0.0, 1.0, -0.0, 0.3300408872756736], [1.0000000000000002, 0.0, 3.3306690738754696e-16, -0.14967972428252457], [0.0, 0.0, 0.0, 1.0]]","[[-4.342689491343421e-08, 1.906073821279149e-06, -0.9999999999981825, 0.5499999856006459], [4.4481792295188e-07, 0.9999999999980844, 1.9060738019619008e-06, 0.3162879356688427], [0.9999999999999002, -4.4481784017620465e-07, -4.342774290178042e-08, -0.16394659494949962], [0.0, 0.0, 0.0, 1.0]]","[[3.3306690738754696e-16, -0.0, -1.0000000000000002, 0.55], [0.0, 1.0, -0.0, -0.32332224175486585], [1.0000000000000002, 0.0, 3.3306690738754696e-16, -0.1569846545637114], [0.0, 0.0, 0.0, 1.0]]","[[-1.0609525956106758e-06, 1.2576020367822995e-06, -0.9999999999986463, 0.5499999822133144], [5.025234446470958e-07, 0.999999999999083, 1.2576015036292956e-06, -0.3119292683433632], [0.9999999999993109, -5.02522110390836e-07, -1.0609532275496214e-06, -0.16792442447601558], [0.0, 0.0, 0.0, 1.0]]"
9.295381784439087,-33.90374764362265,18.206362713836523,-0.6753079535934481,-56.4133600534517,-0.839268672332014,3.982931326278671,30.237968040603885,-33.919771267415506,-18.37985293384943,0.5325735418045777,-56.45860322651386,1.0628821288473556,4.040501710132239,-30.30208644143738,"[[3.3306690738754696e-16, -0.0, -1.0000000000000002, 0.55], [0.0, 1.0, -0.0, 0.3148463249528313], [1.0000000000000002, 0.0, 3.3306690738754696e-16, -0.16529077428643013], [0.0, 0.0, 0.0, 1.0]]","[[-1.549575384673929e-08, 1.8770876299180775e-06, -0.999999999998238, 0.5499999840787827], [4.259319775036244e-07, 0.9999999999981475, 1.8770876233177706e-06, 0.3074737199624197], [0.9999999999999091, -4.259319484159863e-07, -1.5496553429361626e-08, -0.1717283487534839], [0.0, 0.0, 0.0, 1.0]]","[[3.3306690738754696e-16, -0.0, -1.0000000000000002, 0.55], [0.0, 1.0, -0.0, -0.32332224175486585], [1.0000000000000002, 0.0, 3.3306690738754696e-16, -0.1569846545637114], [0.0, 0.0, 0.0, 1.0]]","[[-1.0995796234092303e-06, 1.2377508584596194e-06, -0.9999999999986298, 0.5499999871721152], [5.099861567074573e-07, 0.9999999999991043, 1.2377502976898207e-06, -0.3029301522371157], [0.9999999999992657, -5.09984795701752e-07, -1.0995802546820421e-06, -0.17533560572529466], [0.0, 0.0, 0.0, 1.0]]"
9.341377019882202,-33.84847433776432,17.171589054579588,-1.536952752533247,-56.16527392241849,0.4913902225128982,3.7033213109049203,29.862331541915278,-33.84847433776432,-17.171589054579588,1.536952752533247,-56.16527392241849,-0.4913902225128982,3.7033213109049203,-29.862331541915278,"[[3.3306690738754696e-16, -0.0, -1.0000000000000002, 0.55], [0.0, 1.0, -0.0, 0.3148463249528313], [1.0000000000000002, 0.0, 3.3306690738754696e-16, -0.16529077428643013], [0.0, 0.0, 0.0, 1.0]]","[[-4.697331273950667e-08, 1.8858080221616036e-06, -0.9999999999982209, 0.5499999864196778], [4.583591200987751e-07, 0.9999999999981168, 1.8858080006307613e-06, 0.298303659077708], [0.999999999999894, -4.5835903151531056e-07, -4.697417715915364e-08, -0.17872432670960636], [0.0, 0.0, 0.0, 1.0]]","[[3.3306690738754696e-16, -0.0, -1.0000000000000002, 0.55], [0.0, 1.0, -0.0, -0.307474078958284], [1.0000000000000002, 0.0, 3.3306690738754696e-16, -0.1717284481682125], [0.0, 0.0, 0.0, 1.0]]","[[-1.0705822282019994e-06, 1.2559099848598068e-06, -0.9999999999986383, 0.5499999887973226], [4.936241026947997e-07, 0.9999999999990896, 1.2559094563951816e-06, -0.2983041547361591], [0.9999999999993051, -4.936227581397833e-07, -1.0705828481505364e-06, -0.1787241313142251], [0.0, 0.0, 0.0, 1.0]]"
9.387800693511963,-33.85411948911334,16.323042210590348,-2.2556791514634082,-56.00562508075861,1.5787270432706912,3.5716967354096045,29.560505482492417,-33.84935543216726,-16.491402958536575,2.1122475267706675,-56.033082441222064,-1.3632487689436579,3.5897049560431666,-29.62012961885204,"[[3.3306690738754696e-16, -0.0, -1.0000000000000002, 0.55], [0.0, 1.0, -0.0, 0.29830402352937424], [1.0000000000000002, 0.0, 3.3306690738754696e-16, -0.178724441466313], [0.0, 0.0, 0.0, 1.0]]","[[-7.498452031517999e-08, 1.903319807444353e-06, -0.9999999999981859, 0.5499999866654994], [4.894063262537138e-07, 0.9999999999980689, 1.9033197707462318e-06, 0.2904310233193721], [0.9999999999998774, -4.894061835333059e-07, -7.498545179229765e-08, -0.18382274382162517], [0.0, 0.0, 0.0, 1.0]]","[[3.3306690738754696e-16, -0.0, -1.0000000000000002, 0.55], [0.0, 1.0, -0.0, -0.307474078958284], [1.0000000000000002, 0.0, 3.3306690738754696e-16, -0.1717284481682125], [0.0, 0.0, 0.0, 1.0]]","[[-1.1040646684112865e-06, 1.2369829947065389e-06, -0.9999999999986254, 0.5499999968410108], [4.544426848525324e-07, 0.9999999999991318, 1.236982492973053e-06, -0.2872318658824474], [0.9999999999992873, -4.5444131914324175e-07, -1.1040652306282261e-06, -0.18565014075120684], [0.0, 0.0, 0.0, 1.0]]"
9.428956270217896,-33.904136964405346,15.493951160451887,-2.9679496342457323,-55.90990680973005,2.6382128605532578,3.5510266619904423,29.2670737255595,-33.890712227591685,-15.657904728836167,2.826306451898477,-55.92297979180146,-2.428892962258343,3.5454581368261775,-29.325208880680062,"[[3.3306690738754696e-16, -0.0, -1.0000000000000002, 0.55], [0.0, 1.0, -0.0, 0.29830402352937424], [1.0000000000000002, 0.0, 3.3306690738754696e-16, -0.178724441466313], [0.0, 0.0, 0.0, 1.0]]","[[-7.131637780322109e-08, 1.8987500583655951e-06, -0.9999999999981949, 0.549999981562647], [4.778805791685886e-07, 0.9999999999980832, 1.8987500242846712e-06, 0.2823845443747031], [0.9999999999998833, -4.77880443755752e-07, -7.131728529952142e-08, -0.18814468658585426], [0.0, 0.0, 0.0, 1.0]]","[[3.3306690738754696e-16, -0.0, -1.0000000000000002, 0.55], [0.0, 1.0, -0.0, -0.2904313987616762], [1.0000000000000002, 0.0, 3.3306690738754696e-16, -0.18382287204050163], [0.0, 0.0, 0.0, 1.0]]","[[-1.0341155340931607e-06, 1.261344659428975e-06, -0.9999999999986698, 0.5499999886068104], [4.60828026014169e-07, 0.9999999999990983, 1.2613441828800953e-06, -0.28075792332125266], [0.9999999999993591, -4.6082672163794275e-07, -1.0341161151838918e-06, -0.1889070601431876], [0.0, 0.0, 0.0, 1.0]]"
9.462003946304321,-33.95435593027786,15.008478389720306,-3.3897390018165843,-55.89130820462011,3.257583806000123,3.5989013788737654,29.093948920667184,-33.95435593027786,-15.008478389720306,3.3897390018165843,-55.89130820462011,-3.257583806000123,3.5989013788737654,-29.093948920667184,"[[3.3306690738754696e-16, -0.0, -1.0000000000000002, 0.55], [0.0, 1.0, -0.0, 0.2840064707802266], [1.0000000000000002, 0.0, 3.3306690738754696e-16, -0.18734732777993848], [0.0, 0.0, 0.0, 1.0]]","[[-8.770426213056126e-08, 1.8972455179313175e-06, -0.9999999999981966, 0.5499999842031182], [5.331114377000795e-07, 0.9999999999980584, 1.8972454711749097e-06, 0.2774875718628488], [0.9999999999998541, -5.331112713026039e-07, -8.77052735437367e-08, -0.19032461194770045], [0.0, 0.0, 0.0, 1.0]]","[[3.3306690738754696e-16, -0.0, -1.0000000000000002, 0.55], [0.0, 1.0, -0.0, -0.2904313987616762], [1.0000000000000002, 0.0, 3.3306690738754696e-16, -0.18382287204050163], [0.0, 0.0, 0.0, 1.0]]","[[-1.0448053695544246e-06, 1.2658993948956534e-06, -0.9999999999986533, 0.5499999931034594], [4.5889574804829887e-07, 0.9999999999990938, 1.2658989154394695e-06, -0.2741993153518813], [0.9999999999993492, -4.588944254296966e-07, -1.044805950423111e-06, -0.19159387193978722], [0.0, 0.0, 0.0, 1.0]]"
9.50475525856018,-34.0979333368207,14.07045350628296,-4.215750276969604,-55.959073926470396,4.453413539329367,3.845085729109943,28.750858273373687,-34.07010714614207,-14.223450597464891,4.079934526644839,-55.93725830226137,-4.258368096069544,3.7894576803015974,-28.807944994456655,"[[3.3306690738754696e-16, -0.0, -1.0000000000000002, 0.55], [0.0, 1.0, -0.0, 0.2840064707802266], [1.0000000000000002, 0.0, 3.3306690738754696e-16, -0.18734732777993848], [0.0, 0.0, 0.0, 1.0]]","[[-6.759658127686308e-08, 1.9029038335883714e-06, -0.9999999999981873, 0.5499999740592542], [5.462809307094386e-07, 0.9999999999980405, 1.9029037966613687e-06, 0.26757358808673415], [0.9999999999998487, -5.462808020786571e-07, -6.759762088970334e-08, -0.19366980226292452], [0.0, 0.0, 0.0, 1.0]]","[[3.3306690738754696e-16, -0.0, -1.0000000000000002, 0.55], [0.0, 1.0, -0.0, -0.2758457849491553], [1.0000000000000002, 0.0, 3.3306690738754696e-16, -0.19097827409558785], [0.0, 0.0, 0.0, 1.0]]","[[-1.0696880968219524e-06, 1.2555725497762934e-06, -0.9999999999986398, 0.5499999916940218], [3.9913088692452035e-07, 0.9999999999991322, 1.2555721228313529e-06, -0.26757409493681183], [0.9999999999993483, -3.9912954385342284e-07, -1.0696885979766257e-06, -0.19366962666961643], [0.0, 0.0, 0.0, 1.0]]"
9.545793533325195,-34.25997274469008,13.327648235929269,-4.882217084290999,-56.1363446561889,5.401139425822248,4.215009201444657,28.464243045232443,-34.25997274469008,-13.327648235929269,4.882217084290999,-56.1363446561889,-5.401139425822248,4.215009201444657,-28.464243045232443,"[[3.3306690738754696e-16, -0.0, -1.0000000000000002, 0.55], [0.0, 1.0, -0.0, 0.26757396107133513], [1.0000000000000002, 0.0, 3.3306690738754696e-16, -0.19366992747347586], [0.0, 0.0, 0.0, 1.0]]","[[-8.216482599854302e-08, 1.905812096250766e-06, -0.9999999999981807, 0.5499999759217342], [5.383333542314938e-07, 0.9999999999980391, 1.90581205201843e-06, 0.26089999778827744], [0.9999999999998518, -5.383331976397985e-07, -8.216585206666238e-08, -0.19510170571184635], [0.0, 0.0, 0.0, 1.0]]","[[3.3306690738754696e-16, -0.0, -1.0000000000000002, 0.55], [0.0, 1.0, -0.0, -0.2758457849491553], [1.0000000000000002, 0.0, 3.3306690738754696e-16, -0.19097827409558785], [0.0, 0.0, 0.0, 1.0]]","[[-1.0648351907449616e-06, 1.2674265886803888e-06, -0.9999999999986301, 0.549999992744531], [4.0093121672007615e-07, 0.9999999999991167, 1.2674261617553368e-06, -0.2558746222660667], [0.9999999999993529, -4.009298671195481e-07, -1.0648356990050623e-06, -0.19573861462086348], [0.0, 0.0, 0.0, 1.0]]"
9.585362911224365,-34.46017241945233,12.624735539196687,-5.525865937142674,-56.432119168007134,6.300627528188738,4.741951465721971,28.172884250712624,-34.417046605032866,-12.761964284905996,5.399052376143986,-56.36332891778135,-6.124710883473181,4.623866886482559,-28.23170925493936,"[[3.3306690738754696e-16, -0.0, -1.0000000000000002, 0.55], [0.0, 1.0, -0.0, 0.26757396107133513], [1.0000000000000002, 0.0, 3.3306690738754696e-16, -0.19366992747347586], [0.0, 0.0, 0.0, 1.0]]","[[-2.437079460460012e-08, 1.8796265202678177e-06, -0.9999999999982333, 0.5499999680272565], [5.197526293883654e-07, 0.9999999999980985, 1.8796265076007798e-06, 0.25083913591800827], [0.9999999999998647, -5.197525835794556e-07, -2.437177160086179e-08, -0.1959945536546043], [0.0, 0.0, 0.0, 1.0]]","[[3.3306690738754696e-16, -0.0, -1.0000000000000002, 0.55], [0.0, 1.0, -0.0, -0.2609003729297643], [1.0000000000000002, 0.0, 3.3306690738754696e-16, -0.19510184096907723], [0.0, 0.0, 0.0, 1.0]]","[[-1.0570503063966896e-06, 1.2748576049986212e-06, -0.9999999999986287, 0.5499999935574972], [3.790419955274678e-07, 0.9999999999991154, 1.2748572043327843e-06, -0.24916063756345225], [0.9999999999993694, -3.790406479387495e-07, -1.05705078956575e-06, -0.19599437242241294], [0.0, 0.0, 0.0, 1.0]]"
9.627776861190796,-34.64851488581543,12.093193996287015,-6.023253972881343,-56.75506758743826,6.984025093802125,5.277491657503861,27.934061563741253,-34.64851488581543,-12.093193996287015,6.023253972881343,-56.75506758743826,-6.984025093802125,5.277491657503861,-27.934061563741253,"[[3.3306690738754696e-16, -0.0, -1.0000000000000002, 0.55], [0.0, 1.0, -0.0, 0.2525183585402909], [1.0000000000000002, 0.0, 3.3306690738754696e-16, -0.19595200362881973], [0.0, 0.0, 0.0, 1.0]]","[[-8.320337319123183e-08, 1.908634015004149e-06, -0.9999999999981752, 0.549999967011905], [5.231448779470878e-07, 0.9999999999980419, 1.9086339714764754e-06, 0.2441251417472177], [0.9999999999998599, -5.231447191413483e-07, -8.320437172582018e-08, -0.19573877208305723], [0.0, 0.0, 0.0, 1.0]]","[[3.3306690738754696e-16, -0.0, -1.0000000000000002, 0.55], [0.0, 1.0, -0.0, -0.2609003729297643], [1.0000000000000002, 0.0, 3.3306690738754696e-16, -0.19510184096907723], [0.0, 0.0, 0.0, 1.0]]","[[-1.0607858105249335e-06, 1.281712813869467e-06, -0.999999999998616, 0.550000002339871], [3.6183119027584404e-07, 0.9999999999991132, 1.2817124300447118e-06, -0.2424489602170354], [0.9999999999993718, -3.618298306529845e-07, -1.0607862741540686e-06, -0.19556840318467314], [0.0, 0.0, 0.0, 1.0]]"
9.66762661933899,-34.921128226158146,11.468788347648204,-6.622428475839303,-57.26231500124385,7.792330597635767,6.086046036355386,27.626095164254547,-34.921128226158146,-11.468788347648204,6.622428475839303,-57.26231500124385,-7.792330597635767,6.086046036355386,-27.626095164254547,"[[3.3306690738754696e-16, -0.0, -1.0000000000000002, 0.55], [0.0, 1.0, -0.0, 0.2525183585402909], [1.0000000000000002, 0.0, 3.3306690738754696e-16, -0.19595200362881973], [0.0, 0.0, 0.0, 1.0]]","[[-1.1566511204375018e-07, 1.911245977686962e-06, -0.9999999999981671, 0.5499999677774602], [5.331734102339631e-07, 0.9999999999980317, 1.9112459160171407e-06, 0.23575755678921909], [0.9999999999998513, -5.331731891685128e-07, -1.1566613100644219e-07, -0.19446789485708887], [0.0, 0.0, 0.0, 1.0]]","[[3.3306690738754696e-16, -0.0, -1.0000000000000002, 0.55], [0.0, 1.0, -0.0, -0.24412551509494895], [1.0000000000000002, 0.0, 3.3306690738754696e-16, -0.19573891219036282], [0.0, 0.0, 0.0, 1.0]]","[[-1.073354794101089e-06, 1.2656777815053968e-06, -0.999999999998623, 0.5499999892473747], [3.490537272541949e-07, 0.999999999999138, 1.2656774068475573e-06, -0.23242617705586793], [0.9999999999993631, -3.490523687328018e-07, -1.0733552359698528e-06, -0.19366963029296388], [0.0, 0.0, 0.0, 1.0]]"
9.716675519943237,-35.30718759352019,10.778884599963556,-7.308205935491617,-58.00747156421931,8.695462605924458,7.2479542755019954,27.24053269315462,-35.23813096591678,-10.88939279186613,7.196413668025079,-57.873982347080585,-8.54992664263712,7.040641385606007,-27.30605982050443,"[[3.3306690738754696e-16, -0.0, -1.0000000000000002, 0.55], [0.0, 1.0, -0.0, 0.23409061687250177], [1.0000000000000002, 0.0, 3.3306690738754696e-16, -0.19408934571484476], [0.0, 0.0, 0.0, 1.0]]","[[-1.056092769347039e-07, 1.923111834260086e-06, -0.9999999999981452, 0.5499999526279549], [5.162859862360348e-07, 0.9999999999980176, 1.9231117797352508e-06, 0.2258004484386575], [0.9999999999998611, -5.162857831366326e-07, -1.0561026991817712e-07, -0.19159401666672238], [0.0, 0.0, 0.0, 1.0]]","[[3.3306690738754696e-16, -0.0, -1.0000000000000002, 0.55], [0.0, 1.0, -0.0, -0.24412551509494895], [1.0000000000000002, 0.0, 3.3306690738754696e-16, -0.19573891219036282], [0.0, 0.0, 0.0, 1.0]]","[[-1.027152596366765e-06, 1.3031852674066166e-06, -0.9999999999986233, 0.5499999888803384], [3.1424868205974376e-07, 0.9999999999991016, 1.30318494462589e-06, -0.22251220328905782], [0.9999999999994231, -3.1424734348951166e-07, -1.0271530058170164e-06, -0.19032447195743943], [0.0, 0.0, 0.0, 1.0]]"
9.765172481536865,-35.763649135752146,10.152581866282775,-7.958191496345772,-58.87337562643685,9.528031076124101,8.59561463176898,26.836883881132497,-35.682417695953184,-10.252661213096387,7.852315880247758,-58.722162068401936,-9.39402276460845,8.359376317624811,-26.9053736030348,"[[3.3306690738754696e-16, -0.0, -1.0000000000000002, 0.55], [0.0, 1.0, -0.0, 0.23409061687250177], [1.0000000000000002, 0.0, 3.3306690738754696e-16, -0.19408934571484476], [0.0, 0.0, 0.0, 1.0]]","[[-1.6439302003012912e-07, 1.926284251167583e-06, -0.9999999999981312, 0.549999956691613], [5.396850561136915e-07, 0.9999999999979989, 1.926284162446872e-06, 0.2159931543252374], [0.9999999999998409, -5.39684739445012e-07, -1.6439405964296938e-07, -0.1873471446222198], [0.0, 0.0, 0.0, 1.0]]","[[3.3306690738754696e-16, -0.0, -1.0000000000000002, 0.55], [0.0, 1.0, -0.0, -0.2241542150508447], [1.0000000000000002, 0.0, 3.3306690738754696e-16, -0.19097827409558787], [0.0, 0.0, 0.0, 1.0]]","[[-9.908432251348742e-07, 1.314811285404532e-06, -0.9999999999986449, 0.5499999866153438], [2.886672504660154e-07, 0.999999999999094, 1.3148109993811331e-06, -0.21276840144886436], [0.9999999999994675, -2.88665947694053e-07, -9.90843604609104e-07, -0.18565020113570044], [0.0, 0.0, 0.0, 1.0]]"
9.814261674880981,-36.20206190310234,9.677053850982732,-8.473005052204435,-59.66094424906351,10.170582829840344,9.837933834240506,26.487801450389608,-36.20206190310234,-9.677053850982732,8.473005052204435,-59.66094424906351,-10.170582829840344,9.837933834240506,-26.487801450389608,"[[3.3306690738754696e-16, -0.0, -1.0000000000000002, 0.55], [0.0, 1.0, -0.0, 0.21437782677419356], [1.0000000000000002, 0.0, 3.3306690738754696e-16, -0.18651562619300796], [0.0, 0.0, 0.0, 1.0]]","[[-8.026436126851166e-08, 1.9025165966679385e-06, -0.9999999999981872, 0.5499999506986418], [5.073826036869793e-07, 0.9999999999980617, 1.9025165559429592e-06, 0.20797870830512324], [0.9999999999998683, -5.07382450981783e-07, -8.026532671845388e-08, -0.1828618943946646], [0.0, 0.0, 0.0, 1.0]]","[[3.3306690738754696e-16, -0.0, -1.0000000000000002, 0.55], [0.0, 1.0, -0.0, -0.2241542150508447], [1.0000000000000002, 0.0, 3.3306690738754696e-16, -0.19097827409558787], [0.0, 0.0, 0.0, 1.0]]","[[-1.0142082298991717e-06, 1.3201972533861464e-06, -0.9999999999986142, 0.5499999850286216], [2.818799865928871e-07, 0.999999999999089, 1.3201969675017707e-06, -0.20325510505869915], [0.999999999999446, -2.81878647637867e-07, -1.0142086020459296e-06, -0.1798010346748396], [0.0, 0.0, 0.0, 1.0]]"
