time,l_q0,l_q1,l_q2,l_q3,l_q4,l_q5,l_q6,r_q0,r_q1,r_q2,r_q3,r_q4,r_q5,r_q6,l_pose,l_real_pose,r_pose,r_real_pose
0.0,0.78797896758539,20.1784210347795,18.72952959105011,-85.17091532730659,-10.227098376353968,0.2576851614988627,34.01439670817686,0.78797896758539,-20.1784210347795,-18.72952959105011,-85.17091532730659,10.227098376353968,0.2576851614988627,-34.01439670817686,"[[2.220446049250313e-16, -0.0, -1.0, 0.4], [0.0, 1.0, -0.0, 0.4], [1.0, 0.0, 2.220446049250313e-16, -0.2], [0.0, 0.0, 0.0, 1.0]]","[[-4.182417706610764e-08, 1.5602190135780044e-06, -0.9999999999987819, 0.4000000021424714], [5.319208971454914e-07, 0.9999999999986413, 1.5602189913306311e-06, 0.399999757444666], [0.9999999999998574, -5.319208318899683e-07, -4.182500684679624e-08, -0.1999999066208615], [0.0, 0.0, 0.0, 1.0]]","[[2.220446049250313e-16, -0.0, -1.0, 0.4], [0.0, 1.0, -0.0, -0.4], [1.0, 0.0, 2.220446049250313e-16, -0.2], [0.0, 0.0, 0.0, 1.0]]","[[-9.954404295853259e-07, 8.131026205131037e-07, -0.9999999999991742, 0.3999999964329692], [7.50206652226041e-07, 0.9999999999993883, 8.131018737272456e-07, -0.3999999528491728], [0.9999999999992233, -7.502058428309428e-07, -9.954410397639002e-07, -0.1999996977982578], [0.0, 0.0, 0.0, 1.0]]"
0.008333333333333333,0.7944201027769764,20.13870006966129,18.665771482695334,-85.26243986218475,-10.158287635560674,0.3349180057864579,33.9977378767912,0.7944201027769764,-20.13870006966129,-18.665771482695334,-85.26243986218475,10.158287635560674,0.3349180057864579,-33.9977378767912,"[[2.220446049250313e-16, -0.0, -1.0, 0.4], [0.0, 1.0, -0.0, 0.39937500000000004], [1.0, 0.0, 2.220446049250313e-16, -0.2], [0.0, 0.0, 0.0, 1.0]]","[[-7.00209806803187e-09, 1.5208070553644395e-06, -0.9999999999988438, 0.40000000243795353], [4.958934658425399e-07, 0.9999999999987208, 1.5208070518919578e-06, 0.3993747777777546], [0.9999999999998772, -4.958934551931261e-07, -7.0028521315101955e-09, -0.19999991458912703], [0.0, 0.0, 0.0, 1.0]]","[[2.220446049250313e-16, -0.0, -1.0, 0.4], [0.0, 1.0, -0.0, -0.39937500000000004], [1.0, 0.0, 2.220446049250313e-16, -0.2], [0.0, 0.0, 0.0, 1.0]]","[[-9.602603890934702e-07, 8.52577660759851e-07, -0.9999999999991758, 0.39999999670222636], [7.844767068283928e-07, 0.9999999999993291, 8.52576907458074e-07, -0.39937497300487096], [0.9999999999992315, -7.844758881319132e-07, -9.602610578918203e-07, -0.19999970641009648], [0.0, 0.0, 0.0, 1.0]]"
0.016666666666666666,0.8006863210927871,20.099057651718535,18.60183749696943,-85.35367069892861,-10.089389809855463,0.412070088423203,33.98088096991961,0.8006863210927871,-20.099057651718535,-18.60183749696943,-85.35367069892861,10.089389809855463,0.412070088423203,-33.98088096991961,"[[2.220446049250313e-16, -0.0, -1.0, 0.4], [0.0, 1.0, -0.0, 0.39875000000000005], [1.0, 0.0, 2.220446049250313e-16, -0.2], [0.0, 0.0, 0.0, 1.0]]","[[-4.119230045951383e-08, 1.5204824949266857e-06, -0.999999999998843, 0.4000000011315378], [5.472101312273123e-07, 0.9999999999986942, 1.5204824723856152e-06, 0.39874977616743174], [0.9999999999998493, -5.472100685945084e-07, -4.1193132460648485e-08, -0.19999990313287327], [0.0, 0.0, 0.0, 1.0]]","[[2.220446049250313e-16, -0.0, -1.0, 0.4], [0.0, 1.0, -0.0, -0.39875000000000005], [1.0, 0.0, 2.220446049250313e-16, -0.2], [0.0, 0.0, 0.0, 1.0]]","[[-9.940885273840294e-07, 8.529696107103227e-07, -0.9999999999991421, 0.3999999953693469], [7.31404350526745e-07, 0.9999999999993688, 8.529688836298423e-07, -0.3987499712190519], [0.9999999999992385, -7.314035025995362e-07, -9.940891511073247e-07, -0.1999996955979156], [0.0, 0.0, 0.0, 1.0]]"
0.025,0.8067777826153807,20.05949548849853,18.537725926325106,-85.444601007349,-10.020404045464687,0.4891413293678186,33.96381915737292,0.8067777826153807,-20.05949548849853,-18.537725926325106,-85.444601007349,10.020404045464687,0.4891413293678186,-33.96381915737292,"[[2.220446049250313e-16, -0.0, -1.0, 0.4], [0.0, 1.0, -0.0, 0.398125], [1.0, 0.0, 2.220446049250313e-16, -0.2], [0.0, 0.0, 0.0, 1.0]]","[[-3.0122832117562837e-08, 1.5138681029790745e-06, -0.9999999999988538, 0.4000000013765208], [5.465842832634528e-07, 0.9999999999987049, 1.5138680865141825e-06, 0.3981247755101116], [0.9999999999998503, -5.46584237660832e-07, -3.012365967780539e-08, -0.19999990953852004], [0.0, 0.0, 0.0, 1.0]]","[[2.220446049250313e-16, -0.0, -1.0, 0.4], [0.0, 1.0, -0.0, -0.398125], [1.0, 0.0, 2.220446049250313e-16, -0.2], [0.0, 0.0, 0.0, 1.0]]","[[-9.82652768710679e-07, 8.596558160273316e-07, -0.9999999999991479, 0.39999999558763977], [7.302762350070888e-07, 0.9999999999993641, 8.596550984195532e-07, -0.3981249703881814], [0.9999999999992507, -7.302753902640038e-07, -9.82653396430777e-07, -0.1999997026480935], [0.0, 0.0, 0.0, 1.0]]"
0.03333333333333333,0.8126945940664629,20.020013580001272,18.473440185856944,-85.53523761763506,-9.951331196161995,0.5661315418573197,33.94655585424571,0.8126945940664629,-20.020013580001272,-18.473440185856944,-85.53523761763506,9.951331196161995,0.5661315418573197,-33.94655585424571,"[[2.220446049250313e-16, -0.0, -1.0, 0.4], [0.0, 1.0, -0.0, 0.3975], [1.0, 0.0, 2.220446049250313e-16, -0.2], [0.0, 0.0, 0.0, 1.0]]","[[-8.584780469833575e-08, 1.5389533620557953e-06, -0.9999999999988122, 0.40000000061445246], [5.287564592394046e-07, 0.9999999999986762, 1.5389533166630045e-06, 0.39749976758362854], [0.9999999999998567, -5.287563271230125e-07, -8.58486184918128e-08, -0.19999988656817524], [0.0, 0.0, 0.0, 1.0]]","[[2.220446049250313e-16, -0.0, -1.0, 0.4], [0.0, 1.0, -0.0, -0.3975], [1.0, 0.0, 2.220446049250313e-16, -0.2], [0.0, 0.0, 0.0, 1.0]]","[[-1.0380072925086914e-06, 8.346467411744064e-07, -0.999999999999113, 0.3999999947986501], [7.463518020063963e-07, 0.9999999999993732, 8.346459664560102e-07, -0.39749996229003004], [0.9999999999991828, -7.463509356371345e-07, -1.0380079153438082e-06, -0.19999968032275106], [0.0, 0.0, 0.0, 1.0]]"
0.041666666666666664,0.8184368621677396,19.98061021867947,18.408978568017655,-85.62557369959765,-9.882170408173739,0.643040592489574,33.929091060537985,0.8184368621677396,-19.98061021867947,-18.408978568017655,-85.62557369959765,9.882170408173739,0.643040592489574,-33.929091060537985,"[[2.220446049250313e-16, -0.0, -1.0, 0.4], [0.0, 1.0, -0.0, 0.39687500000000003], [1.0, 0.0, 2.220446049250313e-16, -0.2], [0.0, 0.0, 0.0, 1.0]]","[[-8.550908087157083e-08, 1.5503476254586079e-06, -0.9999999999987946, 0.40000000011184195], [5.321131953718534e-07, 0.9999999999986566, 1.5503475799578838e-06, 0.39687476364367724], [0.9999999999998549, -5.321130628024152e-07, -8.550990598932273e-08, -0.19999988684855738], [0.0, 0.0, 0.0, 1.0]]","[[2.220446049250313e-16, -0.0, -1.0, 0.4], [0.0, 1.0, -0.0, -0.39687500000000003], [1.0, 0.0, 2.220446049250313e-16, -0.2], [0.0, 0.0, 0.0, 1.0]]","[[-1.0372939641123402e-06, 8.233330251240781e-07, -0.9999999999991231, 0.3999999942689011], [7.412445582578447e-07, 0.9999999999993865, 8.233322562357887e-07, -0.39687495818035634], [0.9999999999991873, -7.412437042196148e-07, -1.0372945742909145e-06, -0.19999968124859244], [0.0, 0.0, 0.0, 1.0]]"
0.05,0.8240046402800635,19.94128540453312,18.344341072807243,-85.71560925323676,-9.812919973952626,0.7198683745428757,33.911424776249746,0.8240046402800635,-19.94128540453312,-18.344341072807243,-85.71560925323676,9.812919973952626,0.7198683745428757,-33.911424776249746,"[[2.220446049250313e-16, -0.0, -1.0, 0.4], [0.0, 1.0, -0.0, 0.39625000000000005], [1.0, 0.0, 2.220446049250313e-16, -0.2], [0.0, 0.0, 0.0, 1.0]]","[[-3.447712265680636e-08, 1.5317495215786172e-06, -0.9999999999988263, 0.4000000007440486], [5.477182830158917e-07, 0.9999999999986768, 1.531749502694638e-06, 0.396249765814938], [0.9999999999998495, -5.477182302049331e-07, -3.447796176336837e-08, -0.19999991035014228], [0.0, 0.0, 0.0, 1.0]]","[[2.220446049250313e-16, -0.0, -1.0, 0.4], [0.0, 1.0, -0.0, -0.39625000000000005], [1.0, 0.0, 2.220446049250313e-16, -0.2], [0.0, 0.0, 0.0, 1.0]]","[[-9.858832492048997e-07, 8.420160414806643e-07, -0.9999999999991595, 0.3999999948737526], [7.23890730458515e-07, 0.9999999999993834, 8.420153278091074e-07, -0.39624996018383934], [0.999999999999252, -7.238899003290994e-07, -9.858838587173402e-07, -0.19999970539608825], [0.0, 0.0, 0.0, 1.0]]"
0.058333333333333334,0.8293981418468465,19.902040845109518,18.27953111532028,-85.80535110874156,-9.743581601045948,0.7966146745738133,33.89355700138099,0.8293981418468465,-19.902040845109518,-18.27953111532028,-85.80535110874156,9.743581601045948,0.7966146745738133,-33.89355700138099,"[[2.220446049250313e-16, -0.0, -1.0, 0.4], [0.0, 1.0, -0.0, 0.395625], [1.0, 0.0, 2.220446049250313e-16, -0.2], [0.0, 0.0, 0.0, 1.0]]","[[-4.022906396894399e-08, 1.5334385880463261e-06, -0.9999999999988236, 0.4000000005143157], [5.209937631675207e-07, 0.9999999999986887, 1.5334385670870278e-06, 0.3956247706382229], [0.9999999999998637, -5.209937014781094e-07, -4.022986288543251e-08, -0.19999990345872834], [0.0, 0.0, 0.0, 1.0]]","[[2.220446049250313e-16, -0.0, -1.0, 0.4], [0.0, 1.0, -0.0, -0.395625], [1.0, 0.0, 2.220446049250313e-16, -0.2], [0.0, 0.0, 0.0, 1.0]]","[[-9.912522854205186e-07, 8.404162603538435e-07, -0.9999999999991556, 0.3999999946164463], [7.488682487883189e-07, 0.9999999999993665, 8.404155180366576e-07, -0.3956249648412225], [0.9999999999992284, -7.488674157238836e-07, -9.912529149169735e-07, -0.19999969915103796], [0.0, 0.0, 0.0, 1.0]]"
0.06666666666666667,0.8346173668680882,19.86287312531408,18.214546988009488,-85.89479926611205,-9.67415272813277,0.8732793858606809,33.87548773593173,0.8346173668680882,-19.86287312531408,-18.214546988009488,-85.89479926611205,9.67415272813277,0.8732793858606809,-33.87548773593173,"[[2.220446049250313e-16, -0.0, -1.0, 0.4], [0.0, 1.0, -0.0, 0.395], [1.0, 0.0, 2.220446049250313e-16, -0.2], [0.0, 0.0, 0.0, 1.0]]","[[-9.043003662556615e-08, 1.5503870393637258e-06, -0.999999999998794, 0.39999999963255767], [4.998607661074891e-07, 0.9999999999986731, 1.5503869941611112e-06, 0.39499976071787735], [0.9999999999998709, -4.998606259053337e-07, -9.043081156123733e-08, -0.19999988678794411], [0.0, 0.0, 0.0, 1.0]]","[[2.220446049250313e-16, -0.0, -1.0, 0.4], [0.0, 1.0, -0.0, -0.395], [1.0, 0.0, 2.220446049250313e-16, -0.2], [0.0, 0.0, 0.0, 1.0]]","[[-1.041066207740915e-06, 8.235614573594154e-07, -0.9999999999991191, 0.3999999937069035], [7.682559931029059e-07, 0.9999999999993661, 8.235606575542654e-07, -0.39499995475686905], [0.9999999999991631, -7.682551357210584e-07, -1.041066840568039e-06, -0.19999968312708602], [0.0, 0.0, 0.0, 1.0]]"
0.075,0.8396624754263475,19.823783952694097,18.14938869087486,-85.98394689515905,-9.60463506276038,0.94986234832092,33.857220394996524,0.8396624754263475,-19.823783952694097,-18.14938869087486,-85.98394689515905,9.60463506276038,0.94986234832092,-33.857220394996524,"[[2.220446049250313e-16, -0.0, -1.0, 0.4], [0.0, 1.0, -0.0, 0.39437500000000003], [1.0, 0.0, 2.220446049250313e-16, -0.2], [0.0, 0.0, 0.0, 1.0]]","[[-6.362130156034596e-08, 1.5508050720722915e-06, -0.9999999999987956, 0.40000000003216213], [5.246562951806693e-07, 0.99999999999866, 1.550805038692765e-06, 0.3943747642839079], [0.9999999999998606, -5.246561965158024e-07, -6.36221151317784e-08, -0.1999998938971963], [0.0, 0.0, 0.0, 1.0]]","[[2.220446049250313e-16, -0.0, -1.0, 0.4], [0.0, 1.0, -0.0, -0.39437500000000003], [1.0, 0.0, 2.220446049250313e-16, -0.2], [0.0, 0.0, 0.0, 1.0]]","[[-1.0138663447123442e-06, 8.232413836743365e-07, -0.9999999999991475, 0.39999999407852704], [7.417169931839995e-07, 0.9999999999993865, 8.232406316726364e-07, -0.39437495816083207], [0.9999999999992112, -7.41716158527397e-07, -1.0138669553350077e-06, -0.19999969088361452], [0.0, 0.0, 0.0, 1.0]]"
0.08333333333333333,0.8445335742433302,19.784771619702276,18.084057931463686,-86.07280082607174,-9.535026043607841,1.026363348511119,33.83875156348081,0.8445335742433302,-19.784771619702276,-18.084057931463686,-86.07280082607174,9.535026043607841,1.026363348511119,-33.83875156348081,"[[2.220446049250313e-16, -0.0, -1.0, 0.4], [0.0, 1.0, -0.0, 0.39375000000000004], [1.0, 0.0, 2.220446049250313e-16, -0.2], [0.0, 0.0, 0.0, 1.0]]","[[-8.369356008230966e-08, 1.5469771616197912e-06, -0.9999999999988001, 0.3999999992737644], [5.389691258659204e-07, 0.9999999999986584, 1.5469771165113273e-06, 0.39374976317698795], [0.9999999999998515, -5.389689963932513e-07, -8.369439385980115e-08, -0.19999988810135066], [0.0, 0.0, 0.0, 1.0]]","[[2.220446049250313e-16, -0.0, -1.0, 0.4], [0.0, 1.0, -0.0, -0.39375000000000004], [1.0, 0.0, 2.220446049250313e-16, -0.2], [0.0, 0.0, 0.0, 1.0]]","[[-1.0335433370256553e-06, 8.271716166517376e-07, -0.9999999999991239, 0.39999999329194164], [7.256624713345656e-07, 0.9999999999993946, 8.271708666483494e-07, -0.3937499568937308], [0.9999999999992027, -7.25661616416992e-07, -1.0335439372122224e-06, -0.19999968573549734], [0.0, 0.0, 0.0, 1.0]]"
0.09166666666666666,0.8492306633190363,19.74583612633862,18.018554709775973,-86.16135422866095,-9.465327378222446,1.1027822797095719,33.820081241384585,0.8492306633190363,-19.74583612633862,-18.018554709775973,-86.16135422866095,9.465327378222446,1.1027822797095719,-33.820081241384585,"[[2.220446049250313e-16, -0.0, -1.0, 0.4], [0.0, 1.0, -0.0, 0.393125], [1.0, 0.0, 2.220446049250313e-16, -0.2], [0.0, 0.0, 0.0, 1.0]]","[[-2.5886361387783552e-08, 1.5069152679831066e-06, -0.9999999999988644, 0.39999999896318894], [5.528693192177105e-07, 0.9999999999987118, 1.5069152536711018e-06, 0.3931247795620033], [0.9999999999998469, -5.528692802085299e-07, -2.588719449914123e-08, -0.19999990983704177], [0.0, 0.0, 0.0, 1.0]]","[[2.220446049250313e-16, -0.0, -1.0, 0.4], [0.0, 1.0, -0.0, -0.393125], [1.0, 0.0, 2.220446049250313e-16, -0.2], [0.0, 0.0, 0.0, 1.0]]","[[-9.753367390952228e-07, 8.673401981934357e-07, -0.9999999999991482, 0.39999999295298755], [7.10022398993112e-07, 0.9999999999993718, 8.673395056826984e-07, -0.3931249731205041], [0.9999999999992724, -7.100215530444221e-07, -9.753373548249122e-07, -0.1999997081193423], [0.0, 0.0, 0.0, 1.0]]"
0.1,0.8537539560968772,19.706977472603125,17.952877318264424,-86.24962076330503,-9.3955373590569,1.1791189284728674,33.801209428707836,0.8537539560968772,-19.706977472603125,-17.952877318264424,-86.24962076330503,9.3955373590569,1.1791189284728674,-33.801209428707836,"[[2.220446049250313e-16, -0.0, -1.0, 0.4], [0.0, 1.0, -0.0, 0.3925], [1.0, 0.0, 2.220446049250313e-16, -0.2], [0.0, 0.0, 0.0, 1.0]]","[[-7.350502351233246e-08, 1.569127749010403e-06, -0.9999999999987663, 0.3999999992753659], [5.153034083828893e-07, 0.9999999999986363, 1.5691277111328099e-06, 0.3924997563817597], [0.9999999999998646, -5.153032930434842e-07, -7.35058321987836e-08, -0.19999989105697571], [0.0, 0.0, 0.0, 1.0]]","[[2.220446049250313e-16, -0.0, -1.0, 0.4], [0.0, 1.0, -0.0, -0.3925], [1.0, 0.0, 2.220446049250313e-16, -0.2], [0.0, 0.0, 0.0, 1.0]]","[[-1.0225518691786561e-06, 8.052387731176121e-07, -0.9999999999991532, 0.39999999323660357], [7.458501473355917e-07, 0.9999999999993978, 8.052380104473469e-07, -0.39249994978386427], [0.9999999999991992, -7.458493239373273e-07, -1.0225524698093125e-06, -0.19999968998791706], [0.0, 0.0, 0.0, 1.0]]"
0.10833333333333334,0.858103452576853,19.668195658495794,17.887029172023624,-86.33758676962563,-9.325655132337562,1.2553731880792995,33.78213954054516,0.858103452576853,-19.668195658495794,-17.887029172023624,-86.33758676962563,9.325655132337562,1.2553731880792995,-33.78213954054516,"[[2.220446049250313e-16, -0.0, -1.0, 0.4], [0.0, 1.0, -0.0, 0.39187500000000003], [1.0, 0.0, 2.220446049250313e-16, -0.2], [0.0, 0.0, 0.0, 1.0]]","[[-6.231537286183197e-08, 1.5503888753259506e-06, -0.9999999999987962, 0.39999999975115924], [5.21203532363883e-07, 0.9999999999986622, 1.5503888428467509e-06, 0.391874763147212], [0.9999999999998622, -5.212034357501969e-07, -6.23161808821493e-08, -0.19999989478904107], [0.0, 0.0, 0.0, 1.0]]","[[2.220446049250313e-16, -0.0, -1.0, 0.4], [0.0, 1.0, -0.0, -0.39187500000000003], [1.0, 0.0, 2.220446049250313e-16, -0.2], [0.0, 0.0, 0.0, 1.0]]","[[-1.0109546239034373e-06, 8.240930117822824e-07, -0.9999999999991497, 0.39999999368364214], [7.382137201719138e-07, 0.9999999999993882, 8.240922654819051e-07, -0.39187495639485004], [0.9999999999992167, -7.382128870513995e-07, -1.0109552323056548e-06, -0.1999996943690369], [0.0, 0.0, 0.0, 1.0]]"
0.11666666666666667,0.8622793128415225,19.62948897646933,17.82101027105357,-86.42525907781192,-9.25568240561172,1.3315448450854568,33.76286816180197,0.8622793128415225,-19.62948897646933,-17.82101027105357,-86.42525907781192,9.25568240561172,1.3315448450854568,-33.76286816180197,"[[2.220446049250313e-16, -0.0, -1.0, 0.4], [0.0, 1.0, -0.0, 0.39125000000000004], [1.0, 0.0, 2.220446049250313e-16, -0.2], [0.0, 0.0, 0.0, 1.0]]","[[-5.7196708258544504e-08, 1.5487951549133072e-06, -0.9999999999987991, 0.39999999893986693], [5.103961826776721e-07, 0.9999999999986704, 1.5487951257201265e-06, 0.3912497664127188], [0.9999999999998682, -5.103960940910762e-07, -5.719749873733804e-08, -0.19999989491682663], [0.0, 0.0, 0.0, 1.0]]","[[2.220446049250313e-16, -0.0, -1.0, 0.4], [0.0, 1.0, -0.0, -0.39125000000000004], [1.0, 0.0, 2.220446049250313e-16, -0.2], [0.0, 0.0, 0.0, 1.0]]","[[-1.0054242419732518e-06, 8.258064591581961e-07, -0.9999999999991537, 0.3999999928434175], [7.472865618891075e-07, 0.9999999999993799, 8.25805707818358e-07, -0.3912499595077787], [0.9999999999992154, -7.472857316033973e-07, -1.0054248590352088e-06, -0.19999969514631724], [0.0, 0.0, 0.0, 1.0]]"
0.125,0.8662815368908855,19.590857426523737,17.75481890780698,-86.51263768786389,-9.185616617558438,1.407633686047928,33.74339870757285,0.8662815368908855,-19.590857426523737,-17.75481890780698,-86.51263768786389,9.185616617558438,1.407633686047928,-33.74339870757285,"[[2.220446049250313e-16, -0.0, -1.0, 0.4], [0.0, 1.0, -0.0, 0.390625], [1.0, 0.0, 2.220446049250313e-16, -0.2], [0.0, 0.0, 0.0, 1.0]]","[[-5.753923748574863e-08, 1.5610620195693122e-06, -0.99999999999878, 0.3999999991158669], [5.316856183360152e-07, 0.9999999999986403, 1.5610619889763087e-06, 0.3906247600133342], [0.9999999999998571, -5.316855285130498e-07, -5.754006748848184e-08, -0.19999989624585773], [0.0, 0.0, 0.0, 1.0]]","[[2.220446049250313e-16, -0.0, -1.0, 0.4], [0.0, 1.0, -0.0, -0.390625], [1.0, 0.0, 2.220446049250313e-16, -0.2], [0.0, 0.0, 0.0, 1.0]]","[[-1.00535099684107e-06, 8.136636301646056e-07, -0.9999999999991637, 0.39999999299031264], [7.242644249138323e-07, 0.9999999999994067, 8.136629020248418e-07, -0.39062495295770977], [0.9999999999992325, -7.242636068964168e-07, -1.0053515861474516e-06, -0.19999969712529592], [0.0, 0.0, 0.0, 1.0]]"
0.13333333333333333,0.8701102848075007,19.552301008659015,17.688458497378427,-86.59972259978154,-9.115457768177713,1.4836396042450066,33.72372776276321,0.8701102848075007,-19.552301008659015,-17.688458497378427,-86.59972259978154,9.115457768177713,1.4836396042450066,-33.72372776276321,"[[2.220446049250313e-16, -0.0, -1.0, 0.4], [0.0, 1.0, -0.0, 0.39], [1.0, 0.0, 2.220446049250313e-16, -0.2], [0.0, 0.0, 0.0, 1.0]]","[[-8.389989003543263e-08, 1.5456932209600194e-06, -0.999999999998802, 0.39999999787437235], [5.207555545538491e-07, 0.9999999999986698, 1.5456931772684815e-06, 0.38999976246636275], [0.9999999999998609, -5.207554248697376e-07, -8.390069494712549e-08, -0.19999988855471768], [0.0, 0.0, 0.0, 1.0]]","[[2.220446049250313e-16, -0.0, -1.0, 0.4], [0.0, 1.0, -0.0, -0.39], [1.0, 0.0, 2.220446049250313e-16, -0.2], [0.0, 0.0, 0.0, 1.0]]","[[-1.0312917599342164e-06, 8.291608276073075e-07, -0.9999999999991245, 0.3999999917195325], [7.334636298372721e-07, 0.9999999999993874, 8.291600711925278e-07, -0.3899999552619329], [0.9999999999991993, -7.334627747306808e-07, -1.0312923681143893e-06, -0.19999969008452423], [0.0, 0.0, 0.0, 1.0]]"
0.14166666666666666,0.8737656099522212,19.513819722875166,17.621927332220626,-86.6865138135649,-9.045206711243193,1.5595623862332817,33.703858742467645,0.8737656099522212,-19.513819722875166,-17.621927332220626,-86.6865138135649,9.045206711243193,1.5595623862332817,-33.703858742467645,"[[2.220446049250313e-16, -0.0, -1.0, 0.4], [0.0, 1.0, -0.0, 0.389375], [1.0, 0.0, 2.220446049250313e-16, -0.2], [0.0, 0.0, 0.0, 1.0]]","[[-1.0167003039462941e-07, 1.548660123385258e-06, -0.9999999999987959, 0.39999999725306556], [5.247498396177699e-07, 0.9999999999986635, 1.5486600700337207e-06, 0.38937476276679966], [0.9999999999998574, -5.247496821648218e-07, -1.0167084307788343e-07, -0.19999988029657192], [0.0, 0.0, 0.0, 1.0]]","[[2.220446049250313e-16, -0.0, -1.0, 0.4], [0.0, 1.0, -0.0, -0.389375], [1.0, 0.0, 2.220446049250313e-16, -0.2], [0.0, 0.0, 0.0, 1.0]]","[[-1.0486379617979935e-06, 8.263266337795746e-07, -0.9999999999991089, 0.3999999910687798], [7.277403041450352e-07, 0.999999999999394, 8.263258706437009e-07, -0.3893749554154527], [0.9999999999991855, -7.277394376277099e-07, -1.0486385630947836e-06, -0.19999968247718605], [0.0, 0.0, 0.0, 1.0]]"
0.15,0.8772475656858997,19.47541186162489,17.555225412333574,-86.77301132921394,-8.97486259298123,1.6354018185693413,33.68378823159156,0.8772475656858997,-19.47541186162489,-17.555225412333574,-86.77301132921394,8.97486259298123,1.6354018185693413,-33.68378823159156,"[[2.220446049250313e-16, -0.0, -1.0, 0.4], [0.0, 1.0, -0.0, 0.38875000000000004], [1.0, 0.0, 2.220446049250313e-16, -0.2], [0.0, 0.0, 0.0, 1.0]]","[[-1.0449184317806726e-07, 1.5661824439175839e-06, -0.9999999999987681, 0.3999999968436196], [5.041790001868247e-07, 0.9999999999986464, 1.5661823912348006e-06, 0.3887497559835054], [0.9999999999998674, -5.041788365329189e-07, -1.0449263276868237e-07, -0.1999998796221399], [0.0, 0.0, 0.0, 1.0]]","[[2.220446049250313e-16, -0.0, -1.0, 0.4], [0.0, 1.0, -0.0, -0.38875000000000004], [1.0, 0.0, 2.220446049250313e-16, -0.2], [0.0, 0.0, 0.0, 1.0]]","[[-1.0510317270395753e-06, 8.08941384109437e-07, -0.9999999999991207, 0.39999999062973246], [7.465839326949321e-07, 0.9999999999993945, 8.089405994262581e-07, -0.38874994848713496], [0.9999999999991691, -7.465830824720403e-07, -1.0510323310009007e-06, -0.19999968245399533], [0.0, 0.0, 0.0, 1.0]]"
0.15833333333333333,0.8805562053693891,19.437079132455487,17.488354445264562,-86.85921514672867,-8.904424559618182,1.71115779453148,33.66352306032414,0.8805562053693891,-19.437079132455487,-17.488354445264562,-86.85921514672867,8.904424559618182,1.71115779453148,-33.66352306032414,"[[2.220446049250313e-16, -0.0, -1.0, 0.4], [0.0, 1.0, -0.0, 0.388125], [1.0, 0.0, 2.220446049250313e-16, -0.2], [0.0, 0.0, 0.0, 1.0]]","[[-1.1124524712524675e-07, 1.5697273254345447e-06, -0.9999999999987619, 0.3999999971263353], [5.421271793064537e-07, 0.9999999999986212, 1.5697272651252517e-06, 0.3881247580053361], [0.999999999999847, -5.421270046810851e-07, -1.1124609800017282e-07, -0.199999873474344], [0.0, 0.0, 0.0, 1.0]]","[[2.220446049250313e-16, -0.0, -1.0, 0.4], [0.0, 1.0, -0.0, -0.388125], [1.0, 0.0, 2.220446049250313e-16, -0.2], [0.0, 0.0, 0.0, 1.0]]","[[-1.057353107181136e-06, 8.055378299888149e-07, -0.9999999999991167, 0.39999999088268673], [7.069103986502013e-07, 0.9999999999994259, 8.055370825351574e-07, -0.3881249503658219], [0.9999999999991913, -7.069095469124397e-07, -1.057353676503503e-06, -0.19999967695786974], [0.0, 0.0, 0.0, 1.0]]"
0.16666666666666666,0.883691689085248,19.398818120272367,17.421314431013595,-86.94512526610909,-8.8338917573804,1.7868299939545802,33.64305298338161,0.883691689085248,-19.398818120272367,-17.421314431013595,-86.94512526610909,8.8338917573804,1.7868299939545802,-33.64305298338161,"[[2.220446049250313e-16, -0.0, -1.0, 0.4], [0.0, 1.0, -0.0, 0.3875], [1.0, 0.0, 2.220446049250313e-16, -0.2], [0.0, 0.0, 0.0, 1.0]]","[[-1.1024500345957478e-07, 1.5555411847598513e-06, -0.9999999999987842, 0.39999999615976367], [5.089198777859995e-07, 0.9999999999986607, 1.5555411286537856e-06, 0.38749975835695355], [0.9999999999998644, -5.089197062947434e-07, -1.1024579527063594e-07, -0.19999987801262106], [0.0, 0.0, 0.0, 1.0]]","[[2.220446049250313e-16, -0.0, -1.0, 0.4], [0.0, 1.0, -0.0, -0.3875], [1.0, 0.0, 2.220446049250313e-16, -0.2], [0.0, 0.0, 0.0, 1.0]]","[[-1.0559166752632798e-06, 8.19869710283581e-07, -0.9999999999991067, 0.3999999898862], [7.383942153252513e-07, 0.9999999999993916, 8.198689306010496e-07, -0.3874999505761862], [0.9999999999991702, -7.383933496113161e-07, -1.0559172807789174e-06, -0.1999996821482306], [0.0, 0.0, 0.0, 1.0]]"
0.175,0.8866540168334766,19.36063224017012,17.35410536958067,-87.0307416873552,-8.763265040041528,1.8624182033952303,33.622388246047734,0.8866540168334766,-19.36063224017012,-17.35410536958067,-87.0307416873552,8.763265040041528,1.8624182033952303,-33.622388246047734,"[[2.220446049250313e-16, -0.0, -1.0, 0.4], [0.0, 1.0, -0.0, 0.386875], [1.0, 0.0, 2.220446049250313e-16, -0.2], [0.0, 0.0, 0.0, 1.0]]","[[-9.465081968196287e-08, 1.5461114109968072e-06, -0.9999999999988003, 0.39999999703760797], [5.145355002919843e-07, 0.9999999999986724, 1.5461113622954026e-06, 0.3868747665794436], [0.9999999999998632, -5.145353539506591e-07, -9.465161526778232e-08, -0.19999988004002295], [0.0, 0.0, 0.0, 1.0]]","[[2.220446049250313e-16, -0.0, -1.0, 0.4], [0.0, 1.0, -0.0, -0.386875], [1.0, 0.0, 2.220446049250313e-16, -0.2], [0.0, 0.0, 0.0, 1.0]]","[[-1.0398823348523045e-06, 8.294494834851689e-07, -0.9999999999991153, 0.3999999907339855], [7.31056969593723e-07, 0.9999999999993887, 8.294487232721672e-07, -0.3868749586593036], [0.9999999999991921, -7.310561070640014e-07, -1.0398829412561206e-06, -0.19999968482814154], [0.0, 0.0, 0.0, 1.0]]"
0.18333333333333332,0.8894432953357806,19.322518077054156,17.286727260965787,-87.116064410467,-8.692543553827925,1.9379223161317247,33.601522018133345,0.8894432953357806,-19.322518077054156,-17.286727260965787,-87.116064410467,8.692543553827925,1.9379223161317247,-33.601522018133345,"[[2.220446049250313e-16, -0.0, -1.0, 0.4], [0.0, 1.0, -0.0, 0.38625000000000004], [1.0, 0.0, 2.220446049250313e-16, -0.2], [0.0, 0.0, 0.0, 1.0]]","[[-5.059178148636434e-08, 1.5358265281511326e-06, -0.9999999999988193, 0.3999999980181495], [4.889258900195375e-07, 0.999999999998701, 1.535826503415319e-06, 0.38624977225896373], [0.9999999999998791, -4.889258123187613e-07, -5.0592532441218196e-08, -0.1999998956344274], [0.0, 0.0, 0.0, 1.0]]","[[2.220446049250313e-16, -0.0, -1.0, 0.4], [0.0, 1.0, -0.0, -0.38625000000000004], [1.0, 0.0, 2.220446049250313e-16, -0.2], [0.0, 0.0, 0.0, 1.0]]","[[-9.953790466310508e-07, 8.398887262258468e-07, -0.9999999999991519, 0.39999999168433076], [7.549468288704624e-07, 0.9999999999993624, 8.398879747677688e-07, -0.38624996420134283], [0.9999999999992196, -7.549459928629305e-07, -9.953796807904425e-07, -0.19999970107547244], [0.0, 0.0, 0.0, 1.0]]"
0.19166666666666665,0.8920595779530127,19.284475630924476,17.21918181271624,-87.20110026563366,-8.621727298739586,2.013342332164063,33.58046112982761,0.8920595779530127,-19.284475630924476,-17.21918181271624,-87.20110026563366,8.621727298739586,2.013342332164063,-33.58046112982761,"[[2.220446049250313e-16, -0.0, -1.0, 0.4], [0.0, 1.0, -0.0, 0.385625], [1.0, 0.0, 2.220446049250313e-16, -0.2], [0.0, 0.0, 0.0, 1.0]]","[[-8.05550116611542e-08, 1.571605064631029e-06, -0.9999999999987619, 0.3999999973386106], [5.259761738778099e-07, 0.9999999999986268, 1.5716050222607999e-06, 0.385624759533963], [0.9999999999998586, -5.259760472764979e-07, -8.055583833321833e-08, -0.19999988261038162], [0.0, 0.0, 0.0, 1.0]]","[[2.220446049250313e-16, -0.0, -1.0, 0.4], [0.0, 1.0, -0.0, -0.385625], [1.0, 0.0, 2.220446049250313e-16, -0.2], [0.0, 0.0, 0.0, 1.0]]","[[-1.0248940621182534e-06, 8.042687981002168e-07, -0.9999999999991515, 0.3999999909744573], [7.161786335751559e-07, 0.9999999999994202, 8.042680640932039e-07, -0.38562495134069613], [0.9999999999992185, -7.161778092849849e-07, -1.0248946381019586e-06, -0.19999968870480073], [0.0, 0.0, 0.0, 1.0]]"
0.2,0.8945028646851733,19.246504901781083,17.151469024832025,-87.28584242266601,-8.55081456722922,2.0886776111620113,33.55919875094136,0.8945028646851733,-19.246504901781083,-17.151469024832025,-87.28584242266601,8.55081456722922,2.0886776111620113,-33.55919875094136,"[[2.220446049250313e-16, -0.0, -1.0, 0.4], [0.0, 1.0, -0.0, 0.385], [1.0, 0.0, 2.220446049250313e-16, -0.2], [0.0, 0.0, 0.0, 1.0]]","[[-1.0007754736029995e-07, 1.5771335712299995e-06, -0.9999999999987513, 0.3999999969830456], [5.158245249045615e-07, 0.9999999999986233, 1.5771335196073445e-06, 0.3849997547975669], [0.999999999999862, -5.158243670682631e-07, -1.0007836093173239e-07, -0.1999998773449256], [0.0, 0.0, 0.0, 1.0]]","[[2.220446049250313e-16, -0.0, -1.0, 0.4], [0.0, 1.0, -0.0, -0.385], [1.0, 0.0, 2.220446049250313e-16, -0.2], [0.0, 0.0, 0.0, 1.0]]","[[-1.0439643002846388e-06, 7.98903263386814e-07, -0.999999999999136, 0.3999999905884208], [7.246142854020598e-07, 0.9999999999994185, 7.989025069155941e-07, -0.3849999464705363], [0.9999999999991926, -7.246134513757371e-07, -1.0439648791549239e-06, -0.19999968409311847], [0.0, 0.0, 0.0, 1.0]]"
0.20833333333333334,0.8967733156148207,19.208605889623975,17.083590604860436,-87.37029088156405,-8.479806213070475,2.163928153125569,33.53773829656918,0.8967733156148207,-19.208605889623975,-17.083590604860436,-87.37029088156405,8.479806213070475,2.163928153125569,-33.53773829656918,"[[2.220446049250313e-16, -0.0, -1.0, 0.4], [0.0, 1.0, -0.0, 0.384375], [1.0, 0.0, 2.220446049250313e-16, -0.2], [0.0, 0.0, 0.0, 1.0]]","[[-1.0303891073704108e-07, 1.5464987347370442e-06, -0.9999999999987988, 0.39999999594519525], [5.096593932339878e-07, 0.9999999999986744, 1.5464986822221029e-06, 0.3843747661274099], [0.9999999999998649, -5.096592338838361e-07, -1.0303969899538856e-07, -0.19999987680021386], [0.0, 0.0, 0.0, 1.0]]","[[2.220446049250313e-16, -0.0, -1.0, 0.4], [0.0, 1.0, -0.0, -0.384375], [1.0, 0.0, 2.220446049250313e-16, -0.2], [0.0, 0.0, 0.0, 1.0]]","[[-1.0464693501743838e-06, 8.297053782028591e-07, -0.9999999999991084, 0.3999999895199655], [7.290653419516032e-07, 0.9999999999993902, 8.297046152585582e-07, -0.384374957668492], [0.9999999999991868, -7.290644736905034e-07, -1.0464699552459322e-06, -0.19999968420257597], [0.0, 0.0, 0.0, 1.0]]"
0.21666666666666667,0.8988709307419551,19.17077688690586,17.015543137706892,-87.45444564232777,-8.40870223626335,2.2390939580547364,33.51607976671107,0.8988709307419551,-19.17077688690586,-17.015543137706892,-87.45444564232777,8.40870223626335,2.2390939580547364,-33.51607976671107,"[[2.220446049250313e-16, -0.0, -1.0, 0.4], [0.0, 1.0, -0.0, 0.38375000000000004], [1.0, 0.0, 2.220446049250313e-16, -0.2], [0.0, 0.0, 0.0, 1.0]]","[[-3.943582888021879e-08, 1.5355663749371161e-06, -0.9999999999988202, 0.3999999964739037], [5.218864135279083e-07, 0.9999999999986848, 1.535566354355885e-06, 0.38374976867389954], [0.9999999999998629, -5.218863529709606e-07, -3.943663023919797e-08, -0.19999990208587187], [0.0, 0.0, 0.0, 1.0]]","[[2.220446049250313e-16, -0.0, -1.0, 0.4], [0.0, 1.0, -0.0, -0.38375000000000004], [1.0, 0.0, 2.220446049250313e-16, -0.2], [0.0, 0.0, 0.0, 1.0]]","[[-9.824059402085972e-07, 8.408093227476717e-07, -0.9999999999991641, 0.3999999900179608], [7.151261319616947e-07, 0.9999999999993909, 8.408086202037025e-07, -0.3837499600849927], [0.9999999999992618, -7.151253059457137e-07, -9.824065415053873e-07, -0.19999971014282455], [0.0, 0.0, 0.0, 1.0]]"
0.225,0.9007958701491351,19.133019601174027,16.947330038465974,-87.53831353514636,-8.337500929260552,2.3141743856192782,33.49422316136703,0.9007958701491351,-19.133019601174027,-16.947330038465974,-87.53831353514636,8.337500929260552,2.3141743856192782,-33.49422316136703,"[[2.220446049250313e-16, -0.0, -1.0, 0.4], [0.0, 1.0, -0.0, 0.383125], [1.0, 0.0, 2.220446049250313e-16, -0.2], [0.0, 0.0, 0.0, 1.0]]","[[-5.754183179940142e-08, 1.547644800127344e-06, -0.999999999998801, 0.39999999606902087], [5.014556787617032e-07, 0.9999999999986771, 1.5476447712724737e-06, 0.3831247638050764], [0.9999999999998728, -5.01455589706787e-07, -5.7542607845295635e-08, -0.19999989545903957], [0.0, 0.0, 0.0, 1.0]]","[[2.220446049250313e-16, -0.0, -1.0, 0.4], [0.0, 1.0, -0.0, -0.383125], [1.0, 0.0, 2.220446049250313e-16, -0.2], [0.0, 0.0, 0.0, 1.0]]","[[-1.0000476050042728e-06, 8.289067898415835e-07, -0.9999999999991563, 0.39999998958224003], [7.338465754178335e-07, 0.9999999999993872, 8.289060559602646e-07, -0.38312495508800537], [0.9999999999992307, -7.338457464716982e-07, -1.0000482134064903e-06, -0.19999970417099983], [0.0, 0.0, 0.0, 1.0]]"
0.23333333333333334,0.9025480271146549,19.09533232488119,16.878951307137687,-87.62188772983063,-8.266203145835728,2.3891694358191953,33.47217189563164,0.9025480271146549,-19.09533232488119,-16.878951307137687,-87.62188772983063,8.266203145835728,2.3891694358191953,-33.47217189563164,"[[2.220446049250313e-16, -0.0, -1.0, 0.4], [0.0, 1.0, -0.0, 0.3825], [1.0, 0.0, 2.220446049250313e-16, -0.2], [0.0, 0.0, 0.0, 1.0]]","[[-3.540220872011446e-08, 1.5375645174398424e-06, -0.9999999999988174, 0.3999999962232104], [5.44521920329949e-07, 0.9999999999986697, 1.5375644981623365e-06, 0.38249976877769193], [0.9999999999998512, -5.445218658961257e-07, -3.540304605031963e-08, -0.1999999034977542], [0.0, 0.0, 0.0, 1.0]]","[[2.220446049250313e-16, -0.0, -1.0, 0.4], [0.0, 1.0, -0.0, -0.3825], [1.0, 0.0, 2.220446049250313e-16, -0.2], [0.0, 0.0, 0.0, 1.0]]","[[-9.77439703786498e-07, 8.391672171644235e-07, -0.9999999999991703, 0.39999998970547934], [6.890719786070367e-07, 0.9999999999994107, 8.391665436383145e-07, -0.38249995993433894], [0.9999999999992851, -6.890711583717671e-07, -9.774402822126937e-07, -0.19999971286512366], [0.0, 0.0, 0.0, 1.0]]"
0.24166666666666667,0.9041275083602204,19.057715058027345,16.810408651269316,-87.70517505656977,-8.194808032215231,2.4640788952110753,33.44991913931574,0.9041275083602204,-19.057715058027345,-16.810408651269316,-87.70517505656977,8.194808032215231,2.4640788952110753,-33.44991913931574,"[[2.220446049250313e-16, -0.0, -1.0, 0.4], [0.0, 1.0, -0.0, 0.381875], [1.0, 0.0, 2.220446049250313e-16, -0.2], [0.0, 0.0, 0.0, 1.0]]","[[-8.614200647238945e-08, 1.5411867409335238e-06, -0.999999999998809, 0.3999999947430605], [5.074684220236271e-07, 0.9999999999986839, 1.541186697218983e-06, 0.3818747689908105], [0.9999999999998679, -5.07468289262108e-07, -8.6142788513488e-08, -0.1999998831619128], [0.0, 0.0, 0.0, 1.0]]","[[2.220446049250313e-16, -0.0, -1.0, 0.4], [0.0, 1.0, -0.0, -0.381875], [1.0, 0.0, 2.220446049250313e-16, -0.2], [0.0, 0.0, 0.0, 1.0]]","[[-1.0277071577080577e-06, 8.357295002064403e-07, -0.9999999999991227, 0.3999999881942627], [7.244190377494337e-07, 0.9999999999993884, 8.35728755716032e-07, -0.3818749600229995], [0.9999999999992095, -7.244181788643739e-07, -1.0277077632236953e-06, -0.199999693185091], [0.0, 0.0, 0.0, 1.0]]"
0.25,0.905534527329243,19.020167800612494,16.741698655766278,-87.7881686851746,-8.123314734625415,2.5389027637949186,33.427471722608495,0.905534527329243,-19.020167800612494,-16.741698655766278,-87.7881686851746,8.123314734625415,2.5389027637949186,-33.427471722608495,"[[2.220446049250313e-16, -0.0, -1.0, 0.4], [0.0, 1.0, -0.0, 0.38125000000000003], [1.0, 0.0, 2.220446049250313e-16, -0.2], [0.0, 0.0, 0.0, 1.0]]","[[-7.08512844505016e-08, 1.536930643697268e-06, -0.9999999999988165, 0.39999999533794867], [5.116395394446555e-07, 0.9999999999986882, 1.536930607446752e-06, 0.38124977183206243], [0.9999999999998668, -5.116394305505422e-07, -7.085207071044763e-08, -0.1999998862546357], [0.0, 0.0, 0.0, 1.0]]","[[2.220446049250313e-16, -0.0, -1.0, 0.4], [0.0, 1.0, -0.0, -0.38125000000000003], [1.0, 0.0, 2.220446049250313e-16, -0.2], [0.0, 0.0, 0.0, 1.0]]","[[-1.011940159001412e-06, 8.401743565507677e-07, -0.9999999999991352, 0.399999988757989], [7.185434182226248e-07, 0.9999999999993892, 8.401736294280401e-07, -0.3812499627416821], [0.9999999999992301, -7.185425680165672e-07, -1.0119407625186483e-06, -0.19999969693402833], [0.0, 0.0, 0.0, 1.0]]"
0.2583333333333333,0.9067688705783112,18.982688845089342,16.672824735723164,-87.87087544583429,-8.051724106839927,2.613640401240491,33.40482623041532,0.9067688705783112,-18.982688845089342,-16.672824735723164,-87.87087544583429,8.051724106839927,2.613640401240491,-33.40482623041532,"[[2.220446049250313e-16, -0.0, -1.0, 0.4], [0.0, 1.0, -0.0, 0.380625], [1.0, 0.0, 2.220446049250313e-16, -0.2], [0.0, 0.0, 0.0, 1.0]]","[[-1.0934334732093376e-07, 1.5657871740931344e-06, -0.9999999999987681, 0.399999994760686], [5.047037389424943e-07, 0.9999999999986466, 1.5657871189069482e-06, 0.38062476274891005], [0.9999999999998666, -5.047035677334679e-07, -1.0934413757768269e-07, -0.1999998699594099], [0.0, 0.0, 0.0, 1.0]]","[[2.220446049250313e-16, -0.0, -1.0, 0.4], [0.0, 1.0, -0.0, -0.380625], [1.0, 0.0, 2.220446049250313e-16, -0.2], [0.0, 0.0, 0.0, 1.0]]","[[-1.0499519503270882e-06, 8.115108911058611e-07, -0.9999999999991197, 0.3999999881494649], [7.23776639355753e-07, 0.9999999999994089, 8.115101311754018e-07, -0.3806249535377902], [0.999999999999187, -7.237757873084708e-07, -1.0499525376350682e-06, -0.19999968129542636], [0.0, 0.0, 0.0, 1.0]]"
0.26666666666666666,0.9078307515508367,18.945278191457888,16.60378689113997,-87.95328850835966,-7.9800344413114725,2.68829159410438,33.381982662736206,0.9078307515508367,-18.945278191457888,-16.60378689113997,-87.95328850835966,7.9800344413114725,2.68829159410438,-33.381982662736206,"[[2.220446049250313e-16, -0.0, -1.0, 0.4], [0.0, 1.0, -0.0, 0.38], [1.0, 0.0, 2.220446049250313e-16, -0.2], [0.0, 0.0, 0.0, 1.0]]","[[-1.0693394042471382e-07, 1.5464511072269063e-06, -0.9999999999987986, 0.39999999443147183], [4.939785602614036e-07, 0.9999999999986824, 1.5464510544036527e-06, 0.37999976889184317], [0.9999999999998724, -4.939783948927051e-07, -1.0693470448019937e-07, -0.19999987261605762], [0.0, 0.0, 0.0, 1.0]]","[[2.220446049250313e-16, -0.0, -1.0, 0.4], [0.0, 1.0, -0.0, -0.38], [1.0, 0.0, 2.220446049250313e-16, -0.2], [0.0, 0.0, 0.0, 1.0]]","[[-1.0470582861299427e-06, 8.310443281513701e-07, -0.9999999999991064, 0.3999999877888913], [7.328012297315096e-07, 0.999999999999386, 8.310435608660028e-07, -0.3799999595618614], [0.9999999999991832, -7.328003595798083e-07, -1.047058895198294e-06, -0.19999968460907405], [0.0, 0.0, 0.0, 1.0]]"
0.275,0.9087201702468193,18.907935839718135,16.5345834144694,-88.03540787275072,-7.9082465918136995,2.7628565558299973,33.35894443466576,0.9087201702468193,-18.907935839718135,-16.5345834144694,-88.03540787275072,7.9082465918136995,2.7628565558299973,-33.35894443466576,"[[2.220446049250313e-16, -0.0, -1.0, 0.4], [0.0, 1.0, -0.0, 0.379375], [1.0, 0.0, 2.220446049250313e-16, -0.2], [0.0, 0.0, 0.0, 1.0]]","[[-2.4087040584319652e-08, 1.5209083394552224e-06, -0.999999999998843, 0.39999999635359385], [5.255015700510266e-07, 0.9999999999987053, 1.520908326797235e-06, 0.3793747793449579], [0.9999999999998616, -5.255015334162381e-07, -2.4087839722852777e-08, -0.1999999027770824], [0.0, 0.0, 0.0, 1.0]]","[[2.220446049250313e-16, -0.0, -1.0, 0.4], [0.0, 1.0, -0.0, -0.379375], [1.0, 0.0, 2.220446049250313e-16, -0.2], [0.0, 0.0, 0.0, 1.0]]","[[-9.637232085690783e-07, 8.567887212930174e-07, -0.9999999999991686, 0.39999998967957506], [6.995795909461955e-07, 0.9999999999993883, 8.567880470921176e-07, -0.3793749698980017], [0.9999999999992909, -6.995787652390881e-07, -9.63723807867467e-07, -0.19999971542749295], [0.0, 0.0, 0.0, 1.0]]"
0.2833333333333333,0.9094372333879648,18.870660082322793,16.46521772080604,-88.11724719938582,-7.836359704572962,2.837334646087109,33.33570813110937,0.9094372333879648,-18.870660082322793,-16.46521772080604,-88.11724719938582,7.836359704572962,2.837334646087109,-33.33570813110937,"[[2.220446049250313e-16, -0.0, -1.0, 0.4], [0.0, 1.0, -0.0, 0.37875000000000003], [1.0, 0.0, 2.220446049250313e-16, -0.2], [0.0, 0.0, 0.0, 1.0]]","[[-9.08657668552415e-08, 1.5678090633323577e-06, -0.999999999998767, 0.3999999942320401], [5.31341953829945e-07, 0.9999999999986298, 1.5678090150513489e-06, 0.3787497581298385], [0.9999999999998548, -5.313418113691215e-07, -9.086659974455458e-08, -0.19999988008579025], [0.0, 0.0, 0.0, 1.0]]","[[2.220446049250313e-16, -0.0, -1.0, 0.4], [0.0, 1.0, -0.0, -0.37875000000000003], [1.0, 0.0, 2.220446049250313e-16, -0.2], [0.0, 0.0, 0.0, 1.0]]","[[-1.0300097717519385e-06, 8.100939192581399e-07, -0.9999999999991414, 0.3999999875264926], [6.920424940282828e-07, 0.9999999999994325, 8.100932064478443e-07, -0.3787499485676841], [0.99999999999923, -6.9204165962377e-07, -1.0300103321925214e-06, -0.19999969339401805], [0.0, 0.0, 0.0, 1.0]]"
0.2916666666666667,0.9099819409742733,18.833452626819145,16.395689810149896,-88.19879282788659,-7.764373779589259,2.911725651432303,33.31227375206706,0.9099819409742733,-18.833452626819145,-16.395689810149896,-88.19879282788659,7.764373779589259,2.911725651432303,-33.31227375206706,"[[2.220446049250313e-16, -0.0, -1.0, 0.4], [0.0, 1.0, -0.0, 0.37812500000000004], [1.0, 0.0, 2.220446049250313e-16, -0.2], [0.0, 0.0, 0.0, 1.0]]","[[-1.0563238933558594e-07, 1.5678615934722105e-06, -0.9999999999987652, 0.3999999931562882], [5.046103462082216e-07, 0.9999999999986435, 1.567861540168823e-06, 0.378124759804552], [0.999999999999867, -5.04610180590638e-07, -1.0563318048051329e-07, -0.1999998737077056], [0.0, 0.0, 0.0, 1.0]]","[[2.220446049250313e-16, -0.0, -1.0, 0.4], [0.0, 1.0, -0.0, -0.37812500000000004], [1.0, 0.0, 2.220446049250313e-16, -0.2], [0.0, 0.0, 0.0, 1.0]]","[[-1.04428025832215e-06, 8.102516224800356e-07, -0.9999999999991267, 0.3999999864191295], [7.170794010506072e-07, 0.9999999999994149, 8.102508736484071e-07, -0.37812495012907016], [0.9999999999991978, -7.170785549209892e-07, -1.0442808391908365e-06, -0.1999996876741097], [0.0, 0.0, 0.0, 1.0]]"
0.3,0.9103542930057448,18.79631176565991,16.32599797495367,-88.28004475825307,-7.692287109315298,2.986029571865579,33.2886447126334,0.9103542930057448,-18.79631176565991,-16.32599797495367,-88.28004475825307,7.692287109315298,2.986029571865579,-33.2886447126334,"[[2.220446049250313e-16, -0.0, -1.0, 0.4], [0.0, 1.0, -0.0, 0.3775], [1.0, 0.0, 2.220446049250313e-16, -0.2], [0.0, 0.0, 0.0, 1.0]]","[[-5.149453702335549e-08, 1.5273062741341635e-06, -0.9999999999988325, 0.39999999400279673], [5.227222035243831e-07, 0.999999999998697, 1.527306247216619e-06, 0.3774997712574708], [0.9999999999998621, -5.227221248758447e-07, -5.14953354957548e-08, -0.1999998966760866], [0.0, 0.0, 0.0, 1.0]]","[[2.220446049250313e-16, -0.0, -1.0, 0.4], [0.0, 1.0, -0.0, -0.3775], [1.0, 0.0, 2.220446049250313e-16, -0.2], [0.0, 0.0, 0.0, 1.0]]","[[-9.896423653898978e-07, 8.51021427896721e-07, -0.9999999999991481, 0.3999999872339539], [6.972748544092525e-07, 0.9999999999993947, 8.510207378441946e-07, -0.37749996147054393], [0.9999999999992671, -6.972740122024825e-07, -9.896429586930822e-07, -0.19999971130104544], [0.0, 0.0, 0.0, 1.0]]"
0.30833333333333335,0.9105542894823793,18.75923749884508,16.256143922764657,-88.3610098206744,-7.620101401298371,3.060245767056703,33.2648210128084,0.9105542894823793,-18.75923749884508,-16.256143922764657,-88.3610098206744,7.620101401298371,3.060245767056703,-33.2648210128084,"[[2.220446049250313e-16, -0.0, -1.0, 0.4], [0.0, 1.0, -0.0, 0.376875], [1.0, 0.0, 2.220446049250313e-16, -0.2], [0.0, 0.0, 0.0, 1.0]]","[[-2.5381537704927126e-08, 1.5233124391740757e-06, -0.9999999999988395, 0.39999999469607295], [5.601013798504743e-07, 0.9999999999986828, 1.5233124249576032e-06, 0.3768747736017251], [0.9999999999998429, -5.601013411858126e-07, -2.5382390800299248e-08, -0.19999990701237236], [0.0, 0.0, 0.0, 1.0]]","[[2.220446049250313e-16, -0.0, -1.0, 0.4], [0.0, 1.0, -0.0, -0.376875], [1.0, 0.0, 2.220446049250313e-16, -0.2], [0.0, 0.0, 0.0, 1.0]]","[[-9.630254187986687e-07, 8.552340018064323e-07, -0.9999999999991708, 0.39999998789547986], [6.58204960159981e-07, 0.9999999999994178, 8.552333679385361e-07, -0.3768749637051796], [0.9999999999993198, -6.582041365479628e-07, -9.630259816817421e-07, -0.1999997222962829], [0.0, 0.0, 0.0, 1.0]]"
0.31666666666666665,0.9105821438475882,18.722229826374658,16.18612936113015,-88.44168801515059,-7.5478149479911885,3.1343744504490862,33.24079923749746,0.9105821438475882,-18.722229826374658,-16.18612936113015,-88.44168801515059,7.5478149479911885,3.1343744504490862,-33.24079923749746,"[[2.220446049250313e-16, -0.0, -1.0, 0.4], [0.0, 1.0, -0.0, 0.37625000000000003], [1.0, 0.0, 2.220446049250313e-16, -0.2], [0.0, 0.0, 0.0, 1.0]]","[[-4.174598683404085e-08, 1.5098699764306422e-06, -0.9999999999988594, 0.3999999939643029], [5.501829827608935e-07, 0.9999999999987088, 1.5098699534624837e-06, 0.3762497790074524], [0.9999999999998479, -5.501829197292546e-07, -4.1746817502907874e-08, -0.1999998998071876], [0.0, 0.0, 0.0, 1.0]]","[[2.220446049250313e-16, -0.0, -1.0, 0.4], [0.0, 1.0, -0.0, -0.37625000000000003], [1.0, 0.0, 2.220446049250313e-16, -0.2], [0.0, 0.0, 0.0, 1.0]]","[[-9.788819586575848e-07, 8.688995076932018e-07, -0.9999999999991434, 0.3999999871318856], [6.664346408125416e-07, 0.9999999999994005, 8.688988553325786e-07, -0.3762499690031057], [0.9999999999992988, -6.664337902625574e-07, -9.788825377499144e-07, -0.19999971575042239], [0.0, 0.0, 0.0, 1.0]]"
0.325,0.9104377493796659,18.685287040701354,16.115952582502853,-88.52207934168163,-7.475428603167393,3.2084151951559052,33.216579386700595,0.9104377493796659,-18.685287040701354,-16.115952582502853,-88.52207934168163,7.475428603167393,3.2084151951559052,-33.216579386700595,"[[2.220446049250313e-16, -0.0, -1.0, 0.4], [0.0, 1.0, -0.0, 0.37562500000000004], [1.0, 0.0, 2.220446049250313e-16, -0.2], [0.0, 0.0, 0.0, 1.0]]","[[-6.739896712959492e-08, 1.534947551133937e-06, -0.9999999999988198, 0.3999999929614837], [5.090095232545057e-07, 0.9999999999986926, 1.5349475168270255e-06, 0.37562476998787153], [0.9999999999998683, -5.090094198000275e-07, -6.739974850455965e-08, -0.19999988913689634], [0.0, 0.0, 0.0, 1.0]]","[[2.220446049250313e-16, -0.0, -1.0, 0.4], [0.0, 1.0, -0.0, -0.37562500000000004], [1.0, 0.0, 2.220446049250313e-16, -0.2], [0.0, 0.0, 0.0, 1.0]]","[[-1.004023068296167e-06, 8.44049281420214e-07, -0.9999999999991397, 0.3999999860971892], [7.059213638301318e-07, 0.9999999999993947, 8.440485726590954e-07, -0.3756249598775552], [0.9999999999992467, -7.059205163852868e-07, -1.0040236642638867e-06, -0.19999970573984444], [0.0, 0.0, 0.0, 1.0]]"
0.3333333333333333,0.9101212128003181,18.648410849372453,16.045615294430064,-88.60218380026755,-7.402940659279694,3.2823675742903373,33.19216829060697,0.9101212128003181,-18.648410849372453,-16.045615294430064,-88.60218380026755,7.402940659279694,3.2823675742903373,-33.19216829060697,"[[2.220446049250313e-16, -0.0, -1.0, 0.4], [0.0, 1.0, -0.0, 0.375], [1.0, 0.0, 2.220446049250313e-16, -0.2], [0.0, 0.0, 0.0, 1.0]]","[[-1.32940886465871e-07, 1.5595427589766929e-06, -0.9999999999987751, 0.3999999919460253], [5.197331898851484e-07, 0.9999999999986489, 1.5595426898827051e-06, 0.37499976352702896], [0.9999999999998562, -5.19732982557524e-07, -1.3294169715072357e-07, -0.1999998613076941], [0.0, 0.0, 0.0, 1.0]]","[[2.220446049250313e-16, -0.0, -1.0, 0.4], [0.0, 1.0, -0.0, -0.375], [1.0, 0.0, 2.220446049250313e-16, -0.2], [0.0, 0.0, 0.0, 1.0]]","[[-1.0690492904252835e-06, 8.196856196581056e-07, -0.9999999999990928, 0.39999998504979206], [6.935129799784802e-07, 0.9999999999994238, 8.196848782588179e-07, -0.37499995331255903], [0.9999999999991883, -6.935121036943135e-07, -1.0690498588594721e-06, -0.19999967857073878], [0.0, 0.0, 0.0, 1.0]]"
0.3416666666666667,0.9096325341095449,18.611597837293377,15.975115789364484,-88.68199456071915,-7.330351970101737,3.356231374408971,33.167559119027416,0.9096325341095449,-18.611597837293377,-15.975115789364484,-88.68199456071915,7.330351970101737,3.356231374408971,-33.167559119027416,"[[2.220446049250313e-16, -0.0, -1.0, 0.4], [0.0, 1.0, -0.0, 0.374375], [1.0, 0.0, 2.220446049250313e-16, -0.2], [0.0, 0.0, 0.0, 1.0]]","[[-9.586139465556087e-08, 1.5646957700714846e-06, -0.9999999999987713, 0.3999999924530222], [5.232791484774245e-07, 0.9999999999986389, 1.5646957199090087e-06, 0.37437476150202537], [0.9999999999998584, -5.232789984828674e-07, -9.586221355606384e-08, -0.1999998763031682], [0.0, 0.0, 0.0, 1.0]]","[[2.220446049250313e-16, -0.0, -1.0, 0.4], [0.0, 1.0, -0.0, -0.374375], [1.0, 0.0, 2.220446049250313e-16, -0.2], [0.0, 0.0, 0.0, 1.0]]","[[-1.0314501520669594e-06, 8.147684612088161e-07, -0.9999999999991361, 0.399999985524811], [6.882843469966732e-07, 0.9999999999994312, 8.147677512780622e-07, -0.37437495118528713], [0.9999999999992312, -6.882835066037577e-07, -1.0314507129516315e-06, -0.1999996942266704], [0.0, 0.0, 0.0, 1.0]]"
0.35,0.908971820029052,18.574849712011417,15.904457482400701,-88.7615184532256,-7.25766082808623,3.4300065955118058,33.14275528705651,0.908971820029052,-18.574849712011417,-15.904457482400701,-88.7615184532256,7.25766082808623,3.4300065955118058,-33.14275528705651,"[[2.220446049250313e-16, -0.0, -1.0, 0.4], [0.0, 1.0, -0.0, 0.37375], [1.0, 0.0, 2.220446049250313e-16, -0.2], [0.0, 0.0, 0.0, 1.0]]","[[-9.617079893553537e-08, 1.5464611909597755e-06, -0.9999999999987997, 0.3999999918201077], [5.300870758037567e-07, 0.999999999998664, 1.5464611399806682e-06, 0.373749766083926], [0.9999999999998551, -5.300869270787172e-07, -9.617161872421676e-08, -0.19999987713492404], [0.0, 0.0, 0.0, 1.0]]","[[2.220446049250313e-16, -0.0, -1.0, 0.4], [0.0, 1.0, -0.0, -0.37375], [1.0, 0.0, 2.220446049250313e-16, -0.2], [0.0, 0.0, 0.0, 1.0]]","[[-1.031236029958027e-06, 8.332431421279307e-07, -0.9999999999991211, 0.3999999848598617], [6.797957907204339e-07, 0.9999999999994218, 8.332424410982689e-07, -0.3737499556667329], [0.9999999999992373, -6.797949314502095e-07, -1.0312365963938142e-06, -0.1999996957192478], [0.0, 0.0, 0.0, 1.0]]"
0.35833333333333334,0.9081389638371334,18.53816647352657,15.833638665991424,-88.84075547778693,-7.184868087006819,3.5036925972686075,33.117756794694266,0.9081389638371334,-18.53816647352657,-15.833638665991424,-88.84075547778693,7.184868087006819,3.5036925972686075,-33.117756794694266,"[[2.220446049250313e-16, -0.0, -1.0, 0.4], [0.0, 1.0, -0.0, 0.37312500000000004], [1.0, 0.0, 2.220446049250313e-16, -0.2], [0.0, 0.0, 0.0, 1.0]]","[[-1.0896298757723244e-07, 1.555258083566244e-06, -0.9999999999987846, 0.3999999922360725], [5.26530205909795e-07, 0.999999999998652, 1.5552580261937331e-06, 0.3731247652288343], [0.9999999999998553, -5.265300364435942e-07, -1.089638062556908e-07, -0.19999987034165911], [0.0, 0.0, 0.0, 1.0]]","[[2.220446049250313e-16, -0.0, -1.0, 0.4], [0.0, 1.0, -0.0, -0.37312500000000004], [1.0, 0.0, 2.220446049250313e-16, -0.2], [0.0, 0.0, 0.0, 1.0]]","[[-1.043500813424636e-06, 8.246906076880883e-07, -0.9999999999991156, 0.39999998524375524], [6.816740580053646e-07, 0.9999999999994277, 8.246898963609117e-07, -0.3731249547130077], [0.9999999999992233, -6.81673197440184e-07, -1.0435013756415756e-06, -0.19999968958717967], [0.0, 0.0, 0.0, 1.0]]"
0.36666666666666664,0.9071340722554954,18.501544706744255,15.762661047683943,-88.9197056344031,-7.111973746863504,3.577289379679376,33.09256022684609,0.9071340722554954,-18.501544706744255,-15.762661047683943,-88.9197056344031,7.111973746863504,3.577289379679376,-33.09256022684609,"[[2.220446049250313e-16, -0.0, -1.0, 0.4], [0.0, 1.0, -0.0, 0.3725], [1.0, 0.0, 2.220446049250313e-16, -0.2], [0.0, 0.0, 0.0, 1.0]]","[[-1.2710984420571947e-07, 1.5714041898479225e-06, -0.9999999999987573, 0.39999999071890563], [5.030951369523106e-07, 0.9999999999986389, 1.5714041258993918e-06, 0.3724997567606939], [0.9999999999998653, -5.030949372107519e-07, -1.27110634684513e-07, -0.19999986586500987], [0.0, 0.0, 0.0, 1.0]]","[[2.220446049250313e-16, -0.0, -1.0, 0.4], [0.0, 1.0, -0.0, -0.3725], [1.0, 0.0, 2.220446049250313e-16, -0.2], [0.0, 0.0, 0.0, 1.0]]","[[-1.0611163263063439e-06, 8.087931587100412e-07, -0.9999999999991099, 0.39999998369448136], [7.03432567388246e-07, 0.9999999999994256, 8.087924122865147e-07, -0.37249994614805837], [0.9999999999991896, -7.034317091647866e-07, -1.0611168954066663e-06, -0.19999968577209215], [0.0, 0.0, 0.0, 1.0]]"
0.375,0.9059572520058433,18.464987826759053,15.69152462747826,-88.99836209288496,-7.038976526995817,3.650796729300699,33.06717241370115,0.9059572520058433,-18.464987826759053,-15.69152462747826,-88.99836209288496,7.038976526995817,3.650796729300699,-33.06717241370115,"[[2.220446049250313e-16, -0.0, -1.0, 0.4], [0.0, 1.0, -0.0, 0.371875], [1.0, 0.0, 2.220446049250313e-16, -0.2], [0.0, 0.0, 0.0, 1.0]]","[[-6.303533922613624e-08, 1.5214202757289844e-06, -0.9999999999988405, 0.39999999182355284], [5.251077240551939e-07, 0.9999999999987046, 1.5214202426284344e-06, 0.37187477803303887], [0.9999999999998599, -5.251076281513441e-07, -6.303613814262476e-08, -0.19999988768650995], [0.0, 0.0, 0.0, 1.0]]","[[2.220446049250313e-16, -0.0, -1.0, 0.4], [0.0, 1.0, -0.0, -0.371875], [1.0, 0.0, 2.220446049250313e-16, -0.2], [0.0, 0.0, 0.0, 1.0]]","[[-9.965066795625255e-07, 8.590299350514793e-07, -0.9999999999991347, 0.39999998476698795], [6.797455245388271e-07, 0.9999999999994, 8.590292576807516e-07, -0.37187496732545694], [0.9999999999992726, -6.797446685098455e-07, -9.965072635398364e-07, -0.1999997082554906], [0.0, 0.0, 0.0, 1.0]]"
0.3833333333333333,0.9046082896447658,18.428492418476385,15.620229405374376,-89.07673851361086,-6.965876427403755,3.7242140058023434,33.04158994016487,0.9046082896447658,-18.428492418476385,-15.620229405374376,-89.07673851361086,6.965876427403755,3.7242140058023434,-33.04158994016487,"[[2.220446049250313e-16, -0.0, -1.0, 0.4], [0.0, 1.0, -0.0, 0.37125], [1.0, 0.0, 2.220446049250313e-16, -0.2], [0.0, 0.0, 0.0, 1.0]]","[[-1.0725396526467534e-07, 1.545547521859094e-06, -0.9999999999988, 0.399999990714069], [5.521743948167538e-07, 0.9999999999986533, 1.5455474626359742e-06, 0.3712497669087872], [0.9999999999998418, -5.521742290499975e-07, -1.0725481858209207e-07, -0.19999987313854267], [0.0, 0.0, 0.0, 1.0]]","[[2.220446049250313e-16, -0.0, -1.0, 0.4], [0.0, 1.0, -0.0, -0.37125], [1.0, 0.0, 2.220446049250313e-16, -0.2], [0.0, 0.0, 0.0, 1.0]]","[[-1.0401862939879436e-06, 8.351597966641011e-07, -0.9999999999991103, 0.39999998362533756], [6.510064148502326e-07, 0.9999999999994393, 8.351591194964258e-07, -0.3712499561080316], [0.999999999999247, -6.510055461285838e-07, -1.040186837775181e-06, -0.19999969436981743], [0.0, 0.0, 0.0, 1.0]]"
0.39166666666666666,0.9030875053373801,18.392060189443534,15.548775381372288,-89.15482123620245,-6.89267344808732,3.7975412091843075,33.01580939114265,0.9030875053373801,-18.392060189443534,-15.548775381372288,-89.15482123620245,6.89267344808732,3.7975412091843075,-33.01580939114265,"[[2.220446049250313e-16, -0.0, -1.0, 0.4], [0.0, 1.0, -0.0, 0.37062500000000004], [1.0, 0.0, 2.220446049250313e-16, -0.2], [0.0, 0.0, 0.0, 1.0]]","[[-4.86239631336538e-08, 1.5217798723223024e-06, -0.9999999999988411, 0.39999999212707804], [5.124672388339801e-07, 0.999999999998711, 1.5217798474039164e-06, 0.3706247784105066], [0.9999999999998677, -5.124671648384188e-07, -4.86247429543063e-08, -0.1999998940489653], [0.0, 0.0, 0.0, 1.0]]","[[2.220446049250313e-16, -0.0, -1.0, 0.4], [0.0, 1.0, -0.0, -0.37062500000000004], [1.0, 0.0, 2.220446049250313e-16, -0.2], [0.0, 0.0, 0.0, 1.0]]","[[-9.810133613785688e-07, 8.591888680662954e-07, -0.9999999999991497, 0.3999999850061632], [6.890432419912265e-07, 0.9999999999993934, 8.59188192105878e-07, -0.37062496751844454], [0.9999999999992814, -6.890423991155442e-07, -9.810139533494855e-07, -0.1999997159428569], [0.0, 0.0, 0.0, 1.0]]"
0.4,0.9013947923619806,18.355689432113216,15.477164263019288,-89.23262392103807,-6.819366735272866,3.870778339446592,32.98983759682368,0.9013947923619806,-18.355689432113216,-15.477164263019288,-89.23262392103807,6.819366735272866,3.870778339446592,-32.98983759682368,"[[2.220446049250313e-16, -0.0, -1.0, 0.4], [0.0, 1.0, -0.0, 0.37], [1.0, 0.0, 2.220446049250313e-16, -0.2], [0.0, 0.0, 0.0, 1.0]]","[[-9.61319367998037e-08, 1.5466934442803678e-06, -0.9999999999987996, 0.3999999906983558], [5.185760399961514e-07, 0.9999999999986697, 1.546693394428448e-06, 0.36999976773002935], [0.9999999999998612, -5.185758913088974e-07, -9.613273882491669e-08, -0.19999987527770946], [0.0, 0.0, 0.0, 1.0]]","[[2.220446049250313e-16, -0.0, -1.0, 0.4], [0.0, 1.0, -0.0, -0.37], [1.0, 0.0, 2.220446049250313e-16, -0.2], [0.0, 0.0, 0.0, 1.0]]","[[-1.027974609046911e-06, 8.345409065597185e-07, -0.9999999999991237, 0.39999998354523536], [6.812661509614463e-07, 0.99999999999942, 8.345402062356606e-07, -0.3699999567484256], [0.9999999999992398, -6.812652930747068e-07, -1.0279751777031443e-06, -0.19999969783460406], [0.0, 0.0, 0.0, 1.0]]"
0.4083333333333333,0.8995300439968613,18.31938014648543,15.40539605031538,-89.31013290773937,-6.745956715847215,3.9439245428155516,32.96367114211336,0.8995300439968613,-18.31938014648543,-15.40539605031538,-89.31013290773937,6.745956715847215,3.9439245428155516,-32.96367114211336,"[[2.220446049250313e-16, -0.0, -1.0, 0.4], [0.0, 1.0, -0.0, 0.369375], [1.0, 0.0, 2.220446049250313e-16, -0.2], [0.0, 0.0, 0.0, 1.0]]","[[-4.89131735670334e-08, 1.5142227124922518e-06, -0.9999999999988524, 0.39999999200334263], [5.280485460471376e-07, 0.9999999999987141, 1.5142226866635122e-06, 0.3693747816621129], [0.9999999999998593, -5.280484719810944e-07, -4.891397314965573e-08, -0.19999989228353832], [0.0, 0.0, 0.0, 1.0]]","[[2.220446049250313e-16, -0.0, -1.0, 0.4], [0.0, 1.0, -0.0, -0.369375], [1.0, 0.0, 2.220446049250313e-16, -0.2], [0.0, 0.0, 0.0, 1.0]]","[[-9.802052753360435e-07, 8.672815099311809e-07, -0.9999999999991436, 0.39999998481800597], [6.701274945225992e-07, 0.9999999999993994, 8.672808530688975e-07, -0.3693749705928311], [0.9999999999992952, -6.701266444087578e-07, -9.802058564267746e-07, -0.19999971550375645], [0.0, 0.0, 0.0, 1.0]]"
0.4166666666666667,0.8974935804071397,18.28313062501288,15.33347074326056,-89.3873618566847,-6.672442536036722,4.016979819291184,32.9373100270117,0.8974935804071397,-18.28313062501288,-15.33347074326056,-89.3873618566847,6.672442536036722,4.016979819291184,-32.9373100270117,"[[2.220446049250313e-16, -0.0, -1.0, 0.4], [0.0, 1.0, -0.0, 0.36875], [1.0, 0.0, 2.220446049250313e-16, -0.2], [0.0, 0.0, 0.0, 1.0]]","[[-9.283575530538712e-08, 1.54367710713371e-06, -0.9999999999988042, 0.39999998976170115], [5.311070429736987e-07, 0.9999999999986675, 1.5436770578277755e-06, 0.36874976701203754], [0.9999999999998547, -5.311068996646379e-07, -9.283657531611311e-08, -0.1999998785126914], [0.0, 0.0, 0.0, 1.0]]","[[2.220446049250313e-16, -0.0, -1.0, 0.4], [0.0, 1.0, -0.0, -0.36875], [1.0, 0.0, 2.220446049250313e-16, -0.2], [0.0, 0.0, 0.0, 1.0]]","[[-1.0235734348995607e-06, 8.381012258408282e-07, -0.9999999999991248, 0.39999998254414204], [6.654049003226442e-07, 0.9999999999994273, 8.381005447503023e-07, -0.3687499558568461], [0.9999999999992547, -6.654040424646084e-07, -1.0235739924535636e-06, -0.19999970239661258], [0.0, 0.0, 0.0, 1.0]]"
0.425,0.8952850814276984,18.24694257524286,15.26138834185483,-89.46429710749572,-6.598824195841385,4.089943741986669,32.91075425151869,0.8952850814276984,-18.24694257524286,-15.26138834185483,-89.46429710749572,6.598824195841385,4.089943741986669,-32.91075425151869,"[[2.220446049250313e-16, -0.0, -1.0, 0.4], [0.0, 1.0, -0.0, 0.36812500000000004], [1.0, 0.0, 2.220446049250313e-16, -0.2], [0.0, 0.0, 0.0, 1.0]]","[[-3.328725395324028e-08, 1.5202531762825614e-06, -0.9999999999988439, 0.39999999165610967], [5.159215659983267e-07, 0.9999999999987114, 1.5202531591087477e-06, 0.3681247766919219], [0.9999999999998664, -5.159215153926771e-07, -3.3288038214784876e-08, -0.19999990136795998], [0.0, 0.0, 0.0, 1.0]]","[[2.220446049250313e-16, -0.0, -1.0, 0.4], [0.0, 1.0, -0.0, -0.36812500000000004], [1.0, 0.0, 2.220446049250313e-16, -0.2], [0.0, 0.0, 0.0, 1.0]]","[[-9.634666760516275e-07, 8.618035340235477e-07, -0.9999999999991644, 0.39999998440632945], [6.789284297824653e-07, 0.999999999999398, 8.618028798988315e-07, -0.3681249654526834], [0.9999999999993052, -6.78927599463542e-07, -9.634672611391615e-07, -0.1999997259158991], [0.0, 0.0, 0.0, 1.0]]"
0.43333333333333335,0.8929048672236547,18.21081599717537,15.189150553645483,-89.54095232055079,-6.525101268374383,4.162816310902005,32.88400723072892,0.8929048672236547,-18.21081599717537,-15.189150553645483,-89.54095232055079,6.525101268374383,4.162816310902005,-32.88400723072892,"[[2.220446049250313e-16, -0.0, -1.0, 0.4], [0.0, 1.0, -0.0, 0.3675], [1.0, 0.0, 2.220446049250313e-16, -0.2], [0.0, 0.0, 0.0, 1.0]]","[[-7.352302522356524e-08, 1.5448230580430763e-06, -0.9999999999988041, 0.39999999135676195], [5.053458504944645e-07, 0.9999999999986791, 1.5448230208883276e-06, 0.36749977212382495], [0.9999999999998697, -5.053457369137983e-07, -7.352380571035155e-08, -0.1999998816310252], [0.0, 0.0, 0.0, 1.0]]","[[2.220446049250313e-16, -0.0, -1.0, 0.4], [0.0, 1.0, -0.0, -0.3675], [1.0, 0.0, 2.220446049250313e-16, -0.2], [0.0, 0.0, 0.0, 1.0]]","[[-1.0031404133470367e-06, 8.37516222769889e-07, -0.9999999999991463, 0.3999999840747587], [6.878442739867877e-07, 0.9999999999994129, 8.37515532765723e-07, -0.36749996080229447], [0.9999999999992605, -6.878434338405227e-07, -1.0031409895527865e-06, -0.19999970684334797], [0.0, 0.0, 0.0, 1.0]]"
0.44166666666666665,0.89035277771245,18.174747475715826,15.116757378632519,-89.6173206656607,-6.451273753635715,4.235597099150368,32.857065549547805,0.89035277771245,-18.174747475715826,-15.116757378632519,-89.6173206656607,6.451273753635715,4.235597099150368,-32.857065549547805,"[[2.220446049250313e-16, -0.0, -1.0, 0.4], [0.0, 1.0, -0.0, 0.366875], [1.0, 0.0, 2.220446049250313e-16, -0.2], [0.0, 0.0, 0.0, 1.0]]","[[-1.0095763608441999e-07, 1.5640616388996794e-06, -0.9999999999987718, 0.399999990345961], [5.01460093289669e-07, 0.9999999999986511, 1.5640615882732649e-06, 0.3668747650366984], [0.9999999999998691, -5.014599353850921e-07, -1.0095842056800919e-07, -0.19999987064586836], [0.0, 0.0, 0.0, 1.0]]","[[2.220446049250313e-16, -0.0, -1.0, 0.4], [0.0, 1.0, -0.0, -0.366875], [1.0, 0.0, 2.220446049250313e-16, -0.2], [0.0, 0.0, 0.0, 1.0]]","[[-1.0300091591863847e-06, 8.185644613255124e-07, -0.9999999999991345, 0.3999999830317429], [6.900722869614613e-07, 0.9999999999994268, 8.185637505449757e-07, -0.3668749536346906], [0.9999999999992315, -6.900714438327036e-07, -1.0300097240678596e-06, -0.1999996965229132], [0.0, 0.0, 0.0, 1.0]]"
0.45,0.8876289196157902,18.138737010864226,15.044208816815935,-89.69340214282546,-6.377340797851735,4.3082856798449365,32.82993262306993,0.8876289196157902,-18.138737010864226,-15.044208816815935,-89.69340214282546,6.377340797851735,4.3082856798449365,-32.82993262306993,"[[2.220446049250313e-16, -0.0, -1.0, 0.4], [0.0, 1.0, -0.0, 0.36625], [1.0, 0.0, 2.220446049250313e-16, -0.2], [0.0, 0.0, 0.0, 1.0]]","[[-1.1667408023052772e-07, 1.575403694974158e-06, -0.9999999999987522, 0.39999998884269694], [5.53255754685249e-07, 0.999999999998606, 1.5754036304233213e-06, 0.3662497559620679], [0.99999999999984, -5.53255570875789e-07, -1.1667495197764666e-07, -0.19999986870436376], [0.0, 0.0, 0.0, 1.0]]","[[2.220446049250313e-16, -0.0, -1.0, 0.4], [0.0, 1.0, -0.0, -0.36625], [1.0, 0.0, 2.220446049250313e-16, -0.2], [0.0, 0.0, 0.0, 1.0]]","[[-1.0451559753765771e-06, 8.07513417891123e-07, -0.9999999999991277, 0.39999998149627675], [6.36621022201573e-07, 0.9999999999994713, 8.07512752523135e-07, -0.36624994448139575], [0.9999999999992512, -6.366201782242393e-07, -1.0451564894098375e-06, -0.19999969524647365], [0.0, 0.0, 0.0, 1.0]]"
0.4583333333333333,0.884733292933675,18.102788017715156,14.971506575743026,-89.76919675204509,-6.303302401022443,4.380882052985709,32.80260503620071,0.884733292933675,-18.102788017715156,-14.971506575743026,-89.76919675204509,6.303302401022443,4.380882052985709,-32.80260503620071,"[[2.220446049250313e-16, -0.0, -1.0, 0.4], [0.0, 1.0, -0.0, 0.36562500000000003], [1.0, 0.0, 2.220446049250313e-16, -0.2], [0.0, 0.0, 0.0, 1.0]]","[[-1.3544103816265363e-07, 1.5611204484986782e-06, -0.9999999999987725, 0.39999998874665244], [5.333411330846742e-07, 0.9999999999986395, 1.5611203762621935e-06, 0.3656247652188406], [0.9999999999998488, -5.33340921644255e-07, -1.354418708299221e-07, -0.1999998570605257], [0.0, 0.0, 0.0, 1.0]]","[[2.220446049250313e-16, -0.0, -1.0, 0.4], [0.0, 1.0, -0.0, -0.36562500000000003], [1.0, 0.0, 2.220446049250313e-16, -0.2], [0.0, 0.0, 0.0, 1.0]]","[[-1.0633494860745607e-06, 8.220919392932331e-07, -0.9999999999990967, 0.3999999813680407], [6.54882194336929e-07, 0.9999999999994478, 8.220912429248768e-07, -0.3656249536612997], [0.9999999999992202, -6.548813201660366e-07, -1.0633500245327276e-06, -0.19999968426801096], [0.0, 0.0, 0.0, 1.0]]"
0.4666666666666667,0.8816658443052516,18.06689537362674,14.898648947866501,-89.84470449331958,-6.2291585631478394,4.453385364799041,32.77508278894014,0.8816658443052516,-18.06689537362674,-14.898648947866501,-89.84470449331958,6.2291585631478394,4.453385364799041,-32.77508278894014,"[[2.220446049250313e-16, -0.0, -1.0, 0.4], [0.0, 1.0, -0.0, 0.365], [1.0, 0.0, 2.220446049250313e-16, -0.2], [0.0, 0.0, 0.0, 1.0]]","[[-1.2794379039560155e-07, 1.5594646214318663e-06, -0.9999999999987759, 0.3999999885849597], [5.160402376601878e-07, 0.9999999999986509, 1.5594645554075276e-06, 0.3649997647019998], [0.9999999999998588, -5.160400381357499e-07, -1.279445950852498e-07, -0.19999986197773148], [0.0, 0.0, 0.0, 1.0]]","[[2.220446049250313e-16, -0.0, -1.0, 0.4], [0.0, 1.0, -0.0, -0.365], [1.0, 0.0, 2.220446049250313e-16, -0.2], [0.0, 0.0, 0.0, 1.0]]","[[-1.0552749729608735e-06, 8.240472914988348e-07, -0.9999999999991036, 0.39999998117418567], [6.705317889238721e-07, 0.9999999999994356, 8.240465839036931e-07, -0.36499995306940736], [0.9999999999992184, -6.705309193275345e-07, -1.0552755254078505e-06, -0.19999968985092922], [0.0, 0.0, 0.0, 1.0]]"
0.475,0.8784266804522259,18.031060786146266,14.82563764073365,-89.91992536664894,-6.1549088573411,4.525796042171754,32.747369296382814,0.8784266804522259,-18.031060786146266,-14.82563764073365,-89.91992536664894,6.1549088573411,4.525796042171754,-32.747369296382814,"[[2.220446049250313e-16, -0.0, -1.0, 0.4], [0.0, 1.0, -0.0, 0.364375], [1.0, 0.0, 2.220446049250313e-16, -0.2], [0.0, 0.0, 0.0, 1.0]]","[[-9.990609439736176e-08, 1.541461482227594e-06, -0.9999999999988071, 0.39999998873741915], [5.22639548495507e-07, 0.9999999999986754, 1.5414614300125152e-06, 0.364374770305875], [0.9999999999998584, -5.226393944934925e-07, -9.990689997518842e-08, -0.1999998724756986], [0.0, 0.0, 0.0, 1.0]]","[[2.220446049250313e-16, -0.0, -1.0, 0.4], [0.0, 1.0, -0.0, -0.364375], [1.0, 0.0, 2.220446049250313e-16, -0.2], [0.0, 0.0, 0.0, 1.0]]","[[-1.0266562640581789e-06, 8.423541550542963e-07, -0.9999999999991181, 0.3999999812945091], [6.622833382369267e-07, 0.9999999999994258, 8.423534751172178e-07, -0.36437495860003577], [0.9999999999992536, -6.622824734288708e-07, -1.0266568218342265e-06, -0.19999970101493306], [0.0, 0.0, 0.0, 1.0]]"
0.48333333333333334,0.875015748013745,17.995284255273738,14.752472654344473,-89.99485937203315,-6.080553283602226,4.598113231330203,32.71946455852873,0.875015748013745,-17.995284255273738,-14.752472654344473,-89.99485937203315,6.080553283602226,4.598113231330203,-32.71946455852873,"[[2.220446049250313e-16, -0.0, -1.0, 0.4], [0.0, 1.0, -0.0, 0.36375], [1.0, 0.0, 2.220446049250313e-16, -0.2], [0.0, 0.0, 0.0, 1.0]]","[[-5.332940139490816e-08, 1.521699431496662e-06, -0.9999999999988408, 0.3999999900623948], [5.416146675190406e-07, 0.9999999999986957, 1.5216994026124551e-06, 0.36374978050081225], [0.999999999999852, -5.416145863670947e-07, -5.333022540243704e-08, -0.1999998880696795], [0.0, 0.0, 0.0, 1.0]]","[[2.220446049250313e-16, -0.0, -1.0, 0.4], [0.0, 1.0, -0.0, -0.36375], [1.0, 0.0, 2.220446049250313e-16, -0.2], [0.0, 0.0, 0.0, 1.0]]","[[-9.794948148678095e-07, 8.624241340403504e-07, -0.9999999999991482, 0.39999998258738273], [6.416612500519779e-07, 0.9999999999994222, 8.624235055367193e-07, -0.3637499687235298], [0.9999999999993143, -6.416604053120795e-07, -9.79495368202965e-07, -0.1999997172752736], [0.0, 0.0, 0.0, 1.0]]"
0.49166666666666664,0.8714331003506618,17.959564073461866,14.679155696246264,-90.06951333966138,-6.006090561270747,4.670336505387564,32.6913651602833,0.8714331003506618,-17.959564073461866,-14.679155696246264,-90.06951333966138,6.006090561270747,4.670336505387564,-32.6913651602833,"[[2.220446049250313e-16, -0.0, -1.0, 0.4], [0.0, 1.0, -0.0, 0.36312500000000003], [1.0, 0.0, 2.220446049250313e-16, -0.2], [0.0, 0.0, 0.0, 1.0]]","[[-1.055547196870954e-07, 1.5292230022441677e-06, -0.9999999999988252, 0.3999999883020105], [5.225842449796524e-07, 0.9999999999986942, 1.529222947082734e-06, 0.3631247758197496], [0.9999999999998579, -5.22584083562339e-07, -1.0555551882562852e-07, -0.19999987111529363], [0.0, 0.0, 0.0, 1.0]]","[[2.220446049250313e-16, -0.0, -1.0, 0.4], [0.0, 1.0, -0.0, -0.36312500000000003], [1.0, 0.0, 2.220446049250313e-16, -0.2], [0.0, 0.0, 0.0, 1.0]]","[[-1.0311315717381753e-06, 8.552127347958155e-07, -0.9999999999991028, 0.399999980794925], [6.590468630809349e-07, 0.9999999999994174, 8.552120552320566e-07, -0.363124963972773], [0.9999999999992514, -6.590459812441926e-07, -1.0311321355094272e-06, -0.19999970098758155], [0.0, 0.0, 0.0, 1.0]]"
0.5,0.8676787908238291,17.923900240710644,14.60568505889173,-90.14388043934449,-5.93152154412031,4.74246629123066,32.663074516741105,0.8676787908238291,-17.923900240710644,-14.60568505889173,-90.14388043934449,5.93152154412031,4.74246629123066,-32.663074516741105,"[[2.220446049250313e-16, -0.0, -1.0, 0.4], [0.0, 1.0, -0.0, 0.36250000000000004], [1.0, 0.0, 2.220446049250313e-16, -0.2], [0.0, 0.0, 0.0, 1.0]]","[[-1.1372463382119946e-07, 1.5402431377368985e-06, -0.9999999999988074, 0.39999998738623865], [5.223471437752953e-07, 0.9999999999986774, 1.540243078332961e-06, 0.36249976973735915], [0.9999999999998572, -5.223469686110922e-07, -1.137254382888031e-07, -0.19999986846695836], [0.0, 0.0, 0.0, 1.0]]","[[2.220446049250313e-16, -0.0, -1.0, 0.4], [0.0, 1.0, -0.0, -0.36250000000000004], [1.0, 0.0, 2.220446049250313e-16, -0.2], [0.0, 0.0, 0.0, 1.0]]","[[-1.0387091890495803e-06, 8.445089719469674e-07, -0.9999999999991039, 0.39999997984712843], [6.576413250998072e-07, 0.9999999999994271, 8.445082888491529e-07, -0.36249995782249667], [0.9999999999992443, -6.57640447900698e-07, -1.0387097446051818e-06, -0.1999996990062631], [0.0, 0.0, 0.0, 1.0]]"
0.5083333333333333,0.8637527127115412,17.888292757020075,14.532062449828162,-90.21796067108244,-5.856845805264091,4.814501735085846,32.63459262790215,0.8637527127115412,-17.888292757020075,-14.532062449828162,-90.21796067108244,5.856845805264091,4.814501735085846,-32.63459262790215,"[[2.220446049250313e-16, -0.0, -1.0, 0.4], [0.0, 1.0, -0.0, 0.361875], [1.0, 0.0, 2.220446049250313e-16, -0.2], [0.0, 0.0, 0.0, 1.0]]","[[-1.0083546270189814e-07, 1.5382715418651827e-06, -0.9999999999988118, 0.3999999875085955], [5.323225123676768e-07, 0.9999999999986753, 1.5382714881879855e-06, 0.3618747707221329], [0.9999999999998532, -5.323223572547269e-07, -1.008362816024011e-07, -0.1999998728481995], [0.0, 0.0, 0.0, 1.0]]","[[2.220446049250313e-16, -0.0, -1.0, 0.4], [0.0, 1.0, -0.0, -0.361875], [1.0, 0.0, 2.220446049250313e-16, -0.2], [0.0, 0.0, 0.0, 1.0]]","[[-1.0252239938668417e-06, 8.468011445739615e-07, -0.9999999999991162, 0.39999997993750713], [6.460255195961575e-07, 0.9999999999994331, 8.468004822533665e-07, -0.3618749587411834], [0.999999999999266, -6.460246514354139e-07, -1.0252245409847482e-06, -0.19999970405483053], [0.0, 0.0, 0.0, 1.0]]"
0.5166666666666666,0.8596549727355037,17.85274162239016,14.458287869055562,-90.29175403487527,-5.782062490928444,4.886442410066298,32.605919493766436,0.8596549727355037,-17.85274162239016,-14.458287869055562,-90.29175403487527,5.782062490928444,4.886442410066298,-32.605919493766436,"[[2.220446049250313e-16, -0.0, -1.0, 0.4], [0.0, 1.0, -0.0, 0.36125], [1.0, 0.0, 2.220446049250313e-16, -0.2], [0.0, 0.0, 0.0, 1.0]]","[[-6.80370640937511e-08, 1.5205475005856551e-06, -0.9999999999988419, 0.3999999888669117], [5.414999988207344e-07, 0.9999999999986976, 1.5205474637433654e-06, 0.3612497792532969], [0.9999999999998513, -5.41499895366522e-07, -6.803788743514616e-08, -0.19999988456081902], [0.0, 0.0, 0.0, 1.0]]","[[2.220446049250313e-16, -0.0, -1.0, 0.4], [0.0, 1.0, -0.0, -0.36125], [1.0, 0.0, 2.220446049250313e-16, -0.2], [0.0, 0.0, 0.0, 1.0]]","[[-9.918258492280785e-07, 8.648499662795986e-07, -0.9999999999991344, 0.39999998126389624], [6.35209811197457e-07, 0.9999999999994247, 8.648493362623391e-07, -0.36124996720805763], [0.9999999999993067, -6.352089534169797e-07, -9.91826398566431e-07, -0.19999971643508266], [0.0, 0.0, 0.0, 1.0]]"
0.525,0.8553856242565697,17.8172451292736,14.384363024121221,-90.36526736091211,-5.707172028000193,4.958288316172016,32.57705169923938,0.8553856242565697,-17.8172451292736,-14.384363024121221,-90.36526736091211,5.707172028000193,4.958288316172016,-32.57705169923938,"[[2.220446049250313e-16, -0.0, -1.0, 0.4], [0.0, 1.0, -0.0, 0.36062500000000003], [1.0, 0.0, 2.220446049250313e-16, -0.2], [0.0, 0.0, 0.0, 1.0]]","[[-1.1053113313508334e-07, 1.5368107925353553e-06, -0.9999999999988133, 0.39999998707183043], [4.974218829091646e-07, 0.9999999999986957, 1.53681073755457e-06, 0.36062477383138725], [0.9999999999998704, -4.974217130431418e-07, -1.105318976346581e-07, -0.1999998680713325], [0.0, 0.0, 0.0, 1.0]]","[[2.220446049250313e-16, -0.0, -1.0, 0.4], [0.0, 1.0, -0.0, -0.36062500000000003], [1.0, 0.0, 2.220446049250313e-16, -0.2], [0.0, 0.0, 0.0, 1.0]]","[[-1.033716383602723e-06, 8.489156993612743e-07, -0.9999999999991055, 0.39999997943694054], [6.776518844854594e-07, 0.9999999999994102, 8.489149988616776e-07, -0.3606249617236037], [0.9999999999992363, -6.776510069475105e-07, -1.0337169589202944e-06, -0.19999970061354827], [0.0, 0.0, 0.0, 1.0]]"
0.5333333333333333,0.8509445605530335,17.781803277670406,14.310286207477848,-90.43849381900381,-5.632173562705692,5.030039026516176,32.547996074510145,0.8509445605530335,-17.781803277670406,-14.310286207477848,-90.43849381900381,5.632173562705692,5.030039026516176,-32.547996074510145,"[[2.220446049250313e-16, -0.0, -1.0, 0.4], [0.0, 1.0, -0.0, 0.36], [1.0, 0.0, 2.220446049250313e-16, -0.2], [0.0, 0.0, 0.0, 1.0]]","[[-1.1662609677998148e-07, 1.547172775314196e-06, -0.9999999999987966, 0.3999999868151043], [5.185405169111179e-07, 0.9999999999986691, 1.547172714838642e-06, 0.3599997691178322], [0.9999999999998591, -5.185403364697788e-07, -1.1662689902713907e-07, -0.19999986638864142], [0.0, 0.0, 0.0, 1.0]]","[[2.220446049250313e-16, -0.0, -1.0, 0.4], [0.0, 1.0, -0.0, -0.36], [1.0, 0.0, 2.220446049250313e-16, -0.2], [0.0, 0.0, 0.0, 1.0]]","[[-1.0392041639994964e-06, 8.388868915123899e-07, -0.9999999999991085, 0.3999999791484054], [6.548994277042121e-07, 0.999999999999434, 8.388862109384508e-07, -0.3599999569493053], [0.9999999999992459, -6.548985559295846e-07, -1.039204713337849e-06, -0.19999969959912395], [0.0, 0.0, 0.0, 1.0]]"
0.5416666666666666,0.8463318349857476,17.74641606758057,14.236059126672734,-90.51143340915038,-5.557067521931762,5.10169454109878,32.518749204484145,0.8463318349857476,-17.74641606758057,-14.236059126672734,-90.51143340915038,5.557067521931762,5.10169454109878,-32.518749204484145,"[[2.220446049250313e-16, -0.0, -1.0, 0.4], [0.0, 1.0, -0.0, 0.359375], [1.0, 0.0, 2.220446049250313e-16, -0.2], [0.0, 0.0, 0.0, 1.0]]","[[-8.610515539464458e-08, 1.5387697220323292e-06, -0.9999999999988127, 0.3999999876742356], [5.346808895375551e-07, 0.9999999999986735, 1.538769675993334e-06, 0.3593747735047728], [0.9999999999998537, -5.346807570409182e-07, -8.610597806990583e-08, -0.19999987527242574], [0.0, 0.0, 0.0, 1.0]]","[[2.220446049250313e-16, -0.0, -1.0, 0.4], [0.0, 1.0, -0.0, -0.359375], [1.0, 0.0, 2.220446049250313e-16, -0.2], [0.0, 0.0, 0.0, 1.0]]","[[-1.0080723307770434e-06, 8.4762732474883e-07, -0.9999999999991325, 0.3999999799757945], [6.37127462501418e-07, 0.9999999999994378, 8.476266824785225e-07, -0.3593749612772967], [0.9999999999992888, -6.3712660803186e-07, -1.0080728707895226e-06, -0.19999970915146856], [0.0, 0.0, 0.0, 1.0]]"
0.55,0.8415475009155653,17.711081791456802,14.161682635479526,-90.58409296154097,-5.481853051904758,5.1732540061461805,32.48931108916139,0.8415475009155653,-17.711081791456802,-14.161682635479526,-90.58409296154097,5.481853051904758,5.1732540061461805,-32.48931108916139,"[[2.220446049250313e-16, -0.0, -1.0, 0.4], [0.0, 1.0, -0.0, 0.35875], [1.0, 0.0, 2.220446049250313e-16, -0.2], [0.0, 0.0, 0.0, 1.0]]","[[-1.3087448358373166e-07, 1.5629158554649933e-06, -0.9999999999987702, 0.3999999855672406], [5.539954350386154e-07, 0.9999999999986252, 1.5629157829609004e-06, 0.3587497618429217], [0.999999999999838, -5.539952304921382e-07, -1.3087534955769087e-07, -0.19999985963089606], [0.0, 0.0, 0.0, 1.0]]","[[2.220446049250313e-16, -0.0, -1.0, 0.4], [0.0, 1.0, -0.0, -0.35875], [1.0, 0.0, 2.220446049250313e-16, -0.2], [0.0, 0.0, 0.0, 1.0]]","[[-1.0522270592616678e-06, 8.238227610661125e-07, -0.9999999999991073, 0.39999997783712465], [6.161835371120576e-07, 0.9999999999994709, 8.23822112701421e-07, -0.3587499495582391], [0.9999999999992567, -6.161826702635883e-07, -1.0522275668556347e-06, -0.19999969417881858], [0.0, 0.0, 0.0, 1.0]]"
0.5583333333333333,0.8365915049816335,17.675802156846395,14.087156733898224,-90.65645881579727,-5.406530152624681,5.244716994771555,32.45967831344729,0.8365915049816335,-17.675802156846395,-14.087156733898224,-90.65645881579727,5.406530152624681,5.244716994771555,-32.45967831344729,"[[2.220446049250313e-16, -0.0, -1.0, 0.4], [0.0, 1.0, -0.0, 0.358125], [1.0, 0.0, 2.220446049250313e-16, -0.2], [0.0, 0.0, 0.0, 1.0]]","[[-5.062812985512366e-08, 1.5045987815699432e-06, -0.9999999999988669, 0.3999999883934826], [4.982276939515518e-07, 0.9999999999987441, 1.5045987563454223e-06, 0.35812478695527994], [0.9999999999998748, -4.98227617775966e-07, -5.062887947770989e-08, -0.19999988903942853], [0.0, 0.0, 0.0, 1.0]]","[[2.220446049250313e-16, -0.0, -1.0, 0.4], [0.0, 1.0, -0.0, -0.358125], [1.0, 0.0, 2.220446049250313e-16, -0.2], [0.0, 0.0, 0.0, 1.0]]","[[-9.713623516649506e-07, 8.824856781754884e-07, -0.9999999999991389, 0.39999998063176784], [6.7032420483462e-07, 0.999999999999386, 8.824850270480106e-07, -0.3581249746152279], [0.9999999999993037, -6.703233476213117e-07, -9.71362943191778e-07, -0.19999972425647697], [0.0, 0.0, 0.0, 1.0]]"
0.5666666666666667,0.831463900544805,17.640575456202054,14.012481421928829,-90.72855146248675,-5.331098824091529,5.316083933861726,32.4298611226256,0.831463900544805,-17.640575456202054,-14.012481421928829,-90.72855146248675,5.331098824091529,5.316083933861726,-32.4298611226256,"[[2.220446049250313e-16, -0.0, -1.0, 0.4], [0.0, 1.0, -0.0, 0.35750000000000004], [1.0, 0.0, 2.220446049250313e-16, -0.2], [0.0, 0.0, 0.0, 1.0]]","[[-1.2393204479321795e-07, 1.5537512550234848e-06, -0.9999999999987853, 0.3999999863194077], [5.29480260477325e-07, 0.9999999999986529, 1.5537511894037075e-06, 0.35749977062671306], [0.9999999999998522, -5.294800679171198e-07, -1.239328674684792e-07, -0.19999985782484483], [0.0, 0.0, 0.0, 1.0]]","[[2.220446049250313e-16, -0.0, -1.0, 0.4], [0.0, 1.0, -0.0, -0.35750000000000004], [1.0, 0.0, 2.220446049250313e-16, -0.2], [0.0, 0.0, 0.0, 1.0]]","[[-1.0440443332648819e-06, 8.336831244057266e-07, -0.9999999999991075, 0.3999999785261759], [6.374467254080821e-07, 0.9999999999994493, 8.336824588833701e-07, -0.35749995823298464], [0.9999999999992518, -6.374458550060661e-07, -1.044044864839666e-06, -0.19999969371137843], [0.0, 0.0, 0.0, 1.0]]"
0.575,0.8261646876050801,17.605399981976486,13.937657553344986,-90.80035041104192,-5.255558212531658,5.387353542756224,32.39984927141256,0.8261646876050801,-17.605399981976486,-13.937657553344986,-90.80035041104192,5.255558212531658,5.387353542756224,-32.39984927141256,"[[2.220446049250313e-16, -0.0, -1.0, 0.4], [0.0, 1.0, -0.0, 0.356875], [1.0, 0.0, 2.220446049250313e-16, -0.2], [0.0, 0.0, 0.0, 1.0]]","[[-6.718116629667037e-08, 1.5144841392799044e-06, -0.9999999999988511, 0.39999998764431477], [5.220012321707059e-07, 0.9999999999987171, 1.5144841042110501e-06, 0.3568747836700671], [0.9999999999998617, -5.220011304252978e-07, -6.71819567754639e-08, -0.1999998823043331], [0.0, 0.0, 0.0, 1.0]]","[[2.220446049250313e-16, -0.0, -1.0, 0.4], [0.0, 1.0, -0.0, -0.356875], [1.0, 0.0, 2.220446049250313e-16, -0.2], [0.0, 0.0, 0.0, 1.0]]","[[-9.86667778368755e-07, 8.733044250367968e-07, -0.9999999999991318, 0.3999999798196517], [6.433031729793587e-07, 0.9999999999994116, 8.733037903105288e-07, -0.3568749712245026], [0.9999999999993061, -6.433023113180897e-07, -9.866683401416054e-07, -0.19999971886059806], [0.0, 0.0, 0.0, 1.0]]"
0.5833333333333334,0.8206938128016056,17.57027744171699,13.862685128146694,-90.87186932184112,-5.179908744831889,5.458526248341872,32.36964958999735,0.8206938128016056,-17.57027744171699,-13.862685128146694,-90.87186932184112,5.179908744831889,5.458526248341872,-32.36964958999735,"[[2.220446049250313e-16, -0.0, -1.0, 0.4], [0.0, 1.0, -0.0, 0.35625], [1.0, 0.0, 2.220446049250313e-16, -0.2], [0.0, 0.0, 0.0, 1.0]]","[[-6.633903193442592e-08, 1.5213212110266808e-06, -0.9999999999988407, 0.3999999880454464], [5.30702395909705e-07, 0.999999999998702, 1.521321175820187e-06, 0.35624978256822376], [0.999999999999857, -5.307022949861158e-07, -6.633983928860943e-08, -0.19999988126742224], [0.0, 0.0, 0.0, 1.0]]","[[2.220446049250313e-16, -0.0, -1.0, 0.4], [0.0, 1.0, -0.0, -0.35625], [1.0, 0.0, 2.220446049250313e-16, -0.2], [0.0, 0.0, 0.0, 1.0]]","[[-9.851963418405774e-07, 8.668256843024847e-07, -0.9999999999991391, 0.39999998018944427], [6.32981654193927e-07, 0.999999999999424, 8.668250606915217e-07, -0.3562499700725603], [0.9999999999993145, -6.329808002005032e-07, -9.851968905127961e-07, -0.19999971849373055], [0.0, 0.0, 0.0, 1.0]]"
0.5916666666666667,0.8150513828560875,17.535206127876265,13.787565853881247,-90.94310819488436,-5.1041499941054,5.529601623731848,32.339258663285385,0.8150513828560875,-17.535206127876265,-13.787565853881247,-90.94310819488436,5.1041499941054,5.529601623731848,-32.339258663285385,"[[2.220446049250313e-16, -0.0, -1.0, 0.4], [0.0, 1.0, -0.0, 0.355625], [1.0, 0.0, 2.220446049250313e-16, -0.2], [0.0, 0.0, 0.0, 1.0]]","[[-1.2961965267788145e-07, 1.551908339390058e-06, -0.9999999999987874, 0.3999999857515816], [5.160156864716557e-07, 0.9999999999986627, 1.5519082725040903e-06, 0.3556247710331921], [0.9999999999998586, -5.160154853132188e-07, -1.296204535927714e-07, -0.19999985596883457], [0.0, 0.0, 0.0, 1.0]]","[[2.220446049250313e-16, -0.0, -1.0, 0.4], [0.0, 1.0, -0.0, -0.355625], [1.0, 0.0, 2.220446049250313e-16, -0.2], [0.0, 0.0, 0.0, 1.0]]","[[-1.0478439771977044e-06, 8.366010800639821e-07, -0.9999999999991013, 0.3999999778643316], [6.460502602680746e-07, 0.9999999999994416, 8.366004031043925e-07, -0.35562495848916265], [0.9999999999992425, -6.460493836408001e-07, -1.0478445176542728e-06, -0.199999693865482], [0.0, 0.0, 0.0, 1.0]]"
0.6,0.8092373444076728,17.500184332907025,13.712298876775,-91.01405336979327,-5.02828196035219,5.600578815152505,32.30867649127665,0.8092373444076728,-17.500184332907025,-13.712298876775,-91.01405336979327,5.02828196035219,5.600578815152505,-32.30867649127665,"[[2.220446049250313e-16, -0.0, -1.0, 0.4], [0.0, 1.0, -0.0, 0.35500000000000004], [1.0, 0.0, 2.220446049250313e-16, -0.2], [0.0, 0.0, 0.0, 1.0]]","[[-4.460856550814185e-08, 1.5072974069584682e-06, -0.999999999998863, 0.3999999872784719], [5.148921193230486e-07, 0.9999999999987315, 1.507297383989671e-06, 0.35499978503954516], [0.9999999999998664, -5.148920520840891e-07, -4.4609341554036064e-08, -0.19999989167474438], [0.0, 0.0, 0.0, 1.0]]","[[2.220446049250313e-16, -0.0, -1.0, 0.4], [0.0, 1.0, -0.0, -0.35500000000000004], [1.0, 0.0, 2.220446049250313e-16, -0.2], [0.0, 0.0, 0.0, 1.0]]","[[-9.621962391848093e-07, 8.815787500433691e-07, -0.9999999999991486, 0.39999997936007986], [6.455580680909482e-07, 0.9999999999994031, 8.815781288900482e-07, -0.3549999724489893], [0.9999999999993289, -6.455572198392384e-07, -9.621968082851318e-07, -0.19999973024197792], [0.0, 0.0, 0.0, 1.0]]"
0.6083333333333333,0.8032517508172144,17.465215471903853,13.636885050601597,-91.0847253371354,-4.9523037897986155,5.671457822603843,32.27790648906574,0.8032517508172144,-17.465215471903853,-13.636885050601597,-91.0847253371354,4.9523037897986155,5.671457822603843,-32.27790648906574,"[[2.220446049250313e-16, -0.0, -1.0, 0.4], [0.0, 1.0, -0.0, 0.354375], [1.0, 0.0, 2.220446049250313e-16, -0.2], [0.0, 0.0, 0.0, 1.0]]","[[-1.2796573617412932e-07, 1.5568090264764607e-06, -0.9999999999987801, 0.3999999850282041], [4.867865557617674e-07, 0.9999999999986697, 1.556808964184289e-06, 0.354374769416743], [0.9999999999998734, -4.867863565429683e-07, -1.2796649401236593e-07, -0.19999985825182454], [0.0, 0.0, 0.0, 1.0]]","[[2.220446049250313e-16, -0.0, -1.0, 0.4], [0.0, 1.0, -0.0, -0.354375], [1.0, 0.0, 2.220446049250313e-16, -0.2], [0.0, 0.0, 0.0, 1.0]]","[[-1.0449131430667613e-06, 8.324380065163803e-07, -0.9999999999991078, 0.3999999770787716], [6.720500935136064e-07, 0.9999999999994278, 8.324373042826712e-07, -0.35437495678133646], [0.9999999999992284, -6.720492236883266e-07, -1.0449137023971211e-06, -0.19999969748996607], [0.0, 0.0, 0.0, 1.0]]"
0.6166666666666667,0.7970945487238595,17.430296129772163,13.561324375361039,-91.15510360634322,-4.876215482444673,5.742238646085862,32.24694865665266,0.7970945487238595,-17.430296129772163,-13.561324375361039,-91.15510360634322,4.876215482444673,5.742238646085862,-32.24694865665266,"[[2.220446049250313e-16, -0.0, -1.0, 0.4], [0.0, 1.0, -0.0, 0.35375], [1.0, 0.0, 2.220446049250313e-16, -0.2], [0.0, 0.0, 0.0, 1.0]]","[[-5.654627488471675e-08, 1.5180553834069353e-06, -0.9999999999988463, 0.39999998743486187], [5.090206233503279e-07, 0.9999999999987185, 1.5180553546235212e-06, 0.353749783943734], [0.999999999999869, -5.090205375093655e-07, -5.654704759994189e-08, -0.19999988401048494], [0.0, 0.0, 0.0, 1.0]]","[[2.220446049250313e-16, -0.0, -1.0, 0.4], [0.0, 1.0, -0.0, -0.35375], [1.0, 0.0, 2.220446049250313e-16, -0.2], [0.0, 0.0, 0.0, 1.0]]","[[-9.728498245320516e-07, 8.71566688959873e-07, -0.9999999999991472, 0.399999979454502], [6.482048422311708e-07, 0.9999999999994105, 8.715660583541353e-07, -0.35374997126531155], [0.9999999999993169, -6.482039943277309e-07, -9.728503894135265e-07, -0.19999972391977738], [0.0, 0.0, 0.0, 1.0]]"
0.625,0.7907657914884609,17.395426306511954,13.485618558600617,-91.22520183779505,-4.800017038290365,5.8129204318249155,32.215799578942814,0.7907657914884609,-17.395426306511954,-13.485618558600617,-91.22520183779505,4.800017038290365,5.8129204318249155,-32.215799578942814,"[[2.220446049250313e-16, -0.0, -1.0, 0.4], [0.0, 1.0, -0.0, 0.353125], [1.0, 0.0, 2.220446049250313e-16, -0.2], [0.0, 0.0, 0.0, 1.0]]","[[-4.868306263672295e-08, 1.504672946650482e-06, -0.999999999998867, 0.3999999875410813], [4.910513986609712e-07, 0.9999999999987477, 1.5046729227444162e-06, 0.35312478884149295], [0.9999999999998784, -4.910513254083285e-07, -4.868380137912354e-08, -0.19999988665179844], [0.0, 0.0, 0.0, 1.0]]","[[2.220446049250313e-16, -0.0, -1.0, 0.4], [0.0, 1.0, -0.0, -0.353125], [1.0, 0.0, 2.220446049250313e-16, -0.2], [0.0, 0.0, 0.0, 1.0]]","[[-9.64339093023625e-07, 8.853283609076242e-07, -0.9999999999991431, 0.3999999795299055], [6.645651744348915e-07, 0.9999999999993872, 8.853277200416628e-07, -0.3531249761217804], [0.9999999999993141, -6.645643206781915e-07, -9.643396814418281e-07, -0.19999972723252202], [0.0, 0.0, 0.0, 1.0]]"
0.6333333333333333,0.7842654257501658,17.360604294575936,13.409766746546687,-91.29502003149092,-4.72370845733569,5.883502752934181,32.1844626710308,0.7842654257501658,-17.360604294575936,-13.409766746546687,-91.29502003149092,4.72370845733569,5.883502752934181,-32.1844626710308,"[[2.220446049250313e-16, -0.0, -1.0, 0.4], [0.0, 1.0, -0.0, 0.35250000000000004], [1.0, 0.0, 2.220446049250313e-16, -0.2], [0.0, 0.0, 0.0, 1.0]]","[[-8.760642461469459e-08, 1.5388907461555416e-06, -0.999999999998812, 0.39999998531736375], [5.083590569418125e-07, 0.9999999999986866, 1.5388907016198293e-06, 0.35249977240930586], [0.9999999999998669, -5.083589221244965e-07, -8.760720687783774e-08, -0.19999987562896226], [0.0, 0.0, 0.0, 1.0]]","[[2.220446049250313e-16, -0.0, -1.0, 0.4], [0.0, 1.0, -0.0, -0.35250000000000004], [1.0, 0.0, 2.220446049250313e-16, -0.2], [0.0, 0.0, 0.0, 1.0]]","[[-1.0026113397287872e-06, 8.51493937062626e-07, -0.9999999999991349, 0.3999999772754963], [6.456509095513978e-07, 0.9999999999994291, 8.51493289725953e-07, -0.35249995965003655], [0.999999999999289, -6.456500558340112e-07, -1.002611889511229e-06, -0.1999997168814143], [0.0, 0.0, 0.0, 1.0]]"
0.6416666666666666,0.7775935582306798,17.325833509058693,13.33377064674654,-91.36455135724165,-4.647289312693825,5.9539856094136585,32.15293793291661,0.7775935582306798,-17.325833509058693,-13.33377064674654,-91.36455135724165,4.647289312693825,5.9539856094136585,-32.15293793291661,"[[2.220446049250313e-16, -0.0, -1.0, 0.4], [0.0, 1.0, -0.0, 0.351875], [1.0, 0.0, 2.220446049250313e-16, -0.2], [0.0, 0.0, 0.0, 1.0]]","[[-8.932230216585069e-08, 1.5330094357573351e-06, -0.9999999999988209, 0.39999998573618323], [5.021311479928606e-07, 0.9999999999986988, 1.5330093909056378e-06, 0.3518747797800494], [0.9999999999998699, -5.021310110603407e-07, -8.932307177245136e-08, -0.19999987138617129], [0.0, 0.0, 0.0, 1.0]]","[[2.220446049250313e-16, -0.0, -1.0, 0.4], [0.0, 1.0, -0.0, -0.351875], [1.0, 0.0, 2.220446049250313e-16, -0.2], [0.0, 0.0, 0.0, 1.0]]","[[-1.0036725222595244e-06, 8.577627847645228e-07, -0.9999999999991285, 0.3999999776637454], [6.50274560458483e-07, 0.9999999999994209, 8.577621321020653e-07, -0.351874966982989], [0.999999999999285, -6.502736995456336e-07, -1.003673080035572e-06, -0.1999997133105942], [0.0, 0.0, 0.0, 1.0]]"
0.65,0.7707500822082972,17.29110882731835,13.25762940542653,-91.43380264523641,-4.570759177477948,6.024368574376524,32.121225364600235,0.7707500822082972,-17.29110882731835,-13.25762940542653,-91.43380264523641,4.570759177477948,6.024368574376524,-32.121225364600235,"[[2.220446049250313e-16, -0.0, -1.0, 0.4], [0.0, 1.0, -0.0, 0.35125], [1.0, 0.0, 2.220446049250313e-16, -0.2], [0.0, 0.0, 0.0, 1.0]]","[[-1.3284297312177173e-07, 1.5648906698093196e-06, -0.9999999999987669, 0.39999998343781606], [5.378494398128632e-07, 0.9999999999986311, 1.5648905983595884e-06, 0.3512497643501922], [0.9999999999998467, -5.378492319274804e-07, -1.328438146708244e-07, -0.199999857422101], [0.0, 0.0, 0.0, 1.0]]","[[2.220446049250313e-16, -0.0, -1.0, 0.4], [0.0, 1.0, -0.0, -0.35125], [1.0, 0.0, 2.220446049250313e-16, -0.2], [0.0, 0.0, 0.0, 1.0]]","[[-1.046534913673458e-06, 8.262732265609153e-07, -0.9999999999991113, 0.3999999753349402], [6.129543140987693e-07, 0.9999999999994711, 8.262725850831223e-07, -0.35124995151707294], [0.9999999999992647, -6.129534493751159e-07, -1.046535420157202e-06, -0.199999700018786], [0.0, 0.0, 0.0, 1.0]]"
0.6583333333333333,0.7637350510438711,17.25643366444949,13.18134473013395,-91.50276706528604,-4.494118051688058,6.094651647822778,32.08932155098711,0.7637350510438711,-17.25643366444949,-13.18134473013395,-91.50276706528604,4.494118051688058,6.094651647822778,-32.08932155098711,"[[2.220446049250313e-16, -0.0, -1.0, 0.4], [0.0, 1.0, -0.0, 0.350625], [1.0, 0.0, 2.220446049250313e-16, -0.2], [0.0, 0.0, 0.0, 1.0]]","[[-1.3102871299075503e-07, 1.5533814483435098e-06, -0.9999999999987852, 0.39999998370647], [4.960530425469008e-07, 0.9999999999986706, 1.5533813833461402e-06, 0.35062477044754503], [0.9999999999998685, -4.960528390087348e-07, -1.3102948348553412e-07, -0.19999985430987388], [0.0, 0.0, 0.0, 1.0]]","[[2.220446049250313e-16, -0.0, -1.0, 0.4], [0.0, 1.0, -0.0, -0.350625], [1.0, 0.0, 2.220446049250313e-16, -0.2], [0.0, 0.0, 0.0, 1.0]]","[[-1.044058740851117e-06, 8.381783397958481e-07, -0.9999999999991036, 0.3999999755732873], [6.531511177630453e-07, 0.9999999999994353, 8.381776578679925e-07, -0.350624957580132], [0.9999999999992415, -6.531502426557498e-07, -1.0440592881910682e-06, -0.19999969757905006], [0.0, 0.0, 0.0, 1.0]]"
0.6666666666666666,0.7565484647374011,17.221804605357523,13.104915767095154,-91.57144461739051,-4.417365935324155,6.164833549091952,32.057233322266384,0.7565484647374011,-17.221804605357523,-13.104915767095154,-91.57144461739051,4.417365935324155,6.164833549091952,-32.057233322266384,"[[2.220446049250313e-16, -0.0, -1.0, 0.4], [0.0, 1.0, -0.0, 0.35000000000000003], [1.0, 0.0, 2.220446049250313e-16, -0.2], [0.0, 0.0, 0.0, 1.0]]","[[-7.376631894207009e-08, 1.528089399741065e-06, -0.9999999999988298, 0.39999998531788894], [5.402812798483738e-07, 0.9999999999986865, 1.528089359886285e-06, 0.3499997798794101], [0.9999999999998515, -5.402811671262146e-07, -7.37671445039112e-08, -0.19999987698403107], [0.0, 0.0, 0.0, 1.0]]","[[2.220446049250313e-16, -0.0, -1.0, 0.4], [0.0, 1.0, -0.0, -0.35000000000000003], [1.0, 0.0, 2.220446049250313e-16, -0.2], [0.0, 0.0, 0.0, 1.0]]","[[-9.861309312464428e-07, 8.638703803093955e-07, -0.9999999999991408, 0.39999997715454505], [6.073256567134226e-07, 0.9999999999994426, 8.638697814070408e-07, -0.349999966979479], [0.9999999999993295, -6.073248048241887e-07, -9.861314559378442e-07, -0.19999972092595877], [0.0, 0.0, 0.0, 1.0]]"
0.675,0.7491903766497404,17.187223357589748,13.028344223857433,-91.63984213173902,-4.340501974612594,6.2349142781840445,32.024953848248906,0.7491903766497404,-17.187223357589748,-13.028344223857433,-91.63984213173902,4.340501974612594,6.2349142781840445,-32.024953848248906,"[[2.220446049250313e-16, -0.0, -1.0, 0.4], [0.0, 1.0, -0.0, 0.349375], [1.0, 0.0, 2.220446049250313e-16, -0.2], [0.0, 0.0, 0.0, 1.0]]","[[-7.911883009859011e-08, 1.5194773043980122e-06, -0.9999999999988426, 0.3999999854529521], [5.03553356439535e-07, 0.9999999999987188, 1.519477264557272e-06, 0.3493747847619823], [0.9999999999998702, -5.035532362196885e-07, -7.911959526429868e-08, -0.19999987527296276], [0.0, 0.0, 0.0, 1.0]]","[[2.220446049250313e-16, -0.0, -1.0, 0.4], [0.0, 1.0, -0.0, -0.349375], [1.0, 0.0, 2.220446049250313e-16, -0.2], [0.0, 0.0, 0.0, 1.0]]","[[-9.90814396417683e-07, 8.728866684939421e-07, -0.9999999999991283, 0.3999999772595865], [6.424587033258147e-07, 0.9999999999994128, 8.728860319368582e-07, -0.3493749718312455], [0.9999999999993028, -6.424578384572078e-07, -9.908149570803104e-07, -0.19999971988789497], [0.0, 0.0, 0.0, 1.0]]"
0.6833333333333333,0.741660733420036,17.15268821359887,12.951629246647142,-91.70795960833155,-4.2635265964401965,6.30489426198588,31.992489959123834,0.741660733420036,-17.15268821359887,-12.951629246647142,-91.70795960833155,4.2635265964401965,6.30489426198588,-31.992489959123834,"[[2.220446049250313e-16, -0.0, -1.0, 0.4], [0.0, 1.0, -0.0, 0.34875], [1.0, 0.0, 2.220446049250313e-16, -0.2], [0.0, 0.0, 0.0, 1.0]]","[[-1.1392875498561494e-07, 1.548078736429103e-06, -0.9999999999987954, 0.39999998403684484], [5.197489821050598e-07, 0.9999999999986667, 1.5480786772145497e-06, 0.348749773493354], [0.9999999999998586, -5.197488057337576e-07, -1.1392955945321859e-07, -0.1999998601536943], [0.0, 0.0, 0.0, 1.0]]","[[2.220446049250313e-16, -0.0, -1.0, 0.4], [0.0, 1.0, -0.0, -0.34875], [1.0, 0.0, 2.220446049250313e-16, -0.2], [0.0, 0.0, 0.0, 1.0]]","[[-1.0249517744531644e-06, 8.446935221807328e-07, -0.9999999999991179, 0.39999997581361063], [6.246705241382457e-07, 0.9999999999994481, 8.446928819238496e-07, -0.3487499605335332], [0.9999999999992796, -6.246696583682266e-07, -1.0249523020311457e-06, -0.19999970544190868], [0.0, 0.0, 0.0, 1.0]]"
0.6916666666666667,0.733959535048288,17.1181974658376,12.874773396785221,-91.77579021697895,-4.186439800806963,6.374772219836988,31.95983823979659,0.733959535048288,-17.1181974658376,-12.874773396785221,-91.77579021697895,4.186439800806963,6.374772219836988,-31.95983823979659,"[[2.220446049250313e-16, -0.0, -1.0, 0.4], [0.0, 1.0, -0.0, 0.348125], [1.0, 0.0, 2.220446049250313e-16, -0.2], [0.0, 0.0, 0.0, 1.0]]","[[-1.0338006634080799e-07, 1.5311420207561438e-06, -0.9999999999988224, 0.39999998324597985], [5.579169924249061e-07, 0.9999999999986722, 1.5311419630784178e-06, 0.3481247766285326], [0.9999999999998389, -5.579168341346913e-07, -1.0338092076844774e-07, -0.19999986639216522], [0.0, 0.0, 0.0, 1.0]]","[[2.220446049250313e-16, -0.0, -1.0, 0.4], [0.0, 1.0, -0.0, -0.348125], [1.0, 0.0, 2.220446049250313e-16, -0.2], [0.0, 0.0, 0.0, 1.0]]","[[-1.0137269919052727e-06, 8.620426761004075e-07, -0.9999999999991146, 0.3999999749930282], [5.849123711910362e-07, 0.9999999999994575, 8.620420831592445e-07, -0.34812496364139023], [0.9999999999993151, -5.849114973151904e-07, -1.0137274961685705e-06, -0.199999712353889], [0.0, 0.0, 0.0, 1.0]]"
0.7,0.7260867815344962,17.08375452940052,12.797774966724374,-91.84334078787037,-4.109240733939248,6.444547724850546,31.92699869026717,0.7260867815344962,-17.08375452940052,-12.797774966724374,-91.84334078787037,4.109240733939248,6.444547724850546,-31.92699869026717,"[[2.220446049250313e-16, -0.0, -1.0, 0.4], [0.0, 1.0, -0.0, 0.34750000000000003], [1.0, 0.0, 2.220446049250313e-16, -0.2], [0.0, 0.0, 0.0, 1.0]]","[[-1.4659157682173074e-07, 1.553913377047248e-06, -0.9999999999987821, 0.39999998267724257], [5.366139371555503e-07, 0.9999999999986489, 1.5539132983839577e-06, 0.3474997723188787], [0.9999999999998455, -5.366137093642959e-07, -1.4659241082126684e-07, -0.19999984833232284], [0.0, 0.0, 0.0, 1.0]]","[[2.220446049250313e-16, -0.0, -1.0, 0.4], [0.0, 1.0, -0.0, -0.34750000000000003], [1.0, 0.0, 2.220446049250313e-16, -0.2], [0.0, 0.0, 0.0, 1.0]]","[[-1.05625885615801e-06, 8.396879145192518e-07, -0.9999999999990897, 0.3999999743947346], [6.046276440414884e-07, 0.9999999999994647, 8.39687275876263e-07, -0.3474999593061238], [0.9999999999992594, -6.046267571138164e-07, -1.0562593639740214e-06, -0.19999969496781012], [0.0, 0.0, 0.0, 1.0]]"
0.7083333333333334,0.7180425796003667,17.049354281645748,12.72063481023825,-91.91060449081667,-4.031929822723873,6.514221203913376,31.893971310535573,0.7180425796003667,-17.049354281645748,-12.72063481023825,-91.91060449081667,4.031929822723873,6.514221203913376,-31.893971310535573,"[[2.220446049250313e-16, -0.0, -1.0, 0.4], [0.0, 1.0, -0.0, 0.346875], [1.0, 0.0, 2.220446049250313e-16, -0.2], [0.0, 0.0, 0.0, 1.0]]","[[-1.1190354015644388e-07, 1.5482030559526669e-06, -0.9999999999987953, 0.3999999826349915], [5.392432405956271e-07, 0.9999999999986562, 1.548202995609224e-06, 0.3468747711966322], [0.9999999999998485, -5.392430673455814e-07, -1.119043750441584e-07, -0.19999986298287506], [0.0, 0.0, 0.0, 1.0]]","[[2.220446049250313e-16, -0.0, -1.0, 0.4], [0.0, 1.0, -0.0, -0.346875], [1.0, 0.0, 2.220446049250313e-16, -0.2], [0.0, 0.0, 0.0, 1.0]]","[[-1.0208876319306448e-06, 8.458189830398009e-07, -0.9999999999991213, 0.39999997432309636], [6.004129575703786e-07, 0.999999999999462, 8.458183700859266e-07, -0.34687495816003433], [0.9999999999992987, -6.00412094084338e-07, -1.0208881397466563e-06, -0.19999971029235858], [0.0, 0.0, 0.0, 1.0]]"
0.7166666666666667,0.7098267691633404,17.015000137667876,12.643354634874141,-91.97758815600697,-3.9545062133871935,6.583791803251834,31.8607561006018,0.7098267691633404,-17.015000137667876,-12.643354634874141,-91.97758815600697,3.9545062133871935,6.583791803251834,-31.8607561006018,"[[2.220446049250313e-16, -0.0, -1.0, 0.4], [0.0, 1.0, -0.0, 0.34625], [1.0, 0.0, 2.220446049250313e-16, -0.2], [0.0, 0.0, 0.0, 1.0]]","[[-1.3884957517085184e-07, 1.5532974770367588e-06, -0.9999999999987842, 0.39999998206821763], [4.898364081875778e-07, 0.999999999998674, 1.5532974090230103e-06, 0.34624976990748], [0.9999999999998707, -4.898361925122968e-07, -1.3885033611771291e-07, -0.19999985125546982], [0.0, 0.0, 0.0, 1.0]]","[[2.220446049250313e-16, -0.0, -1.0, 0.4], [0.0, 1.0, -0.0, -0.34625], [1.0, 0.0, 2.220446049250313e-16, -0.2], [0.0, 0.0, 0.0, 1.0]]","[[-1.0471469406025946e-06, 8.411494624381012e-07, -0.999999999999098, 0.39999997372709817], [6.482367959166367e-07, 0.9999999999994361, 8.41148783639208e-07, -0.3462499568487397], [0.9999999999992417, -6.482359151096765e-07, -1.0471474859441443e-06, -0.19999969923918634], [0.0, 0.0, 0.0, 1.0]]"
0.725,0.7014395103059764,16.980688682372318,12.5659335868584,-92.04428495325216,-3.8769707597028553,6.6532586690922715,31.82735989065502,0.7014395103059764,-16.980688682372318,-12.5659335868584,-92.04428495325216,3.8769707597028553,6.6532586690922715,-31.82735989065502,"[[2.220446049250313e-16, -0.0, -1.0, 0.4], [0.0, 1.0, -0.0, 0.345625], [1.0, 0.0, 2.220446049250313e-16, -0.2], [0.0, 0.0, 0.0, 1.0]]","[[-9.934453859550274e-08, 1.5445393630856142e-06, -0.9999999999988025, 0.39999998282228294], [5.577547920104828e-07, 0.999999999998652, 1.544539307675489e-06, 0.34562477344131587], [0.9999999999998397, -5.577546385682698e-07, -9.934540012856985e-08, -0.1999998684595936], [0.0, 0.0, 0.0, 1.0]]","[[2.220446049250313e-16, -0.0, -1.0, 0.4], [0.0, 1.0, -0.0, -0.345625], [1.0, 0.0, 2.220446049250313e-16, -0.2], [0.0, 0.0, 0.0, 1.0]]","[[-1.006951776738596e-06, 8.503365268083418e-07, -0.9999999999991317, 0.3999999744521207], [5.787378448423193e-07, 0.9999999999994712, 8.503359440475294e-07, -0.3456249603621952], [0.9999999999993258, -5.787369885945271e-07, -1.0069522687894406e-06, -0.19999971711778228], [0.0, 0.0, 0.0, 1.0]]"
0.7333333333333333,0.6928806963065686,16.946421623306364,12.48837337373832,-92.11070171274136,-3.7993221810103885,6.722622655208336,31.793772435411483,0.6928806963065686,-16.946421623306364,-12.48837337373832,-92.11070171274136,3.7993221810103885,6.722622655208336,-31.793772435411483,"[[2.220446049250313e-16, -0.0, -1.0, 0.4], [0.0, 1.0, -0.0, 0.34500000000000003], [1.0, 0.0, 2.220446049250313e-16, -0.2], [0.0, 0.0, 0.0, 1.0]]","[[-1.0564935193357883e-07, 1.538427376932766e-06, -0.9999999999988113, 0.3999999824999172], [5.184941264968749e-07, 0.9999999999986824, 1.5384273221539992e-06, 0.3449997750869832], [0.9999999999998602, -5.184939639624087e-07, -1.0565014973984432e-07, -0.19999986434586992], [0.0, 0.0, 0.0, 1.0]]","[[2.220446049250313e-16, -0.0, -1.0, 0.4], [0.0, 1.0, -0.0, -0.34500000000000003], [1.0, 0.0, 2.220446049250313e-16, -0.2], [0.0, 0.0, 0.0, 1.0]]","[[-1.0125628692736477e-06, 8.568816683200234e-07, -0.9999999999991205, 0.3999999741008847], [6.164203374706758e-07, 0.9999999999994431, 8.568810441559543e-07, -0.3449999619891823], [0.9999999999992977, -6.164194698242049e-07, -1.0125633975177628e-06, -0.19999971367875355], [0.0, 0.0, 0.0, 1.0]]"
0.7416666666666667,0.684150433886823,16.912197252922724,12.410673141740256,-92.17683160428543,-3.7215609041966164,6.791882054052734,31.760000565060356,0.684150433886823,-16.912197252922724,-12.410673141740256,-92.17683160428543,3.7215609041966164,6.791882054052734,-31.760000565060356,"[[2.220446049250313e-16, -0.0, -1.0, 0.4], [0.0, 1.0, -0.0, 0.344375], [1.0, 0.0, 2.220446049250313e-16, -0.2], [0.0, 0.0, 0.0, 1.0]]","[[-5.220583570997306e-08, 1.512543751712846e-06, -0.9999999999988548, 0.39999998429389383], [5.125943977732911e-07, 0.9999999999987248, 1.5125437249522303e-06, 0.344374785208927], [0.9999999999998673, -5.125943188090948e-07, -5.220661108973346e-08, -0.19999988586717843], [0.0, 0.0, 0.0, 1.0]]","[[2.220446049250313e-16, -0.0, -1.0, 0.4], [0.0, 1.0, -0.0, -0.344375], [1.0, 0.0, 2.220446049250313e-16, -0.2], [0.0, 0.0, 0.0, 1.0]]","[[-9.58422178731766e-07, 8.832025573223163e-07, -0.9999999999991506, 0.3999999758661804], [6.207443429410411e-07, 0.9999999999994171, 8.832019623874063e-07, -0.34437497209420115], [0.999999999999348, -6.207434964601648e-07, -9.584227269598955e-07, -0.19999973587497696], [0.0, 0.0, 0.0, 1.0]]"
0.75,0.6752486163250335,16.878015571221393,12.332834598411498,-92.24268828826268,-3.643686929261539,6.86103729251229,31.726044279601638,0.6752486163250335,-16.878015571221393,-12.332834598411498,-92.24268828826268,3.643686929261539,6.86103729251229,-31.726044279601638,"[[2.220446049250313e-16, -0.0, -1.0, 0.4], [0.0, 1.0, -0.0, 0.34375], [1.0, 0.0, 2.220446049250313e-16, -0.2], [0.0, 0.0, 0.0, 1.0]]","[[-1.4258448416404335e-07, 1.56747239443982e-06, -0.9999999999987617, 0.39999998068835185], [5.13808379649643e-07, 0.9999999999986398, 1.5674723211785263e-06, 0.34374976551700703], [0.9999999999998581, -5.138081561517742e-07, -1.425852895198254e-07, -0.19999985125230238], [0.0, 0.0, 0.0, 1.0]]","[[2.220446049250313e-16, -0.0, -1.0, 0.4], [0.0, 1.0, -0.0, -0.34375], [1.0, 0.0, 2.220446049250313e-16, -0.2], [0.0, 0.0, 0.0, 1.0]]","[[-1.048100188416612e-06, 8.287152611720135e-07, -0.9999999999991074, 0.3999999722321436], [6.17957005416706e-07, 0.9999999999994658, 8.287146134914567e-07, -0.34374995238700473], [0.9999999999992599, -6.179561368402118e-07, -1.0481007004514709e-06, -0.19999970193528], [0.0, 0.0, 0.0, 1.0]]"
0.7583333333333333,0.6661753503429063,16.843876578202376,12.254857743752046,-92.30825127410563,-3.5656994024315103,6.9300879437001806,31.69190357903533,0.6661753503429063,-16.843876578202376,-12.254857743752046,-92.30825127410563,3.5656994024315103,6.9300879437001806,-31.69190357903533,"[[2.220446049250313e-16, -0.0, -1.0, 0.4], [0.0, 1.0, -0.0, 0.343125], [1.0, 0.0, 2.220446049250313e-16, -0.2], [0.0, 0.0, 0.0, 1.0]]","[[-7.347347069641685e-08, 1.5142741263283896e-06, -0.9999999999988508, 0.3999999836856442], [5.32676536589261e-07, 0.9999999999987117, 1.5142740871905847e-06, 0.34312478716387174], [0.9999999999998556, -5.326764253296762e-07, -7.347427738446655e-08, -0.19999987565030547], [0.0, 0.0, 0.0, 1.0]]","[[2.220446049250313e-16, -0.0, -1.0, 0.4], [0.0, 1.0, -0.0, -0.343125], [1.0, 0.0, 2.220446049250313e-16, -0.2], [0.0, 0.0, 0.0, 1.0]]","[[-9.78285105202037e-07, 8.823590010411804e-07, -0.9999999999991322, 0.3999999752011343], [5.975180029363767e-07, 0.9999999999994322, 8.823584164984826e-07, -0.34312497402038894], [0.999999999999343, -5.975171397377617e-07, -9.782856325579736e-07, -0.19999972700863458], [0.0, 0.0, 0.0, 1.0]]"
0.7666666666666666,0.6569305292187354,16.809778566318382,12.176742577761903,-92.37354105238178,-3.487598964036765,6.999033580729582,31.657575048266846,0.6569305292187354,-16.809778566318382,-12.176742577761903,-92.37354105238178,3.487598964036765,6.999033580729582,-31.657575048266846,"[[2.220446049250313e-16, -0.0, -1.0, 0.4], [0.0, 1.0, -0.0, 0.3425], [1.0, 0.0, 2.220446049250313e-16, -0.2], [0.0, 0.0, 0.0, 1.0]]","[[-1.3644909141463657e-07, 1.5573918594703675e-06, -0.9999999999987779, 0.39999998113471746], [5.018053530979834e-07, 0.9999999999986613, 1.5573917909993013e-06, 0.34249977120519676], [0.9999999999998648, -5.018051405926754e-07, -1.364498727896013e-07, -0.19999985034065487], [0.0, 0.0, 0.0, 1.0]]","[[2.220446049250313e-16, -0.0, -1.0, 0.4], [0.0, 1.0, -0.0, -0.3425], [1.0, 0.0, 2.220446049250313e-16, -0.2], [0.0, 0.0, 0.0, 1.0]]","[[-1.040553135267519e-06, 8.396908767275219e-07, -0.9999999999991063, 0.39999997262210735], [6.268207162609918e-07, 0.9999999999994513, 8.396902244875501e-07, -0.3424999580498837], [0.9999999999992624, -6.268198425181358e-07, -1.0405536615132327e-06, -0.19999970237459272], [0.0, 0.0, 0.0, 1.0]]"
0.775,0.6475142596742266,16.775721535569406,12.098489954214713,-92.4385439627128,-3.409384973747068,7.067873349826848,31.623062102390772,0.6475142596742266,-16.775721535569406,-12.098489954214713,-92.4385439627128,3.409384973747068,7.067873349826848,-31.623062102390772,"[[2.220446049250313e-16, -0.0, -1.0, 0.4], [0.0, 1.0, -0.0, 0.34187500000000004], [1.0, 0.0, 2.220446049250313e-16, -0.2], [0.0, 0.0, 0.0, 1.0]]","[[-1.4197869507848182e-07, 1.564177859550889e-06, -0.9999999999987665, 0.39999998090403466], [4.83964152956727e-07, 0.9999999999986595, 1.564177790838123e-06, 0.34187476921309173], [0.9999999999998728, -4.839639308762084e-07, -1.4197945202854e-07, -0.1999998487314858], [0.0, 0.0, 0.0, 1.0]]","[[2.220446049250313e-16, -0.0, -1.0, 0.4], [0.0, 1.0, -0.0, -0.34187500000000004], [1.0, 0.0, 2.220446049250313e-16, -0.2], [0.0, 0.0, 0.0, 1.0]]","[[-1.0453717183001032e-06, 8.333585963486133e-07, -0.9999999999991064, 0.3999999723635291], [6.430959339920324e-07, 0.999999999999446, 8.333579240745948e-07, -0.341874956047692], [0.9999999999992469, -6.430950628226527e-07, -1.045372254093735e-06, -0.19999970144122986], [0.0, 0.0, 0.0, 1.0]]"
0.7833333333333333,0.6379265417093798,16.741703778408155,12.020100726884124,-92.50326000509867,-3.331057645005831,7.136607677878802,31.58836815650169,0.6379265417093798,-16.741703778408155,-12.020100726884124,-92.50326000509867,3.331057645005831,7.136607677878802,-31.58836815650169,"[[2.220446049250313e-16, -0.0, -1.0, 0.4], [0.0, 1.0, -0.0, 0.34125], [1.0, 0.0, 2.220446049250313e-16, -0.2], [0.0, 0.0, 0.0, 1.0]]","[[-7.376330513064744e-08, 1.5265559678693632e-06, -0.9999999999988323, 0.39999998225850764], [5.546779106589122e-07, 0.9999999999986812, 1.5265559269542562e-06, 0.34124977945898144], [0.9999999999998437, -5.546777980544536e-07, -7.376415200877062e-08, -0.19999987573488356], [0.0, 0.0, 0.0, 1.0]]","[[2.220446049250313e-16, -0.0, -1.0, 0.4], [0.0, 1.0, -0.0, -0.34125], [1.0, 0.0, 2.220446049250313e-16, -0.2], [0.0, 0.0, 0.0, 1.0]]","[[-9.76441947742046e-07, 8.714382614780127e-07, -0.9999999999991438, 0.3999999736903158], [5.708186763134749e-07, 0.9999999999994575, 8.714377041069862e-07, -0.34124996628523985], [0.9999999999993605, -5.708178254046569e-07, -9.76442445121961e-07, -0.19999972912063588], [0.0, 0.0, 0.0, 1.0]]"
0.7916666666666666,0.6281673219633424,16.70772870992922,11.94157574954378,-92.56769600972856,-3.2526163374828196,7.2052348573381515,31.553486380410437,0.6281673219633424,-16.70772870992922,-11.94157574954378,-92.56769600972856,3.2526163374828196,7.2052348573381515,-31.553486380410437,"[[2.220446049250313e-16, -0.0, -1.0, 0.4], [0.0, 1.0, -0.0, 0.340625], [1.0, 0.0, 2.220446049250313e-16, -0.2], [0.0, 0.0, 0.0, 1.0]]","[[-7.301533377912506e-08, 1.5061110703801967e-06, -0.9999999999988634, 0.3999999836893032], [5.177890145258895e-07, 0.9999999999987319, 1.5061110325734609e-06, 0.3406247931367676], [0.9999999999998634, -5.177889045561012e-07, -7.301611359977755e-08, -0.1999998750220718], [0.0, 0.0, 0.0, 1.0]]","[[2.220446049250313e-16, -0.0, -1.0, 0.4], [0.0, 1.0, -0.0, -0.340625], [1.0, 0.0, 2.220446049250313e-16, -0.2], [0.0, 0.0, 0.0, 1.0]]","[[-9.749761045729777e-07, 8.923450925988283e-07, -0.9999999999991267, 0.39999997509363394], [6.061465492691474e-07, 0.9999999999994185, 8.923445016206871e-07, -0.3406249799563628], [0.9999999999993412, -6.061456792540518e-07, -9.749766454736353e-07, -0.1999997290840299], [0.0, 0.0, 0.0, 1.0]]"
0.8,0.6182366537969669,16.67379120749072,11.862914168420035,-92.6318519766025,-3.1740614780648566,7.273756168865365,31.51842018921159,0.6182366537969669,-16.67379120749072,-11.862914168420035,-92.6318519766025,3.1740614780648566,7.273756168865365,-31.51842018921159,"[[2.220446049250313e-16, -0.0, -1.0, 0.4], [0.0, 1.0, -0.0, 0.34], [1.0, 0.0, 2.220446049250313e-16, -0.2], [0.0, 0.0, 0.0, 1.0]]","[[-8.241289323196455e-08, 1.5144130524863873e-06, -0.9999999999988498, 0.3999999824864763], [5.048568260264659e-07, 0.9999999999987257, 1.5144130108794877e-06, 0.3399997880202823], [0.999999999999869, -5.048567012187273e-07, -8.24136577315393e-08, -0.19999987145792356], [0.0, 0.0, 0.0, 1.0]]","[[2.220446049250313e-16, -0.0, -1.0, 0.4], [0.0, 1.0, -0.0, -0.34], [1.0, 0.0, 2.220446049250313e-16, -0.2], [0.0, 0.0, 0.0, 1.0]]","[[-9.836523657824614e-07, 8.845091376834264e-07, -0.9999999999991253, 0.39999997386355296], [6.175201544594405e-07, 0.9999999999994185, 8.845085302585248e-07, -0.3399999748349114], [0.9999999999993258, -6.175192844099918e-07, -9.836529120121895e-07, -0.19999972619631146], [0.0, 0.0, 0.0, 1.0]]"
0.8083333333333333,0.6081345372102536,16.639892978639946,11.784116837286536,-92.69572790572046,-3.0953924264217076,7.342169904913152,31.48317299799974,0.6081345372102536,-16.639892978639946,-11.784116837286536,-92.69572790572046,3.0953924264217076,7.342169904913152,-31.48317299799974,"[[2.220446049250313e-16, -0.0, -1.0, 0.4], [0.0, 1.0, -0.0, 0.339375], [1.0, 0.0, 2.220446049250313e-16, -0.2], [0.0, 0.0, 0.0, 1.0]]","[[-1.355154995996699e-07, 1.550737109390007e-06, -0.9999999999987885, 0.3999999799241656], [5.348227909490648e-07, 0.9999999999986547, 1.5507370369130218e-06, 0.33937477322729714], [0.9999999999998479, -5.348225807995125e-07, -1.355163289362693e-07, -0.1999998535804496], [0.0, 0.0, 0.0, 1.0]]","[[2.220446049250313e-16, -0.0, -1.0, 0.4], [0.0, 1.0, -0.0, -0.339375], [1.0, 0.0, 2.220446049250313e-16, -0.2], [0.0, 0.0, 0.0, 1.0]]","[[-1.036030320422654e-06, 8.486551546270464e-07, -0.9999999999991034, 0.39999997127421283], [5.859980837802892e-07, 0.9999999999994684, 8.486545475155738e-07, -0.33937496003864515], [0.9999999999992919, -5.859972045479209e-07, -1.0360308175805244e-06, -0.19999970899548616], [0.0, 0.0, 0.0, 1.0]]"
0.8166666666666667,0.5978609188423495,16.6060340233769,11.70518460991693,-92.75931696689328,-3.016609395996784,7.4104769192551565,31.4477413916803,0.5978609188423495,-16.6060340233769,-11.70518460991693,-92.75931696689328,3.016609395996784,7.4104769192551565,-31.4477413916803,"[[2.220446049250313e-16, -0.0, -1.0, 0.4], [0.0, 1.0, -0.0, 0.33875], [1.0, 0.0, 2.220446049250313e-16, -0.2], [0.0, 0.0, 0.0, 1.0]]","[[-1.1387324772016427e-07, 1.542054381930439e-06, -0.9999999999988046, 0.39999998074042464], [5.412142432032431e-07, 0.9999999999986646, 1.5420543203003995e-06, 0.3387497764887774], [0.9999999999998471, -5.412140676038626e-07, -1.1387408216378958e-07, -0.19999985881182983], [0.0, 0.0, 0.0, 1.0]]","[[2.220446049250313e-16, -0.0, -1.0, 0.4], [0.0, 1.0, -0.0, -0.33875], [1.0, 0.0, 2.220446049250313e-16, -0.2], [0.0, 0.0, 0.0, 1.0]]","[[-1.0136600137600205e-06, 8.57812074557626e-07, -0.9999999999991185, 0.39999997206367127], [5.780530345273518e-07, 0.9999999999994653, 8.578114886086765e-07, -0.3387499632985769], [0.9999999999993194, -5.780521649976369e-07, -1.0136605095856233e-06, -0.19999971490368731], [0.0, 0.0, 0.0, 1.0]]"
0.825,0.5874159054149604,16.57221263415429,11.626118340084863,-92.82262599031013,-2.9377121733466742,7.478675504344088,31.412125370253268,0.5874159054149604,-16.57221263415429,-11.626118340084863,-92.82262599031013,2.9377121733466742,7.478675504344088,-31.412125370253268,"[[2.220446049250313e-16, -0.0, -1.0, 0.4], [0.0, 1.0, -0.0, 0.338125], [1.0, 0.0, 2.220446049250313e-16, -0.2], [0.0, 0.0, 0.0, 1.0]]","[[-1.3716886582137988e-07, 1.5542560059581027e-06, -0.9999999999987826, 0.3999999794612247], [5.341641071169142e-07, 0.9999999999986493, 1.5542559326872109e-06, 0.3381247715862739], [0.9999999999998478, -5.341638939207406e-07, -1.371696960461577e-07, -0.19999985062935036], [0.0, 0.0, 0.0, 1.0]]","[[2.220446049250313e-16, -0.0, -1.0, 0.4], [0.0, 1.0, -0.0, -0.338125], [1.0, 0.0, 2.220446049250313e-16, -0.2], [0.0, 0.0, 0.0, 1.0]]","[[-1.036224170303246e-06, 8.460887406769813e-07, -0.9999999999991052, 0.3999999707579033], [5.835520735387411e-07, 0.9999999999994718, 8.460881359865284e-07, -0.33812495839620416], [0.9999999999992928, -5.835511968012424e-07, -1.0362246639084027e-06, -0.19999970739822892], [0.0, 0.0, 0.0, 1.0]]"
0.8333333333333334,0.5767994435672333,16.538428810972114,11.546918027790333,-92.88564814578183,-2.8587007584713784,7.546765660179945,31.376324933718646,0.5767994435672333,-16.538428810972114,-11.546918027790333,-92.88564814578183,2.8587007584713784,7.546765660179945,-31.376324933718646,"[[2.220446049250313e-16, -0.0, -1.0, 0.4], [0.0, 1.0, -0.0, 0.3375], [1.0, 0.0, 2.220446049250313e-16, -0.2], [0.0, 0.0, 0.0, 1.0]]","[[-9.384851584748333e-08, 1.531682534349814e-06, -0.9999999999988227, 0.39999998113427393], [5.055945321238193e-07, 0.9999999999986993, 1.5316824869003283e-06, 0.33749978088843835], [0.9999999999998679, -5.055943883770957e-07, -9.38492903390653e-08, -0.19999986789780694], [0.0, 0.0, 0.0, 1.0]]","[[2.220446049250313e-16, -0.0, -1.0, 0.4], [0.0, 1.0, -0.0, -0.3375], [1.0, 0.0, 2.220446049250313e-16, -0.2], [0.0, 0.0, 0.0, 1.0]]","[[-9.921689669289968e-07, 8.691446200946743e-07, -0.9999999999991301, 0.39999997240462526], [6.105730891469522e-07, 0.999999999999436, 8.691440143032691e-07, -0.33749996770022817], [0.9999999999993215, -6.105722268087022e-07, -9.921694976156026e-07, -0.19999972534387442], [0.0, 0.0, 0.0, 1.0]]"
0.8416666666666667,0.5660115866600214,16.504682553830374,11.46758452680699,-92.94839026349757,-2.779574724484073,7.614747386762728,31.340343497171016,0.5660115866600214,-16.504682553830374,-11.46758452680699,-92.94839026349757,2.779574724484073,7.614747386762728,-31.340343497171016,"[[2.220446049250313e-16, -0.0, -1.0, 0.4], [0.0, 1.0, -0.0, 0.33687500000000004], [1.0, 0.0, 2.220446049250313e-16, -0.2], [0.0, 0.0, 0.0, 1.0]]","[[-8.620148822524598e-08, 1.5219210694323454e-06, -0.9999999999988382, 0.3999999814855219], [4.967251937206998e-07, 0.9999999999987186, 1.5219210266137122e-06, 0.33687478570672813], [0.9999999999998729, -4.967250625282652e-07, -8.620224428712575e-08, -0.19999986996347505], [0.0, 0.0, 0.0, 1.0]]","[[2.220446049250313e-16, -0.0, -1.0, 0.4], [0.0, 1.0, -0.0, -0.33687500000000004], [1.0, 0.0, 2.220446049250313e-16, -0.2], [0.0, 0.0, 0.0, 1.0]]","[[-9.837837544601769e-07, 8.793925415779711e-07, -0.9999999999991294, 0.39999997272978727], [6.178963718768824e-07, 0.9999999999994225, 8.793919337018162e-07, -0.33687497252205145], [0.9999999999993252, -6.178955067448463e-07, -9.83784297803325e-07, -0.19999972808692756], [0.0, 0.0, 0.0, 1.0]]"
0.85,0.5550522813324714,16.470972155181776,11.38811783713483,-93.01085234345734,-2.700334071384759,7.682620684092437,31.304181060610386,0.5550522813324714,-16.470972155181776,-11.38811783713483,-93.01085234345734,2.700334071384759,7.682620684092437,-31.304181060610386,"[[2.220446049250313e-16, -0.0, -1.0, 0.4], [0.0, 1.0, -0.0, 0.33625000000000005], [1.0, 0.0, 2.220446049250313e-16, -0.2], [0.0, 0.0, 0.0, 1.0]]","[[-9.967936948074296e-08, 1.5303367358560352e-06, -0.999999999998824, 0.39999998011449545], [5.22815998107969e-07, 0.9999999999986924, 1.5303366837418647e-06, 0.3362497792719597], [0.9999999999998583, -5.228158455643583e-07, -9.968016950745451e-08, -0.19999986329167396], [0.0, 0.0, 0.0, 1.0]]","[[2.220446049250313e-16, -0.0, -1.0, 0.4], [0.0, 1.0, -0.0, -0.33625000000000005], [1.0, 0.0, 2.220446049250313e-16, -0.2], [0.0, 0.0, 0.0, 1.0]]","[[-9.965201240302868e-07, 8.714673789652705e-07, -0.9999999999991239, 0.39999997133292403], [5.90262010524616e-07, 0.9999999999994462, 8.714667907575793e-07, -0.3362499660924943], [0.9999999999993295, -5.902611420899042e-07, -9.965206385076364e-07, -0.19999972209271033], [0.0, 0.0, 0.0, 1.0]]"
0.8583333333333333,0.5439215809454365,16.43729761502632,11.3085188125475,-93.07302755547197,-2.620978799173435,7.75038384462178,31.267834208942162,0.5439215809454365,-16.43729761502632,-11.3085188125475,-93.07302755547197,2.620978799173435,7.75038384462178,-31.267834208942162,"[[2.220446049250313e-16, -0.0, -1.0, 0.4], [0.0, 1.0, -0.0, 0.335625], [1.0, 0.0, 2.220446049250313e-16, -0.2], [0.0, 0.0, 0.0, 1.0]]","[[-5.4084195122428014e-08, 1.5036813170126758e-06, -0.999999999998868, 0.3999999815616767], [5.163860099329711e-07, 0.9999999999987363, 1.503681289084156e-06, 0.33562478739363805], [0.9999999999998652, -5.163859286069945e-07, -5.4084971612411437e-08, -0.19999988195623708], [0.0, 0.0, 0.0, 1.0]]","[[2.220446049250313e-16, -0.0, -1.0, 0.4], [0.0, 1.0, -0.0, -0.335625], [1.0, 0.0, 2.220446049250313e-16, -0.2], [0.0, 0.0, 0.0, 1.0]]","[[-9.501800631306345e-07, 8.986174199254715e-07, -0.999999999999145, 0.39999997275452354], [5.951510146877122e-07, 0.9999999999994194, 8.986168544250893e-07, -0.33562497422110416], [0.9999999999993717, -5.951501608393839e-07, -9.501805978140432e-07, -0.1999997414350117], [0.0, 0.0, 0.0, 1.0]]"
0.8666666666666667,0.5326195388597694,16.4036606409113,11.22878830681865,-93.13492955991978,-2.5415089078501016,7.818036868350756,31.23130977235552,0.5326195388597694,-16.4036606409113,-11.22878830681865,-93.13492955991978,2.5415089078501016,7.818036868350756,-31.23130977235552,"[[2.220446049250313e-16, -0.0, -1.0, 0.4], [0.0, 1.0, -0.0, 0.335], [1.0, 0.0, 2.220446049250313e-16, -0.2], [0.0, 0.0, 0.0, 1.0]]","[[-1.553614115690216e-07, 1.557029111639831e-06, -0.999999999998776, 0.39999997797157116], [5.429649029924561e-07, 0.9999999999986406, 1.5570290272838266e-06, 0.3349997733140828], [0.9999999999998407, -5.429646610895639e-07, -1.5536225689283256e-07, -0.1999998411342283], [0.0, 0.0, 0.0, 1.0]]","[[2.220446049250313e-16, -0.0, -1.0, 0.4], [0.0, 1.0, -0.0, -0.335], [1.0, 0.0, 2.220446049250313e-16, -0.2], [0.0, 0.0, 0.0, 1.0]]","[[-1.0507091328104678e-06, 8.457682327242892e-07, -0.9999999999990904, 0.39999996913909197], [5.670336295964611e-07, 0.9999999999994817, 8.457676369372068e-07, -0.3349999601500927], [0.9999999999992873, -5.67032740940165e-07, -1.0507096124268145e-06, -0.19999970129095654], [0.0, 0.0, 0.0, 1.0]]"
0.875,0.5211460483537645,16.370056110194838,11.14892546617463,-93.1965378662333,-2.4619239705279363,7.885579755279366,31.1945975055667,0.5211460483537645,-16.370056110194838,-11.14892546617463,-93.1965378662333,2.4619239705279363,7.885579755279366,-31.1945975055667,"[[2.220446049250313e-16, -0.0, -1.0, 0.4], [0.0, 1.0, -0.0, 0.334375], [1.0, 0.0, 2.220446049250313e-16, -0.2], [0.0, 0.0, 0.0, 1.0]]","[[-6.929098783636789e-08, 1.518408690298905e-06, -0.9999999999988448, 0.3999999808409616], [5.131597924982309e-07, 0.9999999999987155, 1.5184086547413596e-06, 0.3343747841404028], [0.999999999999866, -5.131596872856025e-07, -6.929176699088657e-08, -0.1999998769112976], [0.0, 0.0, 0.0, 1.0]]","[[2.220446049250313e-16, -0.0, -1.0, 0.4], [0.0, 1.0, -0.0, -0.334375], [1.0, 0.0, 2.220446049250313e-16, -0.2], [0.0, 0.0, 0.0, 1.0]]","[[-9.638871404371585e-07, 8.84891446393966e-07, -0.9999999999991441, 0.3999999719834263], [5.953028578338976e-07, 0.9999999999994315, 8.848908725894508e-07, -0.3343749709867329], [0.9999999999993584, -5.953020048984552e-07, -9.63887667349006e-07, -0.19999973774610125], [0.0, 0.0, 0.0, 1.0]]"
0.8833333333333333,0.5095012161491275,16.336487437971517,11.06893285193638,-93.25787296498002,-2.3822239872069386,7.953012505407609,31.15770765385946,0.5095012161491275,-16.336487437971517,-11.06893285193638,-93.25787296498002,2.3822239872069386,7.953012505407609,-31.15770765385946,"[[2.220446049250313e-16, -0.0, -1.0, 0.4], [0.0, 1.0, -0.0, 0.33375], [1.0, 0.0, 2.220446049250313e-16, -0.2], [0.0, 0.0, 0.0, 1.0]]","[[-1.2371920610210196e-07, 1.5384542788826728e-06, -0.9999999999988093, 0.3999999781507744], [5.201554841347146e-07, 0.9999999999986816, 1.538454214529253e-06, 0.33374977549594204], [0.9999999999998573, -5.201552937977609e-07, -1.2372000635085811e-07, -0.19999985444690854], [0.0, 0.0, 0.0, 1.0]]","[[2.220446049250313e-16, -0.0, -1.0, 0.4], [0.0, 1.0, -0.0, -0.33375], [1.0, 0.0, 2.220446049250313e-16, -0.2], [0.0, 0.0, 0.0, 1.0]]","[[-1.0175605439921576e-06, 8.65352632534739e-07, -0.9999999999991082, 0.3999999692684438], [5.867737880762184e-07, 0.9999999999994538, 8.653520354571829e-07, -0.33374996235419957], [0.9999999999993104, -5.867729075276069e-07, -1.017561051808169e-06, -0.19999971595999053], [0.0, 0.0, 0.0, 1.0]]"
0.8916666666666666,0.4976850422458583,16.302952916694046,10.988809610330252,-93.3189211957816,-2.302408957887108,8.020333411188194,31.120636802139217,0.4976850422458583,-16.302952916694046,-10.988809610330252,-93.3189211957816,2.302408957887108,8.020333411188194,-31.120636802139217,"[[2.220446049250313e-16, -0.0, -1.0, 0.4], [0.0, 1.0, -0.0, 0.333125], [1.0, 0.0, 2.220446049250313e-16, -0.2], [0.0, 0.0, 0.0, 1.0]]","[[-1.1669044330808731e-07, 1.528233437428112e-06, -0.9999999999988255, 0.39999997867081927], [5.278545619453553e-07, 0.999999999998693, 1.5282333758323264e-06, 0.3331247807436144], [0.999999999999854, -5.278543836145052e-07, -1.16691249996137e-07, -0.19999985781234314], [0.0, 0.0, 0.0, 1.0]]","[[2.220446049250313e-16, -0.0, -1.0, 0.4], [0.0, 1.0, -0.0, -0.333125], [1.0, 0.0, 2.220446049250313e-16, -0.2], [0.0, 0.0, 0.0, 1.0]]","[[-1.0097736771186305e-06, 8.760843181713748e-07, -0.9999999999991065, 0.39999996976396957], [5.775439347058266e-07, 0.9999999999994496, 8.760837349830126e-07, -0.33312496761551047], [0.9999999999993234, -5.775430500590159e-07, -1.0097741831582852e-06, -0.1999997200038494], [0.0, 0.0, 0.0, 1.0]]"
0.9,0.48569752664395704,16.269452546362427,10.908555741356249,-93.3796893888272,-2.2224788825684456,8.087543326394766,31.083384950405968,0.48569752664395704,-16.269452546362427,-10.908555741356249,-93.3796893888272,2.2224788825684456,8.087543326394766,-31.083384950405968,"[[2.220446049250313e-16, -0.0, -1.0, 0.4], [0.0, 1.0, -0.0, 0.3325], [1.0, 0.0, 2.220446049250313e-16, -0.2], [0.0, 0.0, 0.0, 1.0]]","[[-1.275893419805385e-07, 1.546427258874776e-06, -0.9999999999987962, 0.3999999782560694], [5.164902211145535e-07, 0.9999999999986711, 1.546427192975935e-06, 0.33249977648437057], [0.9999999999998584, -5.164900238063039e-07, -1.2759014067498242e-07, -0.19999985046752555], [0.0, 0.0, 0.0, 1.0]]","[[2.220446049250313e-16, -0.0, -1.0, 0.4], [0.0, 1.0, -0.0, -0.3325], [1.0, 0.0, 2.220446049250313e-16, -0.2], [0.0, 0.0, 0.0, 1.0]]","[[-1.019911175403898e-06, 8.58405396984482e-07, -0.9999999999991116, 0.39999996932498294], [5.873800417400171e-07, 0.9999999999994592, 8.584047979093116e-07, -0.332499963371567], [0.9999999999993074, -5.873791662428488e-07, -1.0199116794451513e-06, -0.19999971333762817], [0.0, 0.0, 0.0, 1.0]]"
0.9083333333333333,0.47353866934342365,16.235984619429367,10.82817295256166,-93.44017071392766,-2.142433547807539,8.154640543480033,31.045952098659715,0.47353866934342365,-16.235984619429367,-10.82817295256166,-93.44017071392766,2.142433547807539,8.154640543480033,-31.045952098659715,"[[2.220446049250313e-16, -0.0, -1.0, 0.4], [0.0, 1.0, -0.0, 0.33187500000000003], [1.0, 0.0, 2.220446049250313e-16, -0.2], [0.0, 0.0, 0.0, 1.0]]","[[-8.154627439971307e-08, 1.5239443468769456e-06, -0.9999999999988357, 0.3999999807018597], [5.080395459464012e-07, 0.9999999999987099, 1.523944305448022e-06, 0.33187478760434336], [0.9999999999998678, -5.08039421673829e-07, -8.154704866925044e-08, -0.19999986904696526], [0.0, 0.0, 0.0, 1.0]]","[[2.220446049250313e-16, -0.0, -1.0, 0.4], [0.0, 1.0, -0.0, -0.33187500000000003], [1.0, 0.0, 2.220446049250313e-16, -0.2], [0.0, 0.0, 0.0, 1.0]]","[[-9.731034319448995e-07, 8.814072776896286e-07, -0.9999999999991382, 0.3999999717468195], [5.943051088374493e-07, 0.999999999999435, 8.814066993695492e-07, -0.3318749745085448], [0.9999999999993501, -5.943042511370529e-07, -9.731039557481225e-07, -0.19999973259579876], [0.0, 0.0, 0.0, 1.0]]"
0.9166666666666666,0.461208523705111,16.202547428347568,10.747662097720136,-93.50037883146132,-2.062272740160977,8.22162591621764,31.008341661995036,0.461208523705111,-16.202547428347568,-10.747662097720136,-93.50037883146132,2.062272740160977,8.22162591621764,-31.008341661995036,"[[2.220446049250313e-16, -0.0, -1.0, 0.4], [0.0, 1.0, -0.0, 0.33125000000000004], [1.0, 0.0, 2.220446049250313e-16, -0.2], [0.0, 0.0, 0.0, 1.0]]","[[-1.6400382207848452e-07, 1.5638174185667887e-06, -0.9999999999987638, 0.3999999756150149], [5.692525531435164e-07, 0.9999999999986151, 1.5638173252069621e-06, 0.33124976715118204], [0.9999999999998245, -5.692522966707943e-07, -1.6400471225530566e-07, -0.19999984155796818], [0.0, 0.0, 0.0, 1.0]]","[[2.220446049250313e-16, -0.0, -1.0, 0.4], [0.0, 1.0, -0.0, -0.33125000000000004], [1.0, 0.0, 2.220446049250313e-16, -0.2], [0.0, 0.0, 0.0, 1.0]]","[[-1.0547930763826763e-06, 8.42057148762324e-07, -0.9999999999990894, 0.39999996663630427], [5.315690279184719e-07, 0.9999999999995044, 8.420565880673433e-07, -0.3312499540739942], [0.9999999999993026, -5.315681397225288e-07, -1.0547935238025552e-06, -0.1999997057857301], [0.0, 0.0, 0.0, 1.0]]"
0.9249999999999999,0.4487070363681663,16.16914438821162,10.667022323058026,-93.56029325086067,-1.9819966730721708,8.288498590833942,30.97054681022277,0.4487070363681663,-16.16914438821162,-10.667022323058026,-93.56029325086067,1.9819966730721708,8.288498590833942,-30.97054681022277,"[[2.220446049250313e-16, -0.0, -1.0, 0.4], [0.0, 1.0, -0.0, 0.330625], [1.0, 0.0, 2.220446049250313e-16, -0.2], [0.0, 0.0, 0.0, 1.0]]","[[-7.202399548988936e-08, 1.5130544432667855e-06, -0.9999999999988526, 0.39999998022721805], [5.184390342787328e-07, 0.9999999999987208, 1.5130544059265355e-06, 0.33062478896544006], [0.9999999999998629, -5.184389253019145e-07, -7.202477997347856e-08, -0.19999987399149247], [0.0, 0.0, 0.0, 1.0]]","[[2.220446049250313e-16, -0.0, -1.0, 0.4], [0.0, 1.0, -0.0, -0.330625], [1.0, 0.0, 2.220446049250313e-16, -0.2], [0.0, 0.0, 0.0, 1.0]]","[[-9.620420253764195e-07, 8.933472200365922e-07, -0.9999999999991381, 0.399999971225135], [5.80862129818507e-07, 0.9999999999994322, 8.933466612230751e-07, -0.33062497590861206], [0.9999999999993684, -5.808612703809751e-07, -9.620425442946612e-07, -0.19999973889826864], [0.0, 0.0, 0.0, 1.0]]"
0.9333333333333333,0.43603431405429516,16.135772083926938,10.586255336122626,-93.61993446269322,-1.9016049196542975,8.355258567328939,30.932574373532088,0.43603431405429516,-16.135772083926938,-10.586255336122626,-93.61993446269322,1.9016049196542975,8.355258567328939,-30.932574373532088,"[[2.220446049250313e-16, -0.0, -1.0, 0.4], [0.0, 1.0, -0.0, 0.33], [1.0, 0.0, 2.220446049250313e-16, -0.2], [0.0, 0.0, 0.0, 1.0]]","[[-1.0992571575219046e-07, 1.5266727076721566e-06, -0.9999999999988287, 0.399999977846746], [5.09035659377161e-07, 0.9999999999987051, 1.5266726517158586e-06, 0.32999978180160033], [0.9999999999998646, -5.090354915559807e-07, -1.099264929083077e-07, -0.19999985764667944], [0.0, 0.0, 0.0, 1.0]]","[[2.220446049250313e-16, -0.0, -1.0, 0.4], [0.0, 1.0, -0.0, -0.33], [1.0, 0.0, 2.220446049250313e-16, -0.2], [0.0, 0.0, 0.0, 1.0]]","[[-9.991693042388228e-07, 8.80260029726586e-07, -0.9999999999991133, 0.39999996882158423], [5.887476365799474e-07, 0.9999999999994391, 8.802594414683064e-07, -0.3299999687667309], [0.9999999999993273, -5.887467570512118e-07, -9.991698224909307e-07, -0.19999972323265636], [0.0, 0.0, 0.0, 1.0]]"
0.9416666666666667,0.42319030340264485,16.10243051549352,10.505360283140288,-93.67928880658063,-1.8210976933507688,8.42190413815534,30.89442435192298,0.42319030340264485,-16.10243051549352,-10.505360283140288,-93.67928880658063,1.8210976933507688,8.42190413815534,-30.89442435192298,"[[2.220446049250313e-16, -0.0, -1.0, 0.4], [0.0, 1.0, -0.0, 0.32937500000000003], [1.0, 0.0, 2.220446049250313e-16, -0.2], [0.0, 0.0, 0.0, 1.0]]","[[-7.97552886511177e-08, 1.5198225446248669e-06, -0.9999999999988418, 0.39999997892494266], [5.323864375914943e-07, 0.9999999999987033, 1.5198225021640224e-06, 0.3293747839733687], [0.999999999999855, -5.323863163769954e-07, -7.975609778165804e-08, -0.1999998704783868], [0.0, 0.0, 0.0, 1.0]]","[[2.220446049250313e-16, -0.0, -1.0, 0.4], [0.0, 1.0, -0.0, -0.32937500000000003], [1.0, 0.0, 2.220446049250313e-16, -0.2], [0.0, 0.0, 0.0, 1.0]]","[[-9.68221244068701e-07, 8.876452892582481e-07, -0.9999999999991374, 0.3999999698770116], [5.638816339721647e-07, 0.9999999999994471, 8.876447432963459e-07, -0.32937497096215657], [0.9999999999993723, -5.638807745351806e-07, -9.682217445572405e-07, -0.19999973674369648], [0.0, 0.0, 0.0, 1.0]]"
0.95,0.41017505777406826,16.069119682911367,10.424339725431949,-93.73836311271208,-1.7404748874398788,8.48843530331314,30.85609333030087,0.41017505777406826,-16.069119682911367,-10.424339725431949,-93.73836311271208,1.7404748874398788,8.48843530331314,-30.85609333030087,"[[2.220446049250313e-16, -0.0, -1.0, 0.4], [0.0, 1.0, -0.0, 0.32875], [1.0, 0.0, 2.220446049250313e-16, -0.2], [0.0, 0.0, 0.0, 1.0]]","[[-9.694290109552028e-08, 1.5183888329001803e-06, -0.9999999999988425, 0.3999999784868413], [5.135049513409303e-07, 0.9999999999987155, 1.5183887831193277e-06, 0.3287497862719807], [0.9999999999998634, -5.135048041433225e-07, -9.694368069412818e-08, -0.19999986615222076], [0.0, 0.0, 0.0, 1.0]]","[[2.220446049250313e-16, -0.0, -1.0, 0.4], [0.0, 1.0, -0.0, -0.32875], [1.0, 0.0, 2.220446049250313e-16, -0.2], [0.0, 0.0, 0.0, 1.0]]","[[-9.846279649949885e-07, 8.896181520532974e-07, -0.9999999999991197, 0.39999996941644356], [5.812505198170424e-07, 0.9999999999994356, 8.896175797380619e-07, -0.3287499732860629], [0.9999999999993464, -5.812496438741834e-07, -9.846284821368734e-07, -0.19999973309699637], [0.0, 0.0, 0.0, 1.0]]"
0.9583333333333334,0.3969885771685653,16.035839586180483,10.34319195545032,-93.79715738108754,-1.6597362884782159,8.55485291657599,30.817584723760337,0.3969885771685653,-16.035839586180483,-10.34319195545032,-93.79715738108754,1.6597362884782159,8.55485291657599,-30.817584723760337,"[[2.220446049250313e-16, -0.0, -1.0, 0.4], [0.0, 1.0, -0.0, 0.328125], [1.0, 0.0, 2.220446049250313e-16, -0.2], [0.0, 0.0, 0.0, 1.0]]","[[-1.2552675021648696e-07, 1.542264807173432e-06, -0.9999999999988028, 0.39999997723225456], [4.948997243186894e-07, 0.9999999999986883, 1.542264745050101e-06, 0.3281247790671107], [0.9999999999998698, -4.948995307226155e-07, -1.255275136058387e-07, -0.1999998521613249], [0.0, 0.0, 0.0, 1.0]]","[[2.220446049250313e-16, -0.0, -1.0, 0.4], [0.0, 1.0, -0.0, -0.328125], [1.0, 0.0, 2.220446049250313e-16, -0.2], [0.0, 0.0, 0.0, 1.0]]","[[-1.0124277300960216e-06, 8.66285336688347e-07, -0.9999999999991123, 0.3999999681397071], [5.983457360426424e-07, 0.9999999999994458, 8.662847309068205e-07, -0.32812496610813197], [0.9999999999993086, -5.983448589914276e-07, -1.0124282483481295e-06, -0.19999971978571543], [0.0, 0.0, 0.0, 1.0]]"
0.9666666666666667,0.38363091494698887,16.002588517753566,10.26191953451634,-93.85566478151787,-1.5788820031874857,8.621155270396597,30.778898532301383,0.38363091494698887,-16.002588517753566,-10.26191953451634,-93.85566478151787,1.5788820031874857,8.621155270396597,-30.778898532301383,"[[2.220446049250313e-16, -0.0, -1.0, 0.4], [0.0, 1.0, -0.0, 0.3275], [1.0, 0.0, 2.220446049250313e-16, -0.2], [0.0, 0.0, 0.0, 1.0]]","[[-9.444105297795602e-08, 1.5141816233678103e-06, -0.9999999999988494, 0.3999999789816999], [4.972021594670373e-07, 0.9999999999987303, 1.5141815764113348e-06, 0.32749979152372505], [0.9999999999998721, -4.972020164655626e-07, -9.444180593121132e-08, -0.1999998628087675], [0.0, 0.0, 0.0, 1.0]]","[[2.220446049250313e-16, -0.0, -1.0, 0.4], [0.0, 1.0, -0.0, -0.3275], [1.0, 0.0, 2.220446049250313e-16, -0.2], [0.0, 0.0, 0.0, 1.0]]","[[-9.805547782071322e-07, 8.94915699534406e-07, -0.9999999999991188, 0.3999999698673176], [5.945359683460869e-07, 0.9999999999994227, 8.949151165595935e-07, -0.3274999785933693], [0.9999999999993424, -5.945350908322696e-07, -9.805553102260056e-07, -0.1999997311128785], [0.0, 0.0, 0.0, 1.0]]"
0.975,0.37010204442891254,15.969364770083333,10.180521608856358,-93.91389214419223,-1.497911924845983,8.68734236477496,30.74003475592401,0.37010204442891254,-15.969364770083333,-10.180521608856358,-93.91389214419223,1.497911924845983,8.68734236477496,-30.74003475592401,"[[2.220446049250313e-16, -0.0, -1.0, 0.4], [0.0, 1.0, -0.0, 0.326875], [1.0, 0.0, 2.220446049250313e-16, -0.2], [0.0, 0.0, 0.0, 1.0]]","[[-8.513654953246075e-08, 1.511054319535311e-06, -0.9999999999988548, 0.39999997842813095], [5.299876370644004e-07, 0.9999999999987179, 1.5110542744137855e-06, 0.32687478906641165], [0.999999999999856, -5.299875084178464e-07, -8.513735022530611e-08, -0.1999998684942792], [0.0, 0.0, 0.0, 1.0]]","[[2.220446049250313e-16, -0.0, -1.0, 0.4], [0.0, 1.0, -0.0, -0.326875], [1.0, 0.0, 2.220446049250313e-16, -0.2], [0.0, 0.0, 0.0, 1.0]]","[[-9.704598388227126e-07, 8.985941830457223e-07, -0.9999999999991256, 0.3999999692922395], [5.602457826909532e-07, 0.9999999999994394, 8.985936393499724e-07, -0.3268749761663195], [0.9999999999993723, -5.602449106414247e-07, -9.70460342197832e-07, -0.19999973747825453], [0.0, 0.0, 0.0, 1.0]]"
0.9833333333333333,0.3564020189751892,15.936171758264363,10.098999032244025,-93.97183946911062,-1.4168259467320015,8.753414199711077,30.70099339462822,0.3564020189751892,-15.936171758264363,-10.098999032244025,-93.97183946911062,1.4168259467320015,8.753414199711077,-30.70099339462822,"[[2.220446049250313e-16, -0.0, -1.0, 0.4], [0.0, 1.0, -0.0, 0.32625000000000004], [1.0, 0.0, 2.220446049250313e-16, -0.2], [0.0, 0.0, 0.0, 1.0]]","[[-1.0574355630010857e-07, 1.523800678411493e-06, -0.9999999999988336, 0.39999997778810337], [5.205137335130256e-07, 0.9999999999987037, 1.523800623370322e-06, 0.3262497874090059], [0.9999999999998592, -5.205135723803213e-07, -1.0574434944343736e-07, -0.19999985563229716], [0.0, 0.0, 0.0, 1.0]]","[[2.220446049250313e-16, -0.0, -1.0, 0.4], [0.0, 1.0, -0.0, -0.32625000000000004], [1.0, 0.0, 2.220446049250313e-16, -0.2], [0.0, 0.0, 0.0, 1.0]]","[[-9.902732358568755e-07, 8.864030170909082e-07, -0.9999999999991169, 0.3999999686310298], [5.682176064051831e-07, 0.9999999999994458, 8.864024544005118e-07, -0.3262499745408056], [0.9999999999993483, -5.682167286240545e-07, -9.902737394540395e-07, -0.1999997252962609], [0.0, 0.0, 0.0, 1.0]]"
0.9916666666666667,0.3425308385858189,15.903004359654782,10.017352658452985,-94.02950675627304,-1.3356240688455412,8.819369067657659,30.661774448414008,0.3425308385858189,-15.903004359654782,-10.017352658452985,-94.02950675627304,1.3356240688455412,8.819369067657659,-30.661774448414008,"[[2.220446049250313e-16, -0.0, -1.0, 0.4], [0.0, 1.0, -0.0, 0.325625], [1.0, 0.0, 2.220446049250313e-16, -0.2], [0.0, 0.0, 0.0, 1.0]]","[[-1.6435595179276064e-07, 1.559424717105686e-06, -0.9999999999987707, 0.39999997425504175], [5.426363578850687e-07, 0.9999999999986371, 1.5594246279199624e-06, 0.3256247714634776], [0.9999999999998394, -5.426361015836826e-07, -1.6435679800475e-07, -0.19999983668775598], [0.0, 0.0, 0.0, 1.0]]","[[2.220446049250313e-16, -0.0, -1.0, 0.4], [0.0, 1.0, -0.0, -0.325625], [1.0, 0.0, 2.220446049250313e-16, -0.2], [0.0, 0.0, 0.0, 1.0]]","[[-1.0480888538721977e-06, 8.513381696320563e-07, -0.9999999999990884, 0.3999999650771193], [5.445955622553244e-07, 0.9999999999994893, 8.513375988478591e-07, -0.3256249586288015], [0.9999999999993024, -5.445946699773796e-07, -1.0480893175013328e-06, -0.1999997070318413], [0.0, 0.0, 0.0, 1.0]]"
1.0,0.3284885566216545,15.869865989349172,9.935582487483238,-94.08688717549032,-1.2543062911866023,8.88520782238835,30.622377917281373,0.3284885566216545,-15.869865989349172,-9.935582487483238,-94.08688717549032,1.2543062911866023,8.88520782238835,-30.622377917281373,"[[2.220446049250313e-16, -0.0, -1.0, 0.4], [0.0, 1.0, -0.0, 0.325], [1.0, 0.0, 2.220446049250313e-16, -0.2], [0.0, 0.0, 0.0, 1.0]]","[[-1.450995171237146e-07, 1.5551669101986108e-06, -0.9999999999987801, 0.3999999753141073], [5.245317067902242e-07, 0.9999999999986531, 1.555166834089116e-06, 0.324999775509972], [0.9999999999998519, -5.245314811356277e-07, -1.451003329155931e-07, -0.19999984101157242], [0.0, 0.0, 0.0, 1.0]]","[[2.220446049250313e-16, -0.0, -1.0, 0.4], [0.0, 1.0, -0.0, -0.325], [1.0, 0.0, 2.220446049250313e-16, -0.2], [0.0, 0.0, 0.0, 1.0]]","[[-1.0280324891920323e-06, 8.561592002357974e-07, -0.999999999999105, 0.39999996611567584], [5.612034746091962e-07, 0.999999999999476, 8.561586233007099e-07, -0.3249999627104952], [0.999999999999314, -5.612025944498134e-07, -1.0280329696965573e-06, -0.19999971203586797], [0.0, 0.0, 0.0, 1.0]]"
1.0083333333333333,0.3142751997631224,15.83675323225295,9.853690226882078,-94.14398755695163,-1.1728724003117734,8.95092875635586,30.58280380123032,0.3142751997631224,-15.83675323225295,-9.853690226882078,-94.14398755695163,1.1728724003117734,8.95092875635586,-30.58280380123032,"[[2.220446049250313e-16, -0.0, -1.0, 0.4], [0.0, 1.0, -0.0, 0.324375], [1.0, 0.0, 2.220446049250313e-16, -0.2], [0.0, 0.0, 0.0, 1.0]]","[[-1.7294902970865778e-07, 1.5625418539712215e-06, -0.9999999999987642, 0.3999999739487875], [5.093917035481699e-07, 0.9999999999986495, 1.5625417658722413e-06, 0.32437477259493996], [0.9999999999998553, -5.093914333074582e-07, -1.7294982551652183e-07, -0.19999983370680174], [0.0, 0.0, 0.0, 1.0]]","[[2.220446049250313e-16, -0.0, -1.0, 0.4], [0.0, 1.0, -0.0, -0.324375], [1.0, 0.0, 2.220446049250313e-16, -0.2], [0.0, 0.0, 0.0, 1.0]]","[[-1.05507891651202e-06, 8.493514815226735e-07, -0.999999999999083, 0.39999996473018634], [5.748494213940088e-07, 0.9999999999994742, 8.493508750115013e-07, -0.3243749598322841], [0.9999999999992784, -5.748485252612806e-07, -1.0550794047881062e-06, -0.19999970541142353], [0.0, 0.0, 0.0, 1.0]]"
1.0166666666666666,0.2998907680102227,15.803666088366116,9.771675022875858,-94.20080107046779,-1.0913226096644657,9.016532723333832,30.54305551535543,0.2998907680102227,-15.803666088366116,-9.771675022875858,-94.20080107046779,1.0913226096644657,9.016532723333832,-30.54305551535543,"[[2.220446049250313e-16, -0.0, -1.0, 0.4], [0.0, 1.0, -0.0, 0.32375], [1.0, 0.0, 2.220446049250313e-16, -0.2], [0.0, 0.0, 0.0, 1.0]]","[[-1.1324414711522124e-07, 1.534726841254744e-06, -0.999999999998816, 0.39999997592318454], [5.415695681707405e-07, 0.9999999999986755, 1.5347267799249449e-06, 0.32374978000641497], [0.9999999999998469, -5.415693943712741e-07, -1.1324497822817747e-07, -0.19999985831960015], [0.0, 0.0, 0.0, 1.0]]","[[2.220446049250313e-16, -0.0, -1.0, 0.4], [0.0, 1.0, -0.0, -0.32375], [1.0, 0.0, 2.220446049250313e-16, -0.2], [0.0, 0.0, 0.0, 1.0]]","[[-9.94567872281138e-07, 8.777376944488542e-07, -0.9999999999991203, 0.3999999666847655], [5.411801925240059e-07, 0.9999999999994682, 8.777371562087271e-07, -0.3237499672822558], [0.999999999999359, -5.411793195543539e-07, -9.94568347234548e-07, -0.1999997307046445], [0.0, 0.0, 0.0, 1.0]]"
1.025,0.2853352880433817,15.770606265235962,9.689538583011869,-94.25733454622798,-1.0096567058012678,9.082018869548623,30.50312964456212,0.2853352880433817,-15.770606265235962,-9.689538583011869,-94.25733454622798,1.0096567058012678,9.082018869548623,-30.50312964456212,"[[2.220446049250313e-16, -0.0, -1.0, 0.4], [0.0, 1.0, -0.0, 0.323125], [1.0, 0.0, 2.220446049250313e-16, -0.2], [0.0, 0.0, 0.0, 1.0]]","[[-9.366096981322514e-08, 1.5159799337484768e-06, -0.9999999999988466, 0.3999999773034718], [5.167891072790852e-07, 0.9999999999987175, 1.5159798853453122e-06, 0.32312478900944835], [0.9999999999998622, -5.167889652903431e-07, -9.366175318659131e-08, -0.19999986405501272], [0.0, 0.0, 0.0, 1.0]]","[[2.220446049250313e-16, -0.0, -1.0, 0.4], [0.0, 1.0, -0.0, -0.323125], [1.0, 0.0, 2.220446049250313e-16, -0.2], [0.0, 0.0, 0.0, 1.0]]","[[-9.74175388579468e-07, 8.970598147189163e-07, -0.9999999999991231, 0.39999996804558396], [5.644719684565934e-07, 0.9999999999994384, 8.970592648245e-07, -0.32312497632539805], [0.9999999999993663, -5.644710945630407e-07, -9.741758948411672e-07, -0.1999997371205784], [0.0, 0.0, 0.0, 1.0]]"
1.0333333333333332,0.27060878654302595,15.737572055315194,9.607280907290113,-94.31358798423221,-0.9278747954438853,9.14738719500023,30.463029603944975,0.27060878654302595,-15.737572055315194,-9.607280907290113,-94.31358798423221,0.9278747954438853,9.14738719500023,-30.463029603944975,"[[2.220446049250313e-16, -0.0, -1.0, 0.4], [0.0, 1.0, -0.0, 0.3225], [1.0, 0.0, 2.220446049250313e-16, -0.2], [0.0, 0.0, 0.0, 1.0]]","[[-9.817440199677563e-08, 1.5126371605373387e-06, -0.9999999999988513, 0.39999997738821025], [5.078338045171505e-07, 0.9999999999987272, 1.5126371106808708e-06, 0.32249979262153056], [0.9999999999998664, -5.078336560143234e-07, -9.817517004906406e-08, -0.19999985743714613], [0.0, 0.0, 0.0, 1.0]]","[[2.220446049250313e-16, -0.0, -1.0, 0.4], [0.0, 1.0, -0.0, -0.3225], [1.0, 0.0, 2.220446049250313e-16, -0.2], [0.0, 0.0, 0.0, 1.0]]","[[-9.77876438157388e-07, 9.009817589593596e-07, -0.999999999999116, 0.39999996811121064], [5.719412590780398e-07, 0.9999999999994306, 9.009811996717617e-07, -0.32249997997920443], [0.9999999999993583, -5.71940378029248e-07, -9.77876953522916e-07, -0.19999973118334227], [0.0, 0.0, 0.0, 1.0]]"
1.0416666666666667,0.2557113435504348,15.70456004350923,9.52490199571059,-94.36956138448046,-0.8459767185097599,9.212635992141362,30.422755393503994,0.2557113435504348,-15.70456004350923,-9.52490199571059,-94.36956138448046,0.8459767185097599,9.212635992141362,-30.422755393503994,"[[2.220446049250313e-16, -0.0, -1.0, 0.4], [0.0, 1.0, -0.0, 0.321875], [1.0, 0.0, 2.220446049250313e-16, -0.2], [0.0, 0.0, 0.0, 1.0]]","[[-1.3280910216018071e-07, 1.5418219157908918e-06, -0.9999999999988026, 0.399999974216119], [5.577423654449921e-07, 0.999999999998656, 1.5418218417174027e-06, 0.3218747770332696], [0.9999999999998358, -5.577421606763496e-07, -1.328099621389356e-07, -0.19999984808926266], [0.0, 0.0, 0.0, 1.0]]","[[2.220446049250313e-16, -0.0, -1.0, 0.4], [0.0, 1.0, -0.0, -0.321875], [1.0, 0.0, 2.220446049250313e-16, -0.2], [0.0, 0.0, 0.0, 1.0]]","[[-1.011695684338676e-06, 8.723801242061416e-07, -0.9999999999991078, 0.39999996492037393], [5.205493836234368e-07, 0.9999999999994842, 8.723795975689049e-07, -0.3218749644342861], [0.999999999999353, -5.205485010402982e-07, -1.0116961386419376e-06, -0.19999972251620782], [0.0, 0.0, 0.0, 1.0]]"
1.05,0.2406429057047553,15.671573644912653,9.44240355582059,-94.42524791678358,-0.7639625817205971,9.277765260972018,30.382303598144595,0.2406429057047553,-15.671573644912653,-9.44240355582059,-94.42524791678358,0.7639625817205971,9.277765260972018,-30.382303598144595,"[[2.220446049250313e-16, -0.0, -1.0, 0.4], [0.0, 1.0, -0.0, 0.32125000000000004], [1.0, 0.0, 2.220446049250313e-16, -0.2], [0.0, 0.0, 0.0, 1.0]]","[[-1.1044936698567653e-07, 1.5249208940074266e-06, -0.9999999999988312, 0.3999999757805196], [5.361937413932971e-07, 0.9999999999986935, 1.5249208347849573e-06, 0.32124978490728495], [0.9999999999998501, -5.361935729661296e-07, -1.1045018455391187e-07, -0.1999998580153228], [0.0, 0.0, 0.0, 1.0]]","[[2.220446049250313e-16, -0.0, -1.0, 0.4], [0.0, 1.0, -0.0, -0.32125000000000004], [1.0, 0.0, 2.220446049250313e-16, -0.2], [0.0, 0.0, 0.0, 1.0]]","[[-9.88517378175402e-07, 8.898683022118257e-07, -0.9999999999991155, 0.3999999664663947], [5.406174402762813e-07, 0.999999999999458, 8.898677678023958e-07, -0.3212499723532971], [0.9999999999993653, -5.406165606260504e-07, -9.885178593460608e-07, -0.19999973312307212], [0.0, 0.0, 0.0, 1.0]]"
1.0583333333333333,0.22540357972769326,15.638611151978173,9.359785587620117,-94.48065441133072,-0.6818322783546912,9.342775855265845,30.341677632961357,0.22540357972769326,-15.638611151978173,-9.359785587620117,-94.48065441133072,0.6818322783546912,9.342775855265845,-30.341677632961357,"[[2.220446049250313e-16, -0.0, -1.0, 0.4], [0.0, 1.0, -0.0, 0.320625], [1.0, 0.0, 2.220446049250313e-16, -0.2], [0.0, 0.0, 0.0, 1.0]]","[[-1.0577269343725604e-07, 1.5173342096874885e-06, -0.9999999999988434, 0.3999999757671452], [5.142138357053058e-07, 0.9999999999987166, 1.5173341552975137e-06, 0.32062478776277215], [0.9999999999998623, -5.142136752121904e-07, -1.0577347370199774e-07, -0.19999985656469338], [0.0, 0.0, 0.0, 1.0]]","[[2.220446049250313e-16, -0.0, -1.0, 0.4], [0.0, 1.0, -0.0, -0.320625], [1.0, 0.0, 2.220446049250313e-16, -0.2], [0.0, 0.0, 0.0, 1.0]]","[[-9.830190748072454e-07, 8.980461015013934e-07, -0.9999999999991136, 0.39999996643501146], [5.611194669489518e-07, 0.9999999999994393, 8.980455499105467e-07, -0.3206249752553869], [0.9999999999993594, -5.611185841525488e-07, -9.83019578626454e-07, -0.1999997323533412], [0.0, 0.0, 0.0, 1.0]]"
1.0666666666666667,0.20999336561924867,15.605670857158493,9.277048091109167,-94.53578086812189,-0.5995858617728951,9.407665213701906,30.30088091304887,0.20999336561924867,-15.605670857158493,-9.277048091109167,-94.53578086812189,0.5995858617728951,9.407665213701906,-30.30088091304887,"[[2.220446049250313e-16, -0.0, -1.0, 0.4], [0.0, 1.0, -0.0, 0.32], [1.0, 0.0, 2.220446049250313e-16, -0.2], [0.0, 0.0, 0.0, 1.0]]","[[-1.4242384560603227e-07, 1.547296220286864e-06, -0.999999999998793, 0.39999997357168715], [5.645228616868917e-07, 0.9999999999986438, 1.5472961398851163e-06, 0.31999977631605303], [0.9999999999998306, -5.645226413143436e-07, -1.4242471912950805e-07, -0.19999984603905496], [0.0, 0.0, 0.0, 1.0]]","[[2.220446049250313e-16, -0.0, -1.0, 0.4], [0.0, 1.0, -0.0, -0.32], [1.0, 0.0, 2.220446049250313e-16, -0.2], [0.0, 0.0, 0.0, 1.0]]","[[-1.0188456059379014e-06, 8.686791114553961e-07, -0.9999999999991037, 0.3999999642219258], [5.093352870941037e-07, 0.9999999999994931, 8.686785925217151e-07, -0.3199999638568758], [0.9999999999993513, -5.093344020442802e-07, -1.018846048472799e-06, -0.1999997225087085], [0.0, 0.0, 0.0, 1.0]]"
1.075,0.19441230340006121,15.572754468000909,9.194192773835034,-94.59062045696793,-0.5172233319752088,9.47243504382749,30.259906608217968,0.19441230340006121,-15.572754468000909,-9.194192773835034,-94.59062045696793,0.5172233319752088,9.47243504382749,-30.259906608217968,"[[2.220446049250313e-16, -0.0, -1.0, 0.4], [0.0, 1.0, -0.0, 0.319375], [1.0, 0.0, 2.220446049250313e-16, -0.2], [0.0, 0.0, 0.0, 1.0]]","[[-1.0179703746615587e-07, 1.5190610783840638e-06, -0.9999999999988413, 0.3999999759276789], [5.258731727359471e-07, 0.9999999999987081, 1.5190610248515308e-06, 0.3193747892038573], [0.9999999999998567, -5.258730180994258e-07, -1.0179783616059979e-07, -0.19999985724693284], [0.0, 0.0, 0.0, 1.0]]","[[2.220446049250313e-16, -0.0, -1.0, 0.4], [0.0, 1.0, -0.0, -0.319375], [1.0, 0.0, 2.220446049250313e-16, -0.2], [0.0, 0.0, 0.0, 1.0]]","[[-9.77391077738865e-07, 8.975133105031525e-07, -0.9999999999991196, 0.3999999665606688], [5.465125691629003e-07, 0.9999999999994479, 8.975127763469383e-07, -0.31937497679453436], [0.999999999999373, -5.465116919414395e-07, -9.773915682353973e-07, -0.19999973439763163], [0.0, 0.0, 0.0, 1.0]]"
1.0833333333333333,0.1786604197505573,15.539858569410836,9.111219635797719,-94.64518000805799,-0.43474463560077925,9.53708278432166,30.21876154865781,0.1786604197505573,-15.539858569410836,-9.111219635797719,-94.64518000805799,0.43474463560077925,9.53708278432166,-30.21876154865781,"[[2.220446049250313e-16, -0.0, -1.0, 0.4], [0.0, 1.0, -0.0, 0.31875000000000003], [1.0, 0.0, 2.220446049250313e-16, -0.2], [0.0, 0.0, 0.0, 1.0]]","[[-1.0596751687241834e-07, 1.5189859433641938e-06, -0.9999999999988408, 0.39999997568038453], [5.586345850489853e-07, 0.9999999999986905, 1.5189858841668454e-06, 0.3187497888794268], [0.9999999999998385, -5.586344240851752e-07, -1.0596836552689837e-07, -0.19999985937007805], [0.0, 0.0, 0.0, 1.0]]","[[2.220446049250313e-16, -0.0, -1.0, 0.4], [0.0, 1.0, -0.0, -0.31875000000000003], [1.0, 0.0, 2.220446049250313e-16, -0.2], [0.0, 0.0, 0.0, 1.0]]","[[-9.807308597453712e-07, 8.981914062737068e-07, -0.9999999999991158, 0.39999996629651385], [5.122814945759956e-07, 0.9999999999994654, 8.981909038637503e-07, -0.31874997652155634], [0.999999999999388, -5.122806136920052e-07, -9.807313198217926e-07, -0.19999973720191747], [0.0, 0.0, 0.0, 1.0]]"
1.0916666666666666,0.16273775469137663,15.506984868935564,9.028128676997222,-94.69945952139209,-0.3521498260104596,9.60161014273171,30.177442319273815,0.16273775469137663,-15.506984868935564,-9.028128676997222,-94.69945952139209,0.3521498260104596,9.60161014273171,-30.177442319273815,"[[2.220446049250313e-16, -0.0, -1.0, 0.4], [0.0, 1.0, -0.0, 0.318125], [1.0, 0.0, 2.220446049250313e-16, -0.2], [0.0, 0.0, 0.0, 1.0]]","[[-1.240290333215377e-07, 1.5376816669534672e-06, -0.9999999999988104, 0.3999999741560853], [5.572809281550422e-07, 0.9999999999986628, 1.5376815978342256e-06, 0.3181247815435045], [0.9999999999998374, -5.57280737437217e-07, -1.240298901916681e-07, -0.1999998502012116], [0.0, 0.0, 0.0, 1.0]]","[[2.220446049250313e-16, -0.0, -1.0, 0.4], [0.0, 1.0, -0.0, -0.318125], [1.0, 0.0, 2.220446049250313e-16, -0.2], [0.0, 0.0, 0.0, 1.0]]","[[-9.979586384489814e-07, 8.801026083123418e-07, -0.9999999999991148, 0.39999996475574773], [5.121681992576206e-07, 0.9999999999994817, 8.801020971899858e-07, -0.3181249692386827], [0.9999999999993711, -5.121673209516766e-07, -9.979590891995294e-07, -0.19999972871426921], [0.0, 0.0, 0.0, 1.0]]"
1.1,0.1466443482431589,15.474131659027803,8.944921604980834,-94.75345216678103,-0.26943887652382326,9.666015411510346,30.13594892006599,0.1466443482431589,-15.474131659027803,-8.944921604980834,-94.75345216678103,0.26943887652382326,9.666015411510346,-30.13594892006599,"[[2.220446049250313e-16, -0.0, -1.0, 0.4], [0.0, 1.0, -0.0, 0.3175], [1.0, 0.0, 2.220446049250313e-16, -0.2], [0.0, 0.0, 0.0, 1.0]]","[[-7.878201763178438e-08, 1.508933940883373e-06, -0.9999999999988586, 0.39999997615312327], [5.378594871836218e-07, 0.999999999998717, 1.5089338985095039e-06, 0.3174997910963007], [0.9999999999998525, -5.378593683061508e-07, -7.878282920481539e-08, -0.19999986652136512], [0.0, 0.0, 0.0, 1.0]]","[[2.220446049250313e-16, -0.0, -1.0, 0.4], [0.0, 1.0, -0.0, -0.3175], [1.0, 0.0, 2.220446049250313e-16, -0.2], [0.0, 0.0, 0.0, 1.0]]","[[-9.518748672054933e-07, 9.094612409830367e-07, -0.9999999999991334, 0.3999999667367139], [5.301254768958507e-07, 0.999999999999446, 9.094607363702032e-07, -0.31749997884616654], [0.9999999999994065, -5.301246112025737e-07, -9.518753492643306e-07, -0.19999974571568044], [0.0, 0.0, 0.0, 1.0]]"
1.1083333333333334,0.1303802537667569,15.441298939687552,8.861598419748557,-94.80717160460318,-0.18661182716150995,9.73029773688392,30.09428476612891,0.1303802537667569,-15.441298939687552,-8.861598419748557,-94.80717160460318,0.18661182716150995,9.73029773688392,-30.09428476612891,"[[2.220446049250313e-16, -0.0, -1.0, 0.4], [0.0, 1.0, -0.0, 0.316875], [1.0, 0.0, 2.220446049250313e-16, -0.2], [0.0, 0.0, 0.0, 1.0]]","[[-1.7903835258792355e-07, 1.5650213060540922e-06, -0.9999999999987595, 0.399999970745686], [5.419973852900085e-07, 0.9999999999986289, 1.5650212090155685e-06, 0.3168747706714048], [0.9999999999998374, -5.419971050905171e-07, -1.7903920079831437e-07, -0.1999998303477808], [0.0, 0.0, 0.0, 1.0]]","[[2.220446049250313e-16, -0.0, -1.0, 0.4], [0.0, 1.0, -0.0, -0.316875], [1.0, 0.0, 2.220446049250313e-16, -0.2], [0.0, 0.0, 0.0, 1.0]]","[[-1.0512914718763255e-06, 8.539886705587038e-07, -0.9999999999990827, 0.39999996131360593], [5.245261338423224e-07, 0.9999999999994977, 8.539881191292069e-07, -0.31687495847749453], [0.9999999999993099, -5.245252360514147e-07, -1.0512919199623383e-06, -0.19999971022345928], [0.0, 0.0, 0.0, 1.0]]"
1.1166666666666667,0.11394548460238398,15.40848671091481,8.778159975074034,-94.86059734429102,-0.10366869126373288,9.79445797262608,30.052449857462584,0.11394548460238398,-15.40848671091481,-8.778159975074034,-94.86059734429102,0.10366869126373288,9.79445797262608,-30.052449857462584,"[[2.220446049250313e-16, -0.0, -1.0, 0.4], [0.0, 1.0, -0.0, 0.31625000000000003], [1.0, 0.0, 2.220446049250313e-16, -0.2], [0.0, 0.0, 0.0, 1.0]]","[[-1.0044946235909791e-07, 1.5114540923279802e-06, -0.9999999999988527, 0.399999975238452], [5.555416769467735e-07, 0.9999999999987035, 1.511454036523892e-06, 0.31624979214164084], [0.9999999999998406, -5.555415251213909e-07, -1.0045030190974913e-07, -0.1999998570553475], [0.0, 0.0, 0.0, 1.0]]","[[2.220446049250313e-16, -0.0, -1.0, 0.4], [0.0, 1.0, -0.0, -0.31625000000000003], [1.0, 0.0, 2.220446049250313e-16, -0.2], [0.0, 0.0, 0.0, 1.0]]","[[-9.718599228714098e-07, 9.08174636846911e-07, -0.9999999999991154, 0.3999999657911078], [5.095232208169258e-07, 0.9999999999994579, 9.08174141662024e-07, -0.31624998000563725], [0.999999999999398, -5.095223381984237e-07, -9.718603856123664e-07, -0.1999997376123942], [0.0, 0.0, 0.0, 1.0]]"
1.125,0.09734010745110615,15.375693265162287,8.694606270957268,-94.91374987641206,-0.02060948050317858,9.858494411189536,30.01044077897242,0.09734010745110615,-15.375693265162287,-8.694606270957268,-94.91374987641206,0.02060948050317858,9.858494411189536,-30.01044077897242,"[[2.220446049250313e-16, -0.0, -1.0, 0.4], [0.0, 1.0, -0.0, 0.31562500000000004], [1.0, 0.0, 2.220446049250313e-16, -0.2], [0.0, 0.0, 0.0, 1.0]]","[[-1.6295711108282873e-07, 1.5469646345786059e-06, -0.9999999999987902, 0.3999999718576124], [5.30292401147891e-07, 0.9999999999986628, 1.5469645481634912e-06, 0.3156247797219344], [0.9999999999998462, -5.302921490583757e-07, -1.6295793131559932e-07, -0.19999983409261707], [0.0, 0.0, 0.0, 1.0]]","[[2.220446049250313e-16, -0.0, -1.0, 0.4], [0.0, 1.0, -0.0, -0.31562500000000004], [1.0, 0.0, 2.220446049250313e-16, -0.2], [0.0, 0.0, 0.0, 1.0]]","[[-1.0335218812440594e-06, 8.732867867021426e-07, -0.9999999999990847, 0.39999996239541635], [5.333166042678012e-07, 0.9999999999994766, 8.732862355081047e-07, -0.31562496764537007], [0.9999999999993239, -5.333157017068801e-07, -1.0335223470936405e-06, -0.19999971533112376], [0.0, 0.0, 0.0, 1.0]]"
1.1333333333333333,0.08056414899334992,15.34291860242998,8.610938161171903,-94.96661554058795,0.0625657667670399,9.922407052574284,29.968260945753006,0.08056414899334992,-15.34291860242998,-8.610938161171903,-94.96661554058795,-0.0625657667670399,9.922407052574284,-29.968260945753006,"[[2.220446049250313e-16, -0.0, -1.0, 0.4], [0.0, 1.0, -0.0, 0.315], [1.0, 0.0, 2.220446049250313e-16, -0.2], [0.0, 0.0, 0.0, 1.0]]","[[-1.5784506290916767e-07, 1.5446764669571345e-06, -0.9999999999987946, 0.39999997233259155], [5.105591530861123e-07, 0.9999999999986767, 1.5446763863677109e-06, 0.31499978195696887], [0.9999999999998573, -5.105589092659554e-07, -1.5784585161160436e-07, -0.19999983686296535], [0.0, 0.0, 0.0, 1.0]]","[[2.220446049250313e-16, -0.0, -1.0, 0.4], [0.0, 1.0, -0.0, -0.315], [1.0, 0.0, 2.220446049250313e-16, -0.2], [0.0, 0.0, 0.0, 1.0]]","[[-1.0275612114529764e-06, 8.762015821350001e-07, -0.9999999999990882, 0.3999999628559615], [5.515967686638886e-07, 0.999999999999464, 8.762010153358857e-07, -0.3149999699414715], [0.99999999999932, -5.515958683132089e-07, -1.0275616946220367e-06, -0.19999971878296224], [0.0, 0.0, 0.0, 1.0]]"
1.1416666666666666,0.06361766926007476,15.3101610151706,8.527155645717942,-95.01920116700789,0.14585702219896945,9.986195896780325,29.925913772898927,0.06361766926007476,-15.3101610151706,-8.527155645717942,-95.01920116700789,-0.14585702219896945,9.986195896780325,-29.925913772898927,"[[2.220446049250313e-16, -0.0, -1.0, 0.4], [0.0, 1.0, -0.0, 0.314375], [1.0, 0.0, 2.220446049250313e-16, -0.2], [0.0, 0.0, 0.0, 1.0]]","[[-1.7301673654879224e-07, 1.569178276560038e-06, -0.999999999998754, 0.399999970157463], [5.681138232060949e-07, 0.9999999999986078, 1.5691781782666085e-06, 0.3143747694479263], [0.9999999999998238, -5.681135517112993e-07, -1.73017628057881e-07, -0.19999983284371853], [0.0, 0.0, 0.0, 1.0]]","[[2.220446049250313e-16, -0.0, -1.0, 0.4], [0.0, 1.0, -0.0, -0.314375], [1.0, 0.0, 2.220446049250313e-16, -0.2], [0.0, 0.0, 0.0, 1.0]]","[[-1.0418813861101661e-06, 8.523302591663042e-07, -0.9999999999990942, 0.3999999606668233], [4.925917785280424e-07, 0.9999999999995155, 8.523297459444583e-07, -0.3143749574950761], [0.999999999999336, -4.925908905010989e-07, -1.041881805996514e-06, -0.19999971544527625], [0.0, 0.0, 0.0, 1.0]]"
1.15,0.04650070160181372,15.277422210931435,8.443261285916323,-95.07149992548267,0.22926426411476364,10.049860090034015,29.88339243022101,0.04650070160181372,-15.277422210931435,-8.443261285916323,-95.07149992548267,-0.22926426411476364,10.049860090034015,-29.88339243022101,"[[2.220446049250313e-16, -0.0, -1.0, 0.4], [0.0, 1.0, -0.0, 0.31375000000000003], [1.0, 0.0, 2.220446049250313e-16, -0.2], [0.0, 0.0, 0.0, 1.0]]","[[-1.3586793251585405e-07, 1.5348441561867523e-06, -0.9999999999988128, 0.39999997254380415], [5.408579325651488e-07, 0.999999999998676, 1.534844082701293e-06, 0.31374978312468155], [0.9999999999998445, -5.408577240284143e-07, -1.3586876274063187e-07, -0.1999998463459034], [0.0, 0.0, 0.0, 1.0]]","[[2.220446049250313e-16, -0.0, -1.0, 0.4], [0.0, 1.0, -0.0, -0.31375000000000003], [1.0, 0.0, 2.220446049250313e-16, -0.2], [0.0, 0.0, 0.0, 1.0]]","[[-1.0038781011467712e-06, 8.872988554734524e-07, -0.9999999999991026, 0.39999996303957475], [5.184001839697893e-07, 0.9999999999994722, 8.87298335063188e-07, -0.31374997123609166], [0.999999999999362, -5.183992932299564e-07, -1.0038785612231926e-06, -0.19999972962902102], [0.0, 0.0, 0.0, 1.0]]"
1.1583333333333332,0.029213299379419723,15.244700482165197,8.359253374219751,-95.12351864620149,0.31278741914324965,10.11339963233535,29.84070374790843,0.029213299379419723,-15.244700482165197,-8.359253374219751,-95.12351864620149,-0.31278741914324965,10.11339963233535,-29.84070374790843,"[[2.220446049250313e-16, -0.0, -1.0, 0.4], [0.0, 1.0, -0.0, 0.313125], [1.0, 0.0, 2.220446049250313e-16, -0.2], [0.0, 0.0, 0.0, 1.0]]","[[-1.193607865879187e-07, 1.5325550532074518e-06, -0.9999999999988187, 0.3999999729233847], [5.576757603008714e-07, 0.9999999999986704, 1.532554986642607e-06, 0.3131247837694061], [0.9999999999998377, -5.576755773732437e-07, -1.1936164123760307e-07, -0.1999998504390324], [0.0, 0.0, 0.0, 1.0]]","[[2.220446049250313e-16, -0.0, -1.0, 0.4], [0.0, 1.0, -0.0, -0.313125], [1.0, 0.0, 2.220446049250313e-16, -0.2], [0.0, 0.0, 0.0, 1.0]]","[[-9.865136069708846e-07, 8.902262993855778e-07, -0.9999999999991173, 0.399999963406001], [5.001376440521608e-07, 0.9999999999994789, 8.902258059933085e-07, -0.31312497194664934], [0.9999999999993884, -5.001367658318484e-07, -9.865140521703175e-07, -0.19999973440376914], [0.0, 0.0, 0.0, 1.0]]"
1.1666666666666667,0.011755513452455658,15.211995828871883,8.27513361817552,-95.17525732916434,0.3964264739442144,10.17681281613704,29.797844310866605,0.011755513452455658,-15.211995828871883,-8.27513361817552,-95.17525732916434,-0.3964264739442144,10.17681281613704,-29.797844310866605,"[[2.220446049250313e-16, -0.0, -1.0, 0.4], [0.0, 1.0, -0.0, 0.3125], [1.0, 0.0, 2.220446049250313e-16, -0.2], [0.0, 0.0, 0.0, 1.0]]","[[-1.5444424955601832e-07, 1.556116302031078e-06, -0.9999999999987774, 0.39999997158012673], [5.444460825230503e-07, 0.9999999999986411, 1.5561162179442993e-06, 0.31249977854630745], [0.9999999999998399, -5.444458421891832e-07, -1.5444509687823071e-07, -0.19999983765734494], [0.0, 0.0, 0.0, 1.0]]","[[2.220446049250313e-16, -0.0, -1.0, 0.4], [0.0, 1.0, -0.0, -0.3125], [1.0, 0.0, 2.220446049250313e-16, -0.2], [0.0, 0.0, 0.0, 1.0]]","[[-1.02073679802972e-06, 8.673073074530794e-07, -0.9999999999991029, 0.3999999620500243], [5.119254215981357e-07, 0.9999999999994929, 8.673067849123018e-07, -0.3124999667909454], [0.9999999999993481, -5.119245363057258e-07, -1.0207372421189298e-06, -0.19999972230373883], [0.0, 0.0, 0.0, 1.0]]"
1.175,-0.005872607403923874,15.179306543504202,8.190902871557276,-95.22670914418204,0.4801813484763784,10.240100495212733,29.754814119095524,-0.005872607403923874,-15.179306543504202,-8.190902871557276,-95.22670914418204,-0.4801813484763784,10.240100495212733,-29.754814119095524,"[[2.220446049250313e-16, -0.0, -1.0, 0.4], [0.0, 1.0, -0.0, 0.311875], [1.0, 0.0, 2.220446049250313e-16, -0.2], [0.0, 0.0, 0.0, 1.0]]","[[-1.1681087513926158e-07, 1.5316069402071729e-06, -0.9999999999988205, 0.39999997370619217], [5.134675784969053e-07, 0.9999999999986955, 1.5316068802283843e-06, 0.3118747882100916], [0.9999999999998617, -5.134673995879595e-07, -1.1681166162125223e-07, -0.19999985149528818], [0.0, 0.0, 0.0, 1.0]]","[[2.220446049250313e-16, -0.0, -1.0, 0.4], [0.0, 1.0, -0.0, -0.311875], [1.0, 0.0, 2.220446049250313e-16, -0.2], [0.0, 0.0, 0.0, 1.0]]","[[-9.822402476378223e-07, 8.924628627075483e-07, -0.9999999999991196, 0.3999999641638105], [5.414648622591915e-07, 0.9999999999994553, 8.924623308592675e-07, -0.31187497652373586], [0.9999999999993712, -5.414639856462938e-07, -9.822407308068826e-07, -0.1999997368233426], [0.0, 0.0, 0.0, 1.0]]"
1.1833333333333333,-0.023671009411984318,15.146632626062154,8.10656113436502,-95.27788092144378,0.5640520160593153,10.30326181578878,29.71161658768978,-0.023671009411984318,-15.146632626062154,-8.10656113436502,-95.27788092144378,-0.5640520160593153,10.30326181578878,-29.71161658768978,"[[2.220446049250313e-16, -0.0, -1.0, 0.4], [0.0, 1.0, -0.0, 0.31125], [1.0, 0.0, 2.220446049250313e-16, -0.2], [0.0, 0.0, 0.0, 1.0]]","[[-1.1296494428769677e-07, 1.530718312771118e-06, -0.9999999999988222, 0.3999999736871198], [5.076983686185029e-07, 0.9999999999986997, 1.5307182554188123e-06, 0.3112497885620213], [0.9999999999998649, -5.076981957004023e-07, -1.12965721443814e-07, -0.19999985256278047], [0.0, 0.0, 0.0, 1.0]]","[[2.220446049250313e-16, -0.0, -1.0, 0.4], [0.0, 1.0, -0.0, -0.31125], [1.0, 0.0, 2.220446049250313e-16, -0.2], [0.0, 0.0, 0.0, 1.0]]","[[-9.775282924229245e-07, 8.940015486881791e-07, -0.9999999999991226, 0.3999999641329052], [5.457978155145517e-07, 0.9999999999994514, 8.940010151556665e-07, -0.3112499769462307], [0.9999999999993733, -5.457969416027871e-07, -9.775287802549215e-07, -0.19999973857253442], [0.0, 0.0, 0.0, 1.0]]"
1.1916666666666667,-0.0416396379602278,15.113972368998446,8.022109260372398,-95.32877266094954,0.6480384233321721,10.36629677786518,29.668251716649365,-0.0416396379602278,-15.113972368998446,-8.022109260372398,-95.32877266094954,-0.6480384233321721,10.36629677786518,-29.668251716649365,"[[2.220446049250313e-16, -0.0, -1.0, 0.4], [0.0, 1.0, -0.0, 0.31062500000000004], [1.0, 0.0, 2.220446049250313e-16, -0.2], [0.0, 0.0, 0.0, 1.0]]","[[-1.3514145275062006e-07, 1.5458342790780215e-06, -0.9999999999987964, 0.3999999707666282], [5.40349533157575e-07, 0.9999999999986595, 1.545834206054189e-06, 0.3106247774054354], [0.9999999999998451, -5.40349324250644e-07, -1.351422880824238e-07, -0.1999998441500659], [0.0, 0.0, 0.0, 1.0]]","[[2.220446049250313e-16, -0.0, -1.0, 0.4], [0.0, 1.0, -0.0, -0.31062500000000004], [1.0, 0.0, 2.220446049250313e-16, -0.2], [0.0, 0.0, 0.0, 1.0]]","[[-9.988359349066833e-07, 8.795395016840265e-07, -0.9999999999991146, 0.39999996120103054], [5.117132025414525e-07, 0.9999999999994826, 8.795389905668151e-07, -0.31062496586176763], [0.9999999999993704, -5.117123240258494e-07, -9.988363849910975e-07, -0.1999997308415548], [0.0, 0.0, 0.0, 1.0]]"
1.2,-0.059778442605973064,15.081329187407663,7.937548103353055,-95.37937753251018,0.7321404635732432,10.429203673894644,29.62471950597429,-0.059778442605973064,-15.081329187407663,-7.937548103353055,-95.37937753251018,-0.7321404635732432,10.429203673894644,-29.62471950597429,"[[2.220446049250313e-16, -0.0, -1.0, 0.4], [0.0, 1.0, -0.0, 0.31], [1.0, 0.0, 2.220446049250313e-16, -0.2], [0.0, 0.0, 0.0, 1.0]]","[[-1.1318765597012614e-07, 1.525650633329503e-06, -0.9999999999988299, 0.39999997336016435], [5.3486990834595e-07, 0.9999999999986935, 1.5256505727886236e-06, 0.3099997907489993], [0.9999999999998507, -5.348697356605121e-07, -1.1318847198404924e-07, -0.19999984989926228], [0.0, 0.0, 0.0, 1.0]]","[[2.220446049250313e-16, -0.0, -1.0, 0.4], [0.0, 1.0, -0.0, -0.31], [1.0, 0.0, 2.220446049250313e-16, -0.2], [0.0, 0.0, 0.0, 1.0]]","[[-9.760104496270294e-07, 9.003809655922817e-07, -0.9999999999991183, 0.3999999637836381], [5.157622544887939e-07, 0.9999999999994615, 9.00380462203241e-07, -0.3099999792790474], [0.9999999999993905, -5.157613757075995e-07, -9.760109139222983e-07, -0.19999973727247297], [0.0, 0.0, 0.0, 1.0]]"
1.2083333333333333,-0.07808735831568064,15.048697958647926,7.852877663306991,-95.42970236631483,0.8163580834216756,10.491982503877171,29.581016540569962,-0.07808735831568064,-15.048697958647926,-7.852877663306991,-95.42970236631483,-0.8163580834216756,10.491982503877171,-29.581016540569962,"[[2.220446049250313e-16, -0.0, -1.0, 0.4], [0.0, 1.0, -0.0, 0.309375], [1.0, 0.0, 2.220446049250313e-16, -0.2], [0.0, 0.0, 0.0, 1.0]]","[[-1.2497990425908156e-07, 1.5346386938642639e-06, -0.9999999999988147, 0.39999997260030046], [5.032447098231368e-07, 0.9999999999986959, 1.5346386309686057e-06, 0.30937478754851194], [0.9999999999998657, -5.032445180235508e-07, -1.249806765302175e-07, -0.19999984770400292], [0.0, 0.0, 0.0, 1.0]]","[[2.220446049250313e-16, -0.0, -1.0, 0.4], [0.0, 1.0, -0.0, -0.309375], [1.0, 0.0, 2.220446049250313e-16, -0.2], [0.0, 0.0, 0.0, 1.0]]","[[-9.869281099028626e-07, 8.920546361732277e-07, -0.9999999999991153, 0.3999999630133078], [5.459597109221108e-07, 0.9999999999994533, 8.920540973505436e-07, -0.30937497615382814], [0.9999999999993642, -5.459588305283635e-07, -9.869285968466812e-07, -0.1999997357589578], [0.0, 0.0, 0.0, 1.0]]"
1.2166666666666666,-0.09656632839344437,15.01608039026653,7.768098794007854,-95.47974716236351,0.9006912828774692,10.554634121586405,29.537149650625558,-0.09656632839344437,-15.01608039026653,-7.768098794007854,-95.47974716236351,-0.9006912828774692,10.554634121586405,-29.537149650625558,"[[2.220446049250313e-16, -0.0, -1.0, 0.4], [0.0, 1.0, -0.0, 0.30875], [1.0, 0.0, 2.220446049250313e-16, -0.2], [0.0, 0.0, 0.0, 1.0]]","[[-1.607153141680584e-07, 1.5569123416558763e-06, -0.9999999999987753, 0.39999996980862024], [5.191637064822606e-07, 0.9999999999986533, 1.5569122582181284e-06, 0.3087497781569478], [0.9999999999998525, -5.191634562619822e-07, -1.6071612241042033e-07, -0.19999983145777112], [0.0, 0.0, 0.0, 1.0]]","[[2.220446049250313e-16, -0.0, -1.0, 0.4], [0.0, 1.0, -0.0, -0.30875], [1.0, 0.0, 2.220446049250313e-16, -0.2], [0.0, 0.0, 0.0, 1.0]]","[[-1.0217861712846776e-06, 8.704465363991948e-07, -0.9999999999990993, 0.3999999602116251], [5.286157908751436e-07, 0.9999999999994815, 8.704459962672226e-07, -0.30874996683907713], [0.9999999999993384, -5.286149014649857e-07, -1.021786631361099e-06, -0.19999972019449283], [0.0, 0.0, 0.0, 1.0]]"
1.225,-0.11521528613819809,14.983474774716182,7.68321234922929,-95.52950509046705,0.9851398484972127,10.617155965701409,29.493115421046486,-0.11521528613819809,-14.983474774716182,-7.68321234922929,-95.52950509046705,-0.9851398484972127,10.617155965701409,-29.493115421046486,"[[2.220446049250313e-16, -0.0, -1.0, 0.4], [0.0, 1.0, -0.0, 0.308125], [1.0, 0.0, 2.220446049250313e-16, -0.2], [0.0, 0.0, 0.0, 1.0]]","[[-1.465790319676863e-07, 1.5501612102355047e-06, -0.9999999999987879, 0.3999999703644259], [5.33411766404472e-07, 0.9999999999986562, 1.5501611320483205e-06, 0.3081247799702113], [0.999999999999847, -5.334115391827072e-07, -1.4657985886179503e-07, -0.19999983960570308], [0.0, 0.0, 0.0, 1.0]]","[[2.220446049250313e-16, -0.0, -1.0, 0.4], [0.0, 1.0, -0.0, -0.308125], [1.0, 0.0, 2.220446049250313e-16, -0.2], [0.0, 0.0, 0.0, 1.0]]","[[-1.0067697335247594e-06, 8.77867106211549e-07, -0.9999999999991078, 0.3999999607578993], [5.129457064441125e-07, 0.9999999999994831, 8.778665897936662e-07, -0.30812496873074335], [0.9999999999993616, -5.129448226341422e-07, -1.0067701838312182e-06, -0.19999972902417504], [0.0, 0.0, 0.0, 1.0]]"
1.2333333333333334,-0.13403419152930218,14.950882819544173,7.598219182744944,-95.57898298081462,1.069703780280906,10.67954888999583,29.448913851832746,-0.13403419152930218,-14.950882819544173,-7.598219182744944,-95.57898298081462,-1.069703780280906,10.67954888999583,-29.448913851832746,"[[2.220446049250313e-16, -0.0, -1.0, 0.4], [0.0, 1.0, -0.0, 0.3075], [1.0, 0.0, 2.220446049250313e-16, -0.2], [0.0, 0.0, 0.0, 1.0]]","[[-1.7664977214337796e-07, 1.5575894728283225e-06, -0.9999999999987716, 0.39999996959650835], [5.020647454226568e-07, 0.9999999999986613, 1.5575893841385277e-06, 0.30749978118736826], [0.9999999999998586, -5.020644702742301e-07, -1.766505541844765e-07, -0.19999982710170652], [0.0, 0.0, 0.0, 1.0]]","[[2.220446049250313e-16, -0.0, -1.0, 0.4], [0.0, 1.0, -0.0, -0.3075], [1.0, 0.0, 2.220446049250313e-16, -0.2], [0.0, 0.0, 0.0, 1.0]]","[[-1.0359575029483814e-06, 8.711121548399393e-07, -0.9999999999990841, 0.39999995998092175], [5.428735513668203e-07, 0.9999999999994733, 8.711115924463495e-07, -0.30749997002783597], [0.9999999999993161, -5.42872648931733e-07, -1.0359579759033899e-06, -0.19999971720192689], [0.0, 0.0, 0.0, 1.0]]"
1.2416666666666667,-0.15302295785537065,14.91830110965592,7.513119294554816,-95.62817400321705,1.154383078228549,10.741812894469666,29.40454835807893,-0.15302295785537065,-14.91830110965592,-7.513119294554816,-95.62817400321705,-1.154383078228549,10.741812894469666,-29.40454835807893,"[[2.220446049250313e-16, -0.0, -1.0, 0.4], [0.0, 1.0, -0.0, 0.306875], [1.0, 0.0, 2.220446049250313e-16, -0.2], [0.0, 0.0, 0.0, 1.0]]","[[-1.272121797901704e-07, 1.5246163875270498e-06, -0.9999999999988297, 0.3999999717901948], [5.232927473692664e-07, 0.9999999999987009, 1.524616320957642e-06, 0.30687479089689335], [0.9999999999998551, -5.232925534188884e-07, -1.272129775964359e-07, -0.19999984423268458], [0.0, 0.0, 0.0, 1.0]]","[[2.220446049250313e-16, -0.0, -1.0, 0.4], [0.0, 1.0, -0.0, -0.306875], [1.0, 0.0, 2.220446049250313e-16, -0.2], [0.0, 0.0, 0.0, 1.0]]","[[-9.856342090830417e-07, 9.047623909137511e-07, -0.9999999999991052, 0.39999996216602884], [5.202292523093601e-07, 0.9999999999994555, 9.047618781583206e-07, -0.3068749798188845], [0.9999999999993792, -5.202283605446363e-07, -9.856346798176041e-07, -0.1999997350146368], [0.0, 0.0, 0.0, 1.0]]"
1.25,-0.17218153175555065,14.885729645051422,7.4279126846589065,-95.67708498786351,1.2391774221750242,10.803946271575626,29.360015524690446,-0.17218153175555065,-14.885729645051422,-7.4279126846589065,-95.67708498786351,-1.2391774221750242,10.803946271575626,-29.360015524690446,"[[2.220446049250313e-16, -0.0, -1.0, 0.4], [0.0, 1.0, -0.0, 0.30625], [1.0, 0.0, 2.220446049250313e-16, -0.2], [0.0, 0.0, 0.0, 1.0]]","[[-1.1599904636838687e-07, 1.5340235700231683e-06, -0.9999999999988168, 0.3999999710385352], [5.207173512026407e-07, 0.9999999999986879, 1.5340235096202544e-06, 0.30624978389135443], [0.9999999999998578, -5.207171732567601e-07, -1.1599984528487539e-07, -0.19999985037361107], [0.0, 0.0, 0.0, 1.0]]","[[2.220446049250313e-16, -0.0, -1.0, 0.4], [0.0, 1.0, -0.0, -0.30625], [1.0, 0.0, 2.220446049250313e-16, -0.2], [0.0, 0.0, 0.0, 1.0]]","[[-9.73532564341184e-07, 8.960362293707934e-07, -0.9999999999991247, 0.3999999614062791], [5.213912130174693e-07, 0.9999999999994627, 8.960357217797717e-07, -0.306249972896403], [0.9999999999993903, -5.21390340697059e-07, -9.735330315230328e-07, -0.19999974183729968], [0.0, 0.0, 0.0, 1.0]]"
1.2583333333333333,-0.1915098331885628,14.85317013327797,7.342601914378155,-95.725715934754,1.3240869188420377,10.865949021313709,29.315322181856466,-0.1915098331885628,-14.85317013327797,-7.342601914378155,-95.725715934754,-1.3240869188420377,10.865949021313709,-29.315322181856466,"[[2.220446049250313e-16, -0.0, -1.0, 0.4], [0.0, 1.0, -0.0, 0.30562500000000004], [1.0, 0.0, 2.220446049250313e-16, -0.2], [0.0, 0.0, 0.0, 1.0]]","[[-1.6155218457436504e-07, 1.5495442990306999e-06, -0.9999999999987866, 0.3999999687830534], [5.706551937595823e-07, 0.9999999999986369, 1.5495442068398745e-06, 0.30562477978927904], [0.9999999999998243, -5.706549434266381e-07, -1.6155306875598185e-07, -0.1999998327047478], [0.0, 0.0, 0.0, 1.0]]","[[2.220446049250313e-16, -0.0, -1.0, 0.4], [0.0, 1.0, -0.0, -0.30562500000000004], [1.0, 0.0, 2.220446049250313e-16, -0.2], [0.0, 0.0, 0.0, 1.0]]","[[-1.0181945278575633e-06, 8.812002911785957e-07, -0.9999999999990934, 0.39999995914318953], [4.7004281560477166e-07, 0.9999999999995013, 8.811998125839325e-07, -0.30562496887890384], [0.9999999999993712, -4.700419183715184e-07, -1.018194942192796e-06, -0.19999972485016612], [0.0, 0.0, 0.0, 1.0]]"
1.2666666666666666,-0.211007795453341,14.820620866788275,7.257186129938915,-95.77406001369935,1.4091114615078835,10.927821143683916,29.27045808429324,-0.211007795453341,-14.820620866788275,-7.257186129938915,-95.77406001369935,-1.4091114615078835,10.927821143683916,-29.27045808429324,"[[2.220446049250313e-16, -0.0, -1.0, 0.4], [0.0, 1.0, -0.0, 0.305], [1.0, 0.0, 2.220446049250313e-16, -0.2], [0.0, 0.0, 0.0, 1.0]]","[[-1.375730871999714e-07, 1.5312394443082499e-06, -0.9999999999988181, 0.3999999704416851], [5.011714049362968e-07, 0.9999999999987019, 1.5312393753603745e-06, 0.30499978833861047], [0.9999999999998648, -5.011711942783763e-07, -1.3757385458612603e-07, -0.19999983898799698], [0.0, 0.0, 0.0, 1.0]]","[[2.220446049250313e-16, -0.0, -1.0, 0.4], [0.0, 1.0, -0.0, -0.305], [1.0, 0.0, 2.220446049250313e-16, -0.2], [0.0, 0.0, 0.0, 1.0]]","[[-9.933214054624884e-07, 9.001938870614292e-07, -0.9999999999991015, 0.3999999607947091], [5.38118950803277e-07, 0.9999999999994501, 9.001933525366705e-07, -0.3049999775143855], [0.999999999999362, -5.381180566214674e-07, -9.933218897417717e-07, -0.19999973181509287], [0.0, 0.0, 0.0, 1.0]]"
1.275,-0.2306753651890324,14.788080138035042,7.171666185114831,-95.82212405488873,1.4942508367291503,10.989560931138953,29.225433477284515,-0.2306753651890324,-14.788080138035042,-7.171666185114831,-95.82212405488873,-1.4942508367291503,10.989560931138953,-29.225433477284515,"[[2.220446049250313e-16, -0.0, -1.0, 0.4], [0.0, 1.0, -0.0, 0.304375], [1.0, 0.0, 2.220446049250313e-16, -0.2], [0.0, 0.0, 0.0, 1.0]]","[[-1.6507563987966378e-07, 1.5471739881092233e-06, -0.9999999999987895, 0.3999999690758993], [5.056468260642922e-07, 0.9999999999986755, 1.547173904639073e-06, 0.3043747835601586], [0.9999999999998587, -5.056465706629577e-07, -1.6507642236485154e-07, -0.19999983086992543], [0.0, 0.0, 0.0, 1.0]]","[[2.220446049250313e-16, -0.0, -1.0, 0.4], [0.0, 1.0, -0.0, -0.304375], [1.0, 0.0, 2.220446049250313e-16, -0.2], [0.0, 0.0, 0.0, 1.0]]","[[-1.0199272748034893e-06, 8.849518522974054e-07, -0.9999999999990883, 0.39999995942231115], [5.322387692913945e-07, 0.9999999999994669, 8.849513094529029e-07, -0.3043749728236036], [0.9999999999993383, -5.322378667049318e-07, -1.0199277457600964e-06, -0.19999972437869845], [0.0, 0.0, 0.0, 1.0]]"
1.2833333333333332,-0.2505124490141444,14.755547947018272,7.086042933679551,-95.86990122813297,1.5795049377841321,11.051169237452468,29.180244945735712,-0.2505124490141444,-14.755547947018272,-7.086042933679551,-95.86990122813297,-1.5795049377841321,11.051169237452468,-29.180244945735712,"[[2.220446049250313e-16, -0.0, -1.0, 0.4], [0.0, 1.0, -0.0, 0.30375], [1.0, 0.0, 2.220446049250313e-16, -0.2], [0.0, 0.0, 0.0, 1.0]]","[[-1.241878250235473e-07, 1.5241499657109662e-06, -0.9999999999988309, 0.39999997129224063], [5.041122010210153e-07, 0.9999999999987116, 1.5241499031061868e-06, 0.3037497916132071], [0.9999999999998654, -5.041120117395644e-07, -1.2418859351992495e-07, -0.19999984679029745], [0.0, 0.0, 0.0, 1.0]]","[[2.220446049250313e-16, -0.0, -1.0, 0.4], [0.0, 1.0, -0.0, -0.30375], [1.0, 0.0, 2.220446049250313e-16, -0.2], [0.0, 0.0, 0.0, 1.0]]","[[-9.781400718833488e-07, 9.086722306345873e-07, -0.9999999999991088, 0.39999996163254375], [5.323715493994631e-07, 0.9999999999994456, 9.086717099009476e-07, -0.3037499809658881], [0.9999999999993799, -5.323706605907768e-07, -9.78140555718543e-07, -0.19999974098069911], [0.0, 0.0, 0.0, 1.0]]"
1.2916666666666667,-0.2705189802276109,14.723024293737963,7.000316802519898,-95.91739836362125,1.6648736579511232,11.112645208850815,29.13489590474141,-0.2705189802276109,-14.723024293737963,-7.000316802519898,-95.91739836362125,-1.6648736579511232,11.112645208850815,-29.13489590474141,"[[2.220446049250313e-16, -0.0, -1.0, 0.4], [0.0, 1.0, -0.0, 0.303125], [1.0, 0.0, 2.220446049250313e-16, -0.2], [0.0, 0.0, 0.0, 1.0]]","[[-1.2531580773078588e-07, 1.5274938873728624e-06, -0.9999999999988255, 0.39999997102468177], [5.412534360835606e-07, 0.9999999999986868, 1.527493819545039e-06, 0.3031247909423126], [0.9999999999998456, -5.412532446638031e-07, -1.2531663462489462e-07, -0.19999984588237443], [0.0, 0.0, 0.0, 1.0]]","[[2.220446049250313e-16, -0.0, -1.0, 0.4], [0.0, 1.0, -0.0, -0.303125], [1.0, 0.0, 2.220446049250313e-16, -0.2], [0.0, 0.0, 0.0, 1.0]]","[[-9.783660182560716e-07, 9.060284379224636e-07, -0.999999999999111, 0.3999999613593844], [4.938313591264904e-07, 0.9999999999994678, 9.060279547749662e-07, -0.3031249803857414], [0.9999999999993995, -4.938304726990887e-07, -9.783664656759505e-07, -0.1999997407543889], [0.0, 0.0, 0.0, 1.0]]"
1.3,-0.29069487878815253,14.690507470646825,6.914488645409517,-95.96461546135355,1.7503569972301236,11.17398884533399,29.08938293920703,-0.29069487878815253,-14.690507470646825,-6.914488645409517,-95.96461546135355,-1.7503569972301236,11.17398884533399,-29.08938293920703,"[[2.220446049250313e-16, -0.0, -1.0, 0.4], [0.0, 1.0, -0.0, 0.3025], [1.0, 0.0, 2.220446049250313e-16, -0.2], [0.0, 0.0, 0.0, 1.0]]","[[-1.6131780256056771e-07, 1.54849965068842e-06, -0.9999999999987882, 0.3999999675181779], [5.699428864975516e-07, 0.9999999999986388, 1.5484995587462546e-06, 0.3024997793301773], [0.9999999999998247, -5.699426366963148e-07, -1.613186851878723e-07, -0.1999998312512851], [0.0, 0.0, 0.0, 1.0]]","[[2.220446049250313e-16, -0.0, -1.0, 0.4], [0.0, 1.0, -0.0, -0.3025], [1.0, 0.0, 2.220446049250313e-16, -0.2], [0.0, 0.0, 0.0, 1.0]]","[[-1.0134632681402245e-06, 8.85726623382328e-07, -0.9999999999990944, 0.3999999578477915], [4.637458449996827e-07, 0.9999999999995004, 8.857261533933078e-07, -0.3024999688658637], [0.999999999999379, -4.6374494734834055e-07, -1.0134636789227436e-06, -0.19999972680488493], [0.0, 0.0, 0.0, 1.0]]"
1.3083333333333333,-0.31104006465449,14.65799918529215,6.828558889235233,-96.0115456911407,1.835954635456016,11.235198439354708,29.04370604913257,-0.31104006465449,-14.65799918529215,-6.828558889235233,-96.0115456911407,-1.835954635456016,11.235198439354708,-29.04370604913257,"[[2.220446049250313e-16, -0.0, -1.0, 0.4], [0.0, 1.0, -0.0, 0.301875], [1.0, 0.0, 2.220446049250313e-16, -0.2], [0.0, 0.0, 0.0, 1.0]]","[[-1.5147305437723801e-07, 1.5454086869725353e-06, -0.9999999999987944, 0.39999996852375896], [5.38406956773247e-07, 0.9999999999986608, 1.545408605418183e-06, 0.30187478376285354], [0.9999999999998436, -5.384067226848362e-07, -1.5147388637837267e-07, -0.19999983383865735], [0.0, 0.0, 0.0, 1.0]]","[[2.220446049250313e-16, -0.0, -1.0, 0.4], [0.0, 1.0, -0.0, -0.301875], [1.0, 0.0, 2.220446049250313e-16, -0.2], [0.0, 0.0, 0.0, 1.0]]","[[-1.002711083053498e-06, 8.895253914406486e-07, -0.9999999999991017, 0.3999999588488027], [4.93888661861652e-07, 0.9999999999994824, 8.895248962133522e-07, -0.3018749733923484], [0.9999999999993753, -4.938877699247362e-07, -1.0027115224797711e-06, -0.19999973007377475], [0.0, 0.0, 0.0, 1.0]]"
1.3166666666666667,-0.3315544844657704,14.625496022579352,6.742528387770692,-96.05819588317189,1.921666679350506,11.296273990912962,28.997868649612617,-0.3315544844657704,-14.625496022579352,-6.742528387770692,-96.05819588317189,-1.921666679350506,11.296273990912962,-28.997868649612617,"[[2.220446049250313e-16, -0.0, -1.0, 0.4], [0.0, 1.0, -0.0, 0.30125], [1.0, 0.0, 2.220446049250313e-16, -0.2], [0.0, 0.0, 0.0, 1.0]]","[[-1.8862885703407883e-07, 1.5667279540452982e-06, -0.999999999998755, 0.3999999659414169], [5.517832864156413e-07, 0.9999999999986207, 1.566727849962837e-06, 0.3012497743626454], [0.9999999999998301, -5.517829908848707e-07, -1.886297214537258e-07, -0.19999982254954002], [0.0, 0.0, 0.0, 1.0]]","[[2.220446049250313e-16, -0.0, -1.0, 0.4], [0.0, 1.0, -0.0, -0.30125], [1.0, 0.0, 2.220446049250313e-16, -0.2], [0.0, 0.0, 0.0, 1.0]]","[[-1.038956818411041e-06, 8.689176973522583e-07, -0.999999999999083, 0.39999995626241225], [4.791221360443615e-07, 0.999999999999508, 8.689171995654174e-07, -0.3012499640874508], [0.9999999999993456, -4.791212332764729e-07, -1.0389572347446752e-06, -0.19999971946614692], [0.0, 0.0, 0.0, 1.0]]"
1.325,-0.352238031500288,14.592999690055724,6.656397994789538,-96.10455920725794,2.0074927020267705,11.357215500008753,28.951870740647163,-0.352238031500288,-14.592999690055724,-6.656397994789538,-96.10455920725794,-2.0074927020267705,11.357215500008753,-28.951870740647163,"[[2.220446049250313e-16, -0.0, -1.0, 0.4], [0.0, 1.0, -0.0, 0.30062500000000003], [1.0, 0.0, 2.220446049250313e-16, -0.2], [0.0, 0.0, 0.0, 1.0]]","[[-1.6839142197300205e-07, 1.5512540372071899e-06, -0.9999999999987826, 0.3999999675701712], [5.580528307648642e-07, 0.9999999999986411, 1.5512539432356606e-06, 0.30062478184578234], [0.99999999999983, -5.580525695463276e-07, -1.6839228750287205e-07, -0.1999998298266975], [0.0, 0.0, 0.0, 1.0]]","[[2.220446049250313e-16, -0.0, -1.0, 0.4], [0.0, 1.0, -0.0, -0.30062500000000003], [1.0, 0.0, 2.220446049250313e-16, -0.2], [0.0, 0.0, 0.0, 1.0]]","[[-1.0178067022525994e-06, 8.851069915351308e-07, -0.9999999999990902, 0.3999999578876445], [4.714653456330571e-07, 0.9999999999994971, 8.851065116749022e-07, -0.3006249716674425], [0.9999999999993708, -4.714644447652885e-07, -1.017807119474412e-06, -0.19999972742472105], [0.0, 0.0, 0.0, 1.0]]"
1.3333333333333333,-0.3730905990363369,14.560508480173972,6.5701677102917735,-96.15064249358801,2.0934329169282213,11.418022966642084,28.905708907141634,-0.3730905990363369,-14.560508480173972,-6.5701677102917735,-96.15064249358801,-2.0934329169282213,11.418022966642084,-28.905708907141634,"[[2.220446049250313e-16, -0.0, -1.0, 0.4], [0.0, 1.0, -0.0, 0.30000000000000004], [1.0, 0.0, 2.220446049250313e-16, -0.2], [0.0, 0.0, 0.0, 1.0]]","[[-1.8171263094224344e-07, 1.558357612818174e-06, -0.9999999999987693, 0.3999999659415643], [5.128769565722693e-07, 0.9999999999986542, 1.5583575196217738e-06, 0.2999997776764107], [0.999999999999852, -5.128766733983933e-07, -1.8171343008077656e-07, -0.19999982244151374], [0.0, 0.0, 0.0, 1.0]]","[[2.220446049250313e-16, -0.0, -1.0, 0.4], [0.0, 1.0, -0.0, -0.30000000000000004], [1.0, 0.0, 2.220446049250313e-16, -0.2], [0.0, 0.0, 0.0, 1.0]]","[[-1.0302125400540874e-06, 8.787226174998378e-07, -0.9999999999990833, 0.39999995625604706], [5.152568830888748e-07, 0.9999999999994812, 8.787220866760851e-07, -0.29999996759642117], [0.9999999999993366, -5.152559778178894e-07, -1.0302129928030368e-06, -0.19999972072090547], [0.0, 0.0, 0.0, 1.0]]"
1.3416666666666666,-0.3941121337130643,14.5280223929341,6.483838814937867,-96.19643891197295,2.1794868971680352,11.478694683265662,28.85938997928519,-0.3941121337130643,-14.5280223929341,-6.483838814937867,-96.19643891197295,-2.1794868971680352,11.478694683265662,-28.85938997928519,"[[2.220446049250313e-16, -0.0, -1.0, 0.4], [0.0, 1.0, -0.0, 0.299375], [1.0, 0.0, 2.220446049250313e-16, -0.2], [0.0, 0.0, 0.0, 1.0]]","[[-1.496419392288395e-07, 1.5352348044955318e-06, -0.9999999999988105, 0.39999996818085565], [5.13142397270041e-07, 0.9999999999986899, 1.5352347277077236e-06, 0.2993747874427182], [0.9999999999998572, -5.131421675339289e-07, -1.4964272704309778e-07, -0.19999983358903523], [0.0, 0.0, 0.0, 1.0]]","[[2.220446049250313e-16, -0.0, -1.0, 0.4], [0.0, 1.0, -0.0, -0.299375], [1.0, 0.0, 2.220446049250313e-16, -0.2], [0.0, 0.0, 0.0, 1.0]]","[[-9.972239418121198e-07, 9.025683810575004e-07, -0.9999999999990956, 0.39999995849288406], [5.13610080692266e-07, 0.9999999999994609, 9.025678688735609e-07, -0.29937497746261543], [0.999999999999371, -5.136091806295135e-07, -9.97224405441255e-07, -0.19999973254972156], [0.0, 0.0, 0.0, 1.0]]"
1.35,-0.41530255548919087,14.49553972078881,6.397411308727818,-96.24195529260192,2.2656544293028005,11.539230649879485,28.81291395707784,-0.41530255548919087,-14.49553972078881,-6.397411308727818,-96.24195529260192,-2.2656544293028005,11.539230649879485,-28.81291395707784,"[[2.220446049250313e-16, -0.0, -1.0, 0.4], [0.0, 1.0, -0.0, 0.29875], [1.0, 0.0, 2.220446049250313e-16, -0.2], [0.0, 0.0, 0.0, 1.0]]","[[-1.602240898290752e-07, 1.5476313826481322e-06, -0.9999999999987897, 0.3999999668537252], [5.7293217921215e-07, 0.9999999999986384, 1.547631290850361e-06, 0.2987497819390366], [0.9999999999998231, -5.729319312436414e-07, -1.6022497645318268e-07, -0.19999983013253872], [0.0, 0.0, 0.0, 1.0]]","[[2.220446049250313e-16, -0.0, -1.0, 0.4], [0.0, 1.0, -0.0, -0.29875], [1.0, 0.0, 2.220446049250313e-16, -0.2], [0.0, 0.0, 0.0, 1.0]]","[[-1.006885637755417e-06, 8.908984827668946e-07, -0.9999999999990963, 0.3999999571638428], [4.5244186787192634e-07, 0.9999999999995008, 8.908980272100364e-07, -0.2987499720603084], [0.9999999999993907, -4.524409708390891e-07, -1.0068860409884195e-06, -0.19999972977447872], [0.0, 0.0, 0.0, 1.0]]"
1.3583333333333334,-0.4366617576430108,14.4630621712854,6.310886472322096,-96.28718480528573,2.3519357267759284,11.599630012709907,28.766274010330406,-0.4366617576430108,-14.4630621712854,-6.310886472322096,-96.28718480528573,-2.3519357267759284,11.599630012709907,-28.766274010330406,"[[2.220446049250313e-16, -0.0, -1.0, 0.4], [0.0, 1.0, -0.0, 0.298125], [1.0, 0.0, 2.220446049250313e-16, -0.2], [0.0, 0.0, 0.0, 1.0]]","[[-1.3118247527144078e-07, 1.5255149798068114e-06, -0.9999999999988279, 0.39999996999875703], [5.229663100721257e-07, 0.9999999999986997, 1.525514911202601e-06, 0.29812479443424433], [0.9999999999998549, -5.229661099506905e-07, -1.3118327307770627e-07, -0.19999984139514843], [0.0, 0.0, 0.0, 1.0]]","[[2.220446049250313e-16, -0.0, -1.0, 0.4], [0.0, 1.0, -0.0, -0.298125], [1.0, 0.0, 2.220446049250313e-16, -0.2], [0.0, 0.0, 0.0, 1.0]]","[[-9.769209092791442e-07, 9.13745424376461e-07, -0.9999999999991054, 0.39999996030750773], [5.010322936912648e-07, 0.9999999999994571, 9.137449349078585e-07, -0.2981249846584173], [0.9999999999993974, -5.01031401034284e-07, -9.769213671351196e-07, -0.1999997417182377], [0.0, 0.0, 0.0, 1.0]]"
1.3666666666666667,-0.45818963345281827,14.430586329329282,6.224264305720702,-96.3321342802136,2.4383303627005968,11.659893625530577,28.719476969232065,-0.45818963345281827,-14.430586329329282,-6.224264305720702,-96.3321342802136,-2.4383303627005968,11.659893625530577,-28.719476969232065,"[[2.220446049250313e-16, -0.0, -1.0, 0.4], [0.0, 1.0, -0.0, 0.2975], [1.0, 0.0, 2.220446049250313e-16, -0.2], [0.0, 0.0, 0.0, 1.0]]","[[-1.3022418254848844e-07, 1.530638508673582e-06, -0.99999999999882, 0.3999999689892978], [5.252735127573448e-07, 0.9999999999986906, 1.53063844027007e-06, 0.2974997902660107], [0.9999999999998535, -5.252733134305853e-07, -1.3022498657200288e-07, -0.19999984080943925], [0.0, 0.0, 0.0, 1.0]]","[[2.220446049250313e-16, -0.0, -1.0, 0.4], [0.0, 1.0, -0.0, -0.2975], [1.0, 0.0, 2.220446049250313e-16, -0.2], [0.0, 0.0, 0.0, 1.0]]","[[-9.750369643346524e-07, 9.0935615807057e-07, -0.9999999999991113, 0.3999999592972333], [4.97352574429376e-07, 0.9999999999994629, 9.093556731337455e-07, -0.2974999805945675], [0.999999999999401, -4.973516877735388e-07, -9.750374166395126e-07, -0.19999974181362684], [0.0, 0.0, 0.0, 1.0]]"
1.375,-0.479886102877334,14.398113902467749,6.137546089584105,-96.37680371738547,2.524838123633393,11.720019780794198,28.672522833782814,-0.479886102877334,-14.398113902467749,-6.137546089584105,-96.37680371738547,-2.524838123633393,11.720019780794198,-28.672522833782814,"[[2.220446049250313e-16, -0.0, -1.0, 0.4], [0.0, 1.0, -0.0, 0.296875], [1.0, 0.0, 2.220446049250313e-16, -0.2], [0.0, 0.0, 0.0, 1.0]]","[[-1.891135615883499e-07, 1.5647716904950891e-06, -0.999999999998758, 0.3999999652728312], [5.330381041852082e-07, 0.9999999999986339, 1.5647715896901603e-06, 0.29687477971649473], [0.9999999999998402, -5.330378082650176e-07, -1.8911439580993061e-07, -0.19999981752349855], [0.0, 0.0, 0.0, 1.0]]","[[2.220446049250313e-16, -0.0, -1.0, 0.4], [0.0, 1.0, -0.0, -0.296875], [1.0, 0.0, 2.220446049250313e-16, -0.2], [0.0, 0.0, 0.0, 1.0]]","[[-1.0329981597334559e-06, 8.759609690454911e-07, -0.9999999999990828, 0.39999995558050555], [4.882184259159324e-07, 0.9999999999994973, 8.759604647171185e-07, -0.2968749701509057], [0.9999999999993473, -4.882175210499366e-07, -1.032998587391365e-06, -0.1999997192087172], [0.0, 0.0, 0.0, 1.0]]"
1.3833333333333333,-0.5017510858752786,14.365641475606216,6.05073267768595,-96.42118628661221,2.611459009574318,11.780008478500774,28.625409896435357,-0.5017510858752786,-14.365641475606216,-6.05073267768595,-96.42118628661221,-2.611459009574318,11.780008478500774,-28.625409896435357,"[[2.220446049250313e-16, -0.0, -1.0, 0.4], [0.0, 1.0, -0.0, 0.29625], [1.0, 0.0, 2.220446049250313e-16, -0.2], [0.0, 0.0, 0.0, 1.0]]","[[-1.9198274087139922e-07, 1.561273375772903e-06, -0.9999999999987628, 0.39999996396870663], [5.523476199575438e-07, 0.9999999999986287, 1.5612732697314838e-06, 0.29624977593104934], [0.999999999999829, -5.523473202193391e-07, -1.9198360329264474e-07, -0.19999981841895817], [0.0, 0.0, 0.0, 1.0]]","[[2.220446049250313e-16, -0.0, -1.0, 0.4], [0.0, 1.0, -0.0, -0.29625], [1.0, 0.0, 2.220446049250313e-16, -0.2], [0.0, 0.0, 0.0, 1.0]]","[[-1.0349366123540982e-06, 8.802010517418494e-07, -0.9999999999990771, 0.399999954276678], [4.6754234756112413e-07, 0.9999999999995033, 8.802005678655313e-07, -0.2962499664728356], [0.9999999999993551, -4.675414366088988e-07, -1.034937023802751e-06, -0.19999972078510786], [0.0, 0.0, 0.0, 1.0]]"
1.3916666666666666,-0.5237844757249465,14.333172463839269,5.963823643139415,-96.46528198789382,2.6981928070799595,11.839858864876657,28.57813986473699,-0.5237844757249465,-14.333172463839269,-5.963823643139415,-96.46528198789382,-2.6981928070799595,11.839858864876657,-28.57813986473699,"[[2.220446049250313e-16, -0.0, -1.0, 0.4], [0.0, 1.0, -0.0, 0.295625], [1.0, 0.0, 2.220446049250313e-16, -0.2], [0.0, 0.0, 0.0, 1.0]]","[[-1.480423059696534e-07, 1.540392845202481e-06, -0.9999999999988025, 0.3999999672061845], [5.333515612408998e-07, 0.9999999999986713, 1.5403927662436839e-06, 0.29562478600704073], [0.9999999999998468, -5.33351333196964e-07, -1.4804312753469162e-07, -0.19999983472015465], [0.0, 0.0, 0.0, 1.0]]","[[2.220446049250313e-16, -0.0, -1.0, 0.4], [0.0, 1.0, -0.0, -0.295625], [1.0, 0.0, 2.220446049250313e-16, -0.2], [0.0, 0.0, 0.0, 1.0]]","[[-9.900629405201755e-07, 9.01827116666531e-07, -0.9999999999991034, 0.3999999575150206], [4.851748401373638e-07, 0.9999999999994758, 9.018266363132379e-07, -0.2956249766577162], [0.9999999999993923, -4.851739472717973e-07, -9.900633781700918e-07, -0.1999997377671287], [0.0, 0.0, 0.0, 1.0]]"
1.4,-0.5459861123437787,14.300704305845967,5.876820693491793,-96.50909765141945,2.7850393027069065,11.899570939921848,28.530714446235006,-0.5459861123437787,-14.300704305845967,-5.876820693491793,-96.50909765141945,-2.7850393027069065,11.899570939921848,-28.530714446235006,"[[2.220446049250313e-16, -0.0, -1.0, 0.4], [0.0, 1.0, -0.0, 0.29500000000000004], [1.0, 0.0, 2.220446049250313e-16, -0.2], [0.0, 0.0, 0.0, 1.0]]","[[-1.5623945648357562e-07, 1.5412897226931598e-06, -0.9999999999988, 0.39999996691458817], [5.378076395087644e-07, 0.9999999999986675, 1.5412896386661824e-06, 0.29499978789090514], [0.9999999999998431, -5.378073986978637e-07, -1.562402853760858e-07, -0.1999998306076035], [0.0, 0.0, 0.0, 1.0]]","[[2.220446049250313e-16, -0.0, -1.0, 0.4], [0.0, 1.0, -0.0, -0.29500000000000004], [1.0, 0.0, 2.220446049250313e-16, -0.2], [0.0, 0.0, 0.0, 1.0]]","[[-9.973243709215929e-07, 9.016794768960637e-07, -0.9999999999990962, 0.3999999572248554], [4.79358164354455e-07, 0.9999999999994786, 9.016789988208288e-07, -0.29499997865192995], [0.9999999999993877, -4.793572650875815e-07, -9.97324803020394e-07, -0.19999973433532264], [0.0, 0.0, 0.0, 1.0]]"
1.4083333333333332,-0.5683559957317753,14.268235294079018,5.789723828743083,-96.55262644699994,2.871998283011747,11.959143849862699,28.483131933382115,-0.5683559957317753,-14.268235294079018,-5.789723828743083,-96.55262644699994,-2.871998283011747,11.959143849862699,-28.483131933382115,"[[2.220446049250313e-16, -0.0, -1.0, 0.4], [0.0, 1.0, -0.0, 0.294375], [1.0, 0.0, 2.220446049250313e-16, -0.2], [0.0, 0.0, 0.0, 1.0]]","[[-1.115655934857962e-07, 1.520893301047992e-06, -0.9999999999988373, 0.3999999694631676], [5.398256837923285e-07, 0.9999999999986977, 1.5208932408218072e-06, 0.29437479440932823], [0.999999999999848, -5.39825514112344e-07, -1.1156641438470061e-07, -0.19999984905411652], [0.0, 0.0, 0.0, 1.0]]","[[2.220446049250313e-16, -0.0, -1.0, 0.4], [0.0, 1.0, -0.0, -0.294375], [1.0, 0.0, 2.220446049250313e-16, -0.2], [0.0, 0.0, 0.0, 1.0]]","[[-9.517122893099028e-07, 9.228288946061593e-07, -0.9999999999991215, 0.39999995977544217], [4.7598253065804653e-07, 0.999999999999461, 9.228284416080488e-07, -0.29437498528221234], [0.9999999999994339, -4.759816523904595e-07, -9.517127285141314e-07, -0.19999975346247], [0.0, 0.0, 0.0, 1.0]]"
1.4166666666666667,-0.5908939658063778,14.23576628231207,5.702534329553755,-96.59587520482447,2.9590695345510696,12.018577594699211,28.4353940337256,-0.5908939658063778,-14.23576628231207,-5.702534329553755,-96.59587520482447,-2.9590695345510696,12.018577594699211,-28.4353940337256,"[[2.220446049250313e-16, -0.0, -1.0, 0.4], [0.0, 1.0, -0.0, 0.29375], [1.0, 0.0, 2.220446049250313e-16, -0.2], [0.0, 0.0, 0.0, 1.0]]","[[-1.200143842639001e-07, 1.524204319224605e-06, -0.9999999999988313, 0.39999996869154064], [5.420218496336294e-07, 0.9999999999986917, 1.5242042541739735e-06, 0.2937497930314552], [0.999999999999846, -5.420216667065607e-07, -1.2001521049187502e-07, -0.19999984573005194], [0.0, 0.0, 0.0, 1.0]]","[[2.220446049250313e-16, -0.0, -1.0, 0.4], [0.0, 1.0, -0.0, -0.29375], [1.0, 0.0, 2.220446049250313e-16, -0.2], [0.0, 0.0, 0.0, 1.0]]","[[-9.59220387786175e-07, 9.202745790701336e-07, -0.9999999999991165, 0.3999999590063983], [4.724317523905734e-07, 0.9999999999994649, 9.202741259042855e-07, -0.29374998401765057], [0.9999999999994282, -4.724308696444521e-07, -9.592208225495114e-07, -0.1999997508189485], [0.0, 0.0, 0.0, 1.0]]"
1.425,-0.6135999158458803,14.203296416771476,5.615252622810631,-96.63884392489301,3.0462530573248743,12.077871320657737,28.387500747265474,-0.6135999158458803,-14.203296416771476,-5.615252622810631,-96.63884392489301,-3.0462530573248743,12.077871320657737,-28.387500747265474,"[[2.220446049250313e-16, -0.0, -1.0, 0.4], [0.0, 1.0, -0.0, 0.29312499999999997], [1.0, 0.0, 2.220446049250313e-16, -0.2], [0.0, 0.0, 0.0, 1.0]]","[[-1.869382702524014e-07, 1.5556363380547334e-06, -0.9999999999987725, 0.39999996427310447], [5.405229622422583e-07, 0.999999999998644, 1.555636237010106e-06, 0.2931247812296897], [0.9999999999998364, -5.405226714336474e-07, -1.8693911113532025e-07, -0.19999982118043377], [0.0, 0.0, 0.0, 1.0]]","[[2.220446049250313e-16, -0.0, -1.0, 0.4], [0.0, 1.0, -0.0, -0.29312499999999997], [1.0, 0.0, 2.220446049250313e-16, -0.2], [0.0, 0.0, 0.0, 1.0]]","[[-1.0252011118372373e-06, 8.896029693779355e-07, -0.999999999999079, 0.3999999545911268], [4.7257901584762983e-07, 0.9999999999994929, 8.896024848897712e-07, -0.29312497233064466], [0.999999999999363, -4.725781038257378e-07, -1.0252015321676744e-06, -0.19999972694977897], [0.0, 0.0, 0.0, 1.0]]"
1.4333333333333333,-0.6364737924894298,14.170825697457236,5.527878708513712,-96.68152577701642,3.133548424446338,12.137025027738279,28.339453781549018,-0.6364737924894298,-14.170825697457236,-5.527878708513712,-96.68152577701642,-3.133548424446338,12.137025027738279,-28.339453781549018,"[[2.220446049250313e-16, -0.0, -1.0, 0.4], [0.0, 1.0, -0.0, 0.2925], [1.0, 0.0, 2.220446049250313e-16, -0.2], [0.0, 0.0, 0.0, 1.0]]","[[-1.9702724574077735e-07, 1.5677822584300857e-06, -0.9999999999987517, 0.39999996349865763], [5.380476746566647e-07, 0.9999999999986263, 1.5677821524198377e-06, 0.2924997782015581], [0.9999999999998359, -5.380473657601936e-07, -1.9702808928823146e-07, -0.19999981532263306], [0.0, 0.0, 0.0, 1.0]]","[[2.220446049250313e-16, -0.0, -1.0, 0.4], [0.0, 1.0, -0.0, -0.2925], [1.0, 0.0, 2.220446049250313e-16, -0.2], [0.0, 0.0, 0.0, 1.0]]","[[-1.034344506323226e-06, 8.782211750118208e-07, -0.9999999999990796, 0.39999995382043513], [4.737056905455464e-07, 0.9999999999995024, 8.782206850373135e-07, -0.2924999694187699], [0.999999999999353, -4.7370478216236933e-07, -1.0343449224348156e-06, -0.19999972177230294], [0.0, 0.0, 0.0, 1.0]]"
1.4416666666666667,-0.659515382293615,14.138352416822055,5.44041429421029,-96.72392076119469,3.2209556359154603,12.19603786216719,28.291253136576238,-0.659515382293615,-14.138352416822055,-5.44041429421029,-96.72392076119469,-3.2209556359154603,12.19603786216719,-28.291253136576238,"[[2.220446049250313e-16, -0.0, -1.0, 0.4], [0.0, 1.0, -0.0, 0.291875], [1.0, 0.0, 2.220446049250313e-16, -0.2], [0.0, 0.0, 0.0, 1.0]]","[[-1.620126252599441e-07, 1.5453314775113627e-06, -0.999999999998793, 0.39999996556329104], [5.465491218881141e-07, 0.9999999999986566, 1.5453313889632941e-06, 0.2918747859362603], [0.9999999999998377, -5.465488715242591e-07, -1.6201346991762122e-07, -0.19999982769686084], [0.0, 0.0, 0.0, 1.0]]","[[2.220446049250313e-16, -0.0, -1.0, 0.4], [0.0, 1.0, -0.0, -0.291875], [1.0, 0.0, 2.220446049250313e-16, -0.2], [0.0, 0.0, 0.0, 1.0]]","[[-9.98381894934397e-07, 9.01439792009916e-07, -0.9999999999990953, 0.39999995588941384], [4.638586647118289e-07, 0.999999999999486, 9.014393289021757e-07, -0.2918749772712187], [0.9999999999993939, -4.63857764730704e-07, -9.98382313044388e-07, -0.19999973482672195], [0.0, 0.0, 0.0, 1.0]]"
1.45,-0.6827246318975827,14.105876574865936,5.3528598067871895,-96.766035707617,3.308474264845419,12.254908970170822,28.242898812347132,-0.6827246318975827,-14.105876574865936,-5.3528598067871895,-96.766035707617,-3.308474264845419,12.254908970170822,-28.242898812347132,"[[2.220446049250313e-16, -0.0, -1.0, 0.4], [0.0, 1.0, -0.0, 0.29125], [1.0, 0.0, 2.220446049250313e-16, -0.2], [0.0, 0.0, 0.0, 1.0]]","[[-1.9161150738300492e-07, 1.5568625053329544e-06, -0.9999999999987699, 0.3999999638831385], [5.520889379185467e-07, 0.9999999999986358, 1.556862399546152e-06, 0.29124978280682573], [0.9999999999998295, -5.520886396051163e-07, -1.9161236691767058e-07, -0.19999981725867197], [0.0, 0.0, 0.0, 1.0]]","[[2.220446049250313e-16, -0.0, -1.0, 0.4], [0.0, 1.0, -0.0, -0.29125], [1.0, 0.0, 2.220446049250313e-16, -0.2], [0.0, 0.0, 0.0, 1.0]]","[[-1.0270303629766886e-06, 8.906802844518374e-07, -0.9999999999990762, 0.3999999542142023], [4.5697627818294456e-07, 0.9999999999994991, 8.906798151237014e-07, -0.2912499742609664], [0.9999999999993684, -4.5697536342730845e-07, -1.0270307699844494e-06, -0.19999972506861616], [0.0, 0.0, 0.0, 1.0]]"
1.4583333333333333,-0.7061014345796274,14.073397317815234,5.265215673131233,-96.80786378609415,3.396104097792801,12.313638351749177,28.1943908088617,-0.7061014345796274,-14.073397317815234,-5.265215673131233,-96.80786378609415,-3.396104097792801,12.313638351749177,-28.1943908088617,"[[2.220446049250313e-16, -0.0, -1.0, 0.4], [0.0, 1.0, -0.0, 0.290625], [1.0, 0.0, 2.220446049250313e-16, -0.2], [0.0, 0.0, 0.0, 1.0]]","[[-1.724460660934568e-07, 1.5452764960384398e-06, -0.9999999999987913, 0.3999999652655102], [5.428576910472528e-07, 0.9999999999986589, 1.545276402424562e-06, 0.29062478778777256], [0.9999999999998378, -5.428574245697599e-07, -1.7244690497797421e-07, -0.19999982511335368], [0.0, 0.0, 0.0, 1.0]]","[[2.220446049250313e-16, -0.0, -1.0, 0.4], [0.0, 1.0, -0.0, -0.290625], [1.0, 0.0, 2.220446049250313e-16, -0.2], [0.0, 0.0, 0.0, 1.0]]","[[-1.006912103973523e-06, 9.030415295942325e-07, -0.9999999999990854, 0.39999995560211715], [4.648679905821539e-07, 0.9999999999994844, 9.030410615133862e-07, -0.29062497936257875], [0.9999999999993852, -4.648670812987534e-07, -1.0069125238598708e-06, -0.19999973360323864], [0.0, 0.0, 0.0, 1.0]]"
1.4666666666666666,-0.7296456836180432,14.0409137918963,5.177482320129242,-96.84941182681533,3.4838451347576083,12.372226006902254,28.14573083366724,-0.7296456836180432,-14.0409137918963,-5.177482320129242,-96.84941182681533,-3.4838451347576083,12.372226006902254,-28.14573083366724,"[[2.220446049250313e-16, -0.0, -1.0, 0.4], [0.0, 1.0, -0.0, 0.29000000000000004], [1.0, 0.0, 2.220446049250313e-16, -0.2], [0.0, 0.0, 0.0, 1.0]]","[[-2.0122015437218366e-07, 1.565484893869148e-06, -0.9999999999987542, 0.3999999623468343], [5.510257153858421e-07, 0.9999999999986227, 1.5654847829914626e-06, 0.2899997777665346], [0.9999999999998278, -5.510254003780659e-07, -2.012210170154738e-07, -0.19999981386678226], [0.0, 0.0, 0.0, 1.0]]","[[2.220446049250313e-16, -0.0, -1.0, 0.4], [0.0, 1.0, -0.0, -0.29000000000000004], [1.0, 0.0, 2.220446049250313e-16, -0.2], [0.0, 0.0, 0.0, 1.0]]","[[-1.0347309933878002e-06, 8.836120278015898e-07, -0.9999999999990745, 0.3999999526895903], [4.553634308268821e-07, 0.9999999999995062, 8.836115566233161e-07, -0.2899999694634378], [0.9999999999993612, -4.5536251652619676e-07, -1.034731395954669e-06, -0.1999997230364963], [0.0, 0.0, 0.0, 1.0]]"
1.475,-0.7533571655694185,14.008426850882781,5.089661028441688,-96.89067299959139,3.5716969488530164,12.430671081856406,28.096918886763742,-0.7533571655694185,-14.008426850882781,-5.089661028441688,-96.89067299959139,-3.5716969488530164,12.430671081856406,-28.096918886763742,"[[2.220446049250313e-16, -0.0, -1.0, 0.4], [0.0, 1.0, -0.0, 0.289375], [1.0, 0.0, 2.220446049250313e-16, -0.2], [0.0, 0.0, 0.0, 1.0]]","[[-1.8665478418444792e-07, 1.556852378432681e-06, -0.9999999999987708, 0.39999996287494904], [5.353069030051422e-07, 0.999999999998645, 1.5568522785148908e-06, 0.2893747817913464], [0.9999999999998395, -5.353066124105581e-07, -1.866556175178502e-07, -0.19999981668837677], [0.0, 0.0, 0.0, 1.0]]","[[2.220446049250313e-16, -0.0, -1.0, 0.4], [0.0, 1.0, -0.0, -0.289375], [1.0, 0.0, 2.220446049250313e-16, -0.2], [0.0, 0.0, 0.0, 1.0]]","[[-1.0192080639459533e-06, 8.930271328574884e-07, -0.9999999999990818, 0.39999995322446336], [4.6974875599370927e-07, 0.9999999999994909, 8.930266540861336e-07, -0.2893749736118185], [0.9999999999993703, -4.697478458133108e-07, -1.019208483388212e-06, -0.19999972653776338], [0.0, 0.0, 0.0, 1.0]]"
1.4833333333333334,-0.7772358804337532,13.975934787227384,5.001752224955392,-96.93164730442228,3.659659326635614,12.488971869064343,28.047956675698508,-0.7772358804337532,-13.975934787227384,-5.001752224955392,-96.93164730442228,-3.659659326635614,12.488971869064343,-28.047956675698508,"[[2.220446049250313e-16, -0.0, -1.0, 0.4], [0.0, 1.0, -0.0, 0.28875], [1.0, 0.0, 2.220446049250313e-16, -0.2], [0.0, 0.0, 0.0, 1.0]]","[[-1.4511599444322343e-07, 1.534634778778663e-06, -0.9999999999988121, 0.39999996654103076], [5.348576164200783e-07, 0.9999999999986796, 1.534634701162065e-06, 0.28874979287532654], [0.9999999999998466, -5.348573937194022e-07, -1.4511681534212784e-07, -0.1999998345710103], [0.0, 0.0, 0.0, 1.0]]","[[2.220446049250313e-16, -0.0, -1.0, 0.4], [0.0, 1.0, -0.0, -0.28875], [1.0, 0.0, 2.220446049250313e-16, -0.2], [0.0, 0.0, 0.0, 1.0]]","[[-9.767093936963178e-07, 9.16030991070645e-07, -0.9999999999991037, 0.39999995689791945], [4.688676269036547e-07, 0.9999999999994708, 9.160305331235656e-07, -0.2887499848208366], [0.9999999999994132, -4.6886673220760777e-07, -9.767098231305837e-07, -0.19999974509991755], [0.0, 0.0, 0.0, 1.0]]"
1.4916666666666667,-0.8012816681284889,13.943436747156463,4.913756336557179,-96.97234157149722,3.747732481548813,12.547130076073355,27.99884420047153,-0.8012816681284889,-13.943436747156463,-4.913756336557179,-96.97234157149722,-3.747732481548813,12.547130076073355,-27.99884420047153,"[[2.220446049250313e-16, -0.0, -1.0, 0.4], [0.0, 1.0, -0.0, 0.288125], [1.0, 0.0, 2.220446049250313e-16, -0.2], [0.0, 0.0, 0.0, 1.0]]","[[-1.480817526933187e-07, 1.5360445581136907e-06, -0.9999999999988093, 0.3999999656978327], [5.530565233548757e-07, 0.9999999999986673, 1.5360444762158934e-06, 0.2881247898212561], [0.999999999999836, -5.53056295894059e-07, -1.4808260223597713e-07, -0.19999983284270909], [0.0, 0.0, 0.0, 1.0]]","[[2.220446049250313e-16, -0.0, -1.0, 0.4], [0.0, 1.0, -0.0, -0.288125], [1.0, 0.0, 2.220446049250313e-16, -0.2], [0.0, 0.0, 0.0, 1.0]]","[[-9.78712938748405e-07, 9.154111072196094e-07, -0.9999999999991023, 0.39999995606271316], [4.4934131163981715e-07, 0.9999999999994802, 9.154106674437998e-07, -0.28812498189322283], [0.9999999999994202, -4.493404157151492e-07, -9.787133499750134e-07, -0.1999997440510101], [0.0, 0.0, 0.0, 1.0]]"
1.5,-0.8254943685710667,13.910932730670018,4.825674643907518,-97.01274897062702,3.835915346375555,12.605143995336151,27.94957975353552,-0.8254943685710667,-13.910932730670018,-4.825674643907518,-97.01274897062702,-3.835915346375555,12.605143995336151,-27.94957975353552,"[[2.220446049250313e-16, -0.0, -1.0, 0.4], [0.0, 1.0, -0.0, 0.2875], [1.0, 0.0, 2.220446049250313e-16, -0.2], [0.0, 0.0, 0.0, 1.0]]","[[-1.1070915412192406e-07, 1.5175630361028159e-06, -0.9999999999988425, 0.39999996791440123], [5.305009197224417e-07, 0.9999999999987079, 1.5175629773713036e-06, 0.2874997967526011], [0.9999999999998532, -5.30500751713714e-07, -1.1070995925566152e-07, -0.1999998458995352], [0.0, 0.0, 0.0, 1.0]]","[[2.220446049250313e-16, -0.0, -1.0, 0.4], [0.0, 1.0, -0.0, -0.2875], [1.0, 0.0, 2.220446049250313e-16, -0.2], [0.0, 0.0, 0.0, 1.0]]","[[-9.403757785242384e-07, 9.346862200761637e-07, -0.9999999999991213, 0.3999999582878978], [4.705725713723686e-07, 0.9999999999994527, 9.346857775614254e-07, -0.28749998895248485], [0.9999999999994474, -4.7057169241608927e-07, -9.403762181725561e-07, -0.1999997577870585], [0.0, 0.0, 0.0, 1.0]]"
1.5083333333333333,-0.8498738216789281,13.878421883994404,4.7375075738932315,-97.05287633200085,3.9242083480026633,12.663012773079084,27.900168457532356,-0.8498738216789281,-13.878421883994404,-4.7375075738932315,-97.05287633200085,-3.9242083480026633,12.663012773079084,-27.900168457532356,"[[2.220446049250313e-16, -0.0, -1.0, 0.4], [0.0, 1.0, -0.0, 0.286875], [1.0, 0.0, 2.220446049250313e-16, -0.2], [0.0, 0.0, 0.0, 1.0]]","[[-1.4580764340355046e-07, 1.5340428725534104e-06, -0.999999999998813, 0.399999965494086], [5.610254136493451e-07, 0.9999999999986661, 1.5340427907513918e-06, 0.2868747907383951], [0.9999999999998321, -5.610251899735147e-07, -1.4580850404843915e-07, -0.19999983491292767], [0.0, 0.0, 0.0, 1.0]]","[[2.220446049250313e-16, -0.0, -1.0, 0.4], [0.0, 1.0, -0.0, -0.286875], [1.0, 0.0, 2.220446049250313e-16, -0.2], [0.0, 0.0, 0.0, 1.0]]","[[-9.745074494582617e-07, 9.190035628296682e-07, -0.9999999999991028, 0.3999999558768253], [4.387267810020273e-07, 0.9999999999994813, 9.190031352874998e-07, -0.28687498306760195], [0.9999999999994288, -4.3872588542623223e-07, -9.745078526912643e-07, -0.19999974747954036], [0.0, 0.0, 0.0, 1.0]]"
1.5166666666666666,-0.874420027452073,13.84590420712962,4.649255553401143,-97.09271682542953,4.012611059543316,12.7207372630758,27.85060689736745,-0.874420027452073,-13.84590420712962,-4.649255553401143,-97.09271682542953,-4.012611059543316,12.7207372630758,-27.85060689736745,"[[2.220446049250313e-16, -0.0, -1.0, 0.4], [0.0, 1.0, -0.0, 0.28625], [1.0, 0.0, 2.220446049250313e-16, -0.2], [0.0, 0.0, 0.0, 1.0]]","[[-1.2989395642426516e-07, 1.5251570059346899e-06, -0.9999999999988286, 0.3999999664119261], [5.563919996971296e-07, 0.9999999999986822, 1.5251569336625083e-06, 0.2862497935718674], [0.9999999999998369, -5.563918015878096e-07, -1.2989480485670057e-07, -0.19999983939662336], [0.0, 0.0, 0.0, 1.0]]","[[2.220446049250313e-16, -0.0, -1.0, 0.4], [0.0, 1.0, -0.0, -0.28625], [1.0, 0.0, 2.220446049250313e-16, -0.2], [0.0, 0.0, 0.0, 1.0]]","[[-9.576246397524635e-07, 9.286902836953264e-07, -0.9999999999991105, 0.39999995680454103], [4.4204195502899786e-07, 0.9999999999994713, 9.286898603853936e-07, -0.286249986031852], [0.999999999999444, -4.420410656923116e-07, -9.576250500908934e-07, -0.19999975264214748], [0.0, 0.0, 0.0, 1.0]]"
1.525,-0.899132719086237,13.813378846302019,4.560919863091722,-97.13227728110225,4.101123054110688,12.778315757779009,27.800896780588097,-0.899132719086237,-13.813378846302019,-4.560919863091722,-97.13227728110225,-4.101123054110688,12.778315757779009,-27.800896780588097,"[[2.220446049250313e-16, -0.0, -1.0, 0.4], [0.0, 1.0, -0.0, 0.285625], [1.0, 0.0, 2.220446049250313e-16, -0.2], [0.0, 0.0, 0.0, 1.0]]","[[-1.8758229797244397e-07, 1.5518933043487673e-06, -0.9999999999987782, 0.39999996279536054], [5.489650538766088e-07, 0.9999999999986453, 1.5518932013724342e-06, 0.2856247855677364], [0.9999999999998318, -5.489647627682453e-07, -1.8758314973554846e-07, -0.19999981783211468], [0.0, 0.0, 0.0, 1.0]]","[[2.220446049250313e-16, -0.0, -1.0, 0.4], [0.0, 1.0, -0.0, -0.285625], [1.0, 0.0, 2.220446049250313e-16, -0.2], [0.0, 0.0, 0.0, 1.0]]","[[-1.0143415761221242e-06, 9.027584547391357e-07, -0.9999999999990782, 0.39999995319848636], [4.481537163349998e-07, 0.9999999999994922, 9.027580001585625e-07, -0.2856249781598949], [0.9999999999993853, -4.48152800629614e-07, -1.0143419806873943e-06, -0.19999973175639857], [0.0, 0.0, 0.0, 1.0]]"
1.5333333333333332,-0.9240117898597142,13.780844947737956,4.472500502964968,-97.17155086882981,4.1897439048179566,12.835748257188706,27.75103981474159,-0.9240117898597142,-13.780844947737956,-4.472500502964968,-97.17155086882981,-4.1897439048179566,12.835748257188706,-27.75103981474159,"[[2.220446049250313e-16, -0.0, -1.0, 0.4], [0.0, 1.0, -0.0, 0.28500000000000003], [1.0, 0.0, 2.220446049250313e-16, -0.2], [0.0, 0.0, 0.0, 1.0]]","[[-2.0075735418512153e-07, 1.5672247049348955e-06, -0.9999999999987519, 0.3999999616471873], [5.530321694663192e-07, 0.9999999999986192, 1.5672245939094124e-06, 0.28499978250388075], [0.999999999999827, -5.530318548337661e-07, -2.0075822082521455e-07, -0.19999981275274198], [0.0, 0.0, 0.0, 1.0]]","[[2.220446049250313e-16, -0.0, -1.0, 0.4], [0.0, 1.0, -0.0, -0.28500000000000003], [1.0, 0.0, 2.220446049250313e-16, -0.2], [0.0, 0.0, 0.0, 1.0]]","[[-1.0265429954414707e-06, 8.882351492334851e-07, -0.9999999999990786, 0.3999999520614687], [4.4277449152561277e-07, 0.9999999999995075, 8.882346947068132e-07, -0.28499997522965936], [0.999999999999375, -4.4277357971410055e-07, -1.0265433889045106e-06, -0.1999997273556067], [0.0, 0.0, 0.0, 1.0]]"
1.5416666666666667,-0.9490572397725047,13.748301657663784,4.38399875368135,-97.21053758861225,4.278474038551946,12.893034761304895,27.701034292280635,-0.9490572397725047,-13.748301657663784,-4.38399875368135,-97.21053758861225,-4.278474038551946,12.893034761304895,-27.701034292280635,"[[2.220446049250313e-16, -0.0, -1.0, 0.4], [0.0, 1.0, -0.0, 0.284375], [1.0, 0.0, 2.220446049250313e-16, -0.2], [0.0, 0.0, 0.0, 1.0]]","[[-1.7471696822646265e-07, 1.5494065056521266e-06, -0.9999999999987846, 0.3999999634854638], [5.370072756707606e-07, 0.9999999999986557, 1.5494064118276435e-06, 0.28437478760109963], [0.9999999999998407, -5.37007004962517e-07, -1.747178002275973e-07, -0.19999982206865097], [0.0, 0.0, 0.0, 1.0]]","[[2.220446049250313e-16, -0.0, -1.0, 0.4], [0.0, 1.0, -0.0, -0.284375], [1.0, 0.0, 2.220446049250313e-16, -0.2], [0.0, 0.0, 0.0, 1.0]]","[[-9.995267176710065e-07, 9.068650924578274e-07, -0.9999999999990894, 0.3999999539115436], [4.5749035860448144e-07, 0.9999999999994844, 9.06864635184349e-07, -0.2843749804619385], [0.999999999999396, -4.5748945216863253e-07, -9.995271326723731e-07, -0.1999997373499036], [0.0, 0.0, 0.0, 1.0]]"
1.55,-0.9742686419377854,13.715748976079503,4.2954150421276935,-97.24924427063871,4.36731260153901,12.95017441635393,27.650883628299816,-0.9742686419377854,-13.715748976079503,-4.2954150421276935,-97.24924427063871,-4.36731260153901,12.95017441635393,-27.650883628299816,"[[2.220446049250313e-16, -0.0, -1.0, 0.4], [0.0, 1.0, -0.0, 0.28375], [1.0, 0.0, 2.220446049250313e-16, -0.2], [0.0, 0.0, 0.0, 1.0]]","[[-2.107444478371967e-07, 1.5707502118582368e-06, -0.9999999999987441, 0.3999999599930304], [5.451538825870861e-07, 0.9999999999986178, 1.5707500969698846e-06, 0.28374977977385446], [0.9999999999998292, -5.451535515595395e-07, -2.107453042632379e-07, -0.19999980723866082], [0.0, 0.0, 0.0, 1.0]]","[[2.220446049250313e-16, -0.0, -1.0, 0.4], [0.0, 1.0, -0.0, -0.28375], [1.0, 0.0, 2.220446049250313e-16, -0.2], [0.0, 0.0, 0.0, 1.0]]","[[-1.034576101843765e-06, 8.863366979803383e-07, -0.9999999999990721, 0.399999950431559], [4.480377805513941e-07, 0.9999999999995068, 8.863362344515431e-07, -0.2837499727711391], [0.9999999999993645, -4.48036863568692e-07, -1.0345764990815631e-06, -0.19999972319814144], [0.0, 0.0, 0.0, 1.0]]"
1.5583333333333333,-0.9996462097989678,13.683186049211468,4.206750222077642,-97.28765725453086,4.456259593779147,13.007166368562162,27.60058611525184,-0.9996462097989678,-13.683186049211468,-4.206750222077642,-97.28765725453086,-4.456259593779147,13.007166368562162,-27.60058611525184,"[[2.220446049250313e-16, -0.0, -1.0, 0.4], [0.0, 1.0, -0.0, 0.283125], [1.0, 0.0, 2.220446049250313e-16, -0.2], [0.0, 0.0, 0.0, 1.0]]","[[-1.1544552752651427e-07, 1.5163120855466347e-06, -0.9999999999988438, 0.39999996727612225], [5.264966132579316e-07, 0.9999999999987119, 1.5163120247647553e-06, 0.2831247995323829], [0.9999999999998548, -5.264964382058814e-07, -1.1544632577686897e-07, -0.19999984363509068], [0.0, 0.0, 0.0, 1.0]]","[[2.220446049250313e-16, -0.0, -1.0, 0.4], [0.0, 1.0, -0.0, -0.283125], [1.0, 0.0, 2.220446049250313e-16, -0.2], [0.0, 0.0, 0.0, 1.0]]","[[-9.382968868543173e-07, 9.415937983465578e-07, -0.9999999999991167, 0.3999999577277548], [4.6539221066890815e-07, 0.9999999999994487, 9.415933616708079e-07, -0.283124992667594], [0.9999999999994518, -4.65391327174377e-07, -9.382973251703675e-07, -0.19999976027256833], [0.0, 0.0, 0.0, 1.0]]"
1.5666666666666667,-1.0251895164692286,13.65061202328603,4.118005147304843,-97.32579703085621,4.545314588385534,13.064010617929593,27.550145168231296,-1.0251895164692286,-13.65061202328603,-4.118005147304843,-97.32579703085621,-4.545314588385534,13.064010617929593,-27.550145168231296,"[[2.220446049250313e-16, -0.0, -1.0, 0.4], [0.0, 1.0, -0.0, 0.2825], [1.0, 0.0, 2.220446049250313e-16, -0.2], [0.0, 0.0, 0.0, 1.0]]","[[-1.9003478402002116e-07, 1.5524679031836902e-06, -0.9999999999987769, 0.39999996161676843], [5.604624144922072e-07, 0.9999999999986379, 1.5524677966761206e-06, 0.2824997850572802], [0.9999999999998249, -5.604621194686393e-07, -1.9003565421282786e-07, -0.19999981609847511], [0.0, 0.0, 0.0, 1.0]]","[[2.220446049250313e-16, -0.0, -1.0, 0.4], [0.0, 1.0, -0.0, -0.2825], [1.0, 0.0, 2.220446049250313e-16, -0.2], [0.0, 0.0, 0.0, 1.0]]","[[-1.0119036728539754e-06, 9.062604651063902e-07, -0.9999999999990776, 0.3999999520821611], [4.301266055325458e-07, 0.9999999999994971, 9.062600298600784e-07, -0.282499978331744], [0.9999999999993958, -4.3012568848429615e-07, -1.0119040627643017e-06, -0.19999973341381166], [0.0, 0.0, 0.0, 1.0]]"
1.575,-1.0508984552268625,13.618026898303192,4.029179817809297,-97.36364310904726,4.63447715847135,13.120706310682577,27.4995573721436,-1.0508984552268625,-13.618026898303192,-4.029179817809297,-97.36364310904726,-4.63447715847135,13.120706310682577,-27.4995573721436,"[[2.220446049250313e-16, -0.0, -1.0, 0.4], [0.0, 1.0, -0.0, 0.281875], [1.0, 0.0, 2.220446049250313e-16, -0.2], [0.0, 0.0, 0.0, 1.0]]","[[-1.238506229239711e-07, 1.5252774436817544e-06, -0.9999999999988294, 0.39999996575222085], [5.378325744191538e-07, 0.9999999999986924, 1.5252773770706462e-06, 0.2818747957171106], [0.9999999999998479, -5.378323855119709e-07, -1.2385144315674168e-07, -0.19999984202502524], [0.0, 0.0, 0.0, 1.0]]","[[2.220446049250313e-16, -0.0, -1.0, 0.4], [0.0, 1.0, -0.0, -0.281875], [1.0, 0.0, 2.220446049250313e-16, -0.2], [0.0, 0.0, 0.0, 1.0]]","[[-9.447348454649784e-07, 9.342770728611489e-07, -0.9999999999991175, 0.39999995623204143], [4.514597736642779e-07, 0.999999999999462, 9.342766463516911e-07, -0.28187498913230113], [0.9999999999994521, -4.514588910201762e-07, -9.447352673497278e-07, -0.19999976001798037], [0.0, 0.0, 0.0, 1.0]]"
1.5833333333333333,-1.076773026071869,13.585430674262952,3.9402759411382955,-97.40120914948233,4.7237473040365945,13.17725430059476,27.44882784963062,-1.076773026071869,-13.585430674262952,-3.9402759411382955,-97.40120914948233,-4.7237473040365945,13.17725430059476,-27.44882784963062,"[[2.220446049250313e-16, -0.0, -1.0, 0.4], [0.0, 1.0, -0.0, 0.28125], [1.0, 0.0, 2.220446049250313e-16, -0.2], [0.0, 0.0, 0.0, 1.0]]","[[-1.2080546302195572e-07, 1.5192858980288862e-06, -0.9999999999988388, 0.39999996580233066], [5.489972775684256e-07, 0.9999999999986955, 1.5192858317067981e-06, 0.28124979881090795], [0.9999999999998422, -5.489970940297598e-07, -1.2080629702149182e-07, -0.1999998387916205], [0.0, 0.0, 0.0, 1.0]]","[[2.220446049250313e-16, -0.0, -1.0, 0.4], [0.0, 1.0, -0.0, -0.28125], [1.0, 0.0, 2.220446049250313e-16, -0.2], [0.0, 0.0, 0.0, 1.0]]","[[-9.407029049057769e-07, 9.410982925742192e-07, -0.9999999999991147, 0.3999999562972417], [4.390014604415957e-07, 0.9999999999994609, 9.410978796045959e-07, -0.28124999236819126], [0.9999999999994611, -4.390005751476981e-07, -9.407033179087421e-07, -0.1999997574620105], [0.0, 0.0, 0.0, 1.0]]"
1.5916666666666666,-1.1028130155608369,13.552820789844372,3.8512935172918388,-97.43849515216142,4.813124598194443,13.2336520263452,27.397953185597782,-1.1028130155608369,-13.552820789844372,-3.8512935172918388,-97.43849515216142,-4.813124598194443,13.2336520263452,-27.397953185597782,"[[2.220446049250313e-16, -0.0, -1.0, 0.4], [0.0, 1.0, -0.0, 0.280625], [1.0, 0.0, 2.220446049250313e-16, -0.2], [0.0, 0.0, 0.0, 1.0]]","[[-2.0020783364493866e-07, 1.5651298723628784e-06, -0.9999999999987553, 0.39999995995464055], [5.558987827199359e-07, 0.9999999999986209, 1.5651297610673767e-06, 0.2806247812784263], [0.9999999999998256, -5.558984693680051e-07, -2.0020870361570076e-07, -0.19999981079025872], [0.0, 0.0, 0.0, 1.0]]","[[2.220446049250313e-16, -0.0, -1.0, 0.4], [0.0, 1.0, -0.0, -0.280625], [1.0, 0.0, 2.220446049250313e-16, -0.2], [0.0, 0.0, 0.0, 1.0]]","[[-1.0191163099526612e-06, 8.960875629057924e-07, -0.9999999999990795, 0.3999999504653155], [4.308094408294788e-07, 0.999999999999506, 8.96087123861247e-07, -0.2806249749791667], [0.9999999999993882, -4.3080852761207917e-07, -1.0191166958661846e-06, -0.19999973013789923], [0.0, 0.0, 0.0, 1.0]]"
1.6,-1.1290182102503545,13.520198952594745,3.762233400043573,-97.47548745670622,4.902609040944895,13.289900341707547,27.346936795139662,-1.1290182102503545,-13.520198952594745,-3.762233400043573,-97.47548745670622,-4.902609040944895,13.289900341707547,-27.346936795139662,"[[2.220446049250313e-16, -0.0, -1.0, 0.4], [0.0, 1.0, -0.0, 0.28], [1.0, 0.0, 2.220446049250313e-16, -0.2], [0.0, 0.0, 0.0, 1.0]]","[[-1.433288808749822e-07, 1.5317665318710117e-06, -0.9999999999988167, 0.39999996462241166], [5.497075637495942e-07, 0.9999999999986758, 1.531766453081826e-06, 0.2799997947493416], [0.9999999999998388, -5.497073442025721e-07, -1.4332972286812407e-07, -0.19999983200891663], [0.0, 0.0, 0.0, 1.0]]","[[2.220446049250313e-16, -0.0, -1.0, 0.4], [0.0, 1.0, -0.0, -0.28], [1.0, 0.0, 2.220446049250313e-16, -0.2], [0.0, 0.0, 0.0, 1.0]]","[[-9.612463151564832e-07, 9.302877422562631e-07, -0.9999999999991054, 0.3999999551495265], [4.3571328777089034e-07, 0.9999999999994724, 9.302873234288122e-07, -0.27999998859499714], [0.9999999999994431, -4.357123935352389e-07, -9.612467206099318e-07, -0.19999975203355358], [0.0, 0.0, 0.0, 1.0]]"
1.6083333333333334,-1.15538839669701,13.487562601193131,3.6730968700539677,-97.51219972349503,4.992199778514306,13.345998392908156,27.295776970708975,-1.15538839669701,-13.487562601193131,-3.6730968700539677,-97.51219972349503,-4.992199778514306,13.345998392908156,-27.295776970708975,"[[2.220446049250313e-16, -0.0, -1.0, 0.4], [0.0, 1.0, -0.0, 0.279375], [1.0, 0.0, 2.220446049250313e-16, -0.2], [0.0, 0.0, 0.0, 1.0]]","[[-1.5910827511067538e-07, 1.5363608588775633e-06, -0.9999999999988073, 0.39999996329205195], [5.417188290627439e-07, 0.9999999999986732, 1.5363607726854087e-06, 0.27937479295005246], [0.9999999999998407, -5.417185846143854e-07, -1.5910910733385464e-07, -0.1999998271967685], [0.0, 0.0, 0.0, 1.0]]","[[2.220446049250313e-16, -0.0, -1.0, 0.4], [0.0, 1.0, -0.0, -0.279375], [1.0, 0.0, 2.220446049250313e-16, -0.2], [0.0, 0.0, 0.0, 1.0]]","[[-9.760325265784076e-07, 9.265338000114988e-07, -0.9999999999990947, 0.39999995383628545], [4.424177424805702e-07, 0.9999999999994731, 9.265333681977424e-07, -0.27937498694197666], [0.999999999999426, -4.4241683815346525e-07, -9.760329364727482e-07, -0.1999997478982024], [0.0, 0.0, 0.0, 1.0]]"
1.6166666666666667,-1.181923574900804,13.454911735639532,3.583883927323023,-97.5486251223387,5.081896810902675,13.401946179947021,27.2444771274003,-1.181923574900804,-13.454911735639532,-3.583883927323023,-97.5486251223387,-5.081896810902675,13.401946179947021,-27.2444771274003,"[[2.220446049250313e-16, -0.0, -1.0, 0.4], [0.0, 1.0, -0.0, 0.27875], [1.0, 0.0, 2.220446049250313e-16, -0.2], [0.0, 0.0, 0.0, 1.0]]","[[-1.3784292318685942e-07, 1.5260672427478073e-06, -0.999999999998826, 0.3999999642077693], [5.609780494145383e-07, 0.9999999999986783, 1.5260671654207275e-06, 0.27874979461496135], [0.9999999999998332, -5.609778390563208e-07, -1.378437791688114e-07, -0.19999983550139097], [0.0, 0.0, 0.0, 1.0]]","[[2.220446049250313e-16, -0.0, -1.0, 0.4], [0.0, 1.0, -0.0, -0.27875], [1.0, 0.0, 2.220446049250313e-16, -0.2], [0.0, 0.0, 0.0, 1.0]]","[[-9.53771938205783e-07, 9.376713379766708e-07, -0.9999999999991056, 0.39999995476980726], [4.2187735585612664e-07, 0.9999999999994714, 9.376709356022305e-07, -0.27874998875455587], [0.9999999999994562, -4.218764615315237e-07, -9.537723336672244e-07, -0.19999975687939572], [0.0, 0.0, 0.0, 1.0]]"
1.625,-1.2086235314183242,13.422247209707592,3.494595852511208,-97.58477048342641,5.17169971122318,13.457742849050502,27.19303555766635,-1.2086235314183242,-13.422247209707592,-3.494595852511208,-97.58477048342641,-5.17169971122318,13.457742849050502,-27.19303555766635,"[[2.220446049250313e-16, -0.0, -1.0, 0.4], [0.0, 1.0, -0.0, 0.278125], [1.0, 0.0, 2.220446049250313e-16, -0.2], [0.0, 0.0, 0.0, 1.0]]","[[-1.982418790791307e-07, 1.5535407560484641e-06, -0.9999999999987739, 0.39999996045769026], [5.525417344192305e-07, 0.9999999999986409, 1.5535406465113458e-06, 0.2781247870054903], [0.9999999999998279, -5.525414264417359e-07, -1.9824273750357335e-07, -0.19999981164546535], [0.0, 0.0, 0.0, 1.0]]","[[2.220446049250313e-16, -0.0, -1.0, 0.4], [0.0, 1.0, -0.0, -0.278125], [1.0, 0.0, 2.220446049250313e-16, -0.2], [0.0, 0.0, 0.0, 1.0]]","[[-1.013173559660796e-06, 9.11045276839614e-07, -0.9999999999990719, 0.3999999510382191], [4.2903560392623134e-07, 0.9999999999994931, 9.110448421524677e-07, -0.2781249812940978], [0.9999999999993949, -4.2903468087928744e-07, -1.0131739504593007e-06, -0.19999973369982718], [0.0, 0.0, 0.0, 1.0]]"
1.6333333333333333,-1.2354880528061594,13.389566462076374,3.4052328590619347,-97.62062214637982,5.261608052588996,13.513388400218597,27.141453969054414,-1.2354880528061594,-13.389566462076374,-3.4052328590619347,-97.62062214637982,-5.261608052588996,13.513388400218597,-27.141453969054414,"[[2.220446049250313e-16, -0.0, -1.0, 0.4], [0.0, 1.0, -0.0, 0.2775], [1.0, 0.0, 2.220446049250313e-16, -0.2], [0.0, 0.0, 0.0, 1.0]]","[[-1.1314694442488005e-07, 1.512666452528296e-06, -0.9999999999988496, 0.39999996592631537], [5.465578023842125e-07, 0.9999999999987066, 1.5126663906867343e-06, 0.2774998011650675], [0.9999999999998443, -5.465576312300038e-07, -1.1314777109694418e-07, -0.19999984180394667], [0.0, 0.0, 0.0, 1.0]]","[[2.220446049250313e-16, -0.0, -1.0, 0.4], [0.0, 1.0, -0.0, -0.2775], [1.0, 0.0, 2.220446049250313e-16, -0.2], [0.0, 0.0, 0.0, 1.0]]","[[-9.27079260304442e-07, 9.527706033603236e-07, -0.9999999999991166, 0.39999995652603126], [4.3374461797677636e-07, 0.9999999999994524, 9.527702012450039e-07, -0.27749999560413136], [0.9999999999994763, -4.3374373468289984e-07, -9.270796735294518e-07, -0.19999976453439777], [0.0, 0.0, 0.0, 1.0]]"
1.6416666666666666,-1.2625169256208981,13.356869492745876,3.315796014192261,-97.65619377157724,5.351621835000125,13.568881125904012,27.089732361564494,-1.2625169256208981,-13.356869492745876,-3.315796014192261,-97.65619377157724,-5.351621835000125,13.568881125904012,-27.089732361564494,"[[2.220446049250313e-16, -0.0, -1.0, 0.4], [0.0, 1.0, -0.0, 0.276875], [1.0, 0.0, 2.220446049250313e-16, -0.2], [0.0, 0.0, 0.0, 1.0]]","[[-1.180682312473813e-07, 1.5163850799580027e-06, -0.9999999999988433, 0.3999999653217936], [5.444171496094748e-07, 0.9999999999987019, 1.5163850156794186e-06, 0.27687479956386735], [0.9999999999998447, -5.444169705719483e-07, -1.1806905680922242e-07, -0.19999984255713152], [0.0, 0.0, 0.0, 1.0]]","[[2.220446049250313e-16, -0.0, -1.0, 0.4], [0.0, 1.0, -0.0, -0.276875], [1.0, 0.0, 2.220446049250313e-16, -0.2], [0.0, 0.0, 0.0, 1.0]]","[[-9.309991250705529e-07, 9.499065006953535e-07, -0.9999999999991156, 0.3999999559413924], [4.3461347427547026e-07, 0.9999999999994547, 9.499060960709112e-07, -0.27687499415472194], [0.9999999999994724, -4.3461258991334157e-07, -9.309995378514735e-07, -0.1999997659634554], [0.0, 0.0, 0.0, 1.0]]"
1.65,-1.2897101498625403,13.324156301716101,3.226286171675832,-97.6914853590187,5.44174020468292,13.624221879880393,27.03787244274388,-1.2897101498625403,-13.324156301716101,-3.226286171675832,-97.6914853590187,-5.44174020468292,13.624221879880393,-27.03787244274388,"[[2.220446049250313e-16, -0.0, -1.0, 0.4], [0.0, 1.0, -0.0, 0.27625], [1.0, 0.0, 2.220446049250313e-16, -0.2], [0.0, 0.0, 0.0, 1.0]]","[[-1.9512265297949583e-07, 1.561264165745575e-06, -0.9999999999987621, 0.3999999595297454], [5.534739756748503e-07, 0.999999999998628, 1.561264057750055e-06, 0.276249784709308], [0.9999999999998277, -5.534736710361802e-07, -1.951235169550536e-07, -0.19999981305251513], [0.0, 0.0, 0.0, 1.0]]","[[2.220446049250313e-16, -0.0, -1.0, 0.4], [0.0, 1.0, -0.0, -0.27625], [1.0, 0.0, 2.220446049250313e-16, -0.2], [0.0, 0.0, 0.0, 1.0]]","[[-1.0070501039738389e-06, 9.058854237746273e-07, -0.9999999999990825, 0.3999999501699277], [4.2428794948087746e-07, 0.9999999999994997, 9.058849964957815e-07, -0.27624997945328444], [0.9999999999994029, -4.242870372089083e-07, -1.00705048833305e-06, -0.19999973713448976], [0.0, 0.0, 0.0, 1.0]]"
1.6583333333333332,-1.3170674053659686,13.2914260352134,3.136703758399472,-97.72648324832583,5.531963588524203,13.679409808374096,26.98587421259257,-1.3170674053659686,-13.2914260352134,-3.136703758399472,-97.72648324832583,-5.531963588524203,13.679409808374096,-26.98587421259257,"[[2.220446049250313e-16, -0.0, -1.0, 0.4], [0.0, 1.0, -0.0, 0.275625], [1.0, 0.0, 2.220446049250313e-16, -0.2], [0.0, 0.0, 0.0, 1.0]]","[[-1.424712446906895e-07, 1.530991649107089e-06, -0.9999999999988181, 0.39999996335604704], [5.470919500790561e-07, 0.9999999999986785, 1.5309915711620044e-06, 0.2756247956005233], [0.9999999999998403, -5.470917319561344e-07, -1.4247208224293928e-07, -0.19999983306071503], [0.0, 0.0, 0.0, 1.0]]","[[2.220446049250313e-16, -0.0, -1.0, 0.4], [0.0, 1.0, -0.0, -0.275625], [1.0, 0.0, 2.220446049250313e-16, -0.2], [0.0, 0.0, 0.0, 1.0]]","[[-9.53393270719527e-07, 9.370194988812271e-07, -0.9999999999991066, 0.3999999540175183], [4.2940444867954564e-07, 0.9999999999994689, 9.370190894902548e-07, -0.27562499049904865], [0.9999999999994534, -4.2940355533146744e-07, -9.533936730643511e-07, -0.19999975781805296], [0.0, 0.0, 0.0, 1.0]]"
1.6666666666666667,-1.3445885854094772,13.258677839464127,3.047049628136827,-97.76120109987701,5.6222911327503295,13.73444491138512,26.933739378657865,-1.3445885854094772,-13.258677839464127,-3.047049628136827,-97.76120109987701,-5.6222911327503295,13.73444491138512,-26.933739378657865,"[[2.220446049250313e-16, -0.0, -1.0, 0.4], [0.0, 1.0, -0.0, 0.275], [1.0, 0.0, 2.220446049250313e-16, -0.2], [0.0, 0.0, 0.0, 1.0]]","[[-1.6016265497187376e-07, 1.5414929751348256e-06, -0.9999999999987994, 0.39999996113397035], [5.684705722614957e-07, 0.9999999999986506, 1.5414928840868404e-06, 0.27499979040946276], [0.9999999999998259, -5.684703253712202e-07, -1.601635311598848e-07, -0.19999982457676171], [0.0, 0.0, 0.0, 1.0]]","[[2.220446049250313e-16, -0.0, -1.0, 0.4], [0.0, 1.0, -0.0, -0.275], [1.0, 0.0, 2.220446049250313e-16, -0.2], [0.0, 0.0, 0.0, 1.0]]","[[-9.700772767295973e-07, 9.273831899061657e-07, -0.9999999999990996, 0.3999999518174395], [4.0676340495094116e-07, 0.9999999999994875, 9.273827953145891e-07, -0.27499998546386006], [0.9999999999994469, -4.067625053175983e-07, -9.70077653983381e-07, -0.19999975000923473], [0.0, 0.0, 0.0, 1.0]]"
1.675,-1.3722735832713602,13.225911714468284,2.9573248481049546,-97.79563208348306,5.712722410474475,13.789325481366173,26.881466233392462,-1.3722735832713602,-13.225911714468284,-2.9573248481049546,-97.79563208348306,-5.712722410474475,13.789325481366173,-26.881466233392462,"[[2.220446049250313e-16, -0.0, -1.0, 0.4], [0.0, 1.0, -0.0, 0.27437500000000004], [1.0, 0.0, 2.220446049250313e-16, -0.2], [0.0, 0.0, 0.0, 1.0]]","[[-1.6910484906818013e-07, 1.5432030913464058e-06, -0.9999999999987952, 0.3999999614344278], [5.55493382765281e-07, 0.9999999999986553, 1.5432029974095653e-06, 0.27437479199014664], [0.9999999999998317, -5.554931218015017e-07, -1.6910570638239975e-07, -0.19999982180066003], [0.0, 0.0, 0.0, 1.0]]","[[2.220446049250313e-16, -0.0, -1.0, 0.4], [0.0, 1.0, -0.0, -0.27437500000000004], [1.0, 0.0, 2.220446049250313e-16, -0.2], [0.0, 0.0, 0.0, 1.0]]","[[-9.780100740930386e-07, 9.265416111850185e-07, -0.9999999999990926, 0.39999995214060835], [4.184813350916693e-07, 0.9999999999994833, 9.265412019064191e-07, -0.2743749872017808], [0.9999999999994343, -4.1848042892466e-07, -9.780104617829188e-07, -0.19999974790799563], [0.0, 0.0, 0.0, 1.0]]"
1.6833333333333333,-1.4001220787865005,13.193126806452222,2.8675296317472663,-97.82977619914395,5.80325742169664,13.8440523720909,26.829056484343663,-1.4001220787865005,-13.193126806452222,-2.8675296317472663,-97.82977619914395,-5.80325742169664,13.8440523720909,-26.829056484343663,"[[2.220446049250313e-16, -0.0, -1.0, 0.4], [0.0, 1.0, -0.0, 0.27375], [1.0, 0.0, 2.220446049250313e-16, -0.2], [0.0, 0.0, 0.0, 1.0]]","[[-1.4509135298768072e-07, 1.5286385766876578e-06, -0.999999999998821, 0.3999999632856993], [5.308279777526307e-07, 0.9999999999986908, 1.528638499668909e-06, 0.27374979798706994], [0.9999999999998485, -5.308277559597767e-07, -1.4509216433866712e-07, -0.19999982941583783], [0.0, 0.0, 0.0, 1.0]]","[[2.220446049250313e-16, -0.0, -1.0, 0.4], [0.0, 1.0, -0.0, -0.27375], [1.0, 0.0, 2.220446049250313e-16, -0.2], [0.0, 0.0, 0.0, 1.0]]","[[-9.52985225510794e-07, 9.41978158049422e-07, -0.9999999999991024, 0.39999995401530913], [4.418906220205464e-07, 0.9999999999994588, 9.419777369345236e-07, -0.273749993357305], [0.9999999999994483, -4.418897243292836e-07, -9.529856416223836e-07, -0.19999975619776422], [0.0, 0.0, 0.0, 1.0]]"
1.6916666666666667,-1.4281338585114864,13.16032140786865,2.77766504628082,-97.86364027704887,5.893895312643179,13.898624729785656,26.776511839058756,-1.4281338585114864,-13.16032140786865,-2.77766504628082,-97.86364027704887,-5.893895312643179,13.898624729785656,-26.776511839058756,"[[2.220446049250313e-16, -0.0, -1.0, 0.4], [0.0, 1.0, -0.0, 0.273125], [1.0, 0.0, 2.220446049250313e-16, -0.2], [0.0, 0.0, 0.0, 1.0]]","[[-1.9453853999928938e-07, 1.5604721873966504e-06, -0.9999999999987637, 0.39999995798271276], [5.41944010376541e-07, 0.9999999999986358, 1.5604720819674543e-06, 0.27312478479434676], [0.9999999999998344, -5.419437068039104e-07, -1.9453938576718954e-07, -0.19999980951840496], [0.0, 0.0, 0.0, 1.0]]","[[2.220446049250313e-16, -0.0, -1.0, 0.4], [0.0, 1.0, -0.0, -0.273125], [1.0, 0.0, 2.220446049250313e-16, -0.2], [0.0, 0.0, 0.0, 1.0]]","[[-1.001419124346814e-06, 9.110200124693309e-07, -0.9999999999990836, 0.39999994873647404], [4.2952159213004894e-07, 0.9999999999994929, 9.11019582338567e-07, -0.2731249803244918], [0.9999999999994063, -4.2952067981722297e-07, -1.0014195155894079e-06, -0.19999973697468057], [0.0, 0.0, 0.0, 1.0]]"
1.7,-1.456308922446318,13.127496372491215,2.6877317320358505,-97.89721065681948,5.984636510200914,13.953041700676794,26.72383400508503,-1.456308922446318,-13.127496372491215,-2.6877317320358505,-97.89721065681948,-5.984636510200914,13.953041700676794,-26.72383400508503,"[[2.220446049250313e-16, -0.0, -1.0, 0.4], [0.0, 1.0, -0.0, 0.2725], [1.0, 0.0, 2.220446049250313e-16, -0.2], [0.0, 0.0, 0.0, 1.0]]","[[-1.2827761042277785e-07, 1.5202324245577402e-06, -0.9999999999988362, 0.3999999629586836], [5.620278710779601e-07, 0.9999999999986865, 1.5202323524619204e-06, 0.2724997976118911], [0.9999999999998338, -5.620276760655327e-07, -1.282784648504176e-07, -0.19999983483883743], [0.0, 0.0, 0.0, 1.0]]","[[2.220446049250313e-16, -0.0, -1.0, 0.4], [0.0, 1.0, -0.0, -0.2725], [1.0, 0.0, 2.220446049250313e-16, -0.2], [0.0, 0.0, 0.0, 1.0]]","[[-9.341430473042145e-07, 9.521387263173428e-07, -0.9999999999991107, 0.3999999537373214], [4.0818792925044976e-07, 0.9999999999994638, 9.521383450117628e-07, -0.27249999330334845], [0.9999999999994806, -4.081870398166717e-07, -9.341434358822731e-07, -0.1999997629691524], [0.0, 0.0, 0.0, 1.0]]"
1.7083333333333333,-1.4846469504258777,13.094650846546271,2.597730542786004,-97.93050099883412,6.0754797337093756,14.007302430990666,26.671019567327907,-1.4846469504258777,-13.094650846546271,-2.597730542786004,-97.93050099883412,-6.0754797337093756,14.007302430990666,-26.671019567327907,"[[2.220446049250313e-16, -0.0, -1.0, 0.4], [0.0, 1.0, -0.0, 0.271875], [1.0, 0.0, 2.220446049250313e-16, -0.2], [0.0, 0.0, 0.0, 1.0]]","[[-1.53403614699954e-07, 1.5353810130301662e-06, -0.9999999999988097, 0.39999996149672196], [5.439413165778206e-07, 0.9999999999986735, 1.535380929587393e-06, 0.2718747941000156], [0.9999999999998405, -5.439410810441885e-07, -1.5340444980971313e-07, -0.19999982758194185], [0.0, 0.0, 0.0, 1.0]]","[[2.220446049250313e-16, -0.0, -1.0, 0.4], [0.0, 1.0, -0.0, -0.271875], [1.0, 0.0, 2.220446049250313e-16, -0.2], [0.0, 0.0, 0.0, 1.0]]","[[-9.582519389095268e-07, 9.378725522311901e-07, -0.999999999999101, 0.3999999523009673], [4.2502782299246266e-07, 0.99999999999947, 9.378721449478006e-07, -0.2718749899540826], [0.9999999999994506, -4.250269242742793e-07, -9.582523374795926e-07, -0.1999997563860345], [0.0, 0.0, 0.0, 1.0]]"
1.7166666666666666,-1.51314783572846,13.06178397626017,2.507662332304927,-97.96350447290362,6.166424983168565,14.061407774500923,26.618073648429263,-1.51314783572846,-13.06178397626017,-2.507662332304927,-97.96350447290362,-6.166424983168565,14.061407774500923,-26.618073648429263,"[[2.220446049250313e-16, -0.0, -1.0, 0.4], [0.0, 1.0, -0.0, 0.27125], [1.0, 0.0, 2.220446049250313e-16, -0.2], [0.0, 0.0, 0.0, 1.0]]","[[-1.5014496362875107e-07, 1.5334925696904977e-06, -0.9999999999988131, 0.3999999617525354], [5.596776866799688e-07, 0.9999999999986677, 1.533492485657489e-06, 0.2712497952383574], [0.9999999999998322, -5.596774564331309e-07, -1.501458218311491e-07, -0.19999982839210367], [0.0, 0.0, 0.0, 1.0]]","[[2.220446049250313e-16, -0.0, -1.0, 0.4], [0.0, 1.0, -0.0, -0.27125], [1.0, 0.0, 2.220446049250313e-16, -0.2], [0.0, 0.0, 0.0, 1.0]]","[[-9.539743372477538e-07, 9.40646837092451e-07, -0.9999999999991027, 0.3999999525831214], [4.080479455797937e-07, 0.9999999999994744, 9.406464478255323e-07, -0.27124999125637833], [0.9999999999994618, -4.080470482268557e-07, -9.539747211628757e-07, -0.19999975786968574], [0.0, 0.0, 0.0, 1.0]]"
1.7249999999999999,-1.541811364910653,13.028895761632912,2.417527527479442,-97.99622107902799,6.257472258578481,14.115356877433914,26.564994540841802,-1.541811364910653,-13.028895761632912,-2.417527527479442,-97.99622107902799,-6.257472258578481,14.115356877433914,-26.564994540841802,"[[2.220446049250313e-16, -0.0, -1.0, 0.4], [0.0, 1.0, -0.0, 0.270625], [1.0, 0.0, 2.220446049250313e-16, -0.2], [0.0, 0.0, 0.0, 1.0]]","[[-1.274449208388262e-07, 1.5172718050303652e-06, -0.9999999999988408, 0.39999996377632746], [5.581149517902561e-07, 0.999999999998693, 1.5172717339012254e-06, 0.2706248013210285], [0.999999999999836, -5.58114758421033e-07, -1.2744576771694938e-07, -0.1999998357332507], [0.0, 0.0, 0.0, 1.0]]","[[2.220446049250313e-16, -0.0, -1.0, 0.4], [0.0, 1.0, -0.0, -0.270625], [1.0, 0.0, 2.220446049250313e-16, -0.2], [0.0, 0.0, 0.0, 1.0]]","[[-9.302534747512858e-07, 9.577568964834632e-07, -0.9999999999991088, 0.3999999546339913], [4.083703376605547e-07, 0.9999999999994582, 9.577565165958722e-07, -0.2706249975043424], [0.9999999999994841, -4.083694467038633e-07, -9.302538657718351e-07, -0.1999997658840237], [0.0, 0.0, 0.0, 1.0]]"
1.7333333333333334,-1.57063721780734,12.995984495117206,2.3273271955266073,-98.02865764739637,6.348620279278655,14.169148886015996,26.511782244565524,-1.57063721780734,-12.995984495117206,-2.3273271955266073,-98.02865764739637,-6.348620279278655,14.169148886015996,-26.511782244565524,"[[2.220446049250313e-16, -0.0, -1.0, 0.4], [0.0, 1.0, -0.0, 0.27], [1.0, 0.0, 2.220446049250313e-16, -0.2], [0.0, 0.0, 0.0, 1.0]]","[[-1.8720245120729118e-07, 1.554964182065971e-06, -0.9999999999987736, 0.3999999583684885], [5.554030003984026e-07, 0.999999999998637, 1.5549640780929554e-06, 0.2699997884616598], [0.9999999999998284, -5.554027093046344e-07, -1.8720331473875973e-07, -0.19999981255294283], [0.0, 0.0, 0.0, 1.0]]","[[2.220446049250313e-16, -0.0, -1.0, 0.4], [0.0, 1.0, -0.0, -0.27], [1.0, 0.0, 2.220446049250313e-16, -0.2], [0.0, 0.0, 0.0, 1.0]]","[[-9.889882979230435e-07, 9.209572282653684e-07, -0.9999999999990871, 0.3999999492539734], [4.0984508812395364e-07, 0.9999999999994922, 9.209568229337454e-07, -0.2699999848115511], [0.9999999999994272, -4.098441773080586e-07, -9.88988675398872e-07, -0.19999974337663504], [0.0, 0.0, 0.0, 1.0]]"
1.7416666666666667,-1.5996253944185204,12.96305017671305,2.2370619767766575,-98.06080051763045,6.4398698990427325,14.222783800247168,26.458440174695017,-1.5996253944185204,-12.96305017671305,-2.2370619767766575,-98.06080051763045,-6.4398698990427325,14.222783800247168,-26.458440174695017,"[[2.220446049250313e-16, -0.0, -1.0, 0.4], [0.0, 1.0, -0.0, 0.26937500000000003], [1.0, 0.0, 2.220446049250313e-16, -0.2], [0.0, 0.0, 0.0, 1.0]]","[[-1.27761743906607e-07, 1.5156865546390814e-06, -0.999999999998843, 0.3999999627877066], [5.690155419275215e-07, 0.9999999999986895, 1.5156864819404303e-06, 0.26937479969860667], [0.9999999999998298, -5.690153482801152e-07, -1.2776260632785252e-07, -0.19999983476640837], [0.0, 0.0, 0.0, 1.0]]","[[2.220446049250313e-16, -0.0, -1.0, 0.4], [0.0, 1.0, -0.0, -0.26937500000000003], [1.0, 0.0, 2.220446049250313e-16, -0.2], [0.0, 0.0, 0.0, 1.0]]","[[-9.285231112876602e-07, 9.611310056831913e-07, -0.9999999999991072, 0.39999995370175623], [3.949985478929745e-07, 0.9999999999994602, 9.6113063891825e-07, -0.2693749962164548], [0.9999999999994911, -3.949976554606105e-07, -9.285234909839346e-07, -0.19999976626268517], [0.0, 0.0, 0.0, 1.0]]"
1.75,-1.6287755745790768,12.930092806420445,2.1467325115598275,-98.09266335010857,6.5312194103234225,14.276260766353783,26.404966623682988,-1.6287755745790768,-12.930092806420445,-2.1467325115598275,-98.09266335010857,-6.5312194103234225,14.276260766353783,-26.404966623682988,"[[2.220446049250313e-16, -0.0, -1.0, 0.4], [0.0, 1.0, -0.0, 0.26875], [1.0, 0.0, 2.220446049250313e-16, -0.2], [0.0, 0.0, 0.0, 1.0]]","[[-1.5455013446796784e-07, 1.535599892101038e-06, -0.9999999999988092, 0.3999999604492347], [5.662091427940393e-07, 0.9999999999986608, 1.5355998045931114e-06, 0.2687497941936568], [0.9999999999998279, -5.662089054662089e-07, -1.5455100399464072e-07, -0.1999998232851855], [0.0, 0.0, 0.0, 1.0]]","[[2.220446049250313e-16, -0.0, -1.0, 0.4], [0.0, 1.0, -0.0, -0.26875], [1.0, 0.0, 2.220446049250313e-16, -0.2], [0.0, 0.0, 0.0, 1.0]]","[[-9.542851736044078e-07, 9.421172165285344e-07, -0.9999999999991007, 0.3999999513926013], [3.9657409304321576e-07, 0.9999999999994775, 9.42116838084112e-07, -0.26874999088073626], [0.999999999999466, -3.965731939947288e-07, -9.542855473054779e-07, -0.1999997554537636], [0.0, 0.0, 0.0, 1.0]]"
1.7583333333333333,-1.6580875448455983,12.897110676692101,2.0563398670931745,-98.12423931464153,6.622669240007546,14.329579784335841,26.351363299076727,-1.6580875448455983,-12.897110676692101,-2.0563398670931745,-98.12423931464153,-6.622669240007546,14.329579784335841,-26.351363299076727,"[[2.220446049250313e-16, -0.0, -1.0, 0.4], [0.0, 1.0, -0.0, 0.268125], [1.0, 0.0, 2.220446049250313e-16, -0.2], [0.0, 0.0, 0.0, 1.0]]","[[-1.618847607631757e-07, 1.5393233487927693e-06, -0.9999999999988024, 0.3999999589117438], [5.74831748624326e-07, 0.9999999999986504, 1.539323255736035e-06, 0.26812479105833964], [0.999999999999822, -5.748314994306606e-07, -1.6188564561092633e-07, -0.19999981917465046], [0.0, 0.0, 0.0, 1.0]]","[[2.220446049250313e-16, -0.0, -1.0, 0.4], [0.0, 1.0, -0.0, -0.268125], [1.0, 0.0, 2.220446049250313e-16, -0.2], [0.0, 0.0, 0.0, 1.0]]","[[-9.605916849175777e-07, 9.392967121353788e-07, -0.9999999999990974, 0.39999994988517945], [3.8672381031405114e-07, 0.999999999999484, 9.392963406520654e-07, -0.2681249879159704], [0.9999999999994638, -3.8672290803344756e-07, -9.605920481825514e-07, -0.19999975201521358], [0.0, 0.0, 0.0, 1.0]]"
1.7666666666666666,-1.6875611984963783,12.86410464130166,1.9658846837069337,-98.15552841122937,6.714218534321458,14.38273914664605,26.297630200876235,-1.6875611984963783,-12.86410464130166,-1.9658846837069337,-98.15552841122937,-6.714218534321458,14.38273914664605,-26.297630200876235,"[[2.220446049250313e-16, -0.0, -1.0, 0.4], [0.0, 1.0, -0.0, 0.2675], [1.0, 0.0, 2.220446049250313e-16, -0.2], [0.0, 0.0, 0.0, 1.0]]","[[-1.7226023318883676e-07, 1.545679608835881e-06, -0.9999999999987906, 0.39999995926446436], [5.557178504847936e-07, 0.9999999999986511, 1.5456795131075787e-06, 0.26749979266372303], [0.9999999999998307, -5.557175842250079e-07, -1.7226109227941322e-07, -0.19999981673031475], [0.0, 0.0, 0.0, 1.0]]","[[2.220446049250313e-16, -0.0, -1.0, 0.4], [0.0, 1.0, -0.0, -0.2675], [1.0, 0.0, 2.220446049250313e-16, -0.2], [0.0, 0.0, 0.0, 1.0]]","[[-9.699372554017316e-07, 9.338468174702329e-07, -0.9999999999990936, 0.399999950268728], [4.0461322975188916e-07, 0.9999999999994822, 9.338464250211502e-07, -0.2674999896932176], [0.9999999999994478, -4.0461232397908393e-07, -9.699376333216492e-07, -0.19999975024253736], [0.0, 0.0, 0.0, 1.0]]"
1.775,-1.7171962153663,12.831072992701833,1.8753676017313399,-98.18653063987205,6.805867293265159,14.435739707058056,26.24376903662881,-1.7171962153663,-12.831072992701833,-1.8753676017313399,-98.18653063987205,-6.805867293265159,14.435739707058056,-26.24376903662881,"[[2.220446049250313e-16, -0.0, -1.0, 0.4], [0.0, 1.0, -0.0, 0.266875], [1.0, 0.0, 2.220446049250313e-16, -0.2], [0.0, 0.0, 0.0, 1.0]]","[[-1.62981998674816e-07, 1.5409680305081277e-06, -0.9999999999987995, 0.39999996029285856], [5.46462318561382e-07, 0.9999999999986634, 1.5409679414443973e-06, 0.26687479587044877], [0.9999999999998376, -5.46462067410691e-07, -1.6298284066795787e-07, -0.19999982120612497], [0.0, 0.0, 0.0, 1.0]]","[[2.220446049250313e-16, -0.0, -1.0, 0.4], [0.0, 1.0, -0.0, -0.266875], [1.0, 0.0, 2.220446049250313e-16, -0.2], [0.0, 0.0, 0.0, 1.0]]","[[-9.596273710665848e-07, 9.39468145034668e-07, -0.9999999999990984, 0.39999995132871125], [4.1264746239395474e-07, 0.9999999999994738, 9.394677490472211e-07, -0.2668749930731179], [0.9999999999994545, -4.126465608546165e-07, -9.59627758756465e-07, -0.1999997553896819], [0.0, 0.0, 0.0, 1.0]]"
1.7833333333333332,-1.746992382011952,12.798014877118971,1.7847895816617445,-98.2172460005696,6.897615089951825,14.48858146557186,26.189779806334442,-1.746992382011952,-12.798014877118971,-1.7847895816617445,-98.2172460005696,-6.897615089951825,14.48858146557186,-26.189779806334442,"[[2.220446049250313e-16, -0.0, -1.0, 0.4], [0.0, 1.0, -0.0, 0.26625], [1.0, 0.0, 2.220446049250313e-16, -0.2], [0.0, 0.0, 0.0, 1.0]]","[[-1.285716760279776e-07, 1.5197257157118071e-06, -0.9999999999988369, 0.39999996186369186], [5.392456460480241e-07, 0.9999999999986999, 1.519725646379882e-06, 0.2662498009031178], [0.9999999999998463, -5.392454506537236e-07, -1.2857249559461437e-07, -0.19999983306963837], [0.0, 0.0, 0.0, 1.0]]","[[2.220446049250313e-16, -0.0, -1.0, 0.4], [0.0, 1.0, -0.0, -0.26625], [1.0, 0.0, 2.220446049250313e-16, -0.2], [0.0, 0.0, 0.0, 1.0]]","[[-9.241836533835368e-07, 9.61623592832405e-07, -0.9999999999991107, 0.3999999529318975], [4.1864601123027786e-07, 0.9999999999994502, 9.61623205926931e-07, -0.26624999828026796], [0.9999999999994855, -4.1864512251345787e-07, -9.241840559504055e-07, -0.19999976792419705], [0.0, 0.0, 0.0, 1.0]]"
1.7916666666666667,-1.7769496984333335,12.764930294553075,1.6941513705500886,-98.24768132351117,6.989461070607809,14.541262714640169,26.13566421754043,-1.7769496984333335,-12.764930294553075,-1.6941513705500886,-98.24768132351117,-6.989461070607809,14.541262714640169,-26.13566421754043,"[[2.220446049250313e-16, -0.0, -1.0, 0.4], [0.0, 1.0, -0.0, 0.265625], [1.0, 0.0, 2.220446049250313e-16, -0.2], [0.0, 0.0, 0.0, 1.0]]","[[-1.9637302794972555e-07, 1.5553016542610467e-06, -0.9999999999987713, 0.39999995663720717], [5.537437713429594e-07, 0.9999999999986374, 1.5553015455204972e-06, 0.2656247875990274], [0.9999999999998276, -5.53743465923005e-07, -1.9637388926074806e-07, -0.19999980816956564], [0.0, 0.0, 0.0, 1.0]]","[[2.220446049250313e-16, -0.0, -1.0, 0.4], [0.0, 1.0, -0.0, -0.265625], [1.0, 0.0, 2.220446049250313e-16, -0.2], [0.0, 0.0, 0.0, 1.0]]","[[-9.909498850935172e-07, 9.26964117234528e-07, -0.9999999999990796, 0.39999994773853514], [4.0293293240286593e-07, 0.9999999999994895, 9.269637179485648e-07, -0.26562498515190763], [0.999999999999428, -4.029320138279052e-07, -9.909502585725427e-07, -0.19999974369482104], [0.0, 0.0, 0.0, 1.0]]"
1.8,-1.8070676310219163,12.731819245004147,1.6034537154483124,-98.27782294831844,7.0814048083462895,14.593783454262981,26.081422270246776,-1.8070676310219163,-12.731819245004147,-1.6034537154483124,-98.27782294831844,-7.0814048083462895,14.593783454262981,-26.081422270246776,"[[2.220446049250313e-16, -0.0, -1.0, 0.4], [0.0, 1.0, -0.0, 0.265], [1.0, 0.0, 2.220446049250313e-16, -0.2], [0.0, 0.0, 0.0, 1.0]]","[[-1.4757328381520551e-07, 1.532712234253818e-06, -0.9999999999988147, 0.3999999604615659], [5.381282812865652e-07, 0.9999999999986808, 1.5327121548402552e-06, 0.26499979838335075], [0.9999999999998446, -5.381280550985616e-07, -1.475741084888682e-07, -0.1999998265525276], [0.0, 0.0, 0.0, 1.0]]","[[2.220446049250313e-16, -0.0, -1.0, 0.4], [0.0, 1.0, -0.0, -0.265], [1.0, 0.0, 2.220446049250313e-16, -0.2], [0.0, 0.0, 0.0, 1.0]]","[[-9.41113329822052e-07, 9.504734030817046e-07, -0.9999999999991056, 0.399999951596791], [4.173366884857318e-07, 0.9999999999994614, 9.504730103209221e-07, -0.26499999611330577], [0.9999999999994702, -4.1733579398253883e-07, -9.411137263937164e-07, -0.19999976274810402], [0.0, 0.0, 0.0, 1.0]]"
1.8083333333333333,-1.837346286499406,12.69868002092489,1.5126972566866508,-98.30768453536973,7.173446303167266,14.6461436844403,26.027055672000767,-1.837346286499406,-12.69868002092489,-1.5126972566866508,-98.30768453536973,-7.173446303167266,14.6461436844403,-26.027055672000767,"[[2.220446049250313e-16, -0.0, -1.0, 0.4], [0.0, 1.0, -0.0, 0.264375], [1.0, 0.0, 2.220446049250313e-16, -0.2], [0.0, 0.0, 0.0, 1.0]]","[[-1.894596778351243e-07, 1.5575031006191243e-06, -0.9999999999987692, 0.3999999568990331], [5.593360143218163e-07, 0.9999999999986308, 1.5575029946472875e-06, 0.26437478886058624], [0.9999999999998257, -5.593357192371122e-07, -1.8946054891610942e-07, -0.1999998103315468], [0.0, 0.0, 0.0, 1.0]]","[[2.220446049250313e-16, -0.0, -1.0, 0.4], [0.0, 1.0, -0.0, -0.264375], [1.0, 0.0, 2.220446049250313e-16, -0.2], [0.0, 0.0, 0.0, 1.0]]","[[-9.819612285522084e-07, 9.266057081320782e-07, -0.9999999999990888, 0.39999994806893113], [3.9492038281933587e-07, 0.9999999999994931, 9.266053203359484e-07, -0.2643749867688574], [0.9999999999994401, -3.949194729284773e-07, -9.819615944817173e-07, -0.19999974719713146], [0.0, 0.0, 0.0, 1.0]]"
1.8166666666666667,-1.8677852379789794,12.665512622315308,1.4218830614821611,-98.3372592544759,7.2655855550707376,14.698343405172123,25.972564422802403,-1.8677852379789794,-12.665512622315308,-1.4218830614821611,-98.3372592544759,-7.2655855550707376,14.698343405172123,-25.972564422802403,"[[2.220446049250313e-16, -0.0, -1.0, 0.4], [0.0, 1.0, -0.0, 0.26375000000000004], [1.0, 0.0, 2.220446049250313e-16, -0.2], [0.0, 0.0, 0.0, 1.0]]","[[-2.1541987349493752e-07, 1.5591939597351382e-06, -0.9999999999987612, 0.39999995403288635], [5.821513909157143e-07, 0.9999999999986149, 1.5591938343279315e-06, 0.26374978386491926], [0.9999999999998073, -5.821510550336545e-07, -2.1542078121328245e-07, -0.199999798086738], [0.0, 0.0, 0.0, 1.0]]","[[2.220446049250313e-16, -0.0, -1.0, 0.4], [0.0, 1.0, -0.0, -0.26375000000000004], [1.0, 0.0, 2.220446049250313e-16, -0.2], [0.0, 0.0, 0.0, 1.0]]","[[-1.0068812670294136e-06, 9.258413605728255e-07, -0.9999999999990645, 0.3999999452382335], [3.7089962358077436e-07, 0.9999999999995026, 9.258409871213483e-07, -0.2637499819527919], [0.9999999999994242, -3.708986913684813e-07, -1.0068816103103728e-06, -0.19999973562197573], [0.0, 0.0, 0.0, 1.0]]"
1.825,-1.898384272017225,12.6323170491754,1.3310116634433728,-98.36654027544773,7.357820429622589,14.750379201363865,25.91794852265169,-1.898384272017225,-12.6323170491754,-1.3310116634433728,-98.36654027544773,-7.357820429622589,14.750379201363865,-25.91794852265169,"[[2.220446049250313e-16, -0.0, -1.0, 0.4], [0.0, 1.0, -0.0, 0.263125], [1.0, 0.0, 2.220446049250313e-16, -0.2], [0.0, 0.0, 0.0, 1.0]]","[[-1.5607241460324772e-07, 1.5351560216704807e-06, -0.9999999999988094, 0.3999999605324674], [5.607219256004833e-07, 0.9999999999986644, 1.5351559341570333e-06, 0.2631247986342973], [0.9999999999998306, -5.607216860043222e-07, -1.5607327547018102e-07, -0.19999982489270363], [0.0, 0.0, 0.0, 1.0]]","[[2.220446049250313e-16, -0.0, -1.0, 0.4], [0.0, 1.0, -0.0, -0.263125], [1.0, 0.0, 2.220446049250313e-16, -0.2], [0.0, 0.0, 0.0, 1.0]]","[[-9.464919994983667e-07, 9.508091985120236e-07, -0.9999999999990999, 0.3999999517740554], [3.911269631591332e-07, 0.9999999999994713, 9.508088283138352e-07, -0.2631249969030992], [0.9999999999994754, -3.9112606322583216e-07, -9.4649237142308e-07, -0.19999976309720485], [0.0, 0.0, 0.0, 1.0]]"
1.8333333333333333,-1.929143175170731,12.599091593957873,1.2400840230656376,-98.39554125866361,7.450151780596468,14.802254488110112,25.863209679095917,-1.929143175170731,-12.599091593957873,-1.2400840230656376,-98.39554125866361,-7.450151780596468,14.802254488110112,-25.863209679095917,"[[2.220446049250313e-16, -0.0, -1.0, 0.4], [0.0, 1.0, -0.0, 0.2625], [1.0, 0.0, 2.220446049250313e-16, -0.2], [0.0, 0.0, 0.0, 1.0]]","[[-1.6890079618248066e-07, 1.5451262599050698e-06, -0.9999999999987921, 0.39999995883471673], [5.664054441024956e-07, 0.999999999998646, 1.5451261642385138e-06, 0.26249979546899427], [0.9999999999998255, -5.664051831287719e-07, -1.6890167148231328e-07, -0.19999981856692217], [0.0, 0.0, 0.0, 1.0]]","[[2.220446049250313e-16, -0.0, -1.0, 0.4], [0.0, 1.0, -0.0, -0.2625], [1.0, 0.0, 2.220446049250313e-16, -0.2], [0.0, 0.0, 0.0, 1.0]]","[[-9.582769299187888e-07, 9.417721409892065e-07, -0.9999999999990974, 0.3999999501133301], [3.842444668668479e-07, 0.9999999999994827, 9.417717727769612e-07, -0.26249999391995305], [0.9999999999994671, -3.84243564388338e-07, -9.582772918514948e-07, -0.19999975744035475], [0.0, 0.0, 0.0, 1.0]]"
1.8416666666666666,-1.9600617339960864,12.565836256662728,1.1491008874008959,-98.42425537393434,7.542579607992374,14.85396755786357,25.80834789213508,-1.9600617339960864,-12.565836256662728,-1.1491008874008959,-98.42425537393434,-7.542579607992374,14.85396755786357,-25.80834789213508,"[[2.220446049250313e-16, -0.0, -1.0, 0.4], [0.0, 1.0, -0.0, 0.26187499999999997], [1.0, 0.0, 2.220446049250313e-16, -0.2], [0.0, 0.0, 0.0, 1.0]]","[[-1.7533206070341478e-07, 1.5376482740937008e-06, -0.9999999999988026, 0.39999995771884644], [5.633369906826027e-07, 0.9999999999986593, 1.5376481753224447e-06, 0.26187479539700126], [0.999999999999826, -5.633367210829047e-07, -1.753329268994186e-07, -0.19999981460015281], [0.0, 0.0, 0.0, 1.0]]","[[2.220446049250313e-16, -0.0, -1.0, 0.4], [0.0, 1.0, -0.0, -0.26187499999999997], [1.0, 0.0, 2.220446049250313e-16, -0.2], [0.0, 0.0, 0.0, 1.0]]","[[-9.63663123465519e-07, 9.501866279301581e-07, -0.9999999999990845, 0.39999994903527375], [3.861171461146886e-07, 0.9999999999994742, 9.501862558436734e-07, -0.261874994031387], [0.9999999999994613, -3.861162304548798e-07, -9.63663490505251e-07, -0.19999975414214566], [0.0, 0.0, 0.0, 1.0]]"
1.8499999999999999,-1.991139735049879,12.532550183516316,1.0580630035010885,-98.45268262125994,7.635102204263013,14.905516703076948,25.753364869316478,-1.991139735049879,-12.532550183516316,-1.0580630035010885,-98.45268262125994,-7.635102204263013,14.905516703076948,-25.753364869316478,"[[2.220446049250313e-16, -0.0, -1.0, 0.4], [0.0, 1.0, -0.0, 0.26125], [1.0, 0.0, 2.220446049250313e-16, -0.2], [0.0, 0.0, 0.0, 1.0]]","[[-1.8629966297423195e-07, 1.542801061171735e-06, -0.9999999999987925, 0.3999999569881403], [5.669974279821636e-07, 0.9999999999986491, 1.5428009555400843e-06, 0.2612497940665508], [0.9999999999998219, -5.669971405581809e-07, -1.8630053782997535e-07, -0.19999981223556862], [0.0, 0.0, 0.0, 1.0]]","[[2.220446049250313e-16, -0.0, -1.0, 0.4], [0.0, 1.0, -0.0, -0.26125], [1.0, 0.0, 2.220446049250313e-16, -0.2], [0.0, 0.0, 0.0, 1.0]]","[[-9.735840662550288e-07, 9.459736438799257e-07, -0.9999999999990786, 0.3999999483431798], [3.812641531700106e-07, 0.99999999999948, 9.459732726876008e-07, -0.2612499928856281], [0.9999999999994534, -3.8126323218515387e-07, -9.735844268554672e-07, -0.1999997524457508], [0.0, 0.0, 0.0, 1.0]]"
1.8583333333333334,-2.022376964888698,12.499232520744995,0.9669712251398614,-98.48082300064038,7.727719569408385,14.95690363129754,25.69826061064011,-2.022376964888698,-12.499232520744995,-0.9669712251398614,-98.48082300064038,-7.727719569408385,14.95690363129754,-25.69826061064011,"[[2.220446049250313e-16, -0.0, -1.0, 0.4], [0.0, 1.0, -0.0, 0.260625], [1.0, 0.0, 2.220446049250313e-16, -0.2], [0.0, 0.0, 0.0, 1.0]]","[[-1.7255649303882237e-07, 1.5371450195677245e-06, -0.9999999999988037, 0.3999999565181319], [5.708480497333654e-07, 0.9999999999986557, 1.5371449210639597e-06, 0.2606247929135332], [0.9999999999998223, -5.708477844883457e-07, -1.7255737055910103e-07, -0.19999981447856258], [0.0, 0.0, 0.0, 1.0]]","[[2.220446049250313e-16, -0.0, -1.0, 0.4], [0.0, 1.0, -0.0, -0.260625], [1.0, 0.0, 2.220446049250313e-16, -0.2], [0.0, 0.0, 0.0, 1.0]]","[[-9.587926524945445e-07, 9.525727893723623e-07, -0.9999999999990867, 0.3999999479125819], [3.7622416104846047e-07, 0.9999999999994756, 9.525724286517713e-07, -0.26062499191856464], [0.9999999999994698, -3.7622324772867125e-07, -9.587930108745368e-07, -0.19999975535655484], [0.0, 0.0, 0.0, 1.0]]"
1.8666666666666667,-2.0537732100691306,12.465884122122407,0.8758263527300081,-98.5086765120757,7.820430849654846,15.008124927430758,25.64303682365326,-2.0537732100691306,-12.465884122122407,-0.8758263527300081,-98.5086765120757,-7.820430849654846,15.008124927430758,-25.64303682365326,"[[2.220446049250313e-16, -0.0, -1.0, 0.4], [0.0, 1.0, -0.0, 0.26], [1.0, 0.0, 2.220446049250313e-16, -0.2], [0.0, 0.0, 0.0, 1.0]]","[[-1.8424669062655497e-07, 1.548807182003089e-06, -0.9999999999987835, 0.39999995718558123], [5.648905577019008e-07, 0.9999999999986411, 1.5488070779236524e-06, 0.2599997941396446], [0.9999999999998234, -5.648902723386353e-07, -1.8424756548229837e-07, -0.19999981310694653], [0.0, 0.0, 0.0, 1.0]]","[[2.220446049250313e-16, -0.0, -1.0, 0.4], [0.0, 1.0, -0.0, -0.26], [1.0, 0.0, 2.220446049250313e-16, -0.2], [0.0, 0.0, 0.0, 1.0]]","[[-9.694330573295495e-07, 9.418570148860667e-07, -0.9999999999990866, 0.399999948620247], [3.809955229261063e-07, 0.999999999999484, 9.418566455367863e-07, -0.25999999333188184], [0.9999999999994577, -3.809946098587908e-07, -9.69433416153631e-07, -0.1999997546523641], [0.0, 0.0, 0.0, 1.0]]"
1.875,-2.085328043704355,12.432503280101262,0.784629079962616,-98.53624315556587,7.913236898776041,15.059184006571188,25.58769350835594,-2.085328043704355,-12.432503280101262,-0.784629079962616,-98.53624315556587,-7.913236898776041,15.059184006571188,-25.58769350835594,"[[2.220446049250313e-16, -0.0, -1.0, 0.4], [0.0, 1.0, -0.0, 0.259375], [1.0, 0.0, 2.220446049250313e-16, -0.2], [0.0, 0.0, 0.0, 1.0]]","[[-1.6409276765161351e-07, 1.5304754680886765e-06, -0.9999999999988155, 0.39999995750020556], [5.600894553394431e-07, 0.9999999999986722, 1.5304753761818282e-06, 0.25937479819695336], [0.9999999999998298, -5.600892041988392e-07, -1.6409362496583313e-07, -0.19999981701454275], [0.0, 0.0, 0.0, 1.0]]","[[2.220446049250313e-16, -0.0, -1.0, 0.4], [0.0, 1.0, -0.0, -0.259375], [1.0, 0.0, 2.220446049250313e-16, -0.2], [0.0, 0.0, 0.0, 1.0]]","[[-9.482278005568112e-07, 9.611383914286605e-07, -0.9999999999990887, 0.39999994897588864], [3.846136765820805e-07, 0.9999999999994644, 9.611380267276412e-07, -0.2593749975776494], [0.9999999999994766, -3.8461276520393295e-07, -9.482281702610784e-07, -0.19999975922699437], [0.0, 0.0, 0.0, 1.0]]"
1.8833333333333333,-2.11704146579437,12.399089140907913,0.6933803673330373,-98.56352293111091,8.00613515545103,15.110077453624246,25.532230664748145,-2.11704146579437,-12.399089140907913,-0.6933803673330373,-98.56352293111091,-8.00613515545103,15.110077453624246,-25.532230664748145,"[[2.220446049250313e-16, -0.0, -1.0, 0.4], [0.0, 1.0, -0.0, 0.25875000000000004], [1.0, 0.0, 2.220446049250313e-16, -0.2], [0.0, 0.0, 0.0, 1.0]]","[[-1.4936107678442667e-07, 1.535641301944631e-06, -0.9999999999988101, 0.3999999581945924], [5.390499915794752e-07, 0.999999999998676, 1.5356412214313379e-06, 0.25874979882216637], [0.9999999999998439, -5.390497622138071e-07, -1.4936190456671383e-07, -0.19999982126613824], [0.0, 0.0, 0.0, 1.0]]","[[2.220446049250313e-16, -0.0, -1.0, 0.4], [0.0, 1.0, -0.0, -0.25875000000000004], [1.0, 0.0, 2.220446049250313e-16, -0.2], [0.0, 0.0, 0.0, 1.0]]","[[-9.32443227075197e-07, 9.569255055464618e-07, -0.9999999999991075, 0.3999999497121079], [4.0447341305678145e-07, 0.9999999999994604, 9.56925128398305e-07, -0.25874999839256585], [0.9999999999994836, -4.0447252077806573e-07, -9.324436140989434e-07, -0.19999976414522946], [0.0, 0.0, 0.0, 1.0]]"
1.8916666666666666,-2.1489132628957655,12.36564170454236,0.6020808551715067,-98.5905158387108,8.099127327227107,15.16080526858993,25.476651707924457,-2.1489132628957655,-12.36564170454236,-0.6020808551715067,-98.5905158387108,-8.099127327227107,15.16080526858993,-25.476651707924457,"[[2.220446049250313e-16, -0.0, -1.0, 0.4], [0.0, 1.0, -0.0, 0.258125], [1.0, 0.0, 2.220446049250313e-16, -0.2], [0.0, 0.0, 0.0, 1.0]]","[[-1.51438971252027e-07, 1.5305191656358144e-06, -0.9999999999988175, 0.3999999595490896], [5.473940379730445e-07, 0.9999999999986792, 1.5305190827388126e-06, 0.25812480060818255], [0.9999999999998389, -5.473938061921615e-07, -1.5143980902632137e-07, -0.19999982356447632], [0.0, 0.0, 0.0, 1.0]]","[[2.220446049250313e-16, -0.0, -1.0, 0.4], [0.0, 1.0, -0.0, -0.258125], [1.0, 0.0, 2.220446049250313e-16, -0.2], [0.0, 0.0, 0.0, 1.0]]","[[-9.334667748217562e-07, 9.630038242967913e-07, -0.9999999999991007, 0.39999995110924724], [3.949528730020956e-07, 0.9999999999994584, 9.630034556217513e-07, -0.25812500036952424], [0.9999999999994864, -3.949519740700105e-07, -9.334671551841645e-07, -0.19999976710981043], [0.0, 0.0, 0.0, 1.0]]"
1.9,-2.1809427946783058,12.33216011723096,0.5107315039733761,-98.61722187836554,8.19221170655698,15.211369159015534,25.42095493033759,-2.1809427946783058,-12.33216011723096,-0.5107315039733761,-98.61722187836554,-8.19221170655698,15.211369159015534,-25.42095493033759,"[[2.220446049250313e-16, -0.0, -1.0, 0.4], [0.0, 1.0, -0.0, 0.2575], [1.0, 0.0, 2.220446049250313e-16, -0.2], [0.0, 0.0, 0.0, 1.0]]","[[-1.2272593147288902e-07, 1.5140870815231539e-06, -0.999999999998846, 0.399999960016598], [5.398228081167271e-07, 0.9999999999987079, 1.514087015272688e-06, 0.25749980395810806], [0.9999999999998466, -5.398226222983649e-07, -1.2272674881907975e-07, -0.1999998305318348], [0.0, 0.0, 0.0, 1.0]]","[[2.220446049250313e-16, -0.0, -1.0, 0.4], [0.0, 1.0, -0.0, -0.2575], [1.0, 0.0, 2.220446049250313e-16, -0.2], [0.0, 0.0, 0.0, 1.0]]","[[-9.036978825260888e-07, 9.803953466140314e-07, -0.9999999999991109, 0.399999951620214], [4.0135079668195026e-07, 0.9999999999994387, 9.803949839144876e-07, -0.25750000391162925], [0.9999999999995111, -4.0134991070072253e-07, -9.036982759891288e-07, -0.1999997747430033], [0.0, 0.0, 0.0, 1.0]]"
1.9083333333333332,-2.213130274585402,12.298644378973705,0.41933298074930664,-98.64364788026433,8.285387439667002,15.261765709806474,25.365143747082122,-2.213130274585402,-12.298644378973705,-0.41933298074930664,-98.64364788026433,-8.285387439667002,15.261765709806474,-25.365143747082122,"[[2.220446049250313e-16, -0.0, -1.0, 0.4], [0.0, 1.0, -0.0, 0.25687499999999996], [1.0, 0.0, 2.220446049250313e-16, -0.2], [0.0, 0.0, 0.0, 1.0]]","[[-2.2195150684023446e-07, 1.5732313202683245e-06, -0.999999999998738, 0.3999999526514746], [5.680941981617846e-07, 0.9999999999986012, 1.573231194178746e-06, 0.2568747868649026], [0.9999999999998143, -5.680938489800332e-07, -2.2195240079181389e-07, -0.19999979393453757], [0.0, 0.0, 0.0, 1.0]]","[[2.220446049250313e-16, -0.0, -1.0, 0.4], [0.0, 1.0, -0.0, -0.25687499999999996], [1.0, 0.0, 2.220446049250313e-16, -0.2], [0.0, 0.0, 0.0, 1.0]]","[[-1.0018661534827444e-06, 9.222137270702353e-07, -0.999999999999073, 0.399999944299372], [3.719093158775253e-07, 0.9999999999995056, 9.222133544672786e-07, -0.2568749870117809], [0.9999999999994291, -3.719083919428343e-07, -1.001866496541659e-06, -0.1999997388111652], [0.0, 0.0, 0.0, 1.0]]"
1.9166666666666667,-2.245475062286821,12.265092782223311,0.327886219314224,-98.6697801840288,8.378655380330818,15.311996628510041,25.309216450610766,-2.245475062286821,-12.265092782223311,-0.327886219314224,-98.6697801840288,-8.378655380330818,15.311996628510041,-25.309216450610766,"[[2.220446049250313e-16, -0.0, -1.0, 0.4], [0.0, 1.0, -0.0, 0.25625], [1.0, 0.0, 2.220446049250313e-16, -0.2], [0.0, 0.0, 0.0, 1.0]]","[[-2.0798143934852575e-07, 1.5596238410638625e-06, -0.9999999999987623, 0.39999995293618656], [5.801497358426458e-07, 0.9999999999986156, 1.5596237204032566e-06, 0.25624978884581795], [0.9999999999998102, -5.801494114691413e-07, -2.0798234418029082e-07, -0.19999979963149825], [0.0, 0.0, 0.0, 1.0]]","[[2.220446049250313e-16, -0.0, -1.0, 0.4], [0.0, 1.0, -0.0, -0.25625], [1.0, 0.0, 2.220446049250313e-16, -0.2], [0.0, 0.0, 0.0, 1.0]]","[[-9.868373387900142e-07, 9.367870956938346e-07, -0.9999999999990743, 0.3999999446291859], [3.586869272689163e-07, 0.9999999999994968, 9.367867417285777e-07, -0.25624998918732933], [0.9999999999994487, -3.586860028124489e-07, -9.86837674965546e-07, -0.19999974517313707], [0.0, 0.0, 0.0, 1.0]]"
1.925,-2.277977157782561,12.231506180753419,0.23639194003964217,-98.69562561984812,8.472013821001138,15.362060207578942,25.253173040923517,-2.277977157782561,-12.231506180753419,-0.23639194003964217,-98.69562561984812,-8.472013821001138,15.362060207578942,-25.253173040923517,"[[2.220446049250313e-16, -0.0, -1.0, 0.4], [0.0, 1.0, -0.0, 0.255625], [1.0, 0.0, 2.220446049250313e-16, -0.2], [0.0, 0.0, 0.0, 1.0]]","[[-2.0627780733528667e-07, 1.5579358438813349e-06, -0.9999999999987653, 0.39999995375150127], [5.488135476284607e-07, 0.999999999998636, 1.557935730673078e-06, 0.2556247917934198], [0.9999999999998282, -5.488132262602165e-07, -2.0627866220701563e-07, -0.19999980197718698], [0.0, 0.0, 0.0, 1.0]]","[[2.220446049250313e-16, -0.0, -1.0, 0.4], [0.0, 1.0, -0.0, -0.255625], [1.0, 0.0, 2.220446049250313e-16, -0.2], [0.0, 0.0, 0.0, 1.0]]","[[-9.840734934152273e-07, 9.394442267709097e-07, -0.9999999999990745, 0.39999994549043194], [3.888594947741182e-07, 0.9999999999994831, 9.39443844104972e-07, -0.25562499233078284], [0.9999999999994402, -3.888585702919727e-07, -9.84073858900647e-07, -0.1999997481834106], [0.0, 0.0, 0.0, 1.0]]"
1.9333333333333333,-2.3106363476292118,12.19788286701674,0.14485102337963385,-98.72118418772232,8.56546276167796,15.411956447013177,25.19701864066226,-2.3106363476292118,-12.19788286701674,-0.14485102337963385,-98.72118418772232,-8.56546276167796,15.411956447013177,-25.19701864066226,"[[2.220446049250313e-16, -0.0, -1.0, 0.4], [0.0, 1.0, -0.0, 0.255], [1.0, 0.0, 2.220446049250313e-16, -0.2], [0.0, 0.0, 0.0, 1.0]]","[[-2.1261838256680932e-07, 1.5576282166873014e-06, -0.9999999999987644, 0.3999999545417086], [5.713505262170537e-07, 0.9999999999986239, 1.5576280952074575e-06, 0.2549997927382322], [0.9999999999998143, -5.713501950359814e-07, -2.1261927252158586e-07, -0.19999980298867073], [0.0, 0.0, 0.0, 1.0]]","[[2.220446049250313e-16, -0.0, -1.0, 0.4], [0.0, 1.0, -0.0, -0.255], [1.0, 0.0, 2.220446049250313e-16, -0.2], [0.0, 0.0, 0.0, 1.0]]","[[-9.893525014237348e-07, 9.407241585565212e-07, -0.9999999999990683, 0.3999999463274009], [3.6516212340979575e-07, 0.9999999999994909, 9.407237972828586e-07, -0.25499999347266117], [0.999999999999444, -3.6516119270201345e-07, -9.893528449267386e-07, -0.19999974985906002], [0.0, 0.0, 0.0, 1.0]]"
1.9416666666666667,-2.3434522049399495,12.16422284101327,0.053264239731512654,-98.74645588765135,8.659001348587637,15.46168705436004,25.1407498347324,-2.3434522049399495,-12.16422284101327,-0.053264239731512654,-98.74645588765135,-8.659001348587637,15.46168705436004,-25.1407498347324,"[[2.220446049250313e-16, -0.0, -1.0, 0.4], [0.0, 1.0, -0.0, 0.254375], [1.0, 0.0, 2.220446049250313e-16, -0.2], [0.0, 0.0, 0.0, 1.0]]","[[-1.9082066110565066e-07, 1.548101906028437e-06, -0.9999999999987835, 0.39999995495191565], [5.619085768579269e-07, 0.999999999998644, 1.5481017988044547e-06, 0.2543747948449064], [0.999999999999824, -5.619082814474346e-07, -1.9082153107641275e-07, -0.1999998058635792], [0.0, 0.0, 0.0, 1.0]]","[[2.220446049250313e-16, -0.0, -1.0, 0.4], [0.0, 1.0, -0.0, -0.254375], [1.0, 0.0, 2.220446049250313e-16, -0.2], [0.0, 0.0, 0.0, 1.0]]","[[-9.664917861029743e-07, 9.512259927105392e-07, -0.9999999999990807, 0.39999994678520306], [3.7344686738484854e-07, 0.999999999999478, 9.512256317775875e-07, -0.25437499577761347], [0.9999999999994633, -3.734459480327454e-07, -9.664921413743421e-07, -0.1999997533976971], [0.0, 0.0, 0.0, 1.0]]"
1.95,-2.376424516271363,12.130525248969366,-0.0383675704712884,-98.77144071963527,8.752629581730172,15.511248614524945,25.08437003822853,-2.376424516271363,-12.130525248969366,0.0383675704712884,-98.77144071963527,-8.752629581730172,15.511248614524945,-25.08437003822853,"[[2.220446049250313e-16, -0.0, -1.0, 0.4], [0.0, 1.0, -0.0, 0.25375000000000003], [1.0, 0.0, 2.220446049250313e-16, -0.2], [0.0, 0.0, 0.0, 1.0]]","[[-1.931658921705548e-07, 1.5442199490409746e-06, -0.999999999998789, 0.39999995492949625], [5.73177895234176e-07, 0.9999999999986433, 1.5442198383223303e-06, 0.253749795500829], [0.999999999999817, -5.731775969428791e-07, -1.9316677724035003e-07, -0.19999980539656959], [0.0, 0.0, 0.0, 1.0]]","[[2.220446049250313e-16, -0.0, -1.0, 0.4], [0.0, 1.0, -0.0, -0.25375000000000003], [1.0, 0.0, 2.220446049250313e-16, -0.2], [0.0, 0.0, 0.0, 1.0]]","[[-9.67772673055034e-07, 9.56086644659449e-07, -0.9999999999990746, 0.39999994681121576], [3.6102359354739615e-07, 0.9999999999994778, 9.560862952710662e-07, -0.2537499966330167], [0.9999999999994665, -3.610226682728725e-07, -9.6777301811235e-07, -0.199999753593982], [0.0, 0.0, 0.0, 1.0]]"
1.9583333333333333,-2.4095528547366287,12.09678923711138,-0.13004360014586933,-98.79613868367403,8.846345753558271,15.560641127507893,25.027877543603356,-2.4095528547366287,-12.09678923711138,0.13004360014586933,-98.79613868367403,-8.846345753558271,15.560641127507893,-25.027877543603356,"[[2.220446049250313e-16, -0.0, -1.0, 0.4], [0.0, 1.0, -0.0, 0.25312500000000004], [1.0, 0.0, 2.220446049250313e-16, -0.2], [0.0, 0.0, 0.0, 1.0]]","[[-2.02123002113197e-07, 1.5609861395045227e-06, -0.9999999999987612, 0.3999999536447902], [5.597455000756e-07, 0.9999999999986249, 1.5609860263668691e-06, 0.2531247923348515], [0.9999999999998228, -5.597451845637247e-07, -2.0212387585871738e-07, -0.19999980444938392], [0.0, 0.0, 0.0, 1.0]]","[[2.220446049250313e-16, -0.0, -1.0, 0.4], [0.0, 1.0, -0.0, -0.25312500000000004], [1.0, 0.0, 2.220446049250313e-16, -0.2], [0.0, 0.0, 0.0, 1.0]]","[[-9.756640468316924e-07, 9.403023456882752e-07, -0.9999999999990822, 0.39999994557578666], [3.7330526719950795e-07, 0.9999999999994884, 9.403019814681295e-07, -0.2531249936677187], [0.9999999999994545, -3.733043497803287e-07, -9.756643978842128e-07, -0.19999975330964734], [0.0, 0.0, 0.0, 1.0]]"
1.9666666666666666,-2.4428374337791587,12.063014805439314,-0.22176302219901034,-98.82054977976766,8.94015071784558,15.609866300856174,24.97127576595146,-2.4428374337791587,-12.063014805439314,0.22176302219901034,-98.82054977976766,-8.94015071784558,15.609866300856174,-24.97127576595146,"[[2.220446049250313e-16, -0.0, -1.0, 0.4], [0.0, 1.0, -0.0, 0.2525], [1.0, 0.0, 2.220446049250313e-16, -0.2], [0.0, 0.0, 0.0, 1.0]]","[[-2.0501076830603537e-07, 1.5637865796460158e-06, -0.9999999999987563, 0.3999999530859864], [5.648117399298019e-07, 0.9999999999986178, 1.5637864638533106e-06, 0.25249978987311705], [0.9999999999998195, -5.648114193360351e-07, -2.0501165137742916e-07, -0.19999980065534975], [0.0, 0.0, 0.0, 1.0]]","[[2.220446049250313e-16, -0.0, -1.0, 0.4], [0.0, 1.0, -0.0, -0.2525], [1.0, 0.0, 2.220446049250313e-16, -0.2], [0.0, 0.0, 0.0, 1.0]]","[[-9.774847665178221e-07, 9.384869525328806e-07, -0.9999999999990821, 0.39999994506710074], [3.6709151147327724e-07, 0.9999999999994924, 9.384865937069053e-07, -0.2524999914078592], [0.9999999999994551, -3.670905941165913e-07, -9.774851109090044e-07, -0.19999975017801688], [0.0, 0.0, 0.0, 1.0]]"
1.9749999999999999,-2.4762773996253067,12.029201953953166,-0.3135249995323317,-98.84467400791614,9.034043620818453,15.658922427022498,24.914564705272845,-2.4762773996253067,-12.029201953953166,0.3135249995323317,-98.84467400791614,-9.034043620818453,15.658922427022498,-24.914564705272845,"[[2.220446049250313e-16, -0.0, -1.0, 0.4], [0.0, 1.0, -0.0, 0.25187499999999996], [1.0, 0.0, 2.220446049250313e-16, -0.2], [0.0, 0.0, 0.0, 1.0]]","[[-2.1341988193368522e-07, 1.5642301825355088e-06, -0.9999999999987539, 0.3999999514576491], [5.608714673164126e-07, 0.9999999999986193, 1.564230062834176e-06, 0.25187479012515196], [0.9999999999998199, -5.608711334779183e-07, -2.1342075945396388e-07, -0.19999979436556242], [0.0, 0.0, 0.0, 1.0]]","[[2.220446049250313e-16, -0.0, -1.0, 0.4], [0.0, 1.0, -0.0, -0.25187499999999996], [1.0, 0.0, 2.220446049250313e-16, -0.2], [0.0, 0.0, 0.0, 1.0]]","[[-9.848255206335033e-07, 9.390315470764407e-07, -0.9999999999990741, 0.39999994348972734], [3.6988750011236127e-07, 0.9999999999994906, 9.39031182802182e-07, -0.25187499186295687], [0.9999999999994467, -3.698865753301454e-07, -9.848258679112654e-07, -0.19999974455017747], [0.0, 0.0, 0.0, 1.0]]"
1.9833333333333334,-2.5098729657184835,11.995348121331997,-0.4053287450732533,-98.8685045379303,9.128023608703243,15.707807798459571,24.85774436156751,-2.5098729657184835,-11.995348121331997,0.4053287450732533,-98.8685045379303,-9.128023608703243,15.707807798459571,-24.85774436156751,"[[2.220446049250313e-16, -0.0, -1.0, 0.4], [0.0, 1.0, -0.0, 0.25125], [1.0, 0.0, 2.220446049250313e-16, -0.2], [0.0, 0.0, 0.0, 1.0]]","[[-1.4353678606804365e-07, 1.5271650122189706e-06, -0.9999999999988235, 0.39999995821611917], [5.490758217550037e-07, 0.999999999998683, 1.5271649334061774e-06, 0.2512498016467504], [0.9999999999998389, -5.490756025500114e-07, -1.4353762473051646e-07, -0.19999982432811036], [0.0, 0.0, 0.0, 1.0]]","[[2.220446049250313e-16, -0.0, -1.0, 0.4], [0.0, 1.0, -0.0, -0.25125], [1.0, 0.0, 2.220446049250313e-16, -0.2], [0.0, 0.0, 0.0, 1.0]]","[[-9.138727726787366e-07, 9.770881104035716e-07, -0.999999999999105, 0.39999995030001434], [3.805421362288818e-07, 0.9999999999994503, 9.770877626368117e-07, -0.2512500035888516], [0.9999999999995101, -3.8054124329463845e-07, -9.138731443814052e-07, -0.19999977517418777], [0.0, 0.0, 0.0, 1.0]]"
1.9916666666666667,-2.5436234917284555,11.961455015123102,-0.49717336502748916,-98.89205503018852,9.222089827726306,15.756524122714687,24.800818149930038,-2.5436234917284555,-11.961455015123102,0.49717336502748916,-98.89205503018852,-9.222089827726306,15.756524122714687,-24.800818149930038,"[[2.220446049250313e-16, -0.0, -1.0, 0.4], [0.0, 1.0, -0.0, 0.250625], [1.0, 0.0, 2.220446049250313e-16, -0.2], [0.0, 0.0, 0.0, 1.0]]","[[-1.719174928527245e-07, 1.546125621839363e-06, -0.99999999999879, 0.39999995537306243], [5.69127360418378e-07, 0.9999999999986426, 1.5461255239961864e-06, 0.25062479723283476], [0.9999999999998234, -5.691270946116654e-07, -1.7191837281549383e-07, -0.1999998117640264], [0.0, 0.0, 0.0, 1.0]]","[[2.220446049250313e-16, -0.0, -1.0, 0.4], [0.0, 1.0, -0.0, -0.250625], [1.0, 0.0, 2.220446049250313e-16, -0.2], [0.0, 0.0, 0.0, 1.0]]","[[-9.411825658833806e-07, 9.591219635521295e-07, -0.9999999999990972, 0.3999999475096283], [3.593527787532228e-07, 0.9999999999994755, 9.591216253359219e-07, -0.25062499938036054], [0.9999999999994926, -3.5935187604434596e-07, -9.411829104966074e-07, -0.1999997632711333], [0.0, 0.0, 0.0, 1.0]]"
2.0,-2.5775287642118103,11.927520927779186,-0.5890581390235253,-98.91531865450158,9.316243131661285,15.805069692240552,24.743782655265846,-2.5775287642118103,-11.927520927779186,0.5890581390235253,-98.91531865450158,-9.316243131661285,15.805069692240552,-24.743782655265846,"[[2.220446049250313e-16, -0.0, -1.0, 0.4], [0.0, 1.0, -0.0, 0.25], [1.0, 0.0, 2.220446049250313e-16, -0.2], [0.0, 0.0, 0.0, 1.0]]","[[-2.221300246518787e-07, 1.5583046272679342e-06, -0.9999999999987612, 0.39999995132122446], [5.547427130881013e-07, 0.999999999998632, 1.5583045040427205e-06, 0.24999979186584237], [0.9999999999998215, -5.547423669411962e-07, -2.2213088907152567e-07, -0.1999997952828161], [0.0, 0.0, 0.0, 1.0]]","[[2.220446049250313e-16, -0.0, -1.0, 0.4], [0.0, 1.0, -0.0, -0.25], [1.0, 0.0, 2.220446049250313e-16, -0.2], [0.0, 0.0, 0.0, 1.0]]","[[-9.903228802010666e-07, 9.479405720875703e-07, -0.9999999999990605, 0.3999999435113142], [3.726028569830634e-07, 0.9999999999994815, 9.479402030908348e-07, -0.24999999421996466], [0.9999999999994404, -3.7260191821584105e-07, -9.903232332519885e-07, -0.19999974745047805], [0.0, 0.0, 0.0, 1.0]]"
2.0083333333333333,-2.6115887831685485,11.893545005526603,-0.6809821332464361,-98.93828858068034,9.410480959187243,15.85344450703717,24.68664300021681,-2.6115887831685485,-11.893545005526603,0.6809821332464361,-98.93828858068034,-9.410480959187243,15.85344450703717,-24.68664300021681,"[[2.220446049250313e-16, -0.0, -1.0, 0.4], [0.0, 1.0, -0.0, 0.249375], [1.0, 0.0, 2.220446049250313e-16, -0.2], [0.0, 0.0, 0.0, 1.0]]","[[-1.746916502565199e-07, 1.53767459765097e-06, -0.9999999999988025, 0.39999995600108557], [5.581312113231318e-07, 0.9999999999986622, 1.5376745001498915e-06, 0.24937480030735], [0.999999999999829, -5.581309427035674e-07, -1.7469250845891793e-07, -0.19999981472353484], [0.0, 0.0, 0.0, 1.0]]","[[2.220446049250313e-16, -0.0, -1.0, 0.4], [0.0, 1.0, -0.0, -0.249375], [1.0, 0.0, 2.220446049250313e-16, -0.2], [0.0, 0.0, 0.0, 1.0]]","[[-9.418111003300922e-07, 9.695713513379036e-07, -0.9999999999990865, 0.3999999482455644], [3.6808303803598414e-07, 0.9999999999994623, 9.695710046735768e-07, -0.24937500286928788], [0.9999999999994889, -3.680821248829131e-07, -9.418114573778169e-07, -0.1999997675512525], [0.0, 0.0, 0.0, 1.0]]"
2.0166666666666666,-2.6458031217118463,11.859527248365355,-0.7729445472834283,-98.96097846910311,9.504804164077827,15.901648567104534,24.629397477235642,-2.6458031217118463,-11.859527248365355,0.7729445472834283,-98.96097846910311,-9.504804164077827,15.901648567104534,-24.629397477235642,"[[2.220446049250313e-16, -0.0, -1.0, 0.4], [0.0, 1.0, -0.0, 0.24875], [1.0, 0.0, 2.220446049250313e-16, -0.2], [0.0, 0.0, 0.0, 1.0]]","[[-2.427783258873717e-07, 1.5675404789975652e-06, -0.9999999999987418, 0.3999999509374553], [5.683842296456898e-07, 0.9999999999986098, 1.5675403410059863e-06, 0.24874978949264193], [0.9999999999998089, -5.683838490801548e-07, -2.4277921695237126e-07, -0.19999978993953954], [0.0, 0.0, 0.0, 1.0]]","[[2.220446049250313e-16, -0.0, -1.0, 0.4], [0.0, 1.0, -0.0, -0.24875], [1.0, 0.0, 2.220446049250313e-16, -0.2], [0.0, 0.0, 0.0, 1.0]]","[[-1.0088231188754015e-06, 9.407092899921844e-07, -0.9999999999990486, 0.3999999432371839], [3.567019089707233e-07, 0.999999999999494, 9.40708930143471e-07, -0.24874999226350764], [0.9999999999994275, -3.567009599614672e-07, -1.0088234543847996e-06, -0.19999974342686108], [0.0, 0.0, 0.0, 1.0]]"
2.025,-2.6801711395114696,11.825466802521793,-0.8649445273608555,-98.98337465939159,9.599211038785743,15.949681872442648,24.57204779386963,-2.6801711395114696,-11.825466802521793,0.8649445273608555,-98.98337465939159,-9.599211038785743,15.949681872442648,-24.57204779386963,"[[2.220446049250313e-16, -0.0, -1.0, 0.4], [0.0, 1.0, -0.0, 0.248125], [1.0, 0.0, 2.220446049250313e-16, -0.2], [0.0, 0.0, 0.0, 1.0]]","[[-1.972571874175877e-07, 1.5533073645201435e-06, -0.9999999999987743, 0.39999995290322427], [5.610790941090344e-07, 0.9999999999986364, 1.5533072538430455e-06, 0.24812479529400064], [0.9999999999998233, -5.610787877073267e-07, -1.9725805894266202e-07, -0.19999980417973295], [0.0, 0.0, 0.0, 1.0]]","[[2.220446049250313e-16, -0.0, -1.0, 0.4], [0.0, 1.0, -0.0, -0.248125], [1.0, 0.0, 2.220446049250313e-16, -0.2], [0.0, 0.0, 0.0, 1.0]]","[[-9.622261361585949e-07, 9.559493544411224e-07, -0.9999999999990802, 0.3999999452590721], [3.628821729792606e-07, 0.9999999999994773, 9.559490052667908e-07, -0.24812499827500337], [0.9999999999994712, -3.6288125313980916e-07, -9.622264829922678e-07, -0.19999975832614228], [0.0, 0.0, 0.0, 1.0]]"
2.033333333333333,-2.7146930500108293,11.79136366799592,-0.9569813264267774,-99.00548398173491,9.693702437084639,15.99754271550422,24.514595657666067,-2.7146930500108293,-11.79136366799592,0.9569813264267774,-99.00548398173491,-9.693702437084639,15.99754271550422,-24.514595657666067,"[[2.220446049250313e-16, -0.0, -1.0, 0.4], [0.0, 1.0, -0.0, 0.2475], [1.0, 0.0, 2.220446049250313e-16, -0.2], [0.0, 0.0, 0.0, 1.0]]","[[-1.841209686381795e-07, 1.5403212801443001e-06, -0.9999999999987969, 0.399999954755596], [5.680910022192771e-07, 0.9999999999986524, 1.5403211755466121e-06, 0.2474998003940343], [0.9999999999998218, -5.680907186131667e-07, -1.8412184371596751e-07, -0.19999981021096505], [0.0, 0.0, 0.0, 1.0]]","[[2.220446049250313e-16, -0.0, -1.0, 0.4], [0.0, 1.0, -0.0, -0.2475], [1.0, 0.0, 2.220446049250313e-16, -0.2], [0.0, 0.0, 0.0, 1.0]]","[[-9.480129145589267e-07, 9.699454598941827e-07, -0.9999999999990804, 0.39999994716843035], [3.547486462735573e-07, 0.9999999999994669, 9.699451235882594e-07, -0.24750000358632482], [0.9999999999994879, -3.5474772675272746e-07, -9.480132587280643e-07, -0.19999976501597239], [0.0, 0.0, 0.0, 1.0]]"
2.0416666666666665,-2.749368426323103,11.757216137240441,-1.0490539839858417,-99.02730643613312,9.78827665142722,16.04523280383654,24.457039361077662,-2.749368426323103,-11.757216137240441,1.0490539839858417,-99.02730643613312,-9.78827665142722,16.04523280383654,-24.457039361077662,"[[2.220446049250313e-16, -0.0, -1.0, 0.4], [0.0, 1.0, -0.0, 0.246875], [1.0, 0.0, 2.220446049250313e-16, -0.2], [0.0, 0.0, 0.0, 1.0]]","[[-1.581888349755367e-07, 1.5294164042745066e-06, -0.999999999998818, 0.3999999553346763], [5.5847250314515e-07, 0.9999999999986746, 1.5294163159301723e-06, 0.24687480121171984], [0.9999999999998316, -5.584722612079044e-07, -1.5818968918113185e-07, -0.19999981477255863], [0.0, 0.0, 0.0, 1.0]]","[[2.220446049250313e-16, -0.0, -1.0, 0.4], [0.0, 1.0, -0.0, -0.246875], [1.0, 0.0, 2.220446049250313e-16, -0.2], [0.0, 0.0, 0.0, 1.0]]","[[-9.210025782580011e-07, 9.818634498991735e-07, -0.9999999999990937, 0.3999999478053703], [3.6324873166024056e-07, 0.999999999999452, 9.818631153465068e-07, -0.24687500461644762], [0.9999999999995098, -3.632478273614507e-07, -9.210029348616366e-07, -0.1999997702356653], [0.0, 0.0, 0.0, 1.0]]"
2.05,-2.7841968415614677,11.723025064029004,-1.1411617529861082,-99.04884202258616,9.882933681813487,16.09274872234503,24.399382319199,-2.7841968415614677,-11.723025064029004,1.1411617529861082,-99.04884202258616,-9.882933681813487,16.09274872234503,-24.399382319199,"[[2.220446049250313e-16, -0.0, -1.0, 0.4], [0.0, 1.0, -0.0, 0.24625000000000002], [1.0, 0.0, 2.220446049250313e-16, -0.2], [0.0, 0.0, 0.0, 1.0]]","[[-1.743137127974137e-07, 1.5336756886755642e-06, -0.999999999998809, 0.3999999548847996], [5.54510254702911e-07, 0.9999999999986704, 1.5336755920166101e-06, 0.2462498014140265], [0.9999999999998312, -5.545099873615634e-07, -1.7431456345029517e-07, -0.19999981049393334], [0.0, 0.0, 0.0, 1.0]]","[[2.220446049250313e-16, -0.0, -1.0, 0.4], [0.0, 1.0, -0.0, -0.24625000000000002], [1.0, 0.0, 2.220446049250313e-16, -0.2], [0.0, 0.0, 0.0, 1.0]]","[[-9.36048127897493e-07, 9.786203283348394e-07, -0.9999999999990831, 0.39999994741422923], [3.6609583557678116e-07, 0.9999999999994542, 9.78619985651881e-07, -0.24625000503233024], [0.999999999999495, -3.6609491954103993e-07, -9.360484862774854e-07, -0.1999997666146382], [0.0, 0.0, 0.0, 1.0]]"
2.058333333333333,-2.819178082282511,11.688788740814315,-1.2333037796539306,-99.07009074109406,9.97767182069615,16.14009217857697,24.341624532030078,-2.819178082282511,-11.688788740814315,1.2333037796539306,-99.07009074109406,-9.97767182069615,16.14009217857697,-24.341624532030078,"[[2.220446049250313e-16, -0.0, -1.0, 0.4], [0.0, 1.0, -0.0, 0.245625], [1.0, 0.0, 2.220446049250313e-16, -0.2], [0.0, 0.0, 0.0, 1.0]]","[[-1.902906024975337e-07, 1.5565540501021158e-06, -0.9999999999987705, 0.3999999529319585], [5.553368700224588e-07, 0.9999999999986343, 1.5565539444265163e-06, 0.24562479625930325], [0.9999999999998277, -5.553365738241878e-07, -1.9029146691718068e-07, -0.19999980299082892], [0.0, 0.0, 0.0, 1.0]]","[[2.220446049250313e-16, -0.0, -1.0, 0.4], [0.0, 1.0, -0.0, -0.245625], [1.0, 0.0, 2.220446049250313e-16, -0.2], [0.0, 0.0, 0.0, 1.0]]","[[-9.509445587640997e-07, 9.567611815770314e-07, -0.9999999999990904, 0.3999999455210062], [3.6415729538472753e-07, 0.9999999999994763, 9.56760835284002e-07, -0.24562500009232113], [0.9999999999994819, -3.641563855578858e-07, -9.509449071520848e-07, -0.19999975976862686], [0.0, 0.0, 0.0, 1.0]]"
2.0666666666666664,-2.8543117215994105,11.654507167596375,-1.3254792102156625,-99.09105259165683,10.072492775622498,16.18726146498508,24.283767707118194,-2.8543117215994105,-11.654507167596375,1.3254792102156625,-99.09105259165683,-10.072492775622498,16.18726146498508,-24.283767707118194,"[[2.220446049250313e-16, -0.0, -1.0, 0.4], [0.0, 1.0, -0.0, 0.245], [1.0, 0.0, 2.220446049250313e-16, -0.2], [0.0, 0.0, 0.0, 1.0]]","[[-2.4388859776180993e-07, 1.5716133740713718e-06, -0.9999999999987355, 0.39999994929882204], [5.765370621899475e-07, 0.9999999999985989, 1.5716132334603416e-06, 0.24499979066150832], [0.9999999999998042, -5.765366788906706e-07, -2.4388950392584263e-07, -0.19999978788470843], [0.0, 0.0, 0.0, 1.0]]","[[2.220446049250313e-16, -0.0, -1.0, 0.4], [0.0, 1.0, -0.0, -0.245], [1.0, 0.0, 2.220446049250313e-16, -0.2], [0.0, 0.0, 0.0, 1.0]]","[[-1.0034610130049693e-06, 9.4272409394832e-07, -0.9999999999990522, 0.39999994194836413], [3.4184844438904485e-07, 0.9999999999994973, 9.427237509171533e-07, -0.2449999947103691], [0.9999999999994381, -3.418474984021908e-07, -1.003461335191691e-06, -0.19999974531908768], [0.0, 0.0, 0.0, 1.0]]"
2.075,-2.889597759512166,11.620179490601537,-1.417687084175952,-99.1117207440853,10.167393985271593,16.234258289116646,24.225811844463344,-2.889597759512166,-11.620179490601537,1.417687084175952,-99.1117207440853,-10.167393985271593,16.234258289116646,-24.225811844463344,"[[2.220446049250313e-16, -0.0, -1.0, 0.4], [0.0, 1.0, -0.0, 0.24437499999999998], [1.0, 0.0, 2.220446049250313e-16, -0.2], [0.0, 0.0, 0.0, 1.0]]","[[-1.896778232812757e-07, 1.540505441659674e-06, -0.9999999999987955, 0.39999995421709234], [5.790676211634995e-07, 0.999999999998646, 1.5405053318231577e-06, 0.24437480034953346], [0.9999999999998145, -5.790673289631039e-07, -1.8967871523445368e-07, -0.1999998075399368], [0.0, 0.0, 0.0, 1.0]]","[[2.220446049250313e-16, -0.0, -1.0, 0.4], [0.0, 1.0, -0.0, -0.24437499999999998], [1.0, 0.0, 2.220446049250313e-16, -0.2], [0.0, 0.0, 0.0, 1.0]]","[[-9.481676259692762e-07, 9.748573386230667e-07, -0.9999999999990756, 0.39999994692801544], [3.382124572772799e-07, 0.999999999999468, 9.748570179413465e-07, -0.24437500461541534], [0.9999999999994935, -3.382115329491028e-07, -9.481679557055145e-07, -0.19999976563034774], [0.0, 0.0, 0.0, 1.0]]"
2.0833333333333335,-2.9250355556905423,11.585804856056155,-1.5099267612045644,-99.13210885875779,10.26237459586979,16.281080943424374,24.167756944065527,-2.9250355556905423,-11.585804856056155,1.5099267612045644,-99.13210885875779,-10.26237459586979,16.281080943424374,-24.167756944065527,"[[2.220446049250313e-16, -0.0, -1.0, 0.4], [0.0, 1.0, -0.0, 0.24375], [1.0, 0.0, 2.220446049250313e-16, -0.2], [0.0, 0.0, 0.0, 1.0]]","[[-2.492158461264715e-07, 1.5860190385385592e-06, -0.9999999999987113, 0.39999994743949885], [5.899547126508296e-07, 0.9999999999985683, 1.5860188915122696e-06, 0.24374978532495228], [0.999999999999795, -5.899543173890293e-07, -2.4921678182243667e-07, -0.19999978373396438], [0.0, 0.0, 0.0, 1.0]]","[[2.220446049250313e-16, -0.0, -1.0, 0.4], [0.0, 1.0, -0.0, -0.24375], [1.0, 0.0, 2.220446049250313e-16, -0.2], [0.0, 0.0, 0.0, 1.0]]","[[-1.0066219238158425e-06, 9.303720406783961e-07, -0.9999999999990605, 0.3999999402126942], [3.2622314984966167e-07, 0.9999999999995139, 9.303717122954433e-07, -0.24374998980892634], [0.9999999999994402, -3.262222133167924e-07, -1.0066222273508174e-06, -0.19999974247991503], [0.0, 0.0, 0.0, 1.0]]"
2.091666666666667,-2.96062511013454,11.551384117733877,-1.6021972808061475,-99.15220327529596,10.357435461190736,16.32772942790827,24.109604713472038,-2.96062511013454,-11.551384117733877,1.6021972808061475,-99.15220327529596,-10.357435461190736,16.32772942790827,-24.109604713472038,"[[2.220446049250313e-16, -0.0, -1.0, 0.4], [0.0, 1.0, -0.0, 0.24312499999999998], [1.0, 0.0, 2.220446049250313e-16, -0.2], [0.0, 0.0, 0.0, 1.0]]","[[-2.289400470867342e-07, 1.5749348557191545e-06, -0.9999999999987337, 0.39999994961422325], [5.668834347702039e-07, 0.9999999999985991, 1.5749347259366224e-06, 0.24312479018065988], [0.9999999999998133, -5.668830742038556e-07, -2.2894093992809061e-07, -0.19999978991169678], [0.0, 0.0, 0.0, 1.0]]","[[2.220446049250313e-16, -0.0, -1.0, 0.4], [0.0, 1.0, -0.0, -0.24312499999999998], [1.0, 0.0, 2.220446049250313e-16, -0.2], [0.0, 0.0, 0.0, 1.0]]","[[-9.852613694905088e-07, 9.424875769628867e-07, -0.9999999999990705, 0.39999994245057857], [3.481954714985943e-07, 0.9999999999994952, 9.4248723389974e-07, -0.243124994883891], [0.999999999999454, -3.4819454290200793e-07, -9.852616976724349e-07, -0.1999997493126228], [0.0, 0.0, 0.0, 1.0]]"
2.1,-2.9963657825139243,11.516915568087407,-1.6944977892070552,-99.172010823889,10.452575727460783,16.37420374256833,24.05135686023017,-2.9963657825139243,-11.516915568087407,1.6944977892070552,-99.172010823889,-10.452575727460783,16.37420374256833,-24.05135686023017,"[[2.220446049250313e-16, -0.0, -1.0, 0.4], [0.0, 1.0, -0.0, 0.2425], [1.0, 0.0, 2.220446049250313e-16, -0.2], [0.0, 0.0, 0.0, 1.0]]","[[-2.1761279228593722e-07, 1.5615719524420715e-06, -0.999999999998757, 0.3999999494666263], [5.617411009651772e-07, 0.9999999999986229, 1.5615718301998126e-06, 0.2424997926822427], [0.9999999999998184, -5.617407611464728e-07, -2.1761366936212667e-07, -0.19999979136088616], [0.0, 0.0, 0.0, 1.0]]","[[2.220446049250313e-16, -0.0, -1.0, 0.4], [0.0, 1.0, -0.0, -0.2425], [1.0, 0.0, 2.220446049250313e-16, -0.2], [0.0, 0.0, 0.0, 1.0]]","[[-9.728483463811166e-07, 9.56884815979167e-07, -0.9999999999990691, 0.3999999423670328], [3.5224207972671007e-07, 0.9999999999994802, 9.568844733014357e-07, -0.24249999760584137], [0.9999999999994648, -3.5224114882290454e-07, -9.728486834448269e-07, -0.19999975141625417], [0.0, 0.0, 0.0, 1.0]]"
2.1083333333333334,-3.0322575728286947,11.4823983533431,-1.7868275393553472,-99.1915315045369,10.547793687132637,16.42050217985726,23.993015091887212,-3.0322575728286947,-11.4823983533431,1.7868275393553472,-99.1915315045369,-10.547793687132637,16.42050217985726,-23.993015091887212,"[[2.220446049250313e-16, -0.0, -1.0, 0.4], [0.0, 1.0, -0.0, 0.241875], [1.0, 0.0, 2.220446049250313e-16, -0.2], [0.0, 0.0, 0.0, 1.0]]","[[-2.3352697819944979e-07, 1.5757583498234037e-06, -0.9999999999987313, 0.3999999477436195], [5.889707005948552e-07, 0.9999999999985851, 1.5757582122826255e-06, 0.24187478762510584], [0.9999999999997994, -5.88970332612054e-07, -2.3352790634589837e-07, -0.19999978526472945], [0.0, 0.0, 0.0, 1.0]]","[[2.220446049250313e-16, -0.0, -1.0, 0.4], [0.0, 1.0, -0.0, -0.241875], [1.0, 0.0, 2.220446049250313e-16, -0.2], [0.0, 0.0, 0.0, 1.0]]","[[-9.876757801063896e-07, 9.43735723345378e-07, -0.9999999999990669, 0.39999994070897743], [3.239200004280366e-07, 0.9999999999995022, 9.437354034178496e-07, -0.24187499277017674], [0.9999999999994597, -3.2391906832313366e-07, -9.87676085639766e-07, -0.19999974597400602], [0.0, 0.0, 0.0, 1.0]]"
2.1166666666666667,-3.0682998407486175,11.447833327274605,-1.8791854640339654,-99.21075848705048,10.643090193979948,16.466624739775064,23.93457770089588,-3.0682998407486175,-11.447833327274605,1.8791854640339654,-99.21075848705048,-10.643090193979948,16.466624739775064,-23.93457770089588,"[[2.220446049250313e-16, -0.0, -1.0, 0.4], [0.0, 1.0, -0.0, 0.24125], [1.0, 0.0, 2.220446049250313e-16, -0.2], [0.0, 0.0, 0.0, 1.0]]","[[-1.7812926011995245e-07, 1.5332993913522812e-06, -0.9999999999988087, 0.3999999537325259], [5.644888313740332e-07, 0.9999999999986652, 1.5332992908000836e-06, 0.24124980308239774], [0.9999999999998248, -5.644885582478926e-07, -1.7813012564982245e-07, -0.19999980927176575], [0.0, 0.0, 0.0, 1.0]]","[[2.220446049250313e-16, -0.0, -1.0, 0.4], [0.0, 1.0, -0.0, -0.24125], [1.0, 0.0, 2.220446049250313e-16, -0.2], [0.0, 0.0, 0.0, 1.0]]","[[-9.311903166886459e-07, 9.872350162474925e-07, -0.9999999999990794, 0.39999994676373074], [3.473126647404011e-07, 0.9999999999994527, 9.872346928336707e-07, -0.24125000845008845], [0.9999999999995064, -3.473117454366949e-07, -9.311906595255159e-07, -0.19999977063436714], [0.0, 0.0, 0.0, 1.0]]"
2.125,-3.104492586273692,11.41321792856098,-1.971571029634381,-99.2297054318081,10.738462686681775,16.512571422321738,23.876046394803453,-3.104492586273692,-11.41321792856098,1.971571029634381,-99.2297054318081,-10.738462686681775,16.512571422321738,-23.876046394803453,"[[2.220446049250313e-16, -0.0, -1.0, 0.4], [0.0, 1.0, -0.0, 0.240625], [1.0, 0.0, 2.220446049250313e-16, -0.2], [0.0, 0.0, 0.0, 1.0]]","[[-2.388733055802561e-07, 1.5762684456624435e-06, -0.9999999999987291, 0.39999994806180894], [5.692400786620311e-07, 0.9999999999985956, 1.576268309685974e-06, 0.2406247893828398], [0.9999999999998094, -5.692397021328861e-07, -2.388742028625046e-07, -0.19999978847773806], [0.0, 0.0, 0.0, 1.0]]","[[2.220446049250313e-16, -0.0, -1.0, 0.4], [0.0, 1.0, -0.0, -0.240625], [1.0, 0.0, 2.220446049250313e-16, -0.2], [0.0, 0.0, 0.0, 1.0]]","[[-9.908456128360221e-07, 9.453092236893609e-07, -0.9999999999990625, 0.399999941159768], [3.414754197714629e-07, 0.9999999999994951, 9.453088853403484e-07, -0.2406249949741958], [0.9999999999994511, -3.41474483115981e-07, -9.90845935466833e-07, -0.1999997504931494], [0.0, 0.0, 0.0, 1.0]]"
2.1333333333333333,-3.140835382517095,11.37855386474952,-2.0639830622178303,-99.2483586784314,10.833912019011764,16.55834393504458,23.817424588704526,-3.140835382517095,-11.37855386474952,2.0639830622178303,-99.2483586784314,-10.833912019011764,16.55834393504458,-23.817424588704526,"[[2.220446049250313e-16, -0.0, -1.0, 0.4], [0.0, 1.0, -0.0, 0.24], [1.0, 0.0, 2.220446049250313e-16, -0.2], [0.0, 0.0, 0.0, 1.0]]","[[-1.9267823919699723e-07, 1.553743935459193e-06, -0.9999999999987744, 0.3999999508899229], [5.734772053090572e-07, 0.9999999999986287, 1.553743824962388e-06, 0.23999979739748223], [0.9999999999998171, -5.7347690593573e-07, -1.926791302619968e-07, -0.199999799558763], [0.0, 0.0, 0.0, 1.0]]","[[2.220446049250313e-16, -0.0, -1.0, 0.4], [0.0, 1.0, -0.0, -0.24], [1.0, 0.0, 2.220446049250313e-16, -0.2], [0.0, 0.0, 0.0, 1.0]]","[[-9.435609094610165e-07, 9.68879966006161e-07, -0.9999999999990854, 0.3999999440555377], [3.3615551906902864e-07, 0.999999999999474, 9.688796488233304e-07, -0.2400000032136443], [0.9999999999994982, -3.3615460487175866e-07, -9.435612352004519e-07, -0.19999976222639496], [0.0, 0.0, 0.0, 1.0]]"
2.1416666666666666,-3.177327802592004,11.343838574519284,-2.156420921454079,-99.26672505710957,10.92943733719627,16.603938862849,23.758710575051804,-3.177327802592004,-11.343838574519284,2.156420921454079,-99.26672505710957,-10.92943733719627,16.603938862849,-23.758710575051804,"[[2.220446049250313e-16, -0.0, -1.0, 0.4], [0.0, 1.0, -0.0, 0.239375], [1.0, 0.0, 2.220446049250313e-16, -0.2], [0.0, 0.0, 0.0, 1.0]]","[[-1.8243073390822317e-07, 1.548921016383086e-06, -0.9999999999987838, 0.3999999508843849], [5.849906540612739e-07, 0.9999999999986293, 1.5489209096625725e-06, 0.23937479760457578], [0.9999999999998123, -5.84990371489784e-07, -1.8243164007225587e-07, -0.1999998031192822], [0.0, 0.0, 0.0, 1.0]]","[[2.220446049250313e-16, -0.0, -1.0, 0.4], [0.0, 1.0, -0.0, -0.239375], [1.0, 0.0, 2.220446049250313e-16, -0.2], [0.0, 0.0, 0.0, 1.0]]","[[-9.322228253783038e-07, 9.747520607003816e-07, -0.9999999999990904, 0.3999999441185632], [3.2356255481491014e-07, 0.9999999999994726, 9.747517590683551e-07, -0.23937500364662626], [0.9999999999995132, -3.2356164612877697e-07, -9.322231409036874e-07, -0.1999997664385755], [0.0, 0.0, 0.0, 1.0]]"
2.15,-3.213969846498418,11.309072911643918,-2.2488835401260685,-99.28480456784258,11.025037787461645,16.649356205735,23.699904353845287,-3.213969846498418,-11.309072911643918,2.2488835401260685,-99.28480456784258,-11.025037787461645,16.649356205735,-23.699904353845287,"[[2.220446049250313e-16, -0.0, -1.0, 0.4], [0.0, 1.0, -0.0, 0.23875000000000002], [1.0, 0.0, 2.220446049250313e-16, -0.2], [0.0, 0.0, 0.0, 1.0]]","[[-2.13527082126852e-07, 1.5597010937281982e-06, -0.9999999999987609, 0.39999995015179657], [5.639771770695555e-07, 0.9999999999986248, 1.5597009733035843e-06, 0.23874979559670848], [0.9999999999998183, -5.639768440304587e-07, -2.1352796186757672e-07, -0.19999979406938287], [0.0, 0.0, 0.0, 1.0]]","[[2.220446049250313e-16, -0.0, -1.0, 0.4], [0.0, 1.0, -0.0, -0.23875000000000002], [1.0, 0.0, 2.220446049250313e-16, -0.2], [0.0, 0.0, 0.0, 1.0]]","[[-9.622276517240458e-07, 9.65024112824991e-07, -0.9999999999990714, 0.3999999434554483], [3.4349976765564413e-07, 0.9999999999994753, 9.65023782300406e-07, -0.23875000186572368], [0.999999999999478, -3.4349883908275734e-07, -9.62227983236641e-07, -0.19999975803976444], [0.0, 0.0, 0.0, 1.0]]"
2.158333333333333,-3.2507606604626917,11.274255168576133,-2.341370277903565,-99.30259721063047,11.120712516034246,16.69459767124987,23.641011047726852,-3.2507606604626917,-11.274255168576133,2.341370277903565,-99.30259721063047,-11.120712516034246,16.69459767124987,-23.641011047726852,"[[2.220446049250313e-16, -0.0, -1.0, 0.4], [0.0, 1.0, -0.0, 0.238125], [1.0, 0.0, 2.220446049250313e-16, -0.2], [0.0, 0.0, 0.0, 1.0]]","[[-2.3842577268062826e-07, 1.5772315041799721e-06, -0.9999999999987278, 0.3999999458639445], [6.00380700365963e-07, 0.999999999998576, 1.5772313610335002e-06, 0.23812478799411566], [0.9999999999997914, -6.003803243125932e-07, -2.3842671970086826e-07, -0.19999978192509987], [0.0, 0.0, 0.0, 1.0]]","[[2.220446049250313e-16, -0.0, -1.0, 0.4], [0.0, 1.0, -0.0, -0.238125], [1.0, 0.0, 2.220446049250313e-16, -0.2], [0.0, 0.0, 0.0, 1.0]]","[[-9.860339820755293e-07, 9.485487098262678e-07, -0.999999999999064, 0.39999993923798305], [3.0602318898557515e-07, 0.9999999999995033, 9.485484080774209e-07, -0.23812499449117108], [0.999999999999467, -3.0602225368432475e-07, -9.86034272287828e-07, -0.19999974654600464], [0.0, 0.0, 0.0, 1.0]]"
2.1666666666666665,-3.287700244484825,11.239386199089571,-2.4338802810129216,-99.32009615528405,11.21646152291407,16.73965984429903,23.582027241601914,-3.287700244484825,-11.239386199089571,2.4338802810129216,-99.32009615528405,-11.21646152291407,16.73965984429903,-23.582027241601914,"[[2.220446049250313e-16, -0.0, -1.0, 0.4], [0.0, 1.0, -0.0, 0.23750000000000002], [1.0, 0.0, 2.220446049250313e-16, -0.2], [0.0, 0.0, 0.0, 1.0]]","[[-2.1695153312739635e-07, 1.5606589390887584e-06, -0.9999999999987585, 0.39999994956865526], [5.763288106805667e-07, 0.999999999998616, 1.560658814053117e-06, 0.2374997961331196], [0.9999999999998104, -5.763284720925292e-07, -2.169524326300909e-07, -0.1999997959310564], [0.0, 0.0, 0.0, 1.0]]","[[2.220446049250313e-16, -0.0, -1.0, 0.4], [0.0, 1.0, -0.0, -0.23750000000000002], [1.0, 0.0, 2.220446049250313e-16, -0.2], [0.0, 0.0, 0.0, 1.0]]","[[-9.634664933089176e-07, 9.661792574741479e-07, -0.9999999999990693, 0.3999999430139963], [3.290053160971655e-07, 0.9999999999994793, 9.661789404889458e-07, -0.2375000028593301], [0.9999999999994819, -3.290043852158236e-07, -9.63466811276792e-07, -0.19999976120186974], [0.0, 0.0, 0.0, 1.0]]"
2.175,-3.3247883851214057,11.204464295636942,-2.526412482237081,-99.33730823199248,11.312283100553824,16.784546139977063,23.52295635056506,-3.3247883851214057,-11.204464295636942,2.526412482237081,-99.33730823199248,-11.312283100553824,16.784546139977063,-23.52295635056506,"[[2.220446049250313e-16, -0.0, -1.0, 0.4], [0.0, 1.0, -0.0, 0.236875], [1.0, 0.0, 2.220446049250313e-16, -0.2], [0.0, 0.0, 0.0, 1.0]]","[[-1.8703378412698868e-07, 1.551532520225645e-06, -0.9999999999987789, 0.3999999515025734], [5.723214148423437e-07, 0.9999999999986325, 1.5515324131819783e-06, 0.2368747992698395], [0.9999999999998187, -5.723211246526665e-07, -1.8703467208336377e-07, -0.19999980371574638], [0.0, 0.0, 0.0, 1.0]]","[[2.220446049250313e-16, -0.0, -1.0, 0.4], [0.0, 1.0, -0.0, -0.236875], [1.0, 0.0, 2.220446049250313e-16, -0.2], [0.0, 0.0, 0.0, 1.0]]","[[-9.324546566547021e-07, 9.763665477980475e-07, -0.9999999999990886, 0.3999999450201359], [3.3194614082093356e-07, 0.9999999999994684, 9.763662382736935e-07, -0.23687500622627025], [0.9999999999995103, -3.3194523040338564e-07, -9.324549806177806e-07, -0.19999976963588584], [0.0, 0.0, 0.0, 1.0]]"
2.183333333333333,-3.3620244420421996,11.169489458218246,-2.6189660278023967,-99.35423344075576,11.408178102727158,16.82925314318938,23.463798374616285,-3.3620244420421996,-11.169489458218246,2.6189660278023967,-99.35423344075576,-11.408178102727158,16.82925314318938,-23.463798374616285,"[[2.220446049250313e-16, -0.0, -1.0, 0.4], [0.0, 1.0, -0.0, 0.23625000000000002], [1.0, 0.0, 2.220446049250313e-16, -0.2], [0.0, 0.0, 0.0, 1.0]]","[[-2.054612674995404e-07, 1.546607602498924e-06, -0.9999999999987831, 0.39999995085276224], [5.693154895245195e-07, 0.999999999998642, 1.5466074855264239e-06, 0.2362498002423869], [0.9999999999998169, -5.693151717558921e-07, -2.0546214812844354e-07, -0.1999998000479659], [0.0, 0.0, 0.0, 1.0]]","[[2.220446049250313e-16, -0.0, -1.0, 0.4], [0.0, 1.0, -0.0, -0.23625000000000002], [1.0, 0.0, 2.220446049250313e-16, -0.2], [0.0, 0.0, 0.0, 1.0]]","[[-9.497872205943558e-07, 9.823552181176242e-07, -0.9999999999990665, 0.399999944443463], [3.3388876023589284e-07, 0.9999999999994618, 9.823549009947352e-07, -0.2362500074300921], [0.9999999999994933, -3.3388782720745e-07, -9.497875487762819e-07, -0.19999976661684007], [0.0, 0.0, 0.0, 1.0]]"
2.1916666666666664,-3.3994084152472066,11.134460833059835,-2.711540277378634,-99.37087178157392,11.504143968113128,16.873782561483278,23.404555021302887,-3.3994084152472066,-11.134460833059835,2.711540277378634,-99.37087178157392,-11.504143968113128,16.873782561483278,-23.404555021302887,"[[2.220446049250313e-16, -0.0, -1.0, 0.4], [0.0, 1.0, -0.0, 0.23562499999999997], [1.0, 0.0, 2.220446049250313e-16, -0.2], [0.0, 0.0, 0.0, 1.0]]","[[-2.306482236869023e-07, 1.5662821573212075e-06, -0.9999999999987467, 0.3999999483196102], [5.768160998252193e-07, 0.9999999999986071, 1.56628202427938e-06, 0.23562479419524118], [0.9999999999998069, -5.768157385643297e-07, -2.3064912718639974e-07, -0.19999978824842657], [0.0, 0.0, 0.0, 1.0]]","[[2.220446049250313e-16, -0.0, -1.0, 0.4], [0.0, 1.0, -0.0, -0.23562499999999997], [1.0, 0.0, 2.220446049250313e-16, -0.2], [0.0, 0.0, 0.0, 1.0]]","[[-9.73878450605259e-07, 9.637472876789112e-07, -0.9999999999990613, 0.39999994198437666], [3.253280498397764e-07, 0.9999999999994826, 9.6374697084934e-07, -0.23562500161527467], [0.9999999999994728, -3.2532711126706426e-07, -9.73878764132241e-07, -0.19999975546544324], [0.0, 0.0, 0.0, 1.0]]"
2.2,-3.43693945096278,11.099378420161711,-2.8041343771921463,-99.38721642425776,11.600181550485386,16.918132687311463,23.345226290624865,-3.43693945096278,-11.099378420161711,2.8041343771921463,-99.38721642425776,-11.600181550485386,16.918132687311463,-23.345226290624865,"[[2.220446049250313e-16, -0.0, -1.0, 0.4], [0.0, 1.0, -0.0, 0.235], [1.0, 0.0, 2.220446049250313e-16, -0.2], [0.0, 0.0, 0.0, 1.0]]","[[-1.8426910913804662e-07, 1.5416311265323806e-06, -0.999999999998795, 0.3999999520723602], [5.52203116046445e-07, 0.9999999999986595, 1.5416310247781955e-06, 0.23499980358196598], [0.9999999999998308, -5.522028319708037e-07, -1.842699604570619e-07, -0.19999980696552278], [0.0, 0.0, 0.0, 1.0]]","[[2.220446049250313e-16, -0.0, -1.0, 0.4], [0.0, 1.0, -0.0, -0.235], [1.0, 0.0, 2.220446049250313e-16, -0.2], [0.0, 0.0, 0.0, 1.0]]","[[-9.264028271172009e-07, 9.89467849755603e-07, -0.9999999999990815, 0.39999994581211723], [3.488841987036574e-07, 0.9999999999994498, 9.894675265486594e-07, -0.23500001123542347], [0.9999999999995103, -3.488832820578229e-07, -9.264031723965616e-07, -0.19999977483004855], [0.0, 0.0, 0.0, 1.0]]"
2.2083333333333335,-3.4746177626323327,11.06424051197658,-2.8967472600258763,-99.40327419899646,11.696289142296635,16.96230522822123,23.2858155976768,-3.4746177626323327,-11.06424051197658,2.8967472600258763,-99.40327419899646,-11.696289142296635,16.96230522822123,-23.2858155976768,"[[2.220446049250313e-16, -0.0, -1.0, 0.4], [0.0, 1.0, -0.0, 0.234375], [1.0, 0.0, 2.220446049250313e-16, -0.2], [0.0, 0.0, 0.0, 1.0]]","[[-1.389720869493516e-07, 1.5279760730542482e-06, -0.9999999999988233, 0.3999999537605101], [5.778251264821324e-07, 0.999999999998666, 1.5279759927524443e-06, 0.23437480551307407], [0.9999999999998236, -5.778249141354397e-07, -1.3897297002074538e-07, -0.19999981817318208], [0.0, 0.0, 0.0, 1.0]]","[[2.220446049250313e-16, -0.0, -1.0, 0.4], [0.0, 1.0, -0.0, -0.234375], [1.0, 0.0, 2.220446049250313e-16, -0.2], [0.0, 0.0, 0.0, 1.0]]","[[-8.800085654070422e-07, 1.0041952605992976e-06, -0.9999999999991087, 0.39999994757618695], [3.22208549926354e-07, 0.999999999999444, 1.0041949770533505e-06, -0.2343750134009991], [0.999999999999561, -3.2220766622588556e-07, -8.800088889260316e-07, -0.1999997866846172], [0.0, 0.0, 0.0, 1.0]]"
2.216666666666667,-3.5124427099256286,11.02904796227809,-2.989378072106178,-99.41904510579002,11.792466743546877,17.006296769117988,23.22631952736411,-3.5124427099256286,-11.02904796227809,2.989378072106178,-99.41904510579002,-11.792466743546877,17.006296769117988,-23.22631952736411,"[[2.220446049250313e-16, -0.0, -1.0, 0.4], [0.0, 1.0, -0.0, 0.23374999999999999], [1.0, 0.0, 2.220446049250313e-16, -0.2], [0.0, 0.0, 0.0, 1.0]]","[[-1.491232640149498e-07, 1.533928548293008e-06, -0.9999999999988123, 0.3999999531336964], [5.560775674764309e-07, 0.9999999999986688, 1.533928465368686e-06, 0.23374980477553153], [0.9999999999998341, -5.56077338731351e-07, -1.4912411688827731e-07, -0.19999981553678392], [0.0, 0.0, 0.0, 1.0]]","[[2.220446049250313e-16, -0.0, -1.0, 0.4], [0.0, 1.0, -0.0, -0.23374999999999999], [1.0, 0.0, 2.220446049250313e-16, -0.2], [0.0, 0.0, 0.0, 1.0]]","[[-8.890616995937961e-07, 9.993180118237102e-07, -0.9999999999991056, 0.39999994702622305], [3.429057344320471e-07, 0.999999999999442, 9.993177069596915e-07, -0.23375001289895667], [0.9999999999995461, -3.4290484597664136e-07, -8.890620422086215e-07, -0.19999978469450952], [0.0, 0.0, 0.0, 1.0]]"
2.225,-3.5504140793992565,10.993799917292593,-3.082025959659404,-99.43452914463845,11.888713500462465,17.050109017549033,23.166743202328675,-3.5504140793992565,-10.993799917292593,3.082025959659404,-99.43452914463845,-11.888713500462465,17.050109017549033,-23.166743202328675,"[[2.220446049250313e-16, -0.0, -1.0, 0.4], [0.0, 1.0, -0.0, 0.233125], [1.0, 0.0, 2.220446049250313e-16, -0.2], [0.0, 0.0, 0.0, 1.0]]","[[-1.828933441361258e-07, 1.5494331996193795e-06, -0.9999999999987831, 0.3999999503691708], [5.644822302005567e-07, 0.9999999999986405, 1.5494330963791158e-06, 0.2331248008214712], [0.999999999999824, -5.644819468188691e-07, -1.828942187698246e-07, -0.19999980196707598], [0.0, 0.0, 0.0, 1.0]]","[[2.220446049250313e-16, -0.0, -1.0, 0.4], [0.0, 1.0, -0.0, -0.233125], [1.0, 0.0, 2.220446049250313e-16, -0.2], [0.0, 0.0, 0.0, 1.0]]","[[-9.21733043168782e-07, 9.84891392376721e-07, -0.9999999999990904, 0.3999999443394795], [3.334539186961144e-07, 0.9999999999994595, 9.848910850215896e-07, -0.23312500918142676], [0.9999999999995198, -3.334530108891541e-07, -9.217333715727527e-07, -0.19999977177047717], [0.0, 0.0, 0.0, 1.0]]"
2.2333333333333334,-3.5885314441663936,10.958494669472797,-3.1746900689119095,-99.44972631554172,11.985028559269754,17.093740265967078,23.107086622570492,-3.5885314441663936,-10.958494669472797,3.1746900689119095,-99.44972631554172,-11.985028559269754,17.093740265967078,-23.107086622570492,"[[2.220446049250313e-16, -0.0, -1.0, 0.4], [0.0, 1.0, -0.0, 0.23249999999999998], [1.0, 0.0, 2.220446049250313e-16, -0.2], [0.0, 0.0, 0.0, 1.0]]","[[-2.56960789979388e-07, 1.5878896310256349e-06, -0.9999999999987066, 0.39999994437312886], [6.051060501724857e-07, 0.9999999999985565, 1.5878894755368676e-06, 0.23249978796336024], [0.9999999999997842, -6.051056421463686e-07, -2.569617509884381e-07, -0.19999977786921214], [0.0, 0.0, 0.0, 1.0]]","[[2.220446049250313e-16, -0.0, -1.0, 0.4], [0.0, 1.0, -0.0, -0.23249999999999998], [1.0, 0.0, 2.220446049250313e-16, -0.2], [0.0, 0.0, 0.0, 1.0]]","[[-9.94701055745395e-07, 9.475157953543865e-07, -0.9999999999990564, 0.399999938422156], [2.9178619134661625e-07, 0.9999999999995086, 9.475155051147823e-07, -0.2324999965608701], [0.9999999999994628, -2.9178524885166766e-07, -9.947013321909282e-07, -0.19999974831767156], [0.0, 0.0, 0.0, 1.0]]"
2.2416666666666667,-3.626794590783628,10.923133926365994,-3.2673697595334588,-99.46462978831069,12.081411919968742,17.137192221919406,23.047348080542267,-3.626794590783628,-10.923133926365994,3.2673697595334588,-99.46462978831069,-12.081411919968742,17.137192221919406,-23.047348080542267,"[[2.220446049250313e-16, -0.0, -1.0, 0.4], [0.0, 1.0, -0.0, 0.231875], [1.0, 0.0, 2.220446049250313e-16, -0.2], [0.0, 0.0, 0.0, 1.0]]","[[-2.4775432705403944e-07, 1.5744610855131884e-06, -0.9999999999987299, 0.39999994656596305], [5.724333503784104e-07, 0.9999999999985969, 1.5744609436901394e-06, 0.23187479325638258], [0.9999999999998055, -5.724329602981717e-07, -2.4775522833309083e-07, -0.19999978113356895], [0.0, 0.0, 0.0, 1.0]]","[[2.220446049250313e-16, -0.0, -1.0, 0.4], [0.0, 1.0, -0.0, -0.231875], [1.0, 0.0, 2.220446049250313e-16, -0.2], [0.0, 0.0, 0.0, 1.0]]","[[-9.843944464571486e-07, 9.620280536826947e-07, -0.9999999999990528, 0.39999994069464484], [3.234182109231718e-07, 0.9999999999994851, 9.620277353120198e-07, -0.23187500209251788], [0.9999999999994631, -3.2341726390810555e-07, -9.8439475754164e-07, -0.19999975222641847], [0.0, 0.0, 0.0, 1.0]]"
2.25,-3.6652028789207254,10.8877142728776,-3.3600637508635827,-99.47924639313452,12.17786187501214,17.18046317785873,22.987532698885882,-3.6652028789207254,-10.8877142728776,3.3600637508635827,-99.47924639313452,-12.17786187501214,17.18046317785873,-22.987532698885882,"[[2.220446049250313e-16, -0.0, -1.0, 0.4], [0.0, 1.0, -0.0, 0.23125], [1.0, 0.0, 2.220446049250313e-16, -0.2], [0.0, 0.0, 0.0, 1.0]]","[[-2.6492295218671913e-07, 1.5822764418748873e-06, -0.9999999999987133, 0.3999999446784494], [6.065982223658962e-07, 0.9999999999985643, 1.5822762811728599e-06, 0.23124978828518727], [0.9999999999997811, -6.065978031838118e-07, -2.649239118635016e-07, -0.19999977627500914], [0.0, 0.0, 0.0, 1.0]]","[[2.220446049250313e-16, -0.0, -1.0, 0.4], [0.0, 1.0, -0.0, -0.23125], [1.0, 0.0, 2.220446049250313e-16, -0.2], [0.0, 0.0, 0.0, 1.0]]","[[-1.000462299283189e-06, 9.552991677572308e-07, -0.9999999999990434, 0.3999999388877271], [2.8821588905996965e-07, 0.9999999999995024, 9.552988794085382e-07, -0.23124999736096188], [0.9999999999994582, -2.882149333191806e-07, -1.0004625746184992e-06, -0.1999997480116243], [0.0, 0.0, 0.0, 1.0]]"
2.2583333333333333,-3.7037558816908627,10.852238270328554,-3.4527714025720466,-99.49356929982403,12.274377570626298,17.223554841332337,22.927638770054042,-3.7037558816908627,-10.852238270328554,3.4527714025720466,-99.49356929982403,-12.274377570626298,17.223554841332337,-22.927638770054042,"[[2.220446049250313e-16, -0.0, -1.0, 0.4], [0.0, 1.0, -0.0, 0.230625], [1.0, 0.0, 2.220446049250313e-16, -0.2], [0.0, 0.0, 0.0, 1.0]]","[[-1.7881585107071274e-07, 1.5478429702055292e-06, -0.9999999999987863, 0.39999994999408806], [5.820633559653182e-07, 0.9999999999986329, 1.5478428661231375e-06, 0.23062480249785858], [0.9999999999998148, -5.820630791857721e-07, -1.7881675212771952e-07, -0.19999980156938604], [0.0, 0.0, 0.0, 1.0]]","[[2.220446049250313e-16, -0.0, -1.0, 0.4], [0.0, 1.0, -0.0, -0.230625], [1.0, 0.0, 2.220446049250313e-16, -0.2], [0.0, 0.0, 0.0, 1.0]]","[[-9.132537747702507e-07, 9.908219463701906e-07, -0.9999999999990924, 0.3999999442849059], [3.117165110325118e-07, 0.9999999999994609, 9.908216616942752e-07, -0.23062501181433395], [0.9999999999995347, -3.117156061606062e-07, -9.132540836342962e-07, -0.19999977394908908], [0.0, 0.0, 0.0, 1.0]]"
2.2666666666666666,-3.742453599094039,10.81670250362427,-3.5454918608852046,-99.50760533856841,12.370959860584863,17.266463797245653,22.867666294046742,-3.742453599094039,-10.81670250362427,3.5454918608852046,-99.50760533856841,-12.370959860584863,17.266463797245653,-22.867666294046742,"[[2.220446049250313e-16, -0.0, -1.0, 0.4], [0.0, 1.0, -0.0, 0.23], [1.0, 0.0, 2.220446049250313e-16, -0.2], [0.0, 0.0, 0.0, 1.0]]","[[-1.5089689281433394e-07, 1.5260149419379306e-06, -0.9999999999988242, 0.39999995201016997], [5.639396049668844e-07, 0.9999999999986766, 1.5260148568409711e-06, 0.2299998062860906], [0.9999999999998296, -5.63939374695321e-07, -1.5089775345922263e-07, -0.19999981405252795], [0.0, 0.0, 0.0, 1.0]]","[[2.220446049250313e-16, -0.0, -1.0, 0.4], [0.0, 1.0, -0.0, -0.23], [1.0, 0.0, 2.220446049250313e-16, -0.2], [0.0, 0.0, 0.0, 1.0]]","[[-8.842327371416658e-07, 1.0137420638710797e-06, -0.9999999999990954, 0.3999999463834698], [3.288092756267314e-07, 0.9999999999994323, 1.0137417731274953e-06, -0.23000001584426813], [0.9999999999995552, -3.28808379242771e-07, -8.842330704306178e-07, -0.19999978707467578], [0.0, 0.0, 0.0, 1.0]]"
2.275,-3.7812956042434323,10.781108680312041,-3.6382240585859984,-99.52135450936764,12.467606183566897,17.309190045598665,22.807620393505868,-3.7812956042434323,-10.781108680312041,3.6382240585859984,-99.52135450936764,-12.467606183566897,17.309190045598665,-22.807620393505868,"[[2.220446049250313e-16, -0.0, -1.0, 0.4], [0.0, 1.0, -0.0, 0.229375], [1.0, 0.0, 2.220446049250313e-16, -0.2], [0.0, 0.0, 0.0, 1.0]]","[[-1.7274375974096756e-07, 1.5375033197966304e-06, -0.9999999999988033, 0.39999995202029365], [5.768939024665655e-07, 0.9999999999986517, 1.5375032201415756e-06, 0.22937480684927872], [0.9999999999998189, -5.768936368717879e-07, -1.7274464680916424e-07, -0.19999981094635705], [0.0, 0.0, 0.0, 1.0]]","[[2.220446049250313e-16, -0.0, -1.0, 0.4], [0.0, 1.0, -0.0, -0.229375], [1.0, 0.0, 2.220446049250313e-16, -0.2], [0.0, 0.0, 0.0, 1.0]]","[[-9.049769645885775e-07, 1.0033485050066495e-06, -0.9999999999990872, 0.3999999464770255], [3.1482723108505935e-07, 0.9999999999994472, 1.0033482200956188e-06, -0.22937501665015442], [0.999999999999541, -3.148263230777454e-07, -9.049772803360057e-07, -0.1999997846103021], [0.0, 0.0, 0.0, 1.0]]"
2.283333333333333,-3.820281470252219,10.745455092844574,-3.7309673553441933,-99.53481681222173,12.564316539572399,17.35173700148597,22.747497653336833,-3.820281470252219,-10.745455092844574,3.7309673553441933,-99.53481681222173,-12.564316539572399,17.35173700148597,-22.747497653336833,"[[2.220446049250313e-16, -0.0, -1.0, 0.4], [0.0, 1.0, -0.0, 0.22875], [1.0, 0.0, 2.220446049250313e-16, -0.2], [0.0, 0.0, 0.0, 1.0]]","[[-1.8326299616733266e-07, 1.5510666683576112e-06, -0.9999999999987805, 0.3999999487545604], [5.671774531622935e-07, 0.9999999999986364, 1.5510665644147485e-06, 0.22874980196744155], [0.9999999999998226, -5.671771689084958e-07, -1.8326387590805737e-07, -0.19999980080609786], [0.0, 0.0, 0.0, 1.0]]","[[2.220446049250313e-16, -0.0, -1.0, 0.4], [0.0, 1.0, -0.0, -0.22875], [1.0, 0.0, 2.220446049250313e-16, -0.2], [0.0, 0.0, 0.0, 1.0]]","[[-9.143929290411634e-07, 9.908827435953967e-07, -0.9999999999990913, 0.399999943295673], [3.2351910096861997e-07, 0.999999999999457, 9.90882447772181e-07, -0.2287500120120122], [0.9999999999995298, -3.2351819491242213e-07, -9.143932496735729e-07, -0.19999977511118014], [0.0, 0.0, 0.0, 1.0]]"
2.2916666666666665,-3.859411197120399,10.70974174122187,-3.8237208973861434,-99.5479922471307,12.661090928601372,17.39409954226568,22.68730319618151,-3.859411197120399,-10.70974174122187,3.8237208973861434,-99.5479922471307,-12.661090928601372,17.39409954226568,-22.68730319618151,"[[2.220446049250313e-16, -0.0, -1.0, 0.4], [0.0, 1.0, -0.0, 0.228125], [1.0, 0.0, 2.220446049250313e-16, -0.2], [0.0, 0.0, 0.0, 1.0]]","[[-2.730911559667426e-07, 1.5898547630372272e-06, -0.9999999999986992, 0.3999999437063194], [6.02641465698745e-07, 0.9999999999985549, 1.5898545984609431e-06, 0.22812479044544162], [0.9999999999997814, -6.026410315227309e-07, -2.7309211408921286e-07, -0.19999977189748547], [0.0, 0.0, 0.0, 1.0]]","[[2.220446049250313e-16, -0.0, -1.0, 0.4], [0.0, 1.0, -0.0, -0.228125], [1.0, 0.0, 2.220446049250313e-16, -0.2], [0.0, 0.0, 0.0, 1.0]]","[[-1.0031172997804205e-06, 9.531949443666579e-07, -0.9999999999990427, 0.3999999383327636], [2.870337759176847e-07, 0.9999999999995045, 9.53194656438552e-07, -0.22812500073469136], [0.9999999999994557, -2.8703281975135995e-07, -1.0031175733393738e-06, -0.1999997468430496], [0.0, 0.0, 0.0, 1.0]]"
2.3,-3.8986835041875025,10.673967771670283,-3.916483830938202,-99.56087398390534,12.75792764310652,17.436281083032387,22.627033606945318,-3.8986835041875025,-10.673967771670283,3.916483830938202,-99.56087398390534,-12.75792764310652,17.436281083032387,-22.627033606945318,"[[2.220446049250313e-16, -0.0, -1.0, 0.4], [0.0, 1.0, -0.0, 0.2275], [1.0, 0.0, 2.220446049250313e-16, -0.2], [0.0, 0.0, 0.0, 1.0]]","[[-2.5619070515014997e-07, 1.5887293336784587e-06, -0.9999999999987051, 0.3999999434218959], [5.789521679447452e-07, 0.9999999999985705, 1.5887291853560804e-06, 0.22749979143493135], [0.9999999999997996, -5.789517609263454e-07, -2.5619162485890357e-07, -0.1999997770897738], [0.0, 0.0, 0.0, 1.0]]","[[2.220446049250313e-16, -0.0, -1.0, 0.4], [0.0, 1.0, -0.0, -0.2275], [1.0, 0.0, 2.220446049250313e-16, -0.2], [0.0, 0.0, 0.0, 1.0]]","[[-9.851124763149421e-07, 9.554234582111771e-07, -0.9999999999990585, 0.3999999381346268], [3.097049639762959e-07, 0.999999999999496, 9.55423153117371e-07, -0.2275000019698955], [0.9999999999994671, -3.09704022776736e-07, -9.851127723004005e-07, -0.19999975267511697], [0.0, 0.0, 0.0, 1.0]]"
2.308333333333333,-3.938098818340354,10.638132330416164,-4.0092548753399,-99.57346202254567,12.854826683087845,17.478279916238794,22.56669400827013,-3.938098818340354,-10.638132330416164,4.0092548753399,-99.57346202254567,-12.854826683087845,17.478279916238794,-22.56669400827013,"[[2.220446049250313e-16, -0.0, -1.0, 0.4], [0.0, 1.0, -0.0, 0.22687500000000002], [1.0, 0.0, 2.220446049250313e-16, -0.2], [0.0, 0.0, 0.0, 1.0]]","[[-1.758175248722793e-07, 1.5440596631869032e-06, -0.9999999999987926, 0.39999995084444495], [5.803009253011158e-07, 0.9999999999986396, 1.544059561159595e-06, 0.2268748040520532], [0.9999999999998163, -5.803006538276849e-07, -1.7581842082226018e-07, -0.19999980766949751], [0.0, 0.0, 0.0, 1.0]]","[[2.220446049250313e-16, -0.0, -1.0, 0.4], [0.0, 1.0, -0.0, -0.22687500000000002], [1.0, 0.0, 2.220446049250313e-16, -0.2], [0.0, 0.0, 0.0, 1.0]]","[[-9.036344584822942e-07, 1.0011989455458246e-06, -0.9999999999990905, 0.399999945644416], [3.073413319359038e-07, 0.9999999999994517, 1.001198667821968e-06, -0.22687501483375808], [0.9999999999995446, -3.073404272180083e-07, -9.036347662361166e-07, -0.19999978389391995], [0.0, 0.0, 0.0, 1.0]]"
2.3166666666666664,-3.977656712692129,10.602236271233163,-4.102033176817591,-99.58577002343003,12.951786340998053,17.520096041884905,22.50628269260866,-3.977656712692129,-10.602236271233163,4.102033176817591,-99.58577002343003,-12.951786340998053,17.520096041884905,-22.50628269260866,"[[2.220446049250313e-16, -0.0, -1.0, 0.4], [0.0, 1.0, -0.0, 0.22624999999999998], [1.0, 0.0, 2.220446049250313e-16, -0.2], [0.0, 0.0, 0.0, 1.0]]","[[-2.3381738234462546e-07, 1.5715925741341428e-06, -0.9999999999987377, 0.3999999465373745], [5.809529292508118e-07, 0.9999999999985962, 1.5715924382970276e-06, 0.22624979738244635], [0.9999999999998039, -5.809525617844485e-07, -2.338182953920409e-07, -0.19999978284224082], [0.0, 0.0, 0.0, 1.0]]","[[2.220446049250313e-16, -0.0, -1.0, 0.4], [0.0, 1.0, -0.0, -0.22624999999999998], [1.0, 0.0, 2.220446049250313e-16, -0.2], [0.0, 0.0, 0.0, 1.0]]","[[-9.605289312264453e-07, 9.747745188384911e-07, -0.9999999999990637, 0.39999994142554357], [3.0567764276266025e-07, 0.9999999999994782, 9.747742252266757e-07, -0.22625000841181223], [0.9999999999994921, -3.0567670646352924e-07, -9.605292292103051e-07, -0.1999997597050887], [0.0, 0.0, 0.0, 1.0]]"
2.325,-4.0173563334691815,10.566277032800338,-4.1948187353712765,-99.59778432618009,13.048807470610791,17.561729459970717,22.4458013675082,-4.0173563334691815,-10.566277032800338,4.1948187353712765,-99.59778432618009,-13.048807470610791,17.561729459970717,-22.4458013675082,"[[2.220446049250313e-16, -0.0, -1.0, 0.4], [0.0, 1.0, -0.0, 0.225625], [1.0, 0.0, 2.220446049250313e-16, -0.2], [0.0, 0.0, 0.0, 1.0]]","[[-2.0679934764622487e-07, 1.555313160232085e-06, -0.9999999999987693, 0.39999994664923927], [5.820194129466383e-07, 0.9999999999986213, 1.55531303987062e-06, 0.22562479691209072], [0.9999999999998094, -5.820190913082001e-07, -2.0680025270003455e-07, -0.1999997907825152], [0.0, 0.0, 0.0, 1.0]]","[[2.220446049250313e-16, -0.0, -1.0, 0.4], [0.0, 1.0, -0.0, -0.225625], [1.0, 0.0, 2.220446049250313e-16, -0.2], [0.0, 0.0, 0.0, 1.0]]","[[-9.324050400660866e-07, 9.921651427613263e-07, -0.9999999999990732, 0.3999999416265658], [3.0360269291326194e-07, 0.9999999999994618, 9.92164859681031e-07, -0.22562500819013695], [0.9999999999995193, -3.0360176781346487e-07, -9.324053411585709e-07, -0.1999997682830806], [0.0, 0.0, 0.0, 1.0]]"
2.3333333333333335,-4.057197680671512,10.530256322664984,-4.287609416566838,-99.609511760985,13.145887510605121,17.60317846294894,22.385251740516036,-4.057197680671512,-10.530256322664984,4.287609416566838,-99.609511760985,-13.145887510605121,17.60317846294894,-22.385251740516036,"[[2.220446049250313e-16, -0.0, -1.0, 0.4], [0.0, 1.0, -0.0, 0.22499999999999998], [1.0, 0.0, 2.220446049250313e-16, -0.2], [0.0, 0.0, 0.0, 1.0]]","[[-2.3383178332503363e-07, 1.5642254658048962e-06, -0.9999999999987493, 0.39999994509105824], [5.775639334598441e-07, 0.99999999999861, 1.5642253307518736e-06, 0.22499979642096296], [0.999999999999806, -5.775635676935231e-07, -2.3383268682453107e-07, -0.19999978036750876], [0.0, 0.0, 0.0, 1.0]]","[[2.220446049250313e-16, -0.0, -1.0, 0.4], [0.0, 1.0, -0.0, -0.22499999999999998], [1.0, 0.0, 2.220446049250313e-16, -0.2], [0.0, 0.0, 0.0, 1.0]]","[[-9.583311607053169e-07, 9.843667196797242e-07, -0.9999999999990563, 0.39999994015850415], [3.0705293272945343e-07, 0.9999999999994684, 9.843664254217363e-07, -0.22500000794864708], [0.9999999999994937, -3.070519893801447e-07, -9.583314629080242e-07, -0.1999997585050963], [0.0, 0.0, 0.0, 1.0]]"
2.341666666666667,-4.097179900525474,10.49417157950616,-4.380405220404278,-99.6209454976556,13.243026460981042,17.64444305081957,22.324635519179463,-4.097179900525474,-10.49417157950616,4.380405220404278,-99.6209454976556,-13.243026460981042,17.64444305081957,-22.324635519179463,"[[2.220446049250313e-16, -0.0, -1.0, 0.4], [0.0, 1.0, -0.0, 0.224375], [1.0, 0.0, 2.220446049250313e-16, -0.2], [0.0, 0.0, 0.0, 1.0]]","[[-1.906167754195387e-07, 1.5475119052899469e-06, -0.9999999999987844, 0.39999994806333344], [5.889371724288501e-07, 0.9999999999986291, 1.547511793028402e-06, 0.22437480251906125], [0.9999999999998085, -5.889368774464266e-07, -1.906176866905973e-07, -0.19999980043851395], [0.0, 0.0, 0.0, 1.0]]","[[2.220446049250313e-16, -0.0, -1.0, 0.4], [0.0, 1.0, -0.0, -0.224375], [1.0, 0.0, 2.220446049250313e-16, -0.2], [0.0, 0.0, 0.0, 1.0]]","[[-9.140094311965719e-07, 1.0021968497278832e-06, -0.9999999999990801, 0.39999994322186516], [2.946776872379211e-07, 0.9999999999994542, 1.002196580390073e-06, -0.22437501429738954], [0.9999999999995388, -2.9467677122052363e-07, -9.140097265158964e-07, -0.19999977921240572], [0.0, 0.0, 0.0, 1.0]]"
2.35,-4.137303419917891,10.458023657097513,-4.473204866223125,-99.63209236638106,13.34022346796491,17.685524931129905,22.263950995951195,-4.137303419917891,-10.458023657097513,4.473204866223125,-99.63209236638106,-13.34022346796491,17.685524931129905,-22.263950995951195,"[[2.220446049250313e-16, -0.0, -1.0, 0.4], [0.0, 1.0, -0.0, 0.22374999999999998], [1.0, 0.0, 2.220446049250313e-16, -0.2], [0.0, 0.0, 0.0, 1.0]]","[[-1.702368188638559e-07, 1.5413832618866365e-06, -0.9999999999987975, 0.39999994948618484], [5.736489574448712e-07, 0.9999999999986475, 1.5413831642302317e-06, 0.2237498046680239], [0.9999999999998209, -5.736486950440148e-07, -1.702377032675173e-07, -0.19999980539712361], [0.0, 0.0, 0.0, 1.0]]","[[2.220446049250313e-16, -0.0, -1.0, 0.4], [0.0, 1.0, -0.0, -0.22374999999999998], [1.0, 0.0, 2.220446049250313e-16, -0.2], [0.0, 0.0, 0.0, 1.0]]","[[-8.925222929612175e-07, 1.0094447399363267e-06, -0.9999999999990924, 0.39999994473676737], [3.0896707263384927e-07, 0.9999999999994431, 1.0094444641766804e-06, -0.22375001669794792], [0.9999999999995542, -3.0896617168188103e-07, -8.925226049338875e-07, -0.19999978480661273], [0.0, 0.0, 0.0, 1.0]]"
2.3583333333333334,-4.1775673850751165,10.421811701665398,-4.566007927136558,-99.64295236716139,13.437478531556721,17.72642239633265,22.203201585925807,-4.1775673850751165,-10.421811701665398,4.566007927136558,-99.64295236716139,-13.437478531556721,17.72642239633265,-22.203201585925807,"[[2.220446049250313e-16, -0.0, -1.0, 0.4], [0.0, 1.0, -0.0, 0.223125], [1.0, 0.0, 2.220446049250313e-16, -0.2], [0.0, 0.0, 0.0, 1.0]]","[[-1.8905573329064396e-07, 1.549362469672242e-06, -0.9999999999987821, 0.3999999469746921], [5.80770081344374e-07, 0.9999999999986313, 1.5493623598740947e-06, 0.22312480017941155], [0.9999999999998137, -5.807697884278293e-07, -1.8905663323742772e-07, -0.19999979723864067], [0.0, 0.0, 0.0, 1.0]]","[[2.220446049250313e-16, -0.0, -1.0, 0.4], [0.0, 1.0, -0.0, -0.223125], [1.0, 0.0, 2.220446049250313e-16, -0.2], [0.0, 0.0, 0.0, 1.0]]","[[-9.10233638407032e-07, 1.0025874044403299e-06, -0.9999999999990832, 0.39999994231829195], [3.0085032667921604e-07, 0.9999999999994522, 1.0025871305966124e-06, -0.2231250124618765], [0.9999999999995406, -3.008494140904084e-07, -9.102339401656501e-07, -0.19999977728302448], [0.0, 0.0, 0.0, 1.0]]"
2.3666666666666667,-4.217971369110327,10.385535713209814,-4.658812695597283,-99.65352549999656,13.534789944209185,17.76713373888051,22.1423889966506,-4.217971369110327,-10.385535713209814,4.658812695597283,-99.65352549999656,-13.534789944209185,17.76713373888051,-22.1423889966506,"[[2.220446049250313e-16, -0.0, -1.0, 0.4], [0.0, 1.0, -0.0, 0.2225], [1.0, 0.0, 2.220446049250313e-16, -0.2], [0.0, 0.0, 0.0, 1.0]]","[[-2.7193077584142245e-07, 1.5818853379441678e-06, -0.999999999998712, 0.399999941524876], [6.10402508074159e-07, 0.9999999999985627, 1.581885171956704e-06, 0.2224997934542613], [0.999999999999777, -6.104020779101107e-07, -2.7193174129136466e-07, -0.19999977113758308], [0.0, 0.0, 0.0, 1.0]]","[[2.220446049250313e-16, -0.0, -1.0, 0.4], [0.0, 1.0, -0.0, -0.2225], [1.0, 0.0, 2.220446049250313e-16, -0.2], [0.0, 0.0, 0.0, 1.0]]","[[-9.920007579267143e-07, 9.711890160389604e-07, -0.9999999999990367, 0.39999993696246205], [2.702255125711894e-07, 0.9999999999994922, 9.711887479754896e-07, -0.22250000599020278], [0.9999999999994716, -2.7022454915095496e-07, -9.920010203834373e-07, -0.19999975181614865], [0.0, 0.0, 0.0, 1.0]]"
2.375,-4.258515372023522,10.349193984183469,-4.7516191716053005,-99.66380493469742,13.632156852148656,17.807662373868073,22.081511520578275,-4.258515372023522,-10.349193984183469,4.7516191716053005,-99.66380493469742,-13.632156852148656,17.807662373868073,-22.081511520578275,"[[2.220446049250313e-16, -0.0, -1.0, 0.4], [0.0, 1.0, -0.0, 0.221875], [1.0, 0.0, 2.220446049250313e-16, -0.2], [0.0, 0.0, 0.0, 1.0]]","[[-2.5144698317935976e-07, 1.5818899948590498e-06, -0.9999999999987174, 0.39999994288928975], [6.069009909200827e-07, 0.9999999999985647, 1.5818898422553854e-06, 0.22187479309232067], [0.9999999999997843, -6.069005931578756e-07, -2.5144794330023146e-07, -0.19999977477949077], [0.0, 0.0, 0.0, 1.0]]","[[2.220446049250313e-16, -0.0, -1.0, 0.4], [0.0, 1.0, -0.0, -0.221875], [1.0, 0.0, 2.220446049250313e-16, -0.2], [0.0, 0.0, 0.0, 1.0]]","[[-9.704086625927921e-07, 9.723115226240298e-07, -0.9999999999990565, 0.3999999384218372], [2.727378051662863e-07, 0.9999999999994902, 9.723112579573226e-07, -0.2218750058827282], [0.999999999999492, -2.7273686162676154e-07, -9.704089277140504e-07, -0.1999997560914911], [0.0, 0.0, 0.0, 1.0]]"
2.3833333333333333,-4.299198113154234,10.312786514586362,-4.8444260745001415,-99.67379067126399,13.729579255375132,17.848004886200755,22.02057086525613,-4.299198113154234,-10.312786514586362,4.8444260745001415,-99.67379067126399,-13.729579255375132,17.848004886200755,-22.02057086525613,"[[2.220446049250313e-16, -0.0, -1.0, 0.4], [0.0, 1.0, -0.0, 0.22125], [1.0, 0.0, 2.220446049250313e-16, -0.2], [0.0, 0.0, 0.0, 1.0]]","[[-1.738093007852548e-07, 1.5477533504300787e-06, -0.999999999998787, 0.3999999487689029], [5.753112470297384e-07, 0.9999999999986366, 1.5477532504354004e-06, 0.2212498044293165], [0.9999999999998193, -5.753109780151304e-07, -1.7381019118412055e-07, -0.1999998062926931], [0.0, 0.0, 0.0, 1.0]]","[[2.220446049250313e-16, -0.0, -1.0, 0.4], [0.0, 1.0, -0.0, -0.22125], [1.0, 0.0, 2.220446049250313e-16, -0.2], [0.0, 0.0, 0.0, 1.0]]","[[-8.916623375765376e-07, 1.00757797847727e-06, -0.9999999999990948, 0.39999994439738373], [3.0334156088597186e-07, 0.9999999999994464, 1.007577707999379e-06, -0.22125001747516787], [0.9999999999995565, -3.0334066246660285e-07, -8.916626433319585e-07, -0.1999997882373732], [0.0, 0.0, 0.0, 1.0]]"
2.3916666666666666,-4.340020446276108,10.276313304418494,-4.937232123621336,-99.68349637007458,13.82705630011497,17.888162983425843,21.959570445778745,-4.340020446276108,-10.276313304418494,4.937232123621336,-99.68349637007458,-13.82705630011497,17.888162983425843,-21.959570445778745,"[[2.220446049250313e-16, -0.0, -1.0, 0.4], [0.0, 1.0, -0.0, 0.220625], [1.0, 0.0, 2.220446049250313e-16, -0.2], [0.0, 0.0, 0.0, 1.0]]","[[-2.4072382892592614e-07, 1.5697372189335668e-06, -0.9999999999987392, 0.39999994367513275], [6.064307739705478e-07, 0.9999999999985842, 1.5697370729509857e-06, 0.2206247957056003], [0.9999999999997873, -6.064303960966643e-07, -2.4072478083114746e-07, -0.19999977885854503], [0.0, 0.0, 0.0, 1.0]]","[[2.220446049250313e-16, -0.0, -1.0, 0.4], [0.0, 1.0, -0.0, -0.220625], [1.0, 0.0, 2.220446049250313e-16, -0.2], [0.0, 0.0, 0.0, 1.0]]","[[-9.574679237789319e-07, 9.867264494333231e-07, -0.9999999999990548, 0.3999999394005179], [2.71239210614374e-07, 0.9999999999994764, 9.867261897308952e-07, -0.22062500900776805], [0.9999999999995048, -2.7123826585544133e-07, -9.574681915647254e-07, -0.19999976143520698], [0.0, 0.0, 0.0, 1.0]]"
2.4,-4.380980663841851,10.239773499906219,-5.030036892082061,-99.69290837075086,13.924586278820874,17.92813495799605,21.89850855459883,-4.380980663841851,-10.239773499906219,5.030036892082061,-99.69290837075086,-13.924586278820874,17.92813495799605,-21.89850855459883,"[[2.220446049250313e-16, -0.0, -1.0, 0.4], [0.0, 1.0, -0.0, 0.22], [1.0, 0.0, 2.220446049250313e-16, -0.2], [0.0, 0.0, 0.0, 1.0]]","[[-2.3608692328869196e-07, 1.570704992170911e-06, -0.9999999999987387, 0.39999994281651463], [5.942288199624522e-07, 0.9999999999985898, 1.5707048518810237e-06, 0.21999979767884936], [0.9999999999997956, -5.942284491388267e-07, -2.3608785654216646e-07, -0.19999978079891886], [0.0, 0.0, 0.0, 1.0]]","[[2.220446049250313e-16, -0.0, -1.0, 0.4], [0.0, 1.0, -0.0, -0.22], [1.0, 0.0, 2.220446049250313e-16, -0.2], [0.0, 0.0, 0.0, 1.0]]","[[-9.517217601784367e-07, 9.868936482361838e-07, -0.9999999999990602, 0.39999993863978417], [2.8246155469175924e-07, 0.9999999999994732, 9.868933794117834e-07, -0.22000001123830204], [0.9999999999995074, -2.824606154435897e-07, -9.517220388444159e-07, -0.19999976400679587], [0.0, 0.0, 0.0, 1.0]]"
2.408333333333333,-4.42207961962511,10.20316624727589,-5.122839952995494,-99.70202667329282,14.022169191492846,17.967920809911377,21.837388606810972,-4.42207961962511,-10.20316624727589,5.122839952995494,-99.70202667329282,-14.022169191492846,17.967920809911377,-21.837388606810972,"[[2.220446049250313e-16, -0.0, -1.0, 0.4], [0.0, 1.0, -0.0, 0.21937500000000001], [1.0, 0.0, 2.220446049250313e-16, -0.2], [0.0, 0.0, 0.0, 1.0]]","[[-1.776711775480777e-07, 1.5506287604672896e-06, -0.9999999999987821, 0.39999994971996955], [5.922079088407713e-07, 0.9999999999986227, 1.5506286552487654e-06, 0.21937480451636487], [0.999999999999809, -5.922076333380306e-07, -1.7767209592456368e-07, -0.19999980552712512], [0.0, 0.0, 0.0, 1.0]]","[[2.220446049250313e-16, -0.0, -1.0, 0.4], [0.0, 1.0, -0.0, -0.21937500000000001], [1.0, 0.0, 2.220446049250313e-16, -0.2], [0.0, 0.0, 0.0, 1.0]]","[[-8.921965198305237e-07, 1.0081074591141076e-06, -0.9999999999990942, 0.39999994564210534], [2.8350605957486594e-07, 0.999999999999452, 1.0081072061713486e-06, -0.21937501833406747], [0.999999999999562, -2.8350516014486804e-07, -8.921968056019303e-07, -0.19999978936545484], [0.0, 0.0, 0.0, 1.0]]"
2.4166666666666665,-4.463316032965416,10.166491546527505,-5.215639171927518,-99.71086493807881,14.119804184357239,18.00752224671911,21.776208894867874,-4.463316032965416,-10.166491546527505,5.215639171927518,-99.71086493807881,-14.119804184357239,18.00752224671911,-21.776208894867874,"[[2.220446049250313e-16, -0.0, -1.0, 0.4], [0.0, 1.0, -0.0, 0.21875], [1.0, 0.0, 2.220446049250313e-16, -0.2], [0.0, 0.0, 0.0, 1.0]]","[[-2.3791706682541047e-07, 1.5764175252866372e-06, -0.9999999999987292, 0.3999999424452847], [5.988025771310854e-07, 0.9999999999985784, 1.5764173828210464e-06, 0.21874979469483535], [0.9999999999997926, -5.988022020737246e-07, -2.37918010737026e-07, -0.19999977784480022], [0.0, 0.0, 0.0, 1.0]]","[[2.220446049250313e-16, -0.0, -1.0, 0.4], [0.0, 1.0, -0.0, -0.21875], [1.0, 0.0, 2.220446049250313e-16, -0.2], [0.0, 0.0, 0.0, 1.0]]","[[-9.513326044707782e-07, 9.834587904991735e-07, -0.9999999999990641, 0.3999999384672608], [2.759381321660719e-07, 0.9999999999994784, 9.83458527990639e-07, -0.2187500087716447], [0.9999999999995095, -2.7593719656965074e-07, -9.513328758092854e-07, -0.19999976231285824], [0.0, 0.0, 0.0, 1.0]]"
2.425,-4.504689903862769,10.129749397661069,-5.308434975764958,-99.7194095047305,14.217490403640408,18.04693585332467,21.714972833864127,-4.504689903862769,-10.129749397661069,5.308434975764958,-99.7194095047305,-14.217490403640408,18.04693585332467,-21.714972833864127,"[[2.220446049250313e-16, -0.0, -1.0, 0.4], [0.0, 1.0, -0.0, 0.218125], [1.0, 0.0, 2.220446049250313e-16, -0.2], [0.0, 0.0, 0.0, 1.0]]","[[-2.5934706399111107e-07, 1.5890867547683904e-06, -0.9999999999987038, 0.3999999417702763], [5.890598400551221e-07, 0.9999999999985638, 1.5890866019972277e-06, 0.21812479326256662], [0.9999999999997929, -5.890594279294136e-07, -2.5934800013116543e-07, -0.19999977245493256], [0.0, 0.0, 0.0, 1.0]]","[[2.220446049250313e-16, -0.0, -1.0, 0.4], [0.0, 1.0, -0.0, -0.218125], [1.0, 0.0, 2.220446049250313e-16, -0.2], [0.0, 0.0, 0.0, 1.0]]","[[-9.716525882219607e-07, 9.719322421071211e-07, -0.9999999999990556, 0.3999999378930787], [2.8471083466137266e-07, 0.9999999999994873, 9.71931965467521e-07, -0.21812500759943518], [0.9999999999994875, -2.8470989028089406e-07, -9.716528648895384e-07, -0.19999975755194183], [0.0, 0.0, 0.0, 1.0]]"
2.433333333333333,-4.546200378543521,10.092938093129284,-5.40122565696052,-99.72766037324787,14.315226995568706,18.086163337275345,21.65368213134702,-4.546200378543521,-10.092938093129284,5.40122565696052,-99.72766037324787,-14.315226995568706,18.086163337275345,-21.65368213134702,"[[2.220446049250313e-16, -0.0, -1.0, 0.4], [0.0, 1.0, -0.0, 0.2175], [1.0, 0.0, 2.220446049250313e-16, -0.2], [0.0, 0.0, 0.0, 1.0]]","[[-2.048650460939605e-07, 1.5639094586802877e-06, -0.9999999999987561, 0.3999999462899167], [5.950110366174547e-07, 0.9999999999986, 1.5639093367830802e-06, 0.21749980226200608], [0.9999999999998019, -5.950107162263561e-07, -2.0486597668289974e-07, -0.19999979512826574], [0.0, 0.0, 0.0, 1.0]]","[[2.220446049250313e-16, -0.0, -1.0, 0.4], [0.0, 1.0, -0.0, -0.2175], [1.0, 0.0, 2.220446049250313e-16, -0.2], [0.0, 0.0, 0.0, 1.0]]","[[-9.160603862135019e-07, 9.982547721638876e-07, -0.9999999999990823, 0.399999942514528], [2.77792791666502e-07, 0.9999999999994633, 9.98254517689296e-07, -0.2175000168598817], [0.9999999999995419, -2.7779187720482806e-07, -9.160606635472135e-07, -0.1999997808534424], [0.0, 0.0, 0.0, 1.0]]"
2.4416666666666664,-4.587847883894497,10.056057632932154,-5.494010361740558,-99.73562437382012,14.413013960142132,18.12520469857114,21.592335079769256,-4.587847883894497,-10.056057632932154,5.494010361740558,-99.73562437382012,-14.413013960142132,18.12520469857114,-21.592335079769256,"[[2.220446049250313e-16, -0.0, -1.0, 0.4], [0.0, 1.0, -0.0, 0.21687499999999998], [1.0, 0.0, 2.220446049250313e-16, -0.2], [0.0, 0.0, 0.0, 1.0]]","[[-1.9527875516622828e-07, 1.542124944848198e-06, -0.9999999999987921, 0.3999999487352461], [5.942958446658815e-07, 0.9999999999986346, 1.5421248287946021e-06, 0.21687480588236693], [0.9999999999998046, -5.942955435209467e-07, -1.952796717663574e-07, -0.19999979953329922], [0.0, 0.0, 0.0, 1.0]]","[[2.220446049250313e-16, -0.0, -1.0, 0.4], [0.0, 1.0, -0.0, -0.21687499999999998], [1.0, 0.0, 2.220446049250313e-16, -0.2], [0.0, 0.0, 0.0, 1.0]]","[[-9.053636905176354e-07, 1.0211870569085507e-06, -0.9999999999990689, 0.3999999450626469], [2.7754430839400335e-07, 0.9999999999994402, 1.0211868056303907e-06, -0.2168750207421413], [0.9999999999995518, -2.775433838482898e-07, -9.053639738465513e-07, -0.19999978588587677], [0.0, 0.0, 0.0, 1.0]]"
2.45,-4.629631139255227,10.019108017069678,-5.5867886632182495,-99.74330150644721,14.510847882266102,18.16405993721205,21.530933386678132,-4.629631139255227,-10.019108017069678,5.5867886632182495,-99.74330150644721,-14.510847882266102,18.16405993721205,-21.530933386678132,"[[2.220446049250313e-16, -0.0, -1.0, 0.4], [0.0, 1.0, -0.0, 0.21624999999999997], [1.0, 0.0, 2.220446049250313e-16, -0.2], [0.0, 0.0, 0.0, 1.0]]","[[-1.9528520273093264e-07, 1.5653933377691959e-06, -0.9999999999987557, 0.3999999458692592], [5.718323943255289e-07, 0.9999999999986113, 1.5653932260985646e-06, 0.21624980156270202], [0.9999999999998175, -5.718320886266838e-07, -1.952860980147797e-07, -0.1999997937408769], [0.0, 0.0, 0.0, 1.0]]","[[2.220446049250313e-16, -0.0, -1.0, 0.4], [0.0, 1.0, -0.0, -0.21624999999999997], [1.0, 0.0, 2.220446049250313e-16, -0.2], [0.0, 0.0, 0.0, 1.0]]","[[-9.042595220387639e-07, 9.99068951943008e-07, -0.9999999999990922, 0.39999994230044467], [2.9904722682658204e-07, 0.9999999999994563, 9.990686815270693e-07, -0.21625001668526467], [0.9999999999995465, -2.9904632340894224e-07, -9.042598206887575e-07, -0.19999978072008726], [0.0, 0.0, 0.0, 1.0]]"
2.4583333333333335,-4.67155014462571,9.982088391768208,-5.679559280733124,-99.75069177112915,14.608731323261555,18.202727345650782,21.469480467168236,-4.67155014462571,-9.982088391768208,5.679559280733124,-99.75069177112915,-14.608731323261555,18.202727345650782,-21.469480467168236,"[[2.220446049250313e-16, -0.0, -1.0, 0.4], [0.0, 1.0, -0.0, 0.21562499999999998], [1.0, 0.0, 2.220446049250313e-16, -0.2], [0.0, 0.0, 0.0, 1.0]]","[[-2.5824039501243234e-07, 1.5875763302073155e-06, -0.9999999999987066, 0.39999993922844773], [5.953822744335393e-07, 0.9999999999985627, 1.5875761764553334e-06, 0.2156247933513613], [0.9999999999997895, -5.953818644564701e-07, -2.582413402563155e-07, -0.19999976999010924], [0.0, 0.0, 0.0, 1.0]]","[[2.220446049250313e-16, -0.0, -1.0, 0.4], [0.0, 1.0, -0.0, -0.21562499999999998], [1.0, 0.0, 2.220446049250313e-16, -0.2], [0.0, 0.0, 0.0, 1.0]]","[[-9.661039857555842e-07, 9.78038714151935e-07, -0.9999999999990552, 0.39999993576439874], [2.745400131750878e-07, 0.9999999999994844, 9.780384489181538e-07, -0.21562500873759138], [0.9999999999994957, -2.745390682879847e-07, -9.661042542075116e-07, -0.19999975759518165], [0.0, 0.0, 0.0, 1.0]]"
2.466666666666667,-4.713604900005948,9.944997903254102,-5.772321360511537,-99.7577883376768,14.706660868033905,18.24120692388734,21.407976321239563,-4.713604900005948,-9.944997903254102,5.772321360511537,-99.7577883376768,-14.706660868033905,18.24120692388734,-21.407976321239563,"[[2.220446049250313e-16, -0.0, -1.0, 0.4], [0.0, 1.0, -0.0, 0.215], [1.0, 0.0, 2.220446049250313e-16, -0.2], [0.0, 0.0, 0.0, 1.0]]","[[-2.665920676436784e-07, 1.5995592421298248e-06, -0.9999999999986853, 0.3999999403125122], [6.107392781669599e-07, 0.9999999999985344, 1.5995590793113365e-06, 0.21499979135509958], [0.9999999999997782, -6.107388517363948e-07, -2.6659304441789544e-07, -0.19999976798582367], [0.0, 0.0, 0.0, 1.0]]","[[2.220446049250313e-16, -0.0, -1.0, 0.4], [0.0, 1.0, -0.0, -0.215], [1.0, 0.0, 2.220446049250313e-16, -0.2], [0.0, 0.0, 0.0, 1.0]]","[[-9.7334481646838e-07, 9.672110892542879e-07, -0.9999999999990586, 0.39999993695422376], [2.5822885733754113e-07, 0.9999999999994988, 9.67210837908994e-07, -0.21500000700592373], [0.999999999999493, -2.582279159076424e-07, -9.733450662685605e-07, -0.19999975621595162], [0.0, 0.0, 0.0, 1.0]]"
2.475,-4.755794124735471,9.907836551527353,-5.8650740487798405,-99.76459120609013,14.804638224130446,18.279500379469017,21.346420948892117,-4.755794124735471,-9.907836551527353,5.8650740487798405,-99.76459120609013,-14.804638224130446,18.279500379469017,-21.346420948892117,"[[2.220446049250313e-16, -0.0, -1.0, 0.4], [0.0, 1.0, -0.0, 0.21437499999999998], [1.0, 0.0, 2.220446049250313e-16, -0.2], [0.0, 0.0, 0.0, 1.0]]","[[-1.9179810861746915e-07, 1.5464452957336078e-06, -0.999999999998786, 0.3999999464607902], [6.015069503569766e-07, 0.9999999999986234, 1.546445180365461e-06, 0.2143748043252142], [0.9999999999998007, -6.015066537509856e-07, -1.917990389843638e-07, -0.19999979426176492], [0.0, 0.0, 0.0, 1.0]]","[[2.220446049250313e-16, -0.0, -1.0, 0.4], [0.0, 1.0, -0.0, -0.21437499999999998], [1.0, 0.0, 2.220446049250313e-16, -0.2], [0.0, 0.0, 0.0, 1.0]]","[[-8.974399128836019e-07, 1.0214828362392803e-06, -0.9999999999990756, 0.39999994320924603], [2.665101939412498e-07, 0.9999999999994429, 1.0214825970627704e-06, -0.21437502024155514], [0.9999999999995619, -2.6650927722175057e-07, -8.974401851102876e-07, -0.19999978311612915], [0.0, 0.0, 0.0, 1.0]]"
2.4833333333333334,-4.798117818814278,9.870604336587968,-5.957816491764389,-99.77110720655833,14.902659976456592,18.317604297301227,21.284816057673186,-4.798117818814278,-9.870604336587968,5.957816491764389,-99.77110720655833,-14.902659976456592,18.317604297301227,-21.284816057673186,"[[2.220446049250313e-16, -0.0, -1.0, 0.4], [0.0, 1.0, -0.0, 0.21375], [1.0, 0.0, 2.220446049250313e-16, -0.2], [0.0, 0.0, 0.0, 1.0]]","[[-1.8279257368858381e-07, 1.541519002276448e-06, -0.9999999999987952, 0.3999999488705748], [5.85964132167917e-07, 0.9999999999986402, 1.5415188951663173e-06, 0.21374981020161446], [0.9999999999998117, -5.859638503890047e-07, -1.8279347696603665e-07, -0.19999980177274307], [0.0, 0.0, 0.0, 1.0]]","[[2.220446049250313e-16, -0.0, -1.0, 0.4], [0.0, 1.0, -0.0, -0.21375], [1.0, 0.0, 2.220446049250313e-16, -0.2], [0.0, 0.0, 0.0, 1.0]]","[[-8.873233285910942e-07, 1.0275693918205773e-06, -0.9999999999990786, 0.39999994572677294], [2.8110521107003777e-07, 0.9999999999994329, 1.0275691423897294e-06, -0.21375002638433585], [0.9999999999995671, -2.8110429928370683e-07, -8.873236174711252e-07, -0.19999979125055342], [0.0, 0.0, 0.0, 1.0]]"
2.4916666666666667,-4.840575555355547,9.83329955088865,-6.050547835691536,-99.77733633908137,15.000726125012342,18.35552209247855,21.223161647582774,-4.840575555355547,-9.83329955088865,6.050547835691536,-99.77733633908137,-15.000726125012342,18.35552209247855,-21.223161647582774,"[[2.220446049250313e-16, -0.0, -1.0, 0.4], [0.0, 1.0, -0.0, 0.21312499999999998], [1.0, 0.0, 2.220446049250313e-16, -0.2], [0.0, 0.0, 0.0, 1.0]]","[[-1.8144292468491585e-07, 1.55147834742157e-06, -0.9999999999987801, 0.39999994659817883], [5.705706722092059e-07, 0.9999999999986338, 1.5514782438953315e-06, 0.2131248074563958], [0.9999999999998208, -5.705703907037596e-07, -1.814438099767557e-07, -0.19999979793200978], [0.0, 0.0, 0.0, 1.0]]","[[2.220446049250313e-16, -0.0, -1.0, 0.4], [0.0, 1.0, -0.0, -0.21312499999999998], [1.0, 0.0, 2.220446049250313e-16, -0.2], [0.0, 0.0, 0.0, 1.0]]","[[-8.848625290824863e-07, 1.0187727646349878e-06, -0.9999999999990898, 0.39999994356311386], [2.955539877970058e-07, 0.9999999999994376, 1.0187725031106928e-06, -0.2131250239063612], [0.999999999999565, -2.9555308632312295e-07, -8.848628301749706e-07, -0.19999978803247023], [0.0, 0.0, 0.0, 1.0]]"
2.5,-4.8831673343592765,9.795922194429403,-6.1432672267876365,-99.7832786036593,15.098836669797697,18.39325034990641,21.161461133715463,-4.8831673343592765,-9.795922194429403,6.1432672267876365,-99.7832786036593,-15.098836669797697,18.39325034990641,-21.161461133715463,"[[2.220446049250313e-16, -0.0, -1.0, 0.4], [0.0, 1.0, -0.0, 0.2125], [1.0, 0.0, 2.220446049250313e-16, -0.2], [0.0, 0.0, 0.0, 1.0]]","[[-2.536021461718718e-07, 1.5858175343780484e-06, -0.9999999999987103, 0.39999994126960575], [5.935449009913427e-07, 0.9999999999985663, 1.5858173838535593e-06, 0.2124997959861402], [0.9999999999997916, -5.935444988238852e-07, -2.536030874189521e-07, -0.19999977348732806], [0.0, 0.0, 0.0, 1.0]]","[[2.220446049250313e-16, -0.0, -1.0, 0.4], [0.0, 1.0, -0.0, -0.2125], [1.0, 0.0, 2.220446049250313e-16, -0.2], [0.0, 0.0, 0.0, 1.0]]","[[-9.559105779710642e-07, 9.855987150531325e-07, -0.9999999999990574, 0.39999993834427194], [2.716382611672189e-07, 0.9999999999994773, 9.855984553916593e-07, -0.21250001270420285], [0.9999999999995062, -2.7163731902297374e-07, -9.559108457568577e-07, -0.19999976420964252], [0.0, 0.0, 0.0, 1.0]]"
2.5083333333333333,-4.925891875164999,9.758472267210223,-6.235973811279043,-99.7889271701029,15.196989903265365,18.430790777132092,21.099714516071256,-4.925891875164999,-9.758472267210223,6.235973811279043,-99.7889271701029,-15.196989903265365,18.430790777132092,-21.099714516071256,"[[2.220446049250313e-16, -0.0, -1.0, 0.4], [0.0, 1.0, -0.0, 0.211875], [1.0, 0.0, 2.220446049250313e-16, -0.2], [0.0, 0.0, 0.0, 1.0]]","[[-2.466301731729459e-07, 1.5915272638013466e-06, -0.999999999998703, 0.39999994074513623], [5.907273305816585e-07, 0.9999999999985589, 1.5915271181099335e-06, 0.21187479581767454], [0.999999999999795, -5.907269380622836e-07, -2.4663111330980314e-07, -0.19999977692544538], [0.0, 0.0, 0.0, 1.0]]","[[2.220446049250313e-16, -0.0, -1.0, 0.4], [0.0, 1.0, -0.0, -0.211875], [1.0, 0.0, 2.220446049250313e-16, -0.2], [0.0, 0.0, 0.0, 1.0]]","[[-9.478274131669018e-07, 9.810565867525946e-07, -0.9999999999990695, 0.39999993793053185], [2.735174849593699e-07, 0.9999999999994813, 9.810563275056286e-07, -0.21187501280473658], [0.9999999999995134, -2.7351655508703446e-07, -9.478276813967845e-07, -0.1999997682687759], [0.0, 0.0, 0.0, 1.0]]"
2.5166666666666666,-4.9687496046595365,9.720948915457464,-6.328666308505286,-99.79428203841218,15.295185825415347,18.4681433741556,21.037923502197444,-4.9687496046595365,-9.720948915457464,6.328666308505286,-99.79428203841218,-15.295185825415347,18.4681433741556,-21.037923502197444,"[[2.220446049250313e-16, -0.0, -1.0, 0.4], [0.0, 1.0, -0.0, 0.21125], [1.0, 0.0, 2.220446049250313e-16, -0.2], [0.0, 0.0, 0.0, 1.0]]","[[-1.782042004516704e-07, 1.5530287198868167e-06, -0.9999999999987783, 0.39999994811458606], [5.870045470285446e-07, 0.9999999999986218, 1.553028615279898e-06, 0.21124980691610779], [0.9999999999998119, -5.870042702716048e-07, -1.7820511194477362e-07, -0.19999980191198588], [0.0, 0.0, 0.0, 1.0]]","[[2.220446049250313e-16, -0.0, -1.0, 0.4], [0.0, 1.0, -0.0, -0.21125], [1.0, 0.0, 2.220446049250313e-16, -0.2], [0.0, 0.0, 0.0, 1.0]]","[[-8.782902767845435e-07, 1.0207251825749917e-06, -0.9999999999990933, 0.3999999454117058], [2.763050710186833e-07, 0.9999999999994409, 1.0207249398992891e-06, -0.2112500241730648], [0.999999999999576, -2.763041745256429e-07, -8.782905587811918e-07, -0.19999979387548916], [0.0, 0.0, 0.0, 1.0]]"
2.525,-5.011739669069243,9.683352139171129,-6.421344291579543,-99.7993568689655,15.393422728700347,18.505308140976933,20.976088092094024,-5.011739669069243,-9.683352139171129,6.421344291579543,-99.7993568689655,-15.393422728700347,18.505308140976933,-20.976088092094024,"[[2.220446049250313e-16, -0.0, -1.0, 0.4], [0.0, 1.0, -0.0, 0.210625], [1.0, 0.0, 2.220446049250313e-16, -0.2], [0.0, 0.0, 0.0, 1.0]]","[[-2.39089611497878e-07, 1.588613097180187e-06, -0.9999999999987097, 0.3999999405037558], [6.074251898729513e-07, 0.9999999999985538, 1.5886129519508868e-06, 0.21062479537634615], [0.9999999999997871, -6.074248100513139e-07, -2.39090576503731e-07, -0.19999977272660158], [0.0, 0.0, 0.0, 1.0]]","[[2.220446049250313e-16, -0.0, -1.0, 0.4], [0.0, 1.0, -0.0, -0.210625], [1.0, 0.0, 2.220446049250313e-16, -0.2], [0.0, 0.0, 0.0, 1.0]]","[[-9.380645004108956e-07, 9.863132086511996e-07, -0.9999999999990737, 0.3999999379136002], [2.5495234195385493e-07, 0.9999999999994812, 9.863129694898602e-07, -0.21062501290398913], [0.9999999999995276, -2.549514167284357e-07, -9.38064751987433e-07, -0.1999997653094899], [0.0, 0.0, 0.0, 1.0]]"
2.533333333333333,-5.054861214620472,9.645681084577571,-6.514006479841344,-99.80413800138452,15.491700613120369,18.5422816625015,20.914209993308294,-5.054861214620472,-9.645681084577571,6.514006479841344,-99.80413800138452,-15.491700613120369,18.5422816625015,-20.914209993308294,"[[2.220446049250313e-16, -0.0, -1.0, 0.4], [0.0, 1.0, -0.0, 0.21], [1.0, 0.0, 2.220446049250313e-16, -0.2], [0.0, 0.0, 0.0, 1.0]]","[[-2.739816515884286e-07, 1.5969166506975943e-06, -0.9999999999986875, 0.3999999378036266], [6.138746115598652e-07, 0.9999999999985367, 1.5969164825069736e-06, 0.2099997950011181], [0.9999999999997742, -6.138741740332443e-07, -2.739826319153593e-07, -0.19999976574609726], [0.0, 0.0, 0.0, 1.0]]","[[2.220446049250313e-16, -0.0, -1.0, 0.4], [0.0, 1.0, -0.0, -0.21], [1.0, 0.0, 2.220446049250313e-16, -0.2], [0.0, 0.0, 0.0, 1.0]]","[[-9.718454062612736e-07, 9.79184479249961e-07, -0.9999999999990485, 0.39999993532719413], [2.4757404113057027e-07, 0.9999999999994901, 9.791842386466987e-07, -0.21000001280032832], [0.9999999999994973, -2.4757308951463045e-07, -9.718456485119376e-07, -0.19999975894751626], [0.0, 0.0, 0.0, 1.0]]"
2.5416666666666665,-5.098114668200047,9.607934897903142,-6.606652446403866,-99.80862543566921,15.590017771128117,18.5790673538239,20.85228920584025,-5.098114668200047,-9.607934897903142,6.606652446403866,-99.80862543566921,-15.590017771128117,18.5790673538239,-20.85228920584025,"[[2.220446049250313e-16, -0.0, -1.0, 0.4], [0.0, 1.0, -0.0, 0.209375], [1.0, 0.0, 2.220446049250313e-16, -0.2], [0.0, 0.0, 0.0, 1.0]]","[[-2.2915207109619473e-07, 1.5808351474395956e-06, -0.9999999999987245, 0.39999994207737255], [5.896827981240223e-07, 0.9999999999985769, 1.5808350123123279e-06, 0.2093748002886017], [0.9999999999998, -5.896824358716529e-07, -2.291530032394462e-07, -0.19999978348654646], [0.0, 0.0, 0.0, 1.0]]","[[2.220446049250313e-16, -0.0, -1.0, 0.4], [0.0, 1.0, -0.0, -0.209375], [1.0, 0.0, 2.220446049250313e-16, -0.2], [0.0, 0.0, 0.0, 1.0]]","[[-9.259047361043216e-07, 9.964432453811728e-07, -0.999999999999075, 0.39999993971566816], [2.708400907646972e-07, 0.999999999999467, 9.964429946094404e-07, -0.20937501836026232], [0.9999999999995348, -2.708391681531587e-07, -9.259050058885165e-07, -0.19999977730563775], [0.0, 0.0, 0.0, 1.0]]"
2.55,-5.141499176034322,9.570113579147842,-6.699280910606641,-99.81282600200876,15.688374202723592,18.61566521494412,20.79032914478448,-5.141499176034322,-9.570113579147842,6.699280910606641,-99.81282600200876,-15.688374202723592,18.61566521494412,-20.79032914478448,"[[2.220446049250313e-16, -0.0, -1.0, 0.4], [0.0, 1.0, -0.0, 0.20875000000000002], [1.0, 0.0, 2.220446049250313e-16, -0.2], [0.0, 0.0, 0.0, 1.0]]","[[-2.0785798299227665e-07, 1.5680743262324107e-06, -0.9999999999987491, 0.3999999420351966], [6.018630168513052e-07, 0.9999999999985896, 1.5680742011301277e-06, 0.20874980137125312], [0.9999999999997974, -6.018626909138117e-07, -2.0785892668184758e-07, -0.19999978677101016], [0.0, 0.0, 0.0, 1.0]]","[[2.220446049250313e-16, -0.0, -1.0, 0.4], [0.0, 1.0, -0.0, -0.20875000000000002], [1.0, 0.0, 2.220446049250313e-16, -0.2], [0.0, 0.0, 0.0, 1.0]]","[[-9.034996619194935e-07, 1.0103836681768098e-06, -0.9999999999990814, 0.39999993978921955], [2.577372165886188e-07, 0.9999999999994562, 1.0103834353117008e-06, -0.20875001971618987], [0.9999999999995586, -2.5773630370728994e-07, -9.034999223778151e-07, -0.1999997812069407], [0.0, 0.0, 0.0, 1.0]]"
2.558333333333333,-5.1850147381232965,9.532217128311673,-6.79189101867602,-99.81673970040319,15.786768200359504,18.652071830767582,20.72832810259369,-5.1850147381232965,-9.532217128311673,6.79189101867602,-99.81673970040319,-15.786768200359504,18.652071830767582,-20.72832810259369,"[[2.220446049250313e-16, -0.0, -1.0, 0.4], [0.0, 1.0, -0.0, 0.208125], [1.0, 0.0, 2.220446049250313e-16, -0.2], [0.0, 0.0, 0.0, 1.0]]","[[-2.6665325147945396e-07, 1.593883089692956e-06, -0.9999999999986943, 0.39999993934204925], [5.898604240573837e-07, 0.9999999999985558, 1.5938829324045353e-06, 0.2081247955079098], [0.9999999999997905, -5.898599990425472e-07, -2.666541916163112e-07, -0.19999976730512886], [0.0, 0.0, 0.0, 1.0]]","[[2.220446049250313e-16, -0.0, -1.0, 0.4], [0.0, 1.0, -0.0, -0.208125], [1.0, 0.0, 2.220446049250313e-16, -0.2], [0.0, 0.0, 0.0, 1.0]]","[[-9.611840021128693e-07, 9.85756877244429e-07, -0.9999999999990523, 0.39999993721280563], [2.68820318344245e-07, 0.999999999999478, 9.857566188590595e-07, -0.2081250141269391], [0.999999999999502, -2.6881937085049825e-07, -9.61184267012083e-07, -0.19999976235705472], [0.0, 0.0, 0.0, 1.0]]"
2.5666666666666664,-5.228660073806501,9.49424383784734,-6.884481916838359,-99.82035970066329,15.88519976403585,18.688290616388866,20.666291201909758,-5.228660073806501,-9.49424383784734,6.884481916838359,-99.82035970066329,-15.88519976403585,18.688290616388866,-20.666291201909758,"[[2.220446049250313e-16, -0.0, -1.0, 0.4], [0.0, 1.0, -0.0, 0.2075], [1.0, 0.0, 2.220446049250313e-16, -0.2], [0.0, 0.0, 0.0, 1.0]]","[[-2.300693318080249e-07, 1.571353548414748e-06, -0.9999999999987391, 0.39999994091493213], [6.163045312949618e-07, 0.9999999999985758, 1.5713534066217193e-06, 0.2074997992046714], [0.9999999999997838, -6.163041697739565e-07, -2.30070300144547e-07, -0.19999977791516652], [0.0, 0.0, 0.0, 1.0]]","[[2.220446049250313e-16, -0.0, -1.0, 0.4], [0.0, 1.0, -0.0, -0.2075], [1.0, 0.0, 2.220446049250313e-16, -0.2], [0.0, 0.0, 0.0, 1.0]]","[[-9.234893422749302e-07, 1.0094707338466758e-06, -0.9999999999990642, 0.39999993890342384], [2.414598239154156e-07, 0.9999999999994613, 1.0094705108615028e-06, -0.2075000180986605], [0.9999999999995445, -2.414588916799315e-07, -9.234895860799064e-07, -0.19999977358221818], [0.0, 0.0, 0.0, 1.0]]"
2.575,-5.272435183083936,9.456194561528491,-6.977052751320011,-99.82369283297825,15.98366718620534,18.72431815671339,20.604215027638094,-5.272435183083936,-9.456194561528491,6.977052751320011,-99.82369283297825,-15.98366718620534,18.72431815671339,-20.604215027638094,"[[2.220446049250313e-16, -0.0, -1.0, 0.4], [0.0, 1.0, -0.0, 0.20687499999999998], [1.0, 0.0, 2.220446049250313e-16, -0.2], [0.0, 0.0, 0.0, 1.0]]","[[-2.6148341802922914e-07, 1.5846578098610073e-06, -0.9999999999987105, 0.39999993834685194], [6.068374453425051e-07, 0.9999999999985605, 1.5846576511828402e-06, 0.20687479688011892], [0.9999999999997818, -6.068370309800235e-07, -2.6148437948236847e-07, -0.199999769054715], [0.0, 0.0, 0.0, 1.0]]","[[2.220446049250313e-16, -0.0, -1.0, 0.4], [0.0, 1.0, -0.0, -0.20687499999999998], [1.0, 0.0, 2.220446049250313e-16, -0.2], [0.0, 0.0, 0.0, 1.0]]","[[-9.5379277298413e-07, 9.97353135744896e-07, -0.9999999999990479, 0.39999993645408727], [2.500136731333726e-07, 0.9999999999994715, 9.97352897284084e-07, -0.20687501604987482], [0.9999999999995139, -2.50012721865149e-07, -9.537930223402213e-07, -0.1999997653360362], [0.0, 0.0, 0.0, 1.0]]"
2.5833333333333335,-5.316340065955601,9.418067591807835,-7.06960266834733,-99.82673226715892,16.08217046686797,18.760156159288446,20.542102994873293,-5.316340065955601,-9.418067591807835,7.06960266834733,-99.82673226715892,-16.08217046686797,18.760156159288446,-20.542102994873293,"[[2.220446049250313e-16, -0.0, -1.0, 0.4], [0.0, 1.0, -0.0, 0.20625], [1.0, 0.0, 2.220446049250313e-16, -0.2], [0.0, 0.0, 0.0, 1.0]]","[[-2.3475003851913812e-07, 1.5633708534885457e-06, -0.9999999999987504, 0.3999999428959397], [5.977136352195726e-07, 0.9999999999985993, 1.5633707131750107e-06, 0.2062498008078424], [0.9999999999997938, -5.977132682174905e-07, -2.3475097288283564e-07, -0.19999978225093], [0.0, 0.0, 0.0, 1.0]]","[[2.220446049250313e-16, -0.0, -1.0, 0.4], [0.0, 1.0, -0.0, -0.20625], [1.0, 0.0, 2.220446049250313e-16, -0.2], [0.0, 0.0, 0.0, 1.0]]","[[-9.259489200941218e-07, 1.0198291139578822e-06, -0.9999999999990514, 0.3999999411229247], [2.582273676521267e-07, 0.9999999999994468, 1.019828874852933e-06, -0.20625002025422035], [0.9999999999995381, -2.5822642334243625e-07, -9.259491834390232e-07, -0.19999977914563682], [0.0, 0.0, 0.0, 1.0]]"
2.591666666666667,-5.360373441761027,9.379863782459015,-7.162130387259847,-99.82948483339443,16.180707898476452,18.79580633166133,20.479956811162637,-5.360373441761027,-9.379863782459015,7.162130387259847,-99.82948483339443,-16.180707898476452,18.79580633166133,-20.479956811162637,"[[2.220446049250313e-16, -0.0, -1.0, 0.4], [0.0, 1.0, -0.0, 0.20562499999999997], [1.0, 0.0, 2.220446049250313e-16, -0.2], [0.0, 0.0, 0.0, 1.0]]","[[-2.1137639533153063e-07, 1.5474767161203215e-06, -0.9999999999987802, 0.3999999423747869], [6.018155214637353e-07, 0.9999999999986215, 1.5474765889104802e-06, 0.20562480415206888], [0.9999999999997965, -6.018151943629779e-07, -2.1137732658660369e-07, -0.1999997836415904], [0.0, 0.0, 0.0, 1.0]]","[[2.220446049250313e-16, -0.0, -1.0, 0.4], [0.0, 1.0, -0.0, -0.20562499999999997], [1.0, 0.0, 2.220446049250313e-16, -0.2], [0.0, 0.0, 0.0, 1.0]]","[[-9.014649945959796e-07, 1.036914554839197e-06, -0.9999999999990561, 0.3999999407225274], [2.5321843440641686e-07, 0.9999999999994302, 1.0369143265720306e-06, -0.2056250238758699], [0.9999999999995617, -2.532174996642102e-07, -9.014652570527026e-07, -0.19999978114881714], [0.0, 0.0, 0.0, 1.0]]"
2.6,-5.404535310500214,9.341582279708385,-7.254635908057561,-99.8319505316848,16.279277773483493,18.83126355119016,20.417776476506134,-5.404535310500214,-9.341582279708385,7.254635908057561,-99.8319505316848,-16.279277773483493,18.83126355119016,-20.417776476506134,"[[2.220446049250313e-16, -0.0, -1.0, 0.4], [0.0, 1.0, -0.0, 0.205], [1.0, 0.0, 2.220446049250313e-16, -0.2], [0.0, 0.0, 0.0, 1.0]]","[[-2.678079963347457e-07, 1.5971167930190635e-06, -0.9999999999986888, 0.39999993681052015], [6.005236547349768e-07, 0.9999999999985444, 1.5971166321937962e-06, 0.2049997947557116], [0.999999999999784, -6.00523227013584e-07, -2.67808955567439e-07, -0.19999976564635585], [0.0, 0.0, 0.0, 1.0]]","[[2.220446049250313e-16, -0.0, -1.0, 0.4], [0.0, 1.0, -0.0, -0.205], [1.0, 0.0, 2.220446049250313e-16, -0.2], [0.0, 0.0, 0.0, 1.0]]","[[-9.567864885928756e-07, 9.884680760170154e-07, -0.9999999999990539, 0.3999999352800346], [2.5360640810516083e-07, 0.9999999999994794, 9.884678333702513e-07, -0.20500001475772803], [0.9999999999995102, -2.536054623522534e-07, -9.567867392812346e-07, -0.19999976376523987], [0.0, 0.0, 0.0, 1.0]]"
2.6083333333333334,-5.448825672173162,9.303222229782302,-7.347117523193179,-99.83412253184086,16.37788179943638,18.866532940516812,20.355563698451075,-5.448825672173162,-9.303222229782302,7.347117523193179,-99.83412253184086,-16.37788179943638,18.866532940516812,-20.355563698451075,"[[2.220446049250313e-16, -0.0, -1.0, 0.4], [0.0, 1.0, -0.0, 0.204375], [1.0, 0.0, 2.220446049250313e-16, -0.2], [0.0, 0.0, 0.0, 1.0]]","[[-2.40899631076541e-07, 1.5800175579594018e-06, -0.9999999999987228, 0.3999999391894524], [5.973003441828334e-07, 0.9999999999985734, 1.5800174140697332e-06, 0.20437479781263249], [0.9999999999997926, -5.972999635564581e-07, -2.4090057498815654e-07, -0.19999977078075934], [0.0, 0.0, 0.0, 1.0]]","[[2.220446049250313e-16, -0.0, -1.0, 0.4], [0.0, 1.0, -0.0, -0.204375], [1.0, 0.0, 2.220446049250313e-16, -0.2], [0.0, 0.0, 0.0, 1.0]]","[[-9.28768270402891e-07, 1.0067632283557713e-06, -0.999999999999062, 0.3999999377817429], [2.5592889776371525e-07, 0.9999999999994605, 1.0067629906575327e-06, -0.2043750180937059], [0.999999999999536, -2.5592796271395376e-07, -9.287685279746327e-07, -0.19999976951039466], [0.0, 0.0, 0.0, 1.0]]"
2.6166666666666667,-5.493243246119401,9.264783632680762,-7.439574378893058,-99.83600083386261,16.476518268787828,18.90160937699941,20.293320184544747,-5.493243246119401,-9.264783632680762,7.439574378893058,-99.83600083386261,-16.476518268787828,18.90160937699941,-20.293320184544747,"[[2.220446049250313e-16, -0.0, -1.0, 0.4], [0.0, 1.0, -0.0, 0.20375], [1.0, 0.0, 2.220446049250313e-16, -0.2], [0.0, 0.0, 0.0, 1.0]]","[[-1.9482641983037396e-07, 1.5356422546162268e-06, -0.9999999999988021, 0.39999994698907915], [5.869849789895151e-07, 0.9999999999986486, 1.5356421402558094e-06, 0.203749812473301], [0.9999999999998088, -5.869846798051513e-07, -1.9482732133146996e-07, -0.19999979636815035], [0.0, 0.0, 0.0, 1.0]]","[[2.220446049250313e-16, -0.0, -1.0, 0.4], [0.0, 1.0, -0.0, -0.20375], [1.0, 0.0, 2.220446049250313e-16, -0.2], [0.0, 0.0, 0.0, 1.0]]","[[-8.815854825039438e-07, 1.0523367423353708e-06, -0.9999999999990579, 0.3999999457051538], [2.6534661044840645e-07, 0.9999999999994112, 1.0523365084100232e-06, -0.20375003303426162], [0.9999999999995763, -2.653456827235679e-07, -8.815857618360567e-07, -0.19999979570762794], [0.0, 0.0, 0.0, 1.0]]"
2.625,-5.5377880323389315,9.226265634630122,-7.532006475157194,-99.83759909812841,16.575183766443246,18.936497983279835,20.231045934787154,-5.5377880323389315,-9.226265634630122,7.532006475157194,-99.83759909812841,-16.575183766443246,18.936497983279835,-20.231045934787154,"[[2.220446049250313e-16, -0.0, -1.0, 0.4], [0.0, 1.0, -0.0, 0.203125], [1.0, 0.0, 2.220446049250313e-16, -0.2], [0.0, 0.0, 0.0, 1.0]]","[[-2.3586908720618638e-07, 1.588111691943641e-06, -0.9999999999987114, 0.3999999386155809], [6.05096776716849e-07, 0.999999999998556, 1.5881115492197699e-06, 0.20312479820665982], [0.9999999999997894, -6.050964021296474e-07, -2.358700482152365e-07, -0.19999977257406742], [0.0, 0.0, 0.0, 1.0]]","[[2.220446049250313e-16, -0.0, -1.0, 0.4], [0.0, 1.0, -0.0, -0.203125], [1.0, 0.0, 2.220446049250313e-16, -0.2], [0.0, 0.0, 0.0, 1.0]]","[[-9.215187890543319e-07, 1.0010677241325165e-06, -0.9999999999990745, 0.39999993745646195], [2.4634016879399137e-07, 0.9999999999994689, 1.0010674971258172e-06, -0.2031250190482424], [0.9999999999995453, -2.463392462912556e-07, -9.21519035745888e-07, -0.19999977252253906], [0.0, 0.0, 0.0, 1.0]]"
2.6333333333333333,-5.582459603944931,9.18766823563038,-7.624412104438296,-99.83890366425987,16.673881707497223,18.971193636716208,20.16874265672559,-5.582459603944931,-9.18766823563038,7.624412104438296,-99.83890366425987,-16.673881707497223,18.971193636716208,-20.16874265672559,"[[2.220446049250313e-16, -0.0, -1.0, 0.4], [0.0, 1.0, -0.0, 0.20249999999999999], [1.0, 0.0, 2.220446049250313e-16, -0.2], [0.0, 0.0, 0.0, 1.0]]","[[-2.7087620102506094e-07, 1.587739270371498e-06, -0.999999999998703, 0.3999999370918325], [6.167786387257497e-07, 0.9999999999985496, 1.5877391033005998e-06, 0.2024997969447564], [0.9999999999997733, -6.16778208644213e-07, -2.7087718046381326e-07, -0.19999976572010816], [0.0, 0.0, 0.0, 1.0]]","[[2.220446049250313e-16, -0.0, -1.0, 0.4], [0.0, 1.0, -0.0, -0.20249999999999999], [1.0, 0.0, 2.220446049250313e-16, -0.2], [0.0, 0.0, 0.0, 1.0]]","[[-9.554168607928126e-07, 1.002642840701986e-06, -0.9999999999990411, 0.3999999360585231], [2.3376682772318052e-07, 0.9999999999994702, 1.0026426173576474e-06, -0.20250001806778087], [0.9999999999995165, -2.337658697812944e-07, -9.554170950498708e-07, -0.19999976627665206], [0.0, 0.0, 0.0, 1.0]]"
2.6416666666666666,-5.627257534050575,9.148989728134243,-7.716789559189072,-99.83991453225704,16.77260696930788,19.005699752403114,20.106410350360054,-5.627257534050575,-9.148989728134243,7.716789559189072,-99.83991453225704,-16.77260696930788,19.005699752403114,-20.106410350360054,"[[2.220446049250313e-16, -0.0, -1.0, 0.4], [0.0, 1.0, -0.0, 0.201875], [1.0, 0.0, 2.220446049250313e-16, -0.2], [0.0, 0.0, 0.0, 1.0]]","[[-2.1921288967385877e-07, 1.5682278633207602e-06, -0.9999999999987463, 0.3999999427106396], [6.017676742133917e-07, 0.9999999999985894, 1.5682277314052832e-06, 0.20187480363665694], [0.999999999999795, -6.017673304369045e-07, -2.192138333634297e-07, -0.19999978349524436], [0.0, 0.0, 0.0, 1.0]]","[[2.220446049250313e-16, -0.0, -1.0, 0.4], [0.0, 1.0, -0.0, -0.201875], [1.0, 0.0, 2.220446049250313e-16, -0.2], [0.0, 0.0, 0.0, 1.0]]","[[-9.02644798239649e-07, 1.0233592300001774e-06, -0.9999999999990689, 0.39999994180415616], [2.478893722940182e-07, 0.9999999999994456, 1.0233590062445104e-06, -0.2018750250419428], [0.9999999999995618, -2.4788844856410363e-07, -9.026450520366325e-07, -0.19999978465893045], [0.0, 0.0, 0.0, 1.0]]"
2.65,-5.672180968882218,9.110231819689007,-7.809139693183169,-99.84063853230906,16.87136125942251,19.040014622793258,20.044052430785133,-5.672180968882218,-9.110231819689007,7.809139693183169,-99.84063853230906,-16.87136125942251,19.040014622793258,-20.044052430785133,"[[2.220446049250313e-16, -0.0, -1.0, 0.4], [0.0, 1.0, -0.0, 0.20125], [1.0, 0.0, 2.220446049250313e-16, -0.2], [0.0, 0.0, 0.0, 1.0]]","[[-2.139472725648517e-07, 1.571081212403449e-06, -0.999999999998743, 0.39999994244474724], [6.040256415170238e-07, 0.9999999999985836, 1.5710810831735598e-06, 0.20124980508237372], [0.9999999999997948, -6.040253053877517e-07, -2.1394822158349314e-07, -0.19999978618600447], [0.0, 0.0, 0.0, 1.0]]","[[2.220446049250313e-16, -0.0, -1.0, 0.4], [0.0, 1.0, -0.0, -0.20125], [1.0, 0.0, 2.220446049250313e-16, -0.2], [0.0, 0.0, 0.0, 1.0]]","[[-8.962707773729761e-07, 1.0217130559117066e-06, -0.9999999999990763, 0.39999994166610475], [2.447460736660618e-07, 0.999999999999448, 1.0217128365533326e-06, -0.20125002677068654], [0.9999999999995683, -2.447451579344774e-07, -8.962710273952013e-07, -0.19999978795593665], [0.0, 0.0, 0.0, 1.0]]"
2.658333333333333,-5.71722990843986,9.071392802747376,-7.901460798873292,-99.84107566441594,16.97014457784111,19.074139955433935,19.98166719045353,-5.71722990843986,-9.071392802747376,7.901460798873292,-99.84107566441594,-16.97014457784111,19.074139955433935,-19.98166719045353,"[[2.220446049250313e-16, -0.0, -1.0, 0.4], [0.0, 1.0, -0.0, 0.200625], [1.0, 0.0, 2.220446049250313e-16, -0.2], [0.0, 0.0, 0.0, 1.0]]","[[-2.386801944975758e-07, 1.5627790624833074e-06, -0.9999999999987503, 0.3999999379527178], [6.043880673986851e-07, 0.9999999999985962, 1.562778918227605e-06, 0.20062480220907578], [0.9999999999997888, -6.043876943935537e-07, -2.386811390753252e-07, -0.1999997729111267], [0.0, 0.0, 0.0, 1.0]]","[[2.220446049250313e-16, -0.0, -1.0, 0.4], [0.0, 1.0, -0.0, -0.200625], [1.0, 0.0, 2.220446049250313e-16, -0.2], [0.0, 0.0, 0.0, 1.0]]","[[-9.198956159583993e-07, 1.0312245911122074e-06, -0.999999999999045, 0.3999999373029232], [2.435013718268286e-07, 0.9999999999994384, 1.0312243671167687e-06, -0.20062502418117567], [0.999999999999547, -2.435004232078217e-07, -9.198958670908475e-07, -0.19999977528639473], [0.0, 0.0, 0.0, 1.0]]"
2.6666666666666665,-5.762403925836678,9.03247267730935,-7.993752022485797,-99.8412190983885,17.06895180192181,19.108072335230556,19.91925975200712,-5.762403925836678,-9.03247267730935,7.993752022485797,-99.8412190983885,-17.06895180192181,19.108072335230556,-19.91925975200712,"[[2.220446049250313e-16, -0.0, -1.0, 0.4], [0.0, 1.0, -0.0, 0.2], [1.0, 0.0, 2.220446049250313e-16, -0.2], [0.0, 0.0, 0.0, 1.0]]","[[-2.2209157746200248e-07, 1.5789721522905563e-06, -0.9999999999987288, 0.39999994045916815], [6.078314072515295e-07, 0.9999999999985688, 1.5789720172960673e-06, 0.1999998036883354], [0.9999999999997906, -6.078310565743708e-07, -2.2209253713878496e-07, -0.19999977994950735], [0.0, 0.0, 0.0, 1.0]]","[[2.220446049250313e-16, -0.0, -1.0, 0.4], [0.0, 1.0, -0.0, -0.2], [1.0, 0.0, 2.220446049250313e-16, -0.2], [0.0, 0.0, 0.0, 1.0]]","[[-9.021993306324028e-07, 1.0162431082984933e-06, -0.9999999999990766, 0.3999999399392501], [2.391788535854095e-07, 0.9999999999994551, 1.0162428925118763e-06, -0.20000002594502594], [0.9999999999995645, -2.3917793673153125e-07, -9.021995737712452e-07, -0.19999978292917647], [0.0, 0.0, 0.0, 1.0]]"
2.675,-5.807702594185849,8.993470589601284,-8.086012510247036,-99.84107566441594,17.167786346759186,19.14181346973042,19.856826700351327,-5.807702594185849,-8.993470589601284,8.086012510247036,-99.84107566441594,-17.167786346759186,19.14181346973042,-19.856826700351327,"[[2.220446049250313e-16, -0.0, -1.0, 0.4], [0.0, 1.0, -0.0, 0.199375], [1.0, 0.0, 2.220446049250313e-16, -0.2], [0.0, 0.0, 0.0, 1.0]]","[[-2.6065542774178496e-07, 1.5930670832031746e-06, -0.9999999999986973, 0.39999993878655077], [5.993410650626921e-07, 0.9999999999985516, 1.5930669269814407e-06, 0.1993747995092592], [0.9999999999997866, -5.993406498203698e-07, -2.6065638253358614e-07, -0.19999976839920616], [0.0, 0.0, 0.0, 1.0]]","[[2.220446049250313e-16, -0.0, -1.0, 0.4], [0.0, 1.0, -0.0, -0.199375], [1.0, 0.0, 2.220446049250313e-16, -0.2], [0.0, 0.0, 0.0, 1.0]]","[[-9.396558610097472e-07, 1.003361978120009e-06, -0.9999999999990552, 0.39999993839751846], [2.4679309438415147e-07, 0.9999999999994663, 1.003361746219844e-06, -0.19937502205128904], [0.9999999999995282, -2.467921515691727e-07, -9.396561088115263e-07, -0.1999997719823552], [0.0, 0.0, 0.0, 1.0]]"
2.683333333333333,-5.853125059713726,8.954385685849532,-8.178241408383364,-99.84063853230906,17.266646504805948,19.175365066480815,19.794373158128025,-5.853125059713726,-8.954385685849532,8.178241408383364,-99.84063853230906,-17.266646504805948,19.175365066480815,-19.794373158128025,"[[2.220446049250313e-16, -0.0, -1.0, 0.4], [0.0, 1.0, -0.0, 0.19875], [1.0, 0.0, 2.220446049250313e-16, -0.2], [0.0, 0.0, 0.0, 1.0]]","[[-2.0841309650299067e-07, 1.5568965116713333e-06, -0.9999999999987665, 0.3999999421953671], [6.163580320405805e-07, 0.9999999999985982, 1.5568963832139855e-06, 0.1987498041214011], [0.9999999999997886, -6.163577075622238e-07, -2.0841405617977316e-07, -0.19999978501559326], [0.0, 0.0, 0.0, 1.0]]","[[2.220446049250313e-16, -0.0, -1.0, 0.4], [0.0, 1.0, -0.0, -0.19875], [1.0, 0.0, 2.220446049250313e-16, -0.2], [0.0, 0.0, 0.0, 1.0]]","[[-8.863066778830309e-07, 1.040748533874201e-06, -0.9999999999990656, 0.3999999419382336], [2.2890306155934623e-07, 0.9999999999994322, 1.0407483309962704e-06, -0.19875002694956767], [0.999999999999581, -2.2890213913693656e-07, -8.863069161368919e-07, -0.19999978920127487], [0.0, 0.0, 0.0, 1.0]]"
2.6916666666666664,-5.898670895533487,8.915218819827741,-8.27043700934749,-99.83991453225704,17.365528860967515,19.208723710387158,19.731897417789916,-5.898670895533487,-8.915218819827741,8.27043700934749,-99.83991453225704,-17.365528860967515,19.208723710387158,-19.731897417789916,"[[2.220446049250313e-16, -0.0, -1.0, 0.4], [0.0, 1.0, -0.0, 0.19812499999999997], [1.0, 0.0, 2.220446049250313e-16, -0.2], [0.0, 0.0, 0.0, 1.0]]","[[-2.1925495818919671e-07, 1.5636189016968278e-06, -0.9999999999987534, 0.39999994182454396], [6.085079252930011e-07, 0.9999999999985925, 1.5636187682781962e-06, 0.19812480583126815], [0.9999999999997908, -6.085075824610748e-07, -2.1925590965032882e-07, -0.19999978167945603], [0.0, 0.0, 0.0, 1.0]]","[[2.220446049250313e-16, -0.0, -1.0, 0.4], [0.0, 1.0, -0.0, -0.19812499999999997], [1.0, 0.0, 2.220446049250313e-16, -0.2], [0.0, 0.0, 0.0, 1.0]]","[[-8.960420804227098e-07, 1.0352442912995563e-06, -0.9999999999990629, 0.39999994170032993], [2.3588318505263794e-07, 0.9999999999994366, 1.035244079938683e-06, -0.19812502894630724], [0.9999999999995709, -2.3588225743015764e-07, -8.960423246717752e-07, -0.19999978646673444], [0.0, 0.0, 0.0, 1.0]]"
2.7,-5.944339674758308,8.875969137762263,-8.362600166913056,-99.83890366425987,17.46443512279118,19.24189110899674,19.6694011868843,-5.944339674758308,-8.875969137762263,8.362600166913056,-99.83890366425987,-17.46443512279118,19.24189110899674,-19.6694011868843,"[[2.220446049250313e-16, -0.0, -1.0, 0.4], [0.0, 1.0, -0.0, 0.19749999999999998], [1.0, 0.0, 2.220446049250313e-16, -0.2], [0.0, 0.0, 0.0, 1.0]]","[[-2.6548473208709567e-07, 1.5905444035301589e-06, -0.9999999999987, 0.3999999350877449], [6.02816967862214e-07, 0.9999999999985535, 1.5905442434912248e-06, 0.1974997979073513], [0.9999999999997832, -6.028165455962178e-07, -2.6548569109774434e-07, -0.19999976495313937], [0.0, 0.0, 0.0, 1.0]]","[[2.220446049250313e-16, -0.0, -1.0, 0.4], [0.0, 1.0, -0.0, -0.19749999999999998], [1.0, 0.0, 2.220446049250313e-16, -0.2], [0.0, 0.0, 0.0, 1.0]]","[[-9.411658293267955e-07, 1.009539077031527e-06, -0.9999999999990474, 0.39999993509746945], [2.407072039336271e-07, 0.9999999999994613, 1.0095388504865496e-06, -0.19750002131000044], [0.9999999999995279, -2.407062537899285e-07, -9.411660722435933e-07, -0.19999977034108612], [0.0, 0.0, 0.0, 1.0]]"
2.7083333333333335,-5.990131397388189,8.836635785879452,-8.454728319759127,-99.83759909812841,17.563363582729643,19.27486726230956,19.60688788050576,-5.990131397388189,-8.836635785879452,8.454728319759127,-99.83759909812841,-17.563363582729643,19.27486726230956,-19.60688788050576,"[[2.220446049250313e-16, -0.0, -1.0, 0.4], [0.0, 1.0, -0.0, 0.196875], [1.0, 0.0, 2.220446049250313e-16, -0.2], [0.0, 0.0, 0.0, 1.0]]","[[-2.551249607130046e-07, 1.5765100080793347e-06, -0.9999999999987248, 0.3999999364632778], [6.139929603012279e-07, 0.9999999999985689, 1.5765098514341591e-06, 0.19687480142144587], [0.9999999999997791, -6.139925580934312e-07, -2.551259286054375e-07, -0.19999976853995932], [0.0, 0.0, 0.0, 1.0]]","[[2.220446049250313e-16, -0.0, -1.0, 0.4], [0.0, 1.0, -0.0, -0.196875], [1.0, 0.0, 2.220446049250313e-16, -0.2], [0.0, 0.0, 0.0, 1.0]]","[[-9.297005628128296e-07, 1.024795916258084e-06, -0.9999999999990427, 0.39999993660795563], [2.2866732242162237e-07, 0.9999999999994487, 1.0247957036663618e-06, -0.19687502511248403], [0.9999999999995416, -2.2866636966826099e-07, -9.297007970698878e-07, -0.19999977452760534], [0.0, 0.0, 0.0, 1.0]]"
2.716666666666667,-6.036045636536307,8.797218764179307,-8.546821467885701,-99.83600083386261,17.662312533235617,19.30765217032562,19.544355791106998,-6.036045636536307,-8.797218764179307,8.546821467885701,-99.83600083386261,-17.662312533235617,19.30765217032562,-19.544355791106998,"[[2.220446049250313e-16, -0.0, -1.0, 0.4], [0.0, 1.0, -0.0, 0.19624999999999998], [1.0, 0.0, 2.220446049250313e-16, -0.2], [0.0, 0.0, 0.0, 1.0]]","[[-1.7841242300198346e-07, 1.5470632584994832e-06, -0.9999999999987874, 0.3999999451682252], [5.773595148957791e-07, 0.9999999999986366, 1.54706315549114e-06, 0.19624981159954474], [0.9999999999998175, -5.773592388797928e-07, -1.7841331606538446e-07, -0.199999794641284], [0.0, 0.0, 0.0, 1.0]]","[[2.220446049250313e-16, -0.0, -1.0, 0.4], [0.0, 1.0, -0.0, -0.19624999999999998], [1.0, 0.0, 2.220446049250313e-16, -0.2], [0.0, 0.0, 0.0, 1.0]]","[[-8.518830034720537e-07, 1.0554672957666706e-06, -0.9999999999990804, 0.39999994544888], [2.644399085483953e-07, 0.9999999999994083, 1.055467070495153e-06, -0.1962500355797494], [0.9999999999996024, -2.6443900941369413e-07, -8.518832823600775e-07, -0.1999998012276534], [0.0, 0.0, 0.0, 1.0]]"
2.725,-6.082081111542193,8.757717218888185,-8.638878757519134,-99.83412253184086,17.761281974309103,19.34024412549763,19.481808333782606,-6.082081111542193,-8.757717218888185,8.638878757519134,-99.83412253184086,-17.761281974309103,19.34024412549763,-19.481808333782606,"[[2.220446049250313e-16, -0.0, -1.0, 0.4], [0.0, 1.0, -0.0, 0.195625], [1.0, 0.0, 2.220446049250313e-16, -0.2], [0.0, 0.0, 0.0, 1.0]]","[[-2.577486514776517e-07, 1.5937122872225912e-06, -0.999999999998697, 0.3999999360554948], [6.106994595804872e-07, 0.9999999999985438, 1.5937121298153848e-06, 0.19562479791252987], [0.9999999999997806, -6.10699048802539e-07, -2.577496246991551e-07, -0.1999997662597758], [0.0, 0.0, 0.0, 1.0]]","[[2.220446049250313e-16, -0.0, -1.0, 0.4], [0.0, 1.0, -0.0, -0.195625], [1.0, 0.0, 2.220446049250313e-16, -0.2], [0.0, 0.0, 0.0, 1.0]]","[[-9.301147258500286e-07, 1.0100449213695203e-06, -0.9999999999990573, 0.3999999364731457], [2.3024215906785192e-07, 0.9999999999994633, 1.0100447072183076e-06, -0.19562502218256897], [0.9999999999995409, -2.3024121961017898e-07, -9.3011495833073e-07, -0.19999977344395603], [0.0, 0.0, 0.0, 1.0]]"
2.7333333333333334,-6.128237822405847,8.718131150006084,-8.730898481112131,-99.8319505316848,17.860271905950096,19.372644835372878,19.419245508532583,-6.128237822405847,-8.718131150006084,8.730898481112131,-99.8319505316848,-17.860271905950096,19.372644835372878,-19.419245508532583,"[[2.220446049250313e-16, -0.0, -1.0, 0.4], [0.0, 1.0, -0.0, 0.19499999999999998], [1.0, 0.0, 2.220446049250313e-16, -0.2], [0.0, 0.0, 0.0, 1.0]]","[[-2.7705119992615934e-07, 1.5816377607764975e-06, -0.9999999999987109, 0.39999993414892504], [6.275243309433001e-07, 0.9999999999985523, 1.5816375869198778e-06, 0.1949997990321468], [0.9999999999997647, -6.275238927478997e-07, -2.7705219246554336e-07, -0.19999976006498182], [0.0, 0.0, 0.0, 1.0]]","[[2.220446049250313e-16, -0.0, -1.0, 0.4], [0.0, 1.0, -0.0, -0.19499999999999998], [1.0, 0.0, 2.220446049250313e-16, -0.2], [0.0, 0.0, 0.0, 1.0]]","[[-9.483133251997344e-07, 1.0233482362647491e-06, -0.999999999999027, 0.3999999347045838], [2.1256251860448784e-07, 0.999999999999454, 1.0233480346893175e-06, -0.19500002359278507], [0.9999999999995279, -2.1256154814970333e-07, -9.483135428034473e-07, -0.199999767845982], [0.0, 0.0, 0.0, 1.0]]"
2.7416666666666667,-6.174515769127268,8.678459703759358,-8.822880638664692,-99.82948483339443,17.95927891306402,19.404854299951367,19.356667315356926,-6.174515769127268,-8.678459703759358,8.822880638664692,-99.82948483339443,-17.95927891306402,19.404854299951367,-19.356667315356926,"[[2.220446049250313e-16, -0.0, -1.0, 0.4], [0.0, 1.0, -0.0, 0.194375], [1.0, 0.0, 2.220446049250313e-16, -0.2], [0.0, 0.0, 0.0, 1.0]]","[[-2.2164053203876932e-07, 1.5663324141713139e-06, -0.9999999999987488, 0.3999999394647724], [5.988865179295987e-07, 0.9999999999985941, 1.5663322814335452e-06, 0.19437480297714047], [0.9999999999997962, -5.988861707661292e-07, -2.2164146995518053e-07, -0.19999977744232436], [0.0, 0.0, 0.0, 1.0]]","[[2.220446049250313e-16, -0.0, -1.0, 0.4], [0.0, 1.0, -0.0, -0.194375], [1.0, 0.0, 2.220446049250313e-16, -0.2], [0.0, 0.0, 0.0, 1.0]]","[[-8.917992369017469e-07, 1.0398845248163307e-06, -0.9999999999990616, 0.3999999401594676], [2.4034856437814387e-07, 0.9999999999994305, 1.039884310474048e-06, -0.19437502782914196], [0.9999999999995735, -2.403476370098838e-07, -8.917994867019274e-07, -0.1999997858191551], [0.0, 0.0, 0.0, 1.0]]"
2.75,-6.220913671045988,8.638703733921652,-8.914823522629526,-99.82673226715892,18.058302995650862,19.4368708116858,19.294078876897515,-6.220913671045988,-8.638703733921652,8.914823522629526,-99.82673226715892,-18.058302995650862,19.4368708116858,-19.294078876897515,"[[2.220446049250313e-16, -0.0, -1.0, 0.4], [0.0, 1.0, -0.0, 0.19374999999999998], [1.0, 0.0, 2.220446049250313e-16, -0.2], [0.0, 0.0, 0.0, 1.0]]","[[-2.2263063692573581e-07, 1.5731572325491216e-06, -0.9999999999987378, 0.3999999402818146], [6.122495963172558e-07, 0.9999999999985753, 1.5731570962433484e-06, 0.19374980669338407], [0.9999999999997878, -6.122492460835168e-07, -2.2263159993318737e-07, -0.1999997768692866], [0.0, 0.0, 0.0, 1.0]]","[[2.220446049250313e-16, -0.0, -1.0, 0.4], [0.0, 1.0, -0.0, -0.19374999999999998], [1.0, 0.0, 2.220446049250313e-16, -0.2], [0.0, 0.0, 0.0, 1.0]]","[[-8.916865511521266e-07, 1.0342926758015113e-06, -0.9999999999990676, 0.39999994111656567], [2.2613676073367134e-07, 0.9999999999994397, 1.0342924741587878e-06, -0.1937500318374519], [0.999999999999577, -2.2613583846877125e-07, -8.916867851871402e-07, -0.19999978584098238], [0.0, 0.0, 0.0, 1.0]]"
2.7583333333333333,-6.267431528162006,8.598860679172029,-9.006727133006633,-99.82369283297825,18.157345861257923,19.468696078123475,19.23147677805976,-6.267431528162006,-8.598860679172029,9.006727133006633,-99.82369283297825,-18.157345861257923,19.468696078123475,-19.23147677805976,"[[2.220446049250313e-16, -0.0, -1.0, 0.4], [0.0, 1.0, -0.0, 0.193125], [1.0, 0.0, 2.220446049250313e-16, -0.2], [0.0, 0.0, 0.0, 1.0]]","[[-2.593025849040309e-07, 1.5710817712834023e-06, -0.9999999999987325, 0.3999999353440503], [6.383723436142586e-07, 0.9999999999985623, 1.571081605751536e-06, 0.19312480019655018], [0.9999999999997627, -6.383719362279279e-07, -2.5930358787951135e-07, -0.19999976191874136], [0.0, 0.0, 0.0, 1.0]]","[[2.220446049250313e-16, -0.0, -1.0, 0.4], [0.0, 1.0, -0.0, -0.193125], [1.0, 0.0, 2.220446049250313e-16, -0.2], [0.0, 0.0, 0.0, 1.0]]","[[-9.272562742634882e-07, 1.0376031683223025e-06, -0.9999999999990319, 0.39999993631987063], [1.9916829497325034e-07, 0.999999999999442, 1.0376029836426769e-06, -0.19312502563338646], [0.9999999999995504, -1.9916733284918072e-07, -9.272564809870154e-07, -0.1999997714843333], [0.0, 0.0, 0.0, 1.0]]"
2.7666666666666666,-6.314068486701676,8.55893224705778,-9.098590616022365,-99.82035970066329,18.256402387243327,19.500328391717098,19.168864433938257,-6.314068486701676,-8.55893224705778,9.098590616022365,-99.82035970066329,-18.256402387243327,19.500328391717098,-19.168864433938257,"[[2.220446049250313e-16, -0.0, -1.0, 0.4], [0.0, 1.0, -0.0, 0.1925], [1.0, 0.0, 2.220446049250313e-16, -0.2], [0.0, 0.0, 0.0, 1.0]]","[[-2.3370652824095117e-07, 1.5807091115442884e-06, -0.9999999999987236, 0.3999999359516618], [6.19858441762208e-07, 0.9999999999985588, 1.5807089666790636e-06, 0.1924998007242876], [0.9999999999997807, -6.19858072339412e-07, -2.337075081237927e-07, -0.19999977215358797], [0.0, 0.0, 0.0, 1.0]]","[[2.220446049250313e-16, -0.0, -1.0, 0.4], [0.0, 1.0, -0.0, -0.1925], [1.0, 0.0, 2.220446049250313e-16, -0.2], [0.0, 0.0, 0.0, 1.0]]","[[-9.005586086296979e-07, 1.0292129539169023e-06, -0.999999999999065, 0.3999999370695838], [2.168394937511739e-07, 0.9999999999994471, 1.0292127586406226e-06, -0.1925000264546407], [0.999999999999571, -2.1683856688456118e-07, -9.005588317845259e-07, -0.19999978231207088], [0.0, 0.0, 0.0, 1.0]]"
2.775,-6.360824973551821,8.51891758380526,-9.190412264129431,-99.81673970040319,18.35547428115436,19.531767752466667,19.106243552080286,-6.360824973551821,-8.51891758380526,9.190412264129431,-99.81673970040319,-18.35547428115436,19.531767752466667,-19.106243552080286,"[[2.220446049250313e-16, -0.0, -1.0, 0.4], [0.0, 1.0, -0.0, 0.191875], [1.0, 0.0, 2.220446049250313e-16, -0.2], [0.0, 0.0, 0.0, 1.0]]","[[-2.805476593814582e-07, 1.6015233113885944e-06, -0.9999999999986785, 0.39999993477009077], [6.292264240560617e-07, 0.9999999999985199, 1.60152313486034e-06, 0.1918747978352564], [0.999999999999763, -6.292259747516629e-07, -2.8054866724191996e-07, -0.19999975876957016], [0.0, 0.0, 0.0, 1.0]]","[[2.220446049250313e-16, -0.0, -1.0, 0.4], [0.0, 1.0, -0.0, -0.191875], [1.0, 0.0, 2.220446049250313e-16, -0.2], [0.0, 0.0, 0.0, 1.0]]","[[-9.462987934916178e-07, 1.009637900258252e-06, -0.9999999999990425, 0.3999999360311317], [2.0663183303159006e-07, 0.9999999999994689, 1.009637704723228e-06, -0.19187502385981536], [0.9999999999995308, -2.066308776124504e-07, -9.462990022135465e-07, -0.19999976951996093], [0.0, 0.0, 0.0, 1.0]]"
2.783333333333333,-6.40769928116515,8.478814981867178,-9.282191223554186,-99.81282600200876,18.454559835443735,19.563017575466766,19.043614132485853,-6.40769928116515,-8.478814981867178,9.282191223554186,-99.81282600200876,-18.454559835443735,19.563017575466766,-19.043614132485853,"[[2.220446049250313e-16, -0.0, -1.0, 0.4], [0.0, 1.0, -0.0, 0.19125], [1.0, 0.0, 2.220446049250313e-16, -0.2], [0.0, 0.0, 0.0, 1.0]]","[[-2.1005864231371518e-07, 1.5742722736442541e-06, -0.999999999998739, 0.3999999379205855], [6.246056116256659e-07, 0.999999999998566, 1.574272142440175e-06, 0.19124980481835438], [0.9999999999997831, -6.24605280935409e-07, -2.100596257492704e-07, -0.19999977797194804], [0.0, 0.0, 0.0, 1.0]]","[[2.220446049250313e-16, -0.0, -1.0, 0.4], [0.0, 1.0, -0.0, -0.19125], [1.0, 0.0, 2.220446049250313e-16, -0.2], [0.0, 0.0, 0.0, 1.0]]","[[-8.747094940031452e-07, 1.038130142026658e-06, -0.9999999999990788, 0.3999999393257646], [2.104159132772215e-07, 0.9999999999994393, 1.0381299579742353e-06, -0.19125003113785957], [0.9999999999995955, -2.1041500521489727e-07, -8.747097124950365e-07, -0.19999978931322784], [0.0, 0.0, 0.0, 1.0]]"
2.7916666666666665,-6.454692263315307,8.438626148790823,-9.373927494296627,-99.80862543566921,18.553659050111452,19.59407273807552,18.98097617515496,-6.454692263315307,-8.438626148790823,9.373927494296627,-99.80862543566921,-18.553659050111452,19.59407273807552,-18.98097617515496,"[[2.220446049250313e-16, -0.0, -1.0, 0.4], [0.0, 1.0, -0.0, 0.190625], [1.0, 0.0, 2.220446049250313e-16, -0.2], [0.0, 0.0, 0.0, 1.0]]","[[-2.371494473019098e-07, 1.5784057706335645e-06, -0.9999999999987262, 0.3999999388352118], [5.916877856347239e-07, 0.9999999999985795, 1.5784056303149013e-06, 0.19062480550373784], [0.9999999999997969, -5.916874113159474e-07, -2.371503812215181e-07, -0.19999977180662223], [0.0, 0.0, 0.0, 1.0]]","[[2.220446049250313e-16, -0.0, -1.0, 0.4], [0.0, 1.0, -0.0, -0.190625], [1.0, 0.0, 2.220446049250313e-16, -0.2], [0.0, 0.0, 0.0, 1.0]]","[[-9.007006607775203e-07, 1.0352398785021382e-06, -0.9999999999990584, 0.3999999403855517], [2.425000496176872e-07, 0.9999999999994347, 1.0352396600825727e-06, -0.19062503211886958], [0.9999999999995649, -2.424991171764131e-07, -9.007009116879239e-07, -0.199999783737796], [0.0, 0.0, 0.0, 1.0]]"
2.8,-6.501802212455001,8.398348523255256,-9.46562022258311,-99.80413800138452,18.652770217610215,19.62493665538752,18.91833480272948,-6.501802212455001,-8.398348523255256,9.46562022258311,-99.80413800138452,-18.652770217610215,19.62493665538752,-18.91833480272948,"[[2.220446049250313e-16, -0.0, -1.0, 0.4], [0.0, 1.0, -0.0, 0.19], [1.0, 0.0, 2.220446049250313e-16, -0.2], [0.0, 0.0, 0.0, 1.0]]","[[-2.7203216818039166e-07, 1.6051695540021013e-06, -0.9999999999986748, 0.3999999318355749], [6.280941263576309e-07, 0.9999999999985147, 1.605169383140037e-06, 0.1899997944634046], [0.999999999999766, -6.280936896990911e-07, -2.72033176262898e-07, -0.1999997574985861], [0.0, 0.0, 0.0, 1.0]]","[[2.220446049250313e-16, -0.0, -1.0, 0.4], [0.0, 1.0, -0.0, -0.19], [1.0, 0.0, 2.220446049250313e-16, -0.2], [0.0, 0.0, 0.0, 1.0]]","[[-9.344844904002336e-07, 1.0097212795675087e-06, -0.9999999999990535, 0.3999999335321], [2.0526297719743674e-07, 0.9999999999994691, 1.0097210877528598e-06, -0.19000002137484331], [0.9999999999995423, -2.0526203362854635e-07, -9.3448469756785e-07, -0.19999977001866895], [0.0, 0.0, 0.0, 1.0]]"
2.808333333333333,-6.549029555471053,8.357982959034128,-9.557266847092695,-99.7993568689655,18.75189163039273,19.65560761985546,18.855688307662124,-6.549029555471053,-8.357982959034128,9.557266847092695,-99.7993568689655,-18.75189163039273,19.65560761985546,-18.855688307662124,"[[2.220446049250313e-16, -0.0, -1.0, 0.4], [0.0, 1.0, -0.0, 0.18937500000000002], [1.0, 0.0, 2.220446049250313e-16, -0.2], [0.0, 0.0, 0.0, 1.0]]","[[-2.6535145319916964e-07, 1.6022911605121335e-06, -0.9999999999986812, 0.3999999344176992], [6.297261418727445e-07, 0.9999999999985181, 1.6022909934131256e-06, 0.1893747972504305], [0.9999999999997665, -6.297257167016705e-07, -2.653524621698544e-07, -0.199999760857104], [0.0, 0.0, 0.0, 1.0]]","[[2.220446049250313e-16, -0.0, -1.0, 0.4], [0.0, 1.0, -0.0, -0.18937500000000002], [1.0, 0.0, 2.220446049250313e-16, -0.2], [0.0, 0.0, 0.0, 1.0]]","[[-9.267056094164339e-07, 1.0138468975307514e-06, -0.9999999999990568, 0.39999993626142966], [2.028032283141173e-07, 0.9999999999994655, 1.0138467095922766e-06, -0.18937502445889645], [0.9999999999995501, -2.0280228877649313e-07, -9.26705815029738e-07, -0.19999977396505364], [0.0, 0.0, 0.0, 1.0]]"
2.8166666666666664,-6.596373011702997,8.317529456127435,-9.648868221599027,-99.79428203841218,18.8510249960063,19.686087339026642,18.793038397500183,-6.596373011702997,-8.317529456127435,9.648868221599027,-99.79428203841218,-18.8510249960063,19.686087339026642,-18.793038397500183,"[[2.220446049250313e-16, -0.0, -1.0, 0.4], [0.0, 1.0, -0.0, 0.18874999999999997], [1.0, 0.0, 2.220446049250313e-16, -0.2], [0.0, 0.0, 0.0, 1.0]]","[[-1.7896040094278476e-07, 1.5420919064143676e-06, -0.9999999999987951, 0.3999999417459329], [6.065783083945845e-07, 0.9999999999986271, 1.5420917978606113e-06, 0.18874981245631553], [0.9999999999998, -6.06578032420487e-07, -1.789613364167053e-07, -0.19999979290268238], [0.0, 0.0, 0.0, 1.0]]","[[2.220446049250313e-16, -0.0, -1.0, 0.4], [0.0, 1.0, -0.0, -0.18874999999999997], [1.0, 0.0, 2.220446049250313e-16, -0.2], [0.0, 0.0, 0.0, 1.0]]","[[-8.392171539917115e-07, 1.0752953837915828e-06, -0.9999999999990699, 0.3999999437378853], [2.2512629128996082e-07, 0.9999999999993967, 1.0752951948620886e-06, -0.18875003996253065], [0.9999999999996227, -2.251253888835783e-07, -8.392173960203309e-07, -0.1999998065974602], [0.0, 0.0, 0.0, 1.0]]"
2.825,-6.643833008037654,8.276986306987885,-9.740422638554818,-99.7889271701029,18.95016519180903,19.71637410535377,18.730385072243653,-6.643833008037654,-8.276986306987885,9.740422638554818,-99.7889271701029,-18.95016519180903,19.71637410535377,-18.730385072243653,"[[2.220446049250313e-16, -0.0, -1.0, 0.4], [0.0, 1.0, -0.0, 0.188125], [1.0, 0.0, 2.220446049250313e-16, -0.2], [0.0, 0.0, 0.0, 1.0]]","[[-2.390075861669061e-07, 1.589808824975343e-06, -0.9999999999987079, 0.39999993453455696], [6.136513341185587e-07, 0.999999999998548, 1.5898086783077651e-06, 0.18812479971012921], [0.9999999999997833, -6.13650954141431e-07, -2.3900856183090013e-07, -0.1999997665868835], [0.0, 0.0, 0.0, 1.0]]","[[2.220446049250313e-16, -0.0, -1.0, 0.4], [0.0, 1.0, -0.0, -0.188125], [1.0, 0.0, 2.220446049250313e-16, -0.2], [0.0, 0.0, 0.0, 1.0]]","[[-8.981676379860026e-07, 1.0288296192921954e-06, -0.9999999999990674, 0.39999993667576333], [2.172314521571663e-07, 0.9999999999994471, 1.0288294241823258e-06, -0.18812502751470564], [0.999999999999573, -2.1723052809567e-07, -8.981678613628752e-07, -0.19999978086750786], [0.0, 0.0, 0.0, 1.0]]"
2.8333333333333335,-6.691408690701378,8.236354365389126,-9.831929244186417,-99.7832786036593,19.04931563289552,19.746467918836846,18.667731746987126,-6.691408690701378,-8.236354365389126,9.831929244186417,-99.7832786036593,-19.04931563289552,19.746467918836846,-18.667731746987126,"[[2.220446049250313e-16, -0.0, -1.0, 0.4], [0.0, 1.0, -0.0, 0.18749999999999997], [1.0, 0.0, 2.220446049250313e-16, -0.2], [0.0, 0.0, 0.0, 1.0]]","[[-2.6048493501074077e-07, 1.576516664113778e-06, -0.9999999999987234, 0.3999999349080225], [6.208020369157586e-07, 0.9999999999985647, 1.5765165024039496e-06, 0.18749980167780828], [0.9999999999997734, -6.208016262561672e-07, -2.604859137833593e-07, -0.1999997608659035], [0.0, 0.0, 0.0, 1.0]]","[[2.220446049250313e-16, -0.0, -1.0, 0.4], [0.0, 1.0, -0.0, -0.18749999999999997], [1.0, 0.0, 2.220446049250313e-16, -0.2], [0.0, 0.0, 0.0, 1.0]]","[[-9.185491222640785e-07, 1.043374908962319e-06, -0.9999999999990339, 0.39999993719949556], [2.0926192754046008e-07, 0.9999999999994338, 1.0433747167453765e-06, -0.1875000297814542], [0.9999999999995564, -2.0926096914932765e-07, -9.185493407559697e-07, -0.1999997757313235], [0.0, 0.0, 0.0, 1.0]]"
2.841666666666667,-6.739099205920522,8.19563277755751,-9.923388038493826,-99.77733633908137,19.148472904171182,19.77636877947587,18.605080129277894,-6.739099205920522,-8.19563277755751,9.923388038493826,-99.77733633908137,-19.148472904171182,19.77636877947587,-18.605080129277894,"[[2.220446049250313e-16, -0.0, -1.0, 0.4], [0.0, 1.0, -0.0, 0.18687499999999999], [1.0, 0.0, 2.220446049250313e-16, -0.2], [0.0, 0.0, 0.0, 1.0]]","[[-2.1621291595996794e-07, 1.5538151279715669e-06, -0.9999999999987695, 0.399999940033104], [6.263980939631635e-07, 0.9999999999985967, 1.5538149925359398e-06, 0.1868748083180897], [0.9999999999997805, -6.263977580075221e-07, -2.1621388940351594e-07, -0.19999978256857645], [0.0, 0.0, 0.0, 1.0]]","[[2.220446049250313e-16, -0.0, -1.0, 0.4], [0.0, 1.0, -0.0, -0.18687499999999999], [1.0, 0.0, 2.220446049250313e-16, -0.2], [0.0, 0.0, 0.0, 1.0]]","[[-8.731820813623337e-07, 1.0673315373680647e-06, -0.9999999999990493, 0.39999994247587217], [2.0285001051273332e-07, 0.9999999999994102, 1.0673313602434552e-06, -0.1868750367215125], [0.9999999999995984, -2.028490785379218e-07, -8.731822978558235e-07, -0.19999979801774612], [0.0, 0.0, 0.0, 1.0]]"
2.85,-6.786904553695088,8.154821543493037,-10.014797313929753,-99.77110720655833,19.24763529808872,19.806078394818133,18.54242851156866,-6.786904553695088,-8.154821543493037,10.014797313929753,-99.77110720655833,-19.24763529808872,19.806078394818133,-18.54242851156866,"[[2.220446049250313e-16, -0.0, -1.0, 0.4], [0.0, 1.0, -0.0, 0.18624999999999997], [1.0, 0.0, 2.220446049250313e-16, -0.2], [0.0, 0.0, 0.0, 1.0]]","[[-1.9052161254196065e-07, 1.5606667045747348e-06, -0.9999999999987642, 0.39999994170437925], [6.096457783522609e-07, 0.9999999999985967, 1.5606665884237762e-06, 0.18624980967728422], [0.9999999999997963, -6.096454810107921e-07, -1.9052256400309275e-07, -0.19999978924213732], [0.0, 0.0, 0.0, 1.0]]","[[2.220446049250313e-16, -0.0, -1.0, 0.4], [0.0, 1.0, -0.0, -0.18624999999999997], [1.0, 0.0, 2.220446049250313e-16, -0.2], [0.0, 0.0, 0.0, 1.0]]","[[-8.463965383564975e-07, 1.0617369902363553e-06, -0.9999999999990782, 0.39999994429946906], [2.1878938001165808e-07, 0.9999999999994125, 1.0617368050541363e-06, -0.18625003838113582], [0.999999999999618, -2.187884813610999e-07, -8.463967706151543e-07, -0.19999980527402253], [0.0, 0.0, 0.0, 1.0]]"
2.8583333333333334,-6.834823880251427,8.113919809422063,-10.106156216720551,-99.76459120609013,19.346804522195427,19.835595057316343,18.479778601406718,-6.834823880251427,-8.113919809422063,10.106156216720551,-99.76459120609013,-19.346804522195427,19.835595057316343,-18.479778601406718,"[[2.220446049250313e-16, -0.0, -1.0, 0.4], [0.0, 1.0, -0.0, 0.18562499999999998], [1.0, 0.0, 2.220446049250313e-16, -0.2], [0.0, 0.0, 0.0, 1.0]]","[[-2.1688681289822043e-07, 1.5647261297853794e-06, -0.9999999999987523, 0.39999993831269043], [6.024468175479805e-07, 0.9999999999985942, 1.5647259991223622e-06, 0.18562480772661794], [0.999999999999795, -6.024464781787938e-07, -2.1688775547756833e-07, -0.19999977994832618], [0.0, 0.0, 0.0, 1.0]]","[[2.220446049250313e-16, -0.0, -1.0, 0.4], [0.0, 1.0, -0.0, -0.18562499999999998], [1.0, 0.0, 2.220446049250313e-16, -0.2], [0.0, 0.0, 0.0, 1.0]]","[[-8.716683329579311e-07, 1.0589364965147415e-06, -0.9999999999990594, 0.39999994106111697], [2.2517835766323525e-07, 0.9999999999994139, 1.0589363002342733e-06, -0.1856250367315425], [0.9999999999995948, -2.2517743462178393e-07, -8.716685714338368e-07, -0.19999979656189], [0.0, 0.0, 0.0, 1.0]]"
2.8666666666666667,-6.882857185589542,8.072926721570939,-10.197463893092575,-99.7577883376768,19.44597716139672,19.8649187669705,18.417133813886654,-6.882857185589542,-8.072926721570939,10.197463893092575,-99.7577883376768,-19.44597716139672,19.8649187669705,-18.417133813886654,"[[2.220446049250313e-16, -0.0, -1.0, 0.4], [0.0, 1.0, -0.0, 0.185], [1.0, 0.0, 2.220446049250313e-16, -0.2], [0.0, 0.0, 0.0, 1.0]]","[[-2.8804174817542716e-07, 1.6077332892304184e-06, -0.9999999999986662, 0.39999993102908193], [6.387472905775621e-07, 0.9999999999985036, 1.6077331052442707e-06, 0.18499979535668679], [0.9999999999997546, -6.387468274824559e-07, -2.8804277513172494e-07, -0.19999975351646634], [0.0, 0.0, 0.0, 1.0]]","[[2.220446049250313e-16, -0.0, -1.0, 0.4], [0.0, 1.0, -0.0, -0.185], [1.0, 0.0, 2.220446049250313e-16, -0.2], [0.0, 0.0, 0.0, 1.0]]","[[-9.417307517689544e-07, 1.0171901479470088e-06, -0.9999999999990392, 0.39999993393187216], [1.8807083905179648e-07, 0.9999999999994649, 1.0171899708353492e-06, -0.18500002466332477], [0.9999999999995388, -1.880698811325398e-07, -9.417309431714038e-07, -0.1999997707106753], [0.0, 0.0, 0.0, 1.0]]"
2.875,-6.9310036159357855,8.031843133713311,-10.288719489272177,-99.75069177112915,19.545154923239892,19.894051231327897,18.354494149008467,-6.9310036159357855,-8.031843133713311,10.288719489272177,-99.75069177112915,-19.545154923239892,19.894051231327897,-18.354494149008467,"[[2.220446049250313e-16, -0.0, -1.0, 0.4], [0.0, 1.0, -0.0, 0.18437499999999998], [1.0, 0.0, 2.220446049250313e-16, -0.2], [0.0, 0.0, 0.0, 1.0]]","[[-2.846856936855602e-07, 1.5867076448289788e-06, -0.9999999999987009, 0.3999999308664875], [6.542896176822486e-07, 0.9999999999985274, 1.58670745856181e-06, 0.18437479829212555], [0.9999999999997456, -6.542891659684851e-07, -2.846867317440882e-07, -0.1999997526742049], [0.0, 0.0, 0.0, 1.0]]","[[2.220446049250313e-16, -0.0, -1.0, 0.4], [0.0, 1.0, -0.0, -0.18437499999999998], [1.0, 0.0, 2.220446049250313e-16, -0.2], [0.0, 0.0, 0.0, 1.0]]","[[-9.372830962472989e-07, 1.0394785279003245e-06, -0.9999999999990207, 0.39999993392465555], [1.7172438432753078e-07, 0.9999999999994451, 1.0394783669464033e-06, -0.18437502790116567], [0.9999999999995463, -1.717234100418604e-07, -9.372832747711612e-07, -0.19999977044797965], [0.0, 0.0, 0.0, 1.0]]"
2.8833333333333333,-6.979262744403334,7.990668192075536,-10.37992215148571,-99.74330150644721,19.644334392630352,19.92299074284124,18.291859606772157,-6.979262744403334,-7.990668192075536,10.37992215148571,-99.74330150644721,-19.644334392630352,19.92299074284124,-18.291859606772157,"[[2.220446049250313e-16, -0.0, -1.0, 0.4], [0.0, 1.0, -0.0, 0.18375], [1.0, 0.0, 2.220446049250313e-16, -0.2], [0.0, 0.0, 0.0, 1.0]]","[[-2.210917757761166e-07, 1.5510406443740676e-06, -0.999999999998773, 0.3999999376622788], [6.216830990054715e-07, 0.9999999999986042, 1.5510405069247855e-06, 0.18374980937251317], [0.9999999999997826, -6.216827560824085e-07, -2.210927401158358e-07, -0.19999977626690463], [0.0, 0.0, 0.0, 1.0]]","[[2.220446049250313e-16, -0.0, -1.0, 0.4], [0.0, 1.0, -0.0, -0.18375], [1.0, 0.0, 2.220446049250313e-16, -0.2], [0.0, 0.0, 0.0, 1.0]]","[[-8.725984673163545e-07, 1.0764101990794053e-06, -0.9999999999990401, 0.3999999408768505], [2.0352970513609528e-07, 0.9999999999994003, 1.076410021480084e-06, -0.18375003928463882], [0.9999999999995988, -2.0352876586216508e-07, -8.725986862523349e-07, -0.19999979461916212], [0.0, 0.0, 0.0, 1.0]]"
2.8916666666666666,-7.027634144105364,7.949401896657611,-10.471071879733177,-99.73562437382012,19.743513862020816,19.951737301510533,18.22923360227231,-7.027634144105364,-7.949401896657611,10.471071879733177,-99.73562437382012,-19.743513862020816,19.951737301510533,-18.22923360227231,"[[2.220446049250313e-16, -0.0, -1.0, 0.4], [0.0, 1.0, -0.0, 0.18312499999999998], [1.0, 0.0, 2.220446049250313e-16, -0.2], [0.0, 0.0, 0.0, 1.0]]","[[-1.9220665264940706e-07, 1.574118473113205e-06, -0.9999999999987425, 0.3999999391919636], [6.038546907020794e-07, 0.9999999999985787, 1.5741183570480584e-06, 0.18312480910505008], [0.9999999999997992, -6.038543881452997e-07, -1.9220760322236075e-07, -0.19999978624744], [0.0, 0.0, 0.0, 1.0]]","[[2.220446049250313e-16, -0.0, -1.0, 0.4], [0.0, 1.0, -0.0, -0.18312499999999998], [1.0, 0.0, 2.220446049250313e-16, -0.2], [0.0, 0.0, 0.0, 1.0]]","[[-8.426235651448621e-07, 1.0545988914852956e-06, -0.9999999999990888, 0.3999999425639724], [2.2055982581006728e-07, 0.9999999999994196, 1.0545987056367376e-06, -0.1831250393208915], [0.9999999999996206, -2.2055893718014513e-07, -8.426237978476081e-07, -0.19999980517713298], [0.0, 0.0, 0.0, 1.0]]"
2.9,-7.076117388155053,7.908042539912246,-10.562166112693637,-99.72766037324787,19.84269674650586,19.98029090733577,18.166616135508924,-7.076117388155053,-7.908042539912246,10.562166112693637,-99.72766037324787,-19.84269674650586,19.98029090733577,-18.166616135508924,"[[2.220446049250313e-16, -0.0, -1.0, 0.4], [0.0, 1.0, -0.0, 0.1825], [1.0, 0.0, 2.220446049250313e-16, -0.2], [0.0, 0.0, 0.0, 1.0]]","[[-2.2700262952701777e-07, 1.5638641582458375e-06, -0.9999999999987514, 0.3999999372136407], [6.34668847447503e-07, 0.9999999999985758, 1.5638640141740656e-06, 0.1824998081880445], [0.9999999999997728, -6.346684924454672e-07, -2.270036220664018e-07, -0.1999997772931128], [0.0, 0.0, 0.0, 1.0]]","[[2.220446049250313e-16, -0.0, -1.0, 0.4], [0.0, 1.0, -0.0, -0.1825], [1.0, 0.0, 2.220446049250313e-16, -0.2], [0.0, 0.0, 0.0, 1.0]]","[[-8.763307386971952e-07, 1.0661215529502417e-06, -0.9999999999990477, 0.39999994074409156], [1.8895032462690652e-07, 0.9999999999994138, 1.0661213873676545e-06, -0.18250003870822074], [0.9999999999995981, -1.8894939035178365e-07, -8.763309403136965e-07, -0.19999979679917776], [0.0, 0.0, 0.0, 1.0]]"
2.908333333333333,-7.124712049665578,7.8665918293867305,-10.653205704140737,-99.7194095047305,19.94187792344362,20.008653267864247,18.104007206482002,-7.124712049665578,-7.8665918293867305,10.653205704140737,-99.7194095047305,-19.94187792344362,20.008653267864247,-18.104007206482002,"[[2.220446049250313e-16, -0.0, -1.0, 0.4], [0.0, 1.0, -0.0, 0.181875], [1.0, 0.0, 2.220446049250313e-16, -0.2], [0.0, 0.0, 0.0, 1.0]]","[[-2.729956070646189e-07, 1.5993611538570172e-06, -0.9999999999986839, 0.3999999308128037], [6.281331457115677e-07, 0.9999999999985241, 1.599360982379172e-06, 0.18187479978901502], [0.9999999999997657, -6.281327090922187e-07, -2.729966115944116e-07, -0.1999997562215437], [0.0, 0.0, 0.0, 1.0]]","[[2.220446049250313e-16, -0.0, -1.0, 0.4], [0.0, 1.0, -0.0, -0.181875], [1.0, 0.0, 2.220446049250313e-16, -0.2], [0.0, 0.0, 0.0, 1.0]]","[[-9.212358316190716e-07, 1.0318947601664918e-06, -0.9999999999990433, 0.39999993450272836], [1.9469354340984228e-07, 0.9999999999994487, 1.0318945808082419e-06, -0.18187503061415036], [0.9999999999995567, -1.9469259279139372e-07, -9.212360325694391e-07, -0.19999977630291427], [0.0, 0.0, 0.0, 1.0]]"
2.9166666666666665,-7.173417274863293,7.825047203760128,-10.744188092753538,-99.71086493807881,20.041059100381375,20.036822675548674,18.04141023028613,-7.173417274863293,-7.825047203760128,10.744188092753538,-99.71086493807881,-20.041059100381375,20.036822675548674,-18.04141023028613,"[[2.220446049250313e-16, -0.0, -1.0, 0.4], [0.0, 1.0, -0.0, 0.18125], [1.0, 0.0, 2.220446049250313e-16, -0.2], [0.0, 0.0, 0.0, 1.0]]","[[-2.6645141926184834e-07, 1.576304217706749e-06, -0.9999999999987222, 0.3999999311881026], [6.425550332534067e-07, 0.9999999999985513, 1.576304046496779e-06, 0.1812498029124824], [0.9999999999997581, -6.425546132441351e-07, -2.664524320072914e-07, -0.19999975958732083], [0.0, 0.0, 0.0, 1.0]]","[[2.220446049250313e-16, -0.0, -1.0, 0.4], [0.0, 1.0, -0.0, -0.18125], [1.0, 0.0, 2.220446049250313e-16, -0.2], [0.0, 0.0, 0.0, 1.0]]","[[-9.136048010338627e-07, 1.0562237462772247e-06, -0.999999999999025, 0.3999999350385125], [1.7948209617735996e-07, 0.9999999999994263, 1.0562235823019437e-06, -0.181250034043239], [0.9999999999995668, -1.7948113120624912e-07, -9.136049906599553e-07, -0.19999978024289597], [0.0, 0.0, 0.0, 1.0]]"
2.925,-7.222233490635021,7.78341037057973,-10.835114132305687,-99.70202667329282,20.140236862224544,20.064799130389044,17.9788252069213,-7.222233490635021,-7.78341037057973,10.835114132305687,-99.70202667329282,-20.140236862224544,20.064799130389044,-17.9788252069213,"[[2.220446049250313e-16, -0.0, -1.0, 0.4], [0.0, 1.0, -0.0, 0.180625], [1.0, 0.0, 2.220446049250313e-16, -0.2], [0.0, 0.0, 0.0, 1.0]]","[[-2.0659979432791076e-07, 1.5603986801394921e-06, -0.9999999999987612, 0.39999994022307883], [6.040898630878084e-07, 0.9999999999986, 1.5603985553343996e-06, 0.1806248103083096], [0.9999999999997962, -6.040895407090396e-07, -2.0660073690725866e-07, -0.19999978477985736], [0.0, 0.0, 0.0, 1.0]]","[[2.220446049250313e-16, -0.0, -1.0, 0.4], [0.0, 1.0, -0.0, -0.180625], [1.0, 0.0, 2.220446049250313e-16, -0.2], [0.0, 0.0, 0.0, 1.0]]","[[-8.526673358488779e-07, 1.0734032168468356e-06, -0.9999999999990604, 0.3999999442350063], [2.1716059464781784e-07, 0.9999999999994005, 1.0734030316814548e-06, -0.1806250417453518], [0.9999999999996129, -2.1715967939191036e-07, -8.526675689957131e-07, -0.19999980600853368], [0.0, 0.0, 0.0, 1.0]]"
2.933333333333333,-7.271158989433468,7.741679622298245,-10.925981261476243,-99.69290837075086,20.239411208973127,20.092584339932657,17.916253843934815,-7.271158989433468,-7.741679622298245,10.925981261476243,-99.69290837075086,-20.239411208973127,20.092584339932657,-17.916253843934815,"[[2.220446049250313e-16, -0.0, -1.0, 0.4], [0.0, 1.0, -0.0, 0.18], [1.0, 0.0, 2.220446049250313e-16, -0.2], [0.0, 0.0, 0.0, 1.0]]","[[-2.5969504574563373e-07, 1.593748739761098e-06, -0.9999999999986963, 0.3999999326961419], [6.29514449660606e-07, 0.9999999999985318, 1.5937485762790522e-06, 0.17999980229863832], [0.9999999999997681, -6.29514035771176e-07, -2.596960489431588e-07, -0.19999975953552077], [0.0, 0.0, 0.0, 1.0]]","[[2.220446049250313e-16, -0.0, -1.0, 0.4], [0.0, 1.0, -0.0, -0.18], [1.0, 0.0, 2.220446049250313e-16, -0.2], [0.0, 0.0, 0.0, 1.0]]","[[-9.046777688093144e-07, 1.0413288128604398e-06, -0.9999999999990486, 0.39999993687060237], [1.90952196496586e-07, 0.9999999999994397, 1.0413286401106399e-06, -0.18000003404252055], [0.9999999999995727, -1.9095125442953358e-07, -9.046779677612804e-07, -0.19999978133624466], [0.0, 0.0, 0.0, 1.0]]"
2.9416666666666664,-7.320193771258635,7.699854958915672,-11.016790334038856,-99.68349637007458,20.33858214062713,20.120176596632216,17.85369784887396,-7.320193771258635,-7.699854958915672,11.016790334038856,-99.68349637007458,-20.33858214062713,20.120176596632216,-17.85369784887396,"[[2.220446049250313e-16, -0.0, -1.0, 0.4], [0.0, 1.0, -0.0, 0.17937499999999998], [1.0, 0.0, 2.220446049250313e-16, -0.2], [0.0, 0.0, 0.0, 1.0]]","[[-2.5336958858757086e-07, 1.6036985579383793e-06, -0.9999999999986822, 0.3999999306822736], [6.462096452508781e-07, 0.9999999999985054, 1.6036983942082239e-06, 0.17937479884755775], [0.9999999999997593, -6.462092389216242e-07, -2.5337062486974204e-07, -0.1999997614709571], [0.0, 0.0, 0.0, 1.0]]","[[2.220446049250313e-16, -0.0, -1.0, 0.4], [0.0, 1.0, -0.0, -0.17937499999999998], [1.0, 0.0, 2.220446049250313e-16, -0.2], [0.0, 0.0, 0.0, 1.0]]","[[-8.972685733299457e-07, 1.0326564777700957e-06, -0.9999999999990643, 0.39999993502028974], [1.7347607817806327e-07, 0.9999999999994519, 1.0326563221158627e-06, -0.17937503089893467], [0.9999999999995826, -1.7347515160783606e-07, -8.972687525199419e-07, -0.1999997838426201], [0.0, 0.0, 0.0, 1.0]]"
2.95,-7.369337836110524,7.6579363804320115,-11.107538788672583,-99.67379067126399,20.437749657186544,20.147575900487723,17.791155514191445,-7.369337836110524,-7.6579363804320115,11.107538788672583,-99.67379067126399,-20.437749657186544,20.147575900487723,-17.791155514191445,"[[2.220446049250313e-16, -0.0, -1.0, 0.4], [0.0, 1.0, -0.0, 0.17874999999999996], [1.0, 0.0, 2.220446049250313e-16, -0.2], [0.0, 0.0, 0.0, 1.0]]","[[-2.1250412129969476e-07, 1.5497948992014985e-06, -0.9999999999987766, 0.399999938728337], [6.10132877062997e-07, 0.999999999998613, 1.5497947695454938e-06, 0.1787498113589376], [0.9999999999997914, -6.101325477244747e-07, -2.1250506698766713e-07, -0.19999978224540396], [0.0, 0.0, 0.0, 1.0]]","[[2.220446049250313e-16, -0.0, -1.0, 0.4], [0.0, 1.0, -0.0, -0.17874999999999996], [1.0, 0.0, 2.220446049250313e-16, -0.2], [0.0, 0.0, 0.0, 1.0]]","[[-8.553204229877487e-07, 1.0878394654681948e-06, -0.9999999999990424, 0.3999999432309177], [2.0877482327754936e-07, 0.9999999999993865, 1.087839286899199e-06, -0.17875004371845465], [0.9999999999996124, -2.087738928261904e-07, -8.553206501393795e-07, -0.1999998051868729], [0.0, 0.0, 0.0, 1.0]]"
2.9583333333333335,-7.418590330215486,7.615923886847263,-11.198227479151074,-99.66380493469742,20.536908636009496,20.17478395904647,17.72863196252915,-7.418590330215486,-7.615923886847263,11.198227479151074,-99.66380493469742,-20.536908636009496,20.17478395904647,-17.72863196252915,"[[2.220446049250313e-16, -0.0, -1.0, 0.4], [0.0, 1.0, -0.0, 0.17812499999999998], [1.0, 0.0, 2.220446049250313e-16, -0.2], [0.0, 0.0, 0.0, 1.0]]","[[-2.7653221784662563e-07, 1.6085329997126604e-06, -0.9999999999986682, 0.3999999302377266], [6.303211184084007e-07, 0.9999999999985079, 1.6085328254083053e-06, 0.17812479803621845], [0.9999999999997633, -6.303206735964113e-07, -2.765332319243363e-07, -0.1999997532949168], [0.0, 0.0, 0.0, 1.0]]","[[2.220446049250313e-16, -0.0, -1.0, 0.4], [0.0, 1.0, -0.0, -0.17812499999999998], [1.0, 0.0, 2.220446049250313e-16, -0.2], [0.0, 0.0, 0.0, 1.0]]","[[-9.182669240548336e-07, 1.0303823897039397e-06, -0.9999999999990478, 0.3999999349059068], [1.8781137357864345e-07, 0.9999999999994518, 1.0303822172433836e-06, -0.1781250307044234], [0.9999999999995609, -1.8781042741255528e-07, -9.182671176777291e-07, -0.19999977680513573], [0.0, 0.0, 0.0, 1.0]]"
2.966666666666667,-7.467950399799875,7.573815770614134,-11.288853844153389,-99.65352549999656,20.63606249219057,20.20179906476116,17.66612719388707,-7.467950399799875,-7.573815770614134,11.288853844153389,-99.65352549999656,-20.63606249219057,20.20179906476116,-17.66612719388707,"[[2.220446049250313e-16, -0.0, -1.0, 0.4], [0.0, 1.0, -0.0, 0.1775], [1.0, 0.0, 2.220446049250313e-16, -0.2], [0.0, 0.0, 0.0, 1.0]]","[[-2.9158265513196113e-07, 1.5994598026222895e-06, -0.9999999999986786, 0.3999999286968946], [6.618205452256674e-07, 0.9999999999985021, 1.5994596096466156e-06, 0.17749979824138912], [0.9999999999997387, -6.618200788501131e-07, -2.915837136185928e-07, -0.19999974934148015], [0.0, 0.0, 0.0, 1.0]]","[[2.220446049250313e-16, -0.0, -1.0, 0.4], [0.0, 1.0, -0.0, -0.1775], [1.0, 0.0, 2.220446049250313e-16, -0.2], [0.0, 0.0, 0.0, 1.0]]","[[-9.322369255437835e-07, 1.0407383896738938e-06, -0.999999999999024, 0.3999999335316808], [1.5553962779517145e-07, 0.9999999999994466, 1.040738244674549e-06, -0.17750003121891839], [0.9999999999995536, -1.5553865758039807e-07, -9.322370874143004e-07, -0.19999977341931563], [0.0, 0.0, 0.0, 1.0]]"
2.975,-7.5174180448636925,7.531613739279918,-11.379418737453172,-99.64295236716139,20.735207810635185,20.228622925179096,17.60364120826521,-7.5174180448636925,-7.531613739279918,11.379418737453172,-99.64295236716139,-20.735207810635185,20.228622925179096,-17.60364120826521,"[[2.220446049250313e-16, -0.0, -1.0, 0.4], [0.0, 1.0, -0.0, 0.17687499999999998], [1.0, 0.0, 2.220446049250313e-16, -0.2], [0.0, 0.0, 0.0, 1.0]]","[[-2.222757706227263e-07, 1.577150326256276e-06, -0.9999999999987317, 0.39999993457362315], [6.296232992676445e-07, 0.999999999998558, 1.5771501863059983e-06, 0.17687480669083763], [0.9999999999997771, -6.296229487045729e-07, -2.2227676360619952e-07, -0.19999977348395978], [0.0, 0.0, 0.0, 1.0]]","[[2.220446049250313e-16, -0.0, -1.0, 0.4], [0.0, 1.0, -0.0, -0.17687499999999998], [1.0, 0.0, 2.220446049250313e-16, -0.2], [0.0, 0.0, 0.0, 1.0]]","[[-8.6185072184497e-07, 1.064332477153668e-06, -0.9999999999990622, 0.3999999395760415], [1.8696737266181928e-07, 0.999999999999416, 1.0643323160160797e-06, -0.17687503997833262], [0.9999999999996111, -1.8696645536606915e-07, -8.61850920796936e-07, -0.1999997981282751], [0.0, 0.0, 0.0, 1.0]]"
2.9833333333333334,-7.566992411633292,7.489315231523675,-11.469919597729488,-99.63209236638106,20.834344591343335,20.255253832752974,17.54117571321086,-7.566992411633292,-7.489315231523675,11.469919597729488,-99.63209236638106,-20.834344591343335,20.255253832752974,-17.54117571321086,"[[2.220446049250313e-16, -0.0, -1.0, 0.4], [0.0, 1.0, -0.0, 0.17625], [1.0, 0.0, 2.220446049250313e-16, -0.2], [0.0, 0.0, 0.0, 1.0]]","[[-2.0053867150204852e-07, 1.5594887205966003e-06, -0.999999999998764, 0.3999999362042496], [6.302402404433389e-07, 0.9999999999985856, 1.5594885942087813e-06, 0.17624981077524982], [0.9999999999997814, -6.30239927704789e-07, -2.0053965449351452e-07, -0.1999997829177346], [0.0, 0.0, 0.0, 1.0]]","[[2.220446049250313e-16, -0.0, -1.0, 0.4], [0.0, 1.0, -0.0, -0.17625], [1.0, 0.0, 2.220446049250313e-16, -0.2], [0.0, 0.0, 0.0, 1.0]]","[[-8.390354615528395e-07, 1.0832804064253411e-06, -0.9999999999990614, 0.3999999413753123], [1.8558379562621453e-07, 0.9999999999993963, 1.0832802507143181e-06, -0.176250044373288], [0.999999999999631, -1.8558288671549512e-07, -8.390356627252515e-07, -0.19999980812741733], [0.0, 0.0, 0.0, 1.0]]"
2.9916666666666667,-7.616673500108671,7.446921101119052,-11.560356424982334,-99.6209454976556,20.93347112676773,20.281693495030094,17.478730708724015,-7.616673500108671,-7.446921101119052,11.560356424982334,-99.6209454976556,-20.93347112676773,20.281693495030094,-17.478730708724015,"[[2.220446049250313e-16, -0.0, -1.0, 0.4], [0.0, 1.0, -0.0, 0.17562499999999998], [1.0, 0.0, 2.220446049250313e-16, -0.2], [0.0, 0.0, 0.0, 1.0]]","[[-2.017781920438111e-07, 1.5625169309550441e-06, -0.9999999999987589, 0.3999999347161356], [6.16878551599021e-07, 0.999999999998589, 1.5625168064821397e-06, 0.17562480922071724], [0.9999999999997894, -6.16878236316439e-07, -2.0177915593944107e-07, -0.1999997785989769], [0.0, 0.0, 0.0, 1.0]]","[[2.220446049250313e-16, -0.0, -1.0, 0.4], [0.0, 1.0, -0.0, -0.17562499999999998], [1.0, 0.0, 2.220446049250313e-16, -0.2], [0.0, 0.0, 0.0, 1.0]]","[[-8.391979569588592e-07, 1.0815402499800437e-06, -0.9999999999990629, 0.3999999400568625], [1.9818165958839205e-07, 0.9999999999993954, 1.0815400836667593e-06, -0.17562504312987728], [0.9999999999996282, -1.9818075196197777e-07, -8.39198171231903e-07, -0.19999980437290815], [0.0, 0.0, 0.0, 1.0]]"
3.0,-7.666461310289834,7.4044313480660495,-11.650728365438065,-99.609511760985,21.03258741690837,20.307940204463158,17.41631131744656,-7.666461310289834,-7.4044313480660495,11.650728365438065,-99.609511760985,-21.03258741690837,20.307940204463158,-17.41631131744656,"[[2.220446049250313e-16, -0.0, -1.0, 0.4], [0.0, 1.0, -0.0, 0.175], [1.0, 0.0, 2.220446049250313e-16, -0.2], [0.0, 0.0, 0.0, 1.0]]","[[-2.6893822829832104e-07, 1.5817832288102653e-06, -0.9999999999987128, 0.39999993194346384], [6.598691659598006e-07, 0.9999999999985312, 1.5817830513459336e-06, 0.17499980286323874], [0.9999999999997462, -6.598687405570198e-07, -2.689392721300088e-07, -0.19999975368610592], [0.0, 0.0, 0.0, 1.0]]","[[2.220446049250313e-16, -0.0, -1.0, 0.4], [0.0, 1.0, -0.0, -0.175], [1.0, 0.0, 2.220446049250313e-16, -0.2], [0.0, 0.0, 0.0, 1.0]]","[[-9.052822265709359e-07, 1.0635636844852972e-06, -0.9999999999990249, 0.3999999374548707], [1.5443006850063863e-07, 0.9999999999994227, 1.0635635446829239e-06, -0.17500003708409256], [0.9999999999995784, -1.5442910567531425e-07, -9.05282390661899e-07, -0.19999978002316998], [0.0, 0.0, 0.0, 1.0]]"
3.0083333333333333,-7.716353280855838,7.361845118591019,-11.741035419096681,-99.59778432618009,21.13169175421796,20.333993961052172,17.35391412428391,-7.716353280855838,-7.361845118591019,11.741035419096681,-99.59778432618009,-21.13169175421796,20.333993961052172,-17.35391412428391,"[[2.220446049250313e-16, -0.0, -1.0, 0.4], [0.0, 1.0, -0.0, 0.174375], [1.0, 0.0, 2.220446049250313e-16, -0.2], [0.0, 0.0, 0.0, 1.0]]","[[-2.5574796813643275e-07, 1.5870492972571035e-06, -0.9999999999987078, 0.3999999310561679], [6.339820485572781e-07, 0.9999999999985396, 1.5870491351172156e-06, 0.1743748024431392], [0.9999999999997663, -6.339816426718673e-07, -2.5574897422053766e-07, -0.19999976527937224], [0.0, 0.0, 0.0, 1.0]]","[[2.220446049250313e-16, -0.0, -1.0, 0.4], [0.0, 1.0, -0.0, -0.174375], [1.0, 0.0, 2.220446049250313e-16, -0.2], [0.0, 0.0, 0.0, 1.0]]","[[-8.910173642795449e-07, 1.0595891000419837e-06, -0.9999999999990417, 0.399999936739276], [1.7955904635002904e-07, 0.9999999999994225, 1.059588940052159e-06, -0.17437503697630868], [0.999999999999587, -1.7955810223771238e-07, -8.910175545717713e-07, -0.19999979217841407], [0.0, 0.0, 0.0, 1.0]]"
3.0166666666666666,-7.766351119353978,7.319162412693964,-11.831275024637243,-99.58577002343003,21.230782431149215,20.35985817989172,17.291544251877937,-7.766351119353978,-7.319162412693964,11.831275024637243,-99.58577002343003,-21.230782431149215,20.35985817989172,-17.291544251877937,"[[2.220446049250313e-16, -0.0, -1.0, 0.4], [0.0, 1.0, -0.0, 0.17375], [1.0, 0.0, 2.220446049250313e-16, -0.2], [0.0, 0.0, 0.0, 1.0]]","[[-2.521627247009661e-07, 1.601718812854597e-06, -0.9999999999986856, 0.39999993057660144], [6.50106877332925e-07, 0.9999999999985061, 1.601718648921588e-06, 0.1737498003000792], [0.999999999999757, -6.501064734383319e-07, -2.521637658681186e-07, -0.19999976006890555], [0.0, 0.0, 0.0, 1.0]]","[[2.220446049250313e-16, -0.0, -1.0, 0.4], [0.0, 1.0, -0.0, -0.17375], [1.0, 0.0, 2.220446049250313e-16, -0.2], [0.0, 0.0, 0.0, 1.0]]","[[-8.863587959151431e-07, 1.046212734972289e-06, -0.9999999999990599, 0.3999999364324265], [1.626788340370638e-07, 0.9999999999994396, 1.0462125907808707e-06, -0.17375003514613083], [0.9999999999995939, -1.6267790671717877e-07, -8.863589660013105e-07, -0.19999978752879244], [0.0, 0.0, 0.0, 1.0]]"
3.025,-7.81645311823696,7.276383230374882,-11.921447182059753,-99.57346202254567,21.32986115524942,20.38552944588721,17.229199992681355,-7.81645311823696,-7.276383230374882,11.921447182059753,-99.57346202254567,-21.32986115524942,20.38552944588721,-17.229199992681355,"[[2.220446049250313e-16, -0.0, -1.0, 0.4], [0.0, 1.0, -0.0, 0.173125], [1.0, 0.0, 2.220446049250313e-16, -0.2], [0.0, 0.0, 0.0, 1.0]]","[[-2.029064515296497e-07, 1.5620478075524543e-06, -0.9999999999987597, 0.3999999371200932], [6.213518828569702e-07, 0.9999999999985872, 1.5620476814758793e-06, 0.1731248122562927], [0.9999999999997866, -6.213515659066472e-07, -2.0290742208661783e-07, -0.1999997812030056], [0.0, 0.0, 0.0, 1.0]]","[[2.220446049250313e-16, -0.0, -1.0, 0.4], [0.0, 1.0, -0.0, -0.173125], [1.0, 0.0, 2.220446049250313e-16, -0.2], [0.0, 0.0, 0.0, 1.0]]","[[-8.360304513677086e-07, 1.0871786125795087e-06, -0.9999999999990596, 0.3999999431496429], [1.90681286547639e-07, 0.9999999999993909, 1.0871784531645067e-06, -0.17312504741583715], [0.9999999999996325, -1.9068037763316666e-07, -8.360306587573696e-07, -0.19999980922256627], [0.0, 0.0, 0.0, 1.0]]"
3.033333333333333,-7.866659277504785,7.23350586408648,-12.01155103759056,-99.56087398390534,21.428924511423993,20.411009466585945,17.16688305424145,-7.866659277504785,-7.23350586408648,12.01155103759056,-99.56087398390534,-21.428924511423993,20.411009466585945,-17.16688305424145,"[[2.220446049250313e-16, -0.0, -1.0, 0.4], [0.0, 1.0, -0.0, 0.1725], [1.0, 0.0, 2.220446049250313e-16, -0.2], [0.0, 0.0, 0.0, 1.0]]","[[-2.7471506369725063e-07, 1.597664610683534e-06, -0.9999999999986862, 0.39999992795537637], [6.479570573500327e-07, 0.999999999998514, 1.5976644326796945e-06, 0.17249980019603509], [0.9999999999997524, -6.479566184466947e-07, -2.747160990912434e-07, -0.19999975077734286], [0.0, 0.0, 0.0, 1.0]]","[[2.220446049250313e-16, -0.0, -1.0, 0.4], [0.0, 1.0, -0.0, -0.1725], [1.0, 0.0, 2.220446049250313e-16, -0.2], [0.0, 0.0, 0.0, 1.0]]","[[-9.06768233388533e-07, 1.0528582831084438e-06, -0.9999999999990348, 0.3999999341596685], [1.6332634921511287e-07, 0.9999999999994325, 1.0528581350097176e-06, -0.17250003566957892], [0.9999999999995757, -1.633253945166442e-07, -9.067684052510572e-07, -0.1999997793554706], [0.0, 0.0, 0.0, 1.0]]"
3.0416666666666665,-7.916968743383806,7.190531167602406,-12.101585737456022,-99.5479922471307,21.52797249967293,20.436296534440626,17.10459514410552,-7.916968743383806,-7.190531167602406,12.101585737456022,-99.5479922471307,-21.52797249967293,20.436296534440626,-17.10459514410552,"[[2.220446049250313e-16, -0.0, -1.0, 0.4], [0.0, 1.0, -0.0, 0.171875], [1.0, 0.0, 2.220446049250313e-16, -0.2], [0.0, 0.0, 0.0, 1.0]]","[[-2.9664109996163646e-07, 1.6034941866773475e-06, -0.9999999999986703, 0.39999992613410545], [6.425346576643517e-07, 0.9999999999985079, 1.6034939960748995e-06, 0.1718747986226059], [0.9999999999997494, -6.425341820012747e-07, -2.966421302486033e-07, -0.19999974690029904], [0.0, 0.0, 0.0, 1.0]]","[[2.220446049250313e-16, -0.0, -1.0, 0.4], [0.0, 1.0, -0.0, -0.171875], [1.0, 0.0, 2.220446049250313e-16, -0.2], [0.0, 0.0, 0.0, 1.0]]","[[-9.276247456280196e-07, 1.0483268748496175e-06, -0.9999999999990202, 0.39999993251415317], [1.6800180565999813e-07, 0.9999999999994362, 1.0483267190074215e-06, -0.17187503441075216], [0.9999999999995556, -1.6800083320602766e-07, -9.276249217093913e-07, -0.19999977603581684], [0.0, 0.0, 0.0, 1.0]]"
3.05,-7.967381515874024,7.14745914092266,-12.191550427882492,-99.53481681222173,21.627003412448946,20.461394064545836,17.042339677368144,-7.967381515874024,-7.14745914092266,12.191550427882492,-99.53481681222173,-21.627003412448946,20.461394064545836,-17.042339677368144,"[[2.220446049250313e-16, -0.0, -1.0, 0.4], [0.0, 1.0, -0.0, 0.17125], [1.0, 0.0, 2.220446049250313e-16, -0.2], [0.0, 0.0, 0.0, 1.0]]","[[-2.1847879466685427e-07, 1.575328821076205e-06, -0.9999999999987356, 0.39999993354881924], [6.350613216262767e-07, 0.9999999999985578, 1.5753286823284926e-06, 0.1712498082184828], [0.9999999999997747, -6.350609774495616e-07, -2.1847979519984406e-07, -0.19999977208221742], [0.0, 0.0, 0.0, 1.0]]","[[2.220446049250313e-16, -0.0, -1.0, 0.4], [0.0, 1.0, -0.0, -0.17125], [1.0, 0.0, 2.220446049250313e-16, -0.2], [0.0, 0.0, 0.0, 1.0]]","[[-8.483942899317753e-07, 1.0777920764778438e-06, -0.9999999999990593, 0.3999999401056379], [1.7473093039843627e-07, 0.999999999999404, 1.0777919282374915e-06, -0.1712500443218353], [0.9999999999996249, -1.7473001600575414e-07, -8.483944782256003e-07, -0.1999998017739464], [0.0, 0.0, 0.0, 1.0]]"
3.058333333333333,-8.017896741201792,7.104288930273594,-12.281444255096321,-99.52135450936764,21.726017249752037,20.486298641806997,16.980113238934745,-8.017896741201792,-7.104288930273594,12.281444255096321,-99.52135450936764,-21.726017249752037,20.486298641806997,-16.980113238934745,"[[2.220446049250313e-16, -0.0, -1.0, 0.4], [0.0, 1.0, -0.0, 0.170625], [1.0, 0.0, 2.220446049250313e-16, -0.2], [0.0, 0.0, 0.0, 1.0]]","[[-1.9637505871417105e-07, 1.562562227249269e-06, -0.9999999999987598, 0.39999993701059744], [6.00049453207141e-07, 0.9999999999985991, 1.5625621094142713e-06, 0.17062481334079327], [0.9999999999998005, -6.000491463581708e-07, -1.9637599640853765e-07, -0.19999978313129194], [0.0, 0.0, 0.0, 1.0]]","[[2.220446049250313e-16, -0.0, -1.0, 0.4], [0.0, 1.0, -0.0, -0.170625], [1.0, 0.0, 2.220446049250313e-16, -0.2], [0.0, 0.0, 0.0, 1.0]]","[[-8.25223681666376e-07, 1.0918601463241836e-06, -0.9999999999990636, 0.39999994374519743], [2.0900139705811865e-07, 0.9999999999993823, 1.091859973851629e-06, -0.1706250497598955], [0.9999999999996378, -2.0900049602921547e-07, -8.252239097061853e-07, -0.19999981337807174], [0.0, 0.0, 0.0, 1.0]]"
3.0666666666666664,-8.06851441936711,7.061020108768386,-12.371266365323867,-99.50760533856841,21.82501230403491,20.511011973771392,16.917920951447194,-8.06851441936711,-7.061020108768386,12.371266365323867,-99.50760533856841,-21.82501230403491,20.511011973771392,-16.917920951447194,"[[2.220446049250313e-16, -0.0, -1.0, 0.4], [0.0, 1.0, -0.0, 0.16999999999999998], [1.0, 0.0, 2.220446049250313e-16, -0.2], [0.0, 0.0, 0.0, 1.0]]","[[-2.0706319830976483e-07, 1.5706199419361362e-06, -0.9999999999987452, 0.3999999380313901], [6.0512204415499e-07, 0.9999999999985834, 1.5706198166373763e-06, 0.16999981205231524], [0.9999999999997955, -6.051217189366681e-07, -2.070641486606739e-07, -0.19999978009354188], [0.0, 0.0, 0.0, 1.0]]","[[2.220446049250313e-16, -0.0, -1.0, 0.4], [0.0, 1.0, -0.0, -0.16999999999999998], [1.0, 0.0, 2.220446049250313e-16, -0.2], [0.0, 0.0, 0.0, 1.0]]","[[-8.348463349516777e-07, 1.0851055016685262e-06, -0.9999999999990627, 0.39999994494478497], [2.0319016418475453e-07, 0.9999999999993905, 1.085105332036318e-06, -0.17000004878770902], [0.9999999999996307, -2.031892582883546e-07, -8.348465554419704e-07, -0.1999998108942167], [0.0, 0.0, 0.0, 1.0]]"
3.075,-8.119232842822687,7.017652676407036,-12.46101590479148,-99.49356929982403,21.923988575297564,20.535534060439034,16.855762814905493,-8.119232842822687,-7.017652676407036,12.46101590479148,-99.49356929982403,-21.923988575297564,20.535534060439034,-16.855762814905493,"[[2.220446049250313e-16, -0.0, -1.0, 0.4], [0.0, 1.0, -0.0, 0.16937499999999997], [1.0, 0.0, 2.220446049250313e-16, -0.2], [0.0, 0.0, 0.0, 1.0]]","[[-2.3716980240839902e-07, 1.5782574354837537e-06, -0.9999999999987267, 0.3999999330260437], [6.267693315586185e-07, 0.9999999999985583, 1.5782572868327296e-06, 0.16937481013731487], [0.9999999999997756, -6.267689572428512e-07, -2.3717079161711396e-07, -0.19999977043209732], [0.0, 0.0, 0.0, 1.0]]","[[2.220446049250313e-16, -0.0, -1.0, 0.4], [0.0, 1.0, -0.0, -0.16937499999999997], [1.0, 0.0, 2.220446049250313e-16, -0.2], [0.0, 0.0, 0.0, 1.0]]","[[-8.638888340239959e-07, 1.0787726549257042e-06, -0.999999999999045, 0.39999994011923956], [1.8080699926954267e-07, 0.9999999999994018, 1.0787724987289414e-06, -0.1693750471895381], [0.9999999999996105, -1.8080606732985392e-07, -8.63889028979159e-07, -0.19999980178550134], [0.0, 0.0, 0.0, 1.0]]"
3.0833333333333335,-8.170052865342166,6.974186206302722,-12.550692019725517,-99.47924639313452,22.02294435599271,20.5598666093572,16.793638829309643,-8.170052865342166,-6.974186206302722,12.550692019725517,-99.47924639313452,-22.02294435599271,20.5598666093572,-16.793638829309643,"[[2.220446049250313e-16, -0.0, -1.0, 0.4], [0.0, 1.0, -0.0, 0.16874999999999998], [1.0, 0.0, 2.220446049250313e-16, -0.2], [0.0, 0.0, 0.0, 1.0]]","[[-2.7770293120621403e-07, 1.5948871738762227e-06, -0.9999999999986897, 0.39999992622998604], [6.458174416163225e-07, 0.9999999999985197, 1.594886994530555e-06, 0.16874980359293756], [0.9999999999997531, -6.458169987106828e-07, -2.777039612711363e-07, -0.1999997484407575], [0.0, 0.0, 0.0, 1.0]]","[[2.220446049250313e-16, -0.0, -1.0, 0.4], [0.0, 1.0, -0.0, -0.16874999999999998], [1.0, 0.0, 2.220446049250313e-16, -0.2], [0.0, 0.0, 0.0, 1.0]]","[[-9.03359230308709e-07, 1.0634491616738435e-06, -0.9999999999990266, 0.39999993350399315], [1.6102572359970176e-07, 0.9999999999994216, 1.0634490162101897e-06, -0.16875004096252652], [0.999999999999579, -1.6102476292306025e-07, -9.033594015050994e-07, -0.19999978034571822], [0.0, 0.0, 0.0, 1.0]]"
3.091666666666667,-8.220973633151903,6.9306202715686185,-12.640294710125975,-99.46462978831069,22.12187793857305,20.58400620543132,16.731552409754226,-8.220973633151903,-6.9306202715686185,12.640294710125975,-99.46462978831069,-22.12187793857305,20.58400620543132,-16.731552409754226,"[[2.220446049250313e-16, -0.0, -1.0, 0.4], [0.0, 1.0, -0.0, 0.16812499999999997], [1.0, 0.0, 2.220446049250313e-16, -0.2], [0.0, 0.0, 0.0, 1.0]]","[[-2.707318263461822e-07, 1.6148439537359237e-06, -0.9999999999986595, 0.3999999267249232], [6.526670636623876e-07, 0.9999999999984832, 1.6148437770378927e-06, 0.16812479873194544], [0.9999999999997504, -6.526666264719076e-07, -2.707328803919218e-07, -0.19999975350138138], [0.0, 0.0, 0.0, 1.0]]","[[2.220446049250313e-16, -0.0, -1.0, 0.4], [0.0, 1.0, -0.0, -0.16812499999999997], [1.0, 0.0, 2.220446049250313e-16, -0.2], [0.0, 0.0, 0.0, 1.0]]","[[-8.953268370026635e-07, 1.044800248613065e-06, -0.9999999999990534, 0.3999999341807599], [1.534457084463943e-07, 0.9999999999994423, 1.0448001112294106e-06, -0.16812503641948148], [0.9999999999995874, -1.534447730086701e-07, -8.953269973188682e-07, -0.19999978595670348], [0.0, 0.0, 0.0, 1.0]]"
3.1,-8.271994292478253,6.88695529909155,-12.729821414671918,-99.44972631554172,22.220791030585882,20.60795626375597,16.66950184869195,-8.271994292478253,-6.88695529909155,12.729821414671918,-99.44972631554172,-22.220791030585882,20.60795626375597,-16.66950184869195,"[[2.220446049250313e-16, -0.0, -1.0, 0.4], [0.0, 1.0, -0.0, 0.16749999999999998], [1.0, 0.0, 2.220446049250313e-16, -0.2], [0.0, 0.0, 0.0, 1.0]]","[[-2.8118854350500655e-07, 1.5953980246180414e-06, -0.999999999998688, 0.39999992518858934], [6.477276033705057e-07, 0.9999999999985179, 1.5953978424841888e-06, 0.16749980149774024], [0.999999999999751, -6.477271547620603e-07, -2.8118957690059787e-07, -0.19999974754523056], [0.0, 0.0, 0.0, 1.0]]","[[2.220446049250313e-16, -0.0, -1.0, 0.4], [0.0, 1.0, -0.0, -0.16749999999999998], [1.0, 0.0, 2.220446049250313e-16, -0.2], [0.0, 0.0, 0.0, 1.0]]","[[-9.047236800840963e-07, 1.0655556091214211e-06, -0.9999999999990231, 0.39999993282724916], [1.5765749776827855e-07, 0.9999999999994199, 1.0655554664853726e-06, -0.16750003950374917], [0.9999999999995784, -1.5765653373486145e-07, -9.047238481718622e-07, -0.1999997805497209], [0.0, 0.0, 0.0, 1.0]]"
3.1083333333333334,-8.323114843321212,6.8431904350978705,-12.819272133363343,-99.43452914463845,22.319678509389327,20.63171507678386,16.607492268764698,-8.323114843321212,-6.8431904350978705,12.819272133363343,-99.43452914463845,-22.319678509389327,20.63171507678386,-16.607492268764698,"[[2.220446049250313e-16, -0.0, -1.0, 0.4], [0.0, 1.0, -0.0, 0.166875], [1.0, 0.0, 2.220446049250313e-16, -0.2], [0.0, 0.0, 0.0, 1.0]]","[[-2.1943737166241206e-07, 1.5806386697977514e-06, -0.9999999999987268, 0.3999999331131613], [6.397328676856384e-07, 0.9999999999985463, 1.5806385294161668e-06, 0.16687480974212116], [0.9999999999997713, -6.397325208336594e-07, -2.194383828535429e-07, -0.19999976904941644], [0.0, 0.0, 0.0, 1.0]]","[[2.220446049250313e-16, -0.0, -1.0, 0.4], [0.0, 1.0, -0.0, -0.166875], [1.0, 0.0, 2.220446049250313e-16, -0.2], [0.0, 0.0, 0.0, 1.0]]","[[-8.419141368509742e-07, 1.0816259874904178e-06, -0.9999999999990606, 0.39999994093566194], [1.6492728174406563e-07, 0.9999999999994014, 1.0816258486361763e-06, -0.16687504806717718], [0.999999999999632, -1.6492637110781792e-07, -8.419143153748365e-07, -0.199999802601866], [0.0, 0.0, 0.0, 1.0]]"
3.1166666666666667,-8.374334431907139,6.799325679587579,-12.908646866200252,-99.41904510579002,22.41854379007797,20.655282644514987,16.545520254877882,-8.374334431907139,-6.799325679587579,12.908646866200252,-99.41904510579002,-22.41854379007797,20.655282644514987,-16.545520254877882,"[[2.220446049250313e-16, -0.0, -1.0, 0.4], [0.0, 1.0, -0.0, 0.16624999999999998], [1.0, 0.0, 2.220446049250313e-16, -0.2], [0.0, 0.0, 0.0, 1.0]]","[[-1.9869216405510315e-07, 1.5602199553054576e-06, -0.9999999999987631, 0.399999936449317], [6.083409699786291e-07, 0.9999999999985978, 1.5602198344326158e-06, 0.16624981399860403], [0.9999999999997952, -6.083406599744212e-07, -1.986931132957892e-07, -0.19999978020527287], [0.0, 0.0, 0.0, 1.0]]","[[2.220446049250313e-16, -0.0, -1.0, 0.4], [0.0, 1.0, -0.0, -0.16624999999999998], [1.0, 0.0, 2.220446049250313e-16, -0.2], [0.0, 0.0, 0.0, 1.0]]","[[-8.201119853223915e-07, 1.1033572809350252e-06, -0.9999999999990551, 0.3999999444566596], [1.955969671102335e-07, 0.9999999999993722, 1.1033571205239583e-06, -0.16625005264322718], [0.9999999999996446, -1.955960622336501e-07, -8.201122011497475e-07, -0.19999981430449068], [0.0, 0.0, 0.0, 1.0]]"
3.125,-8.42565305823603,6.75536017878703,-12.997943905635353,-99.40327419899646,22.517383457557223,20.678658966949357,16.483590929673376,-8.42565305823603,-6.75536017878703,12.997943905635353,-99.40327419899646,-22.517383457557223,20.678658966949357,-16.483590929673376,"[[2.220446049250313e-16, -0.0, -1.0, 0.4], [0.0, 1.0, -0.0, 0.165625], [1.0, 0.0, 2.220446049250313e-16, -0.2], [0.0, 0.0, 0.0, 1.0]]","[[-2.202187576183512e-07, 1.5623639150740069e-06, -0.9999999999987556, 0.39999993782503407], [6.213301464384958e-07, 0.9999999999985867, 1.5623637782451904e-06, 0.165624811748444], [0.999999999999783, -6.213298023759122e-07, -2.2021972839736392e-07, -0.19999977720668602], [0.0, 0.0, 0.0, 1.0]]","[[2.220446049250313e-16, -0.0, -1.0, 0.4], [0.0, 1.0, -0.0, -0.165625], [1.0, 0.0, 2.220446049250313e-16, -0.2], [0.0, 0.0, 0.0, 1.0]]","[[-8.405831644631157e-07, 1.1025274126224383e-06, -0.9999999999990389, 0.3999999460182258], [1.8188830100558748e-07, 0.9999999999993758, 1.1025272597305658e-06, -0.16562505071314856], [0.9999999999996302, -1.8188737423955982e-07, -8.405833649693939e-07, -0.19999981185148308], [0.0, 0.0, 0.0, 1.0]]"
3.1333333333333333,-8.477069014760593,6.7112943595830465,-13.087162397894998,-99.38721642425776,22.616195804279798,20.70184745918155,16.421704293151183,-8.477069014760593,-6.7112943595830465,13.087162397894998,-99.38721642425776,-22.616195804279798,20.70184745918155,-16.421704293151183,"[[2.220446049250313e-16, -0.0, -1.0, 0.4], [0.0, 1.0, -0.0, 0.16499999999999998], [1.0, 0.0, 2.220446049250313e-16, -0.2], [0.0, 0.0, 0.0, 1.0]]","[[-2.0748474616194557e-07, 1.574531744147975e-06, -0.999999999998739, 0.39999993404919926], [6.379212588370167e-07, 0.999999999998557, 1.574531611788758e-06, 0.16499980963567168], [0.9999999999997751, -6.379209321449203e-07, -2.0748575046969364e-07, -0.19999977365396335], [0.0, 0.0, 0.0, 1.0]]","[[2.220446049250313e-16, -0.0, -1.0, 0.4], [0.0, 1.0, -0.0, -0.16499999999999998], [1.0, 0.0, 2.220446049250313e-16, -0.2], [0.0, 0.0, 0.0, 1.0]]","[[-8.267952475438101e-07, 1.091675177657803e-06, -0.9999999999990623, 0.3999999424292462], [1.6458033864788848e-07, 0.9999999999993905, 1.0916750415839194e-06, -0.16500004892097364], [0.9999999999996447, -1.6457943605599796e-07, -8.267954271778954e-07, -0.1999998088431386], [0.0, 0.0, 0.0, 1.0]]"
3.1416666666666666,-8.528583155254475,6.667127795088805,-13.176301489205542,-99.37087178157392,22.714982537792984,20.72484299856969,16.3598603453113,-8.528583155254475,-6.667127795088805,13.176301489205542,-99.37087178157392,-22.714982537792984,20.72484299856969,-16.3598603453113,"[[2.220446049250313e-16, -0.0, -1.0, 0.4], [0.0, 1.0, -0.0, 0.164375], [1.0, 0.0, 2.220446049250313e-16, -0.2], [0.0, 0.0, 0.0, 1.0]]","[[-2.820905509737237e-07, 1.586571543800617e-06, -0.9999999999987016, 0.3999999293468635], [6.603920160799693e-07, 0.9999999999985234, 1.5865713575099864e-06, 0.16437480557816578], [0.9999999999997421, -6.603915685223235e-07, -2.8209159858016974e-07, -0.19999975076932108], [0.0, 0.0, 0.0, 1.0]]","[[2.220446049250313e-16, -0.0, -1.0, 0.4], [0.0, 1.0, -0.0, -0.164375], [1.0, 0.0, 2.220446049250313e-16, -0.2], [0.0, 0.0, 0.0, 1.0]]","[[-9.003486750591705e-07, 1.0809524832846105e-06, -0.9999999999990106, 0.39999993791476224], [1.4139549590741237e-07, 0.9999999999994059, 1.0809523559797903e-06, -0.16437504518456889], [0.9999999999995848, -1.4139452267325103e-07, -9.003488278258587e-07, -0.1999997865016682], [0.0, 0.0, 0.0, 1.0]]"
3.15,-8.580193772170384,6.6228600584174835,-13.265361179566984,-99.35423344075576,22.8137402430022,20.747650707755657,16.298060793701026,-8.580193772170384,-6.6228600584174835,13.265361179566984,-99.35423344075576,-22.8137402430022,20.747650707755657,-16.298060793701026,"[[2.220446049250313e-16, -0.0, -1.0, 0.4], [0.0, 1.0, -0.0, 0.16375], [1.0, 0.0, 2.220446049250313e-16, -0.2], [0.0, 0.0, 0.0, 1.0]]","[[-2.2214430944744734e-07, 1.5735676192352935e-06, -0.9999999999987375, 0.39999993017496205], [6.354384175393858e-07, 0.9999999999985603, 1.573567478075986e-06, 0.16374980920985885], [0.9999999999997735, -6.354380679795226e-07, -2.2214530931430332e-07, -0.1999997687061926], [0.0, 0.0, 0.0, 1.0]]","[[2.220446049250313e-16, -0.0, -1.0, 0.4], [0.0, 1.0, -0.0, -0.16375], [1.0, 0.0, 2.220446049250313e-16, -0.2], [0.0, 0.0, 0.0, 1.0]]","[[-8.39351598835858e-07, 1.0952750619368593e-06, -0.999999999999048, 0.39999993893172087], [1.6563763087675155e-07, 0.9999999999993865, 1.0952749229090199e-06, -0.16375004913792465], [0.9999999999996342, -1.6563671155583618e-07, -8.393517802463002e-07, -0.19999980498047534], [0.0, 0.0, 0.0, 1.0]]"
3.158333333333333,-8.631901719281966,6.57849114956908,-13.354339761432033,-99.33730823199248,22.912468919907443,20.77026717164486,16.236307345867647,-8.631901719281966,-6.57849114956908,13.354339761432033,-99.33730823199248,-22.912468919907443,20.77026717164486,-16.236307345867647,"[[2.220446049250313e-16, -0.0, -1.0, 0.4], [0.0, 1.0, -0.0, 0.163125], [1.0, 0.0, 2.220446049250313e-16, -0.2], [0.0, 0.0, 0.0, 1.0]]","[[-2.2045040448670505e-07, 1.575469302712038e-06, -0.9999999999987349, 0.3999999307849035], [6.235139949491364e-07, 0.9999999999985648, 1.5754691652578576e-06, 0.16312480984912087], [0.9999999999997816, -6.235136476355325e-07, -2.2045138681203724e-07, -0.19999976978713602], [0.0, 0.0, 0.0, 1.0]]","[[2.220446049250313e-16, -0.0, -1.0, 0.4], [0.0, 1.0, -0.0, -0.163125], [1.0, 0.0, 2.220446049250313e-16, -0.2], [0.0, 0.0, 0.0, 1.0]]","[[-8.366084380262429e-07, 1.0946935181092353e-06, -0.9999999999990511, 0.39999993973152304], [1.768532961094817e-07, 0.9999999999993854, 1.0946933701526414e-06, -0.16312505009934866], [0.9999999999996346, -1.7685238027960336e-07, -8.366086316491383e-07, -0.19999980660214042], [0.0, 0.0, 0.0, 1.0]]"
3.1666666666666665,-8.683706142815574,6.53402021476995,-13.443236381027042,-99.32009615528405,23.011166860961417,20.792694097784597,16.17460170935846,-8.683706142815574,-6.53402021476995,13.443236381027042,-99.32009615528405,-23.011166860961417,20.792694097784597,-16.17460170935846,"[[2.220446049250313e-16, -0.0, -1.0, 0.4], [0.0, 1.0, -0.0, 0.1625], [1.0, 0.0, 2.220446049250313e-16, -0.2], [0.0, 0.0, 0.0, 1.0]]","[[-2.387890158384032e-07, 1.595287632016662e-06, -0.999999999998699, 0.3999999296487239], [6.380119933254102e-07, 0.9999999999985238, 1.5952874796661268e-06, 0.16249980562890684], [0.999999999999768, -6.380116123874529e-07, -2.3879003369087215e-07, -0.19999976009086662], [0.0, 0.0, 0.0, 1.0]]","[[2.220446049250313e-16, -0.0, -1.0, 0.4], [0.0, 1.0, -0.0, -0.1625], [1.0, 0.0, 2.220446049250313e-16, -0.2], [0.0, 0.0, 0.0, 1.0]]","[[-8.53899399744229e-07, 1.0761967929928344e-06, -0.9999999999990563, 0.3999999387862061], [1.6164919832562278e-07, 0.9999999999994077, 1.0761966549610591e-06, -0.16250004620179417], [0.9999999999996223, -1.6164827936179263e-07, -8.538995736051547e-07, -0.19999979744537683], [0.0, 0.0, 0.0, 1.0]]"
3.175,-8.735606188997561,6.48944810779374,-13.53205103835201,-99.30259721063047,23.109835773711424,20.814929778627572,16.112943884173465,-8.735606188997561,-6.48944810779374,13.53205103835201,-99.30259721063047,-23.109835773711424,20.814929778627572,-16.112943884173465,"[[2.220446049250313e-16, -0.0, -1.0, 0.4], [0.0, 1.0, -0.0, 0.161875], [1.0, 0.0, 2.220446049250313e-16, -0.2], [0.0, 0.0, 0.0, 1.0]]","[[-3.130586974098293e-07, 1.608532018230137e-06, -0.9999999999986573, 0.39999992514804916], [6.517838719960573e-07, 0.9999999999984939, 1.608531814183264e-06, 0.16187480101258048], [0.9999999999997387, -6.517833684303075e-07, -3.1305974568240913e-07, -0.19999973908654675], [0.0, 0.0, 0.0, 1.0]]","[[2.220446049250313e-16, -0.0, -1.0, 0.4], [0.0, 1.0, -0.0, -0.161875], [1.0, 0.0, 2.220446049250313e-16, -0.2], [0.0, 0.0, 0.0, 1.0]]","[[-9.271230407836839e-07, 1.0642754685644234e-06, -0.9999999999990041, 0.39999993447738696], [1.4717392650364676e-07, 0.9999999999994231, 1.0642753321165312e-06, -0.16187504190862106], [0.9999999999995597, -1.4717293978931811e-07, -9.271231973251304e-07, -0.19999977697934002], [0.0, 0.0, 0.0, 1.0]]"
3.183333333333333,-8.787601004054284,6.444773547979979,-13.620782025859645,-99.28480456784258,23.208470535515577,20.836977629268375,16.05133728540724,-8.787601004054284,-6.444773547979979,13.620782025859645,-99.28480456784258,-23.208470535515577,20.836977629268375,-16.05133728540724,"[[2.220446049250313e-16, -0.0, -1.0, 0.4], [0.0, 1.0, -0.0, 0.16125], [1.0, 0.0, 2.220446049250313e-16, -0.2], [0.0, 0.0, 0.0, 1.0]]","[[-2.637481079093007e-07, 1.6045802005407613e-06, -0.9999999999986781, 0.3999999287846224], [6.534115406071203e-07, 0.9999999999984993, 1.6045800282044168e-06, 0.1612498058270382], [0.9999999999997519, -6.534111174013101e-07, -2.6374915618188055e-07, -0.19999975555877625], [0.0, 0.0, 0.0, 1.0]]","[[2.220446049250313e-16, -0.0, -1.0, 0.4], [0.0, 1.0, -0.0, -0.16125], [1.0, 0.0, 2.220446049250313e-16, -0.2], [0.0, 0.0, 0.0, 1.0]]","[[-8.767680783061671e-07, 1.0695518344094598e-06, -0.9999999999990439, 0.39999993830682046], [1.448454640303935e-07, 0.9999999999994178, 1.0695517074139805e-06, -0.16125004704677642], [0.9999999999996054, -1.4484452628145997e-07, -8.767682330712567e-07, -0.1999997939885977], [0.0, 0.0, 0.0, 1.0]]"
3.1916666666666664,-8.83969058798574,6.399996535328668,-13.709429343549948,-99.26672505710957,23.307074561468465,20.858835942159708,15.989778497965208,-8.83969058798574,-6.399996535328668,13.709429343549948,-99.26672505710957,-23.307074561468465,20.858835942159708,-15.989778497965208,"[[2.220446049250313e-16, -0.0, -1.0, 0.4], [0.0, 1.0, -0.0, 0.16062499999999996], [1.0, 0.0, 2.220446049250313e-16, -0.2], [0.0, 0.0, 0.0, 1.0]]","[[-2.4635952527995997e-07, 1.584662265506414e-06, -0.9999999999987143, 0.39999992906706516], [6.273414267418412e-07, 0.9999999999985478, 1.5846621109546142e-06, 0.16062480807582044], [0.999999999999773, -6.273410363444293e-07, -2.463605193736562e-07, -0.19999976309960252], [0.0, 0.0, 0.0, 1.0]]","[[2.220446049250313e-16, -0.0, -1.0, 0.4], [0.0, 1.0, -0.0, -0.16062499999999996], [1.0, 0.0, 2.220446049250313e-16, -0.2], [0.0, 0.0, 0.0, 1.0]]","[[-8.58336718256858e-07, 1.090795777066817e-06, -0.9999999999990368, 0.3999999387831128], [1.7021744147129245e-07, 0.9999999999993908, 1.090795630963323e-06, -0.16062504961974441], [0.9999999999996172, -1.702165052011864e-07, -8.583369038861477e-07, -0.1999998020652169], [0.0, 0.0, 0.0, 1.0]]"
3.2,-8.89187494079193,6.355117069839807,-13.797991283875627,-99.2483586784314,23.405642728928214,20.880504717301573,15.928274352036535,-8.89187494079193,-6.355117069839807,13.797991283875627,-99.2483586784314,-23.405642728928214,20.880504717301573,-15.928274352036535,"[[2.220446049250313e-16, -0.0, -1.0, 0.4], [0.0, 1.0, -0.0, 0.15999999999999998], [1.0, 0.0, 2.220446049250313e-16, -0.2], [0.0, 0.0, 0.0, 1.0]]","[[-2.5840076151029123e-07, 1.6016578958476209e-06, -0.9999999999986839, 0.3999999293859548], [6.466699941640499e-07, 0.9999999999985083, 1.6016577287473205e-06, 0.15999980624460147], [0.9999999999997575, -6.466695802936221e-07, -2.584017971263286e-07, -0.199999757875378], [0.0, 0.0, 0.0, 1.0]]","[[2.220446049250313e-16, -0.0, -1.0, 0.4], [0.0, 1.0, -0.0, -0.15999999999999998], [1.0, 0.0, 2.220446049250313e-16, -0.2], [0.0, 0.0, 0.0, 1.0]]","[[-8.69336899023132e-07, 1.0751275619970156e-06, -0.9999999999990444, 0.3999999392968543], [1.501933700937408e-07, 0.999999999999411, 1.0751274314287712e-06, -0.1600000481131946], [0.9999999999996111, -1.5019243544564996e-07, -8.693370604495598e-07, -0.19999979737555332], [0.0, 0.0, 0.0, 1.0]]"
3.2083333333333335,-8.944153208699207,6.310135151513395,-13.886467846836679,-99.2297054318081,23.5041784529894,20.901985662241263,15.866821432526638,-8.944153208699207,-6.310135151513395,13.886467846836679,-99.2297054318081,-23.5041784529894,20.901985662241263,-15.866821432526638,"[[2.220446049250313e-16, -0.0, -1.0, 0.4], [0.0, 1.0, -0.0, 0.159375], [1.0, 0.0, 2.220446049250313e-16, -0.2], [0.0, 0.0, 0.0, 1.0]]","[[-2.8311727512386753e-07, 1.5899631604525644e-06, -0.999999999998696, 0.3999999274085082], [6.499585079121072e-07, 0.9999999999985247, 1.5899629764378106e-06, 0.1593748053728906], [0.9999999999997488, -6.49958057765274e-07, -2.8311830851945885e-07, -0.1999997450390778], [0.0, 0.0, 0.0, 1.0]]","[[2.220446049250313e-16, -0.0, -1.0, 0.4], [0.0, 1.0, -0.0, -0.159375], [1.0, 0.0, 2.220446049250313e-16, -0.2], [0.0, 0.0, 0.0, 1.0]]","[[-8.930140190099856e-07, 1.0881511407582442e-06, -0.9999999999990092, 0.399999937515245], [1.462119634794763e-07, 0.9999999999993974, 1.0881510101893332e-06, -0.15937504756663598], [0.9999999999995905, -1.462109917452246e-07, -8.930141779939227e-07, -0.19999978507256883], [0.0, 0.0, 0.0, 1.0]]"
3.216666666666667,-8.99652368416028,6.265049926575787,-13.97485817865946,-99.21075848705048,23.602676611010157,20.923277069431485,15.805424862077395,-8.99652368416028,-6.265049926575787,13.97485817865946,-99.21075848705048,-23.602676611010157,20.923277069431485,-15.805424862077395,"[[2.220446049250313e-16, -0.0, -1.0, 0.4], [0.0, 1.0, -0.0, 0.15874999999999997], [1.0, 0.0, 2.220446049250313e-16, -0.2], [0.0, 0.0, 0.0, 1.0]]","[[-2.1005202649471144e-07, 1.572721669262936e-06, -0.9999999999987411, 0.39999993084948726], [6.422177203247739e-07, 0.9999999999985569, 1.5727215343635126e-06, 0.15874981169847593], [0.9999999999997716, -6.422173899706202e-07, -2.1005303657561925e-07, -0.1999997722322066], [0.0, 0.0, 0.0, 1.0]]","[[2.220446049250313e-16, -0.0, -1.0, 0.4], [0.0, 1.0, -0.0, -0.15874999999999997], [1.0, 0.0, 2.220446049250313e-16, -0.2], [0.0, 0.0, 0.0, 1.0]]","[[-8.189111250778147e-07, 1.1067229073886563e-06, -0.9999999999990523, 0.3999999411530626], [1.532624770910362e-07, 0.9999999999993758, 1.1067227818806668e-06, -0.15875005421790345], [0.9999999999996529, -1.5326157078329262e-07, -8.189112944978483e-07, -0.1999998127977457], [0.0, 0.0, 0.0, 1.0]]"
3.225,-9.048988074722441,6.2198613950269825,-14.063160571796677,-99.1915315045369,23.701137202990473,20.94437893887224,15.744081225594217,-9.048988074722441,-6.2198613950269825,14.063160571796677,-99.1915315045369,-23.701137202990473,20.94437893887224,-15.744081225594217,"[[2.220446049250313e-16, -0.0, -1.0, 0.4], [0.0, 1.0, -0.0, 0.158125], [1.0, 0.0, 2.220446049250313e-16, -0.2], [0.0, 0.0, 0.0, 1.0]]","[[-2.892464698867059e-07, 1.6225290164734257e-06, -0.999999999998642, 0.39999992464910034], [6.437820026414324e-07, 0.9999999999984766, 1.6225288302614857e-06, 0.1581248013900391], [0.9999999999997511, -6.437815333298217e-07, -2.8924751438452745e-07, -0.1999997416781285], [0.0, 0.0, 0.0, 1.0]]","[[2.220446049250313e-16, -0.0, -1.0, 0.4], [0.0, 1.0, -0.0, -0.158125], [1.0, 0.0, 2.220446049250313e-16, -0.2], [0.0, 0.0, 0.0, 1.0]]","[[-8.970695787313687e-07, 1.0582472101819637e-06, -0.9999999999990379, 0.39999993515050764], [1.510105498891667e-07, 0.9999999999994288, 1.058247074715407e-06, -0.1581250442355691], [0.9999999999995863, -1.5100960056776402e-07, -8.970697383814397e-07, -0.19999978277448857], [0.0, 0.0, 0.0, 1.0]]"
3.2333333333333334,-9.101544672838397,6.174569556866982,-14.151375026248331,-99.172010823889,23.79956193647765,20.96529297811082,15.682795645718985,-9.101544672838397,-6.174569556866982,14.151375026248331,-99.172010823889,-23.79956193647765,20.96529297811082,-15.682795645718985,"[[2.220446049250313e-16, -0.0, -1.0, 0.4], [0.0, 1.0, -0.0, 0.15749999999999997], [1.0, 0.0, 2.220446049250313e-16, -0.2], [0.0, 0.0, 0.0, 1.0]]","[[-2.812583841382832e-07, 1.604473491655341e-06, -0.9999999999986733, 0.3999999276435913], [6.400060737378831e-07, 0.9999999999985081, 1.6044733116480017e-06, 0.15749980502039357], [0.9999999999997558, -6.400056224654629e-07, -2.8125941109458097e-07, -0.19999974516250635], [0.0, 0.0, 0.0, 1.0]]","[[2.220446049250313e-16, -0.0, -1.0, 0.4], [0.0, 1.0, -0.0, -0.15749999999999997], [1.0, 0.0, 2.220446049250313e-16, -0.2], [0.0, 0.0, 0.0, 1.0]]","[[-8.880473090777663e-07, 1.0776358026572257e-06, -0.9999999999990252, 0.39999993834381387], [1.5410142503594158e-07, 0.9999999999994078, 1.077635665808282e-06, -0.1575000481925499], [0.9999999999995941, -1.5410046804433809e-07, -8.880474751671308e-07, -0.19999978678840508], [0.0, 0.0, 0.0, 1.0]]"
3.2416666666666667,-9.1541926247345,6.1291735583221385,-14.239500688240774,-99.15220327529596,23.8979473963771,20.986019187147225,15.621568122451698,-9.1541926247345,-6.1291735583221385,14.239500688240774,-99.15220327529596,-23.8979473963771,20.986019187147225,-15.621568122451698,"[[2.220446049250313e-16, -0.0, -1.0, 0.4], [0.0, 1.0, -0.0, 0.156875], [1.0, 0.0, 2.220446049250313e-16, -0.2], [0.0, 0.0, 0.0, 1.0]]","[[-2.6994659041434943e-07, 1.6029805724604338e-06, -0.999999999998679, 0.3999999263888686], [6.48954521903987e-07, 0.9999999999985048, 1.602980397277094e-06, 0.15687480403912585], [0.9999999999997532, -6.489540891840366e-07, -2.699476306933235e-07, -0.19999974653035726], [0.0, 0.0, 0.0, 1.0]]","[[2.220446049250313e-16, -0.0, -1.0, 0.4], [0.0, 1.0, -0.0, -0.156875], [1.0, 0.0, 2.220446049250313e-16, -0.2], [0.0, 0.0, 0.0, 1.0]]","[[-8.757030946493494e-07, 1.0804631521023146e-06, -0.999999999999033, 0.39999993728889804], [1.4447049936138595e-07, 0.999999999999406, 1.0804630255894541e-06, -0.1568750475383777], [0.9999999999996063, -1.4446955319643106e-07, -8.757032507467066e-07, -0.19999978868453927], [0.0, 0.0, 0.0, 1.0]]"
3.25,-9.206931930410754,6.083674253166099,-14.327537557774008,-99.13210885875779,23.99629358268882,21.006555858434158,15.56040036333965,-9.206931930410754,-6.083674253166099,14.327537557774008,-99.13210885875779,-23.99629358268882,21.006555858434158,-15.56040036333965,"[[2.220446049250313e-16, -0.0, -1.0, 0.4], [0.0, 1.0, -0.0, 0.15625], [1.0, 0.0, 2.220446049250313e-16, -0.2], [0.0, 0.0, 0.0, 1.0]]","[[-2.982350486013807e-07, 1.6237329012099668e-06, -0.9999999999986373, 0.39999992192852407], [6.657696782601497e-07, 0.9999999999984601, 1.6237327026538265e-06, 0.1562497982607394], [0.999999999999734, -6.657691940052408e-07, -2.982361297365621e-07, -0.19999974028803535], [0.0, 0.0, 0.0, 1.0]]","[[2.220446049250313e-16, -0.0, -1.0, 0.4], [0.0, 1.0, -0.0, -0.15625], [1.0, 0.0, 2.220446049250313e-16, -0.2], [0.0, 0.0, 0.0, 1.0]]","[[-9.029609280286621e-07, 1.0610466088635981e-06, -0.9999999999990297, 0.3999999330293522], [1.2697547826759073e-07, 0.9999999999994293, 1.0610464942101264e-06, -0.15625004208755264], [0.9999999999995846, -1.2697452018394042e-07, -9.029610628097373e-07, -0.19999978296924334], [0.0, 0.0, 0.0, 1.0]]"
3.2583333333333333,-9.259762589867156,6.038070787625216,-14.415483073527092,-99.1117207440853,24.09459878786552,21.02690640706621,15.499292368382838,-9.259762589867156,-6.038070787625216,14.415483073527092,-99.1117207440853,-24.09459878786552,21.02690640706621,-15.499292368382838,"[[2.220446049250313e-16, -0.0, -1.0, 0.4], [0.0, 1.0, -0.0, 0.15562499999999999], [1.0, 0.0, 2.220446049250313e-16, -0.2], [0.0, 0.0, 0.0, 1.0]]","[[-2.2343228617272004e-07, 1.5926856147391177e-06, -0.9999999999987068, 0.39999993050732374], [6.382929003573526e-07, 0.9999999999985281, 1.592685472123591e-06, 0.15562480706684112], [0.9999999999997715, -6.382925444991711e-07, -2.234333026929214e-07, -0.199999765422697], [0.0, 0.0, 0.0, 1.0]]","[[2.220446049250313e-16, -0.0, -1.0, 0.4], [0.0, 1.0, -0.0, -0.15562499999999999], [1.0, 0.0, 2.220446049250313e-16, -0.2], [0.0, 0.0, 0.0, 1.0]]","[[-8.271293509554134e-07, 1.093431098461957e-06, -0.9999999999990602, 0.3999999418099347], [1.5377492008410734e-07, 0.9999999999993905, 1.0934309712705684e-06, -0.15562505122172948], [0.9999999999996462, -1.5377401567511336e-07, -8.271295190431793e-07, -0.19999980862962582], [0.0, 0.0, 0.0, 1.0]]"
3.2666666666666666,-9.312682895556415,5.992362734812668,-14.503336381726381,-99.09105259165683,24.192863011907203,21.047067417948796,15.438245845128556,-9.312682895556415,-5.992362734812668,14.503336381726381,-99.09105259165683,-24.192863011907203,21.047067417948796,-15.438245845128556,"[[2.220446049250313e-16, -0.0, -1.0, 0.4], [0.0, 1.0, -0.0, 0.155], [1.0, 0.0, 2.220446049250313e-16, -0.2], [0.0, 0.0, 0.0, 1.0]]","[[-2.893762306444003e-07, 1.5973177594241129e-06, -0.9999999999986825, 0.3999999243829634], [6.723758156596364e-07, 0.9999999999984984, 1.5973175648542394e-06, 0.15499980682857914], [0.9999999999997321, -6.723753534330144e-07, -2.8937730467415435e-07, -0.1999997439403865], [0.0, 0.0, 0.0, 1.0]]","[[2.220446049250313e-16, -0.0, -1.0, 0.4], [0.0, 1.0, -0.0, -0.155], [1.0, 0.0, 2.220446049250313e-16, -0.2], [0.0, 0.0, 0.0, 1.0]]","[[-8.920463033246229e-07, 1.090137418336737e-06, -0.9999999999990079, 0.39999993588833316], [1.1901729138199776e-07, 0.9999999999993987, 1.0901373121682283e-06, -0.1550000513119451], [0.999999999999595, -1.1901631892892023e-07, -8.920464329986721e-07, -0.19999978767179039], [0.0, 0.0, 0.0, 1.0]]"
3.275,-9.365693701252177,5.946550094728453,-14.591099189919166,-99.07009074109406,24.29108454726657,21.0670423061765,15.377260793576804,-9.365693701252177,-5.946550094728453,14.591099189919166,-99.07009074109406,-24.29108454726657,21.0670423061765,-15.377260793576804,"[[2.220446049250313e-16, -0.0, -1.0, 0.4], [0.0, 1.0, -0.0, 0.15437499999999998], [1.0, 0.0, 2.220446049250313e-16, -0.2], [0.0, 0.0, 0.0, 1.0]]","[[-2.4661801556469243e-07, 1.5880044148048638e-06, -0.9999999999987086, 0.39999992733514983], [6.421840517410168e-07, 0.999999999998533, 1.5880042564304281e-06, 0.15437480736345305], [0.9999999999997633, -6.421836601097291e-07, -2.4661903541556285e-07, -0.19999975877402007], [0.0, 0.0, 0.0, 1.0]]","[[2.220446049250313e-16, -0.0, -1.0, 0.4], [0.0, 1.0, -0.0, -0.15437499999999998], [1.0, 0.0, 2.220446049250313e-16, -0.2], [0.0, 0.0, 0.0, 1.0]]","[[-8.482629101358441e-07, 1.1007906401996595e-06, -0.9999999999990343, 0.39999993904427367], [1.4853684678244226e-07, 0.9999999999993832, 1.1007905142017453e-06, -0.15437505217580977], [0.9999999999996292, -1.485359130225338e-07, -8.482630735606733e-07, -0.19999980302860002], [0.0, 0.0, 0.0, 1.0]]"
3.283333333333333,-9.418794153180794,5.900632867372573,-14.678768083010866,-99.04884202258616,24.389261686396335,21.086829364202025,15.316340628822168,-9.418794153180794,-5.900632867372573,14.678768083010866,-99.04884202258616,-24.389261686396335,21.086829364202025,-15.316340628822168,"[[2.220446049250313e-16, -0.0, -1.0, 0.4], [0.0, 1.0, -0.0, 0.15375], [1.0, 0.0, 2.220446049250313e-16, -0.2], [0.0, 0.0, 0.0, 1.0]]","[[-2.3291540124370513e-07, 1.586581482009395e-06, -0.9999999999987145, 0.3999999313345049], [6.326756643363553e-07, 0.9999999999985416, 1.5865813346492142e-06, 0.15374981047970565], [0.999999999999773, -6.326752947963135e-07, -2.32916405107364e-07, -0.19999976328976687], [0.0, 0.0, 0.0, 1.0]]","[[2.220446049250313e-16, -0.0, -1.0, 0.4], [0.0, 1.0, -0.0, -0.15375], [1.0, 0.0, 2.220446049250313e-16, -0.2], [0.0, 0.0, 0.0, 1.0]]","[[-8.335370064727066e-07, 1.1035547582863188e-06, -0.9999999999990439, 0.3999999432483636], [1.5737558513736246e-07, 0.9999999999993789, 1.1035546271083145e-06, -0.15375005562150298], [0.9999999999996405, -1.5737466528359173e-07, -8.335371801115876e-07, -0.1999998080662379], [0.0, 0.0, 0.0, 1.0]]"
3.2916666666666665,-9.471983397568623,5.8546106258582045,-14.766343061001477,-99.02730643613312,24.487396136843785,21.106428592025377,15.255485350864648,-9.471983397568623,-5.8546106258582045,14.766343061001477,-99.02730643613312,-24.487396136843785,21.106428592025377,-15.255485350864648,"[[2.220446049250313e-16, -0.0, -1.0, 0.4], [0.0, 1.0, -0.0, 0.15312499999999998], [1.0, 0.0, 2.220446049250313e-16, -0.2], [0.0, 0.0, 0.0, 1.0]]","[[-2.510890806384225e-07, 1.56342687853722e-06, -0.9999999999987463, 0.3999999336613293], [6.393663517735385e-07, 0.9999999999985736, 1.5634267179990404e-06, 0.15312481582166074], [0.9999999999997642, -6.393659592133598e-07, -2.510900802832339e-07, -0.1999997608631702], [0.0, 0.0, 0.0, 1.0]]","[[2.220446049250313e-16, -0.0, -1.0, 0.4], [0.0, 1.0, -0.0, -0.15312499999999998], [1.0, 0.0, 2.220446049250313e-16, -0.2], [0.0, 0.0, 0.0, 1.0]]","[[-8.506892908988206e-07, 1.1280518441233882e-06, -0.999999999999002, 0.3999999457808945], [1.500178153917759e-07, 0.9999999999993526, 1.1280517165052348e-06, -0.15312506129334633], [0.9999999999996271, -1.5001685577011123e-07, -8.506894600968096e-07, -0.19999980616024515], [0.0, 0.0, 0.0, 1.0]]"
3.3,-9.525260580642016,5.8084829432985225,-14.853825831438293,-99.00548398173491,24.585482775967044,21.125841697193845,15.194696667251534,-9.525260580642016,-5.8084829432985225,14.853825831438293,-99.00548398173491,-24.585482775967044,21.125841697193845,-15.194696667251534,"[[2.220446049250313e-16, -0.0, -1.0, 0.4], [0.0, 1.0, -0.0, 0.1525], [1.0, 0.0, 2.220446049250313e-16, -0.2], [0.0, 0.0, 0.0, 1.0]]","[[-2.364994089454342e-07, 1.6158632927319062e-06, -0.9999999999986666, 0.3999999283778078], [6.380435877730681e-07, 0.999999999998491, 1.6158631418346913e-06, 0.15249980343108258], [0.9999999999997686, -6.380432056215393e-07, -2.3650043989853486e-07, -0.19999976476381326], [0.0, 0.0, 0.0, 1.0]]","[[2.220446049250313e-16, -0.0, -1.0, 0.4], [0.0, 1.0, -0.0, -0.1525], [1.0, 0.0, 2.220446049250313e-16, -0.2], [0.0, 0.0, 0.0, 1.0]]","[[-8.350800923540014e-07, 1.076959212568038e-06, -0.9999999999990714, 0.3999999407040825], [1.506759801378578e-07, 0.9999999999994087, 1.0769590867418897e-06, -0.1525000492331107], [0.9999999999996401, -1.5067508079062422e-07, -8.350802546686076e-07, -0.19999981058022048], [0.0, 0.0, 0.0, 1.0]]"
3.308333333333333,-9.57862570240097,5.762250246580353,-14.941211271679435,-98.98337465939159,24.6835250188607,21.145068679707432,15.133974577982828,-9.57862570240097,-5.762250246580353,14.941211271679435,-98.98337465939159,-24.6835250188607,21.145068679707432,-15.133974577982828,"[[2.220446049250313e-16, -0.0, -1.0, 0.4], [0.0, 1.0, -0.0, 0.151875], [1.0, 0.0, 2.220446049250313e-16, -0.2], [0.0, 0.0, 0.0, 1.0]]","[[-2.451503530731536e-07, 1.6066151559543698e-06, -0.9999999999986794, 0.3999999257220512], [6.431303855389145e-07, 0.9999999999985025, 1.6066149982904446e-06, 0.15187480637836562], [0.9999999999997632, -6.43129991675831e-07, -2.451513864687449e-07, -0.1999997589232365], [0.0, 0.0, 0.0, 1.0]]","[[2.220446049250313e-16, -0.0, -1.0, 0.4], [0.0, 1.0, -0.0, -0.151875], [1.0, 0.0, 2.220446049250313e-16, -0.2], [0.0, 0.0, 0.0, 1.0]]","[[-8.427134443600437e-07, 1.0875524098836383e-06, -0.9999999999990536, 0.3999999382559917], [1.449271153935929e-07, 0.9999999999993983, 1.0875522877519844e-06, -0.15187505251117522], [0.9999999999996345, -1.4492619889852142e-07, -8.427136020117132e-07, -0.19999980525766417], [0.0, 0.0, 0.0, 1.0]]"
3.3166666666666664,-9.63207876284549,5.7159121088168705,-15.028501089272199,-98.96097846910311,24.781519450430167,21.164109539566134,15.073320790605822,-9.63207876284549,-5.7159121088168705,15.028501089272199,-98.96097846910311,-24.781519450430167,21.164109539566134,-15.073320790605822,"[[2.220446049250313e-16, -0.0, -1.0, 0.4], [0.0, 1.0, -0.0, 0.15124999999999997], [1.0, 0.0, 2.220446049250313e-16, -0.2], [0.0, 0.0, 0.0, 1.0]]","[[-2.6276588527274214e-07, 1.617909686931311e-06, -0.9999999999986567, 0.3999999224119821], [6.43788426060164e-07, 0.9999999999984841, 1.6179095177653958e-06, 0.15124980455603923], [0.9999999999997583, -6.437880009278726e-07, -2.6276692688398384e-07, -0.19999974721414285], [0.0, 0.0, 0.0, 1.0]]","[[2.220446049250313e-16, -0.0, -1.0, 0.4], [0.0, 1.0, -0.0, -0.15124999999999997], [1.0, 0.0, 2.220446049250313e-16, -0.2], [0.0, 0.0, 0.0, 1.0]]","[[-8.593133087320126e-07, 1.0776042253174926e-06, -0.9999999999990504, 0.39999993515457066], [1.4360950396310028e-07, 0.9999999999994094, 1.0776041019123212e-06, -0.15125005102007294], [0.9999999999996206, -1.4360857796341747e-07, -8.593134634971022e-07, -0.19999979406529508], [0.0, 0.0, 0.0, 1.0]]"
3.3249999999999997,-9.685618908201928,5.66946767623443,-15.115695284216581,-98.93828858068034,24.87946607067544,21.182962569222664,15.012738720215102,-9.685618908201928,-5.66946767623443,15.115695284216581,-98.93828858068034,-24.87946607067544,21.182962569222664,-15.012738720215102,"[[2.220446049250313e-16, -0.0, -1.0, 0.4], [0.0, 1.0, -0.0, 0.15062499999999998], [1.0, 0.0, 2.220446049250313e-16, -0.2], [0.0, 0.0, 0.0, 1.0]]","[[-2.124855594254349e-07, 1.6104242439042011e-06, -0.9999999999986808, 0.39999992736113127], [6.450374330567584e-07, 0.9999999999984954, 1.6104241068427627e-06, 0.1506248048448533], [0.9999999999997695, -6.450370908640401e-07, -2.1248659837214134e-07, -0.19999977115315212], [0.0, 0.0, 0.0, 1.0]]","[[2.220446049250313e-16, -0.0, -1.0, 0.4], [0.0, 1.0, -0.0, -0.15062499999999998], [1.0, 0.0, 2.220446049250313e-16, -0.2], [0.0, 0.0, 0.0, 1.0]]","[[-8.080193272808067e-07, 1.0864373194852426e-06, -0.9999999999990833, 0.39999994031334907], [1.4170345211203962e-07, 0.9999999999993998, 1.0864372049864583e-06, -0.15062505164060103], [0.9999999999996635, -1.4170257424965017e-07, -8.080194811577179e-07, -0.199999818519711], [0.0, 0.0, 0.0, 1.0]]"
3.3333333333333335,-9.739246138470284,5.622917802606678,-15.202790441418,-98.91531865450158,24.977364879596525,21.2016311837716,14.952224951716081,-9.739246138470284,-5.622917802606678,15.202790441418,-98.91531865450158,-24.977364879596525,21.2016311837716,-14.952224951716081,"[[2.220446049250313e-16, -0.0, -1.0, 0.4], [0.0, 1.0, -0.0, 0.14999999999999997], [1.0, 0.0, 2.220446049250313e-16, -0.2], [0.0, 0.0, 0.0, 1.0]]","[[-2.697388126748912e-07, 1.6023009827787566e-06, -0.9999999999986802, 0.3999999239376687], [6.601456007922933e-07, 0.9999999999984988, 1.6023008047115753e-06, 0.1499998034886925], [0.999999999999746, -6.60145168588705e-07, -2.6973987049538906e-07, -0.19999974567808243], [0.0, 0.0, 0.0, 1.0]]","[[2.220446049250313e-16, -0.0, -1.0, 0.4], [0.0, 1.0, -0.0, -0.14999999999999997], [1.0, 0.0, 2.220446049250313e-16, -0.2], [0.0, 0.0, 0.0, 1.0]]","[[-8.642608514408678e-07, 1.0959094493391414e-06, -0.9999999999990261, 0.3999999371004743], [1.259407179542518e-07, 0.9999999999993917, 1.09590934049391e-06, -0.15000005061653615], [0.9999999999996187, -1.2593977080258933e-07, -8.642609895526121e-07, -0.1999997935587538], [0.0, 0.0, 0.0, 1.0]]"
3.341666666666667,-9.792958746103263,5.576261634159967,-15.289788268423743,-98.89205503018852,25.075212462098836,21.220111968118363,14.891784607750639,-9.792958746103263,-5.576261634159967,15.289788268423743,-98.89205503018852,-25.075212462098836,21.220111968118363,-14.891784607750639,"[[2.220446049250313e-16, -0.0, -1.0, 0.4], [0.0, 1.0, -0.0, 0.14937499999999998], [1.0, 0.0, 2.220446049250313e-16, -0.2], [0.0, 0.0, 0.0, 1.0]]","[[-2.4886883676078497e-07, 1.5937108724945208e-06, -0.9999999999986993, 0.39999992725884725], [6.464086842121771e-07, 0.9999999999985213, 1.5937107116232598e-06, 0.1493748062017089], [0.9999999999997602, -6.464082875864053e-07, -2.488698670477518e-07, -0.19999976078294102], [0.0, 0.0, 0.0, 1.0]]","[[2.220446049250313e-16, -0.0, -1.0, 0.4], [0.0, 1.0, -0.0, -0.14937499999999998], [1.0, 0.0, 2.220446049250313e-16, -0.2], [0.0, 0.0, 0.0, 1.0]]","[[-8.423811647118029e-07, 1.1058497157351023e-06, -0.9999999999990339, 0.3999999406332234], [1.3902558127084514e-07, 0.999999999999379, 1.1058495986229527e-06, -0.14937505366213275], [0.9999999999996356, -1.3902464972383784e-07, -8.423813185887141e-07, -0.19999980917639473], [0.0, 0.0, 0.0, 1.0]]"
3.35,-9.846756731100868,5.529499170894298,-15.376685350139232,-98.8685045379303,25.17300881818237,21.238408337357534,14.831417688318773,-9.846756731100868,-5.529499170894298,15.376685350139232,-98.8685045379303,-25.17300881818237,21.238408337357534,-14.831417688318773,"[[2.220446049250313e-16, -0.0, -1.0, 0.4], [0.0, 1.0, -0.0, 0.14875], [1.0, 0.0, 2.220446049250313e-16, -0.2], [0.0, 0.0, 0.0, 1.0]]","[[-2.2231269009020949e-07, 1.5597312485758834e-06, -0.9999999999987591, 0.3999999320323339], [6.446732135635542e-07, 0.999999999998576, 1.5597311052565616e-06, 0.14874981802021836], [0.9999999999997676, -6.446728668147362e-07, -2.2231369550818059e-07, -0.19999977203364377], [0.0, 0.0, 0.0, 1.0]]","[[2.220446049250313e-16, -0.0, -1.0, 0.4], [0.0, 1.0, -0.0, -0.14875], [1.0, 0.0, 2.220446049250313e-16, -0.2], [0.0, 0.0, 0.0, 1.0]]","[[-8.148173357702682e-07, 1.1411807181293723e-06, -0.999999999999017, 0.3999999456192411], [1.4011145549471847e-07, 0.9999999999993392, 1.1411806039644972e-06, -0.14875006581364963], [0.9999999999996583, -1.401105256408414e-07, -8.148174956423837e-07, -0.1999998209385541], [0.0, 0.0, 0.0, 1.0]]"
3.3583333333333334,-9.900640947236745,5.48263041280967,-15.463485101659046,-98.84467400791614,25.27075224029984,21.256520291489114,14.771124193420485,-9.900640947236745,-5.48263041280967,15.463485101659046,-98.84467400791614,-25.27075224029984,21.256520291489114,-14.771124193420485,"[[2.220446049250313e-16, -0.0, -1.0, 0.4], [0.0, 1.0, -0.0, 0.148125], [1.0, 0.0, 2.220446049250313e-16, -0.2], [0.0, 0.0, 0.0, 1.0]]","[[-2.8966512949368806e-07, 1.6313082484597695e-06, -0.9999999999986274, 0.399999922508584], [6.61130087199107e-07, 0.9999999999984508, 1.6313080569531492e-06, 0.14812479930945568], [0.9999999999997394, -6.611296146651402e-07, -2.896662079643342e-07, -0.199999740444982], [0.0, 0.0, 0.0, 1.0]]","[[2.220446049250313e-16, -0.0, -1.0, 0.4], [0.0, 1.0, -0.0, -0.148125], [1.0, 0.0, 2.220446049250313e-16, -0.2], [0.0, 0.0, 0.0, 1.0]]","[[-8.8116406421479e-07, 1.0709562965635495e-06, -0.9999999999990382, 0.39999993630901204], [1.2300741273802698e-07, 0.9999999999994189, 1.0709561881742454e-06, -0.14812504743627758], [0.9999999999996042, -1.2300646904980135e-07, -8.811641958872407e-07, -0.19999978986007522], [0.0, 0.0, 0.0, 1.0]]"
3.3666666666666667,-9.954608833189955,5.435654933019261,-15.55018240034131,-98.82054977976766,25.36844443599853,21.274446122965813,14.71090753815036,-9.954608833189955,-5.435654933019261,15.55018240034131,-98.82054977976766,-25.36844443599853,21.274446122965813,-14.71090753815036,"[[2.220446049250313e-16, -0.0, -1.0, 0.4], [0.0, 1.0, -0.0, 0.14749999999999996], [1.0, 0.0, 2.220446049250313e-16, -0.2], [0.0, 0.0, 0.0, 1.0]]","[[-2.8308413735356197e-07, 1.605573704666957e-06, -0.9999999999986712, 0.3999999246504079], [6.72278865684714e-07, 0.9999999999984851, 1.6055735143551757e-06, 0.14749980690397482], [0.9999999999997341, -6.72278411171427e-07, -2.830852167123865e-07, -0.19999974595860315], [0.0, 0.0, 0.0, 1.0]]","[[2.220446049250313e-16, -0.0, -1.0, 0.4], [0.0, 1.0, -0.0, -0.14749999999999996], [1.0, 0.0, 2.220446049250313e-16, -0.2], [0.0, 0.0, 0.0, 1.0]]","[[-8.735794799208385e-07, 1.0980446519938077e-06, -0.9999999999990157, 0.39999993866530426], [1.1121396176401485e-07, 0.9999999999993912, 1.098044554839985e-06, -0.14750005536465688], [0.9999999999996123, -1.1121300253471415e-07, -8.735796020453712e-07, -0.1999997958825156], [0.0, 0.0, 0.0, 1.0]]"
3.375,-10.008661242734144,5.388572304636248,-15.636778953733316,-98.79613868367403,25.466081990183863,21.292187539334922,14.650766014961105,-10.008661242734144,-5.388572304636248,15.636778953733316,-98.79613868367403,-25.466081990183863,21.292187539334922,-14.650766014961105,"[[2.220446049250313e-16, -0.0, -1.0, 0.4], [0.0, 1.0, -0.0, 0.14687499999999998], [1.0, 0.0, 2.220446049250313e-16, -0.2], [0.0, 0.0, 0.0, 1.0]]","[[-2.7414984860030245e-07, 1.6064900888795584e-06, -0.9999999999986721, 0.3999999255810255], [6.576178358116709e-07, 0.9999999999984934, 1.6064899085934413e-06, 0.14687480691817995], [0.9999999999997463, -6.576173953918325e-07, -2.741509050885327e-07, -0.19999974935922973], [0.0, 0.0, 0.0, 1.0]]","[[2.220446049250313e-16, -0.0, -1.0, 0.4], [0.0, 1.0, -0.0, -0.14687499999999998], [1.0, 0.0, 2.220446049250313e-16, -0.2], [0.0, 0.0, 0.0, 1.0]]","[[-8.636436182873908e-07, 1.0984833067597178e-06, -0.9999999999990239, 0.3999999398113637], [1.2523274552755835e-07, 0.999999999999389, 1.0984831986036575e-06, -0.1468750557131457], [0.9999999999996194, -1.2523179682943173e-07, -8.636437559550458e-07, -0.1999997997906363], [0.0, 0.0, 0.0, 1.0]]"
3.3833333333333333,-10.062797322095664,5.341382954547453,-15.723273054287773,-98.77144071963527,25.563664902855837,21.30974454059644,14.590703038947305,-10.062797322095664,-5.341382954547453,15.723273054287773,-98.77144071963527,-25.563664902855837,21.30974454059644,-14.590703038947305,"[[2.220446049250313e-16, -0.0, -1.0, 0.4], [0.0, 1.0, -0.0, 0.14625], [1.0, 0.0, 2.220446049250313e-16, -0.2], [0.0, 0.0, 0.0, 1.0]]","[[-2.7125639495695353e-07, 1.6013524039621022e-06, -0.9999999999986812, 0.39999992658240413], [6.547782223983653e-07, 0.9999999999985036, 1.6013522263490377e-06, 0.14624980979515123], [0.999999999999749, -6.547777880204696e-07, -2.71257443451578e-07, -0.19999975012023824], [0.0, 0.0, 0.0, 1.0]]","[[2.220446049250313e-16, -0.0, -1.0, 0.4], [0.0, 1.0, -0.0, -0.14625], [1.0, 0.0, 2.220446049250313e-16, -0.2], [0.0, 0.0, 0.0, 1.0]]","[[-8.59750699189199e-07, 1.1049772143273602e-06, -0.99999999999902, 0.3999999410291454], [1.2743254895844653e-07, 0.9999999999993815, 1.1049771047675365e-06, -0.1462500589248195], [0.9999999999996224, -1.2743159895348307e-07, -8.597508399654785e-07, -0.19999980105780574], [0.0, 0.0, 0.0, 1.0]]"
3.3916666666666666,-10.117017071274518,5.294086455866053,-15.80966470200468,-98.74645588765135,25.66119317401445,21.32711883429766,14.530718610108961,-10.117017071274518,-5.294086455866053,15.80966470200468,-98.74645588765135,-25.66119317401445,21.32711883429766,-14.530718610108961,"[[2.220446049250313e-16, -0.0, -1.0, 0.4], [0.0, 1.0, -0.0, 0.145625], [1.0, 0.0, 2.220446049250313e-16, -0.2], [0.0, 0.0, 0.0, 1.0]]","[[-2.5567628908484963e-07, 1.5838023734468472e-06, -0.999999999998713, 0.3999999274927487], [6.518646604399978e-07, 0.9999999999985334, 1.583802206780225e-06, 0.1456248111926686], [0.9999999999997549, -6.518642554984879e-07, -2.556773213702179e-07, -0.1999997493813765], [0.0, 0.0, 0.0, 1.0]]","[[2.220446049250313e-16, -0.0, -1.0, 0.4], [0.0, 1.0, -0.0, -0.145625], [1.0, 0.0, 2.220446049250313e-16, -0.2], [0.0, 0.0, 0.0, 1.0]]","[[-8.431732278491033e-07, 1.1238846580061088e-06, -0.9999999999990133, 0.39999994215685375], [1.2970869236265047e-07, 0.9999999999993603, 1.1238845486396022e-06, -0.14562506065745853], [0.9999999999996364, -1.2970774473315989e-07, -8.431733735103641e-07, -0.1999998008237704], [0.0, 0.0, 0.0, 1.0]]"
3.4,-10.171318782723413,5.246682381705226,-15.895953896884036,-98.72118418772232,25.758663388565115,21.344307005343996,14.470816143540658,-10.171318782723413,-5.246682381705226,15.895953896884036,-98.72118418772232,-25.758663388565115,21.344307005343996,-14.470816143540658,"[[2.220446049250313e-16, -0.0, -1.0, 0.4], [0.0, 1.0, -0.0, 0.14500000000000002], [1.0, 0.0, 2.220446049250313e-16, -0.2], [0.0, 0.0, 0.0, 1.0]]","[[-2.530251935750627e-07, 1.61598707004024e-06, -0.9999999999986623, 0.39999992287520003], [6.699450773029158e-07, 0.99999999999847, 1.6159869005269464e-06, 0.1449998032333543], [0.9999999999997436, -6.699446684166214e-07, -2.530262760425117e-07, -0.19999975261246034], [0.0, 0.0, 0.0, 1.0]]","[[2.220446049250313e-16, -0.0, -1.0, 0.4], [0.0, 1.0, -0.0, -0.14500000000000002], [1.0, 0.0, 2.220446049250313e-16, -0.2], [0.0, 0.0, 0.0, 1.0]]","[[-8.395269094907398e-07, 1.0930585269278018e-06, -0.9999999999990502, 0.39999993775764187], [1.1099330986721229e-07, 0.9999999999993965, 1.09305843374631e-06, -0.14500005303368024], [0.9999999999996415, -1.1099239221513812e-07, -8.395270307270941e-07, -0.19999980455835487], [0.0, 0.0, 0.0, 1.0]]"
3.408333333333333,-10.225703310215993,5.199171158951795,-15.982137223831256,-98.69562561984812,25.85607725405513,21.361312468830036,14.410992224147808,-10.225703310215993,-5.199171158951795,15.982137223831256,-98.69562561984812,-25.85607725405513,21.361312468830036,-14.410992224147808,"[[2.220446049250313e-16, -0.0, -1.0, 0.4], [0.0, 1.0, -0.0, 0.14437499999999998], [1.0, 0.0, 2.220446049250313e-16, -0.2], [0.0, 0.0, 0.0, 1.0]]","[[-2.5844485862513977e-07, 1.6035202444388776e-06, -0.9999999999986812, 0.39999992263080353], [6.505145607567561e-07, 0.999999999998503, 1.603520076316448e-06, 0.14437480608192424], [0.9999999999997552, -6.505141463343788e-07, -2.584459015686491e-07, -0.19999974875098667], [0.0, 0.0, 0.0, 1.0]]","[[2.220446049250313e-16, -0.0, -1.0, 0.4], [0.0, 1.0, -0.0, -0.14437499999999998], [1.0, 0.0, 2.220446049250313e-16, -0.2], [0.0, 0.0, 0.0, 1.0]]","[[-8.439534498472234e-07, 1.1068851063087307e-06, -0.9999999999990312, 0.39999993773252707], [1.2979125836240142e-07, 0.9999999999993789, 1.1068849967713352e-06, -0.14437505621819527], [0.9999999999996354, -1.2979032420286403e-07, -8.439535935100828e-07, -0.19999980119902], [0.0, 0.0, 0.0, 1.0]]"
3.4166666666666665,-10.280169799978612,5.151551933832112,-16.068214682846342,-98.6697801840288,25.953431355389906,21.378133517208486,14.351253682119584,-10.280169799978612,-5.151551933832112,16.068214682846342,-98.6697801840288,-25.953431355389906,21.378133517208486,-14.351253682119584,"[[2.220446049250313e-16, -0.0, -1.0, 0.4], [0.0, 1.0, -0.0, 0.14375], [1.0, 0.0, 2.220446049250313e-16, -0.2], [0.0, 0.0, 0.0, 1.0]]","[[-2.813605479712322e-07, 1.6061520322809426e-06, -0.9999999999986705, 0.39999992358255976], [6.84101424695979e-07, 0.9999999999984761, 1.6061518398014785e-06, 0.14374980861874742], [0.9999999999997263, -6.841009727873079e-07, -2.81361646869982e-07, -0.19999974059570644], [0.0, 0.0, 0.0, 1.0]]","[[2.220446049250313e-16, -0.0, -1.0, 0.4], [0.0, 1.0, -0.0, -0.14375], [1.0, 0.0, 2.220446049250313e-16, -0.2], [0.0, 0.0, 0.0, 1.0]]","[[-8.658782424952882e-07, 1.105614197903978e-06, -0.999999999999014, 0.3999999389045242], [9.557424216710333e-08, 0.9999999999993843, 1.1056141151487306e-06, -0.14375005909136956], [0.9999999999996206, -9.55732848398022e-08, -8.658783481885202e-07, -0.19999979354453512], [0.0, 0.0, 0.0, 1.0]]"
3.425,-10.334717398237627,5.103825133233001,-16.154187981476586,-98.64364788026433,26.050727400116738,21.394771858026637,14.291596248587753,-10.334717398237627,-5.103825133233001,16.154187981476586,-98.64364788026433,-26.050727400116738,21.394771858026637,-14.291596248587753,"[[2.220446049250313e-16, -0.0, -1.0, 0.4], [0.0, 1.0, -0.0, 0.143125], [1.0, 0.0, 2.220446049250313e-16, -0.2], [0.0, 0.0, 0.0, 1.0]]","[[-2.9006640145379237e-07, 1.6118386642950112e-06, -0.9999999999986591, 0.3999999203426199], [6.716389393032748e-07, 0.9999999999984756, 1.6118384694748251e-06, 0.1431248054993469], [0.9999999999997324, -6.716384717621893e-07, -2.90067484143286e-07, -0.19999973791328363], [0.0, 0.0, 0.0, 1.0]]","[[2.220446049250313e-16, -0.0, -1.0, 0.4], [0.0, 1.0, -0.0, -0.143125], [1.0, 0.0, 2.220446049250313e-16, -0.2], [0.0, 0.0, 0.0, 1.0]]","[[-8.735953111460582e-07, 1.1012896122246145e-06, -0.9999999999990122, 0.3999999358857841], [1.0740894971067576e-07, 0.999999999999388, 1.1012895183930735e-06, -0.1431250563087311], [0.9999999999996129, -1.0740798762921015e-07, -8.735954294958326e-07, -0.19999979136155968], [0.0, 0.0, 0.0, 1.0]]"
3.433333333333333,-10.389346104993036,5.05599033026764,-16.2400537046274,-98.61722187836554,26.14796197314104,21.41122749128449,14.232025046194195,-10.389346104993036,-5.05599033026764,16.2400537046274,-98.61722187836554,-26.14796197314104,21.41122749128449,-14.232025046194195,"[[2.220446049250313e-16, -0.0, -1.0, 0.4], [0.0, 1.0, -0.0, 0.14250000000000002], [1.0, 0.0, 2.220446049250313e-16, -0.2], [0.0, 0.0, 0.0, 1.0]]","[[-2.0025653230115736e-07, 1.575591467081557e-06, -0.9999999999987386, 0.3999999316270226], [6.343170181648651e-07, 0.9999999999985574, 1.575591340055145e-06, 0.14249981760265826], [0.9999999999997786, -6.343167026416068e-07, -2.0025753172392413e-07, -0.1999997722893661], [0.0, 0.0, 0.0, 1.0]]","[[2.220446049250313e-16, -0.0, -1.0, 0.4], [0.0, 1.0, -0.0, -0.14250000000000002], [1.0, 0.0, 2.220446049250313e-16, -0.2], [0.0, 0.0, 0.0, 1.0]]","[[-7.827988991460089e-07, 1.1389000378726172e-06, -0.9999999999990452, 0.39999994739234035], [1.4410545512988172e-07, 0.9999999999993413, 1.1388999250673627e-06, -0.1425000687492585], [0.9999999999996834, -1.4410456360013656e-07, -7.827990632369719e-07, -0.1999998262357007], [0.0, 0.0, 0.0, 1.0]]"
3.4416666666666664,-10.444055066471192,5.008047098049205,-16.32581355984608,-98.5905158387108,26.245136782010103,21.427500416982046,14.172539221165263,-10.444055066471192,-5.008047098049205,16.32581355984608,-98.5905158387108,-26.245136782010103,21.427500416982046,-14.172539221165263,"[[2.220446049250313e-16, -0.0, -1.0, 0.4], [0.0, 1.0, -0.0, 0.14187499999999997], [1.0, 0.0, 2.220446049250313e-16, -0.2], [0.0, 0.0, 0.0, 1.0]]","[[-2.0399042272023493e-07, 1.5852027432595802e-06, -0.9999999999987228, 0.3999999268677495], [6.447752880118924e-07, 0.9999999999985356, 1.5852026117313e-06, 0.1418748106616249], [0.9999999999997713, -6.447749646449179e-07, -2.039914447915514e-07, -0.19999977103353456], [0.0, 0.0, 0.0, 1.0]]","[[2.220446049250313e-16, -0.0, -1.0, 0.4], [0.0, 1.0, -0.0, -0.14187499999999997], [1.0, 0.0, 2.220446049250313e-16, -0.2], [0.0, 0.0, 0.0, 1.0]]","[[-7.855484382424116e-07, 1.1306530545531826e-06, -0.9999999999990523, 0.3999999428561744], [1.3302414749405035e-07, 0.9999999999993519, 1.1306529500566104e-06, -0.14187506214579404], [0.9999999999996827, -1.3302325931126526e-07, -7.855485885666091e-07, -0.1999998254766082], [0.0, 0.0, 0.0, 1.0]]"
3.4499999999999997,-10.498844282672096,4.959995863464519,-16.41146413203804,-98.56352293111091,26.342248411629345,21.443590635119303,14.113140481048246,-10.498844282672096,-4.959995863464519,16.41146413203804,-98.56352293111091,-26.342248411629345,21.443590635119303,-14.113140481048246,"[[2.220446049250313e-16, -0.0, -1.0, 0.4], [0.0, 1.0, -0.0, 0.14125], [1.0, 0.0, 2.220446049250313e-16, -0.2], [0.0, 0.0, 0.0, 1.0]]","[[-2.2018134715473536e-07, 1.5930222850138897e-06, -0.999999999998707, 0.3999999256023989], [6.506710873115605e-07, 0.9999999999985196, 1.5930221417479546e-06, 0.14124980948037233], [0.9999999999997642, -6.506707365569582e-07, -2.2018238365895115e-07, -0.199999765269684], [0.0, 0.0, 0.0, 1.0]]","[[2.220446049250313e-16, -0.0, -1.0, 0.4], [0.0, 1.0, -0.0, -0.14125], [1.0, 0.0, 2.220446049250313e-16, -0.2], [0.0, 0.0, 0.0, 1.0]]","[[-8.0075724595563e-07, 1.1241989221786957e-06, -0.9999999999990475, 0.39999994181487886], [1.2650767799290004e-07, 0.9999999999993602, 1.1241988208771072e-06, -0.1412500613025068], [0.9999999999996715, -1.2650677778242794e-07, -8.007573880641772e-07, -0.1999998202081249], [0.0, 0.0, 0.0, 1.0]]"
3.4583333333333335,-10.553713753595746,4.911836199626759,-16.49700542120328,-98.53624315556587,26.439296861998763,21.459498145696262,14.053829679616793,-10.553713753595746,-4.911836199626759,16.49700542120328,-98.53624315556587,-26.439296861998763,21.459498145696262,-14.053829679616793,"[[2.220446049250313e-16, -0.0, -1.0, 0.4], [0.0, 1.0, -0.0, 0.140625], [1.0, 0.0, 2.220446049250313e-16, -0.2], [0.0, 0.0, 0.0, 1.0]]","[[-2.59224888332632e-07, 1.600192603731961e-06, -0.9999999999986862, 0.3999999276237056], [6.556166705220646e-07, 0.9999999999985049, 1.6001924337795127e-06, 0.14062480896377982], [0.9999999999997515, -6.55616255711498e-07, -2.592259372713457e-07, -0.19999975321593694], [0.0, 0.0, 0.0, 1.0]]","[[2.220446049250313e-16, -0.0, -1.0, 0.4], [0.0, 1.0, -0.0, -0.140625], [1.0, 0.0, 2.220446049250313e-16, -0.2], [0.0, 0.0, 0.0, 1.0]]","[[-8.388209212228936e-07, 1.1183951275200657e-06, -0.9999999999990228, 0.3999999440611881], [1.2094378869782788e-07, 0.9999999999993674, 1.1183950260702708e-06, -0.14062506112427456], [0.999999999999641, -1.2094285056456364e-07, -8.38821056448058e-07, -0.1999998086483747], [0.0, 0.0, 0.0, 1.0]]"
3.466666666666667,-10.608660917921206,4.863568106535925,-16.582437427341798,-98.5086765120757,26.53628213311836,21.475224656260217,13.994608524418199,-10.608660917921206,-4.863568106535925,16.582437427341798,-98.5086765120757,-26.53628213311836,21.475224656260217,-13.994608524418199,"[[2.220446049250313e-16, -0.0, -1.0, 0.4], [0.0, 1.0, -0.0, 0.13999999999999996], [1.0, 0.0, 2.220446049250313e-16, -0.2], [0.0, 0.0, 0.0, 1.0]]","[[-2.6171691247522944e-07, 1.5877570996564137e-06, -0.9999999999987055, 0.3999999252879645], [6.635309368497459e-07, 0.9999999999985195, 1.5877569259988502e-06, 0.13999981282700627], [0.9999999999997458, -6.635305213060463e-07, -2.617179658548352e-07, -0.1999997532046937], [0.0, 0.0, 0.0, 1.0]]","[[2.220446049250313e-16, -0.0, -1.0, 0.4], [0.0, 1.0, -0.0, -0.13999999999999996], [1.0, 0.0, 2.220446049250313e-16, -0.2], [0.0, 0.0, 0.0, 1.0]]","[[-8.403353563557481e-07, 1.1321982271594389e-06, -0.999999999999006, 0.39999994195139105], [1.1241354270417276e-07, 0.9999999999993527, 1.1321981326947571e-06, -0.14000006532625794], [0.9999999999996406, -1.124125912779398e-07, -8.403354835873067e-07, -0.19999980912975776], [0.0, 0.0, 0.0, 1.0]]"
3.475,-10.663687483195767,4.815191157305194,-16.6677601504536,-98.48082300064038,26.633200809893548,21.490770166811163,13.935477869226105,-10.663687483195767,-4.815191157305194,16.6677601504536,-98.48082300064038,-26.633200809893548,21.490770166811163,-13.935477869226105,"[[2.220446049250313e-16, -0.0, -1.0, 0.4], [0.0, 1.0, -0.0, 0.13937499999999997], [1.0, 0.0, 2.220446049250313e-16, -0.2], [0.0, 0.0, 0.0, 1.0]]","[[-2.530700879410652e-07, 1.618475573912938e-06, -0.9999999999986584, 0.39999992355737524], [6.613013716318341e-07, 0.9999999999984717, 1.6184754065570398e-06, 0.13937480650901882], [0.9999999999997495, -6.613009620432334e-07, -2.5307115819606096e-07, -0.19999975313927693], [0.0, 0.0, 0.0, 1.0]]","[[2.220446049250313e-16, -0.0, -1.0, 0.4], [0.0, 1.0, -0.0, -0.13937499999999997], [1.0, 0.0, 2.220446049250313e-16, -0.2], [0.0, 0.0, 0.0, 1.0]]","[[-8.307132091656122e-07, 1.102848452565521e-06, -0.9999999999990469, 0.39999994044770576], [1.1402942739028516e-07, 0.9999999999993856, 1.1028483578401428e-06, -0.1393750593474229], [0.9999999999996486, -1.140285112394781e-07, -8.307133348428586e-07, -0.19999980955560032], [0.0, 0.0, 0.0, 1.0]]"
3.4833333333333334,-10.718792595645784,4.76670577882139,-16.752971882991385,-98.45268262125994,26.730056307418913,21.50613467734911,13.876438567814162,-10.718792595645784,-4.76670577882139,16.752971882991385,-98.45268262125994,-26.730056307418913,21.50613467734911,-13.876438567814162,"[[2.220446049250313e-16, -0.0, -1.0, 0.4], [0.0, 1.0, -0.0, 0.13874999999999998], [1.0, 0.0, 2.220446049250313e-16, -0.2], [0.0, 0.0, 0.0, 1.0]]","[[-2.551036696885056e-07, 1.6056774712183988e-06, -0.9999999999986783, 0.39999992381697097], [6.648862840530654e-07, 0.9999999999984897, 1.6056773016031652e-06, 0.1387498058572053], [0.9999999999997463, -6.648858744380147e-07, -2.551047372789661e-07, -0.19999975128250533], [0.0, 0.0, 0.0, 1.0]]","[[2.220446049250313e-16, -0.0, -1.0, 0.4], [0.0, 1.0, -0.0, -0.13874999999999998], [1.0, 0.0, 2.220446049250313e-16, -0.2], [0.0, 0.0, 0.0, 1.0]]","[[-8.317737908991596e-07, 1.117016329321748e-06, -0.9999999999990304, 0.39999994093513697], [1.0983316269298212e-07, 0.9999999999993703, 1.1170162379657814e-06, -0.13875005903515186], [0.9999999999996482, -1.0983223358804481e-07, -8.317739136898261e-07, -0.19999980818870597], [0.0, 0.0, 0.0, 1.0]]"
3.4916666666666667,-10.773974547723963,4.7181111173108645,-16.838070917407865,-98.42425537393434,26.82684350305258,21.521318187874048,13.817491473956013,-10.773974547723963,-4.7181111173108645,16.838070917407865,-98.42425537393434,-26.82684350305258,21.521318187874048,-13.817491473956013,"[[2.220446049250313e-16, -0.0, -1.0, 0.4], [0.0, 1.0, -0.0, 0.138125], [1.0, 0.0, 2.220446049250313e-16, -0.2], [0.0, 0.0, 0.0, 1.0]]","[[-2.3716327840483942e-07, 1.5973859222451317e-06, -0.999999999998696, 0.39999992366868853], [6.547376020138472e-07, 0.9999999999985099, 1.597385766965118e-06, 0.13812480940972405], [0.9999999999997574, -6.547372231717479e-07, -2.3716432445697322e-07, -0.1999997557225367], [0.0, 0.0, 0.0, 1.0]]","[[2.220446049250313e-16, -0.0, -1.0, 0.4], [0.0, 1.0, -0.0, -0.138125], [1.0, 0.0, 2.220446049250313e-16, -0.2], [0.0, 0.0, 0.0, 1.0]]","[[-8.128627020931312e-07, 1.1266787137718727e-06, -0.999999999999035, 0.3999999410156307], [1.1937280262510628e-07, 0.9999999999993583, 1.1266786167385379e-06, -0.13812506292759913], [0.9999999999996625, -1.1937188678996627e-07, -8.128628366521617e-07, -0.19999981311722578], [0.0, 0.0, 0.0, 1.0]]"
3.5,-10.829234193203952,4.669407172773619,-16.923057253703043,-98.39554125866361,26.923562396794544,21.536320698385982,13.758639148972598,-10.829234193203952,-4.669407172773619,16.923057253703043,-98.39554125866361,-26.923562396794544,21.536320698385982,-13.758639148972598,"[[2.220446049250313e-16, -0.0, -1.0, 0.4], [0.0, 1.0, -0.0, 0.13749999999999996], [1.0, 0.0, 2.220446049250313e-16, -0.2], [0.0, 0.0, 0.0, 1.0]]","[[-2.2561240531349114e-07, 1.5973294929473705e-06, -0.9999999999986989, 0.3999999258684601], [6.599813091741859e-07, 0.9999999999985066, 1.5973293440470926e-06, 0.1374998119901042], [0.999999999999757, -6.599809487960114e-07, -2.2561345958127532e-07, -0.19999975861295388], [0.0, 0.0, 0.0, 1.0]]","[[2.220446049250313e-16, -0.0, -1.0, 0.4], [0.0, 1.0, -0.0, -0.13749999999999996], [1.0, 0.0, 2.220446049250313e-16, -0.2], [0.0, 0.0, 0.0, 1.0]]","[[-8.003434919245933e-07, 1.1281070324590427e-06, -0.9999999999990433, 0.3999999434451199], [1.1352235813235478e-07, 0.9999999999993572, 1.128106941602516e-06, -0.13750006584829233], [0.9999999999996733, -1.1352145525919723e-07, -8.003436200443304e-07, -0.1999998164947466], [0.0, 0.0, 0.0, 1.0]]"
3.5083333333333333,-10.884570678312102,4.620594372096477,-17.007930891876914,-98.36654027544773,27.020214696192102,21.551142208884908,13.69988073909027,-10.884570678312102,-4.620594372096477,17.007930891876914,-98.36654027544773,-27.020214696192102,21.551142208884908,-13.69988073909027,"[[2.220446049250313e-16, -0.0, -1.0, 0.4], [0.0, 1.0, -0.0, 0.13687499999999997], [1.0, 0.0, 2.220446049250313e-16, -0.2], [0.0, 0.0, 0.0, 1.0]]","[[-2.2668333138353702e-07, 1.5732108882857679e-06, -0.9999999999987368, 0.39999992836786447], [6.490068397954931e-07, 0.9999999999985518, 1.5732107411664444e-06, 0.13687481718377545], [0.9999999999997637, -6.490064831740216e-07, -2.2668435234463047e-07, -0.19999976289680388], [0.0, 0.0, 0.0, 1.0]]","[[2.220446049250313e-16, -0.0, -1.0, 0.4], [0.0, 1.0, -0.0, -0.13687499999999997], [1.0, 0.0, 2.220446049250313e-16, -0.2], [0.0, 0.0, 0.0, 1.0]]","[[-8.004484258750111e-07, 1.1535985805800486e-06, -0.9999999999990143, 0.3999999461751731], [1.238924044237049e-07, 0.9999999999993271, 1.1535984814109293e-06, -0.13687507138266036], [0.999999999999672, -1.2389148102749427e-07, -8.00448568649692e-07, -0.19999982126430843], [0.0, 0.0, 0.0, 1.0]]"
3.5166666666666666,-10.939984003048416,4.5716718615057905,-17.09269183192948,-98.3372592544759,27.116795278603377,21.56578442691812,13.64121880562997,-10.939984003048416,-4.5716718615057905,17.09269183192948,-98.3372592544759,-27.116795278603377,21.56578442691812,-13.64121880562997,"[[2.220446049250313e-16, -0.0, -1.0, 0.4], [0.0, 1.0, -0.0, 0.13624999999999998], [1.0, 0.0, 2.220446049250313e-16, -0.2], [0.0, 0.0, 0.0, 1.0]]","[[-2.991027319154682e-07, 1.6457618716492019e-06, -0.9999999999986012, 0.3999999181917332], [6.805405739812382e-07, 0.9999999999984144, 1.6457616680973493e-06, 0.13624979879833501], [0.9999999999997239, -6.80540081728475e-07, -2.9910385190845545e-07, -0.19999973181343367], [0.0, 0.0, 0.0, 1.0]]","[[2.220446049250313e-16, -0.0, -1.0, 0.4], [0.0, 1.0, -0.0, -0.13624999999999998], [1.0, 0.0, 2.220446049250313e-16, -0.2], [0.0, 0.0, 0.0, 1.0]]","[[-8.719041817428774e-07, 1.08242153128612e-06, -0.9999999999990343, 0.39999993623064456], [9.175649895794966e-08, 0.9999999999994102, 1.0824214512836516e-06, -0.1362500533382507], [0.9999999999996159, -9.175555519007138e-08, -8.719042809968158e-07, -0.19999979066529774], [0.0, 0.0, 0.0, 1.0]]"
3.525,-10.9954724598656,4.522640494775208,-17.177336658766155,-98.30768453536973,27.21330755912295,21.580247352485625,13.582654202365342,-10.9954724598656,-4.522640494775208,17.177336658766155,-98.30768453536973,-27.21330755912295,21.580247352485625,-13.582654202365342,"[[2.220446049250313e-16, -0.0, -1.0, 0.4], [0.0, 1.0, -0.0, 0.135625], [1.0, 0.0, 2.220446049250313e-16, -0.2], [0.0, 0.0, 0.0, 1.0]]","[[-2.63709498293796e-07, 1.6065468636753498e-06, -0.999999999998675, 0.39999992263655076], [6.678573926189535e-07, 0.9999999999984868, 1.6065466875547096e-06, 0.13562480984355735], [0.9999999999997425, -6.678569689564475e-07, -2.6371057121332697e-07, -0.19999974541172683], [0.0, 0.0, 0.0, 1.0]]","[[2.220446049250313e-16, -0.0, -1.0, 0.4], [0.0, 1.0, -0.0, -0.135625], [1.0, 0.0, 2.220446049250313e-16, -0.2], [0.0, 0.0, 0.0, 1.0]]","[[-8.355497359557873e-07, 1.123011541475202e-06, -0.9999999999990205, 0.39999994090797786], [1.0383978096511395e-07, 0.9999999999993642, 1.1230114547122864e-06, -0.13562506472493221], [0.9999999999996457, -1.0383884263308761e-07, -8.355498527512495e-07, -0.1999998047465081], [0.0, 0.0, 0.0, 1.0]]"
3.533333333333333,-11.0510369025373,4.473498991244258,-17.261867079934234,-98.27782294831844,27.309748122656234,21.594530985587415,13.524187783070033,-11.0510369025373,-4.473498991244258,17.261867079934234,-98.27782294831844,-27.309748122656234,21.594530985587415,-13.524187783070033,"[[2.220446049250313e-16, -0.0, -1.0, 0.4], [0.0, 1.0, -0.0, 0.135], [1.0, 0.0, 2.220446049250313e-16, -0.2], [0.0, 0.0, 0.0, 1.0]]","[[-2.1871269240136826e-07, 1.5893185145979104e-06, -0.999999999998713, 0.3999999274103987], [6.532121013354635e-07, 0.9999999999985236, 1.5893183717318318e-06, 0.13499981247710843], [0.9999999999997626, -6.532117537305227e-07, -2.1871373045989628e-07, -0.19999976168173386], [0.0, 0.0, 0.0, 1.0]]","[[2.220446049250313e-16, -0.0, -1.0, 0.4], [0.0, 1.0, -0.0, -0.135], [1.0, 0.0, 2.220446049250313e-16, -0.2], [0.0, 0.0, 0.0, 1.0]]","[[-7.895941163682529e-07, 1.1416159242286476e-06, -0.9999999999990368, 0.39999994591528215], [1.1788741987037872e-07, 0.9999999999993416, 1.1416158311457826e-06, -0.13500006770032164], [0.9999999999996814, -1.1788651845712163e-07, -7.895942509272835e-07, -0.19999982149803905], [0.0, 0.0, 0.0, 1.0]]"
3.5416666666666665,-11.10667647728987,4.42424820468659,-17.34628138788642,-98.24768132351117,27.40611696920324,21.60863532622349,13.46582040151769,-11.10667647728987,-4.42424820468659,17.34628138788642,-98.24768132351117,-27.40611696920324,21.60863532622349,-13.46582040151769,"[[2.220446049250313e-16, -0.0, -1.0, 0.4], [0.0, 1.0, -0.0, 0.13437499999999997], [1.0, 0.0, 2.220446049250313e-16, -0.2], [0.0, 0.0, 0.0, 1.0]]","[[-2.7240248390292265e-07, 1.6040759267237754e-06, -0.9999999999986764, 0.3999999220871675], [6.753350221839153e-07, 0.9999999999984854, 1.6040757427605315e-06, 0.13437480749915157], [0.9999999999997349, -6.753345852288047e-07, -2.724035672585501e-07, -0.19999974010692748], [0.0, 0.0, 0.0, 1.0]]","[[2.220446049250313e-16, -0.0, -1.0, 0.4], [0.0, 1.0, -0.0, -0.13437499999999997], [1.0, 0.0, 2.220446049250313e-16, -0.2], [0.0, 0.0, 0.0, 1.0]]","[[-8.423275077995562e-07, 1.1282354992679828e-06, -0.9999999999990088, 0.3999999408264339], [9.516911580425899e-08, 0.999999999999359, 1.1282354191048137e-06, -0.1343750630645269], [0.9999999999996407, -9.516816546043587e-08, -8.423276150471004e-07, -0.19999980040337864], [0.0, 0.0, 0.0, 1.0]]"
3.55,-11.162390330349664,4.3748872813285535,-17.430579582622716,-98.2172460005696,27.50241068366937,21.622560374393853,13.407553765255603,-11.162390330349664,-4.3748872813285535,17.430579582622716,-98.2172460005696,-27.50241068366937,21.622560374393853,-13.407553765255603,"[[2.220446049250313e-16, -0.0, -1.0, 0.4], [0.0, 1.0, -0.0, 0.13374999999999998], [1.0, 0.0, 2.220446049250313e-16, -0.2], [0.0, 0.0, 0.0, 1.0]]","[[-2.1028398405897875e-07, 1.6148399916935483e-06, -0.9999999999986742, 0.39999992793057715], [6.343583317429709e-07, 0.9999999999984952, 1.6148398582978618e-06, 0.13374980784766305], [0.9999999999997768, -6.343579921671706e-07, -2.1028500857278587e-07, -0.1999997661724701], [0.0, 0.0, 0.0, 1.0]]","[[2.220446049250313e-16, -0.0, -1.0, 0.4], [0.0, 1.0, -0.0, -0.13374999999999998], [1.0, 0.0, 2.220446049250313e-16, -0.2], [0.0, 0.0, 0.0, 1.0]]","[[-7.792550425489431e-07, 1.118849488494189e-06, -0.9999999999990704, 0.39999994690516744], [1.3555264933166983e-07, 0.9999999999993647, 1.1188493828644329e-06, -0.13375006375562679], [0.999999999999687, -1.3555177746252034e-07, -7.792551942054082e-07, -0.19999982694763402], [0.0, 0.0, 0.0, 1.0]]"
3.558333333333333,-11.218177607943035,4.325416648056974,-17.51475995659583,-98.18653063987205,27.59863268114922,21.6363078376458,13.34938872805742,-11.218177607943035,-4.325416648056974,17.51475995659583,-98.18653063987205,-27.59863268114922,21.6363078376458,-13.34938872805742,"[[2.220446049250313e-16, -0.0, -1.0, 0.4], [0.0, 1.0, -0.0, 0.133125], [1.0, 0.0, 2.220446049250313e-16, -0.2], [0.0, 0.0, 0.0, 1.0]]","[[-2.2102192526185505e-07, 1.6164073279435306e-06, -0.9999999999986693, 0.39999992183013905], [6.495071345780716e-07, 0.9999999999984828, 1.616407184387912e-06, 0.13312480680898253], [0.9999999999997646, -6.495067773157793e-07, -2.2102297508874713e-07, -0.19999976119751406], [0.0, 0.0, 0.0, 1.0]]","[[2.220446049250313e-16, -0.0, -1.0, 0.4], [0.0, 1.0, -0.0, -0.133125], [1.0, 0.0, 2.220446049250313e-16, -0.2], [0.0, 0.0, 0.0, 1.0]]","[[-7.890414916444932e-07, 1.1186611197770001e-06, -0.9999999999990631, 0.39999994104096415], [1.1981292644757114e-07, 0.9999999999993672, 1.11866102523997e-06, -0.1331250630598546], [0.9999999999996817, -1.1981204377749478e-07, -7.890416257594346e-07, -0.19999982245000383], [0.0, 0.0, 0.0, 1.0]]"
3.5666666666666664,-11.274040017617278,4.2758358779850285,-17.598820802258473,-98.15552841122937,27.694779546548194,21.649876008432027,13.291326143696788,-11.274040017617278,-4.2758358779850285,17.598820802258473,-98.15552841122937,-27.694779546548194,21.649876008432027,-13.291326143696788,"[[2.220446049250313e-16, -0.0, -1.0, 0.4], [0.0, 1.0, -0.0, 0.13249999999999995], [1.0, 0.0, 2.220446049250313e-16, -0.2], [0.0, 0.0, 0.0, 1.0]]","[[-2.7013147152477046e-07, 1.6066763017492673e-06, -0.999999999998673, 0.3999999244760007], [6.647971892810027e-07, 0.9999999999984884, 1.6066761221663278e-06, 0.13249981034156486], [0.9999999999997428, -6.647967552663353e-07, -2.7013253955932015e-07, -0.1999997461510315], [0.0, 0.0, 0.0, 1.0]]","[[2.220446049250313e-16, -0.0, -1.0, 0.4], [0.0, 1.0, -0.0, -0.13249999999999995], [1.0, 0.0, 2.220446049250313e-16, -0.2], [0.0, 0.0, 0.0, 1.0]]","[[-8.372020339764141e-07, 1.1297721142843725e-06, -0.9999999999990112, 0.3999999439239803], [1.0393420195865733e-07, 0.9999999999993563, 1.1297720272708371e-06, -0.13250006693570998], [0.9999999999996441, -1.0393325611111538e-07, -8.372021514380101e-07, -0.1999998078794225], [0.0, 0.0, 0.0, 1.0]]"
3.5749999999999997,-11.32997499805145,4.226144971112716,-17.682763827157927,-98.12423931464153,27.790851279866303,21.66326830184713,13.233367719720999,-11.32997499805145,-4.226144971112716,17.682763827157927,-98.12423931464153,-27.790851279866303,21.66326830184713,-13.233367719720999,"[[2.220446049250313e-16, -0.0, -1.0, 0.4], [0.0, 1.0, -0.0, 0.13187499999999996], [1.0, 0.0, 2.220446049250313e-16, -0.2], [0.0, 0.0, 0.0, 1.0]]","[[-2.608953211802323e-07, 1.5878220832855325e-06, -0.9999999999987054, 0.39999992466699885], [6.777802596171003e-07, 0.9999999999985099, 1.5878219064555232e-06, 0.1318748132947007], [0.9999999999997363, -6.777798453609167e-07, -2.6089639743043236e-07, -0.19999974624973885], [0.0, 0.0, 0.0, 1.0]]","[[2.220446049250313e-16, -0.0, -1.0, 0.4], [0.0, 1.0, -0.0, -0.13187499999999996], [1.0, 0.0, 2.220446049250313e-16, -0.2], [0.0, 0.0, 0.0, 1.0]]","[[-8.270193787018876e-07, 1.1500072657908442e-06, -0.9999999999989968, 0.39999994435305647], [9.03646239549655e-08, 0.9999999999993348, 1.1500071910579378e-06, -0.1318750702324916], [0.999999999999654, -9.03636728766422e-08, -8.270194826187627e-07, -0.19999980845261728], [0.0, 0.0, 0.0, 1.0]]"
3.5833333333333335,-11.385982549245554,4.176343927440038,-17.766589031294203,-98.09266335010857,27.886844466008952,21.676483010343812,13.175513456130052,-11.385982549245554,-4.176343927440038,17.766589031294203,-98.09266335010857,-27.886844466008952,21.676483010343812,-13.175513456130052,"[[2.220446049250313e-16, -0.0, -1.0, 0.4], [0.0, 1.0, -0.0, 0.13124999999999998], [1.0, 0.0, 2.220446049250313e-16, -0.2], [0.0, 0.0, 0.0, 1.0]]","[[-2.2210755784568548e-07, 1.6205418145078774e-06, -0.9999999999986624, 0.39999992246276156], [6.491080221471499e-07, 0.9999999999984763, 1.6205416703357784e-06, 0.1312498065051062], [0.9999999999997649, -6.491076622117289e-07, -2.221086098930236e-07, -0.19999975783944002], [0.0, 0.0, 0.0, 1.0]]","[[2.220446049250313e-16, -0.0, -1.0, 0.4], [0.0, 1.0, -0.0, -0.13124999999999998], [1.0, 0.0, 2.220446049250313e-16, -0.2], [0.0, 0.0, 0.0, 1.0]]","[[-7.872875715242422e-07, 1.1186694523213098e-06, -0.9999999999990645, 0.3999999423878356], [1.184525364539709e-07, 0.9999999999993674, 1.118669359065439e-06, -0.13125006378691345], [0.9999999999996831, -1.1845165573937704e-07, -7.872877040848714e-07, -0.1999998205153919], [0.0, 0.0, 0.0, 1.0]]"
3.591666666666667,-11.44206267119959,4.12643232008017,-17.85029299957271,-98.06080051763045,27.982762520070736,21.689520133922073,13.117765914244886,-11.44206267119959,-4.12643232008017,17.85029299957271,-98.06080051763045,-27.982762520070736,21.689520133922073,-13.117765914244886,"[[2.220446049250313e-16, -0.0, -1.0, 0.4], [0.0, 1.0, -0.0, 0.130625], [1.0, 0.0, 2.220446049250313e-16, -0.2], [0.0, 0.0, 0.0, 1.0]]","[[-1.941850957809521e-07, 1.5970370309828557e-06, -0.9999999999987061, 0.3999999246764113], [6.502828552246669e-07, 0.9999999999985136, 1.5970369047073095e-06, 0.13062480937743104], [0.99999999999977, -6.502825451030611e-07, -1.9418613428356934e-07, -0.1999997700002506], [0.0, 0.0, 0.0, 1.0]]","[[2.220446049250313e-16, -0.0, -1.0, 0.4], [0.0, 1.0, -0.0, -0.130625], [1.0, 0.0, 2.220446049250313e-16, -0.2], [0.0, 0.0, 0.0, 1.0]]","[[-7.584236462743199e-07, 1.1435570935611672e-06, -0.9999999999990586, 0.3999999448414031], [1.1669559600274671e-07, 0.9999999999993394, 1.1435570050567888e-06, -0.13062506700361487], [0.9999999999997057, -1.1669472870196333e-07, -7.584237797231275e-07, -0.19999983314784398], [0.0, 0.0, 0.0, 1.0]]"
3.6,-11.498215363913557,4.076410575919935,-17.933875731993446,-98.02865764739637,28.07860031940977,21.702379672581916,13.060125094065503,-11.498215363913557,-4.076410575919935,17.933875731993446,-98.02865764739637,-28.07860031940977,21.702379672581916,-13.060125094065503,"[[2.220446049250313e-16, -0.0, -1.0, 0.4], [0.0, 1.0, -0.0, 0.12999999999999995], [1.0, 0.0, 2.220446049250313e-16, -0.2], [0.0, 0.0, 0.0, 1.0]]","[[-2.7004366764948884e-07, 1.6406182683964563e-06, -0.9999999999986179, 0.39999991947123825], [6.761848330335392e-07, 0.9999999999984257, 1.6406180857967087e-06, 0.12999980132605354], [0.999999999999735, -6.761843899940793e-07, -2.7004477698433504e-07, -0.19999974246564078], [0.0, 0.0, 0.0, 1.0]]","[[2.220446049250313e-16, -0.0, -1.0, 0.4], [0.0, 1.0, -0.0, -0.12999999999999995], [1.0, 0.0, 2.220446049250313e-16, -0.2], [0.0, 0.0, 0.0, 1.0]]","[[-8.333432726104206e-07, 1.1013596187824198e-06, -0.9999999999990463, 0.3999999398770706], [9.021371198911582e-08, 0.9999999999993894, 1.101359543603808e-06, -0.130000059296924], [0.9999999999996487, -9.021279417846342e-08, -8.333433720864036e-07, -0.19999980608347265], [0.0, 0.0, 0.0, 1.0]]"
3.6083333333333334,-11.554438919840164,4.02627826807251,-18.017337228556418,-97.99622107902799,28.17436127912064,21.715063333870628,13.002591849365546,-11.554438919840164,-4.02627826807251,18.017337228556418,-97.99622107902799,-28.17436127912064,21.715063333870628,-13.002591849365546,"[[2.220446049250313e-16, -0.0, -1.0, 0.4], [0.0, 1.0, -0.0, 0.12937499999999996], [1.0, 0.0, 2.220446049250313e-16, -0.2], [0.0, 0.0, 0.0, 1.0]]","[[-2.2004598182467916e-07, 1.5961879344217338e-06, -0.999999999998702, 0.3999999260283764], [6.447300567617659e-07, 0.9999999999985183, 1.5961877925511826e-06, 0.12937481027854128], [0.9999999999997681, -6.44729705526219e-07, -2.20047011001423e-07, -0.19999976670742356], [0.0, 0.0, 0.0, 1.0]]","[[2.220446049250313e-16, -0.0, -1.0, 0.4], [0.0, 1.0, -0.0, -0.12937499999999996], [1.0, 0.0, 2.220446049250313e-16, -0.2], [0.0, 0.0, 0.0, 1.0]]","[[-7.824092159158802e-07, 1.1471747083348554e-06, -0.999999999999036, 0.39999994667595334], [1.2109073625525714e-07, 0.9999999999993348, 1.1471746135926903e-06, -0.12937506859451173], [0.9999999999996866, -1.2108983869515039e-07, -7.824093549158029e-07, -0.19999983079402855], [0.0, 0.0, 0.0, 1.0]]"
3.6166666666666667,-11.610734192753055,3.976035396537897,-18.10067578171433,-97.96350447290362,28.27004027656147,21.727572825335507,12.945168741465956,-11.610734192753055,-3.976035396537897,18.10067578171433,-97.96350447290362,-28.27004027656147,21.727572825335507,-12.945168741465956,"[[2.220446049250313e-16, -0.0, -1.0, 0.4], [0.0, 1.0, -0.0, 0.12874999999999998], [1.0, 0.0, 2.220446049250313e-16, -0.2], [0.0, 0.0, 0.0, 1.0]]","[[-2.2690853013207501e-07, 1.6020922630957675e-06, -0.9999999999986908, 0.3999999258965646], [6.650354955156677e-07, 0.9999999999984954, 1.6020921121932278e-06, 0.12874981044623782], [0.9999999999997531, -6.650351319864308e-07, -2.2690959550208945e-07, -0.19999975579542906], [0.0, 0.0, 0.0, 1.0]]","[[2.220446049250313e-16, -0.0, -1.0, 0.4], [0.0, 1.0, -0.0, -0.12874999999999998], [1.0, 0.0, 2.220446049250313e-16, -0.2], [0.0, 0.0, 0.0, 1.0]]","[[-7.88337980284215e-07, 1.1426560087649688e-06, -0.9999999999990364, 0.3999999467868024], [1.0020966141971839e-07, 0.9999999999993421, 1.142655929766236e-06, -0.1287500691076173], [0.9999999999996841, -1.0020876062055404e-07, -7.883380946371865e-07, -0.199999820349398], [0.0, 0.0, 0.0, 1.0]]"
3.625,-11.667099475104939,3.925681961316094,-18.183891391467178,-97.93050099883412,28.365639019279556,21.739904731881964,12.887854916593087,-11.667099475104939,-3.925681961316094,18.183891391467178,-97.93050099883412,-28.365639019279556,21.739904731881964,-12.887854916593087,"[[2.220446049250313e-16, -0.0, -1.0, 0.4], [0.0, 1.0, -0.0, 0.128125], [1.0, 0.0, 2.220446049250313e-16, -0.2], [0.0, 0.0, 0.0, 1.0]]","[[-2.4131057269061174e-07, 1.5929432276670129e-06, -0.9999999999987024, 0.39999992635229586], [6.592287846992348e-07, 0.9999999999985141, 1.5929430685878375e-06, 0.1281248156072762], [0.9999999999997538, -6.592284003043749e-07, -2.413116227395484e-07, -0.19999975298000605], [0.0, 0.0, 0.0, 1.0]]","[[2.220446049250313e-16, -0.0, -1.0, 0.4], [0.0, 1.0, -0.0, -0.128125], [1.0, 0.0, 2.220446049250313e-16, -0.2], [0.0, 0.0, 0.0, 1.0]]","[[-8.018088148986635e-07, 1.1531915961085327e-06, -0.9999999999990137, 0.39999994748609957], [1.0544293452010732e-07, 0.9999999999993296, 1.1531915115638229e-06, -0.12812507461441988], [0.9999999999996732, -1.0544200988088399e-07, -8.01808936579107e-07, -0.1999998179998948], [0.0, 0.0, 0.0, 1.0]]"
3.6333333333333333,-11.723534766895817,3.8752175355202776,-18.26698576536226,-97.89721065681948,28.4611557997276,21.75206246860459,12.830652936067876,-11.723534766895817,-3.8752175355202776,18.26698576536226,-97.89721065681948,-28.4611557997276,21.75206246860459,-12.830652936067876,"[[2.220446049250313e-16, -0.0, -1.0, 0.4], [0.0, 1.0, -0.0, 0.1275], [1.0, 0.0, 2.220446049250313e-16, -0.2], [0.0, 0.0, 0.0, 1.0]]","[[-2.0154229862789919e-07, 1.6113456622804077e-06, -0.9999999999986815, 0.39999992334108264], [6.436927139059506e-07, 0.9999999999984948, 1.6113455325487974e-06, 0.12749980980640324], [0.9999999999997726, -6.436923891508195e-07, -2.015433357982488e-07, -0.19999976670189906], [0.0, 0.0, 0.0, 1.0]]","[[2.220446049250313e-16, -0.0, -1.0, 0.4], [0.0, 1.0, -0.0, -0.1275], [1.0, 0.0, 2.220446049250313e-16, -0.2], [0.0, 0.0, 0.0, 1.0]]","[[-7.611119364203667e-07, 1.1361766303005952e-06, -0.9999999999990651, 0.3999999447193743], [1.204076608597325e-07, 0.9999999999993474, 1.1361765386572082e-06, -0.12750006915967388], [0.9999999999997032, -1.204067961020945e-07, -7.611120731998433e-07, -0.1999998321862798], [0.0, 0.0, 0.0, 1.0]]"
3.6416666666666666,-11.780040921899332,3.824642119150449,-18.349953780757698,-97.86364027704887,28.556590617905602,21.764044327956082,12.773563653663972,-11.780040921899332,-3.824642119150449,18.349953780757698,-97.86364027704887,-28.556590617905602,21.764044327956082,-12.773563653663972,"[[2.220446049250313e-16, -0.0, -1.0, 0.4], [0.0, 1.0, -0.0, 0.12687499999999996], [1.0, 0.0, 2.220446049250313e-16, -0.2], [0.0, 0.0, 0.0, 1.0]]","[[-2.856971208498038e-07, 1.6286761480041804e-06, -0.9999999999986329, 0.3999999180278501], [6.947847047968631e-07, 0.9999999999984324, 1.6286759495058638e-06, 0.12687480461160633], [0.9999999999997178, -6.947842394878836e-07, -2.856982523891105e-07, -0.19999973461465415], [0.0, 0.0, 0.0, 1.0]]","[[2.220446049250313e-16, -0.0, -1.0, 0.4], [0.0, 1.0, -0.0, -0.12687499999999996], [1.0, 0.0, 2.220446049250313e-16, -0.2], [0.0, 0.0, 0.0, 1.0]]","[[-8.443408141545206e-07, 1.1202344579151838e-06, -0.999999999999016, 0.399999939651521], [6.874649842078128e-08, 0.9999999999993701, 1.120234399870106e-06, -0.12687506431130033], [0.9999999999996411, -6.874555256108843e-08, -8.443408912039985e-07, -0.19999980056209765], [0.0, 0.0, 0.0, 1.0]]"
3.65,-11.836615378794548,3.7739561390934306,-18.432797145200784,-97.82977619914395,28.651940058718978,21.775852017483743,12.71658706938137,-11.836615378794548,-3.7739561390934306,18.432797145200784,-97.82977619914395,-28.651940058718978,21.775852017483743,-12.71658706938137,"[[2.220446049250313e-16, -0.0, -1.0, 0.4], [0.0, 1.0, -0.0, 0.12624999999999997], [1.0, 0.0, 2.220446049250313e-16, -0.2], [0.0, 0.0, 0.0, 1.0]]","[[-2.2086718165503783e-07, 1.6192219723403401e-06, -0.9999999999986647, 0.3999999243162346], [6.459021501141065e-07, 0.9999999999984805, 1.6192218296814543e-06, 0.1262498133359736], [0.9999999999997672, -6.45901792480282e-07, -2.2086822748512702e-07, -0.19999976009184767], [0.0, 0.0, 0.0, 1.0]]","[[2.220446049250313e-16, -0.0, -1.0, 0.4], [0.0, 1.0, -0.0, -0.12624999999999997], [1.0, 0.0, 2.220446049250313e-16, -0.2], [0.0, 0.0, 0.0, 1.0]]","[[-7.785875406063347e-07, 1.131077910926157e-06, -0.9999999999990572, 0.3999999461861957], [1.1706196465254359e-07, 0.9999999999993534, 1.131077819783505e-06, -0.12625007338249802], [0.99999999999969, -1.1706108400933534e-07, -7.785876729449193e-07, -0.19999982650087011], [0.0, 0.0, 0.0, 1.0]]"
3.658333333333333,-11.893259845128755,3.7231587415755762,-18.515515858691515,-97.79563208348306,28.747207537262316,21.787485537187568,12.659725744541015,-11.893259845128755,-3.7231587415755762,18.515515858691515,-97.79563208348306,-28.747207537262316,21.787485537187568,-12.659725744541015,"[[2.220446049250313e-16, -0.0, -1.0, 0.4], [0.0, 1.0, -0.0, 0.125625], [1.0, 0.0, 2.220446049250313e-16, -0.2], [0.0, 0.0, 0.0, 1.0]]","[[-2.5169037770611524e-07, 1.6270609027957103e-06, -0.9999999999986449, 0.3999999216804642], [6.725131579992276e-07, 0.9999999999984504, 1.627060733530303e-06, 0.12562480779475124], [0.9999999999997424, -6.725127484827855e-07, -2.516914719419283e-07, -0.19999974853141766], [0.0, 0.0, 0.0, 1.0]]","[[2.220446049250313e-16, -0.0, -1.0, 0.4], [0.0, 1.0, -0.0, -0.125625], [1.0, 0.0, 2.220446049250313e-16, -0.2], [0.0, 0.0, 0.0, 1.0]]","[[-8.084900952609608e-07, 1.1246290856102662e-06, -0.9999999999990409, 0.39999994379761383], [8.988598723273688e-08, 0.9999999999993636, 1.1246290129386988e-06, -0.12562506818840663], [0.9999999999996693, -8.988507798123267e-08, -8.084901965133007e-07, -0.19999981540060405], [0.0, 0.0, 0.0, 1.0]]"
3.6666666666666665,-11.949972613354664,3.6722503534837094,-18.598108213682604,-97.76120109987701,28.84238963844103,21.798944887067556,12.602978825369256,-11.949972613354664,-3.6722503534837094,18.598108213682604,-97.76120109987701,-28.84238963844103,21.798944887067556,-12.602978825369256,"[[2.220446049250313e-16, -0.0, -1.0, 0.4], [0.0, 1.0, -0.0, 0.125], [1.0, 0.0, 2.220446049250313e-16, -0.2], [0.0, 0.0, 0.0, 1.0]]","[[-2.626114740666985e-07, 1.6255591611535628e-06, -0.9999999999986443, 0.39999992152537645], [6.637479532384187e-07, 0.9999999999984583, 1.6255589868454323e-06, 0.1249998063812602], [0.9999999999997452, -6.637475263470772e-07, -2.626125529814338e-07, -0.1999997468483054], [0.0, 0.0, 0.0, 1.0]]","[[2.220446049250313e-16, -0.0, -1.0, 0.4], [0.0, 1.0, -0.0, -0.125], [1.0, 0.0, 2.220446049250313e-16, -0.2], [0.0, 0.0, 0.0, 1.0]]","[[-8.184931994392741e-07, 1.127521823862974e-06, -0.9999999999990294, 0.39999994389061305], [9.808832387949353e-08, 0.9999999999993596, 1.12752174357872e-06, -0.12500006712239617], [0.9999999999996603, -9.808740101051909e-08, -8.184933100174874e-07, -0.19999981417619367], [0.0, 0.0, 0.0, 1.0]]"
3.675,-12.006752829698627,3.6212309748178297,-18.680572502626752,-97.72648324832583,28.937486362255118,21.810231774671003,12.546349726960681,-12.006752829698627,-3.6212309748178297,18.680572502626752,-97.72648324832583,-28.937486362255118,21.810231774671003,-12.546349726960681,"[[2.220446049250313e-16, -0.0, -1.0, 0.4], [0.0, 1.0, -0.0, 0.12437500000000001], [1.0, 0.0, 2.220446049250313e-16, -0.2], [0.0, 0.0, 0.0, 1.0]]","[[-2.3107571800462523e-07, 1.576676131708227e-06, -0.9999999999987305, 0.3999999250258226], [6.680416273081353e-07, 0.999999999998534, 1.5766759773397187e-06, 0.1243748182498395], [0.9999999999997503, -6.680412629757538e-07, -2.310767711621864e-07, -0.1999997579833271], [0.0, 0.0, 0.0, 1.0]]","[[2.220446049250313e-16, -0.0, -1.0, 0.4], [0.0, 1.0, -0.0, -0.12437500000000001], [1.0, 0.0, 2.220446049250313e-16, -0.2], [0.0, 0.0, 0.0, 1.0]]","[[-7.860421907812665e-07, 1.177796698039666e-06, -0.9999999999989977, 0.39999994764003083], [9.323385049268856e-08, 0.9999999999993022, 1.1777966247542845e-06, -0.12437507933880382], [0.9999999999996869, -9.323292469475581e-08, -7.860423006933459e-07, -0.19999982576844935], [0.0, 0.0, 0.0, 1.0]]"
3.683333333333333,-12.063601347934288,3.5701001786911144,-18.762910433071255,-97.6914853590187,29.032494293609993,21.821344492450613,12.489837595541642,-12.063601347934288,-3.5701001786911144,18.762910433071255,-97.6914853590187,-29.032494293609993,21.821344492450613,-12.489837595541642,"[[2.220446049250313e-16, -0.0, -1.0, 0.4], [0.0, 1.0, -0.0, 0.12374999999999997], [1.0, 0.0, 2.220446049250313e-16, -0.2], [0.0, 0.0, 0.0, 1.0]]","[[-2.882170168638787e-07, 1.6173586550707495e-06, -0.9999999999986505, 0.3999999181641437], [6.876596077081777e-07, 0.9999999999984557, 1.6173584568752335e-06, 0.12374980968988321], [0.9999999999997221, -6.876591415570202e-07, -2.8821812908530475e-07, -0.19999973638321056], [0.0, 0.0, 0.0, 1.0]]","[[2.220446049250313e-16, -0.0, -1.0, 0.4], [0.0, 1.0, -0.0, -0.12374999999999997], [1.0, 0.0, 2.220446049250313e-16, -0.2], [0.0, 0.0, 0.0, 1.0]]","[[-8.422708984712202e-07, 1.1385068477473606e-06, -0.9999999999989972, 0.39999994102823566], [7.305716448998985e-08, 0.9999999999993493, 1.138506786213838e-06, -0.12375007112697264], [0.9999999999996427, -7.305620555878281e-08, -8.42270981737947e-07, -0.19999980462414088], [0.0, 0.0, 0.0, 1.0]]"
3.6916666666666664,-12.120517314288005,3.5188581785469744,-18.84512029746882,-97.65619377157724,29.127416847600248,21.832286455500974,12.433444992433078,-12.120517314288005,-3.5188581785469744,18.84512029746882,-97.65619377157724,-29.127416847600248,21.832286455500974,-12.433444992433078,"[[2.220446049250313e-16, -0.0, -1.0, 0.4], [0.0, 1.0, -0.0, 0.12312499999999998], [1.0, 0.0, 2.220446049250313e-16, -0.2], [0.0, 0.0, 0.0, 1.0]]","[[-2.0093627101092082e-07, 1.5613019330335481e-06, -0.9999999999987612, 0.39999992712480215], [6.676321540981541e-07, 0.9999999999985585, 1.5613017988817161e-06, 0.12312481906096566], [0.9999999999997571, -6.676318403751654e-07, -2.0093731351034094e-07, -0.19999976656649218], [0.0, 0.0, 0.0, 1.0]]","[[2.220446049250313e-16, -0.0, -1.0, 0.4], [0.0, 1.0, -0.0, -0.12312499999999998], [1.0, 0.0, 2.220446049250313e-16, -0.2], [0.0, 0.0, 0.0, 1.0]]","[[-7.540803387828809e-07, 1.195957150529126e-06, -0.9999999999990006, 0.39999995023966106], [9.252792131098034e-08, 0.9999999999992806, 1.1959570807559746e-06, -0.12312508084658015], [0.9999999999997116, -9.252701946316729e-08, -7.540804493610942e-07, -0.19999983526173276], [0.0, 0.0, 0.0, 1.0]]"
3.6999999999999997,-12.177499874986129,3.467504760941999,-18.92720209581945,-97.62062214637982,29.222247194036704,21.843054248727498,12.377171063861343,-12.177499874986129,-3.467504760941999,18.92720209581945,-97.62062214637982,-29.222247194036704,21.843054248727498,-12.377171063861343,"[[2.220446049250313e-16, -0.0, -1.0, 0.4], [0.0, 1.0, -0.0, 0.12249999999999994], [1.0, 0.0, 2.220446049250313e-16, -0.2], [0.0, 0.0, 0.0, 1.0]]","[[-1.9536633100170064e-07, 1.6133159379062814e-06, -0.9999999999986796, 0.3999999242996885], [6.412048272757193e-07, 0.9999999999984931, 1.6133158126361461e-06, 0.12249981019943444], [0.9999999999997754, -6.412045120872816e-07, -1.95367365507515e-07, -0.1999997691026785], [0.0, 0.0, 0.0, 1.0]]","[[2.220446049250313e-16, -0.0, -1.0, 0.4], [0.0, 1.0, -0.0, -0.12249999999999994], [1.0, 0.0, 2.220446049250313e-16, -0.2], [0.0, 0.0, 0.0, 1.0]]","[[-7.476032527486964e-07, 1.1453375366981814e-06, -0.9999999999990649, 0.3999999476662255], [1.1840063816297325e-07, 0.9999999999993373, 1.1453374481817912e-06, -0.12250007233386727], [0.9999999999997137, -1.1839978190486079e-07, -7.4760338841795e-07, -0.19999983825079323], [0.0, 0.0, 0.0, 1.0]]"
3.7083333333333335,-12.23454903002866,3.416040139319599,-19.009152413028556,-97.58477048342641,29.316992163108537,21.85364957967748,12.321018371147375,-12.23454903002866,-3.416040139319599,19.009152413028556,-97.58477048342641,-29.316992163108537,21.85364957967748,-12.321018371147375,"[[2.220446049250313e-16, -0.0, -1.0, 0.4], [0.0, 1.0, -0.0, 0.12187499999999996], [1.0, 0.0, 2.220446049250313e-16, -0.2], [0.0, 0.0, 0.0, 1.0]]","[[-2.9549297159148225e-07, 1.6026948082844815e-06, -0.9999999999986721, 0.3999999173716861], [6.938766562285262e-07, 0.999999999998475, 1.6026946032484906e-06, 0.12187481163351165], [0.9999999999997157, -6.938761826426139e-07, -2.954940835908637e-07, -0.1999997348562845], [0.0, 0.0, 0.0, 1.0]]","[[2.220446049250313e-16, -0.0, -1.0, 0.4], [0.0, 1.0, -0.0, -0.12187499999999996], [1.0, 0.0, 2.220446049250313e-16, -0.2], [0.0, 0.0, 0.0, 1.0]]","[[-8.468255682236858e-07, 1.1573538128072189e-06, -0.9999999999989717, 0.3999999409907583], [6.517629728452537e-08, 0.9999999999993282, 1.1573537576146763e-06, -0.12187507411704855], [0.9999999999996394, -6.517531720770493e-08, -8.468256437188515e-07, -0.19999980445581567], [0.0, 0.0, 0.0, 1.0]]"
3.716666666666667,-12.2916647794156,3.3644638867929517,-19.09097466419072,-97.5486251223387,29.41164492462657,21.864075863445503,12.264987768064822,-12.2916647794156,-3.3644638867929517,19.09097466419072,-97.5486251223387,-29.41164492462657,21.864075863445503,-12.264987768064822,"[[2.220446049250313e-16, -0.0, -1.0, 0.4], [0.0, 1.0, -0.0, 0.12124999999999997], [1.0, 0.0, 2.220446049250313e-16, -0.2], [0.0, 0.0, 0.0, 1.0]]","[[-2.2039529107287237e-07, 1.5946973611282406e-06, -0.9999999999987044, 0.3999999231926943], [6.635351543785254e-07, 0.9999999999985085, 1.5946972148879048e-06, 0.12124981173758534], [0.9999999999997558, -6.635348029139086e-07, -2.2039634933745944e-07, -0.19999975770218092], [0.0, 0.0, 0.0, 1.0]]","[[2.220446049250313e-16, -0.0, -1.0, 0.4], [0.0, 1.0, -0.0, -0.12124999999999997], [1.0, 0.0, 2.220446049250313e-16, -0.2], [0.0, 0.0, 0.0, 1.0]]","[[-7.708263176087193e-07, 1.1667473224621544e-06, -0.9999999999990224, 0.3999999470652114], [9.496721492705259e-08, 0.999999999999315, 1.1667472492592672e-06, -0.12125007457062811], [0.9999999999996986, -9.4966315567474e-08, -7.708264284089772e-07, -0.19999982775163475], [0.0, 0.0, 0.0, 1.0]]"
3.725,-12.348845415599653,3.3127760033620572,-19.172665434211368,-97.51219972349503,29.506205478590815,21.874327977389694,12.20908010838733,-12.348845415599653,-3.3127760033620572,19.172665434211368,-97.51219972349503,-29.506205478590815,21.874327977389694,-12.20908010838733,"[[2.220446049250313e-16, -0.0, -1.0, 0.4], [0.0, 1.0, -0.0, 0.12062499999999998], [1.0, 0.0, 2.220446049250313e-16, -0.2], [0.0, 0.0, 0.0, 1.0]]","[[-2.515565949434695e-07, 1.6321503515702931e-06, -0.9999999999986366, 0.3999999193207372], [6.683174249060936e-07, 0.999999999998445, 1.6321501834503247e-06, 0.12062480678297713], [0.9999999999997453, -6.6831701432704e-07, -2.515576856265689e-07, -0.1999997511100376], [0.0, 0.0, 0.0, 1.0]]","[[2.220446049250313e-16, -0.0, -1.0, 0.4], [0.0, 1.0, -0.0, -0.12062499999999998], [1.0, 0.0, 2.220446049250313e-16, -0.2], [0.0, 0.0, 0.0, 1.0]]","[[-8.010888327691923e-07, 1.1306911489414518e-06, -0.9999999999990399, 0.3999999434475822], [8.963646667030735e-08, 0.9999999999993567, 1.1306910771350378e-06, -0.12062506996580975], [0.9999999999996751, -8.963556088622621e-08, -8.010889342435767e-07, -0.19999982160796087], [0.0, 0.0, 0.0, 1.0]]"
3.7333333333333334,-12.406091792354468,3.2609764890269153,-19.25422472309049,-97.47548745670622,29.600677240095845,21.884411044151925,12.153296245888543,-12.406091792354468,-3.2609764890269153,19.25422472309049,-97.47548745670622,-29.600677240095845,21.884411044151925,-12.153296245888543,"[[2.220446049250313e-16, -0.0, -1.0, 0.4], [0.0, 1.0, -0.0, 0.12], [1.0, 0.0, 2.220446049250313e-16, -0.2], [0.0, 0.0, 0.0, 1.0]]","[[-2.431654638201941e-07, 1.6024416454974282e-06, -0.9999999999986868, 0.39999992067390566], [6.778825794310044e-07, 0.9999999999984865, 1.6024414806594755e-06, 0.11999980997053561], [0.9999999999997409, -6.77882189771688e-07, -2.43166550284446e-07, -0.19999975476686244], [0.0, 0.0, 0.0, 1.0]]","[[2.220446049250313e-16, -0.0, -1.0, 0.4], [0.0, 1.0, -0.0, -0.12], [1.0, 0.0, 2.220446049250313e-16, -0.2], [0.0, 0.0, 0.0, 1.0]]","[[-7.918017517205556e-07, 1.1617974864950662e-06, -0.9999999999990116, 0.3999999450559466], [7.952481214077947e-08, 0.9999999999993219, 1.1617974235275411e-06, -0.1200000735034989], [0.9999999999996833, -7.952389222746593e-08, -7.918018440911112e-07, -0.19999982571176933], [0.0, 0.0, 0.0, 1.0]]"
3.7416666666666667,-12.463403055906399,3.2090655572309372,-19.335650823280798,-97.43849515216142,29.695053378952498,21.894323356184906,12.097637034342108,-12.463403055906399,-3.2090655572309372,19.335650823280798,-97.43849515216142,-29.695053378952498,21.894323356184906,-12.097637034342108,"[[2.220446049250313e-16, -0.0, -1.0, 0.4], [0.0, 1.0, -0.0, 0.11937499999999995], [1.0, 0.0, 2.220446049250313e-16, -0.2], [0.0, 0.0, 0.0, 1.0]]","[[-3.048360454060983e-07, 1.6309862485828614e-06, -0.9999999999986237, 0.39999991625188425], [7.036502645311961e-07, 0.9999999999984225, 1.6309860340845693e-06, 0.11937480857205959], [0.9999999999997061, -7.036497673468946e-07, -3.048371931546612e-07, -0.19999972820275394], [0.0, 0.0, 0.0, 1.0]]","[[2.220446049250313e-16, -0.0, -1.0, 0.4], [0.0, 1.0, -0.0, -0.11937499999999995], [1.0, 0.0, 2.220446049250313e-16, -0.2], [0.0, 0.0, 0.0, 1.0]]","[[-8.525791765912061e-07, 1.1346512730029668e-06, -0.9999999999989928, 0.39999994089000657], [5.321263901558178e-08, 0.9999999999993547, 1.1346512276353896e-06, -0.11937507245543855], [0.9999999999996352, -5.3211671635518826e-08, -8.525792369873386e-07, -0.19999979959318018], [0.0, 0.0, 0.0, 1.0]]"
3.75,-12.520779206255446,3.1570427810873007,-19.41694544232958,-97.40120914948233,29.789337310255352,21.90406662103593,12.042103327521673,-12.520779206255446,-3.1570427810873007,19.41694544232958,-97.40120914948233,-29.789337310255352,21.90406662103593,-12.042103327521673,"[[2.220446049250313e-16, -0.0, -1.0, 0.4], [0.0, 1.0, -0.0, 0.11874999999999997], [1.0, 0.0, 2.220446049250313e-16, -0.2], [0.0, 0.0, 0.0, 1.0]]","[[-2.2882194988804727e-07, 1.6001354207781178e-06, -0.9999999999986938, 0.39999992662470646], [6.568738857674699e-07, 0.9999999999985043, 1.600135270470651e-06, 0.11874981577293359], [0.9999999999997583, -6.568735196205393e-07, -2.2882300082516238e-07, -0.19999975498455097], [0.0, 0.0, 0.0, 1.0]]","[[2.220446049250313e-16, -0.0, -1.0, 0.4], [0.0, 1.0, -0.0, -0.11874999999999997], [1.0, 0.0, 2.220446049250313e-16, -0.2], [0.0, 0.0, 0.0, 1.0]]","[[-7.756747633091976e-07, 1.166901365996876e-06, -0.9999999999990185, 0.3999999515197906], [9.944647413838674e-08, 0.9999999999993143, 1.1669012888591009e-06, -0.11875008000712027], [0.9999999999996944, -9.944556900240798e-08, -7.75674879438526e-07, -0.1999998268189823], [0.0, 0.0, 0.0, 1.0]]"
3.7583333333333333,-12.578218535854313,3.104908160596005,-19.49810687268955,-97.36364310904726,29.883529034004415,21.9136391311577,11.986697686748176,-12.578218535854313,-3.104908160596005,19.49810687268955,-97.36364310904726,-29.883529034004415,21.9136391311577,-11.986697686748176,"[[2.220446049250313e-16, -0.0, -1.0, 0.4], [0.0, 1.0, -0.0, 0.11812499999999998], [1.0, 0.0, 2.220446049250313e-16, -0.2], [0.0, 0.0, 0.0, 1.0]]","[[-2.2959912854281228e-07, 1.567198785090321e-06, -0.9999999999987459, 0.39999992557763364], [6.793720969048689e-07, 0.9999999999985414, 1.5671986291067592e-06, 0.11812481992115736], [0.9999999999997431, -6.793717370765769e-07, -2.296001934687375e-07, -0.19999975829783928], [0.0, 0.0, 0.0, 1.0]]","[[2.220446049250313e-16, -0.0, -1.0, 0.4], [0.0, 1.0, -0.0, -0.11812499999999998], [1.0, 0.0, 2.220446049250313e-16, -0.2], [0.0, 0.0, 0.0, 1.0]]","[[-7.755645204388095e-07, 1.201237970452365e-06, -0.9999999999989777, 0.39999995073054345], [7.640774949711619e-08, 0.9999999999992755, 1.201237911193583e-06, -0.11812508450643464], [0.9999999999996962, -7.640681785953365e-08, -7.755646121432314e-07, -0.19999983057481607], [0.0, 0.0, 0.0, 1.0]]"
3.7666666666666666,-12.635721898476652,3.0526619092004617,-19.579135114360703,-97.32579703085621,29.977621720010507,21.923042594097517,11.93141925824797,-12.635721898476652,-3.0526619092004617,19.579135114360703,-97.32579703085621,-29.977621720010507,21.923042594097517,-11.93141925824797,"[[2.220446049250313e-16, -0.0, -1.0, 0.4], [0.0, 1.0, -0.0, 0.1175], [1.0, 0.0, 2.220446049250313e-16, -0.2], [0.0, 0.0, 0.0, 1.0]]","[[-2.8253209038986427e-07, 1.6370920483881083e-06, -0.9999999999986201, 0.3999999157668819], [6.95703323534005e-07, 0.9999999999984179, 1.6370918518292632e-06, 0.11749980691885391], [0.9999999999997181, -6.957028610020617e-07, -2.825332292566429e-07, -0.19999973547829702], [0.0, 0.0, 0.0, 1.0]]","[[2.220446049250313e-16, -0.0, -1.0, 0.4], [0.0, 1.0, -0.0, -0.1175], [1.0, 0.0, 2.220446049250313e-16, -0.2], [0.0, 0.0, 0.0, 1.0]]","[[-8.276128634077118e-07, 1.1327454298673983e-06, -0.9999999999990159, 0.3999999411785131], [5.953796063564611e-08, 0.9999999999993565, 1.1327453805934021e-06, -0.11750007185550816], [0.9999999999996556, -5.9537023160939506e-08, -8.276129309092717e-07, -0.19999980819635738], [0.0, 0.0, 0.0, 1.0]]"
3.775,-12.693289294122458,3.0003038134572595,-19.66002845979575,-97.28765725453086,30.07162219846281,21.932278717402667,11.87626974956835,-12.693289294122458,-3.0003038134572595,19.66002845979575,-97.28765725453086,-30.07162219846281,21.932278717402667,-11.87626974956835,"[[2.220446049250313e-16, -0.0, -1.0, 0.4], [0.0, 1.0, -0.0, 0.116875], [1.0, 0.0, 2.220446049250313e-16, -0.2], [0.0, 0.0, 0.0, 1.0]]","[[-2.0807477718598477e-07, 1.5823984064651285e-06, -0.9999999999987264, 0.3999999256213334], [6.659486044680216e-07, 0.9999999999985263, 1.5823982678977044e-06, 0.11687481511688326], [0.9999999999997566, -6.659482752100065e-07, -2.0807583078763514e-07, -0.19999976133894792], [0.0, 0.0, 0.0, 1.0]]","[[2.220446049250313e-16, -0.0, -1.0, 0.4], [0.0, 1.0, -0.0, -0.116875], [1.0, 0.0, 2.220446049250313e-16, -0.2], [0.0, 0.0, 0.0, 1.0]]","[[-7.522738660892259e-07, 1.188840634533451e-06, -0.9999999999990103, 0.39999995129253985], [8.875603534853232e-08, 0.9999999999992892, 1.1888405677649366e-06, -0.11687508040530026], [0.9999999999997131, -8.875514101475437e-08, -7.522739715604132e-07, -0.19999983449655795], [0.0, 0.0, 0.0, 1.0]]"
3.783333333333333,-12.75091901524444,2.9478338733663985,-19.74078690899469,-97.24924427063871,30.165523639172143,21.941344085978567,11.821250014482958,-12.75091901524444,-2.9478338733663985,19.74078690899469,-97.24924427063871,-30.165523639172143,21.941344085978567,-11.821250014482958,"[[2.220446049250313e-16, -0.0, -1.0, 0.4], [0.0, 1.0, -0.0, 0.11624999999999996], [1.0, 0.0, 2.220446049250313e-16, -0.2], [0.0, 0.0, 0.0, 1.0]]","[[-3.151155237302028e-07, 1.6451029081826844e-06, -0.9999999999985973, 0.39999991261890794], [7.064517237668034e-07, 0.9999999999983975, 1.6451026855684506e-06, 0.11624980154151313], [0.9999999999997009, -7.064512053684181e-07, -3.1511668591166497e-07, -0.19999972231980875], [0.0, 0.0, 0.0, 1.0]]","[[2.220446049250313e-16, -0.0, -1.0, 0.4], [0.0, 1.0, -0.0, -0.11624999999999996], [1.0, 0.0, 2.220446049250313e-16, -0.2], [0.0, 0.0, 0.0, 1.0]]","[[-8.584357884533489e-07, 1.1275383464554494e-06, -0.999999999998996, 0.39999993855056826], [4.771829307701844e-08, 0.9999999999993634, 1.127538305492773e-06, -0.11625006718192082], [0.9999999999996306, -4.771732515773632e-08, -8.584358421881433e-07, -0.19999979591552988], [0.0, 0.0, 0.0, 1.0]]"
3.7916666666666665,-12.8086110618426,2.8952518754844667,-19.821408754410225,-97.21053758861225,30.2593294572331,21.9502421149198,11.76636176053909,-12.8086110618426,-2.8952518754844667,19.821408754410225,-97.21053758861225,-30.2593294572331,21.9502421149198,-11.76636176053909,"[[2.220446049250313e-16, -0.0, -1.0, 0.4], [0.0, 1.0, -0.0, 0.11562499999999998], [1.0, 0.0, 2.220446049250313e-16, -0.2], [0.0, 0.0, 0.0, 1.0]]","[[-2.871415943350719e-07, 1.6028130907354452e-06, -0.9999999999986743, 0.39999991769108345], [6.994261548234339e-07, 0.9999999999984708, 1.6028128899007782e-06, 0.11562481032240174], [0.9999999999997141, -6.99425694588258e-07, -2.871427154382822e-07, -0.19999973725602369], [0.0, 0.0, 0.0, 1.0]]","[[2.220446049250313e-16, -0.0, -1.0, 0.4], [0.0, 1.0, -0.0, -0.11562499999999998], [1.0, 0.0, 2.220446049250313e-16, -0.2], [0.0, 0.0, 0.0, 1.0]]","[[-8.295859983964426e-07, 1.1712311901272514e-06, -0.9999999999989702, 0.39999994388405014], [5.4211151055212096e-08, 0.9999999999993128, 1.171231145154841e-06, -0.11562507631518272], [0.9999999999996545, -5.421017941819734e-08, -8.295860619011997e-07, -0.19999981128831548], [0.0, 0.0, 0.0, 1.0]]"
3.8,-12.866365433916934,2.8425580332548765,-19.901895703589656,-97.17155086882981,30.353032822456505,21.95897451177366,11.711604987736743,-12.866365433916934,-2.8425580332548765,19.901895703589656,-97.17155086882981,-30.353032822456505,21.95897451177366,-11.711604987736743,"[[2.220446049250313e-16, -0.0, -1.0, 0.4], [0.0, 1.0, -0.0, 0.11499999999999999], [1.0, 0.0, 2.220446049250313e-16, -0.2], [0.0, 0.0, 0.0, 1.0]]","[[-2.707650562649988e-07, 1.6706464119353707e-06, -0.9999999999985678, 0.39999991214874286], [6.848845343280773e-07, 0.9999999999983701, 1.6706462264922404e-06, 0.11499979859756601], [0.9999999999997289, -6.848840819744767e-07, -2.70766200460848e-07, -0.19999973322088396], [0.0, 0.0, 0.0, 1.0]]","[[2.220446049250313e-16, -0.0, -1.0, 0.4], [0.0, 1.0, -0.0, -0.11499999999999999], [1.0, 0.0, 2.220446049250313e-16, -0.2], [0.0, 0.0, 0.0, 1.0]]","[[-8.123364628187524e-07, 1.1048016182142199e-06, -0.9999999999990596, 0.39999993860390815], [6.822191918936558e-08, 0.9999999999993874, 1.104801562795429e-06, -0.11500006494300626], [0.9999999999996676, -6.822102171870794e-08, -8.123365380918735e-07, -0.1999998076882777], [0.0, 0.0, 0.0, 1.0]]"
3.808333333333333,-12.9241812776938,2.7897523466776266,-19.982244341438395,-97.13227728110225,30.44664056503153,21.967537861445564,11.656981403623211,-12.9241812776938,-2.7897523466776266,19.982244341438395,-97.13227728110225,-30.44664056503153,21.967537861445564,-11.656981403623211,"[[2.220446049250313e-16, -0.0, -1.0, 0.4], [0.0, 1.0, -0.0, 0.114375], [1.0, 0.0, 2.220446049250313e-16, -0.2], [0.0, 0.0, 0.0, 1.0]]","[[-2.643942017543921e-07, 1.65036210900814e-06, -0.9999999999986032, 0.39999991359351184], [6.802423488840841e-07, 0.9999999999984067, 1.6503619291556827e-06, 0.11437480460113511], [0.9999999999997337, -6.802419125370089e-07, -2.643953244119146e-07, -0.1999997384995332], [0.0, 0.0, 0.0, 1.0]]","[[2.220446049250313e-16, -0.0, -1.0, 0.4], [0.0, 1.0, -0.0, -0.114375], [1.0, 0.0, 2.220446049250313e-16, -0.2], [0.0, 0.0, 0.0, 1.0]]","[[-8.05095610956208e-07, 1.1264904003997793e-06, -0.9999999999990415, 0.3999999403117128], [7.233523279141035e-08, 0.9999999999993631, 1.126490342163363e-06, -0.11437507129955944], [0.9999999999996735, -7.233432585891082e-08, -8.05095692446578e-07, -0.19999981340050835], [0.0, 0.0, 0.0, 1.0]]"
3.8166666666666664,-12.982059446946842,2.736834388865895,-20.062456375503732,-97.09271682542953,30.54014926986359,21.975933871482802,11.602491861972142,-12.982059446946842,-2.736834388865895,20.062456375503732,-97.09271682542953,-30.54014926986359,21.975933871482802,-11.602491861972142,"[[2.220446049250313e-16, -0.0, -1.0, 0.4], [0.0, 1.0, -0.0, 0.11374999999999996], [1.0, 0.0, 2.220446049250313e-16, -0.2], [0.0, 0.0, 0.0, 1.0]]","[[-2.4507602930379235e-07, 1.6231631287726182e-06, -0.9999999999986527, 0.3999999200510863], [6.646781616652982e-07, 0.9999999999984621, 1.623162965875624e-06, 0.11374980703544933], [0.9999999999997492, -6.64677763866068e-07, -2.450771082185277e-07, -0.19999975312675455], [0.0, 0.0, 0.0, 1.0]]","[[2.220446049250313e-16, -0.0, -1.0, 0.4], [0.0, 1.0, -0.0, -0.11374999999999996], [1.0, 0.0, 2.220446049250313e-16, -0.2], [0.0, 0.0, 0.0, 1.0]]","[[-7.849104119994621e-07, 1.1550946155038391e-06, -0.9999999999990248, 0.3999999470331876], [8.737245620859831e-08, 0.999999999999329, 1.1550945469246399e-06, -0.1137500740871876], [0.999999999999688, -8.737154956277655e-08, -7.849105128077127e-07, -0.1999998284598049], [0.0, 0.0, 0.0, 1.0]]"
3.8249999999999997,-13.039998234128767,2.6838045867065046,-20.142528390691083,-97.05287633200085,30.6335555218581,21.98416595697996,11.548137216557182,-13.039998234128767,-2.6838045867065046,20.142528390691083,-97.05287633200085,-30.6335555218581,21.98416595697996,-11.548137216557182,"[[2.220446049250313e-16, -0.0, -1.0, 0.4], [0.0, 1.0, -0.0, 0.11312499999999998], [1.0, 0.0, 2.220446049250313e-16, -0.2], [0.0, 0.0, 0.0, 1.0]]","[[-2.4042955260039633e-07, 1.6094848008335185e-06, -0.9999999999986761, 0.3999999221656741], [6.764387595974509e-07, 0.9999999999984762, 1.6094846381973286e-06, 0.11312481327566788], [0.9999999999997425, -6.764383726288837e-07, -2.404306412850943e-07, -0.1999997464244819], [0.0, 0.0, 0.0, 1.0]]","[[2.220446049250313e-16, -0.0, -1.0, 0.4], [0.0, 1.0, -0.0, -0.11312499999999998], [1.0, 0.0, 2.220446049250313e-16, -0.2], [0.0, 0.0, 0.0, 1.0]]","[[-7.793998804128677e-07, 1.1701788484360938e-06, -0.9999999999990118, 0.39999994941252803], [7.508673948279702e-08, 0.9999999999993128, 1.1701787899138502e-06, -0.11312508068099729], [0.9999999999996937, -7.508582744551389e-08, -7.793999683425312e-07, -0.1999998221881085], [0.0, 0.0, 0.0, 1.0]]"
3.8333333333333335,-13.097997639239576,2.6306627267560434,-20.222463802095035,-97.01274897062702,30.72686273610964,21.992230702842456,11.493918321151973,-13.097997639239576,-2.6306627267560434,20.222463802095035,-97.01274897062702,-30.72686273610964,21.992230702842456,-11.493918321151973,"[[2.220446049250313e-16, -0.0, -1.0, 0.4], [0.0, 1.0, -0.0, 0.11249999999999999], [1.0, 0.0, 2.220446049250313e-16, -0.2], [0.0, 0.0, 0.0, 1.0]]","[[-2.2052901799129998e-07, 1.5804594049172817e-06, -0.9999999999987267, 0.39999992423379416], [6.691997094511357e-07, 0.9999999999985272, 1.5804592573390114e-06, 0.11249981524952586], [0.9999999999997516, -6.691993609131556e-07, -2.2053007558975324e-07, -0.19999975693610444], [0.0, 0.0, 0.0, 1.0]]","[[2.220446049250313e-16, -0.0, -1.0, 0.4], [0.0, 1.0, -0.0, -0.11249999999999999], [1.0, 0.0, 2.220446049250313e-16, -0.2], [0.0, 0.0, 0.0, 1.0]]","[[-7.586382857471818e-07, 1.2006108811117298e-06, -0.9999999999989917, 0.399999951746259], [8.18025820905284e-08, 0.9999999999992761, 1.2006108190535007e-06, -0.11250008300877624], [0.9999999999997091, -8.180167126111202e-08, -7.586383841129418e-07, -0.19999983312880054], [0.0, 0.0, 0.0, 1.0]]"
3.841666666666667,-13.156056808505625,2.577408809014512,-20.302259194621,-96.97234157149722,30.820064082429052,22.000129816617573,11.439836883303812,-13.156056808505625,-2.577408809014512,20.302259194621,-96.97234157149722,-30.820064082429052,22.000129816617573,-11.439836883303812,"[[2.220446049250313e-16, -0.0, -1.0, 0.4], [0.0, 1.0, -0.0, 0.11187499999999995], [1.0, 0.0, 2.220446049250313e-16, -0.2], [0.0, 0.0, 0.0, 1.0]]","[[-2.4354322764041925e-07, 1.6220747953981824e-06, -0.9999999999986546, 0.3999999189339228], [6.8387251291132e-07, 0.9999999999984506, 1.622074628845332e-06, 0.111874810285837], [0.9999999999997364, -6.838721178651095e-07, -2.4354433697526545e-07, -0.19999974637120718], [0.0, 0.0, 0.0, 1.0]]","[[2.220446049250313e-16, -0.0, -1.0, 0.4], [0.0, 1.0, -0.0, -0.11187499999999995], [1.0, 0.0, 2.220446049250313e-16, -0.2], [0.0, 0.0, 0.0, 1.0]]","[[-7.807944249482723e-07, 1.1604027866942516e-06, -0.999999999999022, 0.39999994671286243], [6.660844316871483e-08, 0.9999999999993248, 1.1604027346871018e-06, -0.11187507839928333], [0.999999999999693, -6.660753713266383e-08, -7.807945022197949e-07, -0.19999982299147906], [0.0, 0.0, 0.0, 1.0]]"
3.85,-13.214176595700556,2.52404283348191,-20.381914568268982,-96.93164730442228,30.91316297591091,22.00786329830532,11.385892903012698,-13.214176595700556,-2.52404283348191,20.381914568268982,-96.93164730442228,-30.91316297591091,22.00786329830532,-11.385892903012698,"[[2.220446049250313e-16, -0.0, -1.0, 0.4], [0.0, 1.0, -0.0, 0.11124999999999996], [1.0, 0.0, 2.220446049250313e-16, -0.2], [0.0, 0.0, 0.0, 1.0]]","[[-2.5140681608748494e-07, 1.6413077437746935e-06, -0.9999999999986214, 0.39999992111279536], [6.743675409094728e-07, 0.9999999999984257, 1.6413075742337756e-06, 0.11124980930788501], [0.999999999999741, -6.743671282726319e-07, -2.514079227577959e-07, -0.19999974573226553], [0.0, 0.0, 0.0, 1.0]]","[[2.220446049250313e-16, -0.0, -1.0, 0.4], [0.0, 1.0, -0.0, -0.11124999999999996], [1.0, 0.0, 2.220446049250313e-16, -0.2], [0.0, 0.0, 0.0, 1.0]]","[[-7.878029665842057e-07, 1.1425778623287583e-06, -0.9999999999990369, 0.3999999491590598], [7.559394842069038e-08, 0.9999999999993443, 1.1425778027759728e-06, -0.11125007777585255], [0.9999999999996868, -7.559304829443495e-08, -7.87803052959557e-07, -0.1999998227785865], [0.0, 0.0, 0.0, 1.0]]"
3.8583333333333334,-13.272355293277078,2.4705645867148256,-20.461429923038978,-96.89067299959139,31.006159416555217,22.015432855452985,11.332087234052276,-13.272355293277078,-2.4705645867148256,20.461429923038978,-96.89067299959139,-31.006159416555217,22.015432855452985,-11.332087234052276,"[[2.220446049250313e-16, -0.0, -1.0, 0.4], [0.0, 1.0, -0.0, 0.11062499999999997], [1.0, 0.0, 2.220446049250313e-16, -0.2], [0.0, 0.0, 0.0, 1.0]]","[[-2.940020433217505e-07, 1.668132750871729e-06, -0.9999999999985654, 0.39999991286387265], [6.96540601918783e-07, 0.999999999998366, 1.668132546087036e-06, 0.11062480269122268], [0.9999999999997142, -6.965401114834065e-07, -2.940032052811681e-07, -0.1999997279199974], [0.0, 0.0, 0.0, 1.0]]","[[2.220446049250313e-16, -0.0, -1.0, 0.4], [0.0, 1.0, -0.0, -0.11062499999999997], [1.0, 0.0, 2.220446049250313e-16, -0.2], [0.0, 0.0, 0.0, 1.0]]","[[-8.295461755847278e-07, 1.1171615198382549e-06, -0.9999999999990321, 0.39999994117830584], [5.2903266634675374e-08, 0.9999999999993749, 1.1171614759529351e-06, -0.1106250715139871], [0.9999999999996547, -5.290233989759432e-08, -8.295462346485927e-07, -0.19999980539087212], [0.0, 0.0, 0.0, 1.0]]"
3.8666666666666667,-13.330593755008838,2.416974282156671,-20.540803551383696,-96.84941182681533,31.099053404361978,22.022838488060575,11.27842158396984,-13.330593755008838,-2.416974282156671,20.540803551383696,-96.84941182681533,-31.099053404361978,22.022838488060575,-11.27842158396984,"[[2.220446049250313e-16, -0.0, -1.0, 0.4], [0.0, 1.0, -0.0, 0.10999999999999999], [1.0, 0.0, 2.220446049250313e-16, -0.2], [0.0, 0.0, 0.0, 1.0]]","[[-3.1055854810002614e-07, 1.6353351653745853e-06, -0.9999999999986148, 0.3999999132097909], [7.163607302034831e-07, 0.9999999999984063, 1.6353349429022963e-06, 0.10999980634076596], [0.9999999999996952, -7.163602223352452e-07, -3.1055971960736173e-07, -0.19999972131317084], [0.0, 0.0, 0.0, 1.0]]","[[2.220446049250313e-16, -0.0, -1.0, 0.4], [0.0, 1.0, -0.0, -0.10999999999999999], [1.0, 0.0, 2.220446049250313e-16, -0.2], [0.0, 0.0, 0.0, 1.0]]","[[-8.452537521574932e-07, 1.1513684695549916e-06, -0.9999999999989799, 0.3999999417932274], [3.256735270718755e-08, 0.9999999999993368, 1.1513684420277253e-06, -0.11000007551865076], [0.9999999999996423, -3.256637950865856e-08, -8.452537896830314e-07, -0.1999997992070642], [0.0, 0.0, 0.0, 1.0]]"
3.875,-13.388890273348542,2.363271706364034,-20.62003545330314,-96.80786378609415,31.191838109142015,22.03008019612808,11.224896806539036,-13.388890273348542,-2.363271706364034,20.62003545330314,-96.80786378609415,-31.191838109142015,22.03008019612808,-11.224896806539036,"[[2.220446049250313e-16, -0.0, -1.0, 0.4], [0.0, 1.0, -0.0, 0.109375], [1.0, 0.0, 2.220446049250313e-16, -0.2], [0.0, 0.0, 0.0, 1.0]]","[[-2.628906766166672e-07, 1.6445459634026609e-06, -0.9999999999986131, 0.39999991675990976], [6.882416860779882e-07, 0.9999999999984108, 1.6445457824700058e-06, 0.10937480955658027], [0.9999999999997284, -6.882412537412801e-07, -2.628918083780185e-07, -0.1999997379752398], [0.0, 0.0, 0.0, 1.0]]","[[2.220446049250313e-16, -0.0, -1.0, 0.4], [0.0, 1.0, -0.0, -0.109375], [1.0, 0.0, 2.220446049250313e-16, -0.2], [0.0, 0.0, 0.0, 1.0]]","[[-7.967399847652601e-07, 1.1435677357524985e-06, -0.9999999999990288, 0.3999999456132103], [6.017241729543543e-08, 0.9999999999993444, 1.1435676878110886e-06, -0.10937507908991077], [0.9999999999996809, -6.017150616927493e-08, -7.96740053377043e-07, -0.19999981629062002], [0.0, 0.0, 0.0, 1.0]]"
3.8833333333333333,-13.44724570206984,2.309457286223738,-20.6991256287973,-96.766035707617,31.284520361084503,22.037157979655504,11.171513755533509,-13.44724570206984,-2.309457286223738,20.6991256287973,-96.766035707617,-31.284520361084503,22.037157979655504,-11.171513755533509,"[[2.220446049250313e-16, -0.0, -1.0, 0.4], [0.0, 1.0, -0.0, 0.10874999999999996], [1.0, 0.0, 2.220446049250313e-16, -0.2], [0.0, 0.0, 0.0, 1.0]]","[[-2.965551287315016e-07, 1.6322272866002333e-06, -0.9999999999986239, 0.399999913781188], [7.103532989167767e-07, 0.9999999999984155, 1.6322270759409791e-06, 0.1087498100701387], [0.9999999999997037, -7.103528148704885e-07, -2.965562882484285e-07, -0.19999972800608293], [0.0, 0.0, 0.0, 1.0]]","[[2.220446049250313e-16, -0.0, -1.0, 0.4], [0.0, 1.0, -0.0, -0.10874999999999996], [1.0, 0.0, 2.220446049250313e-16, -0.2], [0.0, 0.0, 0.0, 1.0]]","[[-8.295616526488025e-07, 1.1572970992155649e-06, -0.9999999999989863, 0.3999999429051822], [3.75486793205712e-08, 0.9999999999993296, 1.157297068067018e-06, -0.10875007995918676], [0.9999999999996553, -3.754771927126479e-08, -8.295616959475005e-07, -0.19999980674144577], [0.0, 0.0, 0.0, 1.0]]"
3.8916666666666666,-13.50565918739908,2.2555303814055487,-20.778074077866183,-96.72392076119469,31.37709333000027,22.044073546190145,11.118273284726905,-13.50565918739908,-2.2555303814055487,20.778074077866183,-96.72392076119469,-31.37709333000027,22.044073546190145,-11.118273284726905,"[[2.220446049250313e-16, -0.0, -1.0, 0.4], [0.0, 1.0, -0.0, 0.10812499999999997], [1.0, 0.0, 2.220446049250313e-16, -0.2], [0.0, 0.0, 0.0, 1.0]]","[[-2.612094495146877e-07, 1.6571926257986032e-06, -0.9999999999985929, 0.3999999133595233], [6.896903228713005e-07, 0.9999999999983892, 1.6571924456446361e-06, 0.10812480396828487], [0.9999999999997282, -6.896898899960036e-07, -2.6121059237826927e-07, -0.19999974042282484], [0.0, 0.0, 0.0, 1.0]]","[[2.220446049250313e-16, -0.0, -1.0, 0.4], [0.0, 1.0, -0.0, -0.10812499999999997], [1.0, 0.0, 2.220446049250313e-16, -0.2], [0.0, 0.0, 0.0, 1.0]]","[[-7.933762535827782e-07, 1.1337431421118666e-06, -0.9999999999990425, 0.39999994275506967], [5.7701291842406154e-08, 0.9999999999993556, 1.133743096333387e-06, -0.10812507421337679], [0.9999999999996836, -5.770039235750067e-08, -7.93376318863892e-07, -0.19999981957664026], [0.0, 0.0, 0.0, 1.0]]"
3.9,-13.564130729336267,2.201491418796289,-20.856877385415206,-96.68152577701642,31.469560430983904,22.050826895731994,11.065176247892872,-13.564130729336267,-2.201491418796289,20.856877385415206,-96.68152577701642,-31.469560430983904,22.050826895731994,-11.065176247892872,"[[2.220446049250313e-16, -0.0, -1.0, 0.4], [0.0, 1.0, -0.0, 0.10749999999999998], [1.0, 0.0, 2.220446049250313e-16, -0.2], [0.0, 0.0, 0.0, 1.0]]","[[-2.9177537369529105e-07, 1.650872019917647e-06, -0.9999999999985948, 0.3999999112495793], [7.167492679830571e-07, 0.9999999999983806, 1.6508718107875079e-06, 0.10749980447693366], [0.9999999999997006, -7.167487862983103e-07, -2.917765569709907e-07, -0.19999972496087345], [0.0, 0.0, 0.0, 1.0]]","[[2.220446049250313e-16, -0.0, -1.0, 0.4], [0.0, 1.0, -0.0, -0.10749999999999998], [1.0, 0.0, 2.220446049250313e-16, -0.2], [0.0, 0.0, 0.0, 1.0]]","[[-8.231055972918178e-07, 1.141475737221126e-06, -0.9999999999990097, 0.399999940917497], [3.013379677675634e-08, 0.9999999999993481, 1.1414757124182153e-06, -0.10750007507833714], [0.9999999999996607, -3.013285722167859e-08, -8.231056314866869e-07, -0.19999980453161836], [0.0, 0.0, 0.0, 1.0]]"
3.908333333333333,-13.622659474107753,2.1473403983959582,-20.93553725899166,-96.63884392489301,31.561918248940817,22.057418028281056,11.012223498805056,-13.622659474107753,-2.1473403983959582,20.93553725899166,-96.63884392489301,-31.561918248940817,22.057418028281056,-11.012223498805056,"[[2.220446049250313e-16, -0.0, -1.0, 0.4], [0.0, 1.0, -0.0, 0.106875], [1.0, 0.0, 2.220446049250313e-16, -0.2], [0.0, 0.0, 0.0, 1.0]]","[[-2.7331161700505646e-07, 1.648938096592356e-06, -0.9999999999986032, 0.39999991329632095], [7.018580639919418e-07, 0.9999999999983943, 1.648937904766049e-06, 0.10687480618746868], [0.9999999999997163, -7.018576133170763e-07, -2.7331277430153733e-07, -0.19999973027759216], [0.0, 0.0, 0.0, 1.0]]","[[2.220446049250313e-16, -0.0, -1.0, 0.4], [0.0, 1.0, -0.0, -0.106875], [1.0, 0.0, 2.220446049250313e-16, -0.2], [0.0, 0.0, 0.0, 1.0]]","[[-8.038083665340423e-07, 1.1448223265436346e-06, -0.9999999999990216, 0.39999994323745297], [4.451822349573989e-08, 0.9999999999993436, 1.1448222907598828e-06, -0.10687507714550731], [0.9999999999996759, -4.4517303277960785e-08, -8.038084176043014e-07, -0.19999981026372507], [0.0, 0.0, 0.0, 1.0]]"
3.9166666666666665,-13.681245421713538,2.093077106761146,-21.01405369859554,-96.59587520482447,31.65416678387101,22.06384694383733,10.95941674501075,-13.681245421713538,-2.093077106761146,21.01405369859554,-96.59587520482447,-31.65416678387101,22.06384694383733,-10.95941674501075,"[[2.220446049250313e-16, -0.0, -1.0, 0.4], [0.0, 1.0, -0.0, 0.10625000000000001], [1.0, 0.0, 2.220446049250313e-16, -0.2], [0.0, 0.0, 0.0, 1.0]]","[[-2.1766706026493665e-07, 1.6524160645212375e-06, -0.9999999999986112, 0.399999919020416], [6.64405834511546e-07, 0.9999999999984143, 1.652415919901647e-06, 0.10624980519173481], [0.9999999999997556, -6.644054748341076e-07, -2.176681580534634e-07, -0.19999975448632257], [0.0, 0.0, 0.0, 1.0]]","[[2.220446049250313e-16, -0.0, -1.0, 0.4], [0.0, 1.0, -0.0, -0.10625000000000001], [1.0, 0.0, 2.220446049250313e-16, -0.2], [0.0, 0.0, 0.0, 1.0]]","[[-7.473334808216769e-07, 1.1427576902595863e-06, -0.9999999999990681, 0.39999994923560417], [8.146544763833081e-08, 0.9999999999993441, 1.142757629378045e-06, -0.10625007650673134], [0.9999999999997178, -8.146459361721795e-08, -7.473335738583664e-07, -0.19999983488630546], [0.0, 0.0, 0.0, 1.0]]"
3.925,-13.739887718379974,2.038701543891851,-21.092423289132267,-96.55262644699994,31.746309450869067,22.07011534994811,10.90675598650995,-13.739887718379974,-2.038701543891851,21.092423289132267,-96.55262644699994,-31.746309450869067,22.07011534994811,-10.90675598650995,"[[2.220446049250313e-16, -0.0, -1.0, 0.4], [0.0, 1.0, -0.0, 0.10562499999999997], [1.0, 0.0, 2.220446049250313e-16, -0.2], [0.0, 0.0, 0.0, 1.0]]","[[-2.139425194225275e-07, 1.584724139036265e-06, -0.9999999999987216, 0.3999999212401783], [6.854311639934097e-07, 0.9999999999985094, 1.5847239923930587e-06, 0.10562481534166644], [0.9999999999997423, -6.854308249526898e-07, -2.139436054426902e-07, -0.19999975627170807], [0.0, 0.0, 0.0, 1.0]]","[[2.220446049250313e-16, -0.0, -1.0, 0.4], [0.0, 1.0, -0.0, -0.10562499999999997], [1.0, 0.0, 2.220446049250313e-16, -0.2], [0.0, 0.0, 0.0, 1.0]]","[[-7.42781807672177e-07, 1.211863521399804e-06, -0.99999999999899, 0.39999995173022335], [5.993689413274812e-08, 0.9999999999992641, 1.2118634768801014e-06, -0.10562508701388724], [0.9999999999997226, -5.993599398254357e-08, -7.427818802807629e-07, -0.19999983708400934], [0.0, 0.0, 0.0, 1.0]]"
3.933333333333333,-13.798586364107063,1.9842139232314862,-21.17064773814913,-96.50909765141945,31.838336004651232,22.0762215390661,10.854242077076307,-13.798586364107063,-1.9842139232314862,21.17064773814913,-96.50909765141945,-31.838336004651232,22.0762215390661,-10.854242077076307,"[[2.220446049250313e-16, -0.0, -1.0, 0.4], [0.0, 1.0, -0.0, 0.10499999999999998], [1.0, 0.0, 2.220446049250313e-16, -0.2], [0.0, 0.0, 0.0, 1.0]]","[[-2.6604199304669507e-07, 1.6411190182966445e-06, -0.999999999998618, 0.39999991594119133], [6.874395928275593e-07, 0.999999999998417, 1.6411188354085152e-06, 0.10499980870087246], [0.9999999999997284, -6.874391562200833e-07, -2.660431212553327e-07, -0.1999997376368374], [0.0, 0.0, 0.0, 1.0]]","[[2.220446049250313e-16, -0.0, -1.0, 0.4], [0.0, 1.0, -0.0, -0.10499999999999998], [1.0, 0.0, 2.220446049250313e-16, -0.2], [0.0, 0.0, 0.0, 1.0]]","[[-7.940572461784257e-07, 1.156883161161051e-06, -0.9999999999990156, 0.3999999467069505], [5.742701203692028e-08, 0.9999999999993292, 1.1568831155610786e-06, -0.10500008073058692], [0.999999999999683, -5.742609340544298e-08, -7.940573125697625e-07, -0.19999981885993964], [0.0, 0.0, 0.0, 1.0]]"
3.9416666666666664,-13.857341358894805,1.9296140313366388,-21.24872704564613,-96.46528198789382,31.930253275406677,22.08216892628589,10.801876724257111,-13.857341358894805,-1.9296140313366388,21.24872704564613,-96.46528198789382,-31.930253275406677,22.08216892628589,-10.801876724257111,"[[2.220446049250313e-16, -0.0, -1.0, 0.4], [0.0, 1.0, -0.0, 0.10437499999999994], [1.0, 0.0, 2.220446049250313e-16, -0.2], [0.0, 0.0, 0.0, 1.0]]","[[-2.5299554179403216e-07, 1.6605984978655597e-06, -0.9999999999985894, 0.39999991515428296], [6.768911848214824e-07, 0.9999999999983922, 1.6605983266147802e-06, 0.10437480346690041], [0.9999999999997391, -6.768907646965542e-07, -2.529966657838223e-07, -0.19999974035299126], [0.0, 0.0, 0.0, 1.0]]","[[2.220446049250313e-16, -0.0, -1.0, 0.4], [0.0, 1.0, -0.0, -0.10437499999999994], [1.0, 0.0, 2.220446049250313e-16, -0.2], [0.0, 0.0, 0.0, 1.0]]","[[-7.80189963578426e-07, 1.138818844354403e-06, -0.9999999999990474, 0.3999999461965814], [6.747566154622805e-08, 0.9999999999993496, 1.1388187917109131e-06, -0.10437507585443215], [0.9999999999996936, -6.747477305117218e-08, -7.801900404058593e-07, -0.19999982198534696], [0.0, 0.0, 0.0, 1.0]]"
3.9499999999999997,-13.916151848969555,1.8749020816507211,-21.326657796528682,-96.42118628661221,32.022061263135406,22.087955804060183,10.74966078182601,-13.916151848969555,-1.8749020816507211,21.326657796528682,-96.42118628661221,-32.022061263135406,22.087955804060183,-10.74966078182601,"[[2.220446049250313e-16, -0.0, -1.0, 0.4], [0.0, 1.0, -0.0, 0.10374999999999995], [1.0, 0.0, 2.220446049250313e-16, -0.2], [0.0, 0.0, 0.0, 1.0]]","[[-3.1228276209382955e-07, 1.631146543793575e-06, -0.9999999999986209, 0.3999999119887452], [7.246717349245468e-07, 0.999999999998407, 1.631146317490735e-06, 0.10374980808056526], [0.9999999999996887, -7.246712255446699e-07, -3.1228394425930617e-07, -0.1999997183683215], [0.0, 0.0, 0.0, 1.0]]","[[2.220446049250313e-16, -0.0, -1.0, 0.4], [0.0, 1.0, -0.0, -0.10374999999999995], [1.0, 0.0, 2.220446049250313e-16, -0.2], [0.0, 0.0, 0.0, 1.0]]","[[-8.386595988785217e-07, 1.1696865166994097e-06, -0.9999999999989645, 0.3999999433083825], [1.9197129925919694e-08, 0.9999999999993161, 1.1696865005999635e-06, -0.10375008082617804], [0.9999999999996484, -1.9196148957088536e-08, -8.386596213050268e-07, -0.19999980040839255], [0.0, 0.0, 0.0, 1.0]]"
3.9583333333333335,-13.975016980557664,1.8200778607303212,-21.404443405891374,-96.37680371738547,32.11375313764824,22.093583879936272,10.69759510355665,-13.975016980557664,-1.8200778607303212,21.404443405891374,-96.37680371738547,-32.11375313764824,22.093583879936272,-10.69759510355665,"[[2.220446049250313e-16, -0.0, -1.0, 0.4], [0.0, 1.0, -0.0, 0.10312499999999997], [1.0, 0.0, 2.220446049250313e-16, -0.2], [0.0, 0.0, 0.0, 1.0]]","[[-2.82393334494202e-07, 1.6660321118433675e-06, -0.9999999999985724, 0.3999999078770693], [7.13119051983935e-07, 0.999999999998358, 1.6660319104629435e-06, 0.10312480172117339], [0.9999999999997059, -7.131185815066104e-07, -2.8239452265488296e-07, -0.1999997278927995], [0.0, 0.0, 0.0, 1.0]]","[[2.220446049250313e-16, -0.0, -1.0, 0.4], [0.0, 1.0, -0.0, -0.10312499999999997], [1.0, 0.0, 2.220446049250313e-16, -0.2], [0.0, 0.0, 0.0, 1.0]]","[[-8.079557491380562e-07, 1.1362173092524463e-06, -0.9999999999990281, 0.39999993947489565], [3.0253499029480065e-08, 0.9999999999993541, 1.1362172848093282e-06, -0.10312507482519258], [0.9999999999996732, -3.025258101616307e-08, -8.0795578355497e-07, -0.19999981033904168], [0.0, 0.0, 0.0, 1.0]]"
3.966666666666667,-14.033938461206425,1.7651416887405567,-21.482080458639615,-96.3321342802136,32.20533231403977,22.09905315391416,10.645679689449029,-14.033938461206425,-1.7651416887405567,21.482080458639615,-96.3321342802136,-32.20533231403977,22.09905315391416,-10.645679689449029,"[[2.220446049250313e-16, -0.0, -1.0, 0.4], [0.0, 1.0, -0.0, 0.10249999999999998], [1.0, 0.0, 2.220446049250313e-16, -0.2], [0.0, 0.0, 0.0, 1.0]]","[[-2.2997113058309537e-07, 1.6623439829513174e-06, -0.9999999999985921, 0.3999999160060578], [6.680091238060094e-07, 0.9999999999983955, 1.662343829328177e-06, 0.10249980320928614], [0.9999999999997508, -6.68008741513979e-07, -2.299722410281646e-07, -0.19999974692465564], [0.0, 0.0, 0.0, 1.0]]","[[2.220446049250313e-16, -0.0, -1.0, 0.4], [0.0, 1.0, -0.0, -0.10249999999999998], [1.0, 0.0, 2.220446049250313e-16, -0.2], [0.0, 0.0, 0.0, 1.0]]","[[-7.547223501713773e-07, 1.141322444859108e-06, -0.999999999999064, 0.3999999478828886], [7.486881033738525e-08, 0.9999999999993461, 1.141322388354265e-06, -0.10250007667202972], [0.9999999999997126, -7.486794895580003e-08, -7.547224354365056e-07, -0.1999998297755002], [0.0, 0.0, 0.0, 1.0]]"
3.975,-14.0929137295949,1.7100931387946041,-21.55956724722612,-96.28718480528573,32.29679879231,22.104363625993845,10.593917100824088,-14.0929137295949,-1.7100931387946041,21.55956724722612,-96.28718480528573,-32.29679879231,22.104363625993845,-10.593917100824088,"[[2.220446049250313e-16, -0.0, -1.0, 0.4], [0.0, 1.0, -0.0, 0.101875], [1.0, 0.0, 2.220446049250313e-16, -0.2], [0.0, 0.0, 0.0, 1.0]]","[[-2.248473513488669e-07, 1.6249289868936822e-06, -0.9999999999986545, 0.3999999197620814], [6.879184453386909e-07, 0.999999999998443, 1.6249288322166984e-06, 0.10187481320304272], [0.9999999999997381, -6.879180799768211e-07, -2.248484691214081e-07, -0.19999974787373276], [0.0, 0.0, 0.0, 1.0]]","[[2.220446049250313e-16, -0.0, -1.0, 0.4], [0.0, 1.0, -0.0, -0.101875], [1.0, 0.0, 2.220446049250313e-16, -0.2], [0.0, 0.0, 0.0, 1.0]]","[[-7.487906690251123e-07, 1.180154973113724e-06, -0.9999999999990233, 0.3999999519187132], [5.446660138795765e-08, 0.9999999999993023, 1.1801549323299703e-06, -0.10187508702477413], [0.9999999999997183, -5.44657176989032e-08, -7.487907331960031e-07, -0.19999983112763717], [0.0, 0.0, 0.0, 1.0]]"
3.9833333333333334,-14.151943639496734,1.654932637779287,-21.636907186745464,-96.24195529260192,32.38814915736433,22.109515296175328,10.54230648390818,-14.151943639496734,-1.654932637779287,21.636907186745464,-96.24195529260192,-32.38814915736433,22.109515296175328,-10.54230648390818,"[[2.220446049250313e-16, -0.0, -1.0, 0.4], [0.0, 1.0, -0.0, 0.10124999999999995], [1.0, 0.0, 2.220446049250313e-16, -0.2], [0.0, 0.0, 0.0, 1.0]]","[[-2.7112140454921274e-07, 1.6656789492014869e-06, -0.999999999998576, 0.39999991362623033], [7.010535122419054e-07, 0.999999999998367, 1.6656787591305258e-06, 0.10124980491188154], [0.9999999999997176, -7.010530606397424e-07, -2.7112257228179004e-07, -0.19999973126079457], [0.0, 0.0, 0.0, 1.0]]","[[2.220446049250313e-16, -0.0, -1.0, 0.4], [0.0, 1.0, -0.0, -0.10124999999999995], [1.0, 0.0, 2.220446049250313e-16, -0.2], [0.0, 0.0, 0.0, 1.0]]","[[-7.942600206978234e-07, 1.1408231175836782e-06, -0.9999999999990339, 0.399999946063498], [4.0840344127267035e-08, 0.9999999999993485, 1.1408230851461845e-06, -0.10125007909287098], [0.9999999999996838, -4.0839438017060316e-08, -7.942600673271905e-07, -0.1999998149162337], [0.0, 0.0, 0.0, 1.0]]"
3.9916666666666667,-14.211027337138283,1.5996599722511935,-21.714096862103073,-96.19643891197295,32.479386824297364,22.1145098720059,10.490849546248596,-14.211027337138283,-1.5996599722511935,21.714096862103073,-96.19643891197295,-32.479386824297364,22.1145098720059,-10.490849546248596,"[[2.220446049250313e-16, -0.0, -1.0, 0.4], [0.0, 1.0, -0.0, 0.10062499999999996], [1.0, 0.0, 2.220446049250313e-16, -0.2], [0.0, 0.0, 0.0, 1.0]]","[[-2.662699130628887e-07, 1.6246750730811258e-06, -0.9999999999986449, 0.3999999153645521], [7.058614563933053e-07, 0.9999999999984313, 1.62467488513111e-06, 0.10062481112634958], [0.9999999999997156, -7.058610237903083e-07, -2.6627105970122855e-07, -0.19999973569836588], [0.0, 0.0, 0.0, 1.0]]","[[2.220446049250313e-16, -0.0, -1.0, 0.4], [0.0, 1.0, -0.0, -0.10062499999999996], [1.0, 0.0, 2.220446049250313e-16, -0.2], [0.0, 0.0, 0.0, 1.0]]","[[-7.886071322071864e-07, 1.1832456944058765e-06, -0.999999999998989, 0.39999994808324996], [3.55428766010421e-08, 0.9999999999992994, 1.1832456663768778e-06, -0.1006250856669144], [0.9999999999996885, -3.554194348503459e-08, -7.886071741736167e-07, -0.1999998197537648], [0.0, 0.0, 0.0, 1.0]]"
