time,l_q0,l_q1,l_q2,l_q3,l_q4,l_q5,l_q6,r_q0,r_q1,r_q2,r_q3,r_q4,r_q5,r_q6,l_pose,r_pose
0.0,-0.8640444131494811,0.14952946406531198,0.11671408572196351,-1.2739449255878386,-0.02490180504354836,0.6211522050879585,0.27913201701813184,-0.8641378614467315,-0.1496753753760821,-0.11484255852721104,-1.2743518513107772,0.023748080096468626,0.6216463922752736,-0.28001426707484395,,
0.004021644592285156,-0.8640444131494811,0.14952946406531198,0.11671408572196351,-1.2739449255878386,-0.02490180504354836,0.6211522050879585,0.27913201701813184,-0.8641378614467315,-0.1496753753760821,-0.11484255852721104,-1.2743518513107772,0.023748080096468626,0.6216463922752736,-0.28001426707484395,,
0.007964372634887695,-0.8640444131494811,0.14952946406531198,0.11671408572196351,-1.2739449255878386,-0.02490180504354836,0.6211522050879585,0.27913201701813184,-0.8641378614467315,-0.1496753753760821,-0.11484255852721104,-1.2743518513107772,0.023748080096468626,0.6216463922752736,-0.28001426707484395,,
0.012014389038085938,-0.8640444131494811,0.14952946406531198,0.11671408572196351,-1.2739449255878386,-0.02490180504354836,0.6211522050879585,0.27913201701813184,-0.8641378614467315,-0.1496753753760821,-0.11484255852721104,-1.2743518513107772,0.023748080096468626,0.6216463922752736,-0.28001426707484395,,
0.016022682189941406,-0.8640444131494811,0.14952946406531198,0.11671408572196351,-1.2739449255878386,-0.02490180504354836,0.6211522050879585,0.27913201701813184,-0.8641378614467315,-0.1496753753760821,-0.11484255852721104,-1.2743518513107772,0.023748080096468626,0.6216463922752736,-0.28001426707484395,,
0.019897937774658203,-0.8640444131494811,0.14952946406531198,0.11671408572196351,-1.2739449255878386,-0.02490180504354836,0.6211522050879585,0.27913201701813184,-0.8641378614467315,-0.1496753753760821,-0.11484255852721104,-1.2743518513107772,0.023748080096468626,0.6216463922752736,-0.28001426707484395,,
0.023947954177856445,-0.8640444131494811,0.14952946406531198,0.11671408572196351,-1.2739449255878386,-0.02490180504354836,0.6211522050879585,0.27913201701813184,-0.8641378614467315,-0.1496753753760821,-0.11484255852721104,-1.2743518513107772,0.023748080096468626,0.6216463922752736,-0.28001426707484395,,
0.028040409088134766,-0.8640444131494811,0.14952946406531198,0.11671408572196351,-1.2739449255878386,-0.02490180504354836,0.6211522050879585,0.27913201701813184,-0.8641378614467315,-0.1496753753760821,-0.11484255852721104,-1.2743518513107772,0.023748080096468626,0.6216463922752736,-0.28001426707484395,,
0.031957387924194336,-0.8640444131494811,0.14952946406531198,0.11671408572196351,-1.2739449255878386,-0.02490180504354836,0.6211522050879585,0.27913201701813184,-0.8641378614467315,-0.1496753753760821,-0.11484255852721104,-1.2743518513107772,0.023748080096468626,0.6216463922752736,-0.28001426707484395,,
0.03589320182800293,-0.8640444131494811,0.14952946406531198,0.11671408572196351,-1.2739449255878386,-0.02490180504354836,0.6211522050879585,0.27913201701813184,-0.8641378614467315,-0.1496753753760821,-0.11484255852721104,-1.2743518513107772,0.023748080096468626,0.6216463922752736,-0.28001426707484395,,
0.040064334869384766,-0.8640444131494811,0.14952946406531198,0.11671408572196351,-1.2739449255878386,-0.02490180504354836,0.6211522050879585,0.27913201701813184,-0.8641378614467315,-0.1496753753760821,-0.11484255852721104,-1.2743518513107772,0.023748080096468626,0.6216463922752736,-0.28001426707484395,,
0.04423642158508301,-0.8640444131494811,0.14952946406531198,0.11671408572196351,-1.2739449255878386,-0.02490180504354836,0.6211522050879585,0.27913201701813184,-0.8641378614467315,-0.1496753753760821,-0.11484255852721104,-1.2743518513107772,0.023748080096468626,0.6216463922752736,-0.28001426707484395,,
0.04803586006164551,-0.8640444131494811,0.14952946406531198,0.11671408572196351,-1.2739449255878386,-0.02490180504354836,0.6211522050879585,0.27913201701813184,-0.8641378614467315,-0.1496753753760821,-0.11484255852721104,-1.2743518513107772,0.023748080096468626,0.6216463922752736,-0.28001426707484395,,
0.05197763442993164,-0.8640444131494811,0.14952946406531198,0.11671408572196351,-1.2739449255878386,-0.02490180504354836,0.6211522050879585,0.27913201701813184,-0.8641378614467315,-0.1496753753760821,-0.11484255852721104,-1.2743518513107772,0.023748080096468626,0.6216463922752736,-0.28001426707484395,,
0.05603599548339844,-0.8640444131494811,0.14952946406531198,0.11671408572196351,-1.2739449255878386,-0.02490180504354836,0.6211522050879585,0.27913201701813184,-0.8641378614467315,-0.1496753753760821,-0.11484255852721104,-1.2743518513107772,0.023748080096468626,0.6216463922752736,-0.28001426707484395,,
0.059952735900878906,-0.8640444131494811,0.14952946406531198,0.11671408572196351,-1.2739449255878386,-0.02490180504354836,0.6211522050879585,0.27913201701813184,-0.8641378614467315,-0.1496753753760821,-0.11484255852721104,-1.2743518513107772,0.023748080096468626,0.6216463922752736,-0.28001426707484395,,
0.06437301635742188,-0.8640444131494811,0.14952946406531198,0.11671408572196351,-1.2739449255878386,-0.02490180504354836,0.6211522050879585,0.27913201701813184,-0.8641378614467315,-0.1496753753760821,-0.11484255852721104,-1.2743518513107772,0.023748080096468626,0.6216463922752736,-0.28001426707484395,,
0.07203817367553711,-0.8640444131494811,0.14952946406531198,0.11671408572196351,-1.2739449255878386,-0.02490180504354836,0.6211522050879585,0.27913201701813184,-0.8641378614467315,-0.1496753753760821,-0.11484255852721104,-1.2743518513107772,0.023748080096468626,0.6216463922752736,-0.28001426707484395,,
0.07623076438903809,-0.8640444131494811,0.14952946406531198,0.11671408572196351,-1.2739449255878386,-0.02490180504354836,0.6211522050879585,0.27913201701813184,-0.8641378614467315,-0.1496753753760821,-0.11484255852721104,-1.2743518513107772,0.023748080096468626,0.6216463922752736,-0.28001426707484395,,
0.08010125160217285,-0.8640444131494811,0.14952946406531198,0.11671408572196351,-1.2739449255878386,-0.02490180504354836,0.6211522050879585,0.27913201701813184,-0.8641378614467315,-0.1496753753760821,-0.11484255852721104,-1.2743518513107772,0.023748080096468626,0.6216463922752736,-0.28001426707484395,,
0.08405733108520508,-0.8640444131494811,0.14952946406531198,0.11671408572196351,-1.2739449255878386,-0.02490180504354836,0.6211522050879585,0.27913201701813184,-0.8641378614467315,-0.1496753753760821,-0.11484255852721104,-1.2743518513107772,0.023748080096468626,0.6216463922752736,-0.28001426707484395,,
0.08793377876281738,-0.8640444131494811,0.14952946406531198,0.11671408572196351,-1.2739449255878386,-0.02490180504354836,0.6211522050879585,0.27913201701813184,-0.8641378614467315,-0.1496753753760821,-0.11484255852721104,-1.2743518513107772,0.023748080096468626,0.6216463922752736,-0.28001426707484395,,
0.09191608428955078,-0.8640444131494811,0.14952946406531198,0.11671408572196351,-1.2739449255878386,-0.02490180504354836,0.6211522050879585,0.27913201701813184,-0.8641378614467315,-0.1496753753760821,-0.11484255852721104,-1.2743518513107772,0.023748080096468626,0.6216463922752736,-0.28001426707484395,,
0.09593367576599121,-0.8640444131494811,0.14952946406531198,0.11671408572196351,-1.2739449255878386,-0.02490180504354836,0.6211522050879585,0.27913201701813184,-0.8641378614467315,-0.1496753753760821,-0.11484255852721104,-1.2743518513107772,0.023748080096468626,0.6216463922752736,-0.28001426707484395,,
0.09991836547851562,-0.8640444131494811,0.14952946406531198,0.11671408572196351,-1.2739449255878386,-0.02490180504354836,0.6211522050879585,0.27913201701813184,-0.8641378614467315,-0.1496753753760821,-0.11484255852721104,-1.2743518513107772,0.023748080096468626,0.6216463922752736,-0.28001426707484395,,
0.10395646095275879,-0.8640444131494811,0.14952946406531198,0.11671408572196351,-1.2739449255878386,-0.02490180504354836,0.6211522050879585,0.27913201701813184,-0.8641378614467315,-0.1496753753760821,-0.11484255852721104,-1.2743518513107772,0.023748080096468626,0.6216463922752736,-0.28001426707484395,,
0.10799813270568848,-0.8640444131494811,0.14952946406531198,0.11671408572196351,-1.2739449255878386,-0.02490180504354836,0.6211522050879585,0.27913201701813184,-0.8641378614467315,-0.1496753753760821,-0.11484255852721104,-1.2743518513107772,0.023748080096468626,0.6216463922752736,-0.28001426707484395,,
0.11197423934936523,-0.8640444131494811,0.14952946406531198,0.11671408572196351,-1.2739449255878386,-0.02490180504354836,0.6211522050879585,0.27913201701813184,-0.8641378614467315,-0.1496753753760821,-0.11484255852721104,-1.2743518513107772,0.023748080096468626,0.6216463922752736,-0.28001426707484395,,
0.11595296859741211,-0.8640444131494811,0.14952946406531198,0.11671408572196351,-1.2739449255878386,-0.02490180504354836,0.6211522050879585,0.27913201701813184,-0.8641378614467315,-0.1496753753760821,-0.11484255852721104,-1.2743518513107772,0.023748080096468626,0.6216463922752736,-0.28001426707484395,,
0.12008929252624512,-0.8640444131494811,0.14952946406531198,0.11671408572196351,-1.2739449255878386,-0.02490180504354836,0.6211522050879585,0.27913201701813184,-0.8641378614467315,-0.1496753753760821,-0.11484255852721104,-1.2743518513107772,0.023748080096468626,0.6216463922752736,-0.28001426707484395,,
0.12388992309570312,-0.8640444131494811,0.14952946406531198,0.11671408572196351,-1.2739449255878386,-0.02490180504354836,0.6211522050879585,0.27913201701813184,-0.8641378614467315,-0.1496753753760821,-0.11484255852721104,-1.2743518513107772,0.023748080096468626,0.6216463922752736,-0.28001426707484395,,
0.12793397903442383,-0.8640444131494811,0.14952946406531198,0.11671408572196351,-1.2739449255878386,-0.02490180504354836,0.6211522050879585,0.27913201701813184,-0.8641378614467315,-0.1496753753760821,-0.11484255852721104,-1.2743518513107772,0.023748080096468626,0.6216463922752736,-0.28001426707484395,,
0.13206100463867188,-0.8640444131494811,0.14952946406531198,0.11671408572196351,-1.2739449255878386,-0.02490180504354836,0.6211522050879585,0.27913201701813184,-0.8641378614467315,-0.1496753753760821,-0.11484255852721104,-1.2743518513107772,0.023748080096468626,0.6216463922752736,-0.28001426707484395,,
0.1360788345336914,-0.8640444131494811,0.14952946406531198,0.11671408572196351,-1.2739449255878386,-0.02490180504354836,0.6211522050879585,0.27913201701813184,-0.8641378614467315,-0.1496753753760821,-0.11484255852721104,-1.2743518513107772,0.023748080096468626,0.6216463922752736,-0.28001426707484395,,
0.1400907039642334,-0.8640444131494811,0.14952946406531198,0.11671408572196351,-1.2739449255878386,-0.02490180504354836,0.6211522050879585,0.27913201701813184,-0.8641378614467315,-0.1496753753760821,-0.11484255852721104,-1.2743518513107772,0.023748080096468626,0.6216463922752736,-0.28001426707484395,,
0.14413118362426758,-0.8640444131494811,0.14952946406531198,0.11671408572196351,-1.2739449255878386,-0.02490180504354836,0.6211522050879585,0.27913201701813184,-0.8641378614467315,-0.1496753753760821,-0.11484255852721104,-1.2743518513107772,0.023748080096468626,0.6216463922752736,-0.28001426707484395,,
0.14793634414672852,-0.8640444131494811,0.14952946406531198,0.11671408572196351,-1.2739449255878386,-0.02490180504354836,0.6211522050879585,0.27913201701813184,-0.8641378614467315,-0.1496753753760821,-0.11484255852721104,-1.2743518513107772,0.023748080096468626,0.6216463922752736,-0.28001426707484395,,
0.1519174575805664,-0.8640444131494811,0.14952946406531198,0.11671408572196351,-1.2739449255878386,-0.02490180504354836,0.6211522050879585,0.27913201701813184,-0.8641378614467315,-0.1496753753760821,-0.11484255852721104,-1.2743518513107772,0.023748080096468626,0.6216463922752736,-0.28001426707484395,,
0.15624141693115234,-0.8640444131494811,0.14952946406531198,0.11671408572196351,-1.2739449255878386,-0.02490180504354836,0.6211522050879585,0.27913201701813184,-0.8641378614467315,-0.1496753753760821,-0.11484255852721104,-1.2743518513107772,0.023748080096468626,0.6216463922752736,-0.28001426707484395,,
0.15990424156188965,-0.8640444131494811,0.14952946406531198,0.11671408572196351,-1.2739449255878386,-0.02490180504354836,0.6211522050879585,0.27913201701813184,-0.8641378614467315,-0.1496753753760821,-0.11484255852721104,-1.2743518513107772,0.023748080096468626,0.6216463922752736,-0.28001426707484395,,
0.16393303871154785,-0.8640444131494811,0.14952946406531198,0.11671408572196351,-1.2739449255878386,-0.02490180504354836,0.6211522050879585,0.27913201701813184,-0.8641378614467315,-0.1496753753760821,-0.11484255852721104,-1.2743518513107772,0.023748080096468626,0.6216463922752736,-0.28001426707484395,,
0.16796016693115234,-0.8640444131494811,0.14952946406531198,0.11671408572196351,-1.2739449255878386,-0.02490180504354836,0.6211522050879585,0.27913201701813184,-0.8641378614467315,-0.1496753753760821,-0.11484255852721104,-1.2743518513107772,0.023748080096468626,0.6216463922752736,-0.28001426707484395,,
0.17200994491577148,-0.8640444131494811,0.14952946406531198,0.11671408572196351,-1.2739449255878386,-0.02490180504354836,0.6211522050879585,0.27913201701813184,-0.8641378614467315,-0.1496753753760821,-0.11484255852721104,-1.2743518513107772,0.023748080096468626,0.6216463922752736,-0.28001426707484395,,
0.17591643333435059,-0.8640444131494811,0.14952946406531198,0.11671408572196351,-1.2739449255878386,-0.02490180504354836,0.6211522050879585,0.27913201701813184,-0.8641378614467315,-0.1496753753760821,-0.11484255852721104,-1.2743518513107772,0.023748080096468626,0.6216463922752736,-0.28001426707484395,,
0.17994379997253418,-0.8640444131494811,0.14952946406531198,0.11671408572196351,-1.2739449255878386,-0.02490180504354836,0.6211522050879585,0.27913201701813184,-0.8641378614467315,-0.1496753753760821,-0.11484255852721104,-1.2743518513107772,0.023748080096468626,0.6216463922752736,-0.28001426707484395,,
0.18391752243041992,-0.8640444131494811,0.14952946406531198,0.11671408572196351,-1.2739449255878386,-0.02490180504354836,0.6211522050879585,0.27913201701813184,-0.8641378614467315,-0.1496753753760821,-0.11484255852721104,-1.2743518513107772,0.023748080096468626,0.6216463922752736,-0.28001426707484395,,
0.18793177604675293,-0.8640444131494811,0.14952946406531198,0.11671408572196351,-1.2739449255878386,-0.02490180504354836,0.6211522050879585,0.27913201701813184,-0.8641378614467315,-0.1496753753760821,-0.11484255852721104,-1.2743518513107772,0.023748080096468626,0.6216463922752736,-0.28001426707484395,,
0.1919257640838623,-0.8640444131494811,0.14952946406531198,0.11671408572196351,-1.2739449255878386,-0.02490180504354836,0.6211522050879585,0.27913201701813184,-0.8641378614467315,-0.1496753753760821,-0.11484255852721104,-1.2743518513107772,0.023748080096468626,0.6216463922752736,-0.28001426707484395,,
0.19593310356140137,-0.8640444131494811,0.14952946406531198,0.11671408572196351,-1.2739449255878386,-0.02490180504354836,0.6211522050879585,0.27913201701813184,-0.8641378614467315,-0.1496753753760821,-0.11484255852721104,-1.2743518513107772,0.023748080096468626,0.6216463922752736,-0.28001426707484395,,
0.19991755485534668,-0.8640444131494811,0.14952946406531198,0.11671408572196351,-1.2739449255878386,-0.02490180504354836,0.6211522050879585,0.27913201701813184,-0.8641378614467315,-0.1496753753760821,-0.11484255852721104,-1.2743518513107772,0.023748080096468626,0.6216463922752736,-0.28001426707484395,,
0.20396995544433594,-0.8640444131494811,0.14952946406531198,0.11671408572196351,-1.2739449255878386,-0.02490180504354836,0.6211522050879585,0.27913201701813184,-0.8641378614467315,-0.1496753753760821,-0.11484255852721104,-1.2743518513107772,0.023748080096468626,0.6216463922752736,-0.28001426707484395,,
0.20792937278747559,-0.8640444131494811,0.14952946406531198,0.11671408572196351,-1.2739449255878386,-0.02490180504354836,0.6211522050879585,0.27913201701813184,-0.8641378614467315,-0.1496753753760821,-0.11484255852721104,-1.2743518513107772,0.023748080096468626,0.6216463922752736,-0.28001426707484395,,
0.21192479133605957,-0.8640444131494811,0.14952946406531198,0.11671408572196351,-1.2739449255878386,-0.02490180504354836,0.6211522050879585,0.27913201701813184,-0.8641378614467315,-0.1496753753760821,-0.11484255852721104,-1.2743518513107772,0.023748080096468626,0.6216463922752736,-0.28001426707484395,,
0.21593189239501953,-0.8640444131494811,0.14952946406531198,0.11671408572196351,-1.2739449255878386,-0.02490180504354836,0.6211522050879585,0.27913201701813184,-0.8641378614467315,-0.1496753753760821,-0.11484255852721104,-1.2743518513107772,0.023748080096468626,0.6216463922752736,-0.28001426707484395,,
0.21995186805725098,-0.8640444131494811,0.14952946406531198,0.11671408572196351,-1.2739449255878386,-0.02490180504354836,0.6211522050879585,0.27913201701813184,-0.8641378614467315,-0.1496753753760821,-0.11484255852721104,-1.2743518513107772,0.023748080096468626,0.6216463922752736,-0.28001426707484395,,
0.22391414642333984,-0.8640444131494811,0.14952946406531198,0.11671408572196351,-1.2739449255878386,-0.02490180504354836,0.6211522050879585,0.27913201701813184,-0.8641378614467315,-0.1496753753760821,-0.11484255852721104,-1.2743518513107772,0.023748080096468626,0.6216463922752736,-0.28001426707484395,,
0.22801852226257324,-0.8640444131494811,0.14952946406531198,0.11671408572196351,-1.2739449255878386,-0.02490180504354836,0.6211522050879585,0.27913201701813184,-0.8641378614467315,-0.1496753753760821,-0.11484255852721104,-1.2743518513107772,0.023748080096468626,0.6216463922752736,-0.28001426707484395,,
0.23195219039916992,-0.8640444131494811,0.14952946406531198,0.11671408572196351,-1.2739449255878386,-0.02490180504354836,0.6211522050879585,0.27913201701813184,-0.8641378614467315,-0.1496753753760821,-0.11484255852721104,-1.2743518513107772,0.023748080096468626,0.6216463922752736,-0.28001426707484395,,
0.23597240447998047,-0.8640444131494811,0.14952946406531198,0.11671408572196351,-1.2739449255878386,-0.02490180504354836,0.6211522050879585,0.27913201701813184,-0.8641378614467315,-0.1496753753760821,-0.11484255852721104,-1.2743518513107772,0.023748080096468626,0.6216463922752736,-0.28001426707484395,,
0.2399616241455078,-0.8640444131494811,0.14952946406531198,0.11671408572196351,-1.2739449255878386,-0.02490180504354836,0.6211522050879585,0.27913201701813184,-0.8641378614467315,-0.1496753753760821,-0.11484255852721104,-1.2743518513107772,0.023748080096468626,0.6216463922752736,-0.28001426707484395,,
0.2439568042755127,-0.8640444131494811,0.14952946406531198,0.11671408572196351,-1.2739449255878386,-0.02490180504354836,0.6211522050879585,0.27913201701813184,-0.8641378614467315,-0.1496753753760821,-0.11484255852721104,-1.2743518513107772,0.023748080096468626,0.6216463922752736,-0.28001426707484395,,
0.24830961227416992,-0.8640444131494811,0.14952946406531198,0.11671408572196351,-1.2739449255878386,-0.02490180504354836,0.6211522050879585,0.27913201701813184,-0.8641378614467315,-0.1496753753760821,-0.11484255852721104,-1.2743518513107772,0.023748080096468626,0.6216463922752736,-0.28001426707484395,,
0.2519557476043701,-0.8640444131494811,0.14952946406531198,0.11671408572196351,-1.2739449255878386,-0.02490180504354836,0.6211522050879585,0.27913201701813184,-0.8641378614467315,-0.1496753753760821,-0.11484255852721104,-1.2743518513107772,0.023748080096468626,0.6216463922752736,-0.28001426707484395,,
0.25595688819885254,-0.8640444131494811,0.14952946406531198,0.11671408572196351,-1.2739449255878386,-0.02490180504354836,0.6211522050879585,0.27913201701813184,-0.8641378614467315,-0.1496753753760821,-0.11484255852721104,-1.2743518513107772,0.023748080096468626,0.6216463922752736,-0.28001426707484395,,
0.25992608070373535,-0.8640444131494811,0.14952946406531198,0.11671408572196351,-1.2739449255878386,-0.02490180504354836,0.6211522050879585,0.27913201701813184,-0.8641378614467315,-0.1496753753760821,-0.11484255852721104,-1.2743518513107772,0.023748080096468626,0.6216463922752736,-0.28001426707484395,,
0.2639603614807129,-0.8640444131494811,0.14952946406531198,0.11671408572196351,-1.2739449255878386,-0.02490180504354836,0.6211522050879585,0.27913201701813184,-0.8641378614467315,-0.1496753753760821,-0.11484255852721104,-1.2743518513107772,0.023748080096468626,0.6216463922752736,-0.28001426707484395,,
0.2679274082183838,-0.8640444131494811,0.14952946406531198,0.11671408572196351,-1.2739449255878386,-0.02490180504354836,0.6211522050879585,0.27913201701813184,-0.8641378614467315,-0.1496753753760821,-0.11484255852721104,-1.2743518513107772,0.023748080096468626,0.6216463922752736,-0.28001426707484395,,
0.2719449996948242,-0.8640444131494811,0.14952946406531198,0.11671408572196351,-1.2739449255878386,-0.02490180504354836,0.6211522050879585,0.27913201701813184,-0.8641378614467315,-0.1496753753760821,-0.11484255852721104,-1.2743518513107772,0.023748080096468626,0.6216463922752736,-0.28001426707484395,,
0.2760472297668457,-0.8640444131494811,0.14952946406531198,0.11671408572196351,-1.2739449255878386,-0.02490180504354836,0.6211522050879585,0.27913201701813184,-0.8641378614467315,-0.1496753753760821,-0.11484255852721104,-1.2743518513107772,0.023748080096468626,0.6216463922752736,-0.28001426707484395,,
0.27994871139526367,-0.8640444131494811,0.14952946406531198,0.11671408572196351,-1.2739449255878386,-0.02490180504354836,0.6211522050879585,0.27913201701813184,-0.8641378614467315,-0.1496753753760821,-0.11484255852721104,-1.2743518513107772,0.023748080096468626,0.6216463922752736,-0.28001426707484395,,
0.2840769290924072,-0.8640444131494811,0.14952946406531198,0.11671408572196351,-1.2739449255878386,-0.02490180504354836,0.6211522050879585,0.27913201701813184,-0.8641378614467315,-0.1496753753760821,-0.11484255852721104,-1.2743518513107772,0.023748080096468626,0.6216463922752736,-0.28001426707484395,,
0.2879641056060791,-0.8640444131494811,0.14952946406531198,0.11671408572196351,-1.2739449255878386,-0.02490180504354836,0.6211522050879585,0.27913201701813184,-0.8641378614467315,-0.1496753753760821,-0.11484255852721104,-1.2743518513107772,0.023748080096468626,0.6216463922752736,-0.28001426707484395,,
0.2920258045196533,-0.8640444131494811,0.14952946406531198,0.11671408572196351,-1.2739449255878386,-0.02490180504354836,0.6211522050879585,0.27913201701813184,-0.8641378614467315,-0.1496753753760821,-0.11484255852721104,-1.2743518513107772,0.023748080096468626,0.6216463922752736,-0.28001426707484395,,
0.2961006164550781,-0.8640444131494811,0.14952946406531198,0.11671408572196351,-1.2739449255878386,-0.02490180504354836,0.6211522050879585,0.27913201701813184,-0.8641378614467315,-0.1496753753760821,-0.11484255852721104,-1.2743518513107772,0.023748080096468626,0.6216463922752736,-0.28001426707484395,,
0.3000187873840332,-0.8640444131494811,0.14952946406531198,0.11671408572196351,-1.2739449255878386,-0.02490180504354836,0.6211522050879585,0.27913201701813184,-0.8641378614467315,-0.1496753753760821,-0.11484255852721104,-1.2743518513107772,0.023748080096468626,0.6216463922752736,-0.28001426707484395,,
0.3040637969970703,-0.8640444131494811,0.14952946406531198,0.11671408572196351,-1.2739449255878386,-0.02490180504354836,0.6211522050879585,0.27913201701813184,-0.8641378614467315,-0.1496753753760821,-0.11484255852721104,-1.2743518513107772,0.023748080096468626,0.6216463922752736,-0.28001426707484395,,
0.30803894996643066,-0.8640444131494811,0.14952946406531198,0.11671408572196351,-1.2739449255878386,-0.02490180504354836,0.6211522050879585,0.27913201701813184,-0.8641378614467315,-0.1496753753760821,-0.11484255852721104,-1.2743518513107772,0.023748080096468626,0.6216463922752736,-0.28001426707484395,,
0.3119688034057617,-0.8640444131494811,0.14952946406531198,0.11671408572196351,-1.2739449255878386,-0.02490180504354836,0.6211522050879585,0.27913201701813184,-0.8641378614467315,-0.1496753753760821,-0.11484255852721104,-1.2743518513107772,0.023748080096468626,0.6216463922752736,-0.28001426707484395,,
0.31594181060791016,-0.8640444131494811,0.14952946406531198,0.11671408572196351,-1.2739449255878386,-0.02490180504354836,0.6211522050879585,0.27913201701813184,-0.8641378614467315,-0.1496753753760821,-0.11484255852721104,-1.2743518513107772,0.023748080096468626,0.6216463922752736,-0.28001426707484395,,
0.3201172351837158,-0.8640444131494811,0.14952946406531198,0.11671408572196351,-1.2739449255878386,-0.02490180504354836,0.6211522050879585,0.27913201701813184,-0.8641378614467315,-0.1496753753760821,-0.11484255852721104,-1.2743518513107772,0.023748080096468626,0.6216463922752736,-0.28001426707484395,,
0.32394981384277344,-0.8640444131494811,0.14952946406531198,0.11671408572196351,-1.2739449255878386,-0.02490180504354836,0.6211522050879585,0.27913201701813184,-0.8641378614467315,-0.1496753753760821,-0.11484255852721104,-1.2743518513107772,0.023748080096468626,0.6216463922752736,-0.28001426707484395,,
0.3280165195465088,-0.8640444131494811,0.14952946406531198,0.11671408572196351,-1.2739449255878386,-0.02490180504354836,0.6211522050879585,0.27913201701813184,-0.8641378614467315,-0.1496753753760821,-0.11484255852721104,-1.2743518513107772,0.023748080096468626,0.6216463922752736,-0.28001426707484395,,
0.3320128917694092,-0.8640444131494811,0.14952946406531198,0.11671408572196351,-1.2739449255878386,-0.02490180504354836,0.6211522050879585,0.27913201701813184,-0.8641378614467315,-0.1496753753760821,-0.11484255852721104,-1.2743518513107772,0.023748080096468626,0.6216463922752736,-0.28001426707484395,,
0.3359642028808594,-0.8640444131494811,0.14952946406531198,0.11671408572196351,-1.2739449255878386,-0.02490180504354836,0.6211522050879585,0.27913201701813184,-0.8641378614467315,-0.1496753753760821,-0.11484255852721104,-1.2743518513107772,0.023748080096468626,0.6216463922752736,-0.28001426707484395,,
0.3399512767791748,-0.8640444131494811,0.14952946406531198,0.11671408572196351,-1.2739449255878386,-0.02490180504354836,0.6211522050879585,0.27913201701813184,-0.8641378614467315,-0.1496753753760821,-0.11484255852721104,-1.2743518513107772,0.023748080096468626,0.6216463922752736,-0.28001426707484395,,
0.3439524173736572,-0.8640444131494811,0.14952946406531198,0.11671408572196351,-1.2739449255878386,-0.02490180504354836,0.6211522050879585,0.27913201701813184,-0.8641378614467315,-0.1496753753760821,-0.11484255852721104,-1.2743518513107772,0.023748080096468626,0.6216463922752736,-0.28001426707484395,,
0.3479642868041992,-0.8640444131494811,0.14952946406531198,0.11671408572196351,-1.2739449255878386,-0.02490180504354836,0.6211522050879585,0.27913201701813184,-0.8641378614467315,-0.1496753753760821,-0.11484255852721104,-1.2743518513107772,0.023748080096468626,0.6216463922752736,-0.28001426707484395,,
0.3519713878631592,-0.8640444131494811,0.14952946406531198,0.11671408572196351,-1.2739449255878386,-0.02490180504354836,0.6211522050879585,0.27913201701813184,-0.8641378614467315,-0.1496753753760821,-0.11484255852721104,-1.2743518513107772,0.023748080096468626,0.6216463922752736,-0.28001426707484395,,
0.3559739589691162,-0.8640444131494811,0.14952946406531198,0.11671408572196351,-1.2739449255878386,-0.02490180504354836,0.6211522050879585,0.27913201701813184,-0.8641378614467315,-0.1496753753760821,-0.11484255852721104,-1.2743518513107772,0.023748080096468626,0.6216463922752736,-0.28001426707484395,,
0.3599691390991211,-0.8640444131494811,0.14952946406531198,0.11671408572196351,-1.2739449255878386,-0.02490180504354836,0.6211522050879585,0.27913201701813184,-0.8641378614467315,-0.1496753753760821,-0.11484255852721104,-1.2743518513107772,0.023748080096468626,0.6216463922752736,-0.28001426707484395,,
0.3644523620605469,-0.8640444131494811,0.14952946406531198,0.11671408572196351,-1.2739449255878386,-0.02490180504354836,0.6211522050879585,0.27913201701813184,-0.8641378614467315,-0.1496753753760821,-0.11484255852721104,-1.2743518513107772,0.023748080096468626,0.6216463922752736,-0.28001426707484395,,
0.37195253372192383,-0.8640444131494811,0.14952946406531198,0.11671408572196351,-1.2739449255878386,-0.02490180504354836,0.6211522050879585,0.27913201701813184,-0.8641378614467315,-0.1496753753760821,-0.11484255852721104,-1.2743518513107772,0.023748080096468626,0.6216463922752736,-0.28001426707484395,,
0.37595248222351074,-0.8640444131494811,0.14952946406531198,0.11671408572196351,-1.2739449255878386,-0.02490180504354836,0.6211522050879585,0.27913201701813184,-0.8641378614467315,-0.1496753753760821,-0.11484255852721104,-1.2743518513107772,0.023748080096468626,0.6216463922752736,-0.28001426707484395,,
0.37995243072509766,-0.8640444131494811,0.14952946406531198,0.11671408572196351,-1.2739449255878386,-0.02490180504354836,0.6211522050879585,0.27913201701813184,-0.8641378614467315,-0.1496753753760821,-0.11484255852721104,-1.2743518513107772,0.023748080096468626,0.6216463922752736,-0.28001426707484395,,
0.38396215438842773,-0.8640444131494811,0.14952946406531198,0.11671408572196351,-1.2739449255878386,-0.02490180504354836,0.6211522050879585,0.27913201701813184,-0.8641378614467315,-0.1496753753760821,-0.11484255852721104,-1.2743518513107772,0.023748080096468626,0.6216463922752736,-0.28001426707484395,,
0.3879561424255371,-0.8640444131494811,0.14952946406531198,0.11671408572196351,-1.2739449255878386,-0.02490180504354836,0.6211522050879585,0.27913201701813184,-0.8641378614467315,-0.1496753753760821,-0.11484255852721104,-1.2743518513107772,0.023748080096468626,0.6216463922752736,-0.28001426707484395,,
0.3919491767883301,-0.8640444131494811,0.14952946406531198,0.11671408572196351,-1.2739449255878386,-0.02490180504354836,0.6211522050879585,0.27913201701813184,-0.8641378614467315,-0.1496753753760821,-0.11484255852721104,-1.2743518513107772,0.023748080096468626,0.6216463922752736,-0.28001426707484395,,
0.3959953784942627,-0.8640444131494811,0.14952946406531198,0.11671408572196351,-1.2739449255878386,-0.02490180504354836,0.6211522050879585,0.27913201701813184,-0.8641378614467315,-0.1496753753760821,-0.11484255852721104,-1.2743518513107772,0.023748080096468626,0.6216463922752736,-0.28001426707484395,,
0.39995265007019043,-0.8640444131494811,0.14952946406531198,0.11671408572196351,-1.2739449255878386,-0.02490180504354836,0.6211522050879585,0.27913201701813184,-0.8641378614467315,-0.1496753753760821,-0.11484255852721104,-1.2743518513107772,0.023748080096468626,0.6216463922752736,-0.28001426707484395,,
0.40395379066467285,-0.8640444131494811,0.14952946406531198,0.11671408572196351,-1.2739449255878386,-0.02490180504354836,0.6211522050879585,0.27913201701813184,-0.8641378614467315,-0.1496753753760821,-0.11484255852721104,-1.2743518513107772,0.023748080096468626,0.6216463922752736,-0.28001426707484395,,
0.4080226421356201,-0.8640444131494811,0.14952946406531198,0.11671408572196351,-1.2739449255878386,-0.02490180504354836,0.6211522050879585,0.27913201701813184,-0.8641378614467315,-0.1496753753760821,-0.11484255852721104,-1.2743518513107772,0.023748080096468626,0.6216463922752736,-0.28001426707484395,,
0.41190648078918457,-0.8640444131494811,0.14952946406531198,0.11671408572196351,-1.2739449255878386,-0.02490180504354836,0.6211522050879585,0.27913201701813184,-0.8641378614467315,-0.1496753753760821,-0.11484255852721104,-1.2743518513107772,0.023748080096468626,0.6216463922752736,-0.28001426707484395,,
0.41594910621643066,-0.8640444131494811,0.14952946406531198,0.11671408572196351,-1.2739449255878386,-0.02490180504354836,0.6211522050879585,0.27913201701813184,-0.8641378614467315,-0.1496753753760821,-0.11484255852721104,-1.2743518513107772,0.023748080096468626,0.6216463922752736,-0.28001426707484395,,
0.4199087619781494,-0.8640444131494811,0.14952946406531198,0.11671408572196351,-1.2739449255878386,-0.02490180504354836,0.6211522050879585,0.27913201701813184,-0.8641378614467315,-0.1496753753760821,-0.11484255852721104,-1.2743518513107772,0.023748080096468626,0.6216463922752736,-0.28001426707484395,,
0.4239027500152588,-0.8640444131494811,0.14952946406531198,0.11671408572196351,-1.2739449255878386,-0.02490180504354836,0.6211522050879585,0.27913201701813184,-0.8641378614467315,-0.1496753753760821,-0.11484255852721104,-1.2743518513107772,0.023748080096468626,0.6216463922752736,-0.28001426707484395,,
0.4280264377593994,-0.8640444131494811,0.14952946406531198,0.11671408572196351,-1.2739449255878386,-0.02490180504354836,0.6211522050879585,0.27913201701813184,-0.8641378614467315,-0.1496753753760821,-0.11484255852721104,-1.2743518513107772,0.023748080096468626,0.6216463922752736,-0.28001426707484395,,
0.4319932460784912,-0.8640444131494811,0.14952946406531198,0.11671408572196351,-1.2739449255878386,-0.02490180504354836,0.6211522050879585,0.27913201701813184,-0.8641378614467315,-0.1496753753760821,-0.11484255852721104,-1.2743518513107772,0.023748080096468626,0.6216463922752736,-0.28001426707484395,,
0.4359917640686035,-0.8640444131494811,0.14952946406531198,0.11671408572196351,-1.2739449255878386,-0.02490180504354836,0.6211522050879585,0.27913201701813184,-0.8641378614467315,-0.1496753753760821,-0.11484255852721104,-1.2743518513107772,0.023748080096468626,0.6216463922752736,-0.28001426707484395,,
0.439988374710083,-0.8640444131494811,0.14952946406531198,0.11671408572196351,-1.2739449255878386,-0.02490180504354836,0.6211522050879585,0.27913201701813184,-0.8641378614467315,-0.1496753753760821,-0.11484255852721104,-1.2743518513107772,0.023748080096468626,0.6216463922752736,-0.28001426707484395,,
0.44392895698547363,-0.8640444131494811,0.14952946406531198,0.11671408572196351,-1.2739449255878386,-0.02490180504354836,0.6211522050879585,0.27913201701813184,-0.8641378614467315,-0.1496753753760821,-0.11484255852721104,-1.2743518513107772,0.023748080096468626,0.6216463922752736,-0.28001426707484395,,
0.44792795181274414,-0.8640444131494811,0.14952946406531198,0.11671408572196351,-1.2739449255878386,-0.02490180504354836,0.6211522050879585,0.27913201701813184,-0.8641378614467315,-0.1496753753760821,-0.11484255852721104,-1.2743518513107772,0.023748080096468626,0.6216463922752736,-0.28001426707484395,,
0.45201563835144043,-0.8640444131494811,0.14952946406531198,0.11671408572196351,-1.2739449255878386,-0.02490180504354836,0.6211522050879585,0.27913201701813184,-0.8641378614467315,-0.1496753753760821,-0.11484255852721104,-1.2743518513107772,0.023748080096468626,0.6216463922752736,-0.28001426707484395,,
0.45600390434265137,-0.8640444131494811,0.14952946406531198,0.11671408572196351,-1.2739449255878386,-0.02490180504354836,0.6211522050879585,0.27913201701813184,-0.8641378614467315,-0.1496753753760821,-0.11484255852721104,-1.2743518513107772,0.023748080096468626,0.6216463922752736,-0.28001426707484395,,
0.4600372314453125,-0.8640444131494811,0.14952946406531198,0.11671408572196351,-1.2739449255878386,-0.02490180504354836,0.6211522050879585,0.27913201701813184,-0.8641378614467315,-0.1496753753760821,-0.11484255852721104,-1.2743518513107772,0.023748080096468626,0.6216463922752736,-0.28001426707484395,,
0.46408677101135254,-0.8640444131494811,0.14952946406531198,0.11671408572196351,-1.2739449255878386,-0.02490180504354836,0.6211522050879585,0.27913201701813184,-0.8641378614467315,-0.1496753753760821,-0.11484255852721104,-1.2743518513107772,0.023748080096468626,0.6216463922752736,-0.28001426707484395,,
0.4679718017578125,-0.8640444131494811,0.14952946406531198,0.11671408572196351,-1.2739449255878386,-0.02490180504354836,0.6211522050879585,0.27913201701813184,-0.8641378614467315,-0.1496753753760821,-0.11484255852721104,-1.2743518513107772,0.023748080096468626,0.6216463922752736,-0.28001426707484395,,
0.47199440002441406,-0.8640444131494811,0.14952946406531198,0.11671408572196351,-1.2739449255878386,-0.02490180504354836,0.6211522050879585,0.27913201701813184,-0.8641378614467315,-0.1496753753760821,-0.11484255852721104,-1.2743518513107772,0.023748080096468626,0.6216463922752736,-0.28001426707484395,,
0.4759552478790283,-0.8640444131494811,0.14952946406531198,0.11671408572196351,-1.2739449255878386,-0.02490180504354836,0.6211522050879585,0.27913201701813184,-0.8641378614467315,-0.1496753753760821,-0.11484255852721104,-1.2743518513107772,0.023748080096468626,0.6216463922752736,-0.28001426707484395,,
0.4800679683685303,-0.8640444131494811,0.14952946406531198,0.11671408572196351,-1.2739449255878386,-0.02490180504354836,0.6211522050879585,0.27913201701813184,-0.8641378614467315,-0.1496753753760821,-0.11484255852721104,-1.2743518513107772,0.023748080096468626,0.6216463922752736,-0.28001426707484395,,
0.48389220237731934,-0.8640444131494811,0.14952946406531198,0.11671408572196351,-1.2739449255878386,-0.02490180504354836,0.6211522050879585,0.27913201701813184,-0.8641378614467315,-0.1496753753760821,-0.11484255852721104,-1.2743518513107772,0.023748080096468626,0.6216463922752736,-0.28001426707484395,,
0.48792195320129395,-0.8640444131494811,0.14952946406531198,0.11671408572196351,-1.2739449255878386,-0.02490180504354836,0.6211522050879585,0.27913201701813184,-0.8641378614467315,-0.1496753753760821,-0.11484255852721104,-1.2743518513107772,0.023748080096468626,0.6216463922752736,-0.28001426707484395,,
0.4920170307159424,-0.8640444131494811,0.14952946406531198,0.11671408572196351,-1.2739449255878386,-0.02490180504354836,0.6211522050879585,0.27913201701813184,-0.8641378614467315,-0.1496753753760821,-0.11484255852721104,-1.2743518513107772,0.023748080096468626,0.6216463922752736,-0.28001426707484395,,
0.49613094329833984,-0.8640444131494811,0.14952946406531198,0.11671408572196351,-1.2739449255878386,-0.02490180504354836,0.6211522050879585,0.27913201701813184,-0.8641378614467315,-0.1496753753760821,-0.11484255852721104,-1.2743518513107772,0.023748080096468626,0.6216463922752736,-0.28001426707484395,,
0.5000560283660889,-0.8640444131494811,0.14952946406531198,0.11671408572196351,-1.2739449255878386,-0.02490180504354836,0.6211522050879585,0.27913201701813184,-0.8641378614467315,-0.1496753753760821,-0.11484255852721104,-1.2743518513107772,0.023748080096468626,0.6216463922752736,-0.28001426707484395,,
0.5039682388305664,-0.8640444131494811,0.14952946406531198,0.11671408572196351,-1.2739449255878386,-0.02490180504354836,0.6211522050879585,0.27913201701813184,-0.8641378614467315,-0.1496753753760821,-0.11484255852721104,-1.2743518513107772,0.023748080096468626,0.6216463922752736,-0.28001426707484395,,
0.5079705715179443,-0.8640444131494811,0.14952946406531198,0.11671408572196351,-1.2739449255878386,-0.02490180504354836,0.6211522050879585,0.27913201701813184,-0.8641378614467315,-0.1496753753760821,-0.11484255852721104,-1.2743518513107772,0.023748080096468626,0.6216463922752736,-0.28001426707484395,,
0.5119969844818115,-0.8640444131494811,0.14952946406531198,0.11671408572196351,-1.2739449255878386,-0.02490180504354836,0.6211522050879585,0.27913201701813184,-0.8641378614467315,-0.1496753753760821,-0.11484255852721104,-1.2743518513107772,0.023748080096468626,0.6216463922752736,-0.28001426707484395,,
0.5160419940948486,-0.8640444131494811,0.14952946406531198,0.11671408572196351,-1.2739449255878386,-0.02490180504354836,0.6211522050879585,0.27913201701813184,-0.8641378614467315,-0.1496753753760821,-0.11484255852721104,-1.2743518513107772,0.023748080096468626,0.6216463922752736,-0.28001426707484395,,
0.5199646949768066,-0.8640444131494811,0.14952946406531198,0.11671408572196351,-1.2739449255878386,-0.02490180504354836,0.6211522050879585,0.27913201701813184,-0.8641378614467315,-0.1496753753760821,-0.11484255852721104,-1.2743518513107772,0.023748080096468626,0.6216463922752736,-0.28001426707484395,,
0.5240278244018555,-0.8640444131494811,0.14952946406531198,0.11671408572196351,-1.2739449255878386,-0.02490180504354836,0.6211522050879585,0.27913201701813184,-0.8641378614467315,-0.1496753753760821,-0.11484255852721104,-1.2743518513107772,0.023748080096468626,0.6216463922752736,-0.28001426707484395,,
0.5279827117919922,-0.8640444131494811,0.14952946406531198,0.11671408572196351,-1.2739449255878386,-0.02490180504354836,0.6211522050879585,0.27913201701813184,-0.8641378614467315,-0.1496753753760821,-0.11484255852721104,-1.2743518513107772,0.023748080096468626,0.6216463922752736,-0.28001426707484395,,
0.5320076942443848,-0.8640444131494811,0.14952946406531198,0.11671408572196351,-1.2739449255878386,-0.02490180504354836,0.6211522050879585,0.27913201701813184,-0.8641378614467315,-0.1496753753760821,-0.11484255852721104,-1.2743518513107772,0.023748080096468626,0.6216463922752736,-0.28001426707484395,,
0.5359623432159424,-0.8640444131494811,0.14952946406531198,0.11671408572196351,-1.2739449255878386,-0.02490180504354836,0.6211522050879585,0.27913201701813184,-0.8641378614467315,-0.1496753753760821,-0.11484255852721104,-1.2743518513107772,0.023748080096468626,0.6216463922752736,-0.28001426707484395,,
0.5399556159973145,-0.8640444131494811,0.14952946406531198,0.11671408572196351,-1.2739449255878386,-0.02490180504354836,0.6211522050879585,0.27913201701813184,-0.8641378614467315,-0.1496753753760821,-0.11484255852721104,-1.2743518513107772,0.023748080096468626,0.6216463922752736,-0.28001426707484395,,
0.5439541339874268,-0.8640444131494811,0.14952946406531198,0.11671408572196351,-1.2739449255878386,-0.02490180504354836,0.6211522050879585,0.27913201701813184,-0.8641378614467315,-0.1496753753760821,-0.11484255852721104,-1.2743518513107772,0.023748080096468626,0.6216463922752736,-0.28001426707484395,,
0.5479791164398193,-0.8640444131494811,0.14952946406531198,0.11671408572196351,-1.2739449255878386,-0.02490180504354836,0.6211522050879585,0.27913201701813184,-0.8641378614467315,-0.1496753753760821,-0.11484255852721104,-1.2743518513107772,0.023748080096468626,0.6216463922752736,-0.28001426707484395,,
0.5519933700561523,-0.8640444131494811,0.14952946406531198,0.11671408572196351,-1.2739449255878386,-0.02490180504354836,0.6211522050879585,0.27913201701813184,-0.8641378614467315,-0.1496753753760821,-0.11484255852721104,-1.2743518513107772,0.023748080096468626,0.6216463922752736,-0.28001426707484395,,
0.5559792518615723,-0.8640444131494811,0.14952946406531198,0.11671408572196351,-1.2739449255878386,-0.02490180504354836,0.6211522050879585,0.27913201701813184,-0.8641378614467315,-0.1496753753760821,-0.11484255852721104,-1.2743518513107772,0.023748080096468626,0.6216463922752736,-0.28001426707484395,,
0.560126543045044,-0.8640444131494811,0.14952946406531198,0.11671408572196351,-1.2739449255878386,-0.02490180504354836,0.6211522050879585,0.27913201701813184,-0.8641378614467315,-0.1496753753760821,-0.11484255852721104,-1.2743518513107772,0.023748080096468626,0.6216463922752736,-0.28001426707484395,,
0.5640065670013428,-0.8640444131494811,0.14952946406531198,0.11671408572196351,-1.2739449255878386,-0.02490180504354836,0.6211522050879585,0.27913201701813184,-0.8641378614467315,-0.1496753753760821,-0.11484255852721104,-1.2743518513107772,0.023748080096468626,0.6216463922752736,-0.28001426707484395,,
0.5679981708526611,-0.8640444131494811,0.14952946406531198,0.11671408572196351,-1.2739449255878386,-0.02490180504354836,0.6211522050879585,0.27913201701813184,-0.8641378614467315,-0.1496753753760821,-0.11484255852721104,-1.2743518513107772,0.023748080096468626,0.6216463922752736,-0.28001426707484395,,
0.57198166847229,-0.8640444131494811,0.14952946406531198,0.11671408572196351,-1.2739449255878386,-0.02490180504354836,0.6211522050879585,0.27913201701813184,-0.8641378614467315,-0.1496753753760821,-0.11484255852721104,-1.2743518513107772,0.023748080096468626,0.6216463922752736,-0.28001426707484395,,
0.5759141445159912,-0.8640444131494811,0.14952946406531198,0.11671408572196351,-1.2739449255878386,-0.02490180504354836,0.6211522050879585,0.27913201701813184,-0.8641378614467315,-0.1496753753760821,-0.11484255852721104,-1.2743518513107772,0.023748080096468626,0.6216463922752736,-0.28001426707484395,,
0.579890251159668,-0.8640444131494811,0.14952946406531198,0.11671408572196351,-1.2739449255878386,-0.02490180504354836,0.6211522050879585,0.27913201701813184,-0.8641378614467315,-0.1496753753760821,-0.11484255852721104,-1.2743518513107772,0.023748080096468626,0.6216463922752736,-0.28001426707484395,,
0.5839602947235107,-0.8640444131494811,0.14952946406531198,0.11671408572196351,-1.2739449255878386,-0.02490180504354836,0.6211522050879585,0.27913201701813184,-0.8641378614467315,-0.1496753753760821,-0.11484255852721104,-1.2743518513107772,0.023748080096468626,0.6216463922752736,-0.28001426707484395,,
0.5880649089813232,-0.8640444131494811,0.14952946406531198,0.11671408572196351,-1.2739449255878386,-0.02490180504354836,0.6211522050879585,0.27913201701813184,-0.8641378614467315,-0.1496753753760821,-0.11484255852721104,-1.2743518513107772,0.023748080096468626,0.6216463922752736,-0.28001426707484395,,
0.5920612812042236,-0.8640444131494811,0.14952946406531198,0.11671408572196351,-1.2739449255878386,-0.02490180504354836,0.6211522050879585,0.27913201701813184,-0.8641378614467315,-0.1496753753760821,-0.11484255852721104,-1.2743518513107772,0.023748080096468626,0.6216463922752736,-0.28001426707484395,,
0.596038818359375,-0.8640444131494811,0.14952946406531198,0.11671408572196351,-1.2739449255878386,-0.02490180504354836,0.6211522050879585,0.27913201701813184,-0.8641378614467315,-0.1496753753760821,-0.11484255852721104,-1.2743518513107772,0.023748080096468626,0.6216463922752736,-0.28001426707484395,,
0.6001148223876953,-0.8640444131494811,0.14952946406531198,0.11671408572196351,-1.2739449255878386,-0.02490180504354836,0.6211522050879585,0.27913201701813184,-0.8641378614467315,-0.1496753753760821,-0.11484255852721104,-1.2743518513107772,0.023748080096468626,0.6216463922752736,-0.28001426707484395,,
0.6041574478149414,-0.8640444131494811,0.14952946406531198,0.11671408572196351,-1.2739449255878386,-0.02490180504354836,0.6211522050879585,0.27913201701813184,-0.8641378614467315,-0.1496753753760821,-0.11484255852721104,-1.2743518513107772,0.023748080096468626,0.6216463922752736,-0.28001426707484395,,
0.6079154014587402,-0.8640444131494811,0.14952946406531198,0.11671408572196351,-1.2739449255878386,-0.02490180504354836,0.6211522050879585,0.27913201701813184,-0.8641378614467315,-0.1496753753760821,-0.11484255852721104,-1.2743518513107772,0.023748080096468626,0.6216463922752736,-0.28001426707484395,,
0.6119472980499268,-0.8640444131494811,0.14952946406531198,0.11671408572196351,-1.2739449255878386,-0.02490180504354836,0.6211522050879585,0.27913201701813184,-0.8641378614467315,-0.1496753753760821,-0.11484255852721104,-1.2743518513107772,0.023748080096468626,0.6216463922752736,-0.28001426707484395,,
0.6159887313842773,-0.8640444131494811,0.14952946406531198,0.11671408572196351,-1.2739449255878386,-0.02490180504354836,0.6211522050879585,0.27913201701813184,-0.8641378614467315,-0.1496753753760821,-0.11484255852721104,-1.2743518513107772,0.023748080096468626,0.6216463922752736,-0.28001426707484395,,
0.6201016902923584,-0.8640444131494811,0.14952946406531198,0.11671408572196351,-1.2739449255878386,-0.02490180504354836,0.6211522050879585,0.27913201701813184,-0.8641378614467315,-0.1496753753760821,-0.11484255852721104,-1.2743518513107772,0.023748080096468626,0.6216463922752736,-0.28001426707484395,,
0.6240885257720947,-0.8640444131494811,0.14952946406531198,0.11671408572196351,-1.2739449255878386,-0.02490180504354836,0.6211522050879585,0.27913201701813184,-0.8641378614467315,-0.1496753753760821,-0.11484255852721104,-1.2743518513107772,0.023748080096468626,0.6216463922752736,-0.28001426707484395,,
0.6279661655426025,-0.8640444131494811,0.14952946406531198,0.11671408572196351,-1.2739449255878386,-0.02490180504354836,0.6211522050879585,0.27913201701813184,-0.8641378614467315,-0.1496753753760821,-0.11484255852721104,-1.2743518513107772,0.023748080096468626,0.6216463922752736,-0.28001426707484395,,
0.631953239440918,-0.8640444131494811,0.14952946406531198,0.11671408572196351,-1.2739449255878386,-0.02490180504354836,0.6211522050879585,0.27913201701813184,-0.8641378614467315,-0.1496753753760821,-0.11484255852721104,-1.2743518513107772,0.023748080096468626,0.6216463922752736,-0.28001426707484395,,
0.6359639167785645,-0.8640444131494811,0.14952946406531198,0.11671408572196351,-1.2739449255878386,-0.02490180504354836,0.6211522050879585,0.27913201701813184,-0.8641378614467315,-0.1496753753760821,-0.11484255852721104,-1.2743518513107772,0.023748080096468626,0.6216463922752736,-0.28001426707484395,,
0.6400032043457031,-0.8640444131494811,0.14952946406531198,0.11671408572196351,-1.2739449255878386,-0.02490180504354836,0.6211522050879585,0.27913201701813184,-0.8641378614467315,-0.1496753753760821,-0.11484255852721104,-1.2743518513107772,0.023748080096468626,0.6216463922752736,-0.28001426707484395,,
0.6439697742462158,-0.8640444131494811,0.14952946406531198,0.11671408572196351,-1.2739449255878386,-0.02490180504354836,0.6211522050879585,0.27913201701813184,-0.8641378614467315,-0.1496753753760821,-0.11484255852721104,-1.2743518513107772,0.023748080096468626,0.6216463922752736,-0.28001426707484395,,
0.6479640007019043,-0.8640444131494811,0.14952946406531198,0.11671408572196351,-1.2739449255878386,-0.02490180504354836,0.6211522050879585,0.27913201701813184,-0.8641378614467315,-0.1496753753760821,-0.11484255852721104,-1.2743518513107772,0.023748080096468626,0.6216463922752736,-0.28001426707484395,,
0.6519877910614014,-0.8640444131494811,0.14952946406531198,0.11671408572196351,-1.2739449255878386,-0.02490180504354836,0.6211522050879585,0.27913201701813184,-0.8641378614467315,-0.1496753753760821,-0.11484255852721104,-1.2743518513107772,0.023748080096468626,0.6216463922752736,-0.28001426707484395,,
0.656036376953125,-0.8640444131494811,0.14952946406531198,0.11671408572196351,-1.2739449255878386,-0.02490180504354836,0.6211522050879585,0.27913201701813184,-0.8641378614467315,-0.1496753753760821,-0.11484255852721104,-1.2743518513107772,0.023748080096468626,0.6216463922752736,-0.28001426707484395,,
0.6599664688110352,-0.8640444131494811,0.14952946406531198,0.11671408572196351,-1.2739449255878386,-0.02490180504354836,0.6211522050879585,0.27913201701813184,-0.8641378614467315,-0.1496753753760821,-0.11484255852721104,-1.2743518513107772,0.023748080096468626,0.6216463922752736,-0.28001426707484395,,
0.6640174388885498,-0.8640444131494811,0.14952946406531198,0.11671408572196351,-1.2739449255878386,-0.02490180504354836,0.6211522050879585,0.27913201701813184,-0.8641378614467315,-0.1496753753760821,-0.11484255852721104,-1.2743518513107772,0.023748080096468626,0.6216463922752736,-0.28001426707484395,,
0.6680281162261963,-0.8640444131494811,0.14952946406531198,0.11671408572196351,-1.2739449255878386,-0.02490180504354836,0.6211522050879585,0.27913201701813184,-0.8641378614467315,-0.1496753753760821,-0.11484255852721104,-1.2743518513107772,0.023748080096468626,0.6216463922752736,-0.28001426707484395,,
0.6720840930938721,-0.8640444131494811,0.14952946406531198,0.11671408572196351,-1.2739449255878386,-0.02490180504354836,0.6211522050879585,0.27913201701813184,-0.8641378614467315,-0.1496753753760821,-0.11484255852721104,-1.2743518513107772,0.023748080096468626,0.6216463922752736,-0.28001426707484395,,
0.6762406826019287,-0.8640444131494811,0.14952946406531198,0.11671408572196351,-1.2739449255878386,-0.02490180504354836,0.6211522050879585,0.27913201701813184,-0.8641378614467315,-0.1496753753760821,-0.11484255852721104,-1.2743518513107772,0.023748080096468626,0.6216463922752736,-0.28001426707484395,,
0.6799261569976807,-0.8640444131494811,0.14952946406531198,0.11671408572196351,-1.2739449255878386,-0.02490180504354836,0.6211522050879585,0.27913201701813184,-0.8641378614467315,-0.1496753753760821,-0.11484255852721104,-1.2743518513107772,0.023748080096468626,0.6216463922752736,-0.28001426707484395,,
0.6840105056762695,-0.8640444131494811,0.14952946406531198,0.11671408572196351,-1.2739449255878386,-0.02490180504354836,0.6211522050879585,0.27913201701813184,-0.8641378614467315,-0.1496753753760821,-0.11484255852721104,-1.2743518513107772,0.023748080096468626,0.6216463922752736,-0.28001426707484395,,
0.6879498958587646,-0.8640444131494811,0.14952946406531198,0.11671408572196351,-1.2739449255878386,-0.02490180504354836,0.6211522050879585,0.27913201701813184,-0.8641378614467315,-0.1496753753760821,-0.11484255852721104,-1.2743518513107772,0.023748080096468626,0.6216463922752736,-0.28001426707484395,,
0.6919155120849609,-0.8640444131494811,0.14952946406531198,0.11671408572196351,-1.2739449255878386,-0.02490180504354836,0.6211522050879585,0.27913201701813184,-0.8641378614467315,-0.1496753753760821,-0.11484255852721104,-1.2743518513107772,0.023748080096468626,0.6216463922752736,-0.28001426707484395,,
0.695946216583252,-0.8640444131494811,0.14952946406531198,0.11671408572196351,-1.2739449255878386,-0.02490180504354836,0.6211522050879585,0.27913201701813184,-0.8641378614467315,-0.1496753753760821,-0.11484255852721104,-1.2743518513107772,0.023748080096468626,0.6216463922752736,-0.28001426707484395,,
0.6999416351318359,-0.8640444131494811,0.14952946406531198,0.11671408572196351,-1.2739449255878386,-0.02490180504354836,0.6211522050879585,0.27913201701813184,-0.8641378614467315,-0.1496753753760821,-0.11484255852721104,-1.2743518513107772,0.023748080096468626,0.6216463922752736,-0.28001426707484395,,
0.7039453983306885,-0.8640444131494811,0.14952946406531198,0.11671408572196351,-1.2739449255878386,-0.02490180504354836,0.6211522050879585,0.27913201701813184,-0.8641378614467315,-0.1496753753760821,-0.11484255852721104,-1.2743518513107772,0.023748080096468626,0.6216463922752736,-0.28001426707484395,,
0.7079582214355469,-0.8640444131494811,0.14952946406531198,0.11671408572196351,-1.2739449255878386,-0.02490180504354836,0.6211522050879585,0.27913201701813184,-0.8641378614467315,-0.1496753753760821,-0.11484255852721104,-1.2743518513107772,0.023748080096468626,0.6216463922752736,-0.28001426707484395,,
0.7119655609130859,-0.8640444131494811,0.14952946406531198,0.11671408572196351,-1.2739449255878386,-0.02490180504354836,0.6211522050879585,0.27913201701813184,-0.8641378614467315,-0.1496753753760821,-0.11484255852721104,-1.2743518513107772,0.023748080096468626,0.6216463922752736,-0.28001426707484395,,
0.7159497737884521,-0.8640444131494811,0.14952946406531198,0.11671408572196351,-1.2739449255878386,-0.02490180504354836,0.6211522050879585,0.27913201701813184,-0.8641378614467315,-0.1496753753760821,-0.11484255852721104,-1.2743518513107772,0.023748080096468626,0.6216463922752736,-0.28001426707484395,,
0.7199809551239014,-0.8640444131494811,0.14952946406531198,0.11671408572196351,-1.2739449255878386,-0.02490180504354836,0.6211522050879585,0.27913201701813184,-0.8641378614467315,-0.1496753753760821,-0.11484255852721104,-1.2743518513107772,0.023748080096468626,0.6216463922752736,-0.28001426707484395,,
0.7239475250244141,-0.8640444131494811,0.14952946406531198,0.11671408572196351,-1.2739449255878386,-0.02490180504354836,0.6211522050879585,0.27913201701813184,-0.8641378614467315,-0.1496753753760821,-0.11484255852721104,-1.2743518513107772,0.023748080096468626,0.6216463922752736,-0.28001426707484395,,
0.7279489040374756,-0.8640444131494811,0.14952946406531198,0.11671408572196351,-1.2739449255878386,-0.02490180504354836,0.6211522050879585,0.27913201701813184,-0.8641378614467315,-0.1496753753760821,-0.11484255852721104,-1.2743518513107772,0.023748080096468626,0.6216463922752736,-0.28001426707484395,,
0.7320806980133057,-0.8640444131494811,0.14952946406531198,0.11671408572196351,-1.2739449255878386,-0.02490180504354836,0.6211522050879585,0.27913201701813184,-0.8641378614467315,-0.1496753753760821,-0.11484255852721104,-1.2743518513107772,0.023748080096468626,0.6216463922752736,-0.28001426707484395,,
0.7359797954559326,-0.8640444131494811,0.14952946406531198,0.11671408572196351,-1.2739449255878386,-0.02490180504354836,0.6211522050879585,0.27913201701813184,-0.8641378614467315,-0.1496753753760821,-0.11484255852721104,-1.2743518513107772,0.023748080096468626,0.6216463922752736,-0.28001426707484395,,
0.7398979663848877,-0.8640444131494811,0.14952946406531198,0.11671408572196351,-1.2739449255878386,-0.02490180504354836,0.6211522050879585,0.27913201701813184,-0.8641378614467315,-0.1496753753760821,-0.11484255852721104,-1.2743518513107772,0.023748080096468626,0.6216463922752736,-0.28001426707484395,,
0.7439277172088623,-0.8640444131494811,0.14952946406531198,0.11671408572196351,-1.2739449255878386,-0.02490180504354836,0.6211522050879585,0.27913201701813184,-0.8641378614467315,-0.1496753753760821,-0.11484255852721104,-1.2743518513107772,0.023748080096468626,0.6216463922752736,-0.28001426707484395,,
0.7480735778808594,-0.8640444131494811,0.14952946406531198,0.11671408572196351,-1.2739449255878386,-0.02490180504354836,0.6211522050879585,0.27913201701813184,-0.8641378614467315,-0.1496753753760821,-0.11484255852721104,-1.2743518513107772,0.023748080096468626,0.6216463922752736,-0.28001426707484395,,
0.7520463466644287,-0.8640444131494811,0.14952946406531198,0.11671408572196351,-1.2739449255878386,-0.02490180504354836,0.6211522050879585,0.27913201701813184,-0.8641378614467315,-0.1496753753760821,-0.11484255852721104,-1.2743518513107772,0.023748080096468626,0.6216463922752736,-0.28001426707484395,,
0.75592041015625,-0.8640444131494811,0.14952946406531198,0.11671408572196351,-1.2739449255878386,-0.02490180504354836,0.6211522050879585,0.27913201701813184,-0.8641378614467315,-0.1496753753760821,-0.11484255852721104,-1.2743518513107772,0.023748080096468626,0.6216463922752736,-0.28001426707484395,,
0.759911060333252,-0.8640444131494811,0.14952946406531198,0.11671408572196351,-1.2739449255878386,-0.02490180504354836,0.6211522050879585,0.27913201701813184,-0.8641378614467315,-0.1496753753760821,-0.11484255852721104,-1.2743518513107772,0.023748080096468626,0.6216463922752736,-0.28001426707484395,,
0.7639226913452148,-0.8640444131494811,0.14952946406531198,0.11671408572196351,-1.2739449255878386,-0.02490180504354836,0.6211522050879585,0.27913201701813184,-0.8641378614467315,-0.1496753753760821,-0.11484255852721104,-1.2743518513107772,0.023748080096468626,0.6216463922752736,-0.28001426707484395,,
0.7679216861724854,-0.8640444131494811,0.14952946406531198,0.11671408572196351,-1.2739449255878386,-0.02490180504354836,0.6211522050879585,0.27913201701813184,-0.8641378614467315,-0.1496753753760821,-0.11484255852721104,-1.2743518513107772,0.023748080096468626,0.6216463922752736,-0.28001426707484395,,
0.7719502449035645,-0.8640444131494811,0.14952946406531198,0.11671408572196351,-1.2739449255878386,-0.02490180504354836,0.6211522050879585,0.27913201701813184,-0.8641378614467315,-0.1496753753760821,-0.11484255852721104,-1.2743518513107772,0.023748080096468626,0.6216463922752736,-0.28001426707484395,,
0.7759194374084473,-0.8640444131494811,0.14952946406531198,0.11671408572196351,-1.2739449255878386,-0.02490180504354836,0.6211522050879585,0.27913201701813184,-0.8641378614467315,-0.1496753753760821,-0.11484255852721104,-1.2743518513107772,0.023748080096468626,0.6216463922752736,-0.28001426707484395,,
0.779979944229126,-0.8640444131494811,0.14952946406531198,0.11671408572196351,-1.2739449255878386,-0.02490180504354836,0.6211522050879585,0.27913201701813184,-0.8641378614467315,-0.1496753753760821,-0.11484255852721104,-1.2743518513107772,0.023748080096468626,0.6216463922752736,-0.28001426707484395,,
0.7839384078979492,-0.8640444131494811,0.14952946406531198,0.11671408572196351,-1.2739449255878386,-0.02490180504354836,0.6211522050879585,0.27913201701813184,-0.8641378614467315,-0.1496753753760821,-0.11484255852721104,-1.2743518513107772,0.023748080096468626,0.6216463922752736,-0.28001426707484395,,
0.7879657745361328,-0.8640444131494811,0.14952946406531198,0.11671408572196351,-1.2739449255878386,-0.02490180504354836,0.6211522050879585,0.27913201701813184,-0.8641378614467315,-0.1496753753760821,-0.11484255852721104,-1.2743518513107772,0.023748080096468626,0.6216463922752736,-0.28001426707484395,,
0.7919762134552002,-0.8640444131494811,0.14952946406531198,0.11671408572196351,-1.2739449255878386,-0.02490180504354836,0.6211522050879585,0.27913201701813184,-0.8641378614467315,-0.1496753753760821,-0.11484255852721104,-1.2743518513107772,0.023748080096468626,0.6216463922752736,-0.28001426707484395,,
0.7959527969360352,-0.8640444131494811,0.14952946406531198,0.11671408572196351,-1.2739449255878386,-0.02490180504354836,0.6211522050879585,0.27913201701813184,-0.8641378614467315,-0.1496753753760821,-0.11484255852721104,-1.2743518513107772,0.023748080096468626,0.6216463922752736,-0.28001426707484395,,
0.7999680042266846,-0.8640444131494811,0.14952946406531198,0.11671408572196351,-1.2739449255878386,-0.02490180504354836,0.6211522050879585,0.27913201701813184,-0.8641378614467315,-0.1496753753760821,-0.11484255852721104,-1.2743518513107772,0.023748080096468626,0.6216463922752736,-0.28001426707484395,,
0.8040215969085693,-0.8640444131494811,0.14952946406531198,0.11671408572196351,-1.2739449255878386,-0.02490180504354836,0.6211522050879585,0.27913201701813184,-0.8641378614467315,-0.1496753753760821,-0.11484255852721104,-1.2743518513107772,0.023748080096468626,0.6216463922752736,-0.28001426707484395,,
0.8079633712768555,-0.8640444131494811,0.14952946406531198,0.11671408572196351,-1.2739449255878386,-0.02490180504354836,0.6211522050879585,0.27913201701813184,-0.8641378614467315,-0.1496753753760821,-0.11484255852721104,-1.2743518513107772,0.023748080096468626,0.6216463922752736,-0.28001426707484395,,
0.81199049949646,-0.8640444131494811,0.14952946406531198,0.11671408572196351,-1.2739449255878386,-0.02490180504354836,0.6211522050879585,0.27913201701813184,-0.8641378614467315,-0.1496753753760821,-0.11484255852721104,-1.2743518513107772,0.023748080096468626,0.6216463922752736,-0.28001426707484395,,
0.8159503936767578,-0.8640444131494811,0.14952946406531198,0.11671408572196351,-1.2739449255878386,-0.02490180504354836,0.6211522050879585,0.27913201701813184,-0.8641378614467315,-0.1496753753760821,-0.11484255852721104,-1.2743518513107772,0.023748080096468626,0.6216463922752736,-0.28001426707484395,,
0.8199551105499268,-0.8640444131494811,0.14952946406531198,0.11671408572196351,-1.2739449255878386,-0.02490180504354836,0.6211522050879585,0.27913201701813184,-0.8641378614467315,-0.1496753753760821,-0.11484255852721104,-1.2743518513107772,0.023748080096468626,0.6216463922752736,-0.28001426707484395,,
0.8239455223083496,-0.8640444131494811,0.14952946406531198,0.11671408572196351,-1.2739449255878386,-0.02490180504354836,0.6211522050879585,0.27913201701813184,-0.8641378614467315,-0.1496753753760821,-0.11484255852721104,-1.2743518513107772,0.023748080096468626,0.6216463922752736,-0.28001426707484395,,
0.8279743194580078,-0.8640444131494811,0.14952946406531198,0.11671408572196351,-1.2739449255878386,-0.02490180504354836,0.6211522050879585,0.27913201701813184,-0.8641378614467315,-0.1496753753760821,-0.11484255852721104,-1.2743518513107772,0.023748080096468626,0.6216463922752736,-0.28001426707484395,,
0.8319611549377441,-0.8640444131494811,0.14952946406531198,0.11671408572196351,-1.2739449255878386,-0.02490180504354836,0.6211522050879585,0.27913201701813184,-0.8641378614467315,-0.1496753753760821,-0.11484255852721104,-1.2743518513107772,0.023748080096468626,0.6216463922752736,-0.28001426707484395,,
0.8359801769256592,-0.8640444131494811,0.14952946406531198,0.11671408572196351,-1.2739449255878386,-0.02490180504354836,0.6211522050879585,0.27913201701813184,-0.8641378614467315,-0.1496753753760821,-0.11484255852721104,-1.2743518513107772,0.023748080096468626,0.6216463922752736,-0.28001426707484395,,
0.8399112224578857,-0.8640444131494811,0.14952946406531198,0.11671408572196351,-1.2739449255878386,-0.02490180504354836,0.6211522050879585,0.27913201701813184,-0.8641378614467315,-0.1496753753760821,-0.11484255852721104,-1.2743518513107772,0.023748080096468626,0.6216463922752736,-0.28001426707484395,,
0.8439648151397705,-0.8640444131494811,0.14952946406531198,0.11671408572196351,-1.2739449255878386,-0.02490180504354836,0.6211522050879585,0.27913201701813184,-0.8641378614467315,-0.1496753753760821,-0.11484255852721104,-1.2743518513107772,0.023748080096468626,0.6216463922752736,-0.28001426707484395,,
0.8480038642883301,-0.8640444131494811,0.14952946406531198,0.11671408572196351,-1.2739449255878386,-0.02490180504354836,0.6211522050879585,0.27913201701813184,-0.8641378614467315,-0.1496753753760821,-0.11484255852721104,-1.2743518513107772,0.023748080096468626,0.6216463922752736,-0.28001426707484395,,
0.8519802093505859,-0.8640444131494811,0.14952946406531198,0.11671408572196351,-1.2739449255878386,-0.02490180504354836,0.6211522050879585,0.27913201701813184,-0.8641378614467315,-0.1496753753760821,-0.11484255852721104,-1.2743518513107772,0.023748080096468626,0.6216463922752736,-0.28001426707484395,,
0.856011152267456,-0.8640444131494811,0.14952946406531198,0.11671408572196351,-1.2739449255878386,-0.02490180504354836,0.6211522050879585,0.27913201701813184,-0.8641378614467315,-0.1496753753760821,-0.11484255852721104,-1.2743518513107772,0.023748080096468626,0.6216463922752736,-0.28001426707484395,,
0.8600749969482422,-0.8640444131494811,0.14952946406531198,0.11671408572196351,-1.2739449255878386,-0.02490180504354836,0.6211522050879585,0.27913201701813184,-0.8641378614467315,-0.1496753753760821,-0.11484255852721104,-1.2743518513107772,0.023748080096468626,0.6216463922752736,-0.28001426707484395,,
0.8640086650848389,-0.8640444131494811,0.14952946406531198,0.11671408572196351,-1.2739449255878386,-0.02490180504354836,0.6211522050879585,0.27913201701813184,-0.8641378614467315,-0.1496753753760821,-0.11484255852721104,-1.2743518513107772,0.023748080096468626,0.6216463922752736,-0.28001426707484395,,
0.8679981231689453,-0.8640444131494811,0.14952946406531198,0.11671408572196351,-1.2739449255878386,-0.02490180504354836,0.6211522050879585,0.27913201701813184,-0.8641378614467315,-0.1496753753760821,-0.11484255852721104,-1.2743518513107772,0.023748080096468626,0.6216463922752736,-0.28001426707484395,,
0.8720834255218506,-0.8640444131494811,0.14952946406531198,0.11671408572196351,-1.2739449255878386,-0.02490180504354836,0.6211522050879585,0.27913201701813184,-0.8641378614467315,-0.1496753753760821,-0.11484255852721104,-1.2743518513107772,0.023748080096468626,0.6216463922752736,-0.28001426707484395,,
0.876060962677002,-0.8640444131494811,0.14952946406531198,0.11671408572196351,-1.2739449255878386,-0.02490180504354836,0.6211522050879585,0.27913201701813184,-0.8641378614467315,-0.1496753753760821,-0.11484255852721104,-1.2743518513107772,0.023748080096468626,0.6216463922752736,-0.28001426707484395,,
0.8800680637359619,-0.8640444131494811,0.14952946406531198,0.11671408572196351,-1.2739449255878386,-0.02490180504354836,0.6211522050879585,0.27913201701813184,-0.8641378614467315,-0.1496753753760821,-0.11484255852721104,-1.2743518513107772,0.023748080096468626,0.6216463922752736,-0.28001426707484395,,
0.8839755058288574,-0.8640444131494811,0.14952946406531198,0.11671408572196351,-1.2739449255878386,-0.02490180504354836,0.6211522050879585,0.27913201701813184,-0.8641378614467315,-0.1496753753760821,-0.11484255852721104,-1.2743518513107772,0.023748080096468626,0.6216463922752736,-0.28001426707484395,,
0.8880228996276855,-0.8640444131494811,0.14952946406531198,0.11671408572196351,-1.2739449255878386,-0.02490180504354836,0.6211522050879585,0.27913201701813184,-0.8641378614467315,-0.1496753753760821,-0.11484255852721104,-1.2743518513107772,0.023748080096468626,0.6216463922752736,-0.28001426707484395,,
0.8920893669128418,-0.8640444131494811,0.14952946406531198,0.11671408572196351,-1.2739449255878386,-0.02490180504354836,0.6211522050879585,0.27913201701813184,-0.8641378614467315,-0.1496753753760821,-0.11484255852721104,-1.2743518513107772,0.023748080096468626,0.6216463922752736,-0.28001426707484395,,
0.8961167335510254,-0.8640444131494811,0.14952946406531198,0.11671408572196351,-1.2739449255878386,-0.02490180504354836,0.6211522050879585,0.27913201701813184,-0.8641378614467315,-0.1496753753760821,-0.11484255852721104,-1.2743518513107772,0.023748080096468626,0.6216463922752736,-0.28001426707484395,,
0.8999054431915283,-0.8640444131494811,0.14952946406531198,0.11671408572196351,-1.2739449255878386,-0.02490180504354836,0.6211522050879585,0.27913201701813184,-0.8641378614467315,-0.1496753753760821,-0.11484255852721104,-1.2743518513107772,0.023748080096468626,0.6216463922752736,-0.28001426707484395,,
0.9039349555969238,-0.8640444131494811,0.14952946406531198,0.11671408572196351,-1.2739449255878386,-0.02490180504354836,0.6211522050879585,0.27913201701813184,-0.8641378614467315,-0.1496753753760821,-0.11484255852721104,-1.2743518513107772,0.023748080096468626,0.6216463922752736,-0.28001426707484395,,
0.9079718589782715,-0.8640444131494811,0.14952946406531198,0.11671408572196351,-1.2739449255878386,-0.02490180504354836,0.6211522050879585,0.27913201701813184,-0.8641378614467315,-0.1496753753760821,-0.11484255852721104,-1.2743518513107772,0.023748080096468626,0.6216463922752736,-0.28001426707484395,,
0.911980390548706,-0.8640444131494811,0.14952946406531198,0.11671408572196351,-1.2739449255878386,-0.02490180504354836,0.6211522050879585,0.27913201701813184,-0.8641378614467315,-0.1496753753760821,-0.11484255852721104,-1.2743518513107772,0.023748080096468626,0.6216463922752736,-0.28001426707484395,,
0.915977954864502,-0.8640444131494811,0.14952946406531198,0.11671408572196351,-1.2739449255878386,-0.02490180504354836,0.6211522050879585,0.27913201701813184,-0.8641378614467315,-0.1496753753760821,-0.11484255852721104,-1.2743518513107772,0.023748080096468626,0.6216463922752736,-0.28001426707484395,,
0.9199471473693848,-0.8640444131494811,0.14952946406531198,0.11671408572196351,-1.2739449255878386,-0.02490180504354836,0.6211522050879585,0.27913201701813184,-0.8641378614467315,-0.1496753753760821,-0.11484255852721104,-1.2743518513107772,0.023748080096468626,0.6216463922752736,-0.28001426707484395,,
0.9239709377288818,-0.8640444131494811,0.14952946406531198,0.11671408572196351,-1.2739449255878386,-0.02490180504354836,0.6211522050879585,0.27913201701813184,-0.8641378614467315,-0.1496753753760821,-0.11484255852721104,-1.2743518513107772,0.023748080096468626,0.6216463922752736,-0.28001426707484395,,
0.9283721446990967,-0.8640444131494811,0.14952946406531198,0.11671408572196351,-1.2739449255878386,-0.02490180504354836,0.6211522050879585,0.27913201701813184,-0.8641378614467315,-0.1496753753760821,-0.11484255852721104,-1.2743518513107772,0.023748080096468626,0.6216463922752736,-0.28001426707484395,,
0.9359695911407471,-0.8640444131494811,0.14952946406531198,0.11671408572196351,-1.2739449255878386,-0.02490180504354836,0.6211522050879585,0.27913201701813184,-0.8641378614467315,-0.1496753753760821,-0.11484255852721104,-1.2743518513107772,0.023748080096468626,0.6216463922752736,-0.28001426707484395,,
0.940476655960083,-0.8640444131494811,0.14952946406531198,0.11671408572196351,-1.2739449255878386,-0.02490180504354836,0.6211522050879585,0.27913201701813184,-0.8641378614467315,-0.1496753753760821,-0.11484255852721104,-1.2743518513107772,0.023748080096468626,0.6216463922752736,-0.28001426707484395,,
0.9479708671569824,-0.8640444131494811,0.14952946406531198,0.11671408572196351,-1.2739449255878386,-0.02490180504354836,0.6211522050879585,0.27913201701813184,-0.8641378614467315,-0.1496753753760821,-0.11484255852721104,-1.2743518513107772,0.023748080096468626,0.6216463922752736,-0.28001426707484395,,
0.9519281387329102,-0.8640444131494811,0.14952946406531198,0.11671408572196351,-1.2739449255878386,-0.02490180504354836,0.6211522050879585,0.27913201701813184,-0.8641378614467315,-0.1496753753760821,-0.11484255852721104,-1.2743518513107772,0.023748080096468626,0.6216463922752736,-0.28001426707484395,,
0.9560432434082031,-0.8640444131494811,0.14952946406531198,0.11671408572196351,-1.2739449255878386,-0.02490180504354836,0.6211522050879585,0.27913201701813184,-0.8641378614467315,-0.1496753753760821,-0.11484255852721104,-1.2743518513107772,0.023748080096468626,0.6216463922752736,-0.28001426707484395,,
0.959904670715332,-0.8640444131494811,0.14952946406531198,0.11671408572196351,-1.2739449255878386,-0.02490180504354836,0.6211522050879585,0.27913201701813184,-0.8641378614467315,-0.1496753753760821,-0.11484255852721104,-1.2743518513107772,0.023748080096468626,0.6216463922752736,-0.28001426707484395,,
0.9639031887054443,-0.8640444131494811,0.14952946406531198,0.11671408572196351,-1.2739449255878386,-0.02490180504354836,0.6211522050879585,0.27913201701813184,-0.8641378614467315,-0.1496753753760821,-0.11484255852721104,-1.2743518513107772,0.023748080096468626,0.6216463922752736,-0.28001426707484395,,
0.9679722785949707,-0.8640444131494811,0.14952946406531198,0.11671408572196351,-1.2739449255878386,-0.02490180504354836,0.6211522050879585,0.27913201701813184,-0.8641378614467315,-0.1496753753760821,-0.11484255852721104,-1.2743518513107772,0.023748080096468626,0.6216463922752736,-0.28001426707484395,,
0.971930742263794,-0.8640444131494811,0.14952946406531198,0.11671408572196351,-1.2739449255878386,-0.02490180504354836,0.6211522050879585,0.27913201701813184,-0.8641378614467315,-0.1496753753760821,-0.11484255852721104,-1.2743518513107772,0.023748080096468626,0.6216463922752736,-0.28001426707484395,,
0.9759008884429932,-0.8640444131494811,0.14952946406531198,0.11671408572196351,-1.2739449255878386,-0.02490180504354836,0.6211522050879585,0.27913201701813184,-0.8641378614467315,-0.1496753753760821,-0.11484255852721104,-1.2743518513107772,0.023748080096468626,0.6216463922752736,-0.28001426707484395,,
0.9799447059631348,-0.8640444131494811,0.14952946406531198,0.11671408572196351,-1.2739449255878386,-0.02490180504354836,0.6211522050879585,0.27913201701813184,-0.8641378614467315,-0.1496753753760821,-0.11484255852721104,-1.2743518513107772,0.023748080096468626,0.6216463922752736,-0.28001426707484395,,
0.9840207099914551,-0.8640444131494811,0.14952946406531198,0.11671408572196351,-1.2739449255878386,-0.02490180504354836,0.6211522050879585,0.27913201701813184,-0.8641378614467315,-0.1496753753760821,-0.11484255852721104,-1.2743518513107772,0.023748080096468626,0.6216463922752736,-0.28001426707484395,,
0.9879946708679199,-0.8640444131494811,0.14952946406531198,0.11671408572196351,-1.2739449255878386,-0.02490180504354836,0.6211522050879585,0.27913201701813184,-0.8641378614467315,-0.1496753753760821,-0.11484255852721104,-1.2743518513107772,0.023748080096468626,0.6216463922752736,-0.28001426707484395,,
0.9919555187225342,-0.8640444131494811,0.14952946406531198,0.11671408572196351,-1.2739449255878386,-0.02490180504354836,0.6211522050879585,0.27913201701813184,-0.8641378614467315,-0.1496753753760821,-0.11484255852721104,-1.2743518513107772,0.023748080096468626,0.6216463922752736,-0.28001426707484395,,
0.9959888458251953,-0.8640444131494811,0.14952946406531198,0.11671408572196351,-1.2739449255878386,-0.02490180504354836,0.6211522050879585,0.27913201701813184,-0.8641378614467315,-0.1496753753760821,-0.11484255852721104,-1.2743518513107772,0.023748080096468626,0.6216463922752736,-0.28001426707484395,,
0.9999756813049316,-0.8640444131494811,0.14952946406531198,0.11671408572196351,-1.2739449255878386,-0.02490180504354836,0.6211522050879585,0.27913201701813184,-0.8641378614467315,-0.1496753753760821,-0.11484255852721104,-1.2743518513107772,0.023748080096468626,0.6216463922752736,-0.28001426707484395,,
1.0041160583496094,-0.8640444131494811,0.14952946406531198,0.11671408572196351,-1.2739449255878386,-0.02490180504354836,0.6211522050879585,0.27913201701813184,-0.8641378614467315,-0.1496753753760821,-0.11484255852721104,-1.2743518513107772,0.023748080096468626,0.6216463922752736,-0.28001426707484395,,
1.0082595348358154,-0.8640444131494811,0.14952946406531198,0.11671408572196351,-1.2739449255878386,-0.02490180504354836,0.6211522050879585,0.27913201701813184,-0.8641378614467315,-0.1496753753760821,-0.11484255852721104,-1.2743518513107772,0.023748080096468626,0.6216463922752736,-0.28001426707484395,,
1.0120079517364502,-0.8640444131494811,0.14952946406531198,0.11671408572196351,-1.2739449255878386,-0.02490180504354836,0.6211522050879585,0.27913201701813184,-0.8641378614467315,-0.1496753753760821,-0.11484255852721104,-1.2743518513107772,0.023748080096468626,0.6216463922752736,-0.28001426707484395,,
1.0160138607025146,-0.8640444131494811,0.14952946406531198,0.11671408572196351,-1.2739449255878386,-0.02490180504354836,0.6211522050879585,0.27913201701813184,-0.8641378614467315,-0.1496753753760821,-0.11484255852721104,-1.2743518513107772,0.023748080096468626,0.6216463922752736,-0.28001426707484395,,
1.0200138092041016,-0.8640444131494811,0.14952946406531198,0.11671408572196351,-1.2739449255878386,-0.02490180504354836,0.6211522050879585,0.27913201701813184,-0.8641378614467315,-0.1496753753760821,-0.11484255852721104,-1.2743518513107772,0.023748080096468626,0.6216463922752736,-0.28001426707484395,,
1.024125576019287,-0.8640444131494811,0.14952946406531198,0.11671408572196351,-1.2739449255878386,-0.02490180504354836,0.6211522050879585,0.27913201701813184,-0.8641378614467315,-0.1496753753760821,-0.11484255852721104,-1.2743518513107772,0.023748080096468626,0.6216463922752736,-0.28001426707484395,,
1.0279948711395264,-0.8640444131494811,0.14952946406531198,0.11671408572196351,-1.2739449255878386,-0.02490180504354836,0.6211522050879585,0.27913201701813184,-0.8641378614467315,-0.1496753753760821,-0.11484255852721104,-1.2743518513107772,0.023748080096468626,0.6216463922752736,-0.28001426707484395,,
1.032125473022461,-0.8640444131494811,0.14952946406531198,0.11671408572196351,-1.2739449255878386,-0.02490180504354836,0.6211522050879585,0.27913201701813184,-0.8641378614467315,-0.1496753753760821,-0.11484255852721104,-1.2743518513107772,0.023748080096468626,0.6216463922752736,-0.28001426707484395,,
1.0360007286071777,-0.8640444131494811,0.14952946406531198,0.11671408572196351,-1.2739449255878386,-0.02490180504354836,0.6211522050879585,0.27913201701813184,-0.8641378614467315,-0.1496753753760821,-0.11484255852721104,-1.2743518513107772,0.023748080096468626,0.6216463922752736,-0.28001426707484395,,
1.0399508476257324,-0.8640444131494811,0.14952946406531198,0.11671408572196351,-1.2739449255878386,-0.02490180504354836,0.6211522050879585,0.27913201701813184,-0.8641378614467315,-0.1496753753760821,-0.11484255852721104,-1.2743518513107772,0.023748080096468626,0.6216463922752736,-0.28001426707484395,,
1.043956995010376,-0.8640444131494811,0.14952946406531198,0.11671408572196351,-1.2739449255878386,-0.02490180504354836,0.6211522050879585,0.27913201701813184,-0.8641378614467315,-0.1496753753760821,-0.11484255852721104,-1.2743518513107772,0.023748080096468626,0.6216463922752736,-0.28001426707484395,,
1.047968864440918,-0.8640444131494811,0.14952946406531198,0.11671408572196351,-1.2739449255878386,-0.02490180504354836,0.6211522050879585,0.27913201701813184,-0.8641378614467315,-0.1496753753760821,-0.11484255852721104,-1.2743518513107772,0.023748080096468626,0.6216463922752736,-0.28001426707484395,,
1.0519545078277588,-0.8640444131494811,0.14952946406531198,0.11671408572196351,-1.2739449255878386,-0.02490180504354836,0.6211522050879585,0.27913201701813184,-0.8641378614467315,-0.1496753753760821,-0.11484255852721104,-1.2743518513107772,0.023748080096468626,0.6216463922752736,-0.28001426707484395,,
1.0559189319610596,-0.8640444131494811,0.14952946406531198,0.11671408572196351,-1.2739449255878386,-0.02490180504354836,0.6211522050879585,0.27913201701813184,-0.8641378614467315,-0.1496753753760821,-0.11484255852721104,-1.2743518513107772,0.023748080096468626,0.6216463922752736,-0.28001426707484395,,
1.0599534511566162,-0.8640444131494811,0.14952946406531198,0.11671408572196351,-1.2739449255878386,-0.02490180504354836,0.6211522050879585,0.27913201701813184,-0.8641378614467315,-0.1496753753760821,-0.11484255852721104,-1.2743518513107772,0.023748080096468626,0.6216463922752736,-0.28001426707484395,,
1.0639948844909668,-0.8640444131494811,0.14952946406531198,0.11671408572196351,-1.2739449255878386,-0.02490180504354836,0.6211522050879585,0.27913201701813184,-0.8641378614467315,-0.1496753753760821,-0.11484255852721104,-1.2743518513107772,0.023748080096468626,0.6216463922752736,-0.28001426707484395,,
1.0679819583892822,-0.8640444131494811,0.14952946406531198,0.11671408572196351,-1.2739449255878386,-0.02490180504354836,0.6211522050879585,0.27913201701813184,-0.8641378614467315,-0.1496753753760821,-0.11484255852721104,-1.2743518513107772,0.023748080096468626,0.6216463922752736,-0.28001426707484395,,
1.0720021724700928,-0.8640444131494811,0.14952946406531198,0.11671408572196351,-1.2739449255878386,-0.02490180504354836,0.6211522050879585,0.27913201701813184,-0.8641378614467315,-0.1496753753760821,-0.11484255852721104,-1.2743518513107772,0.023748080096468626,0.6216463922752736,-0.28001426707484395,,
1.0759665966033936,-0.8640444131494811,0.14952946406531198,0.11671408572196351,-1.2739449255878386,-0.02490180504354836,0.6211522050879585,0.27913201701813184,-0.8641378614467315,-0.1496753753760821,-0.11484255852721104,-1.2743518513107772,0.023748080096468626,0.6216463922752736,-0.28001426707484395,,
1.0801126956939697,-0.8640444131494811,0.14952946406531198,0.11671408572196351,-1.2739449255878386,-0.02490180504354836,0.6211522050879585,0.27913201701813184,-0.8641378614467315,-0.1496753753760821,-0.11484255852721104,-1.2743518513107772,0.023748080096468626,0.6216463922752736,-0.28001426707484395,,
1.0840532779693604,-0.8640444131494811,0.14952946406531198,0.11671408572196351,-1.2739449255878386,-0.02490180504354836,0.6211522050879585,0.27913201701813184,-0.8641378614467315,-0.1496753753760821,-0.11484255852721104,-1.2743518513107772,0.023748080096468626,0.6216463922752736,-0.28001426707484395,,
1.0879535675048828,-0.8640444131494811,0.14952946406531198,0.11671408572196351,-1.2739449255878386,-0.02490180504354836,0.6211522050879585,0.27913201701813184,-0.8641378614467315,-0.1496753753760821,-0.11484255852721104,-1.2743518513107772,0.023748080096468626,0.6216463922752736,-0.28001426707484395,,
1.0919902324676514,-0.8640444131494811,0.14952946406531198,0.11671408572196351,-1.2739449255878386,-0.02490180504354836,0.6211522050879585,0.27913201701813184,-0.8641378614467315,-0.1496753753760821,-0.11484255852721104,-1.2743518513107772,0.023748080096468626,0.6216463922752736,-0.28001426707484395,,
1.0960118770599365,-0.8640444131494811,0.14952946406531198,0.11671408572196351,-1.2739449255878386,-0.02490180504354836,0.6211522050879585,0.27913201701813184,-0.8641378614467315,-0.1496753753760821,-0.11484255852721104,-1.2743518513107772,0.023748080096468626,0.6216463922752736,-0.28001426707484395,,
1.0999619960784912,-0.8640444131494811,0.14952946406531198,0.11671408572196351,-1.2739449255878386,-0.02490180504354836,0.6211522050879585,0.27913201701813184,-0.8641378614467315,-0.1496753753760821,-0.11484255852721104,-1.2743518513107772,0.023748080096468626,0.6216463922752736,-0.28001426707484395,,
1.1039643287658691,-0.8640444131494811,0.14952946406531198,0.11671408572196351,-1.2739449255878386,-0.02490180504354836,0.6211522050879585,0.27913201701813184,-0.8641378614467315,-0.1496753753760821,-0.11484255852721104,-1.2743518513107772,0.023748080096468626,0.6216463922752736,-0.28001426707484395,,
1.107969045639038,-0.8640444131494811,0.14952946406531198,0.11671408572196351,-1.2739449255878386,-0.02490180504354836,0.6211522050879585,0.27913201701813184,-0.8641378614467315,-0.1496753753760821,-0.11484255852721104,-1.2743518513107772,0.023748080096468626,0.6216463922752736,-0.28001426707484395,,
1.111952543258667,-0.8640444131494811,0.14952946406531198,0.11671408572196351,-1.2739449255878386,-0.02490180504354836,0.6211522050879585,0.27913201701813184,-0.8641378614467315,-0.1496753753760821,-0.11484255852721104,-1.2743518513107772,0.023748080096468626,0.6216463922752736,-0.28001426707484395,,
1.1158943176269531,-0.8640444131494811,0.14952946406531198,0.11671408572196351,-1.2739449255878386,-0.02490180504354836,0.6211522050879585,0.27913201701813184,-0.8641378614467315,-0.1496753753760821,-0.11484255852721104,-1.2743518513107772,0.023748080096468626,0.6216463922752736,-0.28001426707484395,,
1.1199822425842285,-0.8640444131494811,0.14952946406531198,0.11671408572196351,-1.2739449255878386,-0.02490180504354836,0.6211522050879585,0.27913201701813184,-0.8641378614467315,-0.1496753753760821,-0.11484255852721104,-1.2743518513107772,0.023748080096468626,0.6216463922752736,-0.28001426707484395,,
1.1239821910858154,-0.8640444131494811,0.14952946406531198,0.11671408572196351,-1.2739449255878386,-0.02490180504354836,0.6211522050879585,0.27913201701813184,-0.8641378614467315,-0.1496753753760821,-0.11484255852721104,-1.2743518513107772,0.023748080096468626,0.6216463922752736,-0.28001426707484395,,
1.128009557723999,-0.8640444131494811,0.14952946406531198,0.11671408572196351,-1.2739449255878386,-0.02490180504354836,0.6211522050879585,0.27913201701813184,-0.8641378614467315,-0.1496753753760821,-0.11484255852721104,-1.2743518513107772,0.023748080096468626,0.6216463922752736,-0.28001426707484395,,
1.1320154666900635,-0.8640444131494811,0.14952946406531198,0.11671408572196351,-1.2739449255878386,-0.02490180504354836,0.6211522050879585,0.27913201701813184,-0.8641378614467315,-0.1496753753760821,-0.11484255852721104,-1.2743518513107772,0.023748080096468626,0.6216463922752736,-0.28001426707484395,,
1.1359217166900635,-0.8640444131494811,0.14952946406531198,0.11671408572196351,-1.2739449255878386,-0.02490180504354836,0.6211522050879585,0.27913201701813184,-0.8641378614467315,-0.1496753753760821,-0.11484255852721104,-1.2743518513107772,0.023748080096468626,0.6216463922752736,-0.28001426707484395,,
1.1400344371795654,-0.8640444131494811,0.14952946406531198,0.11671408572196351,-1.2739449255878386,-0.02490180504354836,0.6211522050879585,0.27913201701813184,-0.8641378614467315,-0.1496753753760821,-0.11484255852721104,-1.2743518513107772,0.023748080096468626,0.6216463922752736,-0.28001426707484395,,
1.143934726715088,-0.8640444131494811,0.14952946406531198,0.11671408572196351,-1.2739449255878386,-0.02490180504354836,0.6211522050879585,0.27913201701813184,-0.8641378614467315,-0.1496753753760821,-0.11484255852721104,-1.2743518513107772,0.023748080096468626,0.6216463922752736,-0.28001426707484395,,
1.1480343341827393,-0.8640444131494811,0.14952946406531198,0.11671408572196351,-1.2739449255878386,-0.02490180504354836,0.6211522050879585,0.27913201701813184,-0.8641378614467315,-0.1496753753760821,-0.11484255852721104,-1.2743518513107772,0.023748080096468626,0.6216463922752736,-0.28001426707484395,,
1.1519429683685303,-0.8640444131494811,0.14952946406531198,0.11671408572196351,-1.2739449255878386,-0.02490180504354836,0.6211522050879585,0.27913201701813184,-0.8641378614467315,-0.1496753753760821,-0.11484255852721104,-1.2743518513107772,0.023748080096468626,0.6216463922752736,-0.28001426707484395,,
1.1561400890350342,-0.8640444131494811,0.14952946406531198,0.11671408572196351,-1.2739449255878386,-0.02490180504354836,0.6211522050879585,0.27913201701813184,-0.8641378614467315,-0.1496753753760821,-0.11484255852721104,-1.2743518513107772,0.023748080096468626,0.6216463922752736,-0.28001426707484395,,
1.160022497177124,-0.8640444131494811,0.14952946406531198,0.11671408572196351,-1.2739449255878386,-0.02490180504354836,0.6211522050879585,0.27913201701813184,-0.8641378614467315,-0.1496753753760821,-0.11484255852721104,-1.2743518513107772,0.023748080096468626,0.6216463922752736,-0.28001426707484395,,
1.1641318798065186,-0.8640444131494811,0.14952946406531198,0.11671408572196351,-1.2739449255878386,-0.02490180504354836,0.6211522050879585,0.27913201701813184,-0.8641378614467315,-0.1496753753760821,-0.11484255852721104,-1.2743518513107772,0.023748080096468626,0.6216463922752736,-0.28001426707484395,,
1.168015480041504,-0.8640444131494811,0.14952946406531198,0.11671408572196351,-1.2739449255878386,-0.02490180504354836,0.6211522050879585,0.27913201701813184,-0.8641378614467315,-0.1496753753760821,-0.11484255852721104,-1.2743518513107772,0.023748080096468626,0.6216463922752736,-0.28001426707484395,,
1.1720249652862549,-0.8640444131494811,0.14952946406531198,0.11671408572196351,-1.2739449255878386,-0.02490180504354836,0.6211522050879585,0.27913201701813184,-0.8641378614467315,-0.1496753753760821,-0.11484255852721104,-1.2743518513107772,0.023748080096468626,0.6216463922752736,-0.28001426707484395,,
1.1761212348937988,-0.8640444131494811,0.14952946406531198,0.11671408572196351,-1.2739449255878386,-0.02490180504354836,0.6211522050879585,0.27913201701813184,-0.8641378614467315,-0.1496753753760821,-0.11484255852721104,-1.2743518513107772,0.023748080096468626,0.6216463922752736,-0.28001426707484395,,
1.1799216270446777,-0.8640444131494811,0.14952946406531198,0.11671408572196351,-1.2739449255878386,-0.02490180504354836,0.6211522050879585,0.27913201701813184,-0.8641378614467315,-0.1496753753760821,-0.11484255852721104,-1.2743518513107772,0.023748080096468626,0.6216463922752736,-0.28001426707484395,,
1.1839418411254883,-0.8640444131494811,0.14952946406531198,0.11671408572196351,-1.2739449255878386,-0.02490180504354836,0.6211522050879585,0.27913201701813184,-0.8641378614467315,-0.1496753753760821,-0.11484255852721104,-1.2743518513107772,0.023748080096468626,0.6216463922752736,-0.28001426707484395,,
1.1879432201385498,-0.8640444131494811,0.14952946406531198,0.11671408572196351,-1.2739449255878386,-0.02490180504354836,0.6211522050879585,0.27913201701813184,-0.8641378614467315,-0.1496753753760821,-0.11484255852721104,-1.2743518513107772,0.023748080096468626,0.6216463922752736,-0.28001426707484395,,
1.1919419765472412,-0.8640444131494811,0.14952946406531198,0.11671408572196351,-1.2739449255878386,-0.02490180504354836,0.6211522050879585,0.27913201701813184,-0.8641378614467315,-0.1496753753760821,-0.11484255852721104,-1.2743518513107772,0.023748080096468626,0.6216463922752736,-0.28001426707484395,,
1.1959764957427979,-0.8640444131494811,0.14952946406531198,0.11671408572196351,-1.2739449255878386,-0.02490180504354836,0.6211522050879585,0.27913201701813184,-0.8641378614467315,-0.1496753753760821,-0.11484255852721104,-1.2743518513107772,0.023748080096468626,0.6216463922752736,-0.28001426707484395,,
1.1998991966247559,-0.8640444131494811,0.14952946406531198,0.11671408572196351,-1.2739449255878386,-0.02490180504354836,0.6211522050879585,0.27913201701813184,-0.8641378614467315,-0.1496753753760821,-0.11484255852721104,-1.2743518513107772,0.023748080096468626,0.6216463922752736,-0.28001426707484395,,
1.2039310932159424,-0.8640444131494811,0.14952946406531198,0.11671408572196351,-1.2739449255878386,-0.02490180504354836,0.6211522050879585,0.27913201701813184,-0.8641378614467315,-0.1496753753760821,-0.11484255852721104,-1.2743518513107772,0.023748080096468626,0.6216463922752736,-0.28001426707484395,,
1.2079253196716309,-0.8640444131494811,0.14952946406531198,0.11671408572196351,-1.2739449255878386,-0.02490180504354836,0.6211522050879585,0.27913201701813184,-0.8641378614467315,-0.1496753753760821,-0.11484255852721104,-1.2743518513107772,0.023748080096468626,0.6216463922752736,-0.28001426707484395,,
1.2119481563568115,-0.8640444131494811,0.14952946406531198,0.11671408572196351,-1.2739449255878386,-0.02490180504354836,0.6211522050879585,0.27913201701813184,-0.8641378614467315,-0.1496753753760821,-0.11484255852721104,-1.2743518513107772,0.023748080096468626,0.6216463922752736,-0.28001426707484395,,
1.2159576416015625,-0.8640444131494811,0.14952946406531198,0.11671408572196351,-1.2739449255878386,-0.02490180504354836,0.6211522050879585,0.27913201701813184,-0.8641378614467315,-0.1496753753760821,-0.11484255852721104,-1.2743518513107772,0.023748080096468626,0.6216463922752736,-0.28001426707484395,,
1.2199418544769287,-0.8640444131494811,0.14952946406531198,0.11671408572196351,-1.2739449255878386,-0.02490180504354836,0.6211522050879585,0.27913201701813184,-0.8641378614467315,-0.1496753753760821,-0.11484255852721104,-1.2743518513107772,0.023748080096468626,0.6216463922752736,-0.28001426707484395,,
1.2239539623260498,-0.8640444131494811,0.14952946406531198,0.11671408572196351,-1.2739449255878386,-0.02490180504354836,0.6211522050879585,0.27913201701813184,-0.8641378614467315,-0.1496753753760821,-0.11484255852721104,-1.2743518513107772,0.023748080096468626,0.6216463922752736,-0.28001426707484395,,
1.2279374599456787,-0.8640444131494811,0.14952946406531198,0.11671408572196351,-1.2739449255878386,-0.02490180504354836,0.6211522050879585,0.27913201701813184,-0.8641378614467315,-0.1496753753760821,-0.11484255852721104,-1.2743518513107772,0.023748080096468626,0.6216463922752736,-0.28001426707484395,,
1.2319540977478027,-0.8640444131494811,0.14952946406531198,0.11671408572196351,-1.2739449255878386,-0.02490180504354836,0.6211522050879585,0.27913201701813184,-0.8641378614467315,-0.1496753753760821,-0.11484255852721104,-1.2743518513107772,0.023748080096468626,0.6216463922752736,-0.28001426707484395,,
1.2359850406646729,-0.8640444131494811,0.14952946406531198,0.11671408572196351,-1.2739449255878386,-0.02490180504354836,0.6211522050879585,0.27913201701813184,-0.8641378614467315,-0.1496753753760821,-0.11484255852721104,-1.2743518513107772,0.023748080096468626,0.6216463922752736,-0.28001426707484395,,
1.2399895191192627,-0.8640444131494811,0.14952946406531198,0.11671408572196351,-1.2739449255878386,-0.02490180504354836,0.6211522050879585,0.27913201701813184,-0.8641378614467315,-0.1496753753760821,-0.11484255852721104,-1.2743518513107772,0.023748080096468626,0.6216463922752736,-0.28001426707484395,,
1.2439930438995361,-0.8640444131494811,0.14952946406531198,0.11671408572196351,-1.2739449255878386,-0.02490180504354836,0.6211522050879585,0.27913201701813184,-0.8641378614467315,-0.1496753753760821,-0.11484255852721104,-1.2743518513107772,0.023748080096468626,0.6216463922752736,-0.28001426707484395,,
1.2479610443115234,-0.8640444131494811,0.14952946406531198,0.11671408572196351,-1.2739449255878386,-0.02490180504354836,0.6211522050879585,0.27913201701813184,-0.8641378614467315,-0.1496753753760821,-0.11484255852721104,-1.2743518513107772,0.023748080096468626,0.6216463922752736,-0.28001426707484395,,
1.251974105834961,-0.8640444131494811,0.14952946406531198,0.11671408572196351,-1.2739449255878386,-0.02490180504354836,0.6211522050879585,0.27913201701813184,-0.8641378614467315,-0.1496753753760821,-0.11484255852721104,-1.2743518513107772,0.023748080096468626,0.6216463922752736,-0.28001426707484395,,
1.2559576034545898,-0.8640444131494811,0.14952946406531198,0.11671408572196351,-1.2739449255878386,-0.02490180504354836,0.6211522050879585,0.27913201701813184,-0.8641378614467315,-0.1496753753760821,-0.11484255852721104,-1.2743518513107772,0.023748080096468626,0.6216463922752736,-0.28001426707484395,,
1.2599241733551025,-0.8640444131494811,0.14952946406531198,0.11671408572196351,-1.2739449255878386,-0.02490180504354836,0.6211522050879585,0.27913201701813184,-0.8641378614467315,-0.1496753753760821,-0.11484255852721104,-1.2743518513107772,0.023748080096468626,0.6216463922752736,-0.28001426707484395,,
1.2639076709747314,-0.8640444131494811,0.14952946406531198,0.11671408572196351,-1.2739449255878386,-0.02490180504354836,0.6211522050879585,0.27913201701813184,-0.8641378614467315,-0.1496753753760821,-0.11484255852721104,-1.2743518513107772,0.023748080096468626,0.6216463922752736,-0.28001426707484395,,
1.2679102420806885,-0.8640444131494811,0.14952946406531198,0.11671408572196351,-1.2739449255878386,-0.02490180504354836,0.6211522050879585,0.27913201701813184,-0.8641378614467315,-0.1496753753760821,-0.11484255852721104,-1.2743518513107772,0.023748080096468626,0.6216463922752736,-0.28001426707484395,,
1.2719552516937256,-0.8640444131494811,0.14952946406531198,0.11671408572196351,-1.2739449255878386,-0.02490180504354836,0.6211522050879585,0.27913201701813184,-0.8641378614467315,-0.1496753753760821,-0.11484255852721104,-1.2743518513107772,0.023748080096468626,0.6216463922752736,-0.28001426707484395,,
1.2760348320007324,-0.8640444131494811,0.14952946406531198,0.11671408572196351,-1.2739449255878386,-0.02490180504354836,0.6211522050879585,0.27913201701813184,-0.8641378614467315,-0.1496753753760821,-0.11484255852721104,-1.2743518513107772,0.023748080096468626,0.6216463922752736,-0.28001426707484395,,
1.2799148559570312,-0.8640444131494811,0.14952946406531198,0.11671408572196351,-1.2739449255878386,-0.02490180504354836,0.6211522050879585,0.27913201701813184,-0.8641378614467315,-0.1496753753760821,-0.11484255852721104,-1.2743518513107772,0.023748080096468626,0.6216463922752736,-0.28001426707484395,,
1.2840919494628906,-0.8640444131494811,0.14952946406531198,0.11671408572196351,-1.2739449255878386,-0.02490180504354836,0.6211522050879585,0.27913201701813184,-0.8641378614467315,-0.1496753753760821,-0.11484255852721104,-1.2743518513107772,0.023748080096468626,0.6216463922752736,-0.28001426707484395,,
1.2879528999328613,-0.8640444131494811,0.14952946406531198,0.11671408572196351,-1.2739449255878386,-0.02490180504354836,0.6211522050879585,0.27913201701813184,-0.8641378614467315,-0.1496753753760821,-0.11484255852721104,-1.2743518513107772,0.023748080096468626,0.6216463922752736,-0.28001426707484395,,
1.291994333267212,-0.8640444131494811,0.14952946406531198,0.11671408572196351,-1.2739449255878386,-0.02490180504354836,0.6211522050879585,0.27913201701813184,-0.8641378614467315,-0.1496753753760821,-0.11484255852721104,-1.2743518513107772,0.023748080096468626,0.6216463922752736,-0.28001426707484395,,
1.2959885597229004,-0.8640444131494811,0.14952946406531198,0.11671408572196351,-1.2739449255878386,-0.02490180504354836,0.6211522050879585,0.27913201701813184,-0.8641378614467315,-0.1496753753760821,-0.11484255852721104,-1.2743518513107772,0.023748080096468626,0.6216463922752736,-0.28001426707484395,,
1.299987554550171,-0.8640444131494811,0.14952946406531198,0.11671408572196351,-1.2739449255878386,-0.02490180504354836,0.6211522050879585,0.27913201701813184,-0.8641378614467315,-0.1496753753760821,-0.11484255852721104,-1.2743518513107772,0.023748080096468626,0.6216463922752736,-0.28001426707484395,,
1.304006576538086,-0.8640444131494811,0.14952946406531198,0.11671408572196351,-1.2739449255878386,-0.02490180504354836,0.6211522050879585,0.27913201701813184,-0.8641378614467315,-0.1496753753760821,-0.11484255852721104,-1.2743518513107772,0.023748080096468626,0.6216463922752736,-0.28001426707484395,,
1.3079934120178223,-0.8640444131494811,0.14952946406531198,0.11671408572196351,-1.2739449255878386,-0.02490180504354836,0.6211522050879585,0.27913201701813184,-0.8641378614467315,-0.1496753753760821,-0.11484255852721104,-1.2743518513107772,0.023748080096468626,0.6216463922752736,-0.28001426707484395,,
1.3119351863861084,-0.8640444131494811,0.14952946406531198,0.11671408572196351,-1.2739449255878386,-0.02490180504354836,0.6211522050879585,0.27913201701813184,-0.8641378614467315,-0.1496753753760821,-0.11484255852721104,-1.2743518513107772,0.023748080096468626,0.6216463922752736,-0.28001426707484395,,
1.3160896301269531,-0.8640444131494811,0.14952946406531198,0.11671408572196351,-1.2739449255878386,-0.02490180504354836,0.6211522050879585,0.27913201701813184,-0.8641378614467315,-0.1496753753760821,-0.11484255852721104,-1.2743518513107772,0.023748080096468626,0.6216463922752736,-0.28001426707484395,,
1.3200018405914307,-0.8640444131494811,0.14952946406531198,0.11671408572196351,-1.2739449255878386,-0.02490180504354836,0.6211522050879585,0.27913201701813184,-0.8641378614467315,-0.1496753753760821,-0.11484255852721104,-1.2743518513107772,0.023748080096468626,0.6216463922752736,-0.28001426707484395,,
1.324183464050293,-0.8640444131494811,0.14952946406531198,0.11671408572196351,-1.2739449255878386,-0.02490180504354836,0.6211522050879585,0.27913201701813184,-0.8641378614467315,-0.1496753753760821,-0.11484255852721104,-1.2743518513107772,0.023748080096468626,0.6216463922752736,-0.28001426707484395,,
1.3280041217803955,-0.8640444131494811,0.14952946406531198,0.11671408572196351,-1.2739449255878386,-0.02490180504354836,0.6211522050879585,0.27913201701813184,-0.8641378614467315,-0.1496753753760821,-0.11484255852721104,-1.2743518513107772,0.023748080096468626,0.6216463922752736,-0.28001426707484395,,
1.3321692943572998,-0.8640444131494811,0.14952946406531198,0.11671408572196351,-1.2739449255878386,-0.02490180504354836,0.6211522050879585,0.27913201701813184,-0.8641378614467315,-0.1496753753760821,-0.11484255852721104,-1.2743518513107772,0.023748080096468626,0.6216463922752736,-0.28001426707484395,,
1.335930347442627,-0.8640444131494811,0.14952946406531198,0.11671408572196351,-1.2739449255878386,-0.02490180504354836,0.6211522050879585,0.27913201701813184,-0.8641378614467315,-0.1496753753760821,-0.11484255852721104,-1.2743518513107772,0.023748080096468626,0.6216463922752736,-0.28001426707484395,,
1.339928150177002,-0.8640444131494811,0.14952946406531198,0.11671408572196351,-1.2739449255878386,-0.02490180504354836,0.6211522050879585,0.27913201701813184,-0.8641378614467315,-0.1496753753760821,-0.11484255852721104,-1.2743518513107772,0.023748080096468626,0.6216463922752736,-0.28001426707484395,,
1.343951940536499,-0.8640444131494811,0.14952946406531198,0.11671408572196351,-1.2739449255878386,-0.02490180504354836,0.6211522050879585,0.27913201701813184,-0.8641378614467315,-0.1496753753760821,-0.11484255852721104,-1.2743518513107772,0.023748080096468626,0.6216463922752736,-0.28001426707484395,,
1.347951889038086,-0.8640444131494811,0.14952946406531198,0.11671408572196351,-1.2739449255878386,-0.02490180504354836,0.6211522050879585,0.27913201701813184,-0.8641378614467315,-0.1496753753760821,-0.11484255852721104,-1.2743518513107772,0.023748080096468626,0.6216463922752736,-0.28001426707484395,,
1.3520729541778564,-0.8640444131494811,0.14952946406531198,0.11671408572196351,-1.2739449255878386,-0.02490180504354836,0.6211522050879585,0.27913201701813184,-0.8641378614467315,-0.1496753753760821,-0.11484255852721104,-1.2743518513107772,0.023748080096468626,0.6216463922752736,-0.28001426707484395,,
1.3560373783111572,-0.8640444131494811,0.14952946406531198,0.11671408572196351,-1.2739449255878386,-0.02490180504354836,0.6211522050879585,0.27913201701813184,-0.8641378614467315,-0.1496753753760821,-0.11484255852721104,-1.2743518513107772,0.023748080096468626,0.6216463922752736,-0.28001426707484395,,
1.3599483966827393,-0.8640444131494811,0.14952946406531198,0.11671408572196351,-1.2739449255878386,-0.02490180504354836,0.6211522050879585,0.27913201701813184,-0.8641378614467315,-0.1496753753760821,-0.11484255852721104,-1.2743518513107772,0.023748080096468626,0.6216463922752736,-0.28001426707484395,,
1.3639614582061768,-0.8640444131494811,0.14952946406531198,0.11671408572196351,-1.2739449255878386,-0.02490180504354836,0.6211522050879585,0.27913201701813184,-0.8641378614467315,-0.1496753753760821,-0.11484255852721104,-1.2743518513107772,0.023748080096468626,0.6216463922752736,-0.28001426707484395,,
1.3679649829864502,-0.8640444131494811,0.14952946406531198,0.11671408572196351,-1.2739449255878386,-0.02490180504354836,0.6211522050879585,0.27913201701813184,-0.8641378614467315,-0.1496753753760821,-0.11484255852721104,-1.2743518513107772,0.023748080096468626,0.6216463922752736,-0.28001426707484395,,
1.3719604015350342,-0.8640444131494811,0.14952946406531198,0.11671408572196351,-1.2739449255878386,-0.02490180504354836,0.6211522050879585,0.27913201701813184,-0.8641378614467315,-0.1496753753760821,-0.11484255852721104,-1.2743518513107772,0.023748080096468626,0.6216463922752736,-0.28001426707484395,,
1.3759567737579346,-0.8640444131494811,0.14952946406531198,0.11671408572196351,-1.2739449255878386,-0.02490180504354836,0.6211522050879585,0.27913201701813184,-0.8641378614467315,-0.1496753753760821,-0.11484255852721104,-1.2743518513107772,0.023748080096468626,0.6216463922752736,-0.28001426707484395,,
1.3803119659423828,-0.8640444131494811,0.14952946406531198,0.11671408572196351,-1.2739449255878386,-0.02490180504354836,0.6211522050879585,0.27913201701813184,-0.8641378614467315,-0.1496753753760821,-0.11484255852721104,-1.2743518513107772,0.023748080096468626,0.6216463922752736,-0.28001426707484395,,
